date,post_type,category_code,category
2025-01-01,IG image,B,ברייקינג
2025-01-01,IG carousel,P,קידום שידור
2025-01-01,IG image,B,ברייקינג
2025-01-01,IG image,N,סיקור שוטף
2025-01-01,IG reel,S,תוכן מתוכנית/כתבה
2025-01-01,IG image,N,סיקור שוטף
2025-01-01,IG reel,M,מגזין/פנאי
2025-01-01,IG reel,B,ברייקינג
2025-01-02,IG carousel,N,סיקור שוטף
2025-01-02,IG reel,P,קידום שידור
2025-01-02,IG image,M,מגזין/פנאי
2025-01-02,IG image,N,סיקור שוטף
2025-01-02,IG carousel,N,סיקור שוטף
2025-01-02,IG image,N,סיקור שוטף
2025-01-02,IG reel,N,סיקור שוטף
2025-01-02,IG reel,N,סיקור שוטף
2025-01-02,IG carousel,M,מגזין/פנאי
2025-01-02,IG image,F,תיעוד
2025-01-02,IG reel,M,מגזין/פנאי
2025-01-02,IG carousel,F,תיעוד
2025-01-02,IG reel,F,תיעוד
2025-01-02,IG reel,N,סיקור שוטף
2025-01-02,IG image,N,סיקור שוטף
2025-01-02,IG reel,F,תיעוד
2025-01-02,IG reel,F,תיעוד
2025-01-02,IG reel,F,תיעוד
2025-01-02,IG reel,F,תיעוד
2025-01-02,IG reel,F,תיעוד
2025-01-02,IG image,F,תיעוד
2025-01-02,IG reel,F,תיעוד
2025-01-02,IG reel,F,תיעוד
2025-01-02,IG reel,F,תיעוד
2025-01-02,IG image,F,תיעוד
2025-01-02,IG reel,F,תיעוד
2025-01-02,IG reel,F,תיעוד
2025-01-02,IG carousel,F,תיעוד
2025-01-02,IG image,B,ברייקינג
2025-01-02,IG image,B,ברייקינג
2025-01-02,IG carousel,B,ברייקינג
2025-01-02,IG image,N,סיקור שוטף
2025-01-03,IG image,N,סיקור שוטף
2025-01-03,IG image,N,סיקור שוטף
2025-01-03,IG reel,M,מגזין/פנאי
2025-01-03,IG carousel,N,סיקור שוטף
2025-01-03,IG image,N,סיקור שוטף
2025-01-03,IG reel,N,סיקור שוטף
2025-01-03,IG image,N,סיקור שוטף
2025-01-03,IG image,N,סיקור שוטף
2025-01-03,IG reel,N,סיקור שוטף
2025-01-03,IG carousel,N,סיקור שוטף
2025-01-03,IG reel,B,ברייקינג
2025-01-04,IG reel,N,סיקור שוטף
2025-01-04,IG reel,M,מגזין/פנאי
2025-01-04,IG image,N,סיקור שוטף
2025-01-04,IG reel,S,תוכן מתוכנית/כתבה
2025-01-04,IG reel,M,מגזין/פנאי
2025-01-04,IG image,N,סיקור שוטף
2025-01-04,IG reel,M,מגזין/פנאי
2025-01-04,IG image,N,סיקור שוטף
2025-01-04,IG carousel,N,סיקור שוטף
2025-01-04,IG carousel,N,סיקור שוטף
2025-01-04,IG carousel,F,תיעוד
2025-01-04,IG image,B,ברייקינג
2025-01-05,IG reel,M,מגזין/פנאי
2025-01-05,IG reel,N,סיקור שוטף
2025-01-05,IG reel,N,סיקור שוטף
2025-01-05,IG image,N,סיקור שוטף
2025-01-05,IG image,N,סיקור שוטף
2025-01-05,IG carousel,N,סיקור שוטף
2025-01-05,IG carousel,N,סיקור שוטף
2025-01-05,IG reel,B,ברייקינג
2025-01-05,IG reel,F,תיעוד
2025-01-05,IG image,N,סיקור שוטף
2025-01-05,IG image,N,סיקור שוטף
2025-01-06,IG reel,F,תיעוד
2025-01-06,IG reel,F,תיעוד
2025-01-06,IG image,N,סיקור שוטף
2025-01-06,IG reel,F,תיעוד
2025-01-06,IG image,B,ברייקינג
2025-01-06,IG reel,M,מגזין/פנאי
2025-01-06,IG image,N,סיקור שוטף
2025-01-06,IG image,N,סיקור שוטף
2025-01-06,IG reel,N,סיקור שוטף
2025-01-06,IG reel,B,ברייקינג
2025-01-06,IG image,F,תיעוד
2025-01-06,IG carousel,M,מגזין/פנאי
2025-01-07,IG carousel,P,קידום שידור
2025-01-07,IG image,B,ברייקינג
2025-01-07,IG image,N,סיקור שוטף
2025-01-07,IG reel,P,קידום שידור
2025-01-07,IG reel,M,מגזין/פנאי
2025-01-07,IG reel,F,תיעוד
2025-01-07,IG image,N,סיקור שוטף
2025-01-07,IG carousel,N,סיקור שוטף
2025-01-07,IG carousel,N,סיקור שוטף
2025-01-07,IG image,N,סיקור שוטף
2025-01-07,IG reel,M,מגזין/פנאי
2025-01-07,IG image,N,סיקור שוטף
2025-01-07,IG reel,N,סיקור שוטף
2025-01-07,IG image,N,סיקור שוטף
2025-01-08,IG reel,N,סיקור שוטף
2025-01-08,IG image,N,סיקור שוטף
2025-01-08,IG carousel,M,מגזין/פנאי
2025-01-08,IG carousel,N,סיקור שוטף
2025-01-08,IG image,N,סיקור שוטף
2025-01-08,IG carousel,M,מגזין/פנאי
2025-01-08,IG reel,M,מגזין/פנאי
2025-01-08,IG reel,N,סיקור שוטף
2025-01-08,IG image,B,ברייקינג
2025-01-08,IG image,B,ברייקינג
2025-01-08,IG reel,N,סיקור שוטף
2025-01-08,IG carousel,S,תוכן מתוכנית/כתבה
2025-01-09,IG carousel,P,קידום שידור
2025-01-09,IG image,B,ברייקינג
2025-01-09,IG reel,N,סיקור שוטף
2025-01-09,IG reel,M,מגזין/פנאי
2025-01-09,IG carousel,M,מגזין/פנאי
2025-01-09,IG image,B,ברייקינג
2025-01-09,IG image,M,מגזין/פנאי
2025-01-09,IG carousel,M,מגזין/פנאי
2025-01-09,IG image,M,מגזין/פנאי
2025-01-09,IG reel,M,מגזין/פנאי
2025-01-09,IG reel,N,סיקור שוטף
2025-01-09,IG carousel,N,סיקור שוטף
2025-01-09,IG reel,N,סיקור שוטף
2025-01-09,IG reel,N,סיקור שוטף
2025-01-09,IG carousel,N,סיקור שוטף
2025-01-09,IG reel,N,סיקור שוטף
2025-01-09,IG image,B,ברייקינג
2025-01-09,IG image,N,סיקור שוטף
2025-01-10,IG carousel,N,סיקור שוטף
2025-01-10,IG image,N,סיקור שוטף
2025-01-10,IG image,P,קידום שידור
2025-01-10,IG image,B,ברייקינג
2025-01-10,IG image,N,סיקור שוטף
2025-01-10,IG carousel,P,קידום שידור
2025-01-11,IG image,N,סיקור שוטף
2025-01-11,IG carousel,M,מגזין/פנאי
2025-01-11,IG reel,N,סיקור שוטף
2025-01-11,IG image,N,סיקור שוטף
2025-01-12,IG image,B,ברייקינג
2025-01-12,IG reel,S,תוכן מתוכנית/כתבה
2025-01-12,IG image,N,סיקור שוטף
2025-01-12,IG image,N,סיקור שוטף
2025-01-13,IG reel,N,סיקור שוטף
2025-01-13,IG reel,N,סיקור שוטף
2025-01-13,IG reel,N,סיקור שוטף
2025-01-13,IG carousel,S,תוכן מתוכנית/כתבה
2025-01-13,IG carousel,B,ברייקינג
2025-01-13,IG reel,N,סיקור שוטף
2025-01-13,IG image,N,סיקור שוטף
2025-01-13,IG carousel,F,תיעוד
2025-01-13,IG image,N,סיקור שוטף
2025-01-13,IG carousel,S,תוכן מתוכנית/כתבה
2025-01-13,IG reel,N,סיקור שוטף
2025-01-13,IG reel,S,תוכן מתוכנית/כתבה
2025-01-14,IG reel,N,סיקור שוטף
2025-01-14,IG image,P,קידום שידור
2025-01-14,IG reel,S,תוכן מתוכנית/כתבה
2025-01-14,IG image,N,סיקור שוטף
2025-01-14,IG image,N,סיקור שוטף
2025-01-14,IG image,N,סיקור שוטף
2025-01-14,IG image,N,סיקור שוטף
2025-01-15,IG reel,F,תיעוד
2025-01-15,IG image,P,קידום שידור
2025-01-15,IG reel,B,ברייקינג
2025-01-15,IG carousel,B,ברייקינג
2025-01-15,IG image,B,ברייקינג
2025-01-15,IG reel,N,סיקור שוטף
2025-01-15,IG image,N,סיקור שוטף
2025-01-15,IG reel,N,סיקור שוטף
2025-01-15,IG image,B,ברייקינג
2025-01-15,IG reel,N,סיקור שוטף
2025-01-16,IG image,P,קידום שידור
2025-01-16,IG reel,N,סיקור שוטף
2025-01-16,IG image,B,ברייקינג
2025-01-16,IG image,P,קידום שידור
2025-01-16,IG carousel,N,סיקור שוטף
2025-01-16,IG image,N,סיקור שוטף
2025-01-16,IG reel,N,סיקור שוטף
2025-01-16,IG carousel,N,סיקור שוטף
2025-01-16,IG reel,S,תוכן מתוכנית/כתבה
2025-01-16,IG reel,N,סיקור שוטף
2025-01-16,IG image,N,סיקור שוטף
2025-01-16,IG image,N,סיקור שוטף
2025-01-16,IG reel,P,קידום שידור
2025-01-17,IG carousel,N,סיקור שוטף
2025-01-17,IG reel,P,קידום שידור
2025-01-17,IG carousel,M,מגזין/פנאי
2025-01-17,IG reel,N,סיקור שוטף
2025-01-17,IG reel,N,סיקור שוטף
2025-01-17,IG reel,S,תוכן מתוכנית/כתבה
2025-01-17,IG image,N,סיקור שוטף
2025-01-17,IG carousel,N,סיקור שוטף
2025-01-17,IG reel,M,מגזין/פנאי
2025-01-17,IG image,N,סיקור שוטף
2025-01-17,IG image,N,סיקור שוטף
2025-01-18,IG reel,P,קידום שידור
2025-01-18,IG image,N,סיקור שוטף
2025-01-18,IG image,M,מגזין/פנאי
2025-01-18,IG reel,S,תוכן מתוכנית/כתבה
2025-01-18,IG image,B,ברייקינג
2025-01-18,IG reel,F,תיעוד
2025-01-18,IG reel,S,תוכן מתוכנית/כתבה
2025-01-18,IG carousel,N,סיקור שוטף
2025-01-18,IG reel,F,תיעוד
2025-01-18,IG reel,N,סיקור שוטף
2025-01-18,IG image,B,ברייקינג
2025-01-18,IG reel,N,סיקור שוטף
2025-01-19,IG image,N,סיקור שוטף
2025-01-19,IG image,B,ברייקינג
2025-01-19,IG image,B,ברייקינג
2025-01-19,IG reel,N,סיקור שוטף
2025-01-19,IG reel,N,סיקור שוטף
2025-01-19,IG image,N,סיקור שוטף
2025-01-19,IG carousel,B,ברייקינג
2025-01-19,IG image,B,ברייקינג
2025-01-19,IG reel,B,ברייקינג
2025-01-19,IG image,F,תיעוד
2025-01-19,IG image,B,ברייקינג
2025-01-19,IG image,B,ברייקינג
2025-01-19,IG image,B,ברייקינג
2025-01-19,IG image,F,תיעוד
2025-01-19,IG reel,F,תיעוד
2025-01-19,IG reel,B,ברייקינג
2025-01-19,IG reel,F,תיעוד
2025-01-19,IG image,F,תיעוד
2025-01-19,IG reel,F,תיעוד
2025-01-19,IG carousel,F,תיעוד
2025-01-19,IG image,F,תיעוד
2025-01-19,IG reel,F,תיעוד
2025-01-19,IG reel,B,ברייקינג
2025-01-19,IG image,N,סיקור שוטף
2025-01-19,IG carousel,F,תיעוד
2025-01-19,IG image,N,סיקור שוטף
2025-01-19,IG carousel,M,מגזין/פנאי
2025-01-19,IG reel,F,תיעוד
2025-01-19,IG carousel,F,תיעוד
2025-01-19,IG reel,N,סיקור שוטף
2025-01-19,IG carousel,N,סיקור שוטף
2025-01-20,IG reel,S,תוכן מתוכנית/כתבה
2025-01-20,IG image,B,ברייקינג
2025-01-20,IG carousel,N,סיקור שוטף
2025-01-20,IG image,M,מגזין/פנאי
2025-01-20,IG image,N,סיקור שוטף
2025-01-20,IG image,M,מגזין/פנאי
2025-01-20,IG carousel,M,מגזין/פנאי
2025-01-20,IG image,N,סיקור שוטף
2025-01-20,IG reel,F,תיעוד
2025-01-20,IG image,N,סיקור שוטף
2025-01-20,IG carousel,N,סיקור שוטף
2025-01-20,IG image,N,סיקור שוטף
2025-01-20,IG reel,M,מגזין/פנאי
2025-01-20,IG reel,N,סיקור שוטף
2025-01-20,IG image,N,סיקור שוטף
2025-01-20,IG reel,N,סיקור שוטף
2025-01-20,IG reel,N,סיקור שוטף
2025-01-20,IG image,N,סיקור שוטף
2025-01-20,IG reel,B,ברייקינג
2025-01-20,IG carousel,N,סיקור שוטף
2025-01-20,IG reel,N,סיקור שוטף
2025-01-20,IG image,N,סיקור שוטף
2025-01-20,IG carousel,B,ברייקינג
2025-01-21,IG reel,N,סיקור שוטף
2025-01-21,IG reel,N,סיקור שוטף
2025-01-21,IG image,F,תיעוד
2025-01-21,IG reel,N,סיקור שוטף
2025-01-21,IG image,N,סיקור שוטף
2025-01-21,IG reel,N,סיקור שוטף
2025-01-21,IG image,N,סיקור שוטף
2025-01-21,IG reel,S,תוכן מתוכנית/כתבה
2025-01-21,IG image,N,סיקור שוטף
2025-01-21,IG image,N,סיקור שוטף
2025-01-21,IG image,B,ברייקינג
2025-01-21,IG image,B,ברייקינג
2025-01-21,IG image,N,סיקור שוטף
2025-01-21,IG image,N,סיקור שוטף
2025-01-21,IG carousel,N,סיקור שוטף
2025-01-22,IG reel,N,סיקור שוטף
2025-01-22,IG reel,N,סיקור שוטף
2025-01-22,IG image,N,סיקור שוטף
2025-01-22,IG reel,F,תיעוד
2025-01-22,IG carousel,F,תיעוד
2025-01-22,IG reel,S,תוכן מתוכנית/כתבה
2025-01-22,IG reel,F,תיעוד
2025-01-22,IG image,F,תיעוד
2025-01-22,IG image,N,סיקור שוטף
2025-01-23,IG reel,M,מגזין/פנאי
2025-01-23,IG image,N,סיקור שוטף
2025-01-23,IG reel,S,תוכן מתוכנית/כתבה
2025-01-23,IG reel,S,תוכן מתוכנית/כתבה
2025-01-23,IG image,N,סיקור שוטף
2025-01-23,IG reel,M,מגזין/פנאי
2025-01-23,IG image,F,תיעוד
2025-01-23,IG image,N,סיקור שוטף
2025-01-23,IG image,N,סיקור שוטף
2025-01-23,IG image,N,סיקור שוטף
2025-01-23,IG image,N,סיקור שוטף
2025-01-23,IG reel,N,סיקור שוטף
2025-01-23,IG image,N,סיקור שוטף
2025-01-24,IG reel,M,מגזין/פנאי
2025-01-24,IG reel,M,מגזין/פנאי
2025-01-24,IG carousel,P,קידום שידור
2025-01-24,IG reel,N,סיקור שוטף
2025-01-24,IG image,N,סיקור שוטף
2025-01-24,IG image,N,סיקור שוטף
2025-01-24,IG image,N,סיקור שוטף
2025-01-24,IG reel,N,סיקור שוטף
2025-01-24,IG reel,M,מגזין/פנאי
2025-01-25,IG image,N,סיקור שוטף
2025-01-25,IG image,N,סיקור שוטף
2025-01-25,IG image,N,סיקור שוטף
2025-01-25,IG carousel,N,סיקור שוטף
2025-01-25,IG reel,M,מגזין/פנאי
2025-01-25,IG reel,F,תיעוד
2025-01-25,IG carousel,N,סיקור שוטף
2025-01-25,IG reel,N,סיקור שוטף
2025-01-25,IG image,N,סיקור שוטף
2025-01-25,IG reel,F,תיעוד
2025-01-25,IG reel,F,תיעוד
2025-01-25,IG carousel,F,תיעוד
2025-01-25,IG image,F,תיעוד
2025-01-25,IG reel,F,תיעוד
2025-01-25,IG image,N,סיקור שוטף
2025-01-25,IG image,N,סיקור שוטף
2025-01-25,IG reel,F,תיעוד
2025-01-25,IG reel,F,תיעוד
2025-01-25,IG reel,F,תיעוד
2025-01-25,IG image,B,ברייקינג
2025-01-25,IG image,B,ברייקינג
2025-01-25,IG carousel,N,סיקור שוטף
2025-01-25,IG reel,N,סיקור שוטף
2025-01-26,IG image,N,סיקור שוטף
2025-01-26,IG image,N,סיקור שוטף
2025-01-26,IG image,P,קידום שידור
2025-01-26,IG image,N,סיקור שוטף
2025-01-26,IG reel,F,תיעוד
2025-01-26,IG image,N,סיקור שוטף
2025-01-26,IG reel,P,קידום שידור
2025-01-26,IG image,N,סיקור שוטף
2025-01-27,IG image,M,מגזין/פנאי
2025-01-27,IG reel,M,מגזין/פנאי
2025-01-27,IG image,N,סיקור שוטף
2025-01-27,IG image,N,סיקור שוטף
2025-01-27,IG carousel,N,סיקור שוטף
2025-01-27,IG image,M,מגזין/פנאי
2025-01-27,IG image,F,תיעוד
2025-01-27,IG image,N,סיקור שוטף
2025-01-28,IG image,P,קידום שידור
2025-01-28,IG image,N,סיקור שוטף
2025-01-28,IG image,B,ברייקינג
2025-01-28,IG carousel,N,סיקור שוטף
2025-01-28,IG reel,F,תיעוד
2025-01-28,IG reel,N,סיקור שוטף
2025-01-28,IG reel,F,תיעוד
2025-01-28,IG image,N,סיקור שוטף
2025-01-28,IG image,N,סיקור שוטף
2025-01-28,IG reel,N,סיקור שוטף
2025-01-29,IG reel,N,סיקור שוטף
2025-01-29,IG image,N,סיקור שוטף
2025-01-29,IG reel,B,ברייקינג
2025-01-29,IG image,N,סיקור שוטף
2025-01-29,IG reel,M,מגזין/פנאי
2025-01-29,IG image,B,ברייקינג
2025-01-29,IG reel,F,תיעוד
2025-01-29,IG image,F,תיעוד
2025-01-29,IG carousel,N,סיקור שוטף
2025-01-29,IG image,N,סיקור שוטף
2025-01-29,IG carousel,N,סיקור שוטף
2025-01-29,IG image,N,סיקור שוטף
2025-01-29,IG image,F,תיעוד
2025-01-29,IG image,N,סיקור שוטף
2025-01-29,IG reel,F,תיעוד
2025-01-29,IG reel,N,סיקור שוטף
2025-01-29,IG reel,S,תוכן מתוכנית/כתבה
2025-01-30,IG reel,F,תיעוד
2025-01-30,IG reel,M,מגזין/פנאי
2025-01-30,IG image,N,סיקור שוטף
2025-01-30,IG carousel,N,סיקור שוטף
2025-01-30,IG image,B,ברייקינג
2025-01-30,IG carousel,N,סיקור שוטף
2025-01-30,IG reel,F,תיעוד
2025-01-30,IG carousel,F,תיעוד
2025-01-30,IG image,F,תיעוד
2025-01-30,IG image,F,תיעוד
2025-01-30,IG carousel,F,תיעוד
2025-01-30,IG image,F,תיעוד
2025-01-30,IG image,N,סיקור שוטף
2025-01-30,IG reel,B,ברייקינג
2025-01-30,IG image,F,תיעוד
2025-01-30,IG image,F,תיעוד
2025-01-30,IG image,N,סיקור שוטף
2025-01-30,IG image,B,ברייקינג
2025-01-30,IG carousel,F,תיעוד
2025-01-30,IG reel,F,תיעוד
2025-01-30,IG image,B,ברייקינג
2025-01-30,IG carousel,F,תיעוד
2025-01-30,IG carousel,B,ברייקינג
2025-01-30,IG image,N,סיקור שוטף
2025-01-30,IG carousel,S,תוכן מתוכנית/כתבה
2025-01-30,IG reel,M,מגזין/פנאי
2025-01-30,IG image,F,תיעוד
2025-01-30,IG reel,F,תיעוד
2025-01-30,IG image,N,סיקור שוטף
2025-01-30,IG image,F,תיעוד
2025-01-30,IG reel,F,תיעוד
2025-01-30,IG image,B,ברייקינג
2025-01-30,IG image,F,תיעוד
2025-01-30,IG image,M,מגזין/פנאי
2025-01-30,IG reel,F,תיעוד
2025-01-30,IG image,B,ברייקינג
2025-01-31,IG carousel,M,מגזין/פנאי
2025-01-31,IG image,B,ברייקינג
2025-01-31,IG image,B,ברייקינג
2025-01-31,IG carousel,B,ברייקינג
2025-01-31,IG reel,F,תיעוד
2025-01-31,IG reel,S,תוכן מתוכנית/כתבה
2025-01-31,IG reel,M,מגזין/פנאי
2025-01-31,IG carousel,N,סיקור שוטף
2025-01-31,IG reel,M,מגזין/פנאי
2025-01-31,IG reel,F,תיעוד
2025-01-31,IG image,F,תיעוד
2025-01-31,IG reel,F,תיעוד
2025-01-31,IG image,N,סיקור שוטף
2025-01-31,IG image,N,סיקור שוטף
2025-02-01,IG reel,S,תוכן מתוכנית/כתבה
2025-02-01,IG reel,N,סיקור שוטף
2025-02-01,IG image,N,סיקור שוטף
2025-02-01,IG image,N,סיקור שוטף
2025-02-01,IG image,B,ברייקינג
2025-02-02,IG image,N,סיקור שוטף
2025-02-02,IG image,M,מגזין/פנאי
2025-02-02,IG image,N,סיקור שוטף
2025-02-02,IG reel,N,סיקור שוטף
2025-02-02,IG carousel,N,סיקור שוטף
2025-02-02,IG image,N,סיקור שוטף
2025-02-02,IG image,S,תוכן מתוכנית/כתבה
2025-02-02,IG image,N,סיקור שוטף
2025-02-02,IG reel,P,קידום שידור
2025-02-02,IG reel,F,תיעוד
2025-02-02,IG image,N,סיקור שוטף
2025-02-02,IG image,N,סיקור שוטף
2025-02-02,IG reel,M,מגזין/פנאי
2025-02-02,IG image,F,תיעוד
2025-02-02,IG image,N,סיקור שוטף
2025-02-03,IG image,P,קידום שידור
2025-02-03,IG image,N,סיקור שוטף
2025-02-03,IG reel,M,מגזין/פנאי
2025-02-03,IG image,N,סיקור שוטף
2025-02-03,IG image,N,סיקור שוטף
2025-02-03,IG carousel,P,קידום שידור
2025-02-03,IG carousel,N,סיקור שוטף
2025-02-03,IG carousel,N,סיקור שוטף
2025-02-03,IG image,N,סיקור שוטף
2025-02-03,IG image,N,סיקור שוטף
2025-02-03,IG image,N,סיקור שוטף
2025-02-03,IG reel,N,סיקור שוטף
2025-02-03,IG image,N,סיקור שוטף
2025-02-03,IG image,S,תוכן מתוכנית/כתבה
2025-02-04,IG image,N,סיקור שוטף
2025-02-04,IG image,B,ברייקינג
2025-02-04,IG reel,N,סיקור שוטף
2025-02-04,IG image,N,סיקור שוטף
2025-02-04,IG reel,N,סיקור שוטף
2025-02-04,IG image,N,סיקור שוטף
2025-02-04,IG reel,S,תוכן מתוכנית/כתבה
2025-02-04,IG reel,N,סיקור שוטף
2025-02-04,IG carousel,S,תוכן מתוכנית/כתבה
2025-02-05,IG reel,N,סיקור שוטף
2025-02-05,IG reel,M,מגזין/פנאי
2025-02-05,IG image,N,סיקור שוטף
2025-02-05,IG reel,M,מגזין/פנאי
2025-02-05,IG reel,S,תוכן מתוכנית/כתבה
2025-02-05,IG image,N,סיקור שוטף
2025-02-05,IG reel,N,סיקור שוטף
2025-02-05,IG image,B,ברייקינג
2025-02-06,IG carousel,B,ברייקינג
2025-02-06,IG reel,B,ברייקינג
2025-02-06,IG reel,B,ברייקינג
2025-02-06,IG image,B,ברייקינג
2025-02-06,IG reel,B,ברייקינג
2025-02-06,IG reel,F,תיעוד
2025-02-06,IG carousel,P,קידום שידור
2025-02-06,IG image,B,ברייקינג
2025-02-07,IG image,B,ברייקינג
2025-02-07,IG reel,P,קידום שידור
2025-02-07,IG image,F,תיעוד
2025-02-07,IG image,N,סיקור שוטף
2025-02-07,IG reel,N,סיקור שוטף
2025-02-07,IG carousel,N,סיקור שוטף
2025-02-07,IG image,S,תוכן מתוכנית/כתבה
2025-02-07,IG image,N,סיקור שוטף
2025-02-07,IG image,N,סיקור שוטף
2025-02-07,IG reel,M,מגזין/פנאי
2025-02-07,IG image,N,סיקור שוטף
2025-02-08,IG reel,F,תיעוד
2025-02-08,IG reel,N,סיקור שוטף
2025-02-08,IG reel,N,סיקור שוטף
2025-02-08,IG carousel,N,סיקור שוטף
2025-02-08,IG reel,N,סיקור שוטף
2025-02-08,IG image,N,סיקור שוטף
2025-02-08,IG image,N,סיקור שוטף
2025-02-08,IG reel,N,סיקור שוטף
2025-02-08,IG reel,N,סיקור שוטף
2025-02-08,IG image,N,סיקור שוטף
2025-02-09,IG carousel,N,סיקור שוטף
2025-02-09,IG carousel,N,סיקור שוטף
2025-02-09,IG carousel,N,סיקור שוטף
2025-02-09,IG reel,M,מגזין/פנאי
2025-02-09,IG reel,N,סיקור שוטף
2025-02-09,IG image,N,סיקור שוטף
2025-02-09,IG reel,N,סיקור שוטף
2025-02-09,IG reel,N,סיקור שוטף
2025-02-09,IG carousel,N,סיקור שוטף
2025-02-10,IG carousel,N,סיקור שוטף
2025-02-10,IG image,B,ברייקינג
2025-02-10,IG reel,N,סיקור שוטף
2025-02-10,IG image,B,ברייקינג
2025-02-10,IG reel,N,סיקור שוטף
2025-02-10,IG image,N,סיקור שוטף
2025-02-10,IG reel,N,סיקור שוטף
2025-02-10,IG image,M,מגזין/פנאי
2025-02-11,IG image,F,תיעוד
2025-02-11,IG image,N,סיקור שוטף
2025-02-11,IG image,N,סיקור שוטף
2025-02-11,IG carousel,S,תוכן מתוכנית/כתבה
2025-02-11,IG image,N,סיקור שוטף
2025-02-11,IG reel,N,סיקור שוטף
2025-02-11,IG image,N,סיקור שוטף
2025-02-11,IG image,B,ברייקינג
2025-02-11,IG image,N,סיקור שוטף
2025-02-11,IG reel,F,תיעוד
2025-02-11,IG image,N,סיקור שוטף
2025-02-11,IG image,N,סיקור שוטף
2025-02-11,IG image,N,סיקור שוטף
2025-02-12,IG image,N,סיקור שוטף
2025-02-12,IG image,N,סיקור שוטף
2025-02-12,IG carousel,N,סיקור שוטף
2025-02-12,IG image,N,סיקור שוטף
2025-02-12,IG reel,M,מגזין/פנאי
2025-02-12,IG image,M,מגזין/פנאי
2025-02-12,IG reel,B,ברייקינג
2025-02-13,IG image,N,סיקור שוטף
2025-02-13,IG image,N,סיקור שוטף
2025-02-13,IG image,N,סיקור שוטף
2025-02-13,IG image,F,תיעוד
2025-02-13,IG reel,M,מגזין/פנאי
2025-02-13,IG reel,N,סיקור שוטף
2025-02-13,IG reel,N,סיקור שוטף
2025-02-13,IG reel,N,סיקור שוטף
2025-02-13,IG reel,N,סיקור שוטף
2025-02-13,IG image,N,סיקור שוטף
2025-02-13,IG image,N,סיקור שוטף
2025-02-13,IG image,N,סיקור שוטף
2025-02-13,IG reel,P,קידום שידור
2025-02-13,IG image,S,תוכן מתוכנית/כתבה
2025-02-13,IG image,P,קידום שידור
2025-02-13,IG reel,N,סיקור שוטף
2025-02-14,IG image,N,סיקור שוטף
2025-02-14,IG reel,N,סיקור שוטף
2025-02-14,IG image,M,מגזין/פנאי
2025-02-14,IG reel,M,מגזין/פנאי
2025-02-14,IG reel,N,סיקור שוטף
2025-02-14,IG image,N,סיקור שוטף
2025-02-14,IG image,N,סיקור שוטף
2025-02-14,IG image,N,סיקור שוטף
2025-02-14,IG image,N,סיקור שוטף
2025-02-14,IG reel,N,סיקור שוטף
2025-02-14,IG image,N,סיקור שוטף
2025-02-14,IG carousel,N,סיקור שוטף
2025-02-14,IG image,N,סיקור שוטף
2025-02-14,IG reel,M,מגזין/פנאי
2025-02-14,IG reel,N,סיקור שוטף
2025-02-14,IG reel,N,סיקור שוטף
2025-02-15,IG image,B,ברייקינג
2025-02-15,IG image,B,ברייקינג
2025-02-15,IG image,B,ברייקינג
2025-02-15,IG reel,F,תיעוד
2025-02-15,IG image,N,סיקור שוטף
2025-02-15,IG carousel,N,סיקור שוטף
2025-02-15,IG reel,F,תיעוד
2025-02-15,IG carousel,F,תיעוד
2025-02-15,IG image,F,תיעוד
2025-02-15,IG image,N,סיקור שוטף
2025-02-15,IG reel,F,תיעוד
2025-02-15,IG reel,M,מגזין/פנאי
2025-02-15,IG image,N,סיקור שוטף
2025-02-15,IG image,F,תיעוד
2025-02-15,IG reel,F,תיעוד
2025-02-15,IG reel,F,תיעוד
2025-02-15,IG image,M,מגזין/פנאי
2025-02-15,IG image,M,מגזין/פנאי
2025-02-15,IG reel,F,תיעוד
2025-02-15,IG image,M,מגזין/פנאי
2025-02-15,IG reel,F,תיעוד
2025-02-15,IG reel,F,תיעוד
2025-02-15,IG image,P,קידום שידור
2025-02-15,IG image,F,תיעוד
2025-02-15,IG reel,F,תיעוד
2025-02-15,IG reel,M,מגזין/פנאי
2025-02-15,IG carousel,F,תיעוד
2025-02-15,IG reel,F,תיעוד
2025-02-15,IG image,N,סיקור שוטף
2025-02-15,IG carousel,F,תיעוד
2025-02-15,IG carousel,P,קידום שידור
2025-02-15,IG carousel,N,סיקור שוטף
2025-02-15,IG reel,M,מגזין/פנאי
2025-02-15,IG reel,N,סיקור שוטף
2025-02-15,IG image,N,סיקור שוטף
2025-02-15,IG image,N,סיקור שוטף
2025-02-16,IG image,B,ברייקינג
2025-02-16,IG carousel,M,מגזין/פנאי
2025-02-16,IG image,N,סיקור שוטף
2025-02-16,IG reel,N,סיקור שוטף
2025-02-16,IG carousel,F,תיעוד
2025-02-16,IG carousel,N,סיקור שוטף
2025-02-16,IG reel,N,סיקור שוטף
2025-02-16,IG reel,M,מגזין/פנאי
2025-02-16,IG carousel,P,קידום שידור
2025-02-16,IG reel,N,סיקור שוטף
2025-02-16,IG carousel,M,מגזין/פנאי
2025-02-16,IG reel,N,סיקור שוטף
2025-02-16,IG reel,M,מגזין/פנאי
2025-02-16,IG reel,N,סיקור שוטף
2025-02-17,IG image,N,סיקור שוטף
2025-02-17,IG carousel,N,סיקור שוטף
2025-02-17,IG image,N,סיקור שוטף
2025-02-17,IG reel,N,סיקור שוטף
2025-02-17,IG image,N,סיקור שוטף
2025-02-17,IG carousel,N,סיקור שוטף
2025-02-17,IG image,S,תוכן מתוכנית/כתבה
2025-02-17,IG image,S,תוכן מתוכנית/כתבה
2025-02-17,IG reel,S,תוכן מתוכנית/כתבה
2025-02-17,IG reel,P,קידום שידור
2025-02-17,IG image,N,סיקור שוטף
2025-02-17,IG image,N,סיקור שוטף
2025-02-17,IG reel,N,סיקור שוטף
2025-02-17,IG image,N,סיקור שוטף
2025-02-17,IG image,N,סיקור שוטף
2025-02-17,IG image,M,מגזין/פנאי
2025-02-17,IG reel,M,מגזין/פנאי
2025-02-18,IG carousel,N,סיקור שוטף
2025-02-18,IG image,N,סיקור שוטף
2025-02-18,IG image,N,סיקור שוטף
2025-02-18,IG image,N,סיקור שוטף
2025-02-18,IG carousel,N,סיקור שוטף
2025-02-18,IG reel,N,סיקור שוטף
2025-02-18,IG reel,M,מגזין/פנאי
2025-02-18,IG image,N,סיקור שוטף
2025-02-18,IG image,N,סיקור שוטף
2025-02-18,IG image,N,סיקור שוטף
2025-02-18,IG reel,B,ברייקינג
2025-02-18,IG image,N,סיקור שוטף
2025-02-18,IG image,N,סיקור שוטף
2025-02-18,IG image,N,סיקור שוטף
2025-02-18,IG image,F,תיעוד
2025-02-18,IG image,N,סיקור שוטף
2025-02-18,IG reel,F,תיעוד
2025-02-18,IG image,N,סיקור שוטף
2025-02-18,IG reel,N,סיקור שוטף
2025-02-19,IG image,B,ברייקינג
2025-02-19,IG reel,S,תוכן מתוכנית/כתבה
2025-02-19,IG reel,M,מגזין/פנאי
2025-02-19,IG image,B,ברייקינג
2025-02-19,IG image,N,סיקור שוטף
2025-02-19,IG image,N,סיקור שוטף
2025-02-19,IG reel,M,מגזין/פנאי
2025-02-19,IG reel,M,מגזין/פנאי
2025-02-19,IG image,B,ברייקינג
2025-02-19,IG reel,P,קידום שידור
2025-02-19,IG reel,N,סיקור שוטף
2025-02-19,IG image,N,סיקור שוטף
2025-02-19,IG image,N,סיקור שוטף
2025-02-19,IG reel,N,סיקור שוטף
2025-02-19,IG reel,N,סיקור שוטף
2025-02-19,IG reel,N,סיקור שוטף
2025-02-19,IG image,N,סיקור שוטף
2025-02-20,IG image,N,סיקור שוטף
2025-02-20,IG image,N,סיקור שוטף
2025-02-20,IG image,N,סיקור שוטף
2025-02-20,IG image,B,ברייקינג
2025-02-20,IG carousel,P,קידום שידור
2025-02-20,IG reel,B,ברייקינג
2025-02-20,IG reel,B,ברייקינג
2025-02-20,IG carousel,N,סיקור שוטף
2025-02-20,IG reel,S,תוכן מתוכנית/כתבה
2025-02-20,IG image,P,קידום שידור
2025-02-20,IG image,N,סיקור שוטף
2025-02-20,IG image,N,סיקור שוטף
2025-02-20,IG carousel,N,סיקור שוטף
2025-02-20,IG reel,S,תוכן מתוכנית/כתבה
2025-02-20,IG image,N,סיקור שוטף
2025-02-20,IG carousel,F,תיעוד
2025-02-20,IG reel,N,סיקור שוטף
2025-02-20,IG carousel,N,סיקור שוטף
2025-02-20,IG reel,S,תוכן מתוכנית/כתבה
2025-02-20,IG image,N,סיקור שוטף
2025-02-20,IG image,N,סיקור שוטף
2025-02-20,IG carousel,F,תיעוד
2025-02-20,IG image,N,סיקור שוטף
2025-02-20,IG image,N,סיקור שוטף
2025-02-20,IG reel,F,תיעוד
2025-02-20,IG image,N,סיקור שוטף
2025-02-21,IG image,F,תיעוד
2025-02-21,IG carousel,S,תוכן מתוכנית/כתבה
2025-02-21,IG image,N,סיקור שוטף
2025-02-21,IG image,B,ברייקינג
2025-02-21,IG carousel,N,סיקור שוטף
2025-02-21,IG image,F,תיעוד
2025-02-21,IG image,B,ברייקינג
2025-02-21,IG image,F,תיעוד
2025-02-21,IG reel,N,סיקור שוטף
2025-02-21,IG image,N,סיקור שוטף
2025-02-21,IG carousel,S,תוכן מתוכנית/כתבה
2025-02-21,IG carousel,N,סיקור שוטף
2025-02-21,IG image,S,תוכן מתוכנית/כתבה
2025-02-21,IG carousel,M,מגזין/פנאי
2025-02-21,IG image,N,סיקור שוטף
2025-02-21,IG carousel,B,ברייקינג
2025-02-21,IG reel,N,סיקור שוטף
2025-02-22,IG image,N,סיקור שוטף
2025-02-22,IG reel,N,סיקור שוטף
2025-02-22,IG image,B,ברייקינג
2025-02-22,IG image,N,סיקור שוטף
2025-02-22,IG reel,S,תוכן מתוכנית/כתבה
2025-02-22,IG reel,F,תיעוד
2025-02-22,IG reel,F,תיעוד
2025-02-22,IG reel,F,תיעוד
2025-02-22,IG reel,F,תיעוד
2025-02-22,IG reel,F,תיעוד
2025-02-22,IG reel,F,תיעוד
2025-02-22,IG carousel,F,תיעוד
2025-02-22,IG carousel,F,תיעוד
2025-02-22,IG image,P,קידום שידור
2025-02-22,IG carousel,N,סיקור שוטף
2025-02-22,IG image,F,תיעוד
2025-02-22,IG reel,F,תיעוד
2025-02-22,IG reel,F,תיעוד
2025-02-22,IG carousel,F,תיעוד
2025-02-22,IG image,S,תוכן מתוכנית/כתבה
2025-02-22,IG reel,F,תיעוד
2025-02-22,IG image,F,תיעוד
2025-02-22,IG image,F,תיעוד
2025-02-22,IG image,F,תיעוד
2025-02-22,IG reel,S,תוכן מתוכנית/כתבה
2025-02-22,IG carousel,N,סיקור שוטף
2025-02-22,IG reel,F,תיעוד
2025-02-22,IG reel,F,תיעוד
2025-02-22,IG reel,F,תיעוד
2025-02-22,IG reel,F,תיעוד
2025-02-22,IG reel,F,תיעוד
2025-02-22,IG image,F,תיעוד
2025-02-22,IG image,F,תיעוד
2025-02-22,IG reel,F,תיעוד
2025-02-22,IG reel,F,תיעוד
2025-02-22,IG reel,F,תיעוד
2025-02-23,IG image,N,סיקור שוטף
2025-02-23,IG image,F,תיעוד
2025-02-23,IG reel,M,מגזין/פנאי
2025-02-23,IG image,N,סיקור שוטף
2025-02-23,IG carousel,N,סיקור שוטף
2025-02-23,IG image,S,תוכן מתוכנית/כתבה
2025-02-23,IG image,S,תוכן מתוכנית/כתבה
2025-02-23,IG image,S,תוכן מתוכנית/כתבה
2025-02-23,IG reel,S,תוכן מתוכנית/כתבה
2025-02-23,IG reel,M,מגזין/פנאי
2025-02-23,IG image,N,סיקור שוטף
2025-02-23,IG image,F,תיעוד
2025-02-23,IG image,N,סיקור שוטף
2025-02-23,IG reel,N,סיקור שוטף
2025-02-23,IG reel,F,תיעוד
2025-02-23,IG image,N,סיקור שוטף
2025-02-23,IG image,S,תוכן מתוכנית/כתבה
2025-02-23,IG reel,S,תוכן מתוכנית/כתבה
2025-02-23,IG reel,N,סיקור שוטף
2025-02-23,IG reel,N,סיקור שוטף
2025-02-23,IG image,N,סיקור שוטף
2025-02-23,IG carousel,N,סיקור שוטף
2025-02-24,IG image,N,סיקור שוטף
2025-02-24,IG image,N,סיקור שוטף
2025-02-24,IG reel,P,קידום שידור
2025-02-24,IG carousel,M,מגזין/פנאי
2025-02-24,IG carousel,N,סיקור שוטף
2025-02-24,IG reel,P,קידום שידור
2025-02-24,IG reel,N,סיקור שוטף
2025-02-24,IG carousel,M,מגזין/פנאי
2025-02-24,IG carousel,N,סיקור שוטף
2025-02-24,IG carousel,N,סיקור שוטף
2025-02-24,IG image,F,תיעוד
2025-02-24,IG carousel,N,סיקור שוטף
2025-02-24,IG image,N,סיקור שוטף
2025-02-25,IG carousel,F,תיעוד
2025-02-25,IG reel,F,תיעוד
2025-02-25,IG reel,F,תיעוד
2025-02-25,IG image,F,תיעוד
2025-02-25,IG reel,S,תוכן מתוכנית/כתבה
2025-02-25,IG image,N,סיקור שוטף
2025-02-25,IG image,N,סיקור שוטף
2025-02-25,IG carousel,N,סיקור שוטף
2025-02-25,IG image,N,סיקור שוטף
2025-02-25,IG image,S,תוכן מתוכנית/כתבה
2025-02-25,IG reel,S,תוכן מתוכנית/כתבה
2025-02-25,IG reel,N,סיקור שוטף
2025-02-25,IG reel,N,סיקור שוטף
2025-02-25,IG reel,F,תיעוד
2025-02-25,IG image,N,סיקור שוטף
2025-02-25,IG image,M,מגזין/פנאי
2025-02-25,IG image,N,סיקור שוטף
2025-02-25,IG reel,F,תיעוד
2025-02-25,IG image,S,תוכן מתוכנית/כתבה
2025-02-26,IG image,N,סיקור שוטף
2025-02-26,IG image,B,ברייקינג
2025-02-26,IG image,B,ברייקינג
2025-02-26,IG image,B,ברייקינג
2025-02-26,IG image,B,ברייקינג
2025-02-26,IG carousel,N,סיקור שוטף
2025-02-26,IG carousel,F,תיעוד
2025-02-26,IG carousel,P,קידום שידור
2025-02-26,IG image,B,ברייקינג
2025-02-26,IG image,P,קידום שידור
2025-02-26,IG image,B,ברייקינג
2025-02-26,IG image,P,קידום שידור
2025-02-26,IG reel,S,תוכן מתוכנית/כתבה
2025-02-26,IG reel,N,סיקור שוטף
2025-02-26,IG reel,N,סיקור שוטף
2025-02-26,IG reel,N,סיקור שוטף
2025-02-26,IG reel,N,סיקור שוטף
2025-02-26,IG image,N,סיקור שוטף
2025-02-26,IG image,N,סיקור שוטף
2025-02-26,IG reel,N,סיקור שוטף
2025-02-26,IG image,N,סיקור שוטף
2025-02-26,IG image,N,סיקור שוטף
2025-02-26,IG image,N,סיקור שוטף
2025-02-26,IG reel,S,תוכן מתוכנית/כתבה
2025-02-26,IG image,F,תיעוד
2025-02-26,IG carousel,N,סיקור שוטף
2025-02-27,IG carousel,N,סיקור שוטף
2025-02-27,IG carousel,N,סיקור שוטף
2025-02-27,IG carousel,F,תיעוד
2025-02-27,IG carousel,N,סיקור שוטף
2025-02-27,IG image,B,ברייקינג
2025-02-27,IG reel,B,ברייקינג
2025-02-27,IG image,B,ברייקינג
2025-02-27,IG image,P,קידום שידור
2025-02-27,IG reel,S,תוכן מתוכנית/כתבה
2025-02-27,IG reel,F,תיעוד
2025-02-27,IG image,M,מגזין/פנאי
2025-02-27,IG image,B,ברייקינג
2025-02-27,IG image,N,סיקור שוטף
2025-02-27,IG image,B,ברייקינג
2025-02-27,IG carousel,N,סיקור שוטף
2025-02-27,IG carousel,F,תיעוד
2025-02-28,IG reel,N,סיקור שוטף
2025-02-28,IG image,N,סיקור שוטף
2025-02-28,IG reel,M,מגזין/פנאי
2025-02-28,IG reel,N,סיקור שוטף
2025-02-28,IG reel,F,תיעוד
2025-02-28,IG carousel,N,סיקור שוטף
2025-02-28,IG reel,N,סיקור שוטף
2025-03-01,IG reel,S,תוכן מתוכנית/כתבה
2025-03-01,IG reel,M,מגזין/פנאי
2025-03-01,IG reel,M,מגזין/פנאי
2025-03-02,IG reel,N,סיקור שוטף
2025-03-02,IG image,B,ברייקינג
2025-03-02,IG reel,N,סיקור שוטף
2025-03-02,IG reel,S,תוכן מתוכנית/כתבה
2025-03-02,IG carousel,N,סיקור שוטף
2025-03-02,IG reel,M,מגזין/פנאי
2025-03-02,IG carousel,N,סיקור שוטף
2025-03-02,IG reel,F,תיעוד
2025-03-02,IG image,S,תוכן מתוכנית/כתבה
2025-03-02,IG image,N,סיקור שוטף
2025-03-02,IG image,N,סיקור שוטף
2025-03-02,IG image,N,סיקור שוטף
2025-03-02,IG carousel,N,סיקור שוטף
2025-03-02,IG image,N,סיקור שוטף
2025-03-02,IG image,N,סיקור שוטף
2025-03-02,IG image,N,סיקור שוטף
2025-03-03,IG reel,S,תוכן מתוכנית/כתבה
2025-03-03,IG image,N,סיקור שוטף
2025-03-03,IG carousel,F,תיעוד
2025-03-03,IG reel,S,תוכן מתוכנית/כתבה
2025-03-03,IG image,M,מגזין/פנאי
2025-03-03,IG image,N,סיקור שוטף
2025-03-03,IG image,N,סיקור שוטף
2025-03-03,IG carousel,N,סיקור שוטף
2025-03-03,IG carousel,N,סיקור שוטף
2025-03-03,IG carousel,F,תיעוד
2025-03-03,IG reel,F,תיעוד
2025-03-03,IG reel,N,סיקור שוטף
2025-03-03,IG carousel,N,סיקור שוטף
2025-03-03,IG image,B,ברייקינג
2025-03-03,IG image,N,סיקור שוטף
2025-03-03,IG image,F,תיעוד
2025-03-03,IG image,B,ברייקינג
2025-03-03,IG image,B,ברייקינג
2025-03-03,IG image,B,ברייקינג
2025-03-04,IG carousel,S,תוכן מתוכנית/כתבה
2025-03-04,IG image,N,סיקור שוטף
2025-03-04,IG image,N,סיקור שוטף
2025-03-04,IG carousel,N,סיקור שוטף
2025-03-04,IG carousel,N,סיקור שוטף
2025-03-04,IG reel,N,סיקור שוטף
2025-03-04,IG reel,F,תיעוד
2025-03-04,IG reel,M,מגזין/פנאי
2025-03-05,IG image,B,ברייקינג
2025-03-05,IG reel,B,ברייקינג
2025-03-05,IG reel,B,ברייקינג
2025-03-05,IG image,B,ברייקינג
2025-03-05,IG carousel,N,סיקור שוטף
2025-03-05,IG reel,N,סיקור שוטף
2025-03-05,IG carousel,N,סיקור שוטף
2025-03-05,IG image,F,תיעוד
2025-03-05,IG reel,S,תוכן מתוכנית/כתבה
2025-03-06,IG image,B,ברייקינג
2025-03-06,IG carousel,N,סיקור שוטף
2025-03-06,IG image,B,ברייקינג
2025-03-06,IG reel,N,סיקור שוטף
2025-03-06,IG reel,S,תוכן מתוכנית/כתבה
2025-03-06,IG reel,S,תוכן מתוכנית/כתבה
2025-03-06,IG reel,N,סיקור שוטף
2025-03-06,IG image,N,סיקור שוטף
2025-03-06,IG carousel,N,סיקור שוטף
2025-03-06,IG image,N,סיקור שוטף
2025-03-06,IG reel,S,תוכן מתוכנית/כתבה
2025-03-06,IG carousel,N,סיקור שוטף
2025-03-07,IG carousel,S,תוכן מתוכנית/כתבה
2025-03-07,IG image,B,ברייקינג
2025-03-07,IG image,N,סיקור שוטף
2025-03-07,IG carousel,M,מגזין/פנאי
2025-03-07,IG image,N,סיקור שוטף
2025-03-07,IG image,N,סיקור שוטף
2025-03-07,IG reel,M,מגזין/פנאי
2025-03-07,IG reel,F,תיעוד
2025-03-07,IG image,N,סיקור שוטף
2025-03-07,IG image,N,סיקור שוטף
2025-03-07,IG reel,N,סיקור שוטף
2025-03-07,IG reel,N,סיקור שוטף
2025-03-07,IG image,N,סיקור שוטף
2025-03-07,IG reel,B,ברייקינג
2025-03-07,IG image,N,סיקור שוטף
2025-03-07,IG image,B,ברייקינג
2025-03-07,IG reel,N,סיקור שוטף
2025-03-07,IG carousel,N,סיקור שוטף
2025-03-08,IG image,N,סיקור שוטף
2025-03-08,IG reel,S,תוכן מתוכנית/כתבה
2025-03-08,IG carousel,N,סיקור שוטף
2025-03-08,IG reel,F,תיעוד
2025-03-08,IG image,B,ברייקינג
2025-03-08,IG reel,N,סיקור שוטף
2025-03-08,IG reel,M,מגזין/פנאי
2025-03-08,IG reel,F,תיעוד
2025-03-08,IG reel,F,תיעוד
2025-03-08,IG carousel,N,סיקור שוטף
2025-03-08,IG image,N,סיקור שוטף
2025-03-08,IG carousel,S,תוכן מתוכנית/כתבה
2025-03-08,IG reel,S,תוכן מתוכנית/כתבה
2025-03-08,IG carousel,N,סיקור שוטף
2025-03-09,IG carousel,S,תוכן מתוכנית/כתבה
2025-03-09,IG carousel,N,סיקור שוטף
2025-03-09,IG carousel,M,מגזין/פנאי
2025-03-09,IG image,N,סיקור שוטף
2025-03-09,IG image,N,סיקור שוטף
2025-03-09,IG carousel,N,סיקור שוטף
2025-03-09,IG carousel,N,סיקור שוטף
2025-03-09,IG image,N,סיקור שוטף
2025-03-09,IG carousel,N,סיקור שוטף
2025-03-09,IG reel,B,ברייקינג
2025-03-10,IG image,N,סיקור שוטף
2025-03-10,IG carousel,N,סיקור שוטף
2025-03-10,IG reel,N,סיקור שוטף
2025-03-10,IG image,N,סיקור שוטף
2025-03-10,IG carousel,N,סיקור שוטף
2025-03-10,IG image,P,קידום שידור
2025-03-10,IG reel,N,סיקור שוטף
2025-03-10,IG image,N,סיקור שוטף
2025-03-10,IG image,N,סיקור שוטף
2025-03-10,IG image,N,סיקור שוטף
2025-03-10,IG image,N,סיקור שוטף
2025-03-10,IG image,N,סיקור שוטף
2025-03-10,IG image,N,סיקור שוטף
2025-03-10,IG image,N,סיקור שוטף
2025-03-10,IG carousel,S,תוכן מתוכנית/כתבה
2025-03-11,IG reel,S,תוכן מתוכנית/כתבה
2025-03-11,IG image,N,סיקור שוטף
2025-03-11,IG carousel,N,סיקור שוטף
2025-03-11,IG reel,N,סיקור שוטף
2025-03-12,IG image,N,סיקור שוטף
2025-03-12,IG image,B,ברייקינג
2025-03-12,IG carousel,N,סיקור שוטף
2025-03-12,IG image,B,ברייקינג
2025-03-12,IG image,M,מגזין/פנאי
2025-03-12,IG reel,F,תיעוד
2025-03-12,IG image,N,סיקור שוטף
2025-03-12,IG reel,M,מגזין/פנאי
2025-03-12,IG reel,M,מגזין/פנאי
2025-03-12,IG carousel,N,סיקור שוטף
2025-03-12,IG carousel,N,סיקור שוטף
2025-03-12,IG reel,N,סיקור שוטף
2025-03-13,IG image,F,תיעוד
2025-03-13,IG image,N,סיקור שוטף
2025-03-13,IG image,N,סיקור שוטף
2025-03-13,IG reel,S,תוכן מתוכנית/כתבה
2025-03-13,IG reel,M,מגזין/פנאי
2025-03-13,IG reel,M,מגזין/פנאי
2025-03-13,IG image,N,סיקור שוטף
2025-03-13,IG carousel,N,סיקור שוטף
2025-03-13,IG reel,M,מגזין/פנאי
2025-03-13,IG carousel,N,סיקור שוטף
2025-03-14,IG carousel,N,סיקור שוטף
2025-03-14,IG reel,N,סיקור שוטף
2025-03-14,IG image,N,סיקור שוטף
2025-03-14,IG image,N,סיקור שוטף
2025-03-14,IG image,N,סיקור שוטף
2025-03-15,IG reel,M,מגזין/פנאי
2025-03-15,IG carousel,M,מגזין/פנאי
2025-03-15,IG carousel,P,קידום שידור
2025-03-15,IG reel,N,סיקור שוטף
2025-03-15,IG image,N,סיקור שוטף
2025-03-15,IG image,N,סיקור שוטף
2025-03-16,IG reel,N,סיקור שוטף
2025-03-16,IG reel,M,מגזין/פנאי
2025-03-16,IG reel,M,מגזין/פנאי
2025-03-16,IG reel,F,תיעוד
2025-03-16,IG carousel,F,תיעוד
2025-03-16,IG image,N,סיקור שוטף
2025-03-16,IG image,N,סיקור שוטף
2025-03-16,IG image,N,סיקור שוטף
2025-03-16,IG image,N,סיקור שוטף
2025-03-17,IG image,B,ברייקינג
2025-03-17,IG image,M,מגזין/פנאי
2025-03-17,IG reel,N,סיקור שוטף
2025-03-17,IG image,N,סיקור שוטף
2025-03-17,IG carousel,F,תיעוד
2025-03-17,IG reel,M,מגזין/פנאי
2025-03-17,IG reel,S,תוכן מתוכנית/כתבה
2025-03-17,IG image,N,סיקור שוטף
2025-03-17,IG carousel,S,תוכן מתוכנית/כתבה
2025-03-17,IG image,N,סיקור שוטף
2025-03-17,IG reel,N,סיקור שוטף
2025-03-17,IG image,N,סיקור שוטף
2025-03-17,IG image,N,סיקור שוטף
2025-03-17,IG carousel,N,סיקור שוטף
2025-03-17,IG reel,M,מגזין/פנאי
2025-03-17,IG image,B,ברייקינג
2025-03-17,IG image,N,סיקור שוטף
2025-03-17,IG image,N,סיקור שוטף
2025-03-17,IG image,N,סיקור שוטף
2025-03-18,IG carousel,N,סיקור שוטף
2025-03-18,IG image,P,קידום שידור
2025-03-18,IG carousel,N,סיקור שוטף
2025-03-18,IG image,N,סיקור שוטף
2025-03-18,IG image,N,סיקור שוטף
2025-03-18,IG carousel,N,סיקור שוטף
2025-03-18,IG image,N,סיקור שוטף
2025-03-18,IG image,N,סיקור שוטף
2025-03-18,IG image,N,סיקור שוטף
2025-03-18,IG image,N,סיקור שוטף
2025-03-18,IG reel,S,תוכן מתוכנית/כתבה
2025-03-18,IG reel,S,תוכן מתוכנית/כתבה
2025-03-18,IG image,P,קידום שידור
2025-03-18,IG image,P,קידום שידור
2025-03-18,IG image,B,ברייקינג
2025-03-18,IG reel,F,תיעוד
2025-03-18,IG image,N,סיקור שוטף
2025-03-18,IG reel,S,תוכן מתוכנית/כתבה
2025-03-18,IG image,M,מגזין/פנאי
2025-03-18,IG reel,M,מגזין/פנאי
2025-03-18,IG reel,M,מגזין/פנאי
2025-03-18,IG image,N,סיקור שוטף
2025-03-19,IG carousel,N,סיקור שוטף
2025-03-19,IG image,B,ברייקינג
2025-03-19,IG carousel,S,תוכן מתוכנית/כתבה
2025-03-19,IG image,P,קידום שידור
2025-03-19,IG reel,N,סיקור שוטף
2025-03-19,IG image,N,סיקור שוטף
2025-03-19,IG reel,P,קידום שידור
2025-03-19,IG reel,M,מגזין/פנאי
2025-03-19,IG image,N,סיקור שוטף
2025-03-19,IG reel,S,תוכן מתוכנית/כתבה
2025-03-19,IG carousel,N,סיקור שוטף
2025-03-19,IG reel,N,סיקור שוטף
2025-03-19,IG image,N,סיקור שוטף
2025-03-19,IG image,N,סיקור שוטף
2025-03-20,IG image,N,סיקור שוטף
2025-03-20,IG reel,N,סיקור שוטף
2025-03-20,IG carousel,N,סיקור שוטף
2025-03-20,IG reel,M,מגזין/פנאי
2025-03-20,IG reel,S,תוכן מתוכנית/כתבה
2025-03-20,IG reel,P,קידום שידור
2025-03-20,IG image,B,ברייקינג
2025-03-20,IG reel,P,קידום שידור
2025-03-20,IG image,N,סיקור שוטף
2025-03-20,IG reel,N,סיקור שוטף
2025-03-20,IG image,N,סיקור שוטף
2025-03-20,IG image,N,סיקור שוטף
2025-03-20,IG image,N,סיקור שוטף
2025-03-20,IG reel,N,סיקור שוטף
2025-03-20,IG image,B,ברייקינג
2025-03-20,IG reel,S,תוכן מתוכנית/כתבה
2025-03-20,IG carousel,S,תוכן מתוכנית/כתבה
2025-03-21,IG reel,M,מגזין/פנאי
2025-03-21,IG image,N,סיקור שוטף
2025-03-21,IG image,N,סיקור שוטף
2025-03-21,IG carousel,N,סיקור שוטף
2025-03-21,IG reel,S,תוכן מתוכנית/כתבה
2025-03-21,IG carousel,S,תוכן מתוכנית/כתבה
2025-03-21,IG reel,S,תוכן מתוכנית/כתבה
2025-03-22,IG reel,B,ברייקינג
2025-03-22,IG reel,M,מגזין/פנאי
2025-03-22,IG image,N,סיקור שוטף
2025-03-22,IG image,S,תוכן מתוכנית/כתבה
2025-03-22,IG reel,N,סיקור שוטף
2025-03-22,IG image,B,ברייקינג
2025-03-22,IG image,M,מגזין/פנאי
2025-03-22,IG carousel,N,סיקור שוטף
2025-03-22,IG reel,S,תוכן מתוכנית/כתבה
2025-03-22,IG image,M,מגזין/פנאי
2025-03-22,IG reel,N,סיקור שוטף
2025-03-23,IG reel,F,תיעוד
2025-03-23,IG reel,N,סיקור שוטף
2025-03-23,IG reel,N,סיקור שוטף
2025-03-23,IG reel,N,סיקור שוטף
2025-03-23,IG image,N,סיקור שוטף
2025-03-23,IG reel,S,תוכן מתוכנית/כתבה
2025-03-23,IG image,N,סיקור שוטף
2025-03-23,IG image,P,קידום שידור
2025-03-23,IG image,N,סיקור שוטף
2025-03-23,IG image,N,סיקור שוטף
2025-03-23,IG image,P,קידום שידור
2025-03-24,IG image,P,קידום שידור
2025-03-24,IG image,B,ברייקינג
2025-03-24,IG reel,S,תוכן מתוכנית/כתבה
2025-03-24,IG image,B,ברייקינג
2025-03-24,IG image,N,סיקור שוטף
2025-03-24,IG reel,N,סיקור שוטף
2025-03-24,IG image,N,סיקור שוטף
2025-03-24,IG reel,N,סיקור שוטף
2025-03-24,IG image,B,ברייקינג
2025-03-24,IG image,B,ברייקינג
2025-03-24,IG reel,S,תוכן מתוכנית/כתבה
2025-03-24,IG image,N,סיקור שוטף
2025-03-24,IG reel,S,תוכן מתוכנית/כתבה
2025-03-24,IG reel,F,תיעוד
2025-03-24,IG image,B,ברייקינג
2025-03-24,IG carousel,P,קידום שידור
2025-03-25,IG carousel,P,קידום שידור
2025-03-25,IG carousel,N,סיקור שוטף
2025-03-25,IG reel,S,תוכן מתוכנית/כתבה
2025-03-25,IG reel,N,סיקור שוטף
2025-03-25,IG image,N,סיקור שוטף
2025-03-25,IG image,F,תיעוד
2025-03-25,IG image,N,סיקור שוטף
2025-03-25,IG image,N,סיקור שוטף
2025-03-26,IG image,N,סיקור שוטף
2025-03-26,IG image,N,סיקור שוטף
2025-03-26,IG carousel,F,תיעוד
2025-03-26,IG carousel,N,סיקור שוטף
2025-03-26,IG reel,N,סיקור שוטף
2025-03-26,IG reel,N,סיקור שוטף
2025-03-26,IG image,B,ברייקינג
2025-03-26,IG carousel,M,מגזין/פנאי
2025-03-26,IG carousel,M,מגזין/פנאי
2025-03-26,IG image,B,ברייקינג
2025-03-26,IG image,N,סיקור שוטף
2025-03-26,IG reel,M,מגזין/פנאי
2025-03-27,IG carousel,M,מגזין/פנאי
2025-03-27,IG carousel,F,תיעוד
2025-03-27,IG reel,S,תוכן מתוכנית/כתבה
2025-03-27,IG reel,M,מגזין/פנאי
2025-03-27,IG reel,F,תיעוד
2025-03-27,IG image,N,סיקור שוטף
2025-03-27,IG carousel,N,סיקור שוטף
2025-03-27,IG reel,F,תיעוד
2025-03-27,IG image,N,סיקור שוטף
2025-03-27,IG image,M,מגזין/פנאי
2025-03-27,IG reel,P,קידום שידור
2025-03-27,IG carousel,N,סיקור שוטף
2025-03-27,IG reel,P,קידום שידור
2025-03-28,IG reel,N,סיקור שוטף
2025-03-28,IG image,N,סיקור שוטף
2025-03-28,IG reel,N,סיקור שוטף
2025-03-28,IG reel,P,קידום שידור
2025-03-28,IG image,N,סיקור שוטף
2025-03-28,IG reel,M,מגזין/פנאי
2025-03-28,IG reel,B,ברייקינג
2025-03-29,IG image,B,ברייקינג
2025-03-29,IG image,S,תוכן מתוכנית/כתבה
2025-03-29,IG image,N,סיקור שוטף
2025-03-29,IG image,N,סיקור שוטף
2025-03-29,IG reel,M,מגזין/פנאי
2025-03-29,IG reel,M,מגזין/פנאי
2025-03-29,IG reel,M,מגזין/פנאי
2025-03-30,IG carousel,N,סיקור שוטף
2025-03-30,IG reel,M,מגזין/פנאי
2025-03-30,IG image,B,ברייקינג
2025-03-30,IG carousel,F,תיעוד
2025-03-30,IG carousel,M,מגזין/פנאי
2025-03-30,IG image,B,ברייקינג
2025-03-30,IG image,M,מגזין/פנאי
2025-03-30,IG carousel,N,סיקור שוטף
2025-03-30,IG image,N,סיקור שוטף
2025-03-30,IG reel,N,סיקור שוטף
2025-03-30,IG carousel,P,קידום שידור
2025-03-30,IG carousel,P,קידום שידור
2025-03-30,IG image,N,סיקור שוטף
2025-03-30,IG reel,N,סיקור שוטף
2025-03-30,IG image,N,סיקור שוטף
2025-03-30,IG image,N,סיקור שוטף
2025-03-30,IG reel,N,סיקור שוטף
2025-03-31,IG image,N,סיקור שוטף
2025-03-31,IG carousel,N,סיקור שוטף
2025-03-31,IG carousel,N,סיקור שוטף
2025-03-31,IG reel,S,תוכן מתוכנית/כתבה
2025-03-31,IG image,N,סיקור שוטף
2025-03-31,IG reel,P,קידום שידור
2025-03-31,IG image,N,סיקור שוטף
2025-03-31,IG reel,N,סיקור שוטף
2025-03-31,IG reel,S,תוכן מתוכנית/כתבה
2025-03-31,IG carousel,N,סיקור שוטף
2025-03-31,IG image,N,סיקור שוטף
2025-04-01,IG image,F,תיעוד
2025-04-01,IG image,F,תיעוד
2025-04-01,IG carousel,S,תוכן מתוכנית/כתבה
2025-04-01,IG reel,S,תוכן מתוכנית/כתבה
2025-04-01,IG image,N,סיקור שוטף
2025-04-01,IG carousel,N,סיקור שוטף
2025-04-01,IG reel,P,קידום שידור
2025-04-01,IG image,F,תיעוד
2025-04-01,IG image,M,מגזין/פנאי
2025-04-01,IG reel,S,תוכן מתוכנית/כתבה
2025-04-01,IG reel,S,תוכן מתוכנית/כתבה
2025-04-02,IG reel,N,סיקור שוטף
2025-04-02,IG reel,N,סיקור שוטף
2025-04-02,IG image,N,סיקור שוטף
2025-04-02,IG reel,N,סיקור שוטף
2025-04-02,IG image,N,סיקור שוטף
2025-04-02,IG reel,S,תוכן מתוכנית/כתבה
2025-04-02,IG reel,M,מגזין/פנאי
2025-04-02,IG reel,P,קידום שידור
2025-04-02,IG reel,N,סיקור שוטף
2025-04-02,IG reel,S,תוכן מתוכנית/כתבה
2025-04-02,IG image,B,ברייקינג
2025-04-02,IG reel,M,מגזין/פנאי
2025-04-02,IG image,M,מגזין/פנאי
2025-04-02,IG image,B,ברייקינג
2025-04-02,IG reel,F,תיעוד
2025-04-02,IG reel,M,מגזין/פנאי
2025-04-02,IG reel,F,תיעוד
2025-04-02,IG reel,S,תוכן מתוכנית/כתבה
2025-04-02,IG image,N,סיקור שוטף
2025-04-03,IG image,N,סיקור שוטף
2025-04-03,IG reel,F,תיעוד
2025-04-03,IG reel,S,תוכן מתוכנית/כתבה
2025-04-03,IG reel,S,תוכן מתוכנית/כתבה
2025-04-03,IG carousel,N,סיקור שוטף
2025-04-03,IG reel,F,תיעוד
2025-04-03,IG carousel,N,סיקור שוטף
2025-04-03,IG carousel,N,סיקור שוטף
2025-04-03,IG reel,F,תיעוד
2025-04-03,IG carousel,S,תוכן מתוכנית/כתבה
2025-04-03,IG reel,F,תיעוד
2025-04-03,IG image,N,סיקור שוטף
2025-04-03,IG carousel,N,סיקור שוטף
2025-04-03,IG carousel,N,סיקור שוטף
2025-04-04,IG carousel,N,סיקור שוטף
2025-04-04,IG reel,P,קידום שידור
2025-04-04,IG image,N,סיקור שוטף
2025-04-04,IG image,M,מגזין/פנאי
2025-04-04,IG reel,M,מגזין/פנאי
2025-04-04,IG image,N,סיקור שוטף
2025-04-04,IG reel,P,קידום שידור
2025-04-04,IG reel,P,קידום שידור
2025-04-04,IG reel,S,תוכן מתוכנית/כתבה
2025-04-04,IG image,N,סיקור שוטף
2025-04-04,IG image,B,ברייקינג
2025-04-04,IG carousel,N,סיקור שוטף
2025-04-04,IG reel,M,מגזין/פנאי
2025-04-05,IG image,N,סיקור שוטף
2025-04-05,IG image,N,סיקור שוטף
2025-04-05,IG image,N,סיקור שוטף
2025-04-05,IG carousel,F,תיעוד
2025-04-05,IG carousel,N,סיקור שוטף
2025-04-05,IG reel,M,מגזין/פנאי
2025-04-05,IG image,N,סיקור שוטף
2025-04-05,IG carousel,M,מגזין/פנאי
2025-04-05,IG reel,M,מגזין/פנאי
2025-04-05,IG image,N,סיקור שוטף
2025-04-05,IG carousel,P,קידום שידור
2025-04-05,IG reel,N,סיקור שוטף
2025-04-05,IG image,N,סיקור שוטף
2025-04-05,IG image,N,סיקור שוטף
2025-04-05,IG reel,F,תיעוד
2025-04-05,IG reel,B,ברייקינג
2025-04-06,IG image,B,ברייקינג
2025-04-06,IG reel,N,סיקור שוטף
2025-04-06,IG image,N,סיקור שוטף
2025-04-06,IG reel,S,תוכן מתוכנית/כתבה
2025-04-06,IG carousel,P,קידום שידור
2025-04-06,IG carousel,P,קידום שידור
2025-04-06,IG carousel,N,סיקור שוטף
2025-04-06,IG image,N,סיקור שוטף
2025-04-06,IG reel,P,קידום שידור
2025-04-06,IG carousel,N,סיקור שוטף
2025-04-06,IG image,B,ברייקינג
2025-04-06,IG image,N,סיקור שוטף
2025-04-06,IG reel,N,סיקור שוטף
2025-04-06,IG reel,S,תוכן מתוכנית/כתבה
2025-04-07,IG image,B,ברייקינג
2025-04-07,IG image,F,תיעוד
2025-04-07,IG image,B,ברייקינג
2025-04-07,IG image,N,סיקור שוטף
2025-04-07,IG image,P,קידום שידור
2025-04-08,IG image,N,סיקור שוטף
2025-04-08,IG carousel,S,תוכן מתוכנית/כתבה
2025-04-08,IG reel,N,סיקור שוטף
2025-04-08,IG reel,F,תיעוד
2025-04-08,IG image,N,סיקור שוטף
2025-04-08,IG image,M,מגזין/פנאי
2025-04-08,IG reel,N,סיקור שוטף
2025-04-08,IG image,M,מגזין/פנאי
2025-04-08,IG image,N,סיקור שוטף
2025-04-08,IG reel,S,תוכן מתוכנית/כתבה
2025-04-08,IG image,S,תוכן מתוכנית/כתבה
2025-04-09,IG reel,M,מגזין/פנאי
2025-04-09,IG reel,M,מגזין/פנאי
2025-04-09,IG reel,M,מגזין/פנאי
2025-04-09,IG reel,N,סיקור שוטף
2025-04-09,IG image,N,סיקור שוטף
2025-04-09,IG reel,S,תוכן מתוכנית/כתבה
2025-04-09,IG carousel,N,סיקור שוטף
2025-04-09,IG reel,M,מגזין/פנאי
2025-04-09,IG image,B,ברייקינג
2025-04-09,IG carousel,M,מגזין/פנאי
2025-04-09,IG reel,M,מגזין/פנאי
2025-04-09,IG reel,P,קידום שידור
2025-04-09,IG carousel,F,תיעוד
2025-04-09,IG carousel,N,סיקור שוטף
2025-04-09,IG reel,M,מגזין/פנאי
2025-04-09,IG reel,N,סיקור שוטף
2025-04-10,IG image,N,סיקור שוטף
2025-04-10,IG image,N,סיקור שוטף
2025-04-10,IG image,N,סיקור שוטף
2025-04-10,IG reel,N,סיקור שוטף
2025-04-10,IG reel,S,תוכן מתוכנית/כתבה
2025-04-10,IG image,P,קידום שידור
2025-04-10,IG image,F,תיעוד
2025-04-11,IG reel,B,ברייקינג
2025-04-11,IG carousel,N,סיקור שוטף
2025-04-11,IG image,B,ברייקינג
2025-04-11,IG carousel,N,סיקור שוטף
2025-04-11,IG image,B,ברייקינג
2025-04-11,IG reel,M,מגזין/פנאי
2025-04-11,IG image,N,סיקור שוטף
2025-04-11,IG reel,N,סיקור שוטף
2025-04-11,IG image,N,סיקור שוטף
2025-04-11,IG carousel,S,תוכן מתוכנית/כתבה
2025-04-11,IG reel,N,סיקור שוטף
2025-04-11,IG reel,F,תיעוד
2025-04-11,IG image,N,סיקור שוטף
2025-04-11,IG reel,F,תיעוד
2025-04-12,IG image,N,סיקור שוטף
2025-04-12,IG image,N,סיקור שוטף
2025-04-12,IG reel,M,מגזין/פנאי
2025-04-12,IG reel,S,תוכן מתוכנית/כתבה
2025-04-12,IG carousel,M,מגזין/פנאי
2025-04-13,IG carousel,N,סיקור שוטף
2025-04-13,IG reel,S,תוכן מתוכנית/כתבה
2025-04-13,IG image,S,תוכן מתוכנית/כתבה
2025-04-13,IG image,N,סיקור שוטף
2025-04-14,IG reel,S,תוכן מתוכנית/כתבה
2025-04-14,IG reel,P,קידום שידור
2025-04-14,IG reel,M,מגזין/פנאי
2025-04-14,IG reel,S,תוכן מתוכנית/כתבה
2025-04-14,IG reel,S,תוכן מתוכנית/כתבה
2025-04-14,IG image,N,סיקור שוטף
2025-04-14,IG image,N,סיקור שוטף
2025-04-15,IG reel,M,מגזין/פנאי
2025-04-15,IG image,F,תיעוד
2025-04-15,IG reel,N,סיקור שוטף
2025-04-15,IG reel,M,מגזין/פנאי
2025-04-15,IG reel,M,מגזין/פנאי
2025-04-15,IG image,N,סיקור שוטף
2025-04-15,IG image,N,סיקור שוטף
2025-04-15,IG reel,F,תיעוד
2025-04-15,IG reel,M,מגזין/פנאי
2025-04-15,IG reel,M,מגזין/פנאי
2025-04-15,IG carousel,M,מגזין/פנאי
2025-04-15,IG image,N,סיקור שוטף
2025-04-15,IG image,N,סיקור שוטף
2025-04-16,IG reel,M,מגזין/פנאי
2025-04-16,IG image,F,תיעוד
2025-04-16,IG carousel,M,מגזין/פנאי
2025-04-16,IG reel,F,תיעוד
2025-04-16,IG reel,M,מגזין/פנאי
2025-04-16,IG image,N,סיקור שוטף
2025-04-16,IG reel,S,תוכן מתוכנית/כתבה
2025-04-16,IG reel,N,סיקור שוטף
2025-04-17,IG carousel,M,מגזין/פנאי
2025-04-17,IG carousel,M,מגזין/פנאי
2025-04-17,IG image,N,סיקור שוטף
2025-04-17,IG image,N,סיקור שוטף
2025-04-17,IG reel,M,מגזין/פנאי
2025-04-17,IG image,N,סיקור שוטף
2025-04-17,IG image,B,ברייקינג
2025-04-17,IG reel,N,סיקור שוטף
2025-04-17,IG image,N,סיקור שוטף
2025-04-17,IG reel,F,תיעוד
2025-04-18,IG carousel,M,מגזין/פנאי
2025-04-18,IG image,N,סיקור שוטף
2025-04-18,IG reel,S,תוכן מתוכנית/כתבה
2025-04-18,IG image,B,ברייקינג
2025-04-18,IG reel,M,מגזין/פנאי
2025-04-18,IG image,N,סיקור שוטף
2025-04-19,IG reel,M,מגזין/פנאי
2025-04-19,IG image,M,מגזין/פנאי
2025-04-19,IG reel,M,מגזין/פנאי
2025-04-19,IG reel,M,מגזין/פנאי
2025-04-19,IG reel,M,מגזין/פנאי
2025-04-19,IG image,F,תיעוד
2025-04-19,IG reel,N,סיקור שוטף
2025-04-19,IG image,B,ברייקינג
2025-04-19,IG image,N,סיקור שוטף
2025-04-19,IG image,M,מגזין/פנאי
2025-04-20,IG image,N,סיקור שוטף
2025-04-20,IG image,N,סיקור שוטף
2025-04-20,IG image,N,סיקור שוטף
2025-04-20,IG reel,N,סיקור שוטף
2025-04-20,IG carousel,N,סיקור שוטף
2025-04-20,IG reel,N,סיקור שוטף
2025-04-20,IG image,N,סיקור שוטף
2025-04-20,IG image,N,סיקור שוטף
2025-04-20,IG image,N,סיקור שוטף
2025-04-20,IG carousel,M,מגזין/פנאי
2025-04-20,IG reel,M,מגזין/פנאי
2025-04-21,IG image,N,סיקור שוטף
2025-04-21,IG carousel,F,תיעוד
2025-04-21,IG image,N,סיקור שוטף
2025-04-21,IG image,N,סיקור שוטף
2025-04-21,IG reel,F,תיעוד
2025-04-21,IG image,B,ברייקינג
2025-04-21,IG reel,S,תוכן מתוכנית/כתבה
2025-04-21,IG reel,N,סיקור שוטף
2025-04-21,IG image,N,סיקור שוטף
2025-04-21,IG image,B,ברייקינג
2025-04-22,IG image,N,סיקור שוטף
2025-04-22,IG reel,M,מגזין/פנאי
2025-04-22,IG reel,F,תיעוד
2025-04-22,IG image,N,סיקור שוטף
2025-04-22,IG reel,P,קידום שידור
2025-04-22,IG image,B,ברייקינג
2025-04-22,IG carousel,N,סיקור שוטף
2025-04-22,IG reel,M,מגזין/פנאי
2025-04-22,IG reel,F,תיעוד
2025-04-22,IG image,F,תיעוד
2025-04-22,IG reel,N,סיקור שוטף
2025-04-23,IG reel,M,מגזין/פנאי
2025-04-23,IG image,N,סיקור שוטף
2025-04-23,IG reel,M,מגזין/פנאי
2025-04-23,IG image,N,סיקור שוטף
2025-04-23,IG reel,M,מגזין/פנאי
2025-04-23,IG carousel,M,מגזין/פנאי
2025-04-23,IG image,N,סיקור שוטף
2025-04-23,IG carousel,N,סיקור שוטף
2025-04-23,IG reel,F,תיעוד
2025-04-23,IG carousel,F,תיעוד
2025-04-23,IG reel,B,ברייקינג
2025-04-23,IG reel,M,מגזין/פנאי
2025-04-23,IG image,N,סיקור שוטף
2025-04-23,IG image,B,ברייקינג
2025-04-23,IG image,B,ברייקינג
2025-04-23,IG image,B,ברייקינג
2025-04-23,IG carousel,N,סיקור שוטף
2025-04-23,IG reel,S,תוכן מתוכנית/כתבה
2025-04-23,IG carousel,N,סיקור שוטף
2025-04-23,IG image,N,סיקור שוטף
2025-04-23,IG image,N,סיקור שוטף
2025-04-24,IG reel,P,קידום שידור
2025-04-24,IG image,B,ברייקינג
2025-04-24,IG carousel,N,סיקור שוטף
2025-04-24,IG reel,F,תיעוד
2025-04-24,IG image,N,סיקור שוטף
2025-04-24,IG image,B,ברייקינג
2025-04-24,IG carousel,N,סיקור שוטף
2025-04-24,IG carousel,M,מגזין/פנאי
2025-04-24,IG image,N,סיקור שוטף
2025-04-24,IG reel,N,סיקור שוטף
2025-04-24,IG image,N,סיקור שוטף
2025-04-24,IG reel,N,סיקור שוטף
2025-04-24,IG image,M,מגזין/פנאי
2025-04-24,IG reel,M,מגזין/פנאי
2025-04-24,IG reel,M,מגזין/פנאי
2025-04-24,IG reel,M,מגזין/פנאי
2025-04-24,IG reel,M,מגזין/פנאי
2025-04-24,IG reel,M,מגזין/פנאי
2025-04-24,IG reel,M,מגזין/פנאי
2025-04-24,IG image,B,ברייקינג
2025-04-24,IG reel,M,מגזין/פנאי
2025-04-25,IG image,N,סיקור שוטף
2025-04-25,IG reel,M,מגזין/פנאי
2025-04-25,IG reel,N,סיקור שוטף
2025-04-25,IG reel,M,מגזין/פנאי
2025-04-25,IG image,M,מגזין/פנאי
2025-04-25,IG reel,P,קידום שידור
2025-04-25,IG reel,P,קידום שידור
2025-04-25,IG carousel,M,מגזין/פנאי
2025-04-26,IG reel,B,ברייקינג
2025-04-26,IG reel,F,תיעוד
2025-04-26,IG image,M,מגזין/פנאי
2025-04-26,IG carousel,B,ברייקינג
2025-04-26,IG image,M,מגזין/פנאי
2025-04-26,IG carousel,M,מגזין/פנאי
2025-04-26,IG reel,S,תוכן מתוכנית/כתבה
2025-04-26,IG reel,B,ברייקינג
2025-04-26,IG image,B,ברייקינג
2025-04-26,IG reel,M,מגזין/פנאי
2025-04-27,IG image,P,קידום שידור
2025-04-27,IG image,N,סיקור שוטף
2025-04-27,IG reel,M,מגזין/פנאי
2025-04-27,IG reel,N,סיקור שוטף
2025-04-27,IG reel,B,ברייקינג
2025-04-27,IG carousel,M,מגזין/פנאי
2025-04-27,IG reel,M,מגזין/פנאי
2025-04-27,IG image,N,סיקור שוטף
2025-04-27,IG image,B,ברייקינג
2025-04-27,IG carousel,P,קידום שידור
2025-04-27,IG image,M,מגזין/פנאי
2025-04-27,IG image,N,סיקור שוטף
2025-04-28,IG carousel,N,סיקור שוטף
2025-04-28,IG image,N,סיקור שוטף
2025-04-28,IG image,N,סיקור שוטף
2025-04-28,IG image,N,סיקור שוטף
2025-04-28,IG carousel,N,סיקור שוטף
2025-04-28,IG carousel,M,מגזין/פנאי
2025-04-28,IG image,B,ברייקינג
2025-04-28,IG image,N,סיקור שוטף
2025-04-28,IG image,N,סיקור שוטף
2025-04-28,IG carousel,N,סיקור שוטף
2025-04-28,IG image,B,ברייקינג
2025-04-29,IG carousel,M,מגזין/פנאי
2025-04-29,IG reel,M,מגזין/פנאי
2025-04-29,IG carousel,M,מגזין/פנאי
2025-04-29,IG reel,F,תיעוד
2025-04-29,IG reel,B,ברייקינג
2025-04-29,IG image,B,ברייקינג
2025-04-29,IG reel,N,סיקור שוטף
2025-04-29,IG carousel,F,תיעוד
2025-04-29,IG reel,P,קידום שידור
2025-04-29,IG reel,M,מגזין/פנאי
2025-04-29,IG carousel,M,מגזין/פנאי
2025-04-29,IG carousel,M,מגזין/פנאי
2025-04-29,IG image,N,סיקור שוטף
2025-04-29,IG reel,M,מגזין/פנאי
2025-04-29,IG image,N,סיקור שוטף
2025-04-29,IG reel,N,סיקור שוטף
2025-04-29,IG image,N,סיקור שוטף
2025-04-29,IG image,N,סיקור שוטף
2025-04-30,IG reel,M,מגזין/פנאי
2025-04-30,IG reel,M,מגזין/פנאי
2025-04-30,IG carousel,N,סיקור שוטף
2025-04-30,IG reel,M,מגזין/פנאי
2025-04-30,IG reel,M,מגזין/פנאי
2025-04-30,IG reel,M,מגזין/פנאי
2025-04-30,IG image,N,סיקור שוטף
2025-04-30,IG carousel,M,מגזין/פנאי
2025-04-30,IG reel,N,סיקור שוטף
2025-04-30,IG reel,N,סיקור שוטף
2025-04-30,IG image,N,סיקור שוטף
2025-04-30,IG reel,M,מגזין/פנאי
2025-04-30,IG reel,B,ברייקינג
2025-04-30,IG reel,M,מגזין/פנאי
2025-04-30,IG carousel,B,ברייקינג
2025-04-30,IG reel,B,ברייקינג
2025-04-30,IG image,N,סיקור שוטף
2025-04-30,IG reel,M,מגזין/פנאי
2025-04-30,IG image,B,ברייקינג
2025-04-30,IG reel,M,מגזין/פנאי
2025-04-30,IG reel,M,מגזין/פנאי
2025-04-30,IG carousel,M,מגזין/פנאי
2025-04-30,IG image,B,ברייקינג
2025-04-30,IG image,B,ברייקינג
2025-05-01,IG image,M,מגזין/פנאי
2025-05-01,IG image,B,ברייקינג
2025-05-01,IG reel,N,סיקור שוטף
2025-05-01,IG carousel,N,סיקור שוטף
2025-05-01,IG image,N,סיקור שוטף
2025-05-01,IG reel,M,מגזין/פנאי
2025-05-01,IG image,N,סיקור שוטף
2025-05-01,IG reel,S,תוכן מתוכנית/כתבה
2025-05-01,IG reel,S,תוכן מתוכנית/כתבה
2025-05-01,IG image,N,סיקור שוטף
2025-05-01,IG reel,N,סיקור שוטף
2025-05-01,IG carousel,M,מגזין/פנאי
2025-05-01,IG image,B,ברייקינג
2025-05-02,IG image,N,סיקור שוטף
2025-05-02,IG image,B,ברייקינג
2025-05-02,IG carousel,N,סיקור שוטף
2025-05-02,IG carousel,N,סיקור שוטף
2025-05-02,IG reel,S,תוכן מתוכנית/כתבה
2025-05-02,IG image,N,סיקור שוטף
2025-05-02,IG carousel,M,מגזין/פנאי
2025-05-02,IG reel,M,מגזין/פנאי
2025-05-02,IG reel,M,מגזין/פנאי
2025-05-02,IG reel,M,מגזין/פנאי
2025-05-02,IG carousel,S,תוכן מתוכנית/כתבה
2025-05-02,IG reel,N,סיקור שוטף
2025-05-02,IG image,M,מגזין/פנאי
2025-05-03,IG image,N,סיקור שוטף
2025-05-03,IG carousel,N,סיקור שוטף
2025-05-03,IG image,N,סיקור שוטף
2025-05-03,IG reel,N,סיקור שוטף
2025-05-03,IG carousel,N,סיקור שוטף
2025-05-03,IG carousel,N,סיקור שוטף
2025-05-03,IG carousel,P,קידום שידור
2025-05-03,IG carousel,N,סיקור שוטף
2025-05-03,IG carousel,N,סיקור שוטף
2025-05-03,IG image,B,ברייקינג
2025-05-03,IG carousel,N,סיקור שוטף
2025-05-03,IG reel,S,תוכן מתוכנית/כתבה
2025-05-03,IG image,N,סיקור שוטף
2025-05-03,IG reel,F,תיעוד
2025-05-03,IG reel,M,מגזין/פנאי
2025-05-03,IG image,P,קידום שידור
2025-05-03,IG image,N,סיקור שוטף
2025-05-04,IG reel,M,מגזין/פנאי
2025-05-04,IG reel,S,תוכן מתוכנית/כתבה
2025-05-04,IG reel,N,סיקור שוטף
2025-05-04,IG image,N,סיקור שוטף
2025-05-04,IG image,N,סיקור שוטף
2025-05-04,IG reel,S,תוכן מתוכנית/כתבה
2025-05-04,IG reel,N,סיקור שוטף
2025-05-04,IG reel,M,מגזין/פנאי
2025-05-05,IG reel,M,מגזין/פנאי
2025-05-05,IG carousel,B,ברייקינג
2025-05-05,IG carousel,N,סיקור שוטף
2025-05-05,IG reel,P,קידום שידור
2025-05-05,IG image,N,סיקור שוטף
2025-05-05,IG reel,N,סיקור שוטף
2025-05-05,IG image,N,סיקור שוטף
2025-05-05,IG image,N,סיקור שוטף
2025-05-05,IG image,N,סיקור שוטף
2025-05-05,IG reel,N,סיקור שוטף
2025-05-05,IG image,B,ברייקינג
2025-05-06,IG image,N,סיקור שוטף
2025-05-06,IG carousel,N,סיקור שוטף
2025-05-06,IG carousel,N,סיקור שוטף
2025-05-06,IG carousel,B,ברייקינג
2025-05-06,IG reel,S,תוכן מתוכנית/כתבה
2025-05-06,IG reel,F,תיעוד
2025-05-06,IG reel,M,מגזין/פנאי
2025-05-06,IG image,N,סיקור שוטף
2025-05-06,IG image,N,סיקור שוטף
2025-05-06,IG image,N,סיקור שוטף
2025-05-06,IG image,N,סיקור שוטף
2025-05-06,IG carousel,N,סיקור שוטף
2025-05-06,IG reel,P,קידום שידור
2025-05-06,IG reel,F,תיעוד
2025-05-06,IG reel,N,סיקור שוטף
2025-05-06,IG carousel,N,סיקור שוטף
2025-05-06,IG reel,N,סיקור שוטף
2025-05-06,IG reel,N,סיקור שוטף
2025-05-06,IG image,N,סיקור שוטף
2025-05-06,IG image,M,מגזין/פנאי
2025-05-06,IG reel,F,תיעוד
2025-05-07,IG carousel,B,ברייקינג
2025-05-07,IG reel,P,קידום שידור
2025-05-07,IG reel,B,ברייקינג
2025-05-07,IG reel,M,מגזין/פנאי
2025-05-07,IG carousel,N,סיקור שוטף
2025-05-07,IG reel,F,תיעוד
2025-05-08,IG carousel,N,סיקור שוטף
2025-05-08,IG reel,M,מגזין/פנאי
2025-05-08,IG image,M,מגזין/פנאי
2025-05-08,IG reel,M,מגזין/פנאי
2025-05-08,IG reel,M,מגזין/פנאי
2025-05-08,IG reel,N,סיקור שוטף
2025-05-08,IG carousel,M,מגזין/פנאי
2025-05-08,IG carousel,M,מגזין/פנאי
2025-05-08,IG image,N,סיקור שוטף
2025-05-08,IG image,N,סיקור שוטף
2025-05-08,IG image,N,סיקור שוטף
2025-05-08,IG image,N,סיקור שוטף
2025-05-08,IG image,M,מגזין/פנאי
2025-05-09,IG image,N,סיקור שוטף
2025-05-09,IG carousel,N,סיקור שוטף
2025-05-09,IG reel,B,ברייקינג
2025-05-09,IG image,N,סיקור שוטף
2025-05-09,IG reel,N,סיקור שוטף
2025-05-09,IG reel,P,קידום שידור
2025-05-09,IG image,F,תיעוד
2025-05-09,IG reel,M,מגזין/פנאי
2025-05-09,IG image,N,סיקור שוטף
2025-05-10,IG reel,N,סיקור שוטף
2025-05-10,IG carousel,N,סיקור שוטף
2025-05-10,IG image,N,סיקור שוטף
2025-05-10,IG reel,F,תיעוד
2025-05-10,IG image,N,סיקור שוטף
2025-05-10,IG carousel,N,סיקור שוטף
2025-05-10,IG image,N,סיקור שוטף
2025-05-10,IG reel,M,מגזין/פנאי
2025-05-11,IG reel,F,תיעוד
2025-05-11,IG image,N,סיקור שוטף
2025-05-11,IG image,N,סיקור שוטף
2025-05-11,IG image,P,קידום שידור
2025-05-11,IG reel,M,מגזין/פנאי
2025-05-11,IG image,B,ברייקינג
2025-05-11,IG reel,M,מגזין/פנאי
2025-05-11,IG image,N,סיקור שוטף
2025-05-11,IG reel,N,סיקור שוטף
2025-05-11,IG reel,N,סיקור שוטף
2025-05-11,IG carousel,M,מגזין/פנאי
2025-05-11,IG image,N,סיקור שוטף
2025-05-11,IG reel,B,ברייקינג
2025-05-11,IG image,N,סיקור שוטף
2025-05-11,IG image,N,סיקור שוטף
2025-05-11,IG reel,M,מגזין/פנאי
2025-05-11,IG carousel,N,סיקור שוטף
2025-05-12,IG image,M,מגזין/פנאי
2025-05-12,IG carousel,M,מגזין/פנאי
2025-05-12,IG image,B,ברייקינג
2025-05-12,IG image,N,סיקור שוטף
2025-05-12,IG image,M,מגזין/פנאי
2025-05-12,IG image,N,סיקור שוטף
2025-05-13,IG reel,M,מגזין/פנאי
2025-05-13,IG image,B,ברייקינג
2025-05-13,IG reel,N,סיקור שוטף
2025-05-13,IG image,M,מגזין/פנאי
2025-05-13,IG image,N,סיקור שוטף
2025-05-13,IG image,B,ברייקינג
2025-05-13,IG carousel,B,ברייקינג
2025-05-13,IG reel,B,ברייקינג
2025-05-13,IG carousel,M,מגזין/פנאי
2025-05-13,IG image,M,מגזין/פנאי
2025-05-13,IG image,N,סיקור שוטף
2025-05-13,IG carousel,P,קידום שידור
2025-05-13,IG reel,M,מגזין/פנאי
2025-05-13,IG image,N,סיקור שוטף
2025-05-13,IG image,N,סיקור שוטף
2025-05-13,IG reel,N,סיקור שוטף
2025-05-13,IG reel,P,קידום שידור
2025-05-13,IG carousel,N,סיקור שוטף
2025-05-13,IG reel,M,מגזין/פנאי
2025-05-13,IG image,N,סיקור שוטף
2025-05-14,IG image,B,ברייקינג
2025-05-14,IG image,B,ברייקינג
2025-05-14,IG image,B,ברייקינג
2025-05-14,IG image,B,ברייקינג
2025-05-14,IG carousel,N,סיקור שוטף
2025-05-14,IG carousel,N,סיקור שוטף
2025-05-14,IG reel,M,מגזין/פנאי
2025-05-14,IG reel,M,מגזין/פנאי
2025-05-14,IG reel,M,מגזין/פנאי
2025-05-14,IG reel,N,סיקור שוטף
2025-05-14,IG reel,M,מגזין/פנאי
2025-05-14,IG reel,M,מגזין/פנאי
2025-05-14,IG image,N,סיקור שוטף
2025-05-14,IG carousel,P,קידום שידור
2025-05-14,IG image,N,סיקור שוטף
2025-05-14,IG reel,N,סיקור שוטף
2025-05-15,IG reel,F,תיעוד
2025-05-15,IG reel,N,סיקור שוטף
2025-05-15,IG reel,M,מגזין/פנאי
2025-05-15,IG reel,M,מגזין/פנאי
2025-05-15,IG reel,P,קידום שידור
2025-05-15,IG reel,M,מגזין/פנאי
2025-05-15,IG image,B,ברייקינג
2025-05-15,IG reel,N,סיקור שוטף
2025-05-15,IG image,M,מגזין/פנאי
2025-05-15,IG reel,M,מגזין/פנאי
2025-05-15,IG reel,P,קידום שידור
2025-05-15,IG reel,F,תיעוד
2025-05-15,IG image,M,מגזין/פנאי
2025-05-15,IG carousel,B,ברייקינג
2025-05-15,IG reel,F,תיעוד
2025-05-15,IG image,N,סיקור שוטף
2025-05-16,IG reel,M,מגזין/פנאי
2025-05-16,IG image,B,ברייקינג
2025-05-16,IG reel,P,קידום שידור
2025-05-16,IG image,N,סיקור שוטף
2025-05-16,IG image,N,סיקור שוטף
2025-05-16,IG reel,B,ברייקינג
2025-05-16,IG image,B,ברייקינג
2025-05-16,IG reel,M,מגזין/פנאי
2025-05-16,IG reel,N,סיקור שוטף
2025-05-17,IG image,N,סיקור שוטף
2025-05-17,IG image,M,מגזין/פנאי
2025-05-17,IG reel,M,מגזין/פנאי
2025-05-17,IG reel,M,מגזין/פנאי
2025-05-17,IG reel,M,מגזין/פנאי
2025-05-17,IG image,M,מגזין/פנאי
2025-05-17,IG image,B,ברייקינג
2025-05-17,IG image,M,מגזין/פנאי
2025-05-17,IG image,M,מגזין/פנאי
2025-05-17,IG image,M,מגזין/פנאי
2025-05-17,IG reel,F,תיעוד
2025-05-17,IG image,M,מגזין/פנאי
2025-05-17,IG image,N,סיקור שוטף
2025-05-17,IG reel,M,מגזין/פנאי
2025-05-17,IG reel,M,מגזין/פנאי
2025-05-17,IG reel,M,מגזין/פנאי
2025-05-17,IG reel,M,מגזין/פנאי
2025-05-17,IG carousel,N,סיקור שוטף
2025-05-17,IG reel,F,תיעוד
2025-05-17,IG carousel,P,קידום שידור
2025-05-17,IG reel,N,סיקור שוטף
2025-05-17,IG reel,P,קידום שידור
2025-05-17,IG image,N,סיקור שוטף
2025-05-17,IG image,N,סיקור שוטף
2025-05-17,IG image,N,סיקור שוטף
2025-05-18,IG carousel,B,ברייקינג
2025-05-18,IG reel,B,ברייקינג
2025-05-18,IG image,N,סיקור שוטף
2025-05-18,IG image,B,ברייקינג
2025-05-18,IG image,N,סיקור שוטף
2025-05-18,IG carousel,N,סיקור שוטף
2025-05-18,IG reel,M,מגזין/פנאי
2025-05-18,IG reel,M,מגזין/פנאי
2025-05-18,IG image,N,סיקור שוטף
2025-05-18,IG carousel,S,תוכן מתוכנית/כתבה
2025-05-18,IG carousel,N,סיקור שוטף
2025-05-18,IG image,B,ברייקינג
2025-05-18,IG reel,N,סיקור שוטף
2025-05-18,IG image,N,סיקור שוטף
2025-05-18,IG reel,F,תיעוד
2025-05-18,IG image,N,סיקור שוטף
2025-05-18,IG image,N,סיקור שוטף
2025-05-18,IG reel,M,מגזין/פנאי
2025-05-19,IG carousel,N,סיקור שוטף
2025-05-19,IG image,S,תוכן מתוכנית/כתבה
2025-05-19,IG image,M,מגזין/פנאי
2025-05-19,IG reel,N,סיקור שוטף
2025-05-19,IG image,B,ברייקינג
2025-05-19,IG carousel,N,סיקור שוטף
2025-05-19,IG image,P,קידום שידור
2025-05-19,IG reel,N,סיקור שוטף
2025-05-19,IG carousel,P,קידום שידור
2025-05-19,IG image,N,סיקור שוטף
2025-05-19,IG image,N,סיקור שוטף
2025-05-19,IG image,N,סיקור שוטף
2025-05-19,IG reel,M,מגזין/פנאי
2025-05-19,IG image,B,ברייקינג
2025-05-19,IG reel,M,מגזין/פנאי
2025-05-19,IG carousel,M,מגזין/פנאי
2025-05-19,IG carousel,N,סיקור שוטף
2025-05-20,IG image,B,ברייקינג
2025-05-20,IG reel,S,תוכן מתוכנית/כתבה
2025-05-20,IG image,N,סיקור שוטף
2025-05-20,IG image,M,מגזין/פנאי
2025-05-20,IG image,N,סיקור שוטף
2025-05-20,IG reel,M,מגזין/פנאי
2025-05-20,IG image,B,ברייקינג
2025-05-20,IG carousel,N,סיקור שוטף
2025-05-20,IG image,N,סיקור שוטף
2025-05-20,IG image,N,סיקור שוטף
2025-05-20,IG image,N,סיקור שוטף
2025-05-20,IG image,N,סיקור שוטף
2025-05-20,IG reel,N,סיקור שוטף
2025-05-20,IG reel,M,מגזין/פנאי
2025-05-20,IG image,N,סיקור שוטף
2025-05-21,IG reel,B,ברייקינג
2025-05-21,IG image,B,ברייקינג
2025-05-21,IG reel,B,ברייקינג
2025-05-21,IG reel,F,תיעוד
2025-05-21,IG image,B,ברייקינג
2025-05-21,IG reel,B,ברייקינג
2025-05-21,IG image,N,סיקור שוטף
2025-05-21,IG image,N,סיקור שוטף
2025-05-21,IG carousel,N,סיקור שוטף
2025-05-21,IG image,N,סיקור שוטף
2025-05-21,IG carousel,N,סיקור שוטף
2025-05-21,IG image,N,סיקור שוטף
2025-05-21,IG reel,M,מגזין/פנאי
2025-05-21,IG image,N,סיקור שוטף
2025-05-21,IG image,N,סיקור שוטף
2025-05-22,IG image,B,ברייקינג
2025-05-22,IG image,N,סיקור שוטף
2025-05-22,IG reel,M,מגזין/פנאי
2025-05-22,IG image,N,סיקור שוטף
2025-05-22,IG image,N,סיקור שוטף
2025-05-22,IG image,N,סיקור שוטף
2025-05-22,IG image,B,ברייקינג
2025-05-23,IG reel,M,מגזין/פנאי
2025-05-23,IG carousel,N,סיקור שוטף
2025-05-23,IG carousel,N,סיקור שוטף
2025-05-23,IG reel,N,סיקור שוטף
2025-05-23,IG reel,N,סיקור שוטף
2025-05-23,IG image,N,סיקור שוטף
2025-05-24,IG carousel,N,סיקור שוטף
2025-05-24,IG image,P,קידום שידור
2025-05-24,IG reel,S,תוכן מתוכנית/כתבה
2025-05-24,IG reel,N,סיקור שוטף
2025-05-24,IG image,N,סיקור שוטף
2025-05-24,IG image,N,סיקור שוטף
2025-05-24,IG reel,M,מגזין/פנאי
2025-05-25,IG image,N,סיקור שוטף
2025-05-25,IG image,N,סיקור שוטף
2025-05-25,IG image,N,סיקור שוטף
2025-05-25,IG reel,N,סיקור שוטף
2025-05-25,IG image,B,ברייקינג
2025-05-25,IG image,N,סיקור שוטף
2025-05-25,IG image,N,סיקור שוטף
2025-05-25,IG reel,M,מגזין/פנאי
2025-05-25,IG image,N,סיקור שוטף
2025-05-25,IG image,N,סיקור שוטף
2025-05-25,IG image,N,סיקור שוטף
2025-05-26,IG reel,N,סיקור שוטף
2025-05-26,IG reel,N,סיקור שוטף
2025-05-26,IG reel,B,ברייקינג
2025-05-26,IG image,N,סיקור שוטף
2025-05-26,IG image,N,סיקור שוטף
2025-05-26,IG reel,N,סיקור שוטף
2025-05-26,IG image,N,סיקור שוטף
2025-05-26,IG reel,M,מגזין/פנאי
2025-05-26,IG image,N,סיקור שוטף
2025-05-26,IG reel,N,סיקור שוטף
2025-05-26,IG image,B,ברייקינג
2025-05-26,IG reel,F,תיעוד
2025-05-26,IG reel,M,מגזין/פנאי
2025-05-26,IG image,N,סיקור שוטף
2025-05-26,IG reel,N,סיקור שוטף
2025-05-26,IG image,N,סיקור שוטף
2025-05-27,IG reel,N,סיקור שוטף
2025-05-27,IG image,N,סיקור שוטף
2025-05-27,IG carousel,F,תיעוד
2025-05-27,IG image,N,סיקור שוטף
2025-05-27,IG reel,F,תיעוד
2025-05-27,IG reel,B,ברייקינג
2025-05-27,IG reel,N,סיקור שוטף
2025-05-27,IG image,N,סיקור שוטף
2025-05-27,IG image,N,סיקור שוטף
2025-05-27,IG image,N,סיקור שוטף
2025-05-27,IG reel,P,קידום שידור
2025-05-27,IG reel,N,סיקור שוטף
2025-05-27,IG reel,N,סיקור שוטף
2025-05-27,IG reel,M,מגזין/פנאי
2025-05-27,IG carousel,M,מגזין/פנאי
2025-05-28,IG image,N,סיקור שוטף
2025-05-28,IG carousel,N,סיקור שוטף
2025-05-28,IG carousel,N,סיקור שוטף
2025-05-28,IG image,N,סיקור שוטף
2025-05-28,IG reel,P,קידום שידור
2025-05-28,IG reel,N,סיקור שוטף
2025-05-29,IG carousel,N,סיקור שוטף
2025-05-29,IG reel,M,מגזין/פנאי
2025-05-29,IG carousel,N,סיקור שוטף
2025-05-29,IG reel,B,ברייקינג
2025-05-29,IG reel,S,תוכן מתוכנית/כתבה
2025-05-29,IG reel,M,מגזין/פנאי
2025-05-29,IG reel,N,סיקור שוטף
2025-05-29,IG reel,F,תיעוד
2025-05-29,IG carousel,M,מגזין/פנאי
2025-05-29,IG image,B,ברייקינג
2025-05-29,IG carousel,N,סיקור שוטף
2025-05-29,IG carousel,B,ברייקינג
2025-05-29,IG image,B,ברייקינג
2025-05-29,IG image,N,סיקור שוטף
2025-05-29,IG image,N,סיקור שוטף
2025-05-30,IG reel,B,ברייקינג
2025-05-30,IG image,N,סיקור שוטף
2025-05-30,IG carousel,M,מגזין/פנאי
2025-05-30,IG reel,F,תיעוד
2025-05-30,IG reel,P,קידום שידור
2025-05-30,IG reel,M,מגזין/פנאי
2025-05-30,IG reel,P,קידום שידור
2025-05-31,IG reel,P,קידום שידור
2025-05-31,IG image,M,מגזין/פנאי
2025-05-31,IG image,M,מגזין/פנאי
2025-05-31,IG image,N,סיקור שוטף
2025-05-31,IG reel,P,קידום שידור
2025-05-31,IG image,N,סיקור שוטף
2025-05-31,IG image,N,סיקור שוטף
2025-06-01,IG reel,M,מגזין/פנאי
2025-06-01,IG image,B,ברייקינג
2025-06-01,IG image,P,קידום שידור
2025-06-01,IG image,P,קידום שידור
2025-06-01,IG image,N,סיקור שוטף
2025-06-01,IG image,N,סיקור שוטף
2025-06-01,IG image,B,ברייקינג
2025-06-01,IG image,B,ברייקינג
2025-06-01,IG reel,N,סיקור שוטף
2025-06-01,IG image,N,סיקור שוטף
2025-06-02,IG image,B,ברייקינג
2025-06-02,IG image,N,סיקור שוטף
2025-06-02,IG image,N,סיקור שוטף
2025-06-02,IG image,N,סיקור שוטף
2025-06-02,IG carousel,N,סיקור שוטף
2025-06-02,IG image,M,מגזין/פנאי
2025-06-02,IG reel,M,מגזין/פנאי
2025-06-02,IG reel,M,מגזין/פנאי
2025-06-02,IG reel,M,מגזין/פנאי
2025-06-02,IG image,M,מגזין/פנאי
2025-06-02,IG reel,P,קידום שידור
2025-06-02,IG image,N,סיקור שוטף
2025-06-02,IG carousel,N,סיקור שוטף
2025-06-02,IG reel,S,תוכן מתוכנית/כתבה
2025-06-02,IG reel,B,ברייקינג
2025-06-02,IG reel,M,מגזין/פנאי
2025-06-03,IG carousel,P,קידום שידור
2025-06-03,IG reel,M,מגזין/פנאי
2025-06-03,IG reel,M,מגזין/פנאי
2025-06-03,IG reel,P,קידום שידור
2025-06-03,IG carousel,M,מגזין/פנאי
2025-06-03,IG carousel,N,סיקור שוטף
2025-06-03,IG carousel,M,מגזין/פנאי
2025-06-03,IG carousel,N,סיקור שוטף
2025-06-03,IG reel,M,מגזין/פנאי
2025-06-03,IG image,N,סיקור שוטף
2025-06-03,IG image,N,סיקור שוטף
2025-06-04,IG carousel,N,סיקור שוטף
2025-06-04,IG carousel,N,סיקור שוטף
2025-06-04,IG image,N,סיקור שוטף
2025-06-04,IG image,N,סיקור שוטף
2025-06-04,IG reel,M,מגזין/פנאי
2025-06-04,IG carousel,N,סיקור שוטף
2025-06-04,IG image,N,סיקור שוטף
2025-06-04,IG reel,F,תיעוד
2025-06-04,IG reel,M,מגזין/פנאי
2025-06-04,IG carousel,N,סיקור שוטף
2025-06-04,IG image,B,ברייקינג
2025-06-04,IG carousel,N,סיקור שוטף
2025-06-04,IG image,N,סיקור שוטף
2025-06-05,IG image,N,סיקור שוטף
2025-06-05,IG image,N,סיקור שוטף
2025-06-05,IG reel,B,ברייקינג
2025-06-05,IG reel,S,תוכן מתוכנית/כתבה
2025-06-05,IG carousel,N,סיקור שוטף
2025-06-05,IG image,N,סיקור שוטף
2025-06-05,IG image,N,סיקור שוטף
2025-06-05,IG reel,N,סיקור שוטף
2025-06-05,IG reel,N,סיקור שוטף
2025-06-05,IG reel,P,קידום שידור
2025-06-05,IG reel,M,מגזין/פנאי
2025-06-05,IG reel,M,מגזין/פנאי
2025-06-05,IG image,N,סיקור שוטף
2025-06-05,IG image,N,סיקור שוטף
2025-06-05,IG reel,B,ברייקינג
2025-06-05,IG image,N,סיקור שוטף
2025-06-05,IG image,N,סיקור שוטף
2025-06-05,IG image,N,סיקור שוטף
2025-06-05,IG image,N,סיקור שוטף
2025-06-05,IG image,N,סיקור שוטף
2025-06-05,IG carousel,N,סיקור שוטף
2025-06-06,IG image,M,מגזין/פנאי
2025-06-06,IG image,M,מגזין/פנאי
2025-06-06,IG reel,N,סיקור שוטף
2025-06-06,IG reel,N,סיקור שוטף
2025-06-06,IG carousel,B,ברייקינג
2025-06-06,IG reel,M,מגזין/פנאי
2025-06-06,IG image,N,סיקור שוטף
2025-06-06,IG reel,P,קידום שידור
2025-06-06,IG image,N,סיקור שוטף
2025-06-06,IG reel,N,סיקור שוטף
2025-06-07,IG carousel,S,תוכן מתוכנית/כתבה
2025-06-07,IG image,M,מגזין/פנאי
2025-06-07,IG reel,M,מגזין/פנאי
2025-06-07,IG carousel,M,מגזין/פנאי
2025-06-07,IG reel,M,מגזין/פנאי
2025-06-07,IG carousel,M,מגזין/פנאי
2025-06-07,IG reel,M,מגזין/פנאי
2025-06-07,IG carousel,M,מגזין/פנאי
2025-06-07,IG carousel,N,סיקור שוטף
2025-06-07,IG reel,F,תיעוד
2025-06-07,IG image,B,ברייקינג
2025-06-07,IG reel,M,מגזין/פנאי
2025-06-07,IG carousel,N,סיקור שוטף
2025-06-07,IG image,P,קידום שידור
2025-06-08,IG carousel,N,סיקור שוטף
2025-06-08,IG image,N,סיקור שוטף
2025-06-08,IG image,N,סיקור שוטף
2025-06-08,IG reel,F,תיעוד
2025-06-09,IG reel,M,מגזין/פנאי
2025-06-09,IG reel,M,מגזין/פנאי
2025-06-09,IG reel,M,מגזין/פנאי
2025-06-09,IG reel,M,מגזין/פנאי
2025-06-09,IG reel,S,תוכן מתוכנית/כתבה
2025-06-09,IG image,F,תיעוד
2025-06-09,IG carousel,N,סיקור שוטף
2025-06-09,IG reel,S,תוכן מתוכנית/כתבה
2025-06-09,IG reel,S,תוכן מתוכנית/כתבה
2025-06-09,IG image,N,סיקור שוטף
2025-06-10,IG image,N,סיקור שוטף
2025-06-10,IG image,N,סיקור שוטף
2025-06-10,IG image,N,סיקור שוטף
2025-06-10,IG image,M,מגזין/פנאי
2025-06-10,IG image,N,סיקור שוטף
2025-06-10,IG reel,S,תוכן מתוכנית/כתבה
2025-06-10,IG carousel,F,תיעוד
2025-06-10,IG reel,F,תיעוד
2025-06-10,IG reel,S,תוכן מתוכנית/כתבה
2025-06-10,IG image,N,סיקור שוטף
2025-06-10,IG reel,F,תיעוד
2025-06-11,IG carousel,N,סיקור שוטף
2025-06-11,IG reel,M,מגזין/פנאי
2025-06-11,IG reel,F,תיעוד
2025-06-11,IG image,N,סיקור שוטף
2025-06-11,IG image,N,סיקור שוטף
2025-06-11,IG reel,N,סיקור שוטף
2025-06-11,IG reel,S,תוכן מתוכנית/כתבה
2025-06-11,IG image,N,סיקור שוטף
2025-06-11,IG image,N,סיקור שוטף
2025-06-11,IG image,N,סיקור שוטף
2025-06-12,IG reel,N,סיקור שוטף
2025-06-12,IG reel,S,תוכן מתוכנית/כתבה
2025-06-12,IG reel,S,תוכן מתוכנית/כתבה
2025-06-12,IG reel,M,מגזין/פנאי
2025-06-12,IG reel,S,תוכן מתוכנית/כתבה
2025-06-12,IG reel,M,מגזין/פנאי
2025-06-12,IG image,M,מגזין/פנאי
2025-06-12,IG image,M,מגזין/פנאי
2025-06-12,IG reel,S,תוכן מתוכנית/כתבה
2025-06-13,IG image,B,ברייקינג
2025-06-13,IG image,B,ברייקינג
2025-06-13,IG image,N,סיקור שוטף
2025-06-13,IG reel,B,ברייקינג
2025-06-13,IG image,B,ברייקינג
2025-06-13,IG image,B,ברייקינג
2025-06-13,IG image,N,סיקור שוטף
2025-06-13,IG image,B,ברייקינג
2025-06-13,IG carousel,N,סיקור שוטף
2025-06-13,IG reel,F,תיעוד
2025-06-13,IG image,N,סיקור שוטף
2025-06-13,IG image,B,ברייקינג
2025-06-13,IG reel,F,תיעוד
2025-06-13,IG image,N,סיקור שוטף
2025-06-13,IG image,N,סיקור שוטף
2025-06-13,IG image,N,סיקור שוטף
2025-06-13,IG image,N,סיקור שוטף
2025-06-13,IG image,N,סיקור שוטף
2025-06-13,IG image,B,ברייקינג
2025-06-13,IG image,B,ברייקינג
2025-06-13,IG image,M,מגזין/פנאי
2025-06-13,IG reel,B,ברייקינג
2025-06-13,IG image,B,ברייקינג
2025-06-13,IG reel,M,מגזין/פנאי
2025-06-13,IG reel,P,קידום שידור
2025-06-13,IG image,M,מגזין/פנאי
2025-06-13,IG reel,S,תוכן מתוכנית/כתבה
2025-06-13,IG reel,N,סיקור שוטף
2025-06-13,IG image,B,ברייקינג
2025-06-13,IG image,B,ברייקינג
2025-06-13,IG image,B,ברייקינג
2025-06-14,IG image,N,סיקור שוטף
2025-06-14,IG image,N,סיקור שוטף
2025-06-14,IG reel,S,תוכן מתוכנית/כתבה
2025-06-14,IG carousel,F,תיעוד
2025-06-14,IG image,B,ברייקינג
2025-06-14,IG reel,B,ברייקינג
2025-06-14,IG image,P,קידום שידור
2025-06-14,IG reel,S,תוכן מתוכנית/כתבה
2025-06-14,IG image,B,ברייקינג
2025-06-14,IG reel,S,תוכן מתוכנית/כתבה
2025-06-14,IG reel,S,תוכן מתוכנית/כתבה
2025-06-14,IG reel,S,תוכן מתוכנית/כתבה
2025-06-14,IG reel,S,תוכן מתוכנית/כתבה
2025-06-14,IG image,N,סיקור שוטף
2025-06-14,IG image,B,ברייקינג
2025-06-14,IG reel,F,תיעוד
2025-06-14,IG image,N,סיקור שוטף
2025-06-14,IG reel,B,ברייקינג
2025-06-14,IG image,B,ברייקינג
2025-06-14,IG reel,N,סיקור שוטף
2025-06-14,IG image,B,ברייקינג
2025-06-14,IG carousel,F,תיעוד
2025-06-14,IG image,B,ברייקינג
2025-06-14,IG image,B,ברייקינג
2025-06-14,IG image,B,ברייקינג
2025-06-14,IG reel,B,ברייקינג
2025-06-14,IG image,B,ברייקינג
2025-06-14,IG image,B,ברייקינג
2025-06-14,IG image,B,ברייקינג
2025-06-14,IG image,B,ברייקינג
2025-06-14,IG image,N,סיקור שוטף
2025-06-14,IG image,S,תוכן מתוכנית/כתבה
2025-06-14,IG reel,S,תוכן מתוכנית/כתבה
2025-06-15,IG carousel,F,תיעוד
2025-06-15,IG reel,S,תוכן מתוכנית/כתבה
2025-06-15,IG image,N,סיקור שוטף
2025-06-15,IG reel,N,סיקור שוטף
2025-06-15,IG reel,S,תוכן מתוכנית/כתבה
2025-06-15,IG reel,M,מגזין/פנאי
2025-06-15,IG reel,M,מגזין/פנאי
2025-06-15,IG image,B,ברייקינג
2025-06-15,IG reel,N,סיקור שוטף
2025-06-15,IG image,N,סיקור שוטף
2025-06-15,IG reel,F,תיעוד
2025-06-15,IG image,N,סיקור שוטף
2025-06-15,IG reel,N,סיקור שוטף
2025-06-15,IG reel,S,תוכן מתוכנית/כתבה
2025-06-15,IG reel,N,סיקור שוטף
2025-06-15,IG image,N,סיקור שוטף
2025-06-15,IG image,B,ברייקינג
2025-06-15,IG image,B,ברייקינג
2025-06-15,IG reel,B,ברייקינג
2025-06-15,IG image,B,ברייקינג
2025-06-15,IG reel,S,תוכן מתוכנית/כתבה
2025-06-15,IG reel,S,תוכן מתוכנית/כתבה
2025-06-15,IG image,N,סיקור שוטף
2025-06-15,IG image,B,ברייקינג
2025-06-15,IG image,B,ברייקינג
2025-06-15,IG reel,B,ברייקינג
2025-06-15,IG reel,F,תיעוד
2025-06-15,IG image,B,ברייקינג
2025-06-15,IG reel,F,תיעוד
2025-06-15,IG image,B,ברייקינג
2025-06-15,IG image,B,ברייקינג
2025-06-15,IG carousel,S,תוכן מתוכנית/כתבה
2025-06-15,IG image,B,ברייקינג
2025-06-15,IG image,B,ברייקינג
2025-06-16,IG reel,B,ברייקינג
2025-06-16,IG image,B,ברייקינג
2025-06-16,IG image,B,ברייקינג
2025-06-16,IG image,B,ברייקינג
2025-06-16,IG reel,N,סיקור שוטף
2025-06-16,IG image,N,סיקור שוטף
2025-06-16,IG carousel,B,ברייקינג
2025-06-16,IG reel,F,תיעוד
2025-06-16,IG carousel,B,ברייקינג
2025-06-16,IG reel,P,קידום שידור
2025-06-16,IG image,N,סיקור שוטף
2025-06-16,IG image,B,ברייקינג
2025-06-16,IG carousel,N,סיקור שוטף
2025-06-16,IG image,B,ברייקינג
2025-06-16,IG image,B,ברייקינג
2025-06-16,IG reel,S,תוכן מתוכנית/כתבה
2025-06-16,IG image,N,סיקור שוטף
2025-06-16,IG image,B,ברייקינג
2025-06-16,IG image,B,ברייקינג
2025-06-16,IG image,B,ברייקינג
2025-06-16,IG reel,M,מגזין/פנאי
2025-06-17,IG carousel,M,מגזין/פנאי
2025-06-17,IG image,N,סיקור שוטף
2025-06-17,IG reel,S,תוכן מתוכנית/כתבה
2025-06-17,IG reel,S,תוכן מתוכנית/כתבה
2025-06-17,IG reel,S,תוכן מתוכנית/כתבה
2025-06-17,IG carousel,N,סיקור שוטף
2025-06-17,IG image,B,ברייקינג
2025-06-17,IG carousel,P,קידום שידור
2025-06-17,IG image,B,ברייקינג
2025-06-17,IG image,B,ברייקינג
2025-06-17,IG reel,M,מגזין/פנאי
2025-06-17,IG reel,F,תיעוד
2025-06-17,IG reel,B,ברייקינג
2025-06-17,IG reel,F,תיעוד
2025-06-17,IG image,N,סיקור שוטף
2025-06-18,IG image,N,סיקור שוטף
2025-06-18,IG reel,S,תוכן מתוכנית/כתבה
2025-06-18,IG image,B,ברייקינג
2025-06-18,IG image,B,ברייקינג
2025-06-18,IG image,S,תוכן מתוכנית/כתבה
2025-06-18,IG reel,B,ברייקינג
2025-06-18,IG reel,B,ברייקינג
2025-06-18,IG image,B,ברייקינג
2025-06-18,IG image,N,סיקור שוטף
2025-06-18,IG reel,M,מגזין/פנאי
2025-06-18,IG carousel,P,קידום שידור
2025-06-18,IG reel,N,סיקור שוטף
2025-06-18,IG image,B,ברייקינג
2025-06-18,IG carousel,N,סיקור שוטף
2025-06-18,IG reel,N,סיקור שוטף
2025-06-18,IG carousel,M,מגזין/פנאי
2025-06-18,IG image,N,סיקור שוטף
2025-06-18,IG reel,M,מגזין/פנאי
2025-06-18,IG reel,M,מגזין/פנאי
2025-06-18,IG reel,N,סיקור שוטף
2025-06-18,IG image,N,סיקור שוטף
2025-06-18,IG image,N,סיקור שוטף
2025-06-18,IG image,N,סיקור שוטף
2025-06-18,IG image,N,סיקור שוטף
2025-06-19,IG carousel,S,תוכן מתוכנית/כתבה
2025-06-19,IG reel,S,תוכן מתוכנית/כתבה
2025-06-19,IG reel,N,סיקור שוטף
2025-06-19,IG reel,S,תוכן מתוכנית/כתבה
2025-06-19,IG reel,S,תוכן מתוכנית/כתבה
2025-06-19,IG image,N,סיקור שוטף
2025-06-19,IG reel,S,תוכן מתוכנית/כתבה
2025-06-19,IG image,B,ברייקינג
2025-06-19,IG reel,N,סיקור שוטף
2025-06-19,IG reel,F,תיעוד
2025-06-19,IG image,N,סיקור שוטף
2025-06-19,IG image,N,סיקור שוטף
2025-06-19,IG image,N,סיקור שוטף
2025-06-19,IG reel,S,תוכן מתוכנית/כתבה
2025-06-19,IG reel,M,מגזין/פנאי
2025-06-19,IG reel,B,ברייקינג
2025-06-20,IG reel,S,תוכן מתוכנית/כתבה
2025-06-20,IG reel,B,ברייקינג
2025-06-20,IG reel,B,ברייקינג
2025-06-20,IG reel,B,ברייקינג
2025-06-20,IG image,N,סיקור שוטף
2025-06-20,IG image,B,ברייקינג
2025-06-20,IG image,B,ברייקינג
2025-06-20,IG image,N,סיקור שוטף
2025-06-20,IG reel,P,קידום שידור
2025-06-20,IG image,N,סיקור שוטף
2025-06-20,IG image,B,ברייקינג
2025-06-20,IG image,B,ברייקינג
2025-06-20,IG reel,F,תיעוד
2025-06-20,IG reel,N,סיקור שוטף
2025-06-20,IG image,B,ברייקינג
2025-06-20,IG reel,N,סיקור שוטף
2025-06-20,IG reel,N,סיקור שוטף
2025-06-20,IG reel,S,תוכן מתוכנית/כתבה
2025-06-20,IG reel,N,סיקור שוטף
2025-06-21,IG reel,N,סיקור שוטף
2025-06-21,IG image,N,סיקור שוטף
2025-06-21,IG reel,B,ברייקינג
2025-06-21,IG image,B,ברייקינג
2025-06-21,IG image,B,ברייקינג
2025-06-21,IG reel,S,תוכן מתוכנית/כתבה
2025-06-21,IG reel,N,סיקור שוטף
2025-06-21,IG image,N,סיקור שוטף
2025-06-21,IG reel,B,ברייקינג
2025-06-21,IG reel,F,תיעוד
2025-06-21,IG image,B,ברייקינג
2025-06-21,IG image,N,סיקור שוטף
2025-06-21,IG image,B,ברייקינג
2025-06-21,IG carousel,P,קידום שידור
2025-06-21,IG reel,S,תוכן מתוכנית/כתבה
2025-06-21,IG carousel,N,סיקור שוטף
2025-06-21,IG reel,S,תוכן מתוכנית/כתבה
2025-06-21,IG carousel,P,קידום שידור
2025-06-21,IG reel,S,תוכן מתוכנית/כתבה
2025-06-21,IG image,B,ברייקינג
2025-06-21,IG carousel,N,סיקור שוטף
2025-06-21,IG image,B,ברייקינג
2025-06-22,IG image,N,סיקור שוטף
2025-06-22,IG reel,B,ברייקינג
2025-06-22,IG image,B,ברייקינג
2025-06-22,IG reel,N,סיקור שוטף
2025-06-22,IG image,N,סיקור שוטף
2025-06-22,IG carousel,N,סיקור שוטף
2025-06-22,IG reel,F,תיעוד
2025-06-22,IG image,B,ברייקינג
2025-06-22,IG reel,S,תוכן מתוכנית/כתבה
2025-06-22,IG image,N,סיקור שוטף
2025-06-22,IG reel,S,תוכן מתוכנית/כתבה
2025-06-22,IG image,N,סיקור שוטף
2025-06-22,IG image,N,סיקור שוטף
2025-06-22,IG image,B,ברייקינג
2025-06-22,IG image,N,סיקור שוטף
2025-06-22,IG carousel,M,מגזין/פנאי
2025-06-23,IG reel,B,ברייקינג
2025-06-23,IG image,N,סיקור שוטף
2025-06-23,IG image,B,ברייקינג
2025-06-23,IG reel,S,תוכן מתוכנית/כתבה
2025-06-23,IG image,N,סיקור שוטף
2025-06-23,IG reel,F,תיעוד
2025-06-23,IG image,B,ברייקינג
2025-06-23,IG carousel,F,תיעוד
2025-06-23,IG image,B,ברייקינג
2025-06-23,IG reel,B,ברייקינג
2025-06-23,IG image,P,קידום שידור
2025-06-23,IG image,B,ברייקינג
2025-06-23,IG reel,N,סיקור שוטף
2025-06-23,IG carousel,N,סיקור שוטף
2025-06-23,IG image,N,סיקור שוטף
2025-06-23,IG reel,S,תוכן מתוכנית/כתבה
2025-06-23,IG carousel,P,קידום שידור
2025-06-23,IG reel,F,תיעוד
2025-06-23,IG reel,S,תוכן מתוכנית/כתבה
2025-06-23,IG reel,B,ברייקינג
2025-06-23,IG reel,P,קידום שידור
2025-06-23,IG reel,F,תיעוד
2025-06-23,IG image,B,ברייקינג
2025-06-23,IG image,M,מגזין/פנאי
2025-06-23,IG reel,N,סיקור שוטף
2025-06-23,IG image,B,ברייקינג
2025-06-23,IG reel,B,ברייקינג
2025-06-23,IG image,B,ברייקינג
2025-06-23,IG image,B,ברייקינג
2025-06-23,IG image,B,ברייקינג
2025-06-23,IG reel,S,תוכן מתוכנית/כתבה
2025-06-24,IG image,B,ברייקינג
2025-06-24,IG carousel,B,ברייקינג
2025-06-24,IG image,N,סיקור שוטף
2025-06-24,IG reel,M,מגזין/פנאי
2025-06-24,IG image,B,ברייקינג
2025-06-24,IG reel,S,תוכן מתוכנית/כתבה
2025-06-24,IG reel,S,תוכן מתוכנית/כתבה
2025-06-24,IG carousel,N,סיקור שוטף
2025-06-24,IG image,N,סיקור שוטף
2025-06-24,IG reel,M,מגזין/פנאי
2025-06-24,IG reel,N,סיקור שוטף
2025-06-24,IG image,B,ברייקינג
2025-06-24,IG reel,N,סיקור שוטף
2025-06-24,IG image,B,ברייקינג
2025-06-24,IG image,B,ברייקינג
2025-06-24,IG reel,S,תוכן מתוכנית/כתבה
2025-06-24,IG image,B,ברייקינג
2025-06-24,IG image,N,סיקור שוטף
2025-06-24,IG image,N,סיקור שוטף
2025-06-24,IG reel,N,סיקור שוטף
2025-06-24,IG image,N,סיקור שוטף
2025-06-24,IG image,B,ברייקינג
2025-06-25,IG image,P,קידום שידור
2025-06-25,IG image,B,ברייקינג
2025-06-25,IG image,N,סיקור שוטף
2025-06-25,IG carousel,P,קידום שידור
2025-06-25,IG carousel,P,קידום שידור
2025-06-25,IG reel,S,תוכן מתוכנית/כתבה
2025-06-25,IG reel,B,ברייקינג
2025-06-25,IG image,N,סיקור שוטף
2025-06-25,IG reel,N,סיקור שוטף
2025-06-25,IG reel,N,סיקור שוטף
2025-06-25,IG image,P,קידום שידור
2025-06-25,IG image,N,סיקור שוטף
2025-06-25,IG carousel,B,ברייקינג
2025-06-25,IG reel,N,סיקור שוטף
2025-06-25,IG image,N,סיקור שוטף
2025-06-25,IG carousel,N,סיקור שוטף
2025-06-25,IG image,B,ברייקינג
2025-06-26,IG image,M,מגזין/פנאי
2025-06-26,IG image,P,קידום שידור
2025-06-26,IG carousel,S,תוכן מתוכנית/כתבה
2025-06-26,IG reel,N,סיקור שוטף
2025-06-26,IG reel,N,סיקור שוטף
2025-06-26,IG image,N,סיקור שוטף
2025-06-26,IG reel,S,תוכן מתוכנית/כתבה
2025-06-26,IG image,N,סיקור שוטף
2025-06-27,IG image,N,סיקור שוטף
2025-06-27,IG carousel,N,סיקור שוטף
2025-06-27,IG image,N,סיקור שוטף
2025-06-27,IG reel,M,מגזין/פנאי
2025-06-27,IG image,B,ברייקינג
2025-06-27,IG reel,S,תוכן מתוכנית/כתבה
2025-06-27,IG carousel,N,סיקור שוטף
2025-06-28,IG image,P,קידום שידור
2025-06-28,IG image,M,מגזין/פנאי
2025-06-28,IG reel,F,תיעוד
2025-06-28,IG reel,P,קידום שידור
2025-06-28,IG image,B,ברייקינג
2025-06-28,IG carousel,F,תיעוד
2025-06-28,IG image,N,סיקור שוטף
2025-06-28,IG reel,N,סיקור שוטף
2025-06-29,IG reel,S,תוכן מתוכנית/כתבה
2025-06-29,IG carousel,B,ברייקינג
2025-06-29,IG image,N,סיקור שוטף
2025-06-29,IG carousel,N,סיקור שוטף
2025-06-29,IG image,N,סיקור שוטף
2025-06-29,IG carousel,S,תוכן מתוכנית/כתבה
2025-06-29,IG reel,N,סיקור שוטף
2025-06-29,IG image,M,מגזין/פנאי
2025-06-29,IG image,B,ברייקינג
2025-06-29,IG image,N,סיקור שוטף
2025-06-29,IG image,N,סיקור שוטף
2025-06-29,IG image,N,סיקור שוטף
2025-06-29,IG image,N,סיקור שוטף
2025-06-30,IG carousel,P,קידום שידור
2025-06-30,IG carousel,N,סיקור שוטף
2025-06-30,IG image,M,מגזין/פנאי
2025-06-30,IG image,N,סיקור שוטף
2025-06-30,IG carousel,P,קידום שידור
2025-06-30,IG image,N,סיקור שוטף
2025-06-30,IG image,N,סיקור שוטף
2025-06-30,IG image,N,סיקור שוטף
2025-06-30,IG reel,B,ברייקינג
2025-06-30,IG reel,N,סיקור שוטף
2025-06-30,IG image,N,סיקור שוטף
2025-06-30,IG reel,N,סיקור שוטף
2025-06-30,IG carousel,N,סיקור שוטף
2025-06-30,IG carousel,N,סיקור שוטף
2025-07-01,IG image,F,תיעוד
2025-07-01,IG carousel,N,סיקור שוטף
2025-07-01,IG carousel,N,סיקור שוטף
2025-07-01,IG reel,M,מגזין/פנאי
2025-07-01,IG reel,N,סיקור שוטף
2025-07-01,IG reel,P,קידום שידור
2025-07-01,IG reel,P,קידום שידור
2025-07-01,IG image,B,ברייקינג
2025-07-01,IG image,N,סיקור שוטף
2025-07-02,IG reel,S,תוכן מתוכנית/כתבה
2025-07-02,IG image,P,קידום שידור
2025-07-02,IG reel,N,סיקור שוטף
2025-07-02,IG reel,P,קידום שידור
2025-07-02,IG carousel,N,סיקור שוטף
2025-07-02,IG reel,F,תיעוד
2025-07-02,IG reel,F,תיעוד
2025-07-02,IG reel,M,מגזין/פנאי
2025-07-02,IG image,N,סיקור שוטף
2025-07-03,IG image,N,סיקור שוטף
2025-07-03,IG reel,N,סיקור שוטף
2025-07-03,IG image,N,סיקור שוטף
2025-07-03,IG image,N,סיקור שוטף
2025-07-03,IG carousel,M,מגזין/פנאי
2025-07-03,IG reel,M,מגזין/פנאי
2025-07-03,IG image,N,סיקור שוטף
2025-07-04,IG carousel,S,תוכן מתוכנית/כתבה
2025-07-04,IG carousel,S,תוכן מתוכנית/כתבה
2025-07-04,IG image,N,סיקור שוטף
2025-07-04,IG image,N,סיקור שוטף
2025-07-04,IG image,N,סיקור שוטף
2025-07-04,IG reel,N,סיקור שוטף
2025-07-05,IG reel,P,קידום שידור
2025-07-05,IG image,P,קידום שידור
2025-07-05,IG reel,S,תוכן מתוכנית/כתבה
2025-07-05,IG reel,N,סיקור שוטף
2025-07-05,IG image,B,ברייקינג
2025-07-05,IG reel,B,ברייקינג
2025-07-05,IG reel,S,תוכן מתוכנית/כתבה
2025-07-05,IG reel,N,סיקור שוטף
2025-07-05,IG image,N,סיקור שוטף
2025-07-05,IG image,N,סיקור שוטף
2025-07-06,IG reel,N,סיקור שוטף
2025-07-06,IG image,B,ברייקינג
2025-07-06,IG reel,S,תוכן מתוכנית/כתבה
2025-07-06,IG image,N,סיקור שוטף
2025-07-06,IG carousel,B,ברייקינג
2025-07-06,IG image,N,סיקור שוטף
2025-07-06,IG image,B,ברייקינג
2025-07-06,IG image,N,סיקור שוטף
2025-07-06,IG image,N,סיקור שוטף
2025-07-06,IG carousel,P,קידום שידור
2025-07-06,IG image,N,סיקור שוטף
2025-07-06,IG image,M,מגזין/פנאי
2025-07-06,IG reel,S,תוכן מתוכנית/כתבה
2025-07-06,IG image,B,ברייקינג
2025-07-06,IG reel,F,תיעוד
2025-07-07,IG image,N,סיקור שוטף
2025-07-07,IG reel,M,מגזין/פנאי
2025-07-07,IG carousel,S,תוכן מתוכנית/כתבה
2025-07-07,IG reel,F,תיעוד
2025-07-07,IG image,N,סיקור שוטף
2025-07-07,IG image,N,סיקור שוטף
2025-07-07,IG image,N,סיקור שוטף
2025-07-07,IG reel,S,תוכן מתוכנית/כתבה
2025-07-07,IG image,B,ברייקינג
2025-07-07,IG reel,P,קידום שידור
2025-07-07,IG image,N,סיקור שוטף
2025-07-07,IG image,N,סיקור שוטף
2025-07-07,IG image,B,ברייקינג
2025-07-07,IG carousel,B,ברייקינג
2025-07-07,IG carousel,B,ברייקינג
2025-07-07,IG image,B,ברייקינג
2025-07-07,IG carousel,B,ברייקינג
2025-07-08,IG image,N,סיקור שוטף
2025-07-08,IG carousel,N,סיקור שוטף
2025-07-08,IG reel,N,סיקור שוטף
2025-07-08,IG reel,N,סיקור שוטף
2025-07-08,IG image,N,סיקור שוטף
2025-07-08,IG reel,M,מגזין/פנאי
2025-07-08,IG reel,N,סיקור שוטף
2025-07-08,IG reel,N,סיקור שוטף
2025-07-08,IG reel,N,סיקור שוטף
2025-07-08,IG reel,M,מגזין/פנאי
2025-07-08,IG image,N,סיקור שוטף
2025-07-08,IG reel,M,מגזין/פנאי
2025-07-08,IG carousel,F,תיעוד
2025-07-08,IG reel,P,קידום שידור
2025-07-08,IG carousel,N,סיקור שוטף
2025-07-09,IG reel,M,מגזין/פנאי
2025-07-09,IG carousel,P,קידום שידור
2025-07-09,IG image,N,סיקור שוטף
2025-07-09,IG image,N,סיקור שוטף
2025-07-09,IG image,B,ברייקינג
2025-07-09,IG reel,B,ברייקינג
2025-07-09,IG reel,S,תוכן מתוכנית/כתבה
2025-07-09,IG image,M,מגזין/פנאי
2025-07-09,IG carousel,M,מגזין/פנאי
2025-07-09,IG reel,M,מגזין/פנאי
2025-07-09,IG carousel,M,מגזין/פנאי
2025-07-09,IG image,N,סיקור שוטף
2025-07-09,IG image,P,קידום שידור
2025-07-10,IG reel,N,סיקור שוטף
2025-07-10,IG image,N,סיקור שוטף
2025-07-10,IG reel,N,סיקור שוטף
2025-07-10,IG reel,N,סיקור שוטף
2025-07-10,IG carousel,N,סיקור שוטף
2025-07-10,IG carousel,N,סיקור שוטף
2025-07-10,IG reel,M,מגזין/פנאי
2025-07-10,IG reel,S,תוכן מתוכנית/כתבה
2025-07-10,IG reel,M,מגזין/פנאי
2025-07-10,IG image,B,ברייקינג
2025-07-10,IG reel,S,תוכן מתוכנית/כתבה
2025-07-10,IG reel,F,תיעוד
2025-07-10,IG reel,S,תוכן מתוכנית/כתבה
2025-07-10,IG image,N,סיקור שוטף
2025-07-10,IG reel,S,תוכן מתוכנית/כתבה
2025-07-10,IG reel,P,קידום שידור
2025-07-10,IG reel,B,ברייקינג
2025-07-11,IG reel,M,מגזין/פנאי
2025-07-11,IG image,B,ברייקינג
2025-07-11,IG reel,P,קידום שידור
2025-07-11,IG image,B,ברייקינג
2025-07-11,IG reel,S,תוכן מתוכנית/כתבה
2025-07-11,IG reel,S,תוכן מתוכנית/כתבה
2025-07-11,IG reel,N,סיקור שוטף
2025-07-11,IG reel,S,תוכן מתוכנית/כתבה
2025-07-11,IG image,N,סיקור שוטף
2025-07-12,IG reel,N,סיקור שוטף
2025-07-12,IG image,N,סיקור שוטף
2025-07-12,IG reel,F,תיעוד
2025-07-12,IG image,N,סיקור שוטף
2025-07-12,IG image,N,סיקור שוטף
2025-07-12,IG reel,N,סיקור שוטף
2025-07-13,IG image,S,תוכן מתוכנית/כתבה
2025-07-13,IG carousel,M,מגזין/פנאי
2025-07-13,IG image,N,סיקור שוטף
2025-07-13,IG carousel,S,תוכן מתוכנית/כתבה
2025-07-13,IG image,B,ברייקינג
2025-07-13,IG reel,S,תוכן מתוכנית/כתבה
2025-07-13,IG carousel,S,תוכן מתוכנית/כתבה
2025-07-13,IG image,N,סיקור שוטף
2025-07-13,IG image,N,סיקור שוטף
2025-07-13,IG image,N,סיקור שוטף
2025-07-13,IG carousel,P,קידום שידור
2025-07-14,IG carousel,B,ברייקינג
2025-07-14,IG image,N,סיקור שוטף
2025-07-14,IG image,F,תיעוד
2025-07-14,IG reel,S,תוכן מתוכנית/כתבה
2025-07-14,IG image,P,קידום שידור
2025-07-14,IG image,B,ברייקינג
2025-07-14,IG image,F,תיעוד
2025-07-14,IG image,M,מגזין/פנאי
2025-07-14,IG image,N,סיקור שוטף
2025-07-15,IG reel,S,תוכן מתוכנית/כתבה
2025-07-15,IG reel,B,ברייקינג
2025-07-15,IG reel,S,תוכן מתוכנית/כתבה
2025-07-15,IG carousel,N,סיקור שוטף
2025-07-15,IG reel,N,סיקור שוטף
2025-07-15,IG reel,P,קידום שידור
2025-07-15,IG image,B,ברייקינג
2025-07-15,IG carousel,N,סיקור שוטף
2025-07-15,IG reel,N,סיקור שוטף
2025-07-15,IG carousel,P,קידום שידור
2025-07-15,IG carousel,N,סיקור שוטף
2025-07-15,IG image,B,ברייקינג
2025-07-15,IG image,N,סיקור שוטף
2025-07-15,IG image,N,סיקור שוטף
2025-07-16,IG image,P,קידום שידור
2025-07-16,IG reel,M,מגזין/פנאי
2025-07-16,IG reel,M,מגזין/פנאי
2025-07-16,IG image,N,סיקור שוטף
2025-07-16,IG image,B,ברייקינג
2025-07-16,IG reel,S,תוכן מתוכנית/כתבה
2025-07-16,IG reel,F,תיעוד
2025-07-16,IG reel,S,תוכן מתוכנית/כתבה
2025-07-16,IG reel,B,ברייקינג
2025-07-16,IG image,B,ברייקינג
2025-07-16,IG reel,F,תיעוד
2025-07-16,IG reel,B,ברייקינג
2025-07-16,IG reel,B,ברייקינג
2025-07-16,IG image,B,ברייקינג
2025-07-16,IG image,N,סיקור שוטף
2025-07-16,IG image,N,סיקור שוטף
2025-07-17,IG carousel,N,סיקור שוטף
2025-07-17,IG reel,M,מגזין/פנאי
2025-07-17,IG reel,M,מגזין/פנאי
2025-07-17,IG image,M,מגזין/פנאי
2025-07-17,IG image,N,סיקור שוטף
2025-07-17,IG image,B,ברייקינג
2025-07-17,IG image,N,סיקור שוטף
2025-07-17,IG image,N,סיקור שוטף
2025-07-17,IG image,N,סיקור שוטף
2025-07-18,IG reel,M,מגזין/פנאי
2025-07-18,IG reel,S,תוכן מתוכנית/כתבה
2025-07-18,IG image,M,מגזין/פנאי
2025-07-18,IG carousel,N,סיקור שוטף
2025-07-18,IG reel,P,קידום שידור
2025-07-19,IG reel,S,תוכן מתוכנית/כתבה
2025-07-19,IG reel,B,ברייקינג
2025-07-19,IG reel,N,סיקור שוטף
2025-07-19,IG image,B,ברייקינג
2025-07-19,IG image,N,סיקור שוטף
2025-07-19,IG reel,S,תוכן מתוכנית/כתבה
2025-07-20,IG reel,M,מגזין/פנאי
2025-07-20,IG carousel,N,סיקור שוטף
2025-07-20,IG reel,M,מגזין/פנאי
2025-07-20,IG reel,N,סיקור שוטף
2025-07-20,IG image,N,סיקור שוטף
2025-07-20,IG image,N,סיקור שוטף
2025-07-20,IG carousel,N,סיקור שוטף
2025-07-20,IG carousel,N,סיקור שוטף
2025-07-20,IG reel,B,ברייקינג
2025-07-20,IG carousel,N,סיקור שוטף
2025-07-20,IG carousel,P,קידום שידור
2025-07-20,IG image,B,ברייקינג
2025-07-21,IG image,N,סיקור שוטף
2025-07-21,IG image,B,ברייקינג
2025-07-21,IG carousel,N,סיקור שוטף
2025-07-21,IG reel,N,סיקור שוטף
2025-07-21,IG carousel,M,מגזין/פנאי
2025-07-21,IG reel,S,תוכן מתוכנית/כתבה
2025-07-21,IG carousel,S,תוכן מתוכנית/כתבה
2025-07-21,IG image,N,סיקור שוטף
2025-07-21,IG carousel,P,קידום שידור
2025-07-21,IG reel,F,תיעוד
2025-07-21,IG image,N,סיקור שוטף
2025-07-21,IG image,N,סיקור שוטף
2025-07-21,IG reel,N,סיקור שוטף
2025-07-21,IG reel,B,ברייקינג
2025-07-22,IG image,N,סיקור שוטף
2025-07-22,IG image,N,סיקור שוטף
2025-07-22,IG image,B,ברייקינג
2025-07-22,IG reel,S,תוכן מתוכנית/כתבה
2025-07-22,IG reel,N,סיקור שוטף
2025-07-22,IG reel,F,תיעוד
2025-07-22,IG reel,S,תוכן מתוכנית/כתבה
2025-07-22,IG carousel,F,תיעוד
2025-07-22,IG reel,N,סיקור שוטף
2025-07-22,IG image,B,ברייקינג
2025-07-23,IG image,M,מגזין/פנאי
2025-07-23,IG carousel,N,סיקור שוטף
2025-07-23,IG reel,S,תוכן מתוכנית/כתבה
2025-07-23,IG carousel,P,קידום שידור
2025-07-23,IG carousel,N,סיקור שוטף
2025-07-23,IG carousel,M,מגזין/פנאי
2025-07-23,IG carousel,P,קידום שידור
2025-07-23,IG reel,N,סיקור שוטף
2025-07-23,IG reel,F,תיעוד
2025-07-23,IG image,N,סיקור שוטף
2025-07-23,IG image,B,ברייקינג
2025-07-23,IG carousel,N,סיקור שוטף
2025-07-23,IG image,N,סיקור שוטף
2025-07-24,IG reel,S,תוכן מתוכנית/כתבה
2025-07-24,IG image,N,סיקור שוטף
2025-07-24,IG reel,M,מגזין/פנאי
2025-07-24,IG carousel,N,סיקור שוטף
2025-07-24,IG image,N,סיקור שוטף
2025-07-24,IG image,N,סיקור שוטף
2025-07-24,IG reel,S,תוכן מתוכנית/כתבה
2025-07-24,IG carousel,N,סיקור שוטף
2025-07-24,IG image,N,סיקור שוטף
2025-07-24,IG image,N,סיקור שוטף
2025-07-24,IG image,F,תיעוד
2025-07-24,IG carousel,N,סיקור שוטף
2025-07-24,IG reel,F,תיעוד
2025-07-24,IG image,B,ברייקינג
2025-07-24,IG reel,F,תיעוד
2025-07-25,IG image,N,סיקור שוטף
2025-07-25,IG reel,S,תוכן מתוכנית/כתבה
2025-07-25,IG reel,N,סיקור שוטף
2025-07-25,IG reel,S,תוכן מתוכנית/כתבה
2025-07-25,IG image,N,סיקור שוטף
2025-07-25,IG reel,S,תוכן מתוכנית/כתבה
2025-07-25,IG image,N,סיקור שוטף
2025-07-26,IG carousel,B,ברייקינג
2025-07-26,IG image,N,סיקור שוטף
2025-07-26,IG reel,P,קידום שידור
2025-07-26,IG image,B,ברייקינג
2025-07-26,IG image,B,ברייקינג
2025-07-26,IG reel,S,תוכן מתוכנית/כתבה
2025-07-26,IG reel,B,ברייקינג
2025-07-26,IG image,B,ברייקינג
2025-07-26,IG image,B,ברייקינג
2025-07-26,IG image,N,סיקור שוטף
2025-07-26,IG image,N,סיקור שוטף
2025-07-26,IG image,N,סיקור שוטף
2025-07-26,IG reel,N,סיקור שוטף
2025-07-27,IG reel,S,תוכן מתוכנית/כתבה
2025-07-27,IG reel,S,תוכן מתוכנית/כתבה
2025-07-27,IG reel,N,סיקור שוטף
2025-07-27,IG reel,N,סיקור שוטף
2025-07-27,IG carousel,M,מגזין/פנאי
2025-07-27,IG reel,N,סיקור שוטף
2025-07-27,IG image,B,ברייקינג
2025-07-27,IG reel,N,סיקור שוטף
2025-07-27,IG reel,S,תוכן מתוכנית/כתבה
2025-07-27,IG image,N,סיקור שוטף
2025-07-27,IG reel,S,תוכן מתוכנית/כתבה
2025-07-27,IG carousel,P,קידום שידור
2025-07-27,IG image,N,סיקור שוטף
2025-07-27,IG image,N,סיקור שוטף
2025-07-27,IG image,N,סיקור שוטף
2025-07-28,IG reel,N,סיקור שוטף
2025-07-28,IG reel,S,תוכן מתוכנית/כתבה
2025-07-28,IG image,N,סיקור שוטף
2025-07-28,IG reel,M,מגזין/פנאי
2025-07-28,IG reel,S,תוכן מתוכנית/כתבה
2025-07-28,IG carousel,N,סיקור שוטף
2025-07-28,IG image,N,סיקור שוטף
2025-07-28,IG image,B,ברייקינג
2025-07-28,IG carousel,M,מגזין/פנאי
2025-07-28,IG image,N,סיקור שוטף
2025-07-28,IG carousel,P,קידום שידור
2025-07-28,IG reel,M,מגזין/פנאי
2025-07-28,IG reel,M,מגזין/פנאי
2025-07-28,IG carousel,N,סיקור שוטף
2025-07-28,IG image,N,סיקור שוטף
2025-07-28,IG reel,N,סיקור שוטף
2025-07-28,IG image,B,ברייקינג
2025-07-28,IG reel,M,מגזין/פנאי
2025-07-28,IG carousel,N,סיקור שוטף
2025-07-28,IG carousel,M,מגזין/פנאי
2025-07-29,IG reel,B,ברייקינג
2025-07-29,IG carousel,N,סיקור שוטף
2025-07-29,IG image,N,סיקור שוטף
2025-07-29,IG carousel,M,מגזין/פנאי
2025-07-29,IG reel,P,קידום שידור
2025-07-29,IG image,M,מגזין/פנאי
2025-07-29,IG image,M,מגזין/פנאי
2025-07-29,IG image,B,ברייקינג
2025-07-29,IG image,N,סיקור שוטף
2025-07-30,IG reel,B,ברייקינג
2025-07-30,IG image,N,סיקור שוטף
2025-07-30,IG image,N,סיקור שוטף
2025-07-30,IG carousel,N,סיקור שוטף
2025-07-30,IG reel,N,סיקור שוטף
2025-07-30,IG carousel,P,קידום שידור
2025-07-30,IG carousel,B,ברייקינג
2025-07-30,IG reel,S,תוכן מתוכנית/כתבה
2025-07-30,IG image,N,סיקור שוטף
2025-07-30,IG image,N,סיקור שוטף
2025-07-30,IG carousel,M,מגזין/פנאי
2025-07-30,IG image,N,סיקור שוטף
2025-07-31,IG reel,S,תוכן מתוכנית/כתבה
2025-07-31,IG image,N,סיקור שוטף
2025-07-31,IG image,B,ברייקינג
2025-07-31,IG reel,M,מגזין/פנאי
2025-07-31,IG reel,S,תוכן מתוכנית/כתבה
2025-07-31,IG image,N,סיקור שוטף
2025-07-31,IG reel,N,סיקור שוטף
2025-07-31,IG reel,S,תוכן מתוכנית/כתבה
2025-07-31,IG reel,S,תוכן מתוכנית/כתבה
2025-07-31,IG reel,N,סיקור שוטף
2025-07-31,IG image,N,סיקור שוטף
2025-07-31,IG image,N,סיקור שוטף
2025-07-31,IG image,N,סיקור שוטף
2025-07-31,IG reel,S,תוכן מתוכנית/כתבה
2025-07-31,IG image,B,ברייקינג
2025-07-31,IG reel,B,ברייקינג
2025-07-31,IG image,N,סיקור שוטף
2025-07-31,IG reel,S,תוכן מתוכנית/כתבה
2025-08-01,IG image,N,סיקור שוטף
2025-08-01,IG image,B,ברייקינג
2025-08-01,IG image,B,ברייקינג
2025-08-01,IG image,N,סיקור שוטף
2025-08-01,IG carousel,N,סיקור שוטף
2025-08-01,IG reel,S,תוכן מתוכנית/כתבה
2025-08-01,IG reel,S,תוכן מתוכנית/כתבה
2025-08-01,IG image,B,ברייקינג
2025-08-02,IG image,F,תיעוד
2025-08-02,IG image,N,סיקור שוטף
2025-08-02,IG reel,N,סיקור שוטף
2025-08-02,IG image,N,סיקור שוטף
2025-08-02,IG image,F,תיעוד
2025-08-02,IG image,N,סיקור שוטף
2025-08-02,IG reel,N,סיקור שוטף
2025-08-02,IG carousel,F,תיעוד
2025-08-02,IG carousel,F,תיעוד
2025-08-02,IG image,N,סיקור שוטף
2025-08-02,IG image,N,סיקור שוטף
2025-08-02,IG reel,N,סיקור שוטף
2025-08-02,IG reel,N,סיקור שוטף
2025-08-02,IG image,N,סיקור שוטף
2025-08-02,IG reel,N,סיקור שוטף
2025-08-02,IG carousel,F,תיעוד
2025-08-02,IG reel,S,תוכן מתוכנית/כתבה
2025-08-02,IG image,N,סיקור שוטף
2025-08-02,IG reel,N,סיקור שוטף
2025-08-02,IG reel,N,סיקור שוטף
2025-08-02,IG reel,N,סיקור שוטף
2025-08-02,IG image,N,סיקור שוטף
2025-08-02,IG reel,N,סיקור שוטף
2025-08-02,IG image,N,סיקור שוטף
2025-08-02,IG reel,N,סיקור שוטף
2025-08-02,IG carousel,N,סיקור שוטף
2025-08-02,IG image,S,תוכן מתוכנית/כתבה
2025-08-02,IG reel,F,תיעוד
2025-08-02,IG reel,N,סיקור שוטף
2025-08-02,IG carousel,F,תיעוד
2025-08-02,IG carousel,S,תוכן מתוכנית/כתבה
2025-08-02,IG reel,S,תוכן מתוכנית/כתבה
2025-08-02,IG image,N,סיקור שוטף
2025-08-02,IG image,N,סיקור שוטף
2025-08-03,IG carousel,P,קידום שידור
2025-08-03,IG carousel,N,סיקור שוטף
2025-08-03,IG image,P,קידום שידור
2025-08-03,IG reel,N,סיקור שוטף
2025-08-03,IG reel,M,מגזין/פנאי
2025-08-03,IG image,P,קידום שידור
2025-08-03,IG reel,N,סיקור שוטף
2025-08-03,IG carousel,S,תוכן מתוכנית/כתבה
2025-08-03,IG carousel,M,מגזין/פנאי
2025-08-03,IG image,S,תוכן מתוכנית/כתבה
2025-08-03,IG reel,S,תוכן מתוכנית/כתבה
2025-08-03,IG reel,M,מגזין/פנאי
2025-08-03,IG image,N,סיקור שוטף
2025-08-03,IG image,N,סיקור שוטף
2025-08-03,IG image,N,סיקור שוטף
2025-08-04,IG image,M,מגזין/פנאי
2025-08-04,IG image,N,סיקור שוטף
2025-08-04,IG image,N,סיקור שוטף
2025-08-04,IG image,N,סיקור שוטף
2025-08-04,IG carousel,N,סיקור שוטף
2025-08-04,IG image,S,תוכן מתוכנית/כתבה
2025-08-04,IG reel,N,סיקור שוטף
2025-08-04,IG carousel,N,סיקור שוטף
2025-08-05,IG reel,S,תוכן מתוכנית/כתבה
2025-08-05,IG image,B,ברייקינג
2025-08-05,IG image,B,ברייקינג
2025-08-05,IG image,B,ברייקינג
2025-08-05,IG reel,M,מגזין/פנאי
2025-08-05,IG reel,S,תוכן מתוכנית/כתבה
2025-08-05,IG image,S,תוכן מתוכנית/כתבה
2025-08-05,IG reel,B,ברייקינג
2025-08-05,IG image,N,סיקור שוטף
2025-08-05,IG reel,P,קידום שידור
2025-08-05,IG carousel,M,מגזין/פנאי
2025-08-05,IG image,N,סיקור שוטף
2025-08-05,IG carousel,N,סיקור שוטף
2025-08-05,IG image,P,קידום שידור
2025-08-05,IG image,N,סיקור שוטף
2025-08-06,IG image,N,סיקור שוטף
2025-08-06,IG image,N,סיקור שוטף
2025-08-06,IG reel,F,תיעוד
2025-08-06,IG image,B,ברייקינג
2025-08-06,IG carousel,N,סיקור שוטף
2025-08-06,IG reel,P,קידום שידור
2025-08-06,IG image,N,סיקור שוטף
2025-08-06,IG reel,N,סיקור שוטף
2025-08-06,IG carousel,P,קידום שידור
2025-08-06,IG carousel,F,תיעוד
2025-08-06,IG reel,S,תוכן מתוכנית/כתבה
2025-08-06,IG reel,S,תוכן מתוכנית/כתבה
2025-08-06,IG image,M,מגזין/פנאי
2025-08-06,IG carousel,N,סיקור שוטף
2025-08-06,IG carousel,N,סיקור שוטף
2025-08-06,IG carousel,B,ברייקינג
2025-08-06,IG reel,N,סיקור שוטף
2025-08-06,IG image,B,ברייקינג
2025-08-07,IG reel,S,תוכן מתוכנית/כתבה
2025-08-07,IG image,B,ברייקינג
2025-08-07,IG image,N,סיקור שוטף
2025-08-07,IG reel,S,תוכן מתוכנית/כתבה
2025-08-07,IG reel,N,סיקור שוטף
2025-08-07,IG reel,N,סיקור שוטף
2025-08-07,IG reel,P,קידום שידור
2025-08-07,IG carousel,S,תוכן מתוכנית/כתבה
2025-08-07,IG reel,N,סיקור שוטף
2025-08-07,IG reel,N,סיקור שוטף
2025-08-07,IG reel,P,קידום שידור
2025-08-07,IG image,N,סיקור שוטף
2025-08-07,IG carousel,M,מגזין/פנאי
2025-08-07,IG reel,F,תיעוד
2025-08-07,IG reel,M,מגזין/פנאי
2025-08-07,IG image,N,סיקור שוטף
2025-08-08,IG reel,S,תוכן מתוכנית/כתבה
2025-08-08,IG carousel,M,מגזין/פנאי
2025-08-08,IG image,N,סיקור שוטף
2025-08-08,IG reel,M,מגזין/פנאי
2025-08-08,IG reel,M,מגזין/פנאי
2025-08-09,IG reel,S,תוכן מתוכנית/כתבה
2025-08-09,IG reel,S,תוכן מתוכנית/כתבה
2025-08-09,IG reel,N,סיקור שוטף
2025-08-09,IG image,B,ברייקינג
2025-08-09,IG carousel,N,סיקור שוטף
2025-08-09,IG carousel,N,סיקור שוטף
2025-08-09,IG reel,N,סיקור שוטף
2025-08-09,IG reel,N,סיקור שוטף
2025-08-09,IG image,N,סיקור שוטף
2025-08-09,IG carousel,B,ברייקינג
2025-08-09,IG image,N,סיקור שוטף
2025-08-09,IG image,N,סיקור שוטף
2025-08-09,IG reel,S,תוכן מתוכנית/כתבה
2025-08-09,IG image,B,ברייקינג
2025-08-09,IG image,B,ברייקינג
2025-08-09,IG image,B,ברייקינג
2025-08-09,IG reel,F,תיעוד
2025-08-09,IG reel,F,תיעוד
2025-08-09,IG reel,F,תיעוד
2025-08-09,IG image,B,ברייקינג
2025-08-09,IG carousel,N,סיקור שוטף
2025-08-09,IG image,B,ברייקינג
2025-08-09,IG reel,N,סיקור שוטף
2025-08-09,IG image,B,ברייקינג
2025-08-09,IG image,B,ברייקינג
2025-08-09,IG reel,S,תוכן מתוכנית/כתבה
2025-08-09,IG reel,F,תיעוד
2025-08-09,IG image,B,ברייקינג
2025-08-09,IG reel,M,מגזין/פנאי
2025-08-09,IG image,B,ברייקינג
2025-08-09,IG reel,S,תוכן מתוכנית/כתבה
2025-08-09,IG reel,S,תוכן מתוכנית/כתבה
2025-08-10,IG reel,M,מגזין/פנאי
2025-08-10,IG reel,M,מגזין/פנאי
2025-08-10,IG reel,M,מגזין/פנאי
2025-08-10,IG reel,N,סיקור שוטף
2025-08-10,IG reel,S,תוכן מתוכנית/כתבה
2025-08-10,IG reel,N,סיקור שוטף
2025-08-10,IG reel,S,תוכן מתוכנית/כתבה
2025-08-10,IG reel,N,סיקור שוטף
2025-08-10,IG image,N,סיקור שוטף
2025-08-10,IG reel,S,תוכן מתוכנית/כתבה
2025-08-10,IG image,S,תוכן מתוכנית/כתבה
2025-08-10,IG carousel,N,סיקור שוטף
2025-08-10,IG carousel,N,סיקור שוטף
2025-08-10,IG reel,N,סיקור שוטף
2025-08-10,IG reel,S,תוכן מתוכנית/כתבה
2025-08-10,IG reel,S,תוכן מתוכנית/כתבה
2025-08-10,IG reel,S,תוכן מתוכנית/כתבה
2025-08-10,IG reel,N,סיקור שוטף
2025-08-10,IG image,N,סיקור שוטף
2025-08-10,IG image,N,סיקור שוטף
2025-08-10,IG reel,P,קידום שידור
2025-08-10,IG image,B,ברייקינג
2025-08-10,IG image,F,תיעוד
2025-08-10,IG image,N,סיקור שוטף
2025-08-10,IG carousel,N,סיקור שוטף
2025-08-10,IG image,N,סיקור שוטף
2025-08-10,IG carousel,N,סיקור שוטף
2025-08-10,IG image,N,סיקור שוטף
2025-08-10,IG reel,F,תיעוד
2025-08-10,IG reel,N,סיקור שוטף
2025-08-10,IG image,N,סיקור שוטף
2025-08-10,IG carousel,N,סיקור שוטף
2025-08-10,IG image,F,תיעוד
2025-08-10,IG image,S,תוכן מתוכנית/כתבה
2025-08-10,IG image,N,סיקור שוטף
2025-08-11,IG image,B,ברייקינג
2025-08-11,IG image,B,ברייקינג
2025-08-11,IG reel,N,סיקור שוטף
2025-08-11,IG reel,F,תיעוד
2025-08-11,IG image,P,קידום שידור
2025-08-11,IG carousel,M,מגזין/פנאי
2025-08-11,IG image,N,סיקור שוטף
2025-08-11,IG image,N,סיקור שוטף
2025-08-12,IG image,B,ברייקינג
2025-08-12,IG reel,M,מגזין/פנאי
2025-08-12,IG image,M,מגזין/פנאי
2025-08-12,IG image,N,סיקור שוטף
2025-08-12,IG image,M,מגזין/פנאי
2025-08-13,IG reel,F,תיעוד
2025-08-13,IG carousel,N,סיקור שוטף
2025-08-13,IG image,M,מגזין/פנאי
2025-08-13,IG reel,S,תוכן מתוכנית/כתבה
2025-08-13,IG carousel,F,תיעוד
2025-08-13,IG carousel,M,מגזין/פנאי
2025-08-13,IG carousel,N,סיקור שוטף
2025-08-13,IG image,N,סיקור שוטף
2025-08-13,IG reel,S,תוכן מתוכנית/כתבה
2025-08-13,IG carousel,F,תיעוד
2025-08-13,IG reel,S,תוכן מתוכנית/כתבה
2025-08-14,IG image,N,סיקור שוטף
2025-08-14,IG reel,N,סיקור שוטף
2025-08-14,IG reel,P,קידום שידור
2025-08-14,IG reel,B,ברייקינג
2025-08-14,IG carousel,N,סיקור שוטף
2025-08-14,IG image,B,ברייקינג
2025-08-14,IG image,M,מגזין/פנאי
2025-08-14,IG reel,S,תוכן מתוכנית/כתבה
2025-08-14,IG reel,S,תוכן מתוכנית/כתבה
2025-08-14,IG reel,P,קידום שידור
2025-08-14,IG image,N,סיקור שוטף
2025-08-14,IG image,N,סיקור שוטף
2025-08-14,IG image,N,סיקור שוטף
2025-08-15,IG reel,N,סיקור שוטף
2025-08-15,IG image,P,קידום שידור
2025-08-15,IG reel,S,תוכן מתוכנית/כתבה
2025-08-15,IG image,B,ברייקינג
2025-08-15,IG reel,P,קידום שידור
2025-08-16,IG reel,P,קידום שידור
2025-08-16,IG image,F,תיעוד
2025-08-16,IG reel,N,סיקור שוטף
2025-08-16,IG carousel,N,סיקור שוטף
2025-08-16,IG image,B,ברייקינג
2025-08-16,IG carousel,M,מגזין/פנאי
2025-08-16,IG image,F,תיעוד
2025-08-16,IG reel,M,מגזין/פנאי
2025-08-16,IG image,B,ברייקינג
2025-08-17,IG carousel,N,סיקור שוטף
2025-08-17,IG reel,N,סיקור שוטף
2025-08-17,IG reel,S,תוכן מתוכנית/כתבה
2025-08-17,IG reel,N,סיקור שוטף
2025-08-17,IG reel,F,תיעוד
2025-08-17,IG carousel,F,תיעוד
2025-08-17,IG reel,S,תוכן מתוכנית/כתבה
2025-08-17,IG carousel,N,סיקור שוטף
2025-08-17,IG carousel,N,סיקור שוטף
2025-08-17,IG reel,N,סיקור שוטף
2025-08-17,IG image,B,ברייקינג
2025-08-17,IG image,N,סיקור שוטף
2025-08-17,IG reel,N,סיקור שוטף
2025-08-17,IG reel,N,סיקור שוטף
2025-08-17,IG image,N,סיקור שוטף
2025-08-17,IG image,B,ברייקינג
2025-08-17,IG carousel,N,סיקור שוטף
2025-08-18,IG reel,B,ברייקינג
2025-08-18,IG reel,M,מגזין/פנאי
2025-08-18,IG reel,S,תוכן מתוכנית/כתבה
2025-08-18,IG image,N,סיקור שוטף
2025-08-18,IG image,N,סיקור שוטף
2025-08-18,IG carousel,P,קידום שידור
2025-08-18,IG image,N,סיקור שוטף
2025-08-18,IG image,N,סיקור שוטף
2025-08-18,IG carousel,N,סיקור שוטף
2025-08-19,IG image,M,מגזין/פנאי
2025-08-19,IG image,N,סיקור שוטף
2025-08-19,IG reel,S,תוכן מתוכנית/כתבה
2025-08-19,IG reel,M,מגזין/פנאי
2025-08-19,IG carousel,N,סיקור שוטף
2025-08-19,IG reel,N,סיקור שוטף
2025-08-19,IG image,N,סיקור שוטף
2025-08-19,IG reel,N,סיקור שוטף
2025-08-19,IG reel,N,סיקור שוטף
2025-08-19,IG carousel,N,סיקור שוטף
2025-08-19,IG reel,N,סיקור שוטף
2025-08-19,IG image,N,סיקור שוטף
2025-08-20,IG carousel,N,סיקור שוטף
2025-08-20,IG carousel,N,סיקור שוטף
2025-08-20,IG image,N,סיקור שוטף
2025-08-20,IG image,N,סיקור שוטף
2025-08-20,IG reel,F,תיעוד
2025-08-20,IG reel,F,תיעוד
2025-08-20,IG image,N,סיקור שוטף
2025-08-20,IG reel,F,תיעוד
2025-08-20,IG carousel,P,קידום שידור
2025-08-20,IG carousel,N,סיקור שוטף
2025-08-20,IG image,N,סיקור שוטף
2025-08-20,IG reel,N,סיקור שוטף
2025-08-20,IG image,N,סיקור שוטף
2025-08-20,IG carousel,N,סיקור שוטף
2025-08-20,IG image,N,סיקור שוטף
2025-08-21,IG image,B,ברייקינג
2025-08-21,IG image,M,מגזין/פנאי
2025-08-21,IG carousel,N,סיקור שוטף
2025-08-21,IG reel,N,סיקור שוטף
2025-08-21,IG reel,S,תוכן מתוכנית/כתבה
2025-08-21,IG carousel,N,סיקור שוטף
2025-08-21,IG reel,N,סיקור שוטף
2025-08-21,IG reel,N,סיקור שוטף
2025-08-21,IG reel,M,מגזין/פנאי
2025-08-21,IG carousel,B,ברייקינג
2025-08-21,IG image,N,סיקור שוטף
2025-08-21,IG reel,F,תיעוד
2025-08-21,IG reel,S,תוכן מתוכנית/כתבה
2025-08-22,IG reel,M,מגזין/פנאי
2025-08-22,IG image,N,סיקור שוטף
2025-08-22,IG reel,M,מגזין/פנאי
2025-08-22,IG carousel,N,סיקור שוטף
2025-08-22,IG reel,F,תיעוד
2025-08-22,IG carousel,M,מגזין/פנאי
2025-08-22,IG image,N,סיקור שוטף
2025-08-22,IG carousel,B,ברייקינג
2025-08-23,IG image,B,ברייקינג
2025-08-23,IG image,B,ברייקינג
2025-08-23,IG carousel,N,סיקור שוטף
2025-08-23,IG image,N,סיקור שוטף
2025-08-23,IG image,B,ברייקינג
2025-08-23,IG image,N,סיקור שוטף
2025-08-23,IG carousel,N,סיקור שוטף
2025-08-23,IG image,M,מגזין/פנאי
2025-08-23,IG carousel,P,קידום שידור
2025-08-23,IG reel,N,סיקור שוטף
2025-08-23,IG image,N,סיקור שוטף
2025-08-24,IG reel,P,קידום שידור
2025-08-24,IG reel,N,סיקור שוטף
2025-08-24,IG reel,F,תיעוד
2025-08-24,IG carousel,N,סיקור שוטף
2025-08-24,IG carousel,N,סיקור שוטף
2025-08-24,IG reel,B,ברייקינג
2025-08-24,IG image,N,סיקור שוטף
2025-08-24,IG reel,S,תוכן מתוכנית/כתבה
2025-08-24,IG image,N,סיקור שוטף
2025-08-24,IG image,N,סיקור שוטף
2025-08-25,IG reel,N,סיקור שוטף
2025-08-25,IG reel,N,סיקור שוטף
2025-08-25,IG reel,N,סיקור שוטף
2025-08-25,IG reel,S,תוכן מתוכנית/כתבה
2025-08-25,IG image,N,סיקור שוטף
2025-08-25,IG image,S,תוכן מתוכנית/כתבה
2025-08-25,IG reel,F,תיעוד
2025-08-25,IG reel,S,תוכן מתוכנית/כתבה
2025-08-25,IG reel,M,מגזין/פנאי
2025-08-25,IG carousel,P,קידום שידור
2025-08-25,IG image,N,סיקור שוטף
2025-08-25,IG image,M,מגזין/פנאי
2025-08-25,IG reel,F,תיעוד
2025-08-26,IG carousel,N,סיקור שוטף
2025-08-26,IG carousel,N,סיקור שוטף
2025-08-26,IG reel,M,מגזין/פנאי
2025-08-26,IG image,N,סיקור שוטף
2025-08-26,IG reel,S,תוכן מתוכנית/כתבה
2025-08-26,IG image,M,מגזין/פנאי
2025-08-26,IG image,N,סיקור שוטף
2025-08-26,IG image,N,סיקור שוטף
2025-08-26,IG carousel,P,קידום שידור
2025-08-26,IG reel,M,מגזין/פנאי
2025-08-26,IG reel,S,תוכן מתוכנית/כתבה
2025-08-26,IG reel,M,מגזין/פנאי
2025-08-26,IG reel,S,תוכן מתוכנית/כתבה
2025-08-27,IG image,B,ברייקינג
2025-08-27,IG carousel,N,סיקור שוטף
2025-08-27,IG reel,S,תוכן מתוכנית/כתבה
2025-08-27,IG reel,S,תוכן מתוכנית/כתבה
2025-08-27,IG reel,N,סיקור שוטף
2025-08-27,IG reel,N,סיקור שוטף
2025-08-27,IG reel,S,תוכן מתוכנית/כתבה
2025-08-27,IG reel,N,סיקור שוטף
2025-08-27,IG carousel,P,קידום שידור
2025-08-27,IG reel,M,מגזין/פנאי
2025-08-27,IG image,N,סיקור שוטף
2025-08-27,IG reel,M,מגזין/פנאי
2025-08-28,IG reel,F,תיעוד
2025-08-28,IG carousel,N,סיקור שוטף
2025-08-28,IG carousel,N,סיקור שוטף
2025-08-28,IG reel,N,סיקור שוטף
2025-08-28,IG carousel,N,סיקור שוטף
2025-08-28,IG carousel,N,סיקור שוטף
2025-08-28,IG reel,M,מגזין/פנאי
2025-08-28,IG carousel,M,מגזין/פנאי
2025-08-28,IG carousel,P,קידום שידור
2025-08-28,IG image,B,ברייקינג
2025-08-28,IG image,N,סיקור שוטף
2025-08-28,IG reel,M,מגזין/פנאי
2025-08-28,IG image,B,ברייקינג
2025-08-28,IG reel,M,מגזין/פנאי
2025-08-28,IG carousel,N,סיקור שוטף
2025-08-29,IG carousel,M,מגזין/פנאי
2025-08-29,IG image,M,מגזין/פנאי
2025-08-29,IG carousel,N,סיקור שוטף
2025-08-29,IG image,N,סיקור שוטף
2025-08-29,IG carousel,N,סיקור שוטף
2025-08-29,IG carousel,S,תוכן מתוכנית/כתבה
2025-08-29,IG reel,P,קידום שידור
2025-08-29,IG image,N,סיקור שוטף
2025-08-29,IG image,B,ברייקינג
2025-08-29,IG image,N,סיקור שוטף
2025-08-30,IG image,N,סיקור שוטף
2025-08-30,IG carousel,N,סיקור שוטף
2025-08-30,IG image,B,ברייקינג
2025-08-30,IG image,B,ברייקינג
2025-08-30,IG image,B,ברייקינג
2025-08-30,IG image,N,סיקור שוטף
2025-08-30,IG image,N,סיקור שוטף
2025-08-30,IG image,N,סיקור שוטף
2025-08-31,IG carousel,N,סיקור שוטף
2025-08-31,IG carousel,N,סיקור שוטף
2025-08-31,IG image,M,מגזין/פנאי
2025-08-31,IG image,N,סיקור שוטף
2025-08-31,IG carousel,P,קידום שידור
2025-08-31,IG image,S,תוכן מתוכנית/כתבה
2025-08-31,IG reel,S,תוכן מתוכנית/כתבה
2025-08-31,IG image,M,מגזין/פנאי
2025-08-31,IG carousel,N,סיקור שוטף
2025-08-31,IG reel,M,מגזין/פנאי
2025-08-31,IG reel,N,סיקור שוטף
2025-09-01,IG image,B,ברייקינג
2025-09-01,IG reel,B,ברייקינג
2025-09-01,IG carousel,F,תיעוד
2025-09-01,IG image,N,סיקור שוטף
2025-09-01,IG reel,N,סיקור שוטף
2025-09-02,IG image,S,תוכן מתוכנית/כתבה
2025-09-02,IG reel,M,מגזין/פנאי
2025-09-02,IG reel,M,מגזין/פנאי
2025-09-02,IG image,N,סיקור שוטף
2025-09-02,IG reel,S,תוכן מתוכנית/כתבה
2025-09-02,IG reel,F,תיעוד
2025-09-02,IG reel,N,סיקור שוטף
2025-09-02,IG reel,P,קידום שידור
2025-09-02,IG image,N,סיקור שוטף
2025-09-02,IG reel,N,סיקור שוטף
2025-09-02,IG reel,S,תוכן מתוכנית/כתבה
2025-09-02,IG carousel,N,סיקור שוטף
2025-09-02,IG image,N,סיקור שוטף
2025-09-02,IG carousel,N,סיקור שוטף
2025-09-02,IG carousel,P,קידום שידור
2025-09-02,IG reel,N,סיקור שוטף
2025-09-02,IG image,N,סיקור שוטף
2025-09-02,IG image,N,סיקור שוטף
2025-09-02,IG image,N,סיקור שוטף
2025-09-03,IG carousel,N,סיקור שוטף
2025-09-03,IG carousel,N,סיקור שוטף
2025-09-03,IG image,N,סיקור שוטף
2025-09-03,IG reel,P,קידום שידור
2025-09-03,IG carousel,N,סיקור שוטף
2025-09-03,IG carousel,F,תיעוד
2025-09-03,IG carousel,M,מגזין/פנאי
2025-09-03,IG image,B,ברייקינג
2025-09-03,IG image,N,סיקור שוטף
2025-09-03,IG image,N,סיקור שוטף
2025-09-03,IG carousel,N,סיקור שוטף
2025-09-03,IG reel,S,תוכן מתוכנית/כתבה
2025-09-03,IG image,B,ברייקינג
2025-09-03,IG image,B,ברייקינג
2025-09-04,IG carousel,N,סיקור שוטף
2025-09-04,IG carousel,N,סיקור שוטף
2025-09-04,IG image,N,סיקור שוטף
2025-09-04,IG reel,S,תוכן מתוכנית/כתבה
2025-09-04,IG image,N,סיקור שוטף
2025-09-04,IG image,N,סיקור שוטף
2025-09-04,IG carousel,N,סיקור שוטף
2025-09-04,IG carousel,N,סיקור שוטף
2025-09-04,IG image,N,סיקור שוטף
2025-09-04,IG image,N,סיקור שוטף
2025-09-04,IG image,N,סיקור שוטף
2025-09-04,IG image,B,ברייקינג
2025-09-04,IG image,N,סיקור שוטף
2025-09-04,IG image,N,סיקור שוטף
2025-09-04,IG image,B,ברייקינג
2025-09-04,IG image,P,קידום שידור
2025-09-04,IG reel,S,תוכן מתוכנית/כתבה
2025-09-04,IG carousel,N,סיקור שוטף
2025-09-05,IG reel,P,קידום שידור
2025-09-05,IG carousel,N,סיקור שוטף
2025-09-05,IG reel,S,תוכן מתוכנית/כתבה
2025-09-05,IG image,S,תוכן מתוכנית/כתבה
2025-09-05,IG reel,N,סיקור שוטף
2025-09-05,IG reel,S,תוכן מתוכנית/כתבה
2025-09-05,IG reel,P,קידום שידור
2025-09-06,IG carousel,N,סיקור שוטף
2025-09-06,IG image,N,סיקור שוטף
2025-09-06,IG reel,B,ברייקינג
2025-09-06,IG reel,S,תוכן מתוכנית/כתבה
2025-09-06,IG carousel,M,מגזין/פנאי
2025-09-06,IG image,F,תיעוד
2025-09-06,IG reel,P,קידום שידור
2025-09-06,IG reel,M,מגזין/פנאי
2025-09-06,IG reel,F,תיעוד
2025-09-06,IG carousel,S,תוכן מתוכנית/כתבה
2025-09-06,IG reel,N,סיקור שוטף
2025-09-06,IG reel,S,תוכן מתוכנית/כתבה
2025-09-06,IG carousel,N,סיקור שוטף
2025-09-06,IG image,N,סיקור שוטף
2025-09-06,IG reel,N,סיקור שוטף
2025-09-06,IG image,B,ברייקינג
2025-09-06,IG image,B,ברייקינג
2025-09-07,IG carousel,N,סיקור שוטף
2025-09-07,IG image,N,סיקור שוטף
2025-09-07,IG image,N,סיקור שוטף
2025-09-07,IG image,M,מגזין/פנאי
2025-09-07,IG carousel,N,סיקור שוטף
2025-09-07,IG reel,N,סיקור שוטף
2025-09-07,IG carousel,N,סיקור שוטף
2025-09-07,IG image,B,ברייקינג
2025-09-07,IG image,B,ברייקינג
2025-09-08,IG image,N,סיקור שוטף
2025-09-08,IG reel,S,תוכן מתוכנית/כתבה
2025-09-08,IG carousel,N,סיקור שוטף
2025-09-08,IG reel,N,סיקור שוטף
2025-09-08,IG reel,M,מגזין/פנאי
2025-09-08,IG reel,F,תיעוד
2025-09-08,IG reel,M,מגזין/פנאי
2025-09-08,IG reel,P,קידום שידור
2025-09-08,IG carousel,N,סיקור שוטף
2025-09-09,IG image,B,ברייקינג
2025-09-09,IG reel,N,סיקור שוטף
2025-09-09,IG image,N,סיקור שוטף
2025-09-09,IG carousel,P,קידום שידור
2025-09-09,IG image,B,ברייקינג
2025-09-09,IG carousel,N,סיקור שוטף
2025-09-09,IG carousel,N,סיקור שוטף
2025-09-09,IG reel,N,סיקור שוטף
2025-09-09,IG reel,N,סיקור שוטף
2025-09-09,IG carousel,N,סיקור שוטף
2025-09-09,IG image,N,סיקור שוטף
2025-09-09,IG reel,F,תיעוד
2025-09-09,IG reel,B,ברייקינג
2025-09-09,IG image,B,ברייקינג
2025-09-09,IG carousel,N,סיקור שוטף
2025-09-09,IG reel,M,מגזין/פנאי
2025-09-09,IG reel,P,קידום שידור
2025-09-10,IG reel,N,סיקור שוטף
2025-09-10,IG image,B,ברייקינג
2025-09-10,IG image,N,סיקור שוטף
2025-09-10,IG carousel,N,סיקור שוטף
2025-09-10,IG carousel,N,סיקור שוטף
2025-09-10,IG reel,S,תוכן מתוכנית/כתבה
2025-09-10,IG carousel,N,סיקור שוטף
2025-09-10,IG reel,N,סיקור שוטף
2025-09-10,IG reel,N,סיקור שוטף
2025-09-10,IG image,N,סיקור שוטף
2025-09-10,IG reel,S,תוכן מתוכנית/כתבה
2025-09-10,IG reel,N,סיקור שוטף
2025-09-10,IG reel,N,סיקור שוטף
2025-09-10,IG reel,M,מגזין/פנאי
2025-09-10,IG carousel,N,סיקור שוטף
2025-09-11,IG reel,N,סיקור שוטף
2025-09-11,IG carousel,F,תיעוד
2025-09-11,IG image,B,ברייקינג
2025-09-11,IG reel,N,סיקור שוטף
2025-09-11,IG image,N,סיקור שוטף
2025-09-11,IG reel,F,תיעוד
2025-09-11,IG reel,N,סיקור שוטף
2025-09-11,IG image,B,ברייקינג
2025-09-11,IG image,N,סיקור שוטף
2025-09-11,IG image,N,סיקור שוטף
2025-09-12,IG image,M,מגזין/פנאי
2025-09-12,IG image,P,קידום שידור
2025-09-12,IG reel,B,ברייקינג
2025-09-12,IG image,B,ברייקינג
2025-09-12,IG reel,S,תוכן מתוכנית/כתבה
2025-09-12,IG image,M,מגזין/פנאי
2025-09-12,IG carousel,P,קידום שידור
2025-09-12,IG reel,N,סיקור שוטף
2025-09-12,IG reel,M,מגזין/פנאי
2025-09-12,IG image,N,סיקור שוטף
2025-09-13,IG image,N,סיקור שוטף
2025-09-13,IG reel,F,תיעוד
2025-09-13,IG reel,M,מגזין/פנאי
2025-09-13,IG image,N,סיקור שוטף
2025-09-13,IG reel,S,תוכן מתוכנית/כתבה
2025-09-13,IG reel,N,סיקור שוטף
2025-09-13,IG reel,S,תוכן מתוכנית/כתבה
2025-09-13,IG image,N,סיקור שוטף
2025-09-14,IG image,N,סיקור שוטף
2025-09-14,IG image,N,סיקור שוטף
2025-09-14,IG carousel,N,סיקור שוטף
2025-09-14,IG image,N,סיקור שוטף
2025-09-14,IG carousel,F,תיעוד
2025-09-14,IG image,N,סיקור שוטף
2025-09-14,IG reel,N,סיקור שוטף
2025-09-14,IG reel,S,תוכן מתוכנית/כתבה
2025-09-14,IG image,M,מגזין/פנאי
2025-09-14,IG reel,S,תוכן מתוכנית/כתבה
2025-09-14,IG image,N,סיקור שוטף
2025-09-14,IG reel,N,סיקור שוטף
2025-09-14,IG reel,F,תיעוד
2025-09-14,IG image,M,מגזין/פנאי
2025-09-14,IG reel,M,מגזין/פנאי
2025-09-15,IG image,B,ברייקינג
2025-09-15,IG reel,N,סיקור שוטף
2025-09-15,IG image,N,סיקור שוטף
2025-09-15,IG image,N,סיקור שוטף
2025-09-15,IG image,S,תוכן מתוכנית/כתבה
2025-09-15,IG reel,S,תוכן מתוכנית/כתבה
2025-09-15,IG carousel,N,סיקור שוטף
2025-09-15,IG image,N,סיקור שוטף
2025-09-15,IG image,B,ברייקינג
2025-09-15,IG carousel,N,סיקור שוטף
2025-09-15,IG reel,S,תוכן מתוכנית/כתבה
2025-09-15,IG carousel,N,סיקור שוטף
2025-09-15,IG image,N,סיקור שוטף
2025-09-15,IG image,N,סיקור שוטף
2025-09-15,IG image,N,סיקור שוטף
2025-09-15,IG reel,M,מגזין/פנאי
2025-09-15,IG image,N,סיקור שוטף
2025-09-15,IG carousel,F,תיעוד
2025-09-15,IG image,N,סיקור שוטף
2025-09-16,IG image,B,ברייקינג
2025-09-16,IG carousel,N,סיקור שוטף
2025-09-16,IG reel,S,תוכן מתוכנית/כתבה
2025-09-16,IG reel,P,קידום שידור
2025-09-16,IG image,N,סיקור שוטף
2025-09-16,IG image,N,סיקור שוטף
2025-09-16,IG image,N,סיקור שוטף
2025-09-17,IG image,N,סיקור שוטף
2025-09-17,IG reel,M,מגזין/פנאי
2025-09-17,IG reel,S,תוכן מתוכנית/כתבה
2025-09-17,IG image,N,סיקור שוטף
2025-09-17,IG reel,M,מגזין/פנאי
2025-09-17,IG image,N,סיקור שוטף
2025-09-17,IG image,N,סיקור שוטף
2025-09-17,IG image,N,סיקור שוטף
2025-09-17,IG image,N,סיקור שוטף
2025-09-17,IG image,N,סיקור שוטף
2025-09-17,IG reel,S,תוכן מתוכנית/כתבה
2025-09-17,IG carousel,N,סיקור שוטף
2025-09-17,IG image,M,מגזין/פנאי
2025-09-17,IG image,N,סיקור שוטף
2025-09-17,IG image,N,סיקור שוטף
2025-09-18,IG carousel,N,סיקור שוטף
2025-09-18,IG image,N,סיקור שוטף
2025-09-18,IG image,B,ברייקינג
2025-09-18,IG reel,B,ברייקינג
2025-09-18,IG image,N,סיקור שוטף
2025-09-18,IG image,N,סיקור שוטף
2025-09-18,IG image,N,סיקור שוטף
2025-09-18,IG image,B,ברייקינג
2025-09-18,IG image,B,ברייקינג
2025-09-18,IG carousel,N,סיקור שוטף
2025-09-18,IG reel,F,תיעוד
2025-09-18,IG image,B,ברייקינג
2025-09-19,IG reel,S,תוכן מתוכנית/כתבה
2025-09-19,IG image,P,קידום שידור
2025-09-19,IG carousel,N,סיקור שוטף
2025-09-19,IG reel,M,מגזין/פנאי
2025-09-19,IG reel,N,סיקור שוטף
2025-09-19,IG reel,N,סיקור שוטף
2025-09-19,IG reel,S,תוכן מתוכנית/כתבה
2025-09-19,IG image,B,ברייקינג
2025-09-19,IG reel,N,סיקור שוטף
2025-09-19,IG image,N,סיקור שוטף
2025-09-19,IG carousel,S,תוכן מתוכנית/כתבה
2025-09-20,IG reel,S,תוכן מתוכנית/כתבה
2025-09-20,IG image,N,סיקור שוטף
2025-09-20,IG image,B,ברייקינג
2025-09-20,IG reel,M,מגזין/פנאי
2025-09-20,IG reel,N,סיקור שוטף
2025-09-20,IG carousel,N,סיקור שוטף
2025-09-20,IG image,B,ברייקינג
2025-09-20,IG reel,S,תוכן מתוכנית/כתבה
2025-09-20,IG image,N,סיקור שוטף
2025-09-20,IG image,B,ברייקינג
2025-09-21,IG reel,N,סיקור שוטף
2025-09-21,IG reel,S,תוכן מתוכנית/כתבה
2025-09-21,IG reel,S,תוכן מתוכנית/כתבה
2025-09-21,IG image,N,סיקור שוטף
2025-09-21,IG reel,N,סיקור שוטף
2025-09-21,IG reel,N,סיקור שוטף
2025-09-21,IG reel,M,מגזין/פנאי
2025-09-21,IG image,N,סיקור שוטף
2025-09-21,IG carousel,N,סיקור שוטף
2025-09-21,IG reel,S,תוכן מתוכנית/כתבה
2025-09-21,IG image,P,קידום שידור
2025-09-22,IG carousel,S,תוכן מתוכנית/כתבה
2025-09-22,IG image,N,סיקור שוטף
2025-09-22,IG reel,M,מגזין/פנאי
2025-09-22,IG reel,M,מגזין/פנאי
2025-09-22,IG reel,S,תוכן מתוכנית/כתבה
2025-09-22,IG image,N,סיקור שוטף
2025-09-22,IG image,N,סיקור שוטף
2025-09-22,IG reel,M,מגזין/פנאי
2025-09-22,IG image,N,סיקור שוטף
2025-09-22,IG reel,N,סיקור שוטף
2025-09-22,IG image,B,ברייקינג
2025-09-23,IG image,N,סיקור שוטף
2025-09-23,IG reel,N,סיקור שוטף
2025-09-23,IG image,N,סיקור שוטף
2025-09-23,IG reel,N,סיקור שוטף
2025-09-23,IG image,N,סיקור שוטף
2025-09-23,IG carousel,N,סיקור שוטף
2025-09-23,IG image,B,ברייקינג
2025-09-23,IG image,M,מגזין/פנאי
2025-09-24,IG reel,B,ברייקינג
2025-09-24,IG carousel,N,סיקור שוטף
2025-09-24,IG reel,M,מגזין/פנאי
2025-09-24,IG image,N,סיקור שוטף
2025-09-24,IG reel,B,ברייקינג
2025-09-24,IG image,B,ברייקינג
2025-09-24,IG reel,S,תוכן מתוכנית/כתבה
2025-09-24,IG reel,S,תוכן מתוכנית/כתבה
2025-09-24,IG reel,N,סיקור שוטף
2025-09-24,IG carousel,N,סיקור שוטף
2025-09-24,IG reel,S,תוכן מתוכנית/כתבה
2025-09-24,IG reel,F,תיעוד
2025-09-24,IG image,B,ברייקינג
2025-09-24,IG carousel,M,מגזין/פנאי
2025-09-25,IG image,N,סיקור שוטף
2025-09-25,IG image,N,סיקור שוטף
2025-09-25,IG reel,M,מגזין/פנאי
2025-09-25,IG reel,F,תיעוד
2025-09-25,IG reel,N,סיקור שוטף
2025-09-25,IG reel,N,סיקור שוטף
2025-09-25,IG reel,B,ברייקינג
2025-09-25,IG image,B,ברייקינג
2025-09-25,IG image,N,סיקור שוטף
2025-09-25,IG reel,B,ברייקינג
2025-09-25,IG image,N,סיקור שוטף
2025-09-25,IG reel,N,סיקור שוטף
2025-09-25,IG reel,M,מגזין/פנאי
2025-09-25,IG reel,P,קידום שידור
2025-09-25,IG image,N,סיקור שוטף
2025-09-25,IG image,N,סיקור שוטף
2025-09-25,IG image,N,סיקור שוטף
2025-09-25,IG carousel,P,קידום שידור
2025-09-25,IG image,N,סיקור שוטף
2025-09-25,IG reel,N,סיקור שוטף
2025-09-25,IG image,N,סיקור שוטף
2025-09-26,IG reel,S,תוכן מתוכנית/כתבה
2025-09-26,IG carousel,N,סיקור שוטף
2025-09-26,IG image,N,סיקור שוטף
2025-09-26,IG image,N,סיקור שוטף
2025-09-26,IG image,N,סיקור שוטף
2025-09-26,IG image,M,מגזין/פנאי
2025-09-26,IG reel,M,מגזין/פנאי
2025-09-26,IG image,M,מגזין/פנאי
2025-09-26,IG reel,P,קידום שידור
2025-09-26,IG image,N,סיקור שוטף
2025-09-26,IG reel,N,סיקור שוטף
2025-09-26,IG reel,N,סיקור שוטף
2025-09-26,IG carousel,N,סיקור שוטף
2025-09-26,IG image,N,סיקור שוטף
2025-09-27,IG image,N,סיקור שוטף
2025-09-27,IG reel,M,מגזין/פנאי
2025-09-27,IG reel,N,סיקור שוטף
2025-09-27,IG image,N,סיקור שוטף
2025-09-27,IG image,N,סיקור שוטף
2025-09-27,IG carousel,P,קידום שידור
2025-09-27,IG reel,P,קידום שידור
2025-09-28,IG image,N,סיקור שוטף
2025-09-28,IG reel,P,קידום שידור
2025-09-28,IG image,N,סיקור שוטף
2025-09-28,IG image,N,סיקור שוטף
2025-09-28,IG image,N,סיקור שוטף
2025-09-28,IG image,B,ברייקינג
2025-09-28,IG reel,S,תוכן מתוכנית/כתבה
2025-09-28,IG reel,B,ברייקינג
2025-09-28,IG carousel,N,סיקור שוטף
2025-09-28,IG carousel,N,סיקור שוטף
2025-09-28,IG carousel,S,תוכן מתוכנית/כתבה
2025-09-28,IG image,B,ברייקינג
2025-09-28,IG carousel,N,סיקור שוטף
2025-09-29,IG carousel,S,תוכן מתוכנית/כתבה
2025-09-29,IG image,S,תוכן מתוכנית/כתבה
2025-09-29,IG reel,S,תוכן מתוכנית/כתבה
2025-09-29,IG reel,P,קידום שידור
2025-09-29,IG reel,N,סיקור שוטף
2025-09-29,IG reel,N,סיקור שוטף
2025-09-29,IG image,N,סיקור שוטף
2025-09-29,IG reel,S,תוכן מתוכנית/כתבה
2025-09-29,IG image,N,סיקור שוטף
2025-09-29,IG image,N,סיקור שוטף
2025-09-29,IG reel,N,סיקור שוטף
2025-09-29,IG image,N,סיקור שוטף
2025-09-29,IG image,N,סיקור שוטף
2025-09-29,IG image,F,תיעוד
2025-09-29,IG reel,N,סיקור שוטף
2025-09-29,IG reel,N,סיקור שוטף
2025-09-29,IG carousel,S,תוכן מתוכנית/כתבה
2025-09-29,IG reel,N,סיקור שוטף
2025-09-29,IG image,N,סיקור שוטף
2025-09-30,IG image,N,סיקור שוטף
2025-09-30,IG image,B,ברייקינג
2025-09-30,IG carousel,P,קידום שידור
2025-09-30,IG reel,F,תיעוד
2025-09-30,IG reel,S,תוכן מתוכנית/כתבה
2025-09-30,IG carousel,P,קידום שידור
2025-09-30,IG image,N,סיקור שוטף
2025-09-30,IG image,N,סיקור שוטף
2025-10-01,IG reel,S,תוכן מתוכנית/כתבה
2025-10-01,IG image,N,סיקור שוטף
2025-10-01,IG image,P,קידום שידור
2025-10-01,IG reel,S,תוכן מתוכנית/כתבה
2025-10-01,IG reel,N,סיקור שוטף
2025-10-02,IG reel,N,סיקור שוטף
2025-10-02,IG image,M,מגזין/פנאי
2025-10-02,IG image,B,ברייקינג
2025-10-02,IG image,S,תוכן מתוכנית/כתבה
2025-10-02,IG image,N,סיקור שוטף
2025-10-02,IG image,N,סיקור שוטף
2025-10-02,IG image,N,סיקור שוטף
2025-10-02,IG image,N,סיקור שוטף
2025-10-02,IG reel,S,תוכן מתוכנית/כתבה
2025-10-02,IG carousel,S,תוכן מתוכנית/כתבה
2025-10-02,IG reel,S,תוכן מתוכנית/כתבה
2025-10-02,IG image,N,סיקור שוטף
2025-10-02,IG image,B,ברייקינג
2025-10-03,IG carousel,P,קידום שידור
2025-10-03,IG image,N,סיקור שוטף
2025-10-03,IG carousel,N,סיקור שוטף
2025-10-03,IG carousel,N,סיקור שוטף
2025-10-03,IG carousel,N,סיקור שוטף
2025-10-03,IG reel,N,סיקור שוטף
2025-10-03,IG image,B,ברייקינג
2025-10-03,IG reel,P,קידום שידור
2025-10-03,IG image,N,סיקור שוטף
2025-10-03,IG reel,N,סיקור שוטף
2025-10-03,IG image,M,מגזין/פנאי
2025-10-03,IG carousel,M,מגזין/פנאי
2025-10-03,IG image,S,תוכן מתוכנית/כתבה
2025-10-04,IG carousel,N,סיקור שוטף
2025-10-04,IG carousel,N,סיקור שוטף
2025-10-04,IG carousel,N,סיקור שוטף
2025-10-04,IG carousel,P,קידום שידור
2025-10-04,IG image,M,מגזין/פנאי
2025-10-04,IG image,N,סיקור שוטף
2025-10-04,IG reel,M,מגזין/פנאי
2025-10-04,IG reel,N,סיקור שוטף
2025-10-04,IG reel,M,מגזין/פנאי
2025-10-04,IG reel,M,מגזין/פנאי
2025-10-05,IG image,N,סיקור שוטף
2025-10-05,IG image,N,סיקור שוטף
2025-10-05,IG reel,N,סיקור שוטף
2025-10-05,IG reel,S,תוכן מתוכנית/כתבה
2025-10-05,IG reel,F,תיעוד
2025-10-05,IG image,F,תיעוד
2025-10-05,IG reel,N,סיקור שוטף
2025-10-05,IG reel,S,תוכן מתוכנית/כתבה
2025-10-05,IG image,N,סיקור שוטף
2025-10-05,IG image,N,סיקור שוטף
2025-10-05,IG reel,S,תוכן מתוכנית/כתבה
2025-10-06,IG image,N,סיקור שוטף
2025-10-06,IG carousel,F,תיעוד
2025-10-06,IG image,N,סיקור שוטף
2025-10-06,IG reel,N,סיקור שוטף
2025-10-06,IG reel,N,סיקור שוטף
2025-10-06,IG image,N,סיקור שוטף
2025-10-06,IG reel,S,תוכן מתוכנית/כתבה
2025-10-06,IG reel,N,סיקור שוטף
2025-10-06,IG reel,N,סיקור שוטף
2025-10-06,IG reel,N,סיקור שוטף
2025-10-06,IG carousel,S,תוכן מתוכנית/כתבה
2025-10-06,IG image,B,ברייקינג
2025-10-06,IG reel,S,תוכן מתוכנית/כתבה
2025-10-06,IG reel,P,קידום שידור
2025-10-06,IG image,N,סיקור שוטף
2025-10-06,IG reel,S,תוכן מתוכנית/כתבה
2025-10-07,IG image,M,מגזין/פנאי
2025-10-07,IG reel,P,קידום שידור
2025-10-07,IG reel,N,סיקור שוטף
2025-10-07,IG image,M,מגזין/פנאי
2025-10-07,IG carousel,N,סיקור שוטף
2025-10-07,IG image,B,ברייקינג
2025-10-07,IG image,B,ברייקינג
2025-10-07,IG image,N,סיקור שוטף
2025-10-07,IG reel,S,תוכן מתוכנית/כתבה
2025-10-07,IG reel,F,תיעוד
2025-10-07,IG reel,F,תיעוד
2025-10-07,IG reel,M,מגזין/פנאי
2025-10-07,IG image,B,ברייקינג
2025-10-07,IG carousel,N,סיקור שוטף
2025-10-07,IG reel,N,סיקור שוטף
2025-10-07,IG image,N,סיקור שוטף
2025-10-07,IG image,N,סיקור שוטף
2025-10-07,IG carousel,N,סיקור שוטף
2025-10-07,IG reel,P,קידום שידור
2025-10-07,IG carousel,N,סיקור שוטף
2025-10-07,IG image,B,ברייקינג
2025-10-08,IG reel,M,מגזין/פנאי
2025-10-08,IG image,N,סיקור שוטף
2025-10-08,IG reel,S,תוכן מתוכנית/כתבה
2025-10-08,IG carousel,N,סיקור שוטף
2025-10-08,IG reel,S,תוכן מתוכנית/כתבה
2025-10-08,IG image,N,סיקור שוטף
2025-10-08,IG image,N,סיקור שוטף
2025-10-08,IG reel,P,קידום שידור
2025-10-08,IG image,N,סיקור שוטף
2025-10-08,IG reel,S,תוכן מתוכנית/כתבה
2025-10-08,IG image,N,סיקור שוטף
2025-10-08,IG reel,B,ברייקינג
2025-10-09,IG reel,N,סיקור שוטף
2025-10-09,IG image,B,ברייקינג
2025-10-09,IG carousel,S,תוכן מתוכנית/כתבה
2025-10-09,IG carousel,B,ברייקינג
2025-10-09,IG image,B,ברייקינג
2025-10-09,IG reel,B,ברייקינג
2025-10-09,IG image,N,סיקור שוטף
2025-10-09,IG carousel,N,סיקור שוטף
2025-10-09,IG image,N,סיקור שוטף
2025-10-09,IG reel,M,מגזין/פנאי
2025-10-09,IG carousel,M,מגזין/פנאי
2025-10-09,IG reel,S,תוכן מתוכנית/כתבה
2025-10-09,IG reel,N,סיקור שוטף
2025-10-09,IG image,N,סיקור שוטף
2025-10-09,IG reel,S,תוכן מתוכנית/כתבה
2025-10-09,IG image,N,סיקור שוטף
2025-10-09,IG carousel,N,סיקור שוטף
2025-10-09,IG image,N,סיקור שוטף
2025-10-10,IG image,N,סיקור שוטף
2025-10-10,IG reel,M,מגזין/פנאי
2025-10-10,IG image,B,ברייקינג
2025-10-10,IG reel,N,סיקור שוטף
2025-10-10,IG carousel,N,סיקור שוטף
2025-10-10,IG image,N,סיקור שוטף
2025-10-10,IG reel,N,סיקור שוטף
2025-10-10,IG image,N,סיקור שוטף
2025-10-10,IG reel,N,סיקור שוטף
2025-10-10,IG reel,N,סיקור שוטף
2025-10-10,IG image,N,סיקור שוטף
2025-10-10,IG image,N,סיקור שוטף
2025-10-10,IG reel,F,תיעוד
2025-10-10,IG reel,M,מגזין/פנאי
2025-10-11,IG reel,N,סיקור שוטף
2025-10-11,IG carousel,N,סיקור שוטף
2025-10-11,IG image,N,סיקור שוטף
2025-10-11,IG reel,N,סיקור שוטף
2025-10-11,IG image,N,סיקור שוטף
2025-10-12,IG reel,P,קידום שידור
2025-10-12,IG image,M,מגזין/פנאי
2025-10-12,IG image,N,סיקור שוטף
2025-10-12,IG reel,S,תוכן מתוכנית/כתבה
2025-10-12,IG reel,P,קידום שידור
2025-10-12,IG image,N,סיקור שוטף
2025-10-12,IG carousel,N,סיקור שוטף
2025-10-12,IG reel,N,סיקור שוטף
2025-10-12,IG reel,F,תיעוד
2025-10-12,IG reel,F,תיעוד
2025-10-13,IG reel,N,סיקור שוטף
2025-10-13,IG reel,N,סיקור שוטף
2025-10-13,IG reel,N,סיקור שוטף
2025-10-13,IG reel,N,סיקור שוטף
2025-10-13,IG image,N,סיקור שוטף
2025-10-13,IG reel,N,סיקור שוטף
2025-10-13,IG carousel,N,סיקור שוטף
2025-10-13,IG reel,F,תיעוד
2025-10-13,IG image,F,תיעוד
2025-10-13,IG image,F,תיעוד
2025-10-13,IG image,N,סיקור שוטף
2025-10-13,IG image,F,תיעוד
2025-10-13,IG image,F,תיעוד
2025-10-13,IG image,F,תיעוד
2025-10-13,IG image,N,סיקור שוטף
2025-10-13,IG image,N,סיקור שוטף
2025-10-13,IG reel,F,תיעוד
2025-10-13,IG image,N,סיקור שוטף
2025-10-13,IG reel,N,סיקור שוטף
2025-10-13,IG image,N,סיקור שוטף
2025-10-13,IG reel,F,תיעוד
2025-10-13,IG carousel,F,תיעוד
2025-10-13,IG image,N,סיקור שוטף
2025-10-13,IG image,F,תיעוד
2025-10-13,IG image,N,סיקור שוטף
2025-10-13,IG image,F,תיעוד
2025-10-13,IG reel,M,מגזין/פנאי
2025-10-13,IG carousel,F,תיעוד
2025-10-13,IG carousel,N,סיקור שוטף
2025-10-13,IG reel,N,סיקור שוטף
2025-10-13,IG image,F,תיעוד
2025-10-13,IG carousel,M,מגזין/פנאי
2025-10-13,IG image,N,סיקור שוטף
2025-10-13,IG image,N,סיקור שוטף
2025-10-13,IG reel,F,תיעוד
2025-10-13,IG reel,F,תיעוד
2025-10-13,IG image,N,סיקור שוטף
2025-10-13,IG reel,F,תיעוד
2025-10-13,IG image,F,תיעוד
2025-10-13,IG image,F,תיעוד
2025-10-13,IG image,F,תיעוד
2025-10-13,IG image,N,סיקור שוטף
2025-10-13,IG image,N,סיקור שוטף
2025-10-13,IG carousel,F,תיעוד
2025-10-13,IG image,F,תיעוד
2025-10-13,IG image,N,סיקור שוטף
2025-10-13,IG image,F,תיעוד
2025-10-13,IG image,F,תיעוד
2025-10-13,IG reel,N,סיקור שוטף
2025-10-13,IG reel,N,סיקור שוטף
2025-10-13,IG carousel,F,תיעוד
2025-10-13,IG reel,F,תיעוד
2025-10-13,IG reel,F,תיעוד
2025-10-13,IG reel,F,תיעוד
2025-10-13,IG image,N,סיקור שוטף
2025-10-13,IG image,F,תיעוד
2025-10-13,IG image,F,תיעוד
2025-10-13,IG carousel,F,תיעוד
2025-10-13,IG carousel,F,תיעוד
2025-10-13,IG carousel,F,תיעוד
2025-10-13,IG carousel,F,תיעוד
2025-10-13,IG image,F,תיעוד
2025-10-13,IG reel,F,תיעוד
2025-10-13,IG carousel,F,תיעוד
2025-10-13,IG reel,F,תיעוד
2025-10-13,IG reel,F,תיעוד
2025-10-13,IG carousel,F,תיעוד
2025-10-13,IG reel,F,תיעוד
2025-10-13,IG reel,F,תיעוד
2025-10-13,IG carousel,F,תיעוד
2025-10-13,IG reel,F,תיעוד
2025-10-13,IG carousel,N,סיקור שוטף
2025-10-13,IG image,F,תיעוד
2025-10-13,IG reel,F,תיעוד
2025-10-13,IG reel,F,תיעוד
2025-10-13,IG carousel,F,תיעוד
2025-10-13,IG carousel,F,תיעוד
2025-10-13,IG carousel,N,סיקור שוטף
2025-10-13,IG image,F,תיעוד
2025-10-13,IG reel,F,תיעוד
2025-10-13,IG reel,F,תיעוד
2025-10-13,IG reel,F,תיעוד
2025-10-13,IG reel,F,תיעוד
2025-10-13,IG reel,F,תיעוד
2025-10-13,IG reel,F,תיעוד
2025-10-13,IG reel,F,תיעוד
2025-10-13,IG reel,F,תיעוד
2025-10-13,IG reel,F,תיעוד
2025-10-13,IG reel,F,תיעוד
2025-10-13,IG image,F,תיעוד
2025-10-13,IG image,F,תיעוד
2025-10-13,IG reel,N,סיקור שוטף
2025-10-13,IG reel,S,תוכן מתוכנית/כתבה
2025-10-13,IG image,N,סיקור שוטף
2025-10-13,IG carousel,F,תיעוד
2025-10-14,IG image,N,סיקור שוטף
2025-10-14,IG image,N,סיקור שוטף
2025-10-14,IG reel,S,תוכן מתוכנית/כתבה
2025-10-14,IG image,S,תוכן מתוכנית/כתבה
2025-10-14,IG image,N,סיקור שוטף
2025-10-14,IG reel,F,תיעוד
2025-10-14,IG reel,F,תיעוד
2025-10-14,IG reel,S,תוכן מתוכנית/כתבה
2025-10-14,IG reel,F,תיעוד
2025-10-14,IG image,N,סיקור שוטף
2025-10-14,IG image,N,סיקור שוטף
2025-10-14,IG image,N,סיקור שוטף
2025-10-14,IG image,N,סיקור שוטף
2025-10-14,IG image,N,סיקור שוטף
2025-10-14,IG image,S,תוכן מתוכנית/כתבה
2025-10-14,IG image,N,סיקור שוטף
2025-10-14,IG image,N,סיקור שוטף
2025-10-14,IG reel,F,תיעוד
2025-10-14,IG reel,F,תיעוד
2025-10-14,IG image,N,סיקור שוטף
2025-10-14,IG reel,S,תוכן מתוכנית/כתבה
2025-10-14,IG carousel,N,סיקור שוטף
2025-10-14,IG image,N,סיקור שוטף
2025-10-14,IG image,N,סיקור שוטף
2025-10-15,IG image,N,סיקור שוטף
2025-10-15,IG image,N,סיקור שוטף
2025-10-15,IG image,N,סיקור שוטף
2025-10-15,IG image,B,ברייקינג
2025-10-15,IG reel,F,תיעוד
2025-10-15,IG image,N,סיקור שוטף
2025-10-15,IG reel,M,מגזין/פנאי
2025-10-15,IG image,N,סיקור שוטף
2025-10-15,IG reel,S,תוכן מתוכנית/כתבה
2025-10-15,IG reel,S,תוכן מתוכנית/כתבה
2025-10-15,IG reel,S,תוכן מתוכנית/כתבה
2025-10-15,IG reel,F,תיעוד
2025-10-15,IG reel,F,תיעוד
2025-10-15,IG reel,S,תוכן מתוכנית/כתבה
2025-10-15,IG carousel,N,סיקור שוטף
2025-10-15,IG reel,S,תוכן מתוכנית/כתבה
2025-10-15,IG reel,S,תוכן מתוכנית/כתבה
2025-10-15,IG reel,N,סיקור שוטף
2025-10-15,IG image,N,סיקור שוטף
2025-10-15,IG image,N,סיקור שוטף
2025-10-16,IG reel,B,ברייקינג
2025-10-16,IG image,S,תוכן מתוכנית/כתבה
2025-10-16,IG image,F,תיעוד
2025-10-16,IG image,B,ברייקינג
2025-10-16,IG carousel,N,סיקור שוטף
2025-10-16,IG image,N,סיקור שוטף
2025-10-16,IG reel,N,סיקור שוטף
2025-10-16,IG image,S,תוכן מתוכנית/כתבה
2025-10-16,IG image,N,סיקור שוטף
2025-10-16,IG image,N,סיקור שוטף
2025-10-16,IG reel,S,תוכן מתוכנית/כתבה
2025-10-16,IG reel,F,תיעוד
2025-10-16,IG carousel,F,תיעוד
2025-10-16,IG carousel,N,סיקור שוטף
2025-10-16,IG reel,F,תיעוד
2025-10-16,IG image,N,סיקור שוטף
2025-10-16,IG image,N,סיקור שוטף
2025-10-16,IG reel,M,מגזין/פנאי
2025-10-16,IG image,N,סיקור שוטף
2025-10-17,IG image,N,סיקור שוטף
2025-10-17,IG image,N,סיקור שוטף
2025-10-17,IG carousel,F,תיעוד
2025-10-17,IG image,N,סיקור שוטף
2025-10-17,IG image,N,סיקור שוטף
2025-10-17,IG reel,N,סיקור שוטף
2025-10-17,IG reel,S,תוכן מתוכנית/כתבה
2025-10-17,IG reel,M,מגזין/פנאי
2025-10-17,IG carousel,N,סיקור שוטף
2025-10-17,IG reel,P,קידום שידור
2025-10-17,IG reel,F,תיעוד
2025-10-17,IG reel,F,תיעוד
2025-10-17,IG carousel,N,סיקור שוטף
2025-10-17,IG reel,S,תוכן מתוכנית/כתבה
2025-10-17,IG image,N,סיקור שוטף
2025-10-17,IG image,N,סיקור שוטף
2025-10-17,IG reel,N,סיקור שוטף
2025-10-17,IG reel,F,תיעוד
2025-10-17,IG reel,M,מגזין/פנאי
2025-10-17,IG image,N,סיקור שוטף
2025-10-17,IG image,F,תיעוד
2025-10-17,IG reel,M,מגזין/פנאי
2025-10-17,IG image,N,סיקור שוטף
2025-10-17,IG image,N,סיקור שוטף
2025-10-17,IG image,N,סיקור שוטף
2025-10-18,IG carousel,N,סיקור שוטף
2025-10-18,IG reel,M,מגזין/פנאי
2025-10-18,IG image,F,תיעוד
2025-10-18,IG reel,F,תיעוד
2025-10-18,IG carousel,N,סיקור שוטף
2025-10-18,IG reel,F,תיעוד
2025-10-18,IG carousel,P,קידום שידור
2025-10-18,IG image,N,סיקור שוטף
2025-10-18,IG image,F,תיעוד
2025-10-18,IG reel,N,סיקור שוטף
2025-10-18,IG image,N,סיקור שוטף
2025-10-18,IG image,N,סיקור שוטף
2025-10-19,IG carousel,F,תיעוד
2025-10-19,IG image,B,ברייקינג
2025-10-19,IG image,N,סיקור שוטף
2025-10-19,IG image,N,סיקור שוטף
2025-10-19,IG reel,B,ברייקינג
2025-10-19,IG reel,N,סיקור שוטף
2025-10-19,IG image,N,סיקור שוטף
2025-10-19,IG carousel,B,ברייקינג
2025-10-19,IG reel,M,מגזין/פנאי
2025-10-19,IG image,N,סיקור שוטף
2025-10-19,IG reel,F,תיעוד
2025-10-19,IG reel,F,תיעוד
2025-10-19,IG reel,F,תיעוד
2025-10-19,IG reel,F,תיעוד
2025-10-19,IG reel,F,תיעוד
2025-10-19,IG image,B,ברייקינג
2025-10-19,IG image,F,תיעוד
2025-10-19,IG reel,N,סיקור שוטף
2025-10-19,IG carousel,N,סיקור שוטף
2025-10-19,IG reel,N,סיקור שוטף
2025-10-19,IG carousel,N,סיקור שוטף
2025-10-20,IG image,N,סיקור שוטף
2025-10-20,IG reel,N,סיקור שוטף
2025-10-20,IG reel,B,ברייקינג
2025-10-20,IG reel,N,סיקור שוטף
2025-10-20,IG image,N,סיקור שוטף
2025-10-20,IG reel,N,סיקור שוטף
2025-10-20,IG reel,M,מגזין/פנאי
2025-10-20,IG reel,N,סיקור שוטף
2025-10-20,IG image,P,קידום שידור
2025-10-20,IG reel,N,סיקור שוטף
2025-10-20,IG reel,N,סיקור שוטף
2025-10-20,IG reel,N,סיקור שוטף
2025-10-20,IG reel,S,תוכן מתוכנית/כתבה
2025-10-20,IG image,N,סיקור שוטף
2025-10-20,IG image,N,סיקור שוטף
2025-10-20,IG reel,S,תוכן מתוכנית/כתבה
2025-10-20,IG reel,S,תוכן מתוכנית/כתבה
2025-10-21,IG image,N,סיקור שוטף
2025-10-21,IG image,N,סיקור שוטף
2025-10-21,IG carousel,N,סיקור שוטף
2025-10-21,IG carousel,N,סיקור שוטף
2025-10-21,IG image,N,סיקור שוטף
2025-10-21,IG image,N,סיקור שוטף
2025-10-21,IG carousel,S,תוכן מתוכנית/כתבה
2025-10-21,IG reel,F,תיעוד
2025-10-21,IG image,N,סיקור שוטף
2025-10-21,IG reel,F,תיעוד
2025-10-21,IG carousel,N,סיקור שוטף
2025-10-21,IG image,F,תיעוד
2025-10-21,IG carousel,N,סיקור שוטף
2025-10-21,IG image,N,סיקור שוטף
2025-10-22,IG carousel,N,סיקור שוטף
2025-10-22,IG reel,N,סיקור שוטף
2025-10-22,IG carousel,N,סיקור שוטף
2025-10-22,IG reel,N,סיקור שוטף
2025-10-22,IG reel,N,סיקור שוטף
2025-10-22,IG reel,P,קידום שידור
2025-10-23,IG image,B,ברייקינג
2025-10-23,IG carousel,N,סיקור שוטף
2025-10-23,IG reel,N,סיקור שוטף
2025-10-23,IG carousel,N,סיקור שוטף
2025-10-23,IG reel,M,מגזין/פנאי
2025-10-23,IG reel,S,תוכן מתוכנית/כתבה
2025-10-23,IG reel,F,תיעוד
2025-10-23,IG carousel,N,סיקור שוטף
2025-10-23,IG reel,N,סיקור שוטף
2025-10-23,IG reel,N,סיקור שוטף
2025-10-23,IG image,N,סיקור שוטף
2025-10-24,IG image,F,תיעוד
2025-10-24,IG image,N,סיקור שוטף
2025-10-24,IG carousel,N,סיקור שוטף
2025-10-24,IG reel,N,סיקור שוטף
2025-10-24,IG reel,P,קידום שידור
2025-10-24,IG reel,F,תיעוד
2025-10-24,IG reel,F,תיעוד
2025-10-24,IG reel,P,קידום שידור
2025-10-24,IG reel,N,סיקור שוטף
2025-10-25,IG reel,F,תיעוד
2025-10-25,IG image,N,סיקור שוטף
2025-10-25,IG reel,S,תוכן מתוכנית/כתבה
2025-10-25,IG reel,M,מגזין/פנאי
2025-10-25,IG image,N,סיקור שוטף
2025-10-25,IG reel,N,סיקור שוטף
2025-10-25,IG reel,S,תוכן מתוכנית/כתבה
2025-10-25,IG reel,F,תיעוד
2025-10-25,IG image,N,סיקור שוטף
2025-10-25,IG carousel,N,סיקור שוטף
2025-10-26,IG carousel,N,סיקור שוטף
2025-10-26,IG carousel,N,סיקור שוטף
2025-10-26,IG carousel,F,תיעוד
2025-10-26,IG reel,N,סיקור שוטף
2025-10-26,IG reel,S,תוכן מתוכנית/כתבה
2025-10-26,IG carousel,P,קידום שידור
2025-10-26,IG reel,S,תוכן מתוכנית/כתבה
2025-10-26,IG reel,N,סיקור שוטף
2025-10-26,IG reel,F,תיעוד
2025-10-26,IG image,B,ברייקינג
2025-10-26,IG reel,P,קידום שידור
2025-10-27,IG reel,N,סיקור שוטף
2025-10-27,IG reel,P,קידום שידור
2025-10-27,IG image,N,סיקור שוטף
2025-10-27,IG carousel,M,מגזין/פנאי
2025-10-27,IG reel,M,מגזין/פנאי
2025-10-27,IG reel,F,תיעוד
2025-10-27,IG image,M,מגזין/פנאי
2025-10-27,IG image,N,סיקור שוטף
2025-10-27,IG reel,N,סיקור שוטף
2025-10-27,IG reel,N,סיקור שוטף
2025-10-27,IG image,N,סיקור שוטף
2025-10-28,IG reel,N,סיקור שוטף
2025-10-28,IG image,B,ברייקינג
2025-10-28,IG reel,F,תיעוד
2025-10-28,IG image,N,סיקור שוטף
2025-10-28,IG image,N,סיקור שוטף
2025-10-28,IG carousel,N,סיקור שוטף
2025-10-28,IG carousel,F,תיעוד
2025-10-28,IG carousel,F,תיעוד
2025-10-28,IG image,N,סיקור שוטף
2025-10-28,IG image,N,סיקור שוטף
2025-10-28,IG carousel,F,תיעוד
2025-10-28,IG image,F,תיעוד
2025-10-28,IG image,N,סיקור שוטף
2025-10-28,IG image,N,סיקור שוטף
2025-10-29,IG reel,F,תיעוד
2025-10-29,IG image,N,סיקור שוטף
2025-10-29,IG reel,F,תיעוד
2025-10-29,IG reel,N,סיקור שוטף
2025-10-30,IG image,N,סיקור שוטף
2025-10-30,IG image,N,סיקור שוטף
2025-10-30,IG reel,M,מגזין/פנאי
2025-10-30,IG carousel,S,תוכן מתוכנית/כתבה
2025-10-30,IG carousel,F,תיעוד
2025-10-30,IG reel,N,סיקור שוטף
2025-10-30,IG reel,B,ברייקינג
2025-10-30,IG image,N,סיקור שוטף
2025-10-30,IG image,N,סיקור שוטף
2025-10-30,IG image,N,סיקור שוטף
2025-10-30,IG reel,F,תיעוד
2025-10-30,IG reel,N,סיקור שוטף
2025-10-30,IG reel,F,תיעוד
2025-10-30,IG image,N,סיקור שוטף
2025-10-30,IG reel,N,סיקור שוטף
2025-10-30,IG image,N,סיקור שוטף
2025-10-31,IG reel,N,סיקור שוטף
2025-10-31,IG reel,P,קידום שידור
2025-10-31,IG carousel,P,קידום שידור
2025-10-31,IG reel,N,סיקור שוטף
2025-10-31,IG reel,S,תוכן מתוכנית/כתבה
2025-10-31,IG image,N,סיקור שוטף
2025-10-31,IG reel,N,סיקור שוטף
2025-10-31,IG image,B,ברייקינג
2025-11-01,IG reel,F,תיעוד
2025-11-01,IG reel,M,מגזין/פנאי
2025-11-01,IG carousel,B,ברייקינג
2025-11-01,IG reel,S,תוכן מתוכנית/כתבה
2025-11-01,IG reel,S,תוכן מתוכנית/כתבה
2025-11-01,IG reel,S,תוכן מתוכנית/כתבה
2025-11-01,IG reel,S,תוכן מתוכנית/כתבה
2025-11-02,IG image,N,סיקור שוטף
2025-11-02,IG image,N,סיקור שוטף
2025-11-02,IG image,N,סיקור שוטף
2025-11-02,IG image,N,סיקור שוטף
2025-11-02,IG image,N,סיקור שוטף
2025-11-02,IG reel,N,סיקור שוטף
2025-11-02,IG carousel,N,סיקור שוטף
2025-11-02,IG image,N,סיקור שוטף
2025-11-02,IG carousel,N,סיקור שוטף
2025-11-02,IG reel,S,תוכן מתוכנית/כתבה
2025-11-02,IG image,N,סיקור שוטף
2025-11-03,IG reel,N,סיקור שוטף
2025-11-03,IG image,N,סיקור שוטף
2025-11-03,IG carousel,N,סיקור שוטף
2025-11-03,IG carousel,N,סיקור שוטף
2025-11-03,IG image,N,סיקור שוטף
2025-11-03,IG image,F,תיעוד
2025-11-03,IG reel,N,סיקור שוטף
2025-11-03,IG carousel,N,סיקור שוטף
2025-11-03,IG image,N,סיקור שוטף
2025-11-03,IG carousel,N,סיקור שוטף
2025-11-03,IG carousel,M,מגזין/פנאי
2025-11-03,IG carousel,S,תוכן מתוכנית/כתבה
2025-11-04,IG reel,S,תוכן מתוכנית/כתבה
2025-11-04,IG carousel,N,סיקור שוטף
2025-11-04,IG reel,N,סיקור שוטף
2025-11-04,IG reel,M,מגזין/פנאי
2025-11-04,IG image,N,סיקור שוטף
2025-11-04,IG reel,S,תוכן מתוכנית/כתבה
2025-11-04,IG reel,P,קידום שידור
2025-11-04,IG image,B,ברייקינג
2025-11-04,IG reel,M,מגזין/פנאי
2025-11-04,IG image,M,מגזין/פנאי
2025-11-05,IG image,N,סיקור שוטף
2025-11-05,IG image,N,סיקור שוטף
2025-11-05,IG image,N,סיקור שוטף
2025-11-05,IG reel,N,סיקור שוטף
2025-11-05,IG image,N,סיקור שוטף
2025-11-05,IG image,N,סיקור שוטף
2025-11-05,IG image,N,סיקור שוטף
2025-11-05,IG image,N,סיקור שוטף
2025-11-05,IG image,N,סיקור שוטף
2025-11-05,IG reel,N,סיקור שוטף
2025-11-05,IG image,?,לא סווג
2025-11-05,IG image,?,לא סווג
2025-11-05,IG image,?,לא סווג
2025-11-05,IG image,?,לא סווג
2025-11-05,IG carousel,?,לא סווג
2025-11-06,IG image,?,לא סווג
2025-11-06,IG image,?,לא סווג
2025-11-06,IG carousel,?,לא סווג
2025-11-06,IG reel,?,לא סווג
2025-11-06,IG image,?,לא סווג
2025-11-06,IG reel,?,לא סווג
2025-11-06,IG image,?,לא סווג
2025-11-06,IG carousel,?,לא סווג
2025-11-06,IG reel,P,קידום שידור
2025-11-06,IG image,?,לא סווג
2025-11-07,IG reel,S,תוכן מתוכנית/כתבה
2025-11-07,IG image,?,לא סווג
2025-11-08,IG reel,P,קידום שידור
2025-11-08,IG image,?,לא סווג
2025-11-08,IG reel,?,לא סווג
2025-11-08,IG reel,F,תיעוד
2025-11-08,IG reel,P,קידום שידור
2025-11-08,IG reel,?,לא סווג
2025-11-08,IG reel,F,תיעוד
2025-11-08,IG reel,?,לא סווג
2025-11-08,IG image,?,לא סווג
2025-11-08,IG image,?,לא סווג
2025-11-09,IG reel,?,לא סווג
2025-11-09,IG image,?,לא סווג
2025-11-09,IG carousel,?,לא סווג
2025-11-09,IG carousel,?,לא סווג
2025-11-09,IG image,?,לא סווג
2025-11-09,IG reel,?,לא סווג
2025-11-09,IG image,?,לא סווג
2025-11-09,IG image,?,לא סווג
2025-11-09,IG reel,?,לא סווג
2025-11-09,IG reel,?,לא סווג
2025-11-09,IG image,?,לא סווג
2025-11-10,IG carousel,?,לא סווג
2025-11-10,IG reel,?,לא סווג
2025-11-10,IG image,?,לא סווג
2025-11-10,IG reel,?,לא סווג
2025-11-10,IG image,?,לא סווג
2025-11-10,IG image,?,לא סווג
2025-11-10,IG carousel,?,לא סווג
2025-11-10,IG reel,?,לא סווג
2025-11-10,IG image,?,לא סווג
2025-11-10,IG image,?,לא סווג
2025-11-10,IG carousel,?,לא סווג
2025-11-10,IG image,?,לא סווג
2025-11-10,IG reel,?,לא סווג
2025-11-11,IG reel,?,לא סווג
2025-11-11,IG image,?,לא סווג
2025-11-11,IG reel,P,קידום שידור
2025-11-11,IG carousel,?,לא סווג
2025-11-11,IG reel,P,קידום שידור
2025-11-11,IG image,?,לא סווג
2025-11-11,IG reel,?,לא סווג
2025-11-11,IG reel,?,לא סווג
2025-11-11,IG reel,?,לא סווג
2025-11-12,IG reel,?,לא סווג
2025-11-12,IG image,F,תיעוד
2025-11-12,IG reel,?,לא סווג
2025-11-12,IG reel,?,לא סווג
2025-11-12,IG reel,F,תיעוד
2025-11-12,IG reel,?,לא סווג
2025-11-12,IG image,?,לא סווג
2025-11-12,IG reel,F,תיעוד
2025-11-12,IG image,?,לא סווג
2025-11-12,IG image,?,לא סווג
2025-11-13,IG image,?,לא סווג
2025-11-13,IG carousel,?,לא סווג
2025-11-13,IG image,P,קידום שידור
2025-11-13,IG reel,S,תוכן מתוכנית/כתבה
2025-11-13,IG image,?,לא סווג
2025-11-13,IG image,?,לא סווג
2025-11-13,IG carousel,?,לא סווג
2025-11-13,IG reel,?,לא סווג
2025-11-13,IG reel,P,קידום שידור
2025-11-13,IG image,?,לא סווג
2025-11-13,IG carousel,?,לא סווג
2025-11-13,IG reel,?,לא סווג
2025-11-13,IG carousel,?,לא סווג
2025-11-14,IG carousel,?,לא סווג
2025-11-14,IG reel,?,לא סווג
2025-11-14,IG reel,?,לא סווג
2025-11-14,IG reel,?,לא סווג
2025-11-14,IG carousel,?,לא סווג
2025-11-15,IG reel,P,קידום שידור
2025-11-15,IG carousel,P,קידום שידור
2025-11-15,IG image,?,לא סווג
2025-11-15,IG image,?,לא סווג
2025-11-15,IG reel,?,לא סווג
2025-11-15,IG reel,?,לא סווג
2025-11-15,IG image,?,לא סווג
2025-11-15,IG carousel,?,לא סווג
2025-11-15,IG reel,?,לא סווג
2025-11-15,IG image,?,לא סווג
2025-11-15,IG reel,?,לא סווג
2025-11-16,IG image,?,לא סווג
2025-11-16,IG carousel,?,לא סווג
2025-11-16,IG reel,?,לא סווג
2025-11-16,IG reel,?,לא סווג
2025-11-16,IG image,?,לא סווג
2025-11-16,IG reel,?,לא סווג
2025-11-16,IG image,?,לא סווג
2025-11-16,IG image,F,תיעוד
2025-11-17,IG reel,?,לא סווג
2025-11-17,IG image,?,לא סווג
2025-11-17,IG carousel,?,לא סווג
2025-11-17,IG carousel,?,לא סווג
2025-11-17,IG image,?,לא סווג
2025-11-17,IG image,?,לא סווג
2025-11-17,IG reel,?,לא סווג
2025-11-17,IG carousel,?,לא סווג
2025-11-18,IG carousel,?,לא סווג
2025-11-18,IG carousel,?,לא סווג
2025-11-18,IG image,?,לא סווג
2025-11-18,IG carousel,?,לא סווג
2025-11-18,IG image,?,לא סווג
2025-11-18,IG reel,?,לא סווג
2025-11-18,IG reel,?,לא סווג
2025-11-18,IG image,?,לא סווג
2025-11-18,IG image,?,לא סווג
2025-11-18,IG image,?,לא סווג
2025-11-18,IG reel,?,לא סווג
2025-11-19,IG image,?,לא סווג
2025-11-19,IG reel,?,לא סווג
2025-11-19,IG reel,?,לא סווג
2025-11-19,IG carousel,?,לא סווג
2025-11-19,IG reel,?,לא סווג
2025-11-19,IG image,?,לא סווג
2025-11-19,IG reel,?,לא סווג
2025-11-19,IG reel,?,לא סווג
2025-11-19,IG image,?,לא סווג
2025-11-19,IG reel,?,לא סווג
2025-11-19,IG image,?,לא סווג
2025-11-19,IG carousel,?,לא סווג
2025-11-19,IG carousel,?,לא סווג
2025-11-19,IG reel,?,לא סווג
2025-11-19,IG reel,?,לא סווג
2025-11-20,IG reel,?,לא סווג
2025-11-20,IG reel,?,לא סווג
2025-11-20,IG carousel,?,לא סווג
2025-11-20,IG reel,?,לא סווג
2025-11-20,IG carousel,?,לא סווג
2025-11-20,IG reel,?,לא סווג
2025-11-20,IG reel,?,לא סווג
2025-11-20,IG carousel,?,לא סווג
2025-11-20,IG reel,?,לא סווג
2025-11-20,IG image,?,לא סווג
2025-11-20,IG carousel,?,לא סווג
2025-11-20,IG image,?,לא סווג
2025-11-20,IG image,?,לא סווג
2025-11-21,IG reel,?,לא סווג
2025-11-21,IG reel,?,לא סווג
2025-11-21,IG reel,?,לא סווג
2025-11-21,IG image,?,לא סווג
2025-11-21,IG carousel,?,לא סווג
2025-11-21,IG image,?,לא סווג
2025-11-21,IG image,?,לא סווג
2025-11-21,IG image,?,לא סווג
2025-11-21,IG carousel,?,לא סווג
2025-11-21,IG reel,S,תוכן מתוכנית/כתבה
2025-11-22,IG image,?,לא סווג
2025-11-22,IG reel,?,לא סווג
2025-11-22,IG reel,?,לא סווג
2025-11-22,IG carousel,?,לא סווג
2025-11-22,IG reel,?,לא סווג
2025-11-23,IG carousel,?,לא סווג
2025-11-23,IG image,?,לא סווג
2025-11-23,IG reel,?,לא סווג
2025-11-23,IG carousel,?,לא סווג
2025-11-23,IG carousel,?,לא סווג
2025-11-23,IG reel,?,לא סווג
2025-11-23,IG carousel,?,לא סווג
2025-11-23,IG reel,?,לא סווג
2025-11-23,IG image,?,לא סווג
2025-11-23,IG reel,?,לא סווג
2025-11-23,IG image,?,לא סווג
2025-11-23,IG reel,?,לא סווג
2025-11-23,IG image,?,לא סווג
2025-11-23,IG carousel,?,לא סווג
2025-11-24,IG reel,?,לא סווג
2025-11-24,IG reel,P,קידום שידור
2025-11-24,IG reel,F,תיעוד
2025-11-24,IG image,?,לא סווג
2025-11-24,IG reel,?,לא סווג
2025-11-24,IG carousel,?,לא סווג
2025-11-24,IG image,?,לא סווג
2025-11-24,IG reel,?,לא סווג
2025-11-25,IG image,?,לא סווג
2025-11-25,IG carousel,?,לא סווג
2025-11-25,IG reel,?,לא סווג
2025-11-25,IG image,?,לא סווג
2025-11-25,IG carousel,?,לא סווג
2025-11-25,IG image,?,לא סווג
2025-11-25,IG image,?,לא סווג
2025-11-25,IG carousel,?,לא סווג
2025-11-25,IG image,?,לא סווג
2025-11-25,IG reel,S,תוכן מתוכנית/כתבה
2025-11-26,IG reel,?,לא סווג
2025-11-26,IG image,?,לא סווג
2025-11-26,IG reel,?,לא סווג
2025-11-26,IG image,?,לא סווג
2025-11-26,IG carousel,?,לא סווג
2025-11-26,IG image,?,לא סווג
2025-11-26,IG image,?,לא סווג
2025-11-26,IG image,?,לא סווג
2025-11-26,IG image,?,לא סווג
2025-11-27,IG image,?,לא סווג
2025-11-27,IG reel,?,לא סווג
2025-11-27,IG reel,F,תיעוד
2025-11-27,IG reel,?,לא סווג
2025-11-27,IG reel,P,קידום שידור
2025-11-27,IG reel,P,קידום שידור
2025-11-27,IG image,?,לא סווג
2025-11-27,IG reel,?,לא סווג
2025-11-27,IG reel,?,לא סווג
2025-11-27,IG image,?,לא סווג
2025-11-28,IG reel,S,תוכן מתוכנית/כתבה
2025-11-28,IG reel,?,לא סווג
2025-11-28,IG reel,P,קידום שידור
2025-11-28,IG reel,?,לא סווג
2025-11-28,IG image,?,לא סווג
2025-11-28,IG reel,F,תיעוד
2025-11-28,IG reel,P,קידום שידור
2025-11-28,IG reel,?,לא סווג
2025-11-29,IG carousel,?,לא סווג
2025-11-29,IG reel,?,לא סווג
2025-11-29,IG reel,?,לא סווג
2025-11-29,IG image,?,לא סווג
2025-11-29,IG carousel,?,לא סווג
2025-11-29,IG reel,?,לא סווג
2025-11-29,IG reel,?,לא סווג
2025-11-30,IG carousel,?,לא סווג
2025-11-30,IG image,?,לא סווג
2025-11-30,IG image,?,לא סווג
2025-11-30,IG carousel,?,לא סווג
2025-11-30,IG reel,?,לא סווג
2025-11-30,IG image,?,לא סווג
2025-11-30,IG reel,?,לא סווג
2025-11-30,IG image,?,לא סווג
2025-12-01,IG image,?,לא סווג
2025-12-01,IG reel,?,לא סווג
2025-12-01,IG reel,?,לא סווג
2025-12-01,IG reel,?,לא סווג
2025-12-01,IG image,?,לא סווג
2025-12-01,IG image,?,לא סווג
2025-12-01,IG reel,P,קידום שידור
2025-12-01,IG reel,?,לא סווג
2025-12-01,IG image,?,לא סווג
2025-12-01,IG carousel,?,לא סווג
2025-12-01,IG reel,?,לא סווג
2025-12-02,IG image,?,לא סווג
2025-12-02,IG reel,?,לא סווג
2025-12-02,IG reel,?,לא סווג
2025-12-02,IG image,?,לא סווג
2025-12-02,IG image,?,לא סווג
2025-12-02,IG image,?,לא סווג
2025-12-02,IG reel,?,לא סווג
2025-12-02,IG carousel,?,לא סווג
2025-12-02,IG image,?,לא סווג
2025-12-02,IG image,?,לא סווג
2025-12-02,IG reel,P,קידום שידור
2025-12-03,IG carousel,?,לא סווג
2025-12-03,IG carousel,?,לא סווג
2025-12-03,IG reel,?,לא סווג
2025-12-03,IG reel,?,לא סווג
2025-12-03,IG carousel,?,לא סווג
2025-12-03,IG image,?,לא סווג
2025-12-03,IG reel,?,לא סווג
2025-12-03,IG image,?,לא סווג
2025-12-04,IG reel,?,לא סווג
2025-12-04,IG reel,?,לא סווג
2025-12-04,IG image,?,לא סווג
2025-12-04,IG reel,?,לא סווג
2025-12-04,IG image,?,לא סווג
2025-12-04,IG image,?,לא סווג
2025-12-04,IG image,?,לא סווג
2025-12-04,IG carousel,?,לא סווג
2025-12-04,IG reel,?,לא סווג
2025-12-04,IG reel,?,לא סווג
2025-12-04,IG carousel,?,לא סווג
2025-12-05,IG image,?,לא סווג
2025-12-05,IG reel,?,לא סווג
2025-12-05,IG reel,?,לא סווג
2025-12-05,IG image,?,לא סווג
2025-12-05,IG image,?,לא סווג
2025-12-05,IG reel,?,לא סווג
2025-12-05,IG carousel,?,לא סווג
2025-12-05,IG reel,?,לא סווג
2025-12-05,IG image,?,לא סווג
2025-12-05,IG image,?,לא סווג
2025-12-05,IG image,?,לא סווג
2025-12-05,IG image,?,לא סווג
2025-12-05,IG reel,?,לא סווג
2025-12-05,IG image,?,לא סווג
2025-12-05,IG reel,?,לא סווג
2025-12-05,IG reel,?,לא סווג
2025-12-05,IG image,?,לא סווג
2025-12-05,IG reel,?,לא סווג
2025-12-05,IG reel,?,לא סווג
2025-12-05,IG reel,?,לא סווג
2025-12-05,IG reel,?,לא סווג
2025-12-05,IG reel,?,לא סווג
2025-12-05,IG image,?,לא סווג
2025-12-06,IG image,?,לא סווג
2025-12-06,IG reel,F,תיעוד
2025-12-06,IG carousel,?,לא סווג
2025-12-06,IG image,?,לא סווג
2025-12-06,IG reel,?,לא סווג
2025-12-06,IG image,?,לא סווג
2025-12-06,IG reel,?,לא סווג
2025-12-06,IG reel,?,לא סווג
2025-12-06,IG reel,?,לא סווג
2025-12-06,IG reel,?,לא סווג
2025-12-06,IG reel,F,תיעוד
2025-12-06,IG image,?,לא סווג
2025-12-06,IG reel,?,לא סווג
2025-12-06,IG image,?,לא סווג
2025-12-06,IG image,?,לא סווג
2025-12-06,IG reel,F,תיעוד
2025-12-06,IG reel,?,לא סווג
2025-12-06,IG image,?,לא סווג
2025-12-06,IG carousel,P,קידום שידור
2025-12-06,IG reel,?,לא סווג
2025-12-06,IG carousel,?,לא סווג
2025-12-06,IG image,?,לא סווג
2025-12-06,IG image,?,לא סווג
2025-12-06,IG reel,?,לא סווג
2025-12-06,IG carousel,?,לא סווג
2025-12-07,IG reel,?,לא סווג
2025-12-07,IG reel,?,לא סווג
2025-12-07,IG carousel,?,לא סווג
2025-12-07,IG reel,?,לא סווג
2025-12-07,IG image,?,לא סווג
2025-12-07,IG carousel,?,לא סווג
2025-12-07,IG carousel,?,לא סווג
2025-12-07,IG carousel,P,קידום שידור
2025-12-08,IG carousel,?,לא סווג
2025-12-08,IG carousel,?,לא סווג
2025-12-08,IG image,?,לא סווג
2025-12-08,IG reel,?,לא סווג
2025-12-08,IG carousel,?,לא סווג
2025-12-08,IG image,?,לא סווג
2025-12-08,IG reel,?,לא סווג
2025-12-08,IG reel,?,לא סווג
2025-12-08,IG image,?,לא סווג
2025-12-08,IG image,?,לא סווג
2025-12-08,IG reel,?,לא סווג
2025-12-08,IG reel,?,לא סווג
2025-12-08,IG reel,?,לא סווג
2025-12-08,IG image,?,לא סווג
2025-12-08,IG carousel,?,לא סווג
2025-12-08,IG image,?,לא סווג
2025-12-09,IG image,?,לא סווג
2025-12-09,IG reel,?,לא סווג
2025-12-09,IG carousel,?,לא סווג
2025-12-09,IG image,?,לא סווג
2025-12-09,IG reel,?,לא סווג
2025-12-09,IG image,?,לא סווג
2025-12-09,IG image,?,לא סווג
2025-12-09,IG image,?,לא סווג
2025-12-10,IG reel,?,לא סווג
2025-12-10,IG reel,?,לא סווג
2025-12-10,IG reel,?,לא סווג
2025-12-10,IG image,?,לא סווג
2025-12-10,IG reel,?,לא סווג
2025-12-10,IG image,?,לא סווג
2025-12-10,IG reel,?,לא סווג
2025-12-10,IG reel,?,לא סווג
2025-12-10,IG image,?,לא סווג
2025-12-10,IG reel,?,לא סווג
2025-12-10,IG image,?,לא סווג
2025-12-10,IG reel,?,לא סווג
2025-12-10,IG carousel,?,לא סווג
2025-12-10,IG image,?,לא סווג
2025-12-10,IG carousel,?,לא סווג
2025-12-10,IG image,?,לא סווג
2025-12-10,IG reel,?,לא סווג
2025-12-10,IG reel,?,לא סווג
2025-12-10,IG reel,?,לא סווג
2025-12-10,IG reel,?,לא סווג
2025-12-10,IG carousel,?,לא סווג
2025-12-10,IG image,?,לא סווג
2025-12-10,IG reel,?,לא סווג
2025-12-10,IG reel,?,לא סווג
2025-12-10,IG image,?,לא סווג
2025-12-10,IG reel,?,לא סווג
2025-12-10,IG image,?,לא סווג
2025-12-10,IG image,?,לא סווג
2025-12-10,IG carousel,?,לא סווג
2025-12-10,IG reel,?,לא סווג
2025-12-10,IG reel,?,לא סווג
2025-12-10,IG reel,?,לא סווג
2025-12-10,IG image,?,לא סווג
2025-12-10,IG image,?,לא סווג
2025-12-10,IG reel,?,לא סווג
2025-12-10,IG image,?,לא סווג
2025-12-10,IG reel,?,לא סווג
2025-12-10,IG image,?,לא סווג
2025-12-10,IG reel,?,לא סווג
2025-12-11,IG image,?,לא סווג
2025-12-11,IG image,?,לא סווג
2025-12-11,IG carousel,?,לא סווג
2025-12-11,IG image,?,לא סווג
2025-12-11,IG image,?,לא סווג
2025-12-11,IG reel,?,לא סווג
2025-12-11,IG image,?,לא סווג
2025-12-11,IG reel,?,לא סווג
2025-12-11,IG image,?,לא סווג
2025-12-11,IG image,?,לא סווג
2025-12-11,IG reel,?,לא סווג
2025-12-11,IG carousel,?,לא סווג
2025-12-12,IG reel,?,לא סווג
2025-12-12,IG image,?,לא סווג
2025-12-12,IG image,?,לא סווג
2025-12-12,IG reel,?,לא סווג
2025-12-12,IG image,?,לא סווג
2025-12-13,IG reel,?,לא סווג
2025-12-13,IG image,?,לא סווג
2025-12-13,IG reel,?,לא סווג
2025-12-13,IG image,?,לא סווג
2025-12-13,IG reel,?,לא סווג
2025-12-14,IG reel,?,לא סווג
2025-12-14,IG image,?,לא סווג
2025-12-14,IG image,?,לא סווג
2025-12-14,IG image,?,לא סווג
2025-12-14,IG reel,?,לא סווג
2025-12-14,IG carousel,?,לא סווג
2025-12-14,IG image,?,לא סווג
2025-12-14,IG reel,?,לא סווג
2025-12-14,IG reel,?,לא סווג
2025-12-14,IG reel,?,לא סווג
2025-12-14,IG image,?,לא סווג
2025-12-14,IG image,?,לא סווג
2025-12-14,IG image,?,לא סווג
2025-12-14,IG reel,F,תיעוד
2025-12-14,IG reel,F,תיעוד
2025-12-14,IG image,?,לא סווג
2025-12-15,IG reel,?,לא סווג
2025-12-15,IG carousel,?,לא סווג
2025-12-15,IG carousel,?,לא סווג
2025-12-15,IG image,?,לא סווג
2025-12-15,IG carousel,?,לא סווג
2025-12-15,IG image,?,לא סווג
2025-12-15,IG carousel,?,לא סווג
2025-12-15,IG reel,?,לא סווג
2025-12-15,IG carousel,?,לא סווג
2025-12-15,IG image,P,קידום שידור
2025-12-15,IG image,?,לא סווג
2025-12-16,IG image,?,לא סווג
2025-12-16,IG reel,?,לא סווג
2025-12-16,IG reel,?,לא סווג
2025-12-16,IG reel,?,לא סווג
2025-12-16,IG reel,?,לא סווג
2025-12-16,IG reel,P,קידום שידור
2025-12-16,IG carousel,?,לא סווג
2025-12-16,IG reel,?,לא סווג
2025-12-17,IG image,?,לא סווג
2025-12-17,IG image,?,לא סווג
2025-12-17,IG image,?,לא סווג
2025-12-17,IG image,?,לא סווג
2025-12-17,IG image,?,לא סווג
2025-12-17,IG image,?,לא סווג
2025-12-17,IG image,?,לא סווג
2025-12-18,IG reel,?,לא סווג
2025-12-18,IG image,?,לא סווג
2025-12-18,IG reel,?,לא סווג
2025-12-18,IG image,?,לא סווג
2025-12-18,IG reel,F,תיעוד
2025-12-18,IG reel,?,לא סווג
2025-12-18,IG image,?,לא סווג
2025-12-18,IG reel,?,לא סווג
2025-12-18,IG reel,?,לא סווג
2025-12-18,IG reel,?,לא סווג
2025-12-18,IG reel,?,לא סווג
2025-12-18,IG image,?,לא סווג
2025-12-18,IG reel,F,תיעוד
2025-12-19,IG image,?,לא סווג
2025-12-19,IG carousel,?,לא סווג
2025-12-19,IG image,?,לא סווג
2025-12-19,IG image,?,לא סווג
2025-12-19,IG image,?,לא סווג
2025-12-19,IG reel,?,לא סווג
2025-12-20,IG reel,?,לא סווג
2025-12-20,IG reel,?,לא סווג
2025-12-20,IG reel,?,לא סווג
2025-12-20,IG carousel,?,לא סווג
2025-12-20,IG carousel,?,לא סווג
2025-12-20,IG reel,?,לא סווג
2025-12-20,IG image,?,לא סווג
2025-12-20,IG image,?,לא סווג
2025-12-20,IG image,?,לא סווג
2025-12-20,IG reel,?,לא סווג
2025-12-21,IG reel,?,לא סווג
2025-12-21,IG reel,?,לא סווג
2025-12-21,IG carousel,?,לא סווג
2025-12-21,IG reel,?,לא סווג
2025-12-21,IG reel,?,לא סווג
2025-12-21,IG image,?,לא סווג
2025-12-21,IG reel,?,לא סווג
2025-12-21,IG image,?,לא סווג
2025-12-22,IG image,?,לא סווג
2025-12-22,IG image,?,לא סווג
2025-12-22,IG reel,?,לא סווג
2025-12-22,IG image,?,לא סווג
2025-12-22,IG carousel,?,לא סווג
2025-12-23,IG image,?,לא סווג
2025-12-23,IG image,P,קידום שידור
2025-12-23,IG carousel,?,לא סווג
2025-12-23,IG reel,?,לא סווג
2025-12-23,IG image,?,לא סווג
2025-12-23,IG reel,?,לא סווג
2025-12-23,IG reel,?,לא סווג
2025-12-23,IG image,?,לא סווג
2025-12-23,IG reel,?,לא סווג
2025-12-24,IG reel,?,לא סווג
2025-12-24,IG image,?,לא סווג
2025-12-24,IG reel,?,לא סווג
2025-12-24,IG image,?,לא סווג
2025-12-24,IG carousel,?,לא סווג
2025-12-24,IG image,?,לא סווג
2025-12-24,IG image,?,לא סווג
2025-12-25,IG reel,?,לא סווג
2025-12-25,IG reel,?,לא סווג
2025-12-25,IG carousel,?,לא סווג
2025-12-25,IG image,?,לא סווג
2025-12-25,IG reel,?,לא סווג
2025-12-25,IG carousel,?,לא סווג
2025-12-25,IG reel,?,לא סווג
2025-12-25,IG reel,?,לא סווג
2025-12-25,IG image,?,לא סווג
2025-12-25,IG carousel,?,לא סווג
2025-12-25,IG image,?,לא סווג
2025-12-25,IG reel,?,לא סווג
2025-12-25,IG image,?,לא סווג
2025-12-25,IG image,?,לא סווג
2025-12-26,IG reel,?,לא סווג
2025-12-26,IG reel,S,תוכן מתוכנית/כתבה
2025-12-26,IG reel,?,לא סווג
2025-12-26,IG image,?,לא סווג
2025-12-26,IG image,?,לא סווג
2025-12-26,IG reel,?,לא סווג
2025-12-26,IG image,?,לא סווג
2025-12-26,IG carousel,?,לא סווג
2025-12-27,IG image,?,לא סווג
2025-12-27,IG image,?,לא סווג
2025-12-27,IG carousel,?,לא סווג
2025-12-27,IG carousel,?,לא סווג
2025-12-28,IG reel,?,לא סווג
2025-12-28,IG image,?,לא סווג
2025-12-28,IG reel,S,תוכן מתוכנית/כתבה
2025-12-28,IG reel,?,לא סווג
2025-12-28,IG reel,?,לא סווג
2025-12-28,IG image,?,לא סווג
2025-12-28,IG reel,?,לא סווג
2025-12-28,IG reel,?,לא סווג
2025-12-28,IG reel,?,לא סווג
2025-12-28,IG image,?,לא סווג
2025-12-28,IG image,?,לא סווג
2025-12-28,IG reel,?,לא סווג
2025-12-29,IG image,?,לא סווג
2025-12-29,IG image,?,לא סווג
2025-12-29,IG image,?,לא סווג
2025-12-29,IG carousel,?,לא סווג
2025-12-29,IG carousel,?,לא סווג
2025-12-29,IG image,?,לא סווג
2025-12-29,IG reel,P,קידום שידור
2025-12-29,IG reel,?,לא סווג
2025-12-29,IG image,?,לא סווג
2025-12-29,IG image,?,לא סווג
2025-12-29,IG image,?,לא סווג
2025-12-29,IG image,?,לא סווג
2025-12-30,IG image,?,לא סווג
2025-12-30,IG carousel,?,לא סווג
2025-12-30,IG reel,P,קידום שידור
2025-12-30,IG image,?,לא סווג
2025-12-31,IG carousel,?,לא סווג
2025-12-31,IG reel,F,תיעוד
2025-12-31,IG reel,?,לא סווג
2025-12-31,IG image,?,לא סווג
2025-12-31,IG carousel,?,לא סווג
2025-12-31,IG reel,?,לא סווג
2025-12-31,IG reel,?,לא סווג
2025-12-31,IG reel,S,תוכן מתוכנית/כתבה
2025-12-31,IG reel,?,לא סווג
2026-01-01,IG image,M,מגזין/פנאי
2026-01-01,IG reel,P,קידום שידור
2026-01-01,IG image,M,מגזין/פנאי
2026-01-01,IG reel,M,מגזין/פנאי
2026-01-01,IG reel,M,מגזין/פנאי
2026-01-01,IG reel,S,תוכן מתוכנית/כתבה
2026-01-01,IG carousel,F,תיעוד
2026-01-01,IG carousel,N,סיקור שוטף
2026-01-01,IG reel,M,מגזין/פנאי
2026-01-01,IG reel,N,סיקור שוטף
2026-01-01,IG reel,N,סיקור שוטף
2026-01-01,IG reel,M,מגזין/פנאי
2026-01-02,IG carousel,N,סיקור שוטף
2026-01-02,IG image,N,סיקור שוטף
2026-01-02,IG reel,B,ברייקינג
2026-01-02,IG reel,P,קידום שידור
2026-01-02,IG reel,N,סיקור שוטף
2026-01-02,IG image,N,סיקור שוטף
2026-01-02,IG reel,F,תיעוד
2026-01-02,IG reel,S,תוכן מתוכנית/כתבה
2026-01-02,IG reel,B,ברייקינג
2026-01-02,IG image,N,סיקור שוטף
2026-01-03,IG image,N,סיקור שוטף
2026-01-03,IG image,P,קידום שידור
2026-01-03,IG reel,N,סיקור שוטף
2026-01-03,IG image,N,סיקור שוטף
2026-01-03,IG carousel,M,מגזין/פנאי
2026-01-03,IG image,B,ברייקינג
2026-01-03,IG image,N,סיקור שוטף
2026-01-03,IG carousel,N,סיקור שוטף
2026-01-04,IG image,N,סיקור שוטף
2026-01-04,IG carousel,N,סיקור שוטף
2026-01-04,IG image,B,ברייקינג
2026-01-04,IG reel,N,סיקור שוטף
2026-01-04,IG image,B,ברייקינג
2026-01-04,IG reel,B,ברייקינג
2026-01-04,IG carousel,N,סיקור שוטף
2026-01-04,IG reel,F,תיעוד
2026-01-04,IG image,B,ברייקינג
2026-01-04,IG image,B,ברייקינג
2026-01-04,IG image,N,סיקור שוטף
2026-01-04,IG reel,N,סיקור שוטף
2026-01-04,IG image,N,סיקור שוטף
2026-01-04,IG image,B,ברייקינג
2026-01-05,IG reel,N,סיקור שוטף
2026-01-05,IG image,N,סיקור שוטף
2026-01-05,IG carousel,N,סיקור שוטף
2026-01-05,IG image,N,סיקור שוטף
2026-01-05,IG image,M,מגזין/פנאי
2026-01-06,IG image,N,סיקור שוטף
2026-01-06,IG reel,M,מגזין/פנאי
2026-01-06,IG reel,N,סיקור שוטף
2026-01-06,IG carousel,M,מגזין/פנאי
2026-01-06,IG reel,N,סיקור שוטף
2026-01-06,IG carousel,F,תיעוד
2026-01-06,IG reel,M,מגזין/פנאי
2026-01-06,IG reel,F,תיעוד
2026-01-06,IG reel,B,ברייקינג
2026-01-06,IG image,B,ברייקינג
2026-01-06,IG image,B,ברייקינג
2026-01-06,IG reel,B,ברייקינג
2026-01-07,IG image,M,מגזין/פנאי
2026-01-07,IG image,B,ברייקינג
2026-01-07,IG reel,B,ברייקינג
2026-01-07,IG image,N,סיקור שוטף
2026-01-07,IG carousel,S,תוכן מתוכנית/כתבה
2026-01-07,IG image,N,סיקור שוטף
2026-01-07,IG image,N,סיקור שוטף
2026-01-08,IG image,M,מגזין/פנאי
2026-01-08,IG reel,N,סיקור שוטף
2026-01-08,IG reel,F,תיעוד
2026-01-08,IG reel,M,מגזין/פנאי
2026-01-08,IG carousel,S,תוכן מתוכנית/כתבה
2026-01-08,IG carousel,M,מגזין/פנאי
2026-01-08,IG reel,S,תוכן מתוכנית/כתבה
2026-01-08,IG reel,N,סיקור שוטף
2026-01-08,IG image,N,סיקור שוטף
2026-01-08,IG carousel,M,מגזין/פנאי
2026-01-09,IG image,B,ברייקינג
2026-01-09,IG image,B,ברייקינג
2026-01-09,IG reel,B,ברייקינג
2026-01-09,IG image,B,ברייקינג
2026-01-09,IG carousel,F,תיעוד
2026-01-09,IG reel,N,סיקור שוטף
2026-01-09,IG reel,F,תיעוד
2026-01-09,IG reel,N,סיקור שוטף
2026-01-10,IG carousel,M,מגזין/פנאי
2026-01-10,IG reel,S,תוכן מתוכנית/כתבה
2026-01-10,IG image,B,ברייקינג
2026-01-10,IG image,N,סיקור שוטף
2026-01-10,IG carousel,S,תוכן מתוכנית/כתבה
2026-01-10,IG reel,M,מגזין/פנאי
2026-01-10,IG image,N,סיקור שוטף
2026-01-11,IG image,P,קידום שידור
2026-01-11,IG image,N,סיקור שוטף
2026-01-11,IG image,N,סיקור שוטף
2026-01-11,IG image,B,ברייקינג
2026-01-11,IG reel,F,תיעוד
2026-01-11,IG image,N,סיקור שוטף
2026-01-11,IG reel,F,תיעוד
2026-01-11,IG carousel,N,סיקור שוטף
2026-01-11,IG reel,N,סיקור שוטף
2026-01-12,IG image,N,סיקור שוטף
2026-01-12,IG image,F,תיעוד
2026-01-12,IG reel,M,מגזין/פנאי
2026-01-12,IG image,N,סיקור שוטף
2026-01-12,IG image,N,סיקור שוטף
2026-01-12,IG reel,M,מגזין/פנאי
2026-01-12,IG image,N,סיקור שוטף
2026-01-12,IG image,M,מגזין/פנאי
2026-01-12,IG carousel,M,מגזין/פנאי
2026-01-12,IG carousel,M,מגזין/פנאי
2026-01-13,IG image,N,סיקור שוטף
2026-01-13,IG reel,B,ברייקינג
2026-01-13,IG reel,B,ברייקינג
2026-01-13,IG reel,F,תיעוד
2026-01-13,IG image,N,סיקור שוטף
2026-01-13,IG carousel,N,סיקור שוטף
2026-01-13,IG reel,S,תוכן מתוכנית/כתבה
2026-01-14,IG carousel,N,סיקור שוטף
2026-01-14,IG image,N,סיקור שוטף
2026-01-14,IG reel,M,מגזין/פנאי
2026-01-14,IG image,N,סיקור שוטף
2026-01-14,IG reel,M,מגזין/פנאי
2026-01-14,IG image,N,סיקור שוטף
2026-01-14,IG reel,N,סיקור שוטף
2026-01-14,IG image,N,סיקור שוטף
2026-01-14,IG image,N,סיקור שוטף
2026-01-15,IG image,N,סיקור שוטף
2026-01-15,IG reel,M,מגזין/פנאי
2026-01-15,IG reel,N,סיקור שוטף
2026-01-15,IG carousel,M,מגזין/פנאי
2026-01-15,IG image,N,סיקור שוטף
2026-01-15,IG carousel,N,סיקור שוטף
2026-01-15,IG reel,M,מגזין/פנאי
2026-01-15,IG image,N,סיקור שוטף
2026-01-15,IG image,N,סיקור שוטף
2026-01-15,IG reel,N,סיקור שוטף
2026-01-15,IG carousel,M,מגזין/פנאי
2026-01-15,IG reel,S,תוכן מתוכנית/כתבה
2026-01-15,IG image,N,סיקור שוטף
2026-01-15,IG carousel,M,מגזין/פנאי
2026-01-16,IG reel,B,ברייקינג
2026-01-16,IG image,N,סיקור שוטף
2026-01-16,IG image,N,סיקור שוטף
2026-01-16,IG reel,S,תוכן מתוכנית/כתבה
2026-01-16,IG image,N,סיקור שוטף
2026-01-16,IG carousel,N,סיקור שוטף
2026-01-16,IG image,N,סיקור שוטף
2026-01-16,IG carousel,N,סיקור שוטף
2026-01-16,IG reel,P,קידום שידור
2026-01-16,IG image,B,ברייקינג
2026-01-17,IG carousel,M,מגזין/פנאי
2026-01-17,IG image,N,סיקור שוטף
2026-01-17,IG reel,M,מגזין/פנאי
2026-01-17,IG image,N,סיקור שוטף
2026-01-17,IG image,B,ברייקינג
2026-01-17,IG reel,M,מגזין/פנאי
2026-01-18,IG reel,M,מגזין/פנאי
2026-01-18,IG reel,N,סיקור שוטף
2026-01-18,IG carousel,M,מגזין/פנאי
2026-01-18,IG image,N,סיקור שוטף
2026-01-18,IG image,B,ברייקינג
2026-01-18,IG reel,S,תוכן מתוכנית/כתבה
2026-01-18,IG reel,N,סיקור שוטף
2026-01-18,IG image,B,ברייקינג
2026-01-19,IG carousel,N,סיקור שוטף
2026-01-19,IG reel,N,סיקור שוטף
2026-01-19,IG image,N,סיקור שוטף
2026-01-19,IG carousel,S,תוכן מתוכנית/כתבה
2026-01-19,IG reel,F,תיעוד
2026-01-19,IG image,B,ברייקינג
2026-01-19,IG image,B,ברייקינג
2026-01-19,IG image,B,ברייקינג
2026-01-19,IG image,N,סיקור שוטף
2026-01-19,IG image,P,קידום שידור
2026-01-20,IG image,N,סיקור שוטף
2026-01-20,IG image,M,מגזין/פנאי
2026-01-20,IG carousel,M,מגזין/פנאי
2026-01-20,IG image,N,סיקור שוטף
2026-01-20,IG carousel,N,סיקור שוטף
2026-01-20,IG reel,M,מגזין/פנאי
2026-01-20,IG carousel,M,מגזין/פנאי
2026-01-20,IG image,N,סיקור שוטף
2026-01-20,IG reel,M,מגזין/פנאי
2026-01-20,IG image,N,סיקור שוטף
2026-01-20,IG carousel,N,סיקור שוטף
2026-01-20,IG reel,N,סיקור שוטף
2026-01-20,IG carousel,P,קידום שידור
2026-01-21,IG reel,S,תוכן מתוכנית/כתבה
2026-01-21,IG carousel,M,מגזין/פנאי
2026-01-21,IG reel,S,תוכן מתוכנית/כתבה
2026-01-21,IG reel,M,מגזין/פנאי
2026-01-21,IG carousel,M,מגזין/פנאי
2026-01-21,IG image,B,ברייקינג
2026-01-21,IG reel,B,ברייקינג
2026-01-21,IG reel,N,סיקור שוטף
2026-01-21,IG reel,P,קידום שידור
2026-01-21,IG image,M,מגזין/פנאי
2026-01-21,IG reel,S,תוכן מתוכנית/כתבה
2026-01-21,IG image,B,ברייקינג
2026-01-21,IG reel,N,סיקור שוטף
2026-01-21,IG carousel,M,מגזין/פנאי
2026-01-22,IG reel,M,מגזין/פנאי
2026-01-22,IG carousel,N,סיקור שוטף
2026-01-22,IG reel,S,תוכן מתוכנית/כתבה
2026-01-22,IG image,M,מגזין/פנאי
2026-01-22,IG image,F,תיעוד
2026-01-22,IG reel,M,מגזין/פנאי
2026-01-22,IG reel,M,מגזין/פנאי
2026-01-22,IG image,B,ברייקינג
2026-01-22,IG image,N,סיקור שוטף
2026-01-22,IG carousel,N,סיקור שוטף
2026-01-23,IG image,N,סיקור שוטף
2026-01-23,IG image,M,מגזין/פנאי
2026-01-23,IG reel,M,מגזין/פנאי
2026-01-23,IG image,M,מגזין/פנאי
2026-01-23,IG reel,N,סיקור שוטף
2026-01-23,IG carousel,N,סיקור שוטף
2026-01-24,IG image,N,סיקור שוטף
2026-01-24,IG reel,B,ברייקינג
2026-01-24,IG carousel,N,סיקור שוטף
2026-01-24,IG image,B,ברייקינג
2026-01-24,IG image,N,סיקור שוטף
2026-01-24,IG image,M,מגזין/פנאי
2026-01-24,IG image,P,קידום שידור
2026-01-24,IG reel,S,תוכן מתוכנית/כתבה
2026-01-25,IG reel,S,תוכן מתוכנית/כתבה
2026-01-25,IG image,S,תוכן מתוכנית/כתבה
2026-01-25,IG carousel,N,סיקור שוטף
2026-01-25,IG image,S,תוכן מתוכנית/כתבה
2026-01-25,IG carousel,M,מגזין/פנאי
2026-01-26,IG reel,N,סיקור שוטף
2026-01-26,IG image,N,סיקור שוטף
2026-01-26,IG reel,S,תוכן מתוכנית/כתבה
2026-01-26,IG reel,N,סיקור שוטף
2026-01-26,IG reel,N,סיקור שוטף
2026-01-26,IG reel,F,תיעוד
2026-01-26,IG carousel,N,סיקור שוטף
2026-01-26,IG reel,F,תיעוד
2026-01-26,IG image,N,סיקור שוטף
2026-01-26,IG image,F,תיעוד
2026-01-26,IG image,B,ברייקינג
2026-01-26,IG image,N,סיקור שוטף
2026-01-26,IG reel,M,מגזין/פנאי
2026-01-26,IG image,N,סיקור שוטף
2026-01-26,IG image,N,סיקור שוטף
2026-01-26,IG image,B,ברייקינג
2026-01-27,IG reel,F,תיעוד
2026-01-27,IG image,N,סיקור שוטף
2026-01-27,IG image,S,תוכן מתוכנית/כתבה
2026-01-27,IG reel,N,סיקור שוטף
2026-01-27,IG image,N,סיקור שוטף
2026-01-27,IG carousel,F,תיעוד
2026-01-27,IG image,N,סיקור שוטף
2026-01-27,IG reel,N,סיקור שוטף
2026-01-27,IG image,M,מגזין/פנאי
2026-01-28,IG reel,N,סיקור שוטף
2026-01-28,IG carousel,N,סיקור שוטף
2026-01-28,IG reel,N,סיקור שוטף
2026-01-28,IG reel,N,סיקור שוטף
2026-01-28,IG image,N,סיקור שוטף
2026-01-28,IG reel,N,סיקור שוטף
2026-01-28,IG reel,N,סיקור שוטף
2026-01-28,IG reel,F,תיעוד
2026-01-28,IG reel,M,מגזין/פנאי
2026-01-28,IG image,F,תיעוד
2026-01-28,IG reel,M,מגזין/פנאי
2026-01-28,IG carousel,M,מגזין/פנאי
2026-01-28,IG reel,N,סיקור שוטף
2026-01-28,IG carousel,N,סיקור שוטף
2026-01-28,IG reel,N,סיקור שוטף
2026-01-28,IG reel,N,סיקור שוטף
2026-01-28,IG reel,B,ברייקינג
2026-01-29,IG reel,M,מגזין/פנאי
2026-01-29,IG reel,S,תוכן מתוכנית/כתבה
2026-01-29,IG reel,M,מגזין/פנאי
2026-01-29,IG reel,B,ברייקינג
2026-01-29,IG reel,N,סיקור שוטף
2026-01-29,IG image,N,סיקור שוטף
2026-01-29,IG image,N,סיקור שוטף
2026-01-29,IG reel,S,תוכן מתוכנית/כתבה
2026-01-29,IG image,N,סיקור שוטף
2026-01-29,IG reel,N,סיקור שוטף
2026-01-29,IG reel,S,תוכן מתוכנית/כתבה
2026-01-29,IG carousel,N,סיקור שוטף
2026-01-30,IG image,B,ברייקינג
2026-01-30,IG image,N,סיקור שוטף
2026-01-30,IG image,N,סיקור שוטף
2026-01-30,IG reel,N,סיקור שוטף
2026-01-30,IG reel,N,סיקור שוטף
2026-01-30,IG image,B,ברייקינג
2026-01-31,IG reel,M,מגזין/פנאי
2026-01-31,IG reel,S,תוכן מתוכנית/כתבה
2026-01-31,IG reel,B,ברייקינג
2026-01-31,IG carousel,M,מגזין/פנאי
2026-01-31,IG reel,S,תוכן מתוכנית/כתבה
2026-01-31,IG carousel,P,קידום שידור
2026-01-31,IG reel,N,סיקור שוטף
2026-01-31,IG image,N,סיקור שוטף
2026-01-31,IG image,M,מגזין/פנאי
2026-02-01,IG image,N,סיקור שוטף
2026-02-01,IG image,B,ברייקינג
2026-02-01,IG image,M,מגזין/פנאי
2026-02-01,IG image,M,מגזין/פנאי
2026-02-01,IG image,N,סיקור שוטף
2026-02-01,IG carousel,N,סיקור שוטף
2026-02-01,IG reel,N,סיקור שוטף
2026-02-01,IG image,N,סיקור שוטף
2026-02-01,IG image,N,סיקור שוטף
2026-02-01,IG reel,N,סיקור שוטף
2026-02-01,IG image,M,מגזין/פנאי
2026-02-01,IG image,N,סיקור שוטף
2026-02-02,IG reel,M,מגזין/פנאי
2026-02-02,IG reel,M,מגזין/פנאי
2026-02-02,IG carousel,M,מגזין/פנאי
2026-02-02,IG image,M,מגזין/פנאי
2026-02-02,IG image,N,סיקור שוטף
2026-02-03,IG carousel,N,סיקור שוטף
2026-02-03,IG carousel,N,סיקור שוטף
2026-02-03,IG image,N,סיקור שוטף
2026-02-03,IG image,N,סיקור שוטף
2026-02-03,IG reel,N,סיקור שוטף
2026-02-03,IG image,N,סיקור שוטף
2026-02-03,IG image,B,ברייקינג
2026-02-03,IG reel,N,סיקור שוטף
2026-02-03,IG image,N,סיקור שוטף
2026-02-03,IG reel,F,תיעוד
2026-02-03,IG reel,N,סיקור שוטף
2026-02-03,IG reel,N,סיקור שוטף
2026-02-03,IG reel,N,סיקור שוטף
2026-02-03,IG carousel,N,סיקור שוטף
2026-02-03,IG image,N,סיקור שוטף
2026-02-03,IG image,B,ברייקינג
2026-02-03,IG image,B,ברייקינג
2026-02-03,IG image,N,סיקור שוטף
2026-02-03,IG image,B,ברייקינג
2026-02-04,IG reel,S,תוכן מתוכנית/כתבה
2026-02-04,IG image,N,סיקור שוטף
2026-02-04,IG image,N,סיקור שוטף
2026-02-04,IG carousel,M,מגזין/פנאי
2026-02-04,IG carousel,M,מגזין/פנאי
2026-02-04,IG image,N,סיקור שוטף
2026-02-04,IG image,M,מגזין/פנאי
2026-02-04,IG image,N,סיקור שוטף
2026-02-04,IG image,B,ברייקינג
2026-02-04,IG image,B,ברייקינג
2026-02-04,IG carousel,M,מגזין/פנאי
2026-02-05,IG image,N,סיקור שוטף
2026-02-05,IG image,N,סיקור שוטף
2026-02-05,IG carousel,M,מגזין/פנאי
2026-02-05,IG image,N,סיקור שוטף
2026-02-05,IG reel,S,תוכן מתוכנית/כתבה
2026-02-05,IG image,B,ברייקינג
2026-02-05,IG carousel,S,תוכן מתוכנית/כתבה
2026-02-06,IG image,B,ברייקינג
2026-02-06,IG reel,M,מגזין/פנאי
2026-02-06,IG reel,P,קידום שידור
2026-02-06,IG image,M,מגזין/פנאי
2026-02-06,IG reel,N,סיקור שוטף
2026-02-06,IG reel,F,תיעוד
2026-02-06,IG image,N,סיקור שוטף
2026-02-07,IG reel,M,מגזין/פנאי
2026-02-07,IG reel,M,מגזין/פנאי
2026-02-07,IG image,B,ברייקינג
2026-02-07,IG reel,M,מגזין/פנאי
2026-02-07,IG image,N,סיקור שוטף
2026-02-07,IG image,F,תיעוד
2026-02-07,IG image,B,ברייקינג
2026-02-07,IG image,B,ברייקינג
2026-02-08,IG image,B,ברייקינג
2026-02-08,IG reel,F,תיעוד
2026-02-08,IG carousel,P,קידום שידור
2026-02-08,IG reel,M,מגזין/פנאי
2026-02-08,IG reel,B,ברייקינג
2026-02-08,IG reel,P,קידום שידור
2026-02-08,IG image,N,סיקור שוטף
2026-02-08,IG image,B,ברייקינג
2026-02-08,IG image,N,סיקור שוטף
2026-02-08,IG image,N,סיקור שוטף
2026-02-08,IG carousel,M,מגזין/פנאי
2026-02-08,IG image,N,סיקור שוטף
2026-02-09,IG reel,P,קידום שידור
2026-02-09,IG reel,M,מגזין/פנאי
2026-02-09,IG reel,N,סיקור שוטף
2026-02-09,IG reel,M,מגזין/פנאי
2026-02-09,IG reel,N,סיקור שוטף
2026-02-09,IG reel,N,סיקור שוטף
2026-02-09,IG image,N,סיקור שוטף
2026-02-10,IG image,P,קידום שידור
2026-02-10,IG image,M,מגזין/פנאי
2026-02-10,IG reel,S,תוכן מתוכנית/כתבה
2026-02-10,IG carousel,N,סיקור שוטף
2026-02-10,IG image,N,סיקור שוטף
2026-02-10,IG image,N,סיקור שוטף
2026-02-10,IG image,B,ברייקינג
2026-02-10,IG reel,S,תוכן מתוכנית/כתבה
2026-02-10,IG carousel,M,מגזין/פנאי
2026-02-10,IG image,N,סיקור שוטף
2026-02-11,IG image,F,תיעוד
2026-02-11,IG image,B,ברייקינג
2026-02-11,IG reel,N,סיקור שוטף
2026-02-11,IG image,N,סיקור שוטף
2026-02-11,IG reel,B,ברייקינג
2026-02-11,IG reel,M,מגזין/פנאי
2026-02-11,IG image,B,ברייקינג
2026-02-11,IG reel,N,סיקור שוטף
2026-02-11,IG reel,N,סיקור שוטף
2026-02-11,IG reel,N,סיקור שוטף
2026-02-11,IG reel,N,סיקור שוטף
2026-02-11,IG carousel,B,ברייקינג
2026-02-11,IG carousel,F,תיעוד
2026-02-11,IG image,M,מגזין/פנאי
2026-02-11,IG image,B,ברייקינג
2026-02-12,IG image,N,סיקור שוטף
2026-02-12,IG image,N,סיקור שוטף
2026-02-12,IG reel,F,תיעוד
2026-02-12,IG reel,N,סיקור שוטף
2026-02-12,IG reel,B,ברייקינג
2026-02-12,IG image,N,סיקור שוטף
2026-02-12,IG reel,N,סיקור שוטף
2026-02-12,IG image,B,ברייקינג
2026-02-12,IG reel,N,סיקור שוטף
2026-02-12,IG reel,N,סיקור שוטף
2026-02-12,IG reel,F,תיעוד
2026-02-12,IG image,M,מגזין/פנאי
2026-02-12,IG reel,N,סיקור שוטף
2026-02-12,IG image,N,סיקור שוטף
2026-02-12,IG image,M,מגזין/פנאי
2026-02-13,IG reel,S,תוכן מתוכנית/כתבה
2026-02-13,IG carousel,S,תוכן מתוכנית/כתבה
2026-02-13,IG image,N,סיקור שוטף
2026-02-13,IG image,B,ברייקינג
2026-02-13,IG reel,P,קידום שידור
2026-02-14,IG image,M,מגזין/פנאי
2026-02-14,IG reel,M,מגזין/פנאי
2026-02-14,IG reel,M,מגזין/פנאי
2026-02-14,IG image,N,סיקור שוטף
2026-02-14,IG image,S,תוכן מתוכנית/כתבה
2026-02-14,IG image,M,מגזין/פנאי
2026-02-14,IG image,N,סיקור שוטף
2026-02-14,IG image,N,סיקור שוטף
2026-02-14,IG image,N,סיקור שוטף
2026-02-14,IG reel,M,מגזין/פנאי
2026-02-14,IG reel,M,מגזין/פנאי
2026-02-14,IG carousel,M,מגזין/פנאי
2026-02-15,IG image,M,מגזין/פנאי
2026-02-15,IG reel,M,מגזין/פנאי
2026-02-15,IG reel,M,מגזין/פנאי
2026-02-15,IG reel,N,סיקור שוטף
2026-02-15,IG image,N,סיקור שוטף
2026-02-15,IG carousel,N,סיקור שוטף
2026-02-15,IG reel,F,תיעוד
2026-02-15,IG image,B,ברייקינג
2026-02-15,IG image,B,ברייקינג
2026-02-15,IG reel,B,ברייקינג
2026-02-15,IG image,N,סיקור שוטף
2026-02-15,IG image,N,סיקור שוטף
2026-02-16,IG image,N,סיקור שוטף
2026-02-16,IG image,M,מגזין/פנאי
2026-02-16,IG image,N,סיקור שוטף
2026-02-16,IG image,B,ברייקינג
2026-02-16,IG image,N,סיקור שוטף
2026-02-16,IG reel,N,סיקור שוטף
2026-02-16,IG image,N,סיקור שוטף
2026-02-16,IG image,N,סיקור שוטף
2026-02-16,IG image,N,סיקור שוטף
2026-02-16,IG image,M,מגזין/פנאי
2026-02-16,IG reel,N,סיקור שוטף
2026-02-17,IG carousel,N,סיקור שוטף
2026-02-17,IG image,M,מגזין/פנאי
2026-02-17,IG image,M,מגזין/פנאי
2026-02-17,IG reel,S,תוכן מתוכנית/כתבה
2026-02-17,IG carousel,N,סיקור שוטף
2026-02-17,IG reel,N,סיקור שוטף
2026-02-17,IG image,M,מגזין/פנאי
2026-02-17,IG reel,B,ברייקינג
2026-02-17,IG image,B,ברייקינג
2026-02-17,IG image,B,ברייקינג
2026-02-17,IG reel,M,מגזין/פנאי
2026-02-17,IG reel,N,סיקור שוטף
2026-02-17,IG image,M,מגזין/פנאי
2026-02-18,IG reel,M,מגזין/פנאי
2026-02-18,IG image,N,סיקור שוטף
2026-02-18,IG reel,M,מגזין/פנאי
2026-02-18,IG reel,F,תיעוד
2026-02-18,IG carousel,N,סיקור שוטף
2026-02-18,IG reel,B,ברייקינג
2026-02-18,IG reel,S,תוכן מתוכנית/כתבה
2026-02-18,IG reel,N,סיקור שוטף
2026-02-18,IG image,M,מגזין/פנאי
2026-02-18,IG reel,N,סיקור שוטף
2026-02-18,IG image,N,סיקור שוטף
2026-02-18,IG reel,B,ברייקינג
2026-02-18,IG image,M,מגזין/פנאי
2026-02-18,IG reel,M,מגזין/פנאי
2026-02-18,IG reel,N,סיקור שוטף
2026-02-18,IG image,B,ברייקינג
2026-02-19,IG image,M,מגזין/פנאי
2026-02-19,IG image,B,ברייקינג
2026-02-19,IG reel,N,סיקור שוטף
2026-02-19,IG image,N,סיקור שוטף
2026-02-19,IG image,N,סיקור שוטף
2026-02-19,IG image,N,סיקור שוטף
2026-02-19,IG reel,N,סיקור שוטף
2026-02-19,IG reel,S,תוכן מתוכנית/כתבה
2026-02-19,IG reel,M,מגזין/פנאי
2026-02-19,IG image,B,ברייקינג
2026-02-19,IG image,N,סיקור שוטף
2026-02-20,IG reel,S,תוכן מתוכנית/כתבה
2026-02-20,IG reel,S,תוכן מתוכנית/כתבה
2026-02-20,IG reel,B,ברייקינג
2026-02-20,IG image,P,קידום שידור
2026-02-20,IG image,M,מגזין/פנאי
2026-02-20,IG image,N,סיקור שוטף
2026-02-20,IG reel,N,סיקור שוטף
2026-02-20,IG image,B,ברייקינג
2026-02-20,IG reel,S,תוכן מתוכנית/כתבה
2026-02-20,IG reel,N,סיקור שוטף
2026-02-21,IG image,M,מגזין/פנאי
2026-02-21,IG reel,B,ברייקינג
2026-02-21,IG reel,N,סיקור שוטף
2026-02-21,IG carousel,B,ברייקינג
2026-02-21,IG carousel,N,סיקור שוטף
2026-02-21,IG image,N,סיקור שוטף
2026-02-22,IG image,N,סיקור שוטף
2026-02-22,IG carousel,M,מגזין/פנאי
2026-02-22,IG image,N,סיקור שוטף
2026-02-22,IG reel,F,תיעוד
2026-02-22,IG image,B,ברייקינג
2026-02-22,IG carousel,M,מגזין/פנאי
2026-02-22,IG image,B,ברייקינג
2026-02-22,IG reel,P,קידום שידור
2026-02-22,IG image,N,סיקור שוטף
2026-02-22,IG reel,F,תיעוד
2026-02-22,IG image,M,מגזין/פנאי
2026-02-22,IG image,N,סיקור שוטף
2026-02-23,IG image,N,סיקור שוטף
2026-02-23,IG image,N,סיקור שוטף
2026-02-23,IG carousel,N,סיקור שוטף
2026-02-23,IG reel,M,מגזין/פנאי
2026-02-23,IG reel,M,מגזין/פנאי
2026-02-23,IG reel,B,ברייקינג
2026-02-23,IG image,N,סיקור שוטף
2026-02-23,IG reel,S,תוכן מתוכנית/כתבה
2026-02-23,IG reel,M,מגזין/פנאי
2026-02-23,IG reel,M,מגזין/פנאי
2026-02-24,IG image,B,ברייקינג
2026-02-24,IG image,N,סיקור שוטף
2026-02-24,IG image,P,קידום שידור
2026-02-24,IG reel,N,סיקור שוטף
2026-02-24,IG reel,N,סיקור שוטף
2026-02-24,IG reel,P,קידום שידור
2026-02-24,IG reel,M,מגזין/פנאי
2026-02-24,IG reel,M,מגזין/פנאי
2026-02-25,IG image,N,סיקור שוטף
2026-02-25,IG carousel,N,סיקור שוטף
2026-02-25,IG reel,S,תוכן מתוכנית/כתבה
2026-02-25,IG carousel,N,סיקור שוטף
2026-02-25,IG image,N,סיקור שוטף
2026-02-25,IG image,P,קידום שידור
2026-02-25,IG image,N,סיקור שוטף
2026-02-25,IG reel,S,תוכן מתוכנית/כתבה
2026-02-25,IG reel,N,סיקור שוטף
2026-02-25,IG reel,N,סיקור שוטף
2026-02-25,IG image,N,סיקור שוטף
2026-02-25,IG reel,N,סיקור שוטף
2026-02-25,IG image,F,תיעוד
2026-02-25,IG image,N,סיקור שוטף
2026-02-25,IG reel,S,תוכן מתוכנית/כתבה
2026-02-25,IG reel,M,מגזין/פנאי
2026-02-26,IG reel,M,מגזין/פנאי
2026-02-26,IG reel,P,קידום שידור
2026-02-26,IG reel,S,תוכן מתוכנית/כתבה
2026-02-26,IG reel,S,תוכן מתוכנית/כתבה
2026-02-26,IG image,B,ברייקינג
2026-02-26,IG image,N,סיקור שוטף
2026-02-26,IG image,M,מגזין/פנאי
2026-02-26,IG carousel,M,מגזין/פנאי
2026-02-26,IG reel,M,מגזין/פנאי
2026-02-26,IG carousel,N,סיקור שוטף
2026-02-27,IG image,N,סיקור שוטף
2026-02-27,IG image,N,סיקור שוטף
2026-02-27,IG reel,B,ברייקינג
2026-02-27,IG carousel,B,ברייקינג
2026-02-27,IG image,B,ברייקינג
2026-02-27,IG image,B,ברייקינג
2026-02-27,IG reel,B,ברייקינג
2026-02-27,IG image,B,ברייקינג
2026-02-27,IG image,N,סיקור שוטף
2026-02-27,IG reel,S,תוכן מתוכנית/כתבה
2026-02-27,IG reel,F,תיעוד
2026-02-27,IG reel,P,קידום שידור
2026-02-27,IG image,N,סיקור שוטף
2026-02-27,IG reel,M,מגזין/פנאי
2026-02-27,IG reel,M,מגזין/פנאי
2026-02-28,IG image,N,סיקור שוטף
2026-02-28,IG reel,F,תיעוד
2026-02-28,IG reel,S,תוכן מתוכנית/כתבה
2026-02-28,IG reel,N,סיקור שוטף
2026-02-28,IG image,N,סיקור שוטף
2026-02-28,IG reel,N,סיקור שוטף
2026-02-28,IG image,B,ברייקינג
2026-02-28,IG image,N,סיקור שוטף
2026-02-28,IG reel,S,תוכן מתוכנית/כתבה
2026-02-28,IG image,F,תיעוד
2026-02-28,IG reel,N,סיקור שוטף
2026-02-28,IG reel,F,תיעוד
2026-02-28,IG image,B,ברייקינג
2026-02-28,IG reel,B,ברייקינג
2026-02-28,IG image,B,ברייקינג
2026-02-28,IG image,B,ברייקינג
2026-02-28,IG reel,F,תיעוד
2026-02-28,IG image,B,ברייקינג
2026-02-28,IG reel,N,סיקור שוטף
2026-02-28,IG reel,P,קידום שידור
2026-02-28,IG image,B,ברייקינג
2026-02-28,IG reel,N,סיקור שוטף
2026-02-28,IG reel,M,מגזין/פנאי
2026-02-28,IG reel,F,תיעוד
2026-02-28,IG image,B,ברייקינג
2026-02-28,IG carousel,B,ברייקינג
2026-02-28,IG reel,N,סיקור שוטף
2026-02-28,IG reel,N,סיקור שוטף
2026-02-28,IG image,B,ברייקינג
2026-03-01,IG image,B,ברייקינג
2026-03-01,IG image,N,סיקור שוטף
2026-03-01,IG image,B,ברייקינג
2026-03-01,IG reel,P,קידום שידור
2026-03-01,IG reel,B,ברייקינג
2026-03-01,IG reel,B,ברייקינג
2026-03-01,IG reel,F,תיעוד
2026-03-01,IG image,B,ברייקינג
2026-03-01,IG image,B,ברייקינג
2026-03-01,IG image,B,ברייקינג
2026-03-01,IG reel,N,סיקור שוטף
2026-03-01,IG image,N,סיקור שוטף
2026-03-01,IG carousel,B,ברייקינג
2026-03-01,IG reel,F,תיעוד
2026-03-01,IG carousel,N,סיקור שוטף
2026-03-01,IG image,N,סיקור שוטף
2026-03-01,IG image,B,ברייקינג
2026-03-01,IG reel,M,מגזין/פנאי
2026-03-01,IG reel,B,ברייקינג
2026-03-01,IG image,P,קידום שידור
2026-03-01,IG image,B,ברייקינג
2026-03-01,IG reel,F,תיעוד
2026-03-01,IG image,N,סיקור שוטף
2026-03-01,IG image,N,סיקור שוטף
2026-03-02,IG reel,M,מגזין/פנאי
2026-03-02,IG image,N,סיקור שוטף
2026-03-02,IG image,B,ברייקינג
2026-03-02,IG reel,B,ברייקינג
2026-03-02,IG reel,B,ברייקינג
2026-03-02,IG image,B,ברייקינג
2026-03-02,IG reel,N,סיקור שוטף
2026-03-02,IG image,N,סיקור שוטף
2026-03-02,IG reel,S,תוכן מתוכנית/כתבה
2026-03-02,IG carousel,M,מגזין/פנאי
2026-03-02,IG reel,M,מגזין/פנאי
2026-03-02,IG image,B,ברייקינג
2026-03-02,IG reel,N,סיקור שוטף
2026-03-02,IG image,N,סיקור שוטף
2026-03-02,IG image,N,סיקור שוטף
2026-03-02,IG reel,N,סיקור שוטף
2026-03-02,IG reel,M,מגזין/פנאי
2026-03-02,IG reel,M,מגזין/פנאי
2026-03-02,IG image,N,סיקור שוטף
2026-03-02,IG image,N,סיקור שוטף
2026-03-02,IG reel,F,תיעוד
2026-03-02,IG reel,M,מגזין/פנאי
2026-03-02,IG reel,S,תוכן מתוכנית/כתבה
2026-03-02,IG image,N,סיקור שוטף
2026-03-02,IG image,N,סיקור שוטף
2026-03-03,IG image,N,סיקור שוטף
2026-03-03,IG image,N,סיקור שוטף
2026-03-03,IG carousel,M,מגזין/פנאי
2026-03-03,IG reel,N,סיקור שוטף
2026-03-03,IG reel,N,סיקור שוטף
2026-03-03,IG reel,N,סיקור שוטף
2026-03-03,IG reel,B,ברייקינג
2026-03-03,IG reel,S,תוכן מתוכנית/כתבה
2026-03-03,IG reel,N,סיקור שוטף
2026-03-03,IG image,N,סיקור שוטף
2026-03-03,IG reel,M,מגזין/פנאי
2026-03-03,IG reel,N,סיקור שוטף
2026-03-03,IG image,N,סיקור שוטף
2026-03-03,IG reel,F,תיעוד
2026-03-03,IG image,N,סיקור שוטף
2026-03-04,IG image,N,סיקור שוטף
2026-03-04,IG reel,M,מגזין/פנאי
2026-03-04,IG reel,M,מגזין/פנאי
2026-03-04,IG reel,S,תוכן מתוכנית/כתבה
2026-03-04,IG reel,N,סיקור שוטף
2026-03-04,IG image,N,סיקור שוטף
2026-03-04,IG image,N,סיקור שוטף
2026-03-04,IG image,N,סיקור שוטף
2026-03-04,IG reel,S,תוכן מתוכנית/כתבה
2026-03-04,IG reel,M,מגזין/פנאי
2026-03-04,IG reel,N,סיקור שוטף
2026-03-04,IG reel,M,מגזין/פנאי
2026-03-04,IG image,N,סיקור שוטף
2026-03-04,IG reel,N,סיקור שוטף
2026-03-05,IG reel,F,תיעוד
2026-03-05,IG image,M,מגזין/פנאי
2026-03-05,IG image,N,סיקור שוטף
2026-03-05,IG reel,S,תוכן מתוכנית/כתבה
2026-03-05,IG reel,N,סיקור שוטף
2026-03-05,IG reel,M,מגזין/פנאי
2026-03-05,IG reel,S,תוכן מתוכנית/כתבה
2026-03-05,IG image,B,ברייקינג
2026-03-05,IG reel,F,תיעוד
2026-03-05,IG reel,M,מגזין/פנאי
2026-03-05,IG carousel,M,מגזין/פנאי
2026-03-06,IG reel,F,תיעוד
2026-03-06,IG image,P,קידום שידור
2026-03-06,IG image,N,סיקור שוטף
2026-03-06,IG carousel,N,סיקור שוטף
2026-03-06,IG reel,M,מגזין/פנאי
2026-03-06,IG reel,N,סיקור שוטף
2026-03-06,IG image,N,סיקור שוטף
2026-03-06,IG image,B,ברייקינג
2026-03-07,IG carousel,N,סיקור שוטף
2026-03-07,IG image,N,סיקור שוטף
2026-03-07,IG reel,N,סיקור שוטף
2026-03-07,IG reel,M,מגזין/פנאי
2026-03-07,IG image,N,סיקור שוטף
2026-03-07,IG reel,N,סיקור שוטף
2026-03-07,IG image,F,תיעוד
2026-03-07,IG reel,F,תיעוד
2026-03-07,IG image,B,ברייקינג
2026-03-07,IG image,N,סיקור שוטף
2026-03-07,IG reel,S,תוכן מתוכנית/כתבה
2026-03-07,IG carousel,N,סיקור שוטף
2026-03-07,IG image,N,סיקור שוטף
2026-03-07,IG image,P,קידום שידור
2026-03-07,IG reel,M,מגזין/פנאי
2026-03-07,IG reel,P,קידום שידור
2026-03-08,IG image,N,סיקור שוטף
2026-03-08,IG reel,B,ברייקינג
2026-03-08,IG reel,F,תיעוד
2026-03-08,IG image,N,סיקור שוטף
2026-03-08,IG image,N,סיקור שוטף
2026-03-08,IG image,B,ברייקינג
2026-03-08,IG reel,M,מגזין/פנאי
2026-03-08,IG carousel,N,סיקור שוטף
2026-03-08,IG image,N,סיקור שוטף
2026-03-08,IG image,N,סיקור שוטף
2026-03-08,IG image,B,ברייקינג
2026-03-08,IG image,N,סיקור שוטף
2026-03-08,IG reel,N,סיקור שוטף
2026-03-09,IG reel,N,סיקור שוטף
2026-03-09,IG reel,P,קידום שידור
2026-03-09,IG reel,S,תוכן מתוכנית/כתבה
2026-03-09,IG reel,M,מגזין/פנאי
2026-03-09,IG image,N,סיקור שוטף
2026-03-09,IG reel,F,תיעוד
2026-03-09,IG reel,M,מגזין/פנאי
2026-03-09,IG image,M,מגזין/פנאי
2026-03-09,IG image,M,מגזין/פנאי
2026-03-09,IG reel,N,סיקור שוטף
2026-03-09,IG image,N,סיקור שוטף
2026-03-09,IG image,B,ברייקינג
2026-03-09,IG reel,B,ברייקינג
2026-03-09,IG reel,N,סיקור שוטף
2026-03-09,IG image,B,ברייקינג
2026-03-09,IG reel,M,מגזין/פנאי
2026-03-09,IG reel,M,מגזין/פנאי
2026-03-10,IG reel,F,תיעוד
2026-03-10,IG image,N,סיקור שוטף
2026-03-10,IG carousel,N,סיקור שוטף
2026-03-10,IG reel,M,מגזין/פנאי
2026-03-10,IG reel,F,תיעוד
2026-03-10,IG reel,N,סיקור שוטף
2026-03-10,IG reel,F,תיעוד
2026-03-10,IG reel,N,סיקור שוטף
2026-03-10,IG image,N,סיקור שוטף
2026-03-10,IG image,M,מגזין/פנאי
2026-03-10,IG image,M,מגזין/פנאי
2026-03-10,IG reel,N,סיקור שוטף
2026-03-10,IG image,B,ברייקינג
2026-03-10,IG image,M,מגזין/פנאי
2026-03-11,IG reel,M,מגזין/פנאי
2026-03-11,IG reel,N,סיקור שוטף
2026-03-11,IG image,B,ברייקינג
2026-03-11,IG reel,S,תוכן מתוכנית/כתבה
2026-03-11,IG image,N,סיקור שוטף
2026-03-11,IG reel,M,מגזין/פנאי
2026-03-11,IG carousel,B,ברייקינג
2026-03-11,IG reel,F,תיעוד
2026-03-11,IG image,N,סיקור שוטף
2026-03-11,IG reel,S,תוכן מתוכנית/כתבה
2026-03-11,IG image,N,סיקור שוטף
2026-03-11,IG reel,N,סיקור שוטף
2026-03-11,IG reel,S,תוכן מתוכנית/כתבה
2026-03-11,IG reel,N,סיקור שוטף
2026-03-11,IG reel,S,תוכן מתוכנית/כתבה
2026-03-11,IG image,N,סיקור שוטף
2026-03-11,IG reel,M,מגזין/פנאי
2026-03-11,IG image,N,סיקור שוטף
2026-03-11,IG reel,S,תוכן מתוכנית/כתבה
2026-03-12,IG image,B,ברייקינג
2026-03-12,IG reel,B,ברייקינג
2026-03-12,IG image,N,סיקור שוטף
2026-03-12,IG reel,F,תיעוד
2026-03-12,IG reel,B,ברייקינג
2026-03-12,IG reel,S,תוכן מתוכנית/כתבה
2026-03-12,IG image,N,סיקור שוטף
2026-03-12,IG image,N,סיקור שוטף
2026-03-12,IG image,N,סיקור שוטף
2026-03-12,IG image,N,סיקור שוטף
2026-03-12,IG reel,S,תוכן מתוכנית/כתבה
2026-03-12,IG reel,F,תיעוד
2026-03-12,IG reel,M,מגזין/פנאי
2026-03-13,IG reel,S,תוכן מתוכנית/כתבה
2026-03-13,IG reel,B,ברייקינג
2026-03-13,IG reel,S,תוכן מתוכנית/כתבה
2026-03-13,IG reel,F,תיעוד
2026-03-13,IG reel,S,תוכן מתוכנית/כתבה
2026-03-13,IG image,N,סיקור שוטף
2026-03-13,IG reel,F,תיעוד
2026-03-13,IG reel,N,סיקור שוטף
2026-03-13,IG reel,F,תיעוד
2026-03-13,IG image,B,ברייקינג
2026-03-13,IG reel,S,תוכן מתוכנית/כתבה
2026-03-13,IG carousel,F,תיעוד
2026-03-14,IG image,N,סיקור שוטף
2026-03-14,IG reel,S,תוכן מתוכנית/כתבה
2026-03-14,IG image,N,סיקור שוטף
2026-03-14,IG image,S,תוכן מתוכנית/כתבה
2026-03-14,IG carousel,M,מגזין/פנאי
2026-03-14,IG image,B,ברייקינג
2026-03-14,IG image,N,סיקור שוטף
2026-03-14,IG reel,M,מגזין/פנאי
2026-03-14,IG reel,P,קידום שידור
2026-03-15,IG image,F,תיעוד
2026-03-15,IG reel,M,מגזין/פנאי
2026-03-15,IG reel,S,תוכן מתוכנית/כתבה
2026-03-15,IG carousel,S,תוכן מתוכנית/כתבה
2026-03-15,IG carousel,N,סיקור שוטף
2026-03-15,IG reel,N,סיקור שוטף
2026-03-15,IG image,N,סיקור שוטף
2026-03-15,IG image,N,סיקור שוטף
2026-03-15,IG reel,S,תוכן מתוכנית/כתבה
2026-03-15,IG reel,F,תיעוד
2026-03-15,IG reel,B,ברייקינג
2026-03-15,IG carousel,N,סיקור שוטף
2026-03-15,IG image,B,ברייקינג
2026-03-16,IG reel,M,מגזין/פנאי
2026-03-16,IG reel,N,סיקור שוטף
2026-03-16,IG carousel,M,מגזין/פנאי
2026-03-16,IG reel,B,ברייקינג
2026-03-16,IG carousel,N,סיקור שוטף
2026-03-16,IG reel,S,תוכן מתוכנית/כתבה
2026-03-16,IG reel,S,תוכן מתוכנית/כתבה
2026-03-16,IG image,N,סיקור שוטף
2026-03-16,IG reel,S,תוכן מתוכנית/כתבה
2026-03-16,IG carousel,M,מגזין/פנאי
2026-03-16,IG reel,S,תוכן מתוכנית/כתבה
2026-03-16,IG image,N,סיקור שוטף
2026-03-16,IG reel,N,סיקור שוטף
2026-03-16,IG image,N,סיקור שוטף
2026-03-17,IG image,B,ברייקינג
2026-03-17,IG reel,N,סיקור שוטף
2026-03-17,IG carousel,S,תוכן מתוכנית/כתבה
2026-03-17,IG reel,B,ברייקינג
2026-03-17,IG reel,M,מגזין/פנאי
2026-03-17,IG carousel,N,סיקור שוטף
2026-03-17,IG reel,S,תוכן מתוכנית/כתבה
2026-03-17,IG image,N,סיקור שוטף
2026-03-17,IG image,N,סיקור שוטף
2026-03-17,IG reel,M,מגזין/פנאי
2026-03-17,IG carousel,M,מגזין/פנאי
2026-03-17,IG image,N,סיקור שוטף
2026-03-17,IG image,P,קידום שידור
2026-03-17,IG image,F,תיעוד
2026-03-17,IG reel,B,ברייקינג
2026-03-18,IG image,N,סיקור שוטף
2026-03-18,IG reel,B,ברייקינג
2026-03-18,IG image,B,ברייקינג
2026-03-18,IG reel,B,ברייקינג
2026-03-18,IG image,B,ברייקינג
2026-03-18,IG reel,F,תיעוד
2026-03-18,IG reel,S,תוכן מתוכנית/כתבה
2026-03-18,IG image,N,סיקור שוטף
2026-03-18,IG reel,S,תוכן מתוכנית/כתבה
2026-03-18,IG image,B,ברייקינג
2026-03-18,IG reel,S,תוכן מתוכנית/כתבה
2026-03-18,IG reel,F,תיעוד
2026-03-19,IG image,N,סיקור שוטף
2026-03-19,IG reel,S,תוכן מתוכנית/כתבה
2026-03-19,IG image,N,סיקור שוטף
2026-03-19,IG reel,N,סיקור שוטף
2026-03-19,IG reel,N,סיקור שוטף
2026-03-19,IG reel,N,סיקור שוטף
2026-03-19,IG image,B,ברייקינג
2026-03-19,IG reel,N,סיקור שוטף
2026-03-19,IG reel,P,קידום שידור
2026-03-19,IG image,P,קידום שידור
2026-03-19,IG image,N,סיקור שוטף
2026-03-20,IG image,N,סיקור שוטף
2026-03-20,IG reel,S,תוכן מתוכנית/כתבה
2026-03-20,IG reel,N,סיקור שוטף
2026-03-20,IG reel,F,תיעוד
2026-03-20,IG reel,N,סיקור שוטף
2026-03-20,IG image,N,סיקור שוטף
2026-03-20,IG reel,F,תיעוד
2026-03-20,IG reel,F,תיעוד
2026-03-20,IG image,B,ברייקינג
2026-03-20,IG reel,F,תיעוד
2026-03-20,IG reel,M,מגזין/פנאי
2026-03-20,IG image,N,סיקור שוטף
2026-03-20,IG carousel,M,מגזין/פנאי
2026-03-21,IG reel,B,ברייקינג
2026-03-21,IG image,N,סיקור שוטף
2026-03-21,IG reel,B,ברייקינג
2026-03-21,IG reel,N,סיקור שוטף
2026-03-21,IG reel,B,ברייקינג
2026-03-21,IG reel,B,ברייקינג
2026-03-21,IG reel,F,תיעוד
2026-03-21,IG reel,S,תוכן מתוכנית/כתבה
2026-03-21,IG reel,S,תוכן מתוכנית/כתבה
2026-03-21,IG image,M,מגזין/פנאי
2026-03-21,IG reel,M,מגזין/פנאי
2026-03-21,IG image,N,סיקור שוטף
2026-03-22,IG image,N,סיקור שוטף
2026-03-22,IG reel,N,סיקור שוטף
2026-03-22,IG image,N,סיקור שוטף
2026-03-22,IG image,N,סיקור שוטף
2026-03-22,IG reel,F,תיעוד
2026-03-22,IG carousel,M,מגזין/פנאי
2026-03-22,IG reel,S,תוכן מתוכנית/כתבה
2026-03-22,IG reel,N,סיקור שוטף
2026-03-22,IG reel,N,סיקור שוטף
2026-03-22,IG reel,S,תוכן מתוכנית/כתבה
2026-03-22,IG reel,F,תיעוד
2026-03-22,IG image,B,ברייקינג
2026-03-22,IG image,B,ברייקינג
2026-03-22,IG image,B,ברייקינג
2026-03-22,IG image,B,ברייקינג
2026-03-23,IG reel,S,תוכן מתוכנית/כתבה
2026-03-23,IG image,F,תיעוד
2026-03-23,IG carousel,N,סיקור שוטף
2026-03-23,IG reel,N,סיקור שוטף
2026-03-23,IG reel,S,תוכן מתוכנית/כתבה
2026-03-23,IG reel,N,סיקור שוטף
2026-03-23,IG image,F,תיעוד
2026-03-23,IG image,N,סיקור שוטף
2026-03-23,IG image,N,סיקור שוטף
2026-03-23,IG carousel,S,תוכן מתוכנית/כתבה
2026-03-23,IG reel,S,תוכן מתוכנית/כתבה
2026-03-24,IG reel,S,תוכן מתוכנית/כתבה
2026-03-24,IG reel,B,ברייקינג
2026-03-24,IG image,B,ברייקינג
2026-03-24,IG reel,S,תוכן מתוכנית/כתבה
2026-03-24,IG reel,S,תוכן מתוכנית/כתבה
2026-03-24,IG image,B,ברייקינג
2026-03-24,IG image,N,סיקור שוטף
2026-03-24,IG image,B,ברייקינג
2026-03-24,IG image,B,ברייקינג
2026-03-24,IG reel,S,תוכן מתוכנית/כתבה
2026-03-24,IG reel,P,קידום שידור
2026-03-24,IG image,N,סיקור שוטף
2026-03-24,IG reel,F,תיעוד
2026-03-24,IG image,F,תיעוד
2026-03-25,IG reel,S,תוכן מתוכנית/כתבה
2026-03-25,IG reel,N,סיקור שוטף
2026-03-25,IG reel,S,תוכן מתוכנית/כתבה
2026-03-25,IG image,N,סיקור שוטף
2026-03-25,IG image,N,סיקור שוטף
2026-03-25,IG reel,N,סיקור שוטף
2026-03-25,IG reel,S,תוכן מתוכנית/כתבה
2026-03-25,IG reel,S,תוכן מתוכנית/כתבה
2026-03-26,IG reel,S,תוכן מתוכנית/כתבה
2026-03-26,IG image,N,סיקור שוטף
2026-03-26,IG image,B,ברייקינג
2026-03-26,IG image,N,סיקור שוטף
2026-03-26,IG image,N,סיקור שוטף
2026-03-26,IG image,P,קידום שידור
2026-03-26,IG image,B,ברייקינג
2026-03-26,IG carousel,N,סיקור שוטף
2026-03-26,IG image,B,ברייקינג
2026-03-26,IG reel,N,סיקור שוטף
2026-03-26,IG image,N,סיקור שוטף
2026-03-26,IG image,M,מגזין/פנאי
2026-03-26,IG image,B,ברייקינג
2026-03-26,IG reel,M,מגזין/פנאי
2026-03-27,IG image,N,סיקור שוטף
2026-03-27,IG reel,P,קידום שידור
2026-03-27,IG reel,F,תיעוד
2026-03-27,IG image,B,ברייקינג
2026-03-27,IG carousel,N,סיקור שוטף
2026-03-27,IG carousel,N,סיקור שוטף
2026-03-27,IG reel,M,מגזין/פנאי
2026-03-27,IG carousel,N,סיקור שוטף
2026-03-27,IG reel,B,ברייקינג
2026-03-27,IG reel,B,ברייקינג
2026-03-28,IG image,B,ברייקינג
2026-03-28,IG reel,S,תוכן מתוכנית/כתבה
2026-03-28,IG image,N,סיקור שוטף
2026-03-28,IG image,P,קידום שידור
2026-03-28,IG reel,S,תוכן מתוכנית/כתבה
2026-03-28,IG image,M,מגזין/פנאי
2026-03-28,IG reel,F,תיעוד
2026-03-28,IG reel,N,סיקור שוטף
2026-03-28,IG reel,N,סיקור שוטף
2026-03-28,IG image,B,ברייקינג
2026-03-28,IG reel,B,ברייקינג
2026-03-28,IG reel,S,תוכן מתוכנית/כתבה
2026-03-28,IG reel,M,מגזין/פנאי
2026-03-28,IG image,N,סיקור שוטף
2026-03-28,IG reel,S,תוכן מתוכנית/כתבה
2026-03-28,IG image,B,ברייקינג
2026-03-29,IG reel,N,סיקור שוטף
2026-03-29,IG carousel,N,סיקור שוטף
2026-03-29,IG reel,S,תוכן מתוכנית/כתבה
2026-03-29,IG reel,B,ברייקינג
2026-03-29,IG reel,S,תוכן מתוכנית/כתבה
2026-03-29,IG image,M,מגזין/פנאי
2026-03-29,IG reel,M,מגזין/פנאי
2026-03-29,IG reel,S,תוכן מתוכנית/כתבה
2026-03-29,IG reel,N,סיקור שוטף
2026-03-29,IG image,P,קידום שידור
2026-03-30,IG image,N,סיקור שוטף
2026-03-30,IG reel,N,סיקור שוטף
2026-03-30,IG reel,B,ברייקינג
2026-03-30,IG image,B,ברייקינג
2026-03-30,IG image,N,סיקור שוטף
2026-03-30,IG reel,M,מגזין/פנאי
2026-03-30,IG image,M,מגזין/פנאי
2026-03-30,IG reel,M,מגזין/פנאי
2026-03-30,IG image,N,סיקור שוטף
2026-03-30,IG carousel,B,ברייקינג
2026-03-30,IG reel,F,תיעוד
2026-03-31,IG reel,S,תוכן מתוכנית/כתבה
2026-03-31,IG image,N,סיקור שוטף
2026-03-31,IG image,B,ברייקינג
2026-03-31,IG image,M,מגזין/פנאי
2026-03-31,IG reel,S,תוכן מתוכנית/כתבה
2026-03-31,IG carousel,N,סיקור שוטף
2026-03-31,IG reel,S,תוכן מתוכנית/כתבה
2026-03-31,IG image,N,סיקור שוטף
2026-03-31,IG reel,N,סיקור שוטף
2026-03-31,IG reel,N,סיקור שוטף
2026-03-31,IG image,N,סיקור שוטף
2026-03-31,IG reel,F,תיעוד
2026-03-31,IG image,N,סיקור שוטף
2026-03-31,IG image,B,ברייקינג
2026-04-01,IG reel,S,תוכן מתוכנית/כתבה
2026-04-01,IG reel,S,תוכן מתוכנית/כתבה
2026-04-01,IG carousel,B,ברייקינג
2026-04-01,IG carousel,B,ברייקינג
2026-04-01,IG reel,N,סיקור שוטף
2026-04-01,IG reel,N,סיקור שוטף
2026-04-01,IG image,B,ברייקינג
2026-04-01,IG reel,N,סיקור שוטף
2026-04-01,IG image,N,סיקור שוטף
2026-04-01,IG image,N,סיקור שוטף
2026-04-02,IG reel,M,מגזין/פנאי
2026-04-02,IG reel,N,סיקור שוטף
2026-04-02,IG image,N,סיקור שוטף
2026-04-02,IG reel,M,מגזין/פנאי
2026-04-02,IG image,M,מגזין/פנאי
2026-04-02,IG image,N,סיקור שוטף
2026-04-02,IG image,N,סיקור שוטף
2026-04-02,IG image,M,מגזין/פנאי
2026-04-03,IG image,P,קידום שידור
2026-04-03,IG image,F,תיעוד
2026-04-03,IG reel,F,תיעוד
2026-04-03,IG image,B,ברייקינג
2026-04-03,IG image,M,מגזין/פנאי
2026-04-03,IG reel,F,תיעוד
2026-04-03,IG image,N,סיקור שוטף
2026-04-03,IG carousel,N,סיקור שוטף
2026-04-03,IG image,N,סיקור שוטף
2026-04-03,IG carousel,S,תוכן מתוכנית/כתבה
2026-04-03,IG reel,M,מגזין/פנאי
2026-04-03,IG image,B,ברייקינג
2026-04-03,IG image,N,סיקור שוטף
2026-04-04,IG reel,N,סיקור שוטף
2026-04-04,IG image,N,סיקור שוטף
2026-04-04,IG reel,S,תוכן מתוכנית/כתבה
2026-04-04,IG reel,M,מגזין/פנאי
2026-04-04,IG image,P,קידום שידור
2026-04-04,IG image,M,מגזין/פנאי
2026-04-04,IG reel,S,תוכן מתוכנית/כתבה
2026-04-04,IG reel,S,תוכן מתוכנית/כתבה
2026-04-04,IG reel,S,תוכן מתוכנית/כתבה
2026-04-04,IG image,P,קידום שידור
2026-04-04,IG reel,F,תיעוד
2026-04-05,IG carousel,M,מגזין/פנאי
2026-04-05,IG image,B,ברייקינג
2026-04-05,IG reel,M,מגזין/פנאי
2026-04-05,IG carousel,N,סיקור שוטף
2026-04-05,IG image,N,סיקור שוטף
2026-04-05,IG image,N,סיקור שוטף
2026-04-05,IG reel,B,ברייקינג
2026-04-05,IG reel,B,ברייקינג
2026-04-05,IG reel,S,תוכן מתוכנית/כתבה
2026-04-05,IG reel,S,תוכן מתוכנית/כתבה
2026-04-05,IG image,B,ברייקינג
2026-04-05,IG reel,S,תוכן מתוכנית/כתבה
2026-04-05,IG reel,S,תוכן מתוכנית/כתבה
2026-04-05,IG reel,N,סיקור שוטף
2026-04-05,IG image,N,סיקור שוטף
2026-04-05,IG carousel,N,סיקור שוטף
2026-04-05,IG reel,S,תוכן מתוכנית/כתבה
2026-04-05,IG image,N,סיקור שוטף
2026-04-05,IG reel,F,תיעוד
2026-04-05,IG carousel,N,סיקור שוטף
2026-04-06,IG reel,M,מגזין/פנאי
2026-04-06,IG reel,M,מגזין/פנאי
2026-04-06,IG image,N,סיקור שוטף
2026-04-06,IG image,B,ברייקינג
2026-04-06,IG image,N,סיקור שוטף
2026-04-06,IG reel,N,סיקור שוטף
2026-04-06,IG image,N,סיקור שוטף
2026-04-06,IG image,B,ברייקינג
2026-04-06,IG reel,F,תיעוד
2026-04-06,IG image,N,סיקור שוטף
2026-04-06,IG image,N,סיקור שוטף
2026-04-06,IG reel,F,תיעוד
2026-04-06,IG image,B,ברייקינג
2026-04-06,IG image,N,סיקור שוטף
2026-04-07,IG image,N,סיקור שוטף
2026-04-07,IG image,N,סיקור שוטף
2026-04-07,IG image,B,ברייקינג
2026-04-07,IG image,B,ברייקינג
2026-04-07,IG image,N,סיקור שוטף
2026-04-07,IG image,N,סיקור שוטף
2026-04-07,IG reel,M,מגזין/פנאי
2026-04-07,IG image,N,סיקור שוטף
2026-04-07,IG reel,N,סיקור שוטף
2026-04-07,IG carousel,N,סיקור שוטף
2026-04-07,IG image,N,סיקור שוטף
2026-04-07,IG image,M,מגזין/פנאי
2026-04-07,IG image,N,סיקור שוטף
2026-04-07,IG carousel,N,סיקור שוטף
2026-04-07,IG image,N,סיקור שוטף
2026-04-07,IG image,N,סיקור שוטף
2026-04-07,IG image,N,סיקור שוטף
2026-04-07,IG reel,M,מגזין/פנאי
2026-04-08,IG carousel,M,מגזין/פנאי
2026-04-08,IG reel,N,סיקור שוטף
2026-04-08,IG image,P,קידום שידור
2026-04-08,IG image,N,סיקור שוטף
2026-04-08,IG image,B,ברייקינג
2026-04-08,IG reel,N,סיקור שוטף
2026-04-08,IG reel,N,סיקור שוטף
2026-04-08,IG image,N,סיקור שוטף
2026-04-08,IG reel,M,מגזין/פנאי
2026-04-08,IG image,B,ברייקינג
2026-04-08,IG carousel,N,סיקור שוטף
2026-04-08,IG image,P,קידום שידור
2026-04-08,IG image,N,סיקור שוטף
2026-04-08,IG image,N,סיקור שוטף
2026-04-09,IG image,N,סיקור שוטף
2026-04-09,IG reel,S,תוכן מתוכנית/כתבה
2026-04-09,IG image,N,סיקור שוטף
2026-04-09,IG image,M,מגזין/פנאי
2026-04-09,IG image,M,מגזין/פנאי
2026-04-09,IG image,N,סיקור שוטף
2026-04-09,IG image,N,סיקור שוטף
2026-04-09,IG reel,N,סיקור שוטף
2026-04-09,IG image,N,סיקור שוטף
2026-04-09,IG image,N,סיקור שוטף
2026-04-09,IG image,M,מגזין/פנאי
2026-04-09,IG carousel,M,מגזין/פנאי
2026-04-09,IG reel,M,מגזין/פנאי
2026-04-10,IG image,M,מגזין/פנאי
2026-04-10,IG reel,S,תוכן מתוכנית/כתבה
2026-04-10,IG image,N,סיקור שוטף
2026-04-10,IG image,N,סיקור שוטף
2026-04-10,IG image,B,ברייקינג
2026-04-10,IG image,N,סיקור שוטף
2026-04-11,IG carousel,P,קידום שידור
2026-04-11,IG image,S,תוכן מתוכנית/כתבה
2026-04-11,IG image,B,ברייקינג
2026-04-11,IG reel,M,מגזין/פנאי
2026-04-11,IG image,N,סיקור שוטף
2026-04-12,IG image,M,מגזין/פנאי
2026-04-12,IG image,M,מגזין/פנאי
2026-04-12,IG image,M,מגזין/פנאי
2026-04-12,IG image,N,סיקור שוטף
2026-04-12,IG image,N,סיקור שוטף
2026-04-12,IG image,B,ברייקינג
2026-04-12,IG carousel,N,סיקור שוטף
2026-04-12,IG image,M,מגזין/פנאי
2026-04-12,IG image,N,סיקור שוטף
2026-04-12,IG image,N,סיקור שוטף
2026-04-12,IG image,N,סיקור שוטף
2026-04-13,IG image,N,סיקור שוטף
2026-04-13,IG image,B,ברייקינג
2026-04-13,IG reel,F,תיעוד
2026-04-13,IG reel,N,סיקור שוטף
2026-04-13,IG carousel,N,סיקור שוטף
2026-04-13,IG image,M,מגזין/פנאי
2026-04-13,IG image,M,מגזין/פנאי
2026-04-13,IG carousel,N,סיקור שוטף
2026-04-13,IG carousel,N,סיקור שוטף
2026-04-13,IG reel,M,מגזין/פנאי
2026-04-14,IG image,M,מגזין/פנאי
2026-04-14,IG image,N,סיקור שוטף
2026-04-14,IG reel,N,סיקור שוטף
2026-04-14,IG image,B,ברייקינג
2026-04-14,IG image,N,סיקור שוטף
2026-04-14,IG reel,M,מגזין/פנאי
2026-04-14,IG reel,M,מגזין/פנאי
2026-04-14,IG reel,N,סיקור שוטף
2026-04-14,IG reel,M,מגזין/פנאי
2026-04-14,IG reel,N,סיקור שוטף
2026-04-14,IG image,N,סיקור שוטף
2026-04-14,IG image,N,סיקור שוטף
2026-04-14,IG carousel,M,מגזין/פנאי
2026-04-14,IG image,N,סיקור שוטף
2026-04-15,IG image,N,סיקור שוטף
2026-04-15,IG reel,N,סיקור שוטף
2026-04-15,IG reel,S,תוכן מתוכנית/כתבה
2026-04-15,IG reel,M,מגזין/פנאי
2026-04-15,IG reel,N,סיקור שוטף
2026-04-15,IG reel,S,תוכן מתוכנית/כתבה
2026-04-15,IG reel,M,מגזין/פנאי
2026-04-15,IG reel,M,מגזין/פנאי
2026-04-15,IG image,N,סיקור שוטף
2026-04-15,IG image,M,מגזין/פנאי
2026-04-15,IG image,N,סיקור שוטף
2026-04-15,IG reel,N,סיקור שוטף
2026-04-15,IG image,N,סיקור שוטף
2026-04-15,IG image,F,תיעוד
2026-04-16,IG carousel,S,תוכן מתוכנית/כתבה
2026-04-16,IG image,B,ברייקינג
2026-04-16,IG reel,N,סיקור שוטף
2026-04-16,IG reel,N,סיקור שוטף
2026-04-16,IG carousel,N,סיקור שוטף
2026-04-16,IG image,P,קידום שידור
2026-04-16,IG image,N,סיקור שוטף
2026-04-16,IG carousel,N,סיקור שוטף
2026-04-16,IG image,N,סיקור שוטף
2026-04-16,IG image,B,ברייקינג
2026-04-16,IG reel,S,תוכן מתוכנית/כתבה
2026-04-16,IG image,B,ברייקינג
2026-04-16,IG image,N,סיקור שוטף
2026-04-16,IG reel,M,מגזין/פנאי
2026-04-16,IG image,B,ברייקינג
2026-04-17,IG image,N,סיקור שוטף
2026-04-17,IG image,N,סיקור שוטף
2026-04-17,IG carousel,N,סיקור שוטף
2026-04-17,IG carousel,M,מגזין/פנאי
2026-04-17,IG image,M,מגזין/פנאי
2026-04-17,IG carousel,M,מגזין/פנאי
2026-04-17,IG carousel,F,תיעוד
2026-04-18,IG image,B,ברייקינג
2026-04-18,IG image,M,מגזין/פנאי
2026-04-18,IG reel,N,סיקור שוטף
2026-04-18,IG reel,N,סיקור שוטף
2026-04-18,IG image,B,ברייקינג
2026-04-18,IG image,N,סיקור שוטף
2026-04-18,IG image,B,ברייקינג
2026-04-18,IG reel,N,סיקור שוטף
2026-04-18,IG reel,N,סיקור שוטף
2026-04-18,IG reel,S,תוכן מתוכנית/כתבה
2026-04-18,IG image,N,סיקור שוטף
2026-04-18,IG image,N,סיקור שוטף
2026-04-19,IG image,B,ברייקינג
2026-04-19,IG image,B,ברייקינג
2026-04-19,IG carousel,M,מגזין/פנאי
2026-04-19,IG reel,M,מגזין/פנאי
2026-04-19,IG image,B,ברייקינג
2026-04-19,IG image,N,סיקור שוטף
2026-04-19,IG image,M,מגזין/פנאי
2026-04-19,IG image,N,סיקור שוטף
2026-04-19,IG image,N,סיקור שוטף
2026-04-20,IG carousel,S,תוכן מתוכנית/כתבה
2026-04-20,IG reel,N,סיקור שוטף
2026-04-20,IG reel,N,סיקור שוטף
2026-04-20,IG image,N,סיקור שוטף
2026-04-20,IG image,F,תיעוד
2026-04-20,IG image,N,סיקור שוטף
2026-04-20,IG image,N,סיקור שוטף
2026-04-20,IG image,N,סיקור שוטף
2026-04-20,IG image,F,תיעוד
2026-04-20,IG image,N,סיקור שוטף
2026-04-21,IG image,N,סיקור שוטף
2026-04-21,IG reel,M,מגזין/פנאי
2026-04-21,IG reel,P,קידום שידור
2026-04-21,IG image,N,סיקור שוטף
2026-04-21,IG image,N,סיקור שוטף
2026-04-21,IG image,N,סיקור שוטף
2026-04-21,IG reel,P,קידום שידור
2026-04-21,IG reel,S,תוכן מתוכנית/כתבה
2026-04-21,IG carousel,N,סיקור שוטף
2026-04-21,IG reel,N,סיקור שוטף
2026-04-21,IG carousel,N,סיקור שוטף
2026-04-21,IG reel,N,סיקור שוטף
2026-04-21,IG reel,S,תוכן מתוכנית/כתבה
2026-04-21,IG carousel,S,תוכן מתוכנית/כתבה
2026-04-22,IG image,N,סיקור שוטף
2026-04-22,IG image,B,ברייקינג
2026-04-22,IG reel,S,תוכן מתוכנית/כתבה
2026-04-22,IG image,N,סיקור שוטף
2026-04-22,IG image,M,מגזין/פנאי
2026-04-22,IG image,N,סיקור שוטף
2026-04-22,IG image,N,סיקור שוטף
2026-04-22,IG carousel,M,מגזין/פנאי
2026-04-22,IG reel,M,מגזין/פנאי
2026-04-22,IG carousel,M,מגזין/פנאי
2026-04-22,IG carousel,N,סיקור שוטף
2026-04-22,IG image,M,מגזין/פנאי
2026-04-22,IG image,M,מגזין/פנאי
2026-04-22,IG image,M,מגזין/פנאי
2026-04-23,IG reel,N,סיקור שוטף
2026-04-23,IG reel,N,סיקור שוטף
2026-04-23,IG image,N,סיקור שוטף
2026-04-23,IG image,N,סיקור שוטף
2026-04-23,IG reel,N,סיקור שוטף
2026-04-23,IG image,M,מגזין/פנאי
2026-04-23,IG image,N,סיקור שוטף
2026-04-23,IG reel,M,מגזין/פנאי
2026-04-23,IG reel,S,תוכן מתוכנית/כתבה
2026-04-23,IG image,F,תיעוד
2026-04-23,IG image,N,סיקור שוטף
2026-04-24,IG image,N,סיקור שוטף
2026-04-24,IG reel,S,תוכן מתוכנית/כתבה
2026-04-24,IG image,N,סיקור שוטף
2026-04-24,IG reel,F,תיעוד
2026-04-24,IG image,B,ברייקינג
2026-04-24,IG carousel,N,סיקור שוטף
2026-04-24,IG image,B,ברייקינג
2026-04-25,IG carousel,N,סיקור שוטף
2026-04-25,IG image,F,תיעוד
2026-04-25,IG image,N,סיקור שוטף
2026-04-25,IG image,N,סיקור שוטף
2026-04-25,IG reel,S,תוכן מתוכנית/כתבה
2026-04-25,IG image,N,סיקור שוטף
2026-04-25,IG image,N,סיקור שוטף
2026-04-25,IG image,N,סיקור שוטף
2026-04-25,IG image,B,ברייקינג
2026-04-25,IG carousel,P,קידום שידור
2026-04-25,IG reel,F,תיעוד
2026-04-25,IG image,B,ברייקינג
2026-04-26,IG reel,F,תיעוד
2026-04-26,IG image,N,סיקור שוטף
2026-04-26,IG image,N,סיקור שוטף
2026-04-26,IG image,N,סיקור שוטף
2026-04-26,IG image,S,תוכן מתוכנית/כתבה
2026-04-26,IG image,B,ברייקינג
2026-04-26,IG image,B,ברייקינג
2026-04-26,IG reel,N,סיקור שוטף
2026-04-26,IG reel,F,תיעוד
2026-04-26,IG reel,F,תיעוד
2026-04-26,IG reel,S,תוכן מתוכנית/כתבה
2026-04-26,IG image,F,תיעוד
2026-04-27,IG image,F,תיעוד
2026-04-27,IG reel,S,תוכן מתוכנית/כתבה
2026-04-27,IG image,N,סיקור שוטף
2026-04-27,IG reel,S,תוכן מתוכנית/כתבה
2026-04-27,IG reel,M,מגזין/פנאי
2026-04-27,IG image,N,סיקור שוטף
2026-04-27,IG image,N,סיקור שוטף
2026-04-27,IG carousel,N,סיקור שוטף
2026-04-27,IG image,F,תיעוד
2026-04-28,IG image,N,סיקור שוטף
2026-04-28,IG image,N,סיקור שוטף
2026-04-28,IG reel,N,סיקור שוטף
2026-04-28,IG image,M,מגזין/פנאי
2026-04-28,IG carousel,N,סיקור שוטף
2026-04-28,IG image,N,סיקור שוטף
2026-04-28,IG image,N,סיקור שוטף
2026-04-28,IG reel,N,סיקור שוטף
2026-04-28,IG image,M,מגזין/פנאי
2026-04-28,IG reel,N,סיקור שוטף
2026-04-28,IG reel,S,תוכן מתוכנית/כתבה
2026-04-28,IG reel,S,תוכן מתוכנית/כתבה
2026-04-28,IG reel,F,תיעוד
2026-04-28,IG reel,N,סיקור שוטף
2026-04-28,IG image,B,ברייקינג
2026-04-28,IG image,B,ברייקינג
2026-04-28,IG image,N,סיקור שוטף
2026-04-29,IG image,B,ברייקינג
2026-04-29,IG reel,N,סיקור שוטף
2026-04-29,IG image,N,סיקור שוטף
2026-04-29,IG reel,F,תיעוד
2026-04-29,IG reel,B,ברייקינג
2026-04-29,IG image,B,ברייקינג
2026-04-29,IG image,N,סיקור שוטף
2026-04-29,IG image,N,סיקור שוטף
2026-04-29,IG reel,M,מגזין/פנאי
2026-04-29,IG reel,F,תיעוד
2026-04-29,IG reel,S,תוכן מתוכנית/כתבה
2026-04-29,IG image,N,סיקור שוטף
2026-04-29,IG image,N,סיקור שוטף
2026-04-29,IG reel,S,תוכן מתוכנית/כתבה
2026-04-29,IG reel,P,קידום שידור
2026-04-29,IG reel,N,סיקור שוטף
2026-04-29,IG image,B,ברייקינג
2026-04-30,IG reel,S,תוכן מתוכנית/כתבה
2026-04-30,IG image,N,סיקור שוטף
2026-04-30,IG carousel,N,סיקור שוטף
2026-04-30,IG reel,N,סיקור שוטף
2026-04-30,IG image,N,סיקור שוטף
2026-04-30,IG image,F,תיעוד
2026-04-30,IG carousel,M,מגזין/פנאי
2026-04-30,IG carousel,S,תוכן מתוכנית/כתבה
2026-04-30,IG reel,S,תוכן מתוכנית/כתבה
2026-04-30,IG image,B,ברייקינג
2026-04-30,IG image,F,תיעוד
2026-04-30,IG image,N,סיקור שוטף
2026-04-30,IG reel,M,מגזין/פנאי
2026-04-30,IG image,N,סיקור שוטף
2026-04-30,IG reel,N,סיקור שוטף
2026-04-30,IG reel,F,תיעוד
2026-05-01,IG reel,N,סיקור שוטף
2026-05-01,IG carousel,N,סיקור שוטף
2026-05-01,IG carousel,S,תוכן מתוכנית/כתבה
2026-05-01,IG reel,N,סיקור שוטף
2026-05-01,IG reel,N,סיקור שוטף
2026-05-01,IG reel,S,תוכן מתוכנית/כתבה
2026-05-01,IG image,N,סיקור שוטף
2026-05-01,IG reel,S,תוכן מתוכנית/כתבה
2026-05-01,IG image,N,סיקור שוטף
2026-05-01,IG reel,S,תוכן מתוכנית/כתבה
2026-05-02,IG image,N,סיקור שוטף
2026-05-02,IG image,N,סיקור שוטף
2026-05-02,IG image,F,תיעוד
2026-05-02,IG reel,N,סיקור שוטף
2026-05-02,IG image,M,מגזין/פנאי
2026-05-02,IG reel,S,תוכן מתוכנית/כתבה
2026-05-02,IG image,M,מגזין/פנאי
2026-05-02,IG reel,M,מגזין/פנאי
2026-05-02,IG reel,S,תוכן מתוכנית/כתבה
2026-05-02,IG carousel,M,מגזין/פנאי
2026-05-02,IG image,N,סיקור שוטף
2026-05-02,IG reel,N,סיקור שוטף
2026-05-02,IG image,N,סיקור שוטף
2026-05-03,IG image,P,קידום שידור
2026-05-03,IG image,N,סיקור שוטף
2026-05-03,IG image,S,תוכן מתוכנית/כתבה
2026-05-03,IG image,N,סיקור שוטף
2026-05-03,IG image,N,סיקור שוטף
2026-05-03,IG reel,N,סיקור שוטף
2026-05-03,IG image,N,סיקור שוטף
2026-05-03,IG carousel,B,ברייקינג
2026-05-03,IG carousel,N,סיקור שוטף
2026-05-04,IG image,N,סיקור שוטף
2026-05-04,IG image,N,סיקור שוטף
2026-05-04,IG image,M,מגזין/פנאי
2026-05-04,IG image,B,ברייקינג
2026-05-04,IG reel,N,סיקור שוטף
2026-05-04,IG reel,F,תיעוד
2026-05-04,IG image,N,סיקור שוטף
2026-05-04,IG reel,S,תוכן מתוכנית/כתבה
2026-05-04,IG reel,N,סיקור שוטף
2026-05-04,IG carousel,M,מגזין/פנאי
2026-05-04,IG reel,M,מגזין/פנאי
2026-05-04,IG image,N,סיקור שוטף
2026-05-04,IG carousel,M,מגזין/פנאי
2026-05-05,IG reel,N,סיקור שוטף
2026-05-05,IG image,N,סיקור שוטף
2026-05-05,IG reel,N,סיקור שוטף
2026-05-05,IG carousel,B,ברייקינג
2026-05-05,IG reel,S,תוכן מתוכנית/כתבה
2026-05-05,IG image,B,ברייקינג
2026-05-05,IG carousel,N,סיקור שוטף
2026-05-05,IG reel,N,סיקור שוטף
2026-05-05,IG reel,N,סיקור שוטף
2026-05-05,IG carousel,F,תיעוד
2026-05-05,IG reel,N,סיקור שוטף
2026-05-05,IG image,N,סיקור שוטף
2026-05-05,IG reel,M,מגזין/פנאי
2026-05-05,IG image,M,מגזין/פנאי
2026-05-06,IG carousel,N,סיקור שוטף
2026-05-06,IG reel,F,תיעוד
2026-05-06,IG reel,B,ברייקינג
2026-05-06,IG reel,M,מגזין/פנאי
2026-05-06,IG carousel,S,תוכן מתוכנית/כתבה
2026-05-06,IG image,N,סיקור שוטף
2026-05-06,IG reel,S,תוכן מתוכנית/כתבה
2026-05-06,IG carousel,M,מגזין/פנאי
2026-05-06,IG reel,M,מגזין/פנאי
2026-05-06,IG reel,N,סיקור שוטף
2026-05-06,IG image,N,סיקור שוטף
2026-05-06,IG reel,N,סיקור שוטף
2026-05-07,IG image,N,סיקור שוטף
2026-05-07,IG reel,S,תוכן מתוכנית/כתבה
2026-05-07,IG carousel,N,סיקור שוטף
2026-05-07,IG image,N,סיקור שוטף
2026-05-07,IG image,N,סיקור שוטף
2026-05-07,IG image,N,סיקור שוטף
2026-05-07,IG image,N,סיקור שוטף
2026-05-07,IG image,B,ברייקינג
2026-05-07,IG reel,M,מגזין/פנאי
2026-05-08,IG reel,S,תוכן מתוכנית/כתבה
2026-05-08,IG reel,N,סיקור שוטף
2026-05-08,IG carousel,F,תיעוד
2026-05-08,IG carousel,S,תוכן מתוכנית/כתבה
2026-05-08,IG reel,M,מגזין/פנאי
2026-05-08,IG image,N,סיקור שוטף
2026-05-09,IG image,N,סיקור שוטף
2026-05-09,IG reel,S,תוכן מתוכנית/כתבה
2026-05-09,IG reel,N,סיקור שוטף
2026-05-09,IG reel,F,תיעוד
2026-05-09,IG reel,M,מגזין/פנאי
2026-05-09,IG carousel,M,מגזין/פנאי
2026-05-09,IG image,P,קידום שידור
2026-05-10,IG image,F,תיעוד
2026-05-10,IG image,B,ברייקינג
2026-05-10,IG image,N,סיקור שוטף
2026-05-10,IG reel,S,תוכן מתוכנית/כתבה
2026-05-10,IG reel,S,תוכן מתוכנית/כתבה
2026-05-10,IG reel,S,תוכן מתוכנית/כתבה
2026-05-10,IG image,N,סיקור שוטף
2026-05-10,IG reel,S,תוכן מתוכנית/כתבה
2026-05-10,IG image,N,סיקור שוטף
2026-05-10,IG reel,S,תוכן מתוכנית/כתבה
2026-05-10,IG image,N,סיקור שוטף
2026-05-10,IG reel,N,סיקור שוטף
2026-05-10,IG reel,S,תוכן מתוכנית/כתבה
2026-05-10,IG image,N,סיקור שוטף
2026-05-11,IG image,N,סיקור שוטף
2026-05-11,IG reel,S,תוכן מתוכנית/כתבה
2026-05-11,IG reel,P,קידום שידור
2026-05-11,IG image,B,ברייקינג
2026-05-11,IG image,N,סיקור שוטף
2026-05-11,IG image,N,סיקור שוטף
2026-05-11,IG reel,N,סיקור שוטף
2026-05-11,IG image,N,סיקור שוטף
2026-05-12,IG carousel,N,סיקור שוטף
2026-05-12,IG image,P,קידום שידור
2026-05-12,IG carousel,N,סיקור שוטף
2026-05-12,IG reel,S,תוכן מתוכנית/כתבה
2026-05-12,IG image,M,מגזין/פנאי
2026-05-12,IG image,S,תוכן מתוכנית/כתבה
2026-05-12,IG reel,M,מגזין/פנאי
2026-05-12,IG reel,M,מגזין/פנאי
2026-05-12,IG reel,S,תוכן מתוכנית/כתבה
2026-05-12,IG reel,M,מגזין/פנאי
2026-05-12,IG carousel,N,סיקור שוטף
2026-05-12,IG reel,B,ברייקינג
2026-05-12,IG image,N,סיקור שוטף
2026-05-13,IG image,B,ברייקינג
2026-05-13,IG carousel,M,מגזין/פנאי
2026-05-13,IG image,N,סיקור שוטף
2026-05-13,IG image,N,סיקור שוטף
2026-05-13,IG reel,S,תוכן מתוכנית/כתבה
2026-05-13,IG image,N,סיקור שוטף
2026-05-13,IG image,N,סיקור שוטף
2026-05-13,IG image,F,תיעוד
2026-05-13,IG reel,M,מגזין/פנאי
2026-05-13,IG reel,M,מגזין/פנאי
2026-05-13,IG image,N,סיקור שוטף
2026-05-13,IG image,M,מגזין/פנאי
2026-05-13,IG carousel,N,סיקור שוטף
2026-05-14,IG reel,N,סיקור שוטף
2026-05-14,IG reel,N,סיקור שוטף
2026-05-14,IG image,B,ברייקינג
2026-05-14,IG image,S,תוכן מתוכנית/כתבה
2026-05-14,IG carousel,N,סיקור שוטף
2026-05-14,IG carousel,N,סיקור שוטף
2026-05-14,IG image,N,סיקור שוטף
2026-05-14,IG image,N,סיקור שוטף
2026-05-14,IG carousel,N,סיקור שוטף
2026-05-14,IG image,N,סיקור שוטף
2026-05-14,IG reel,F,תיעוד
2026-05-14,IG image,B,ברייקינג
2026-05-14,IG reel,N,סיקור שוטף
2026-05-14,IG carousel,M,מגזין/פנאי
2026-05-15,IG reel,S,תוכן מתוכנית/כתבה
2026-05-15,IG image,B,ברייקינג
2026-05-15,IG image,N,סיקור שוטף
2026-05-15,IG image,F,תיעוד
2026-05-15,IG reel,P,קידום שידור
2026-05-15,IG reel,M,מגזין/פנאי
2026-05-15,IG reel,M,מגזין/פנאי
2026-05-16,IG carousel,M,מגזין/פנאי
2026-05-16,IG reel,P,קידום שידור
2026-05-16,IG reel,M,מגזין/פנאי
2026-05-16,IG reel,M,מגזין/פנאי
2026-05-16,IG image,M,מגזין/פנאי
2026-05-16,IG reel,M,מגזין/פנאי
2026-05-16,IG image,M,מגזין/פנאי
2026-05-16,IG reel,F,תיעוד
2026-05-16,IG image,S,תוכן מתוכנית/כתבה
2026-05-16,IG image,M,מגזין/פנאי
2026-05-16,IG reel,M,מגזין/פנאי
2026-05-16,IG image,B,ברייקינג
2026-05-16,IG reel,S,תוכן מתוכנית/כתבה
2026-05-16,IG reel,M,מגזין/פנאי
2026-05-16,IG reel,M,מגזין/פנאי
2026-05-16,IG carousel,B,ברייקינג
2026-05-16,IG image,N,סיקור שוטף
2026-05-17,IG image,N,סיקור שוטף
2026-05-17,IG reel,B,ברייקינג
2026-05-17,IG image,N,סיקור שוטף
2026-05-17,IG image,N,סיקור שוטף
2026-05-17,IG reel,S,תוכן מתוכנית/כתבה
2026-05-17,IG reel,S,תוכן מתוכנית/כתבה
2026-05-17,IG reel,S,תוכן מתוכנית/כתבה
2026-05-17,IG image,N,סיקור שוטף
2026-05-17,IG image,N,סיקור שוטף
2026-05-17,IG reel,N,סיקור שוטף
2026-05-17,IG image,N,סיקור שוטף
2026-05-17,IG image,N,סיקור שוטף
2026-05-18,IG image,B,ברייקינג
2026-05-18,IG image,N,סיקור שוטף
2026-05-18,IG image,N,סיקור שוטף
2026-05-18,IG image,B,ברייקינג
2026-05-18,IG reel,M,מגזין/פנאי
2026-05-18,IG reel,N,סיקור שוטף
2026-05-18,IG reel,N,סיקור שוטף
2026-05-18,IG image,N,סיקור שוטף
2026-05-18,IG image,M,מגזין/פנאי
2026-05-18,IG carousel,B,ברייקינג
2026-05-18,IG reel,B,ברייקינג
2026-05-18,IG reel,F,תיעוד
2026-05-19,IG image,N,סיקור שוטף
2026-05-19,IG image,M,מגזין/פנאי
2026-05-19,IG image,B,ברייקינג
2026-05-19,IG image,N,סיקור שוטף
2026-05-19,IG reel,N,סיקור שוטף
2026-05-19,IG image,N,סיקור שוטף
2026-05-19,IG image,F,תיעוד
2026-05-19,IG reel,F,תיעוד
2026-05-19,IG image,N,סיקור שוטף
2026-05-19,IG image,N,סיקור שוטף
2026-05-19,IG reel,S,תוכן מתוכנית/כתבה
2026-05-20,IG reel,N,סיקור שוטף
2026-05-20,IG image,B,ברייקינג
2026-05-20,IG image,P,קידום שידור
2026-05-20,IG image,M,מגזין/פנאי
2026-05-20,IG image,F,תיעוד
2026-05-20,IG image,F,תיעוד
2026-05-20,IG reel,F,תיעוד
2026-05-20,IG image,B,ברייקינג
2026-05-20,IG reel,N,סיקור שוטף
2026-05-20,IG reel,S,תוכן מתוכנית/כתבה
2026-05-20,IG image,N,סיקור שוטף
2026-05-20,IG reel,S,תוכן מתוכנית/כתבה
2026-05-20,IG carousel,N,סיקור שוטף
2026-05-20,IG carousel,S,תוכן מתוכנית/כתבה
2026-05-20,IG image,N,סיקור שוטף
2026-05-20,IG reel,F,תיעוד
2026-05-20,IG image,N,סיקור שוטף
2026-05-21,IG reel,M,מגזין/פנאי
2026-05-21,IG image,F,תיעוד
2026-05-21,IG image,N,סיקור שוטף
2026-05-21,IG image,F,תיעוד
2026-05-21,IG reel,P,קידום שידור
2026-05-21,IG carousel,M,מגזין/פנאי
2026-05-21,IG image,B,ברייקינג
2026-05-22,IG image,N,סיקור שוטף
2026-05-22,IG image,B,ברייקינג
2026-05-22,IG image,B,ברייקינג
2026-05-22,IG image,N,סיקור שוטף
2026-05-22,IG image,N,סיקור שוטף
2026-05-22,IG image,N,סיקור שוטף
2026-05-22,IG image,N,סיקור שוטף
2026-05-22,IG image,B,ברייקינג
2026-05-23,IG image,B,ברייקינג
2026-05-23,IG image,B,ברייקינג
2026-05-23,IG image,N,סיקור שוטף
2026-05-23,IG reel,M,מגזין/פנאי
2026-05-23,IG carousel,B,ברייקינג
2026-05-23,IG reel,N,סיקור שוטף
2026-05-23,IG image,B,ברייקינג
2026-05-23,IG reel,N,סיקור שוטף
2026-05-23,IG reel,M,מגזין/פנאי
2026-05-23,IG image,B,ברייקינג
2026-05-23,IG reel,M,מגזין/פנאי
2026-05-23,IG image,M,מגזין/פנאי
2026-05-23,IG image,N,סיקור שוטף
2026-05-24,IG reel,F,תיעוד
2026-05-24,IG image,B,ברייקינג
2026-05-24,IG image,B,ברייקינג
2026-05-24,IG image,N,סיקור שוטף
2026-05-24,IG carousel,N,סיקור שוטף
2026-05-24,IG reel,S,תוכן מתוכנית/כתבה
2026-05-24,IG image,F,תיעוד
2026-05-24,IG image,N,סיקור שוטף
2026-05-24,IG image,B,ברייקינג
2026-05-24,IG image,B,ברייקינג
2026-05-24,IG reel,S,תוכן מתוכנית/כתבה
2026-05-24,IG reel,M,מגזין/פנאי
2026-05-24,IG reel,N,סיקור שוטף
2026-05-24,IG reel,N,סיקור שוטף
2026-05-24,IG carousel,M,מגזין/פנאי
2026-05-24,IG image,N,סיקור שוטף
2026-05-24,IG image,B,ברייקינג
2026-05-24,IG image,N,סיקור שוטף
2026-05-25,IG image,B,ברייקינג
2026-05-25,IG image,F,תיעוד
2026-05-25,IG reel,S,תוכן מתוכנית/כתבה
2026-05-25,IG reel,S,תוכן מתוכנית/כתבה
2026-05-25,IG reel,S,תוכן מתוכנית/כתבה
2026-05-25,IG carousel,N,סיקור שוטף
2026-05-25,IG reel,S,תוכן מתוכנית/כתבה
2026-05-25,IG carousel,N,סיקור שוטף
2026-05-25,IG reel,B,ברייקינג
2026-05-25,IG image,N,סיקור שוטף
2026-05-25,IG image,N,סיקור שוטף
2026-05-26,IG reel,B,ברייקינג
2026-05-26,IG image,M,מגזין/פנאי
2026-05-26,IG image,M,מגזין/פנאי
2026-05-26,IG reel,F,תיעוד
2026-05-26,IG image,N,סיקור שוטף
2026-05-26,IG reel,M,מגזין/פנאי
2026-05-26,IG image,S,תוכן מתוכנית/כתבה
2026-05-26,IG image,N,סיקור שוטף
2026-05-26,IG image,N,סיקור שוטף
2026-05-26,IG carousel,N,סיקור שוטף
2026-05-26,IG reel,M,מגזין/פנאי
2026-05-26,IG reel,N,סיקור שוטף
2026-05-26,IG image,N,סיקור שוטף
2026-05-27,IG image,N,סיקור שוטף
2026-05-27,IG image,B,ברייקינג
2026-05-27,IG image,F,תיעוד
2026-05-27,IG reel,N,סיקור שוטף
2026-05-27,IG image,N,סיקור שוטף
2026-05-27,IG reel,M,מגזין/פנאי
2026-05-27,IG image,B,ברייקינג
2026-05-27,IG reel,B,ברייקינג
2026-05-27,IG image,N,סיקור שוטף
2026-05-27,IG image,B,ברייקינג
2026-05-27,IG reel,N,סיקור שוטף
2026-05-27,IG image,N,סיקור שוטף
2026-05-27,IG image,N,סיקור שוטף
2026-05-27,IG reel,S,תוכן מתוכנית/כתבה
2026-05-28,IG reel,M,מגזין/פנאי
2026-05-28,IG image,N,סיקור שוטף
2026-05-28,IG image,N,סיקור שוטף
2026-05-28,IG reel,S,תוכן מתוכנית/כתבה
2026-05-28,IG reel,S,תוכן מתוכנית/כתבה
2026-05-28,IG reel,B,ברייקינג
2026-05-28,IG carousel,N,סיקור שוטף
2026-05-28,IG image,N,סיקור שוטף
2026-05-29,IG reel,M,מגזין/פנאי
2026-05-29,IG reel,N,סיקור שוטף
2026-05-29,IG reel,F,תיעוד
2026-05-29,IG reel,B,ברייקינג
2026-05-29,IG image,M,מגזין/פנאי
2026-05-29,IG reel,P,קידום שידור
2026-05-29,IG image,N,סיקור שוטף
2026-05-29,IG image,N,סיקור שוטף
2026-05-29,IG carousel,M,מגזין/פנאי
2026-05-30,IG image,B,ברייקינג
2026-05-30,IG carousel,B,ברייקינג
2026-05-30,IG reel,N,סיקור שוטף
2026-05-30,IG image,P,קידום שידור
2026-05-30,IG image,M,מגזין/פנאי
2026-05-30,IG image,N,סיקור שוטף
2026-05-30,IG reel,N,סיקור שוטף
2026-05-30,IG reel,B,ברייקינג
2026-05-30,IG reel,M,מגזין/פנאי
2026-05-30,IG image,M,מגזין/פנאי
2026-05-30,IG reel,S,תוכן מתוכנית/כתבה
2026-05-30,IG image,B,ברייקינג
2026-05-31,IG image,M,מגזין/פנאי
2026-05-31,IG reel,F,תיעוד
2026-05-31,IG reel,F,תיעוד
2026-05-31,IG reel,S,תוכן מתוכנית/כתבה
2026-05-31,IG reel,S,תוכן מתוכנית/כתבה
2026-05-31,IG reel,N,סיקור שוטף
2026-05-31,IG reel,S,תוכן מתוכנית/כתבה
2026-05-31,IG reel,S,תוכן מתוכנית/כתבה
2026-05-31,IG reel,F,תיעוד
2026-05-31,IG carousel,N,סיקור שוטף
2026-05-31,IG reel,F,תיעוד
2026-05-31,IG reel,N,סיקור שוטף
2026-05-31,IG image,B,ברייקינג
2026-06-01,IG image,N,סיקור שוטף
2026-06-01,IG image,B,ברייקינג
2026-06-01,IG image,M,מגזין/פנאי
2026-06-01,IG image,N,סיקור שוטף
2026-06-01,IG image,N,סיקור שוטף
2026-06-01,IG image,N,סיקור שוטף
2026-06-01,IG image,N,סיקור שוטף
2026-06-01,IG reel,N,סיקור שוטף
2026-06-01,IG reel,B,ברייקינג
2026-06-01,IG image,N,סיקור שוטף
2026-06-01,IG image,B,ברייקינג
2026-06-01,IG image,N,סיקור שוטף
2026-06-02,IG reel,S,תוכן מתוכנית/כתבה
2026-06-02,IG reel,F,תיעוד
2026-06-02,IG reel,N,סיקור שוטף
2026-06-02,IG image,P,קידום שידור
2026-06-02,IG image,N,סיקור שוטף
2026-06-02,IG reel,S,תוכן מתוכנית/כתבה
2026-06-02,IG carousel,N,סיקור שוטף
2026-06-02,IG image,B,ברייקינג
2026-06-03,IG reel,N,סיקור שוטף
2026-06-03,IG image,F,תיעוד
2026-06-03,IG reel,M,מגזין/פנאי
2026-06-03,IG image,B,ברייקינג
2026-06-03,IG reel,N,סיקור שוטף
2026-06-03,IG image,N,סיקור שוטף
2026-06-03,IG reel,F,תיעוד
2026-06-03,IG image,N,סיקור שוטף
2026-06-03,IG carousel,P,קידום שידור
2026-06-03,IG reel,S,תוכן מתוכנית/כתבה
2026-06-03,IG reel,N,סיקור שוטף
2026-06-03,IG reel,M,מגזין/פנאי
2026-06-03,IG reel,M,מגזין/פנאי
2026-06-03,IG image,B,ברייקינג
2026-06-03,IG reel,N,סיקור שוטף
2026-06-04,IG image,N,סיקור שוטף
2026-06-04,IG reel,P,קידום שידור
2026-06-04,IG image,N,סיקור שוטף
2026-06-04,IG image,N,סיקור שוטף
2026-06-04,IG image,M,מגזין/פנאי
2026-06-04,IG reel,F,תיעוד
2026-06-04,IG reel,P,קידום שידור
2026-06-04,IG image,N,סיקור שוטף
2026-06-04,IG image,B,ברייקינג
2026-06-04,IG image,B,ברייקינג
2026-06-04,IG carousel,N,סיקור שוטף
2026-06-04,IG image,M,מגזין/פנאי
2026-06-04,IG reel,P,קידום שידור
2026-06-05,IG image,B,ברייקינג
2026-06-05,IG reel,S,תוכן מתוכנית/כתבה
2026-06-05,IG carousel,M,מגזין/פנאי
2026-06-05,IG reel,S,תוכן מתוכנית/כתבה
2026-06-05,IG reel,S,תוכן מתוכנית/כתבה
2026-06-05,IG carousel,N,סיקור שוטף
2026-06-06,IG image,B,ברייקינג
2026-06-06,IG reel,F,תיעוד
2026-06-06,IG image,N,סיקור שוטף
2026-06-06,IG reel,M,מגזין/פנאי
2026-06-06,IG image,N,סיקור שוטף
2026-06-06,IG image,B,ברייקינג
2026-06-06,IG image,B,ברייקינג
2026-06-06,IG image,B,ברייקינג
2026-06-06,IG reel,F,תיעוד
2026-06-07,IG reel,S,תוכן מתוכנית/כתבה
2026-06-07,IG image,B,ברייקינג
2026-06-07,IG image,B,ברייקינג
2026-06-07,IG reel,S,תוכן מתוכנית/כתבה
2026-06-07,IG image,B,ברייקינג
2026-06-07,IG image,N,סיקור שוטף
2026-06-07,IG reel,P,קידום שידור
2026-06-07,IG reel,S,תוכן מתוכנית/כתבה
2026-06-07,IG image,B,ברייקינג
2026-06-07,IG reel,S,תוכן מתוכנית/כתבה
2026-06-07,IG image,P,קידום שידור
2026-06-07,IG image,B,ברייקינג
2026-06-07,IG image,S,תוכן מתוכנית/כתבה
2026-06-07,IG reel,N,סיקור שוטף
2026-06-07,IG image,N,סיקור שוטף
2026-06-07,IG image,B,ברייקינג
2026-06-07,IG image,B,ברייקינג
2026-06-07,IG image,M,מגזין/פנאי
2026-06-08,IG image,N,סיקור שוטף
2026-06-08,IG image,N,סיקור שוטף
2026-06-08,IG reel,F,תיעוד
2026-06-08,IG image,B,ברייקינג
2026-06-08,IG image,N,סיקור שוטף
2026-06-08,IG reel,N,סיקור שוטף
2026-06-08,IG reel,N,סיקור שוטף
2026-06-08,IG reel,P,קידום שידור
2026-06-08,IG image,N,סיקור שוטף
2026-06-08,IG reel,F,תיעוד
2026-06-08,IG image,N,סיקור שוטף
2026-06-08,IG reel,P,קידום שידור
2026-06-09,IG image,N,סיקור שוטף
2026-06-09,IG image,N,סיקור שוטף
2026-06-09,IG image,M,מגזין/פנאי
2026-06-09,IG image,B,ברייקינג
2026-06-09,IG image,N,סיקור שוטף
2026-06-09,IG image,M,מגזין/פנאי
2026-06-09,IG reel,S,תוכן מתוכנית/כתבה
2026-06-09,IG reel,S,תוכן מתוכנית/כתבה
2026-06-09,IG image,N,סיקור שוטף
2026-06-09,IG reel,N,סיקור שוטף
2026-06-09,IG reel,P,קידום שידור
2026-06-09,IG image,N,סיקור שוטף
2026-06-09,IG reel,N,סיקור שוטף
2026-06-10,IG image,M,מגזין/פנאי
2026-06-10,IG image,N,סיקור שוטף
2026-06-10,IG image,N,סיקור שוטף
2026-06-10,IG image,N,סיקור שוטף
2026-06-10,IG image,N,סיקור שוטף
2026-06-10,IG image,P,קידום שידור
2026-06-10,IG reel,N,סיקור שוטף
2026-06-10,IG carousel,M,מגזין/פנאי
2026-06-10,IG reel,N,סיקור שוטף
2026-06-11,IG reel,S,תוכן מתוכנית/כתבה
2026-06-11,IG image,N,סיקור שוטף
2026-06-11,IG image,M,מגזין/פנאי
2026-06-11,IG reel,S,תוכן מתוכנית/כתבה
2026-06-11,IG image,N,סיקור שוטף
2026-06-11,IG reel,F,תיעוד
2026-06-11,IG reel,N,סיקור שוטף
2026-06-11,IG image,N,סיקור שוטף
2026-06-11,IG reel,M,מגזין/פנאי
2026-06-11,IG image,B,ברייקינג
2026-06-11,IG image,N,סיקור שוטף
2026-06-11,IG carousel,M,מגזין/פנאי
2026-06-11,IG image,B,ברייקינג
2026-06-12,IG image,B,ברייקינג
2026-06-12,IG reel,S,תוכן מתוכנית/כתבה
2026-06-12,IG image,N,סיקור שוטף
2026-06-12,IG image,N,סיקור שוטף
2026-06-12,IG carousel,N,סיקור שוטף
2026-06-12,IG reel,M,מגזין/פנאי
2026-06-12,IG reel,N,סיקור שוטף
2026-06-12,IG reel,M,מגזין/פנאי
2026-06-13,IG carousel,M,מגזין/פנאי
2026-06-13,IG image,N,סיקור שוטף
2026-06-13,IG reel,M,מגזין/פנאי
2026-06-13,IG carousel,N,סיקור שוטף
2026-06-13,IG reel,S,תוכן מתוכנית/כתבה
2026-06-13,IG image,N,סיקור שוטף
2026-06-13,IG reel,M,מגזין/פנאי
2026-06-13,IG reel,S,תוכן מתוכנית/כתבה
2026-06-13,IG carousel,N,סיקור שוטף
2026-06-14,IG reel,P,קידום שידור
2026-06-14,IG image,P,קידום שידור
2026-06-14,IG image,B,ברייקינג
2026-06-14,IG image,N,סיקור שוטף
2026-06-14,IG image,N,סיקור שוטף
2026-06-14,IG image,N,סיקור שוטף
2026-06-14,IG image,N,סיקור שוטף
2026-06-14,IG reel,S,תוכן מתוכנית/כתבה
2026-06-14,IG carousel,P,קידום שידור
2026-06-14,IG image,N,סיקור שוטף
2026-06-14,IG reel,F,תיעוד
2026-06-14,IG image,B,ברייקינג
2026-06-14,IG reel,B,ברייקינג
2026-06-14,IG image,M,מגזין/פנאי
2026-06-15,IG reel,N,סיקור שוטף
2026-06-15,IG reel,N,סיקור שוטף
2026-06-15,IG carousel,N,סיקור שוטף
2026-06-15,IG carousel,S,תוכן מתוכנית/כתבה
2026-06-15,IG image,N,סיקור שוטף
2026-06-15,IG carousel,N,סיקור שוטף
2026-06-15,IG image,N,סיקור שוטף
2026-06-15,IG image,M,מגזין/פנאי
2026-06-15,IG carousel,M,מגזין/פנאי
2026-06-15,IG image,N,סיקור שוטף
2026-06-15,IG reel,N,סיקור שוטף
2026-06-15,IG image,N,סיקור שוטף
2026-06-15,IG image,N,סיקור שוטף
2026-06-16,IG reel,N,סיקור שוטף
2026-06-16,IG reel,M,מגזין/פנאי
2026-06-16,IG reel,M,מגזין/פנאי
2026-06-16,IG reel,N,סיקור שוטף
2026-06-16,IG carousel,N,סיקור שוטף
2026-06-16,IG reel,P,קידום שידור
2026-06-16,IG image,N,סיקור שוטף
2026-06-16,IG image,N,סיקור שוטף
2026-06-16,IG reel,N,סיקור שוטף
2026-06-16,IG image,N,סיקור שוטף
2026-06-16,IG image,M,מגזין/פנאי
2026-06-16,IG image,N,סיקור שוטף
2026-06-16,IG image,N,סיקור שוטף
2026-06-17,IG image,B,ברייקינג
2026-06-17,IG carousel,N,סיקור שוטף
2026-06-17,IG image,N,סיקור שוטף
2026-06-17,IG reel,N,סיקור שוטף
2026-06-17,IG reel,S,תוכן מתוכנית/כתבה
2026-06-17,IG reel,N,סיקור שוטף
2026-06-17,IG image,B,ברייקינג
2026-06-17,IG reel,N,סיקור שוטף
2026-06-17,IG image,N,סיקור שוטף
2026-06-17,IG image,S,תוכן מתוכנית/כתבה
2026-06-17,IG image,M,מגזין/פנאי
2026-06-17,IG image,N,סיקור שוטף
2026-06-17,IG reel,N,סיקור שוטף
2026-06-17,IG image,N,סיקור שוטף
2026-06-18,IG image,B,ברייקינג
2026-06-18,IG reel,M,מגזין/פנאי
2026-06-18,IG reel,N,סיקור שוטף
2026-06-18,IG reel,M,מגזין/פנאי
2026-06-18,IG reel,M,מגזין/פנאי
2026-06-18,IG reel,F,תיעוד
2026-06-18,IG image,S,תוכן מתוכנית/כתבה
2026-06-18,IG image,M,מגזין/פנאי
2026-06-18,IG reel,P,קידום שידור
2026-06-18,IG reel,N,סיקור שוטף
2026-06-18,IG reel,M,מגזין/פנאי
2026-06-18,IG reel,M,מגזין/פנאי
2026-06-18,IG image,N,סיקור שוטף
2026-06-19,IG carousel,N,סיקור שוטף
2026-06-19,IG image,B,ברייקינג
2026-06-19,IG reel,N,סיקור שוטף
2026-06-19,IG reel,S,תוכן מתוכנית/כתבה
2026-06-19,IG image,N,סיקור שוטף
2026-06-19,IG image,B,ברייקינג
2026-06-19,IG image,N,סיקור שוטף
2026-06-19,IG reel,N,סיקור שוטף
2026-06-20,IG image,B,ברייקינג
2026-06-20,IG image,B,ברייקינג
2026-06-20,IG carousel,N,סיקור שוטף
2026-06-20,IG image,B,ברייקינג
2026-06-20,IG carousel,M,מגזין/פנאי
2026-06-20,IG image,B,ברייקינג
2026-06-20,IG reel,F,תיעוד
2026-06-20,IG image,S,תוכן מתוכנית/כתבה
2026-06-21,IG image,N,סיקור שוטף
2026-06-21,IG image,N,סיקור שוטף
2026-06-21,IG image,B,ברייקינג
2026-06-21,IG reel,N,סיקור שוטף
2026-06-21,IG reel,F,תיעוד
2026-06-21,IG reel,S,תוכן מתוכנית/כתבה
2026-06-21,IG reel,N,סיקור שוטף
2026-06-21,IG reel,S,תוכן מתוכנית/כתבה
2026-06-21,IG image,B,ברייקינג
2026-06-21,IG reel,S,תוכן מתוכנית/כתבה
2026-06-21,IG image,P,קידום שידור
2026-06-21,IG reel,S,תוכן מתוכנית/כתבה
2026-06-21,IG carousel,B,ברייקינג
2026-06-21,IG image,N,סיקור שוטף
2026-06-22,IG carousel,N,סיקור שוטף
2026-06-22,IG image,B,ברייקינג
2026-06-22,IG reel,S,תוכן מתוכנית/כתבה
2026-06-22,IG reel,P,קידום שידור
2026-06-22,IG image,B,ברייקינג
2026-06-22,IG image,N,סיקור שוטף
2026-06-22,IG image,F,תיעוד
2026-06-23,IG carousel,N,סיקור שוטף
2026-06-23,IG image,M,מגזין/פנאי
2026-06-23,IG reel,S,תוכן מתוכנית/כתבה
2026-06-23,IG carousel,P,קידום שידור
2026-06-23,IG image,N,סיקור שוטף
2026-06-23,IG image,N,סיקור שוטף
2026-06-23,IG carousel,N,סיקור שוטף
2026-06-23,IG image,F,תיעוד
2026-06-23,IG image,B,ברייקינג
2026-06-24,IG image,B,ברייקינג
2026-06-24,IG reel,B,ברייקינג
2026-06-24,IG image,F,תיעוד
2026-06-24,IG image,B,ברייקינג
2026-06-24,IG carousel,N,סיקור שוטף
2026-06-24,IG image,N,סיקור שוטף
2026-06-24,IG reel,N,סיקור שוטף
2026-06-24,IG reel,N,סיקור שוטף
2026-06-24,IG image,B,ברייקינג
2026-06-24,IG carousel,N,סיקור שוטף
2026-06-25,IG reel,M,מגזין/פנאי
2026-06-25,IG reel,B,ברייקינג
2026-06-25,IG carousel,M,מגזין/פנאי
2026-06-25,IG carousel,N,סיקור שוטף
2026-06-25,IG image,B,ברייקינג
2026-06-25,IG reel,N,סיקור שוטף
2026-06-25,IG carousel,M,מגזין/פנאי
2026-06-25,IG image,N,סיקור שוטף
2026-06-25,IG image,N,סיקור שוטף
2026-06-25,IG reel,N,סיקור שוטף
2026-06-26,IG reel,S,תוכן מתוכנית/כתבה
2026-06-26,IG reel,F,תיעוד
2026-06-26,IG reel,N,סיקור שוטף
2026-06-26,IG image,N,סיקור שוטף
2026-06-26,IG reel,F,תיעוד
2026-06-26,IG image,N,סיקור שוטף
2026-06-26,IG reel,P,קידום שידור
2026-06-26,IG carousel,S,תוכן מתוכנית/כתבה
2026-06-26,IG reel,S,תוכן מתוכנית/כתבה
2026-06-27,IG reel,P,קידום שידור
2026-06-27,IG image,B,ברייקינג
2026-06-27,IG image,N,סיקור שוטף
2026-06-27,IG reel,B,ברייקינג
2026-06-27,IG image,B,ברייקינג
2026-06-27,IG carousel,M,מגזין/פנאי
2026-06-27,IG reel,M,מגזין/פנאי
2026-06-28,IG image,N,סיקור שוטף
2026-06-28,IG image,N,סיקור שוטף
2026-06-28,IG reel,P,קידום שידור
2026-06-28,IG reel,S,תוכן מתוכנית/כתבה
2026-06-28,IG reel,S,תוכן מתוכנית/כתבה
2026-06-28,IG reel,S,תוכן מתוכנית/כתבה
2026-06-28,IG reel,F,תיעוד
2026-06-28,IG reel,N,סיקור שוטף
2026-06-28,IG reel,N,סיקור שוטף
2026-06-28,IG reel,N,סיקור שוטף
2026-06-28,IG reel,F,תיעוד
2026-06-28,IG image,N,סיקור שוטף
2026-06-28,IG image,B,ברייקינג
2026-06-28,IG carousel,N,סיקור שוטף
2026-06-29,IG reel,M,מגזין/פנאי
2026-06-29,IG reel,M,מגזין/פנאי
2026-06-29,IG image,B,ברייקינג
2026-06-29,IG reel,N,סיקור שוטף
2026-06-29,IG carousel,P,קידום שידור
2026-06-29,IG reel,N,סיקור שוטף
2026-06-29,IG image,N,סיקור שוטף
2026-06-29,IG reel,N,סיקור שוטף
2026-06-30,IG image,N,סיקור שוטף
2026-06-30,IG image,B,ברייקינג
2026-06-30,IG image,N,סיקור שוטף
2026-06-30,IG image,N,סיקור שוטף
2026-06-30,IG image,M,מגזין/פנאי
2026-06-30,IG image,N,סיקור שוטף
2026-06-30,IG reel,B,ברייקינג
2026-06-30,IG reel,F,תיעוד
2026-06-30,IG image,S,תוכן מתוכנית/כתבה
2026-06-30,IG reel,N,סיקור שוטף
2026-06-30,IG image,N,סיקור שוטף
2026-07-01,IG image,N,סיקור שוטף
2026-07-01,IG carousel,M,מגזין/פנאי
2026-07-01,IG reel,S,תוכן מתוכנית/כתבה
2026-07-01,IG reel,N,סיקור שוטף
2026-07-01,IG image,N,סיקור שוטף
2026-07-01,IG image,B,ברייקינג
2026-07-01,IG reel,M,מגזין/פנאי
2026-07-01,IG image,F,תיעוד
2026-07-01,IG reel,N,סיקור שוטף
2026-07-01,IG image,N,סיקור שוטף
2026-07-01,IG image,N,סיקור שוטף
2026-07-01,IG reel,P,קידום שידור
2026-07-01,IG image,B,ברייקינג
2026-07-02,IG carousel,N,סיקור שוטף
2026-07-02,IG reel,B,ברייקינג
2026-07-02,IG image,F,תיעוד
2026-07-02,IG reel,M,מגזין/פנאי
2026-07-02,IG image,B,ברייקינג
2026-07-02,IG image,N,סיקור שוטף
2026-07-02,IG carousel,N,סיקור שוטף
2026-07-02,IG image,B,ברייקינג
2026-07-02,IG image,F,תיעוד
2026-07-02,IG carousel,S,תוכן מתוכנית/כתבה
2026-07-03,IG image,P,קידום שידור
2026-07-03,IG reel,S,תוכן מתוכנית/כתבה
2026-07-03,IG image,N,סיקור שוטף
2026-07-03,IG image,N,סיקור שוטף
2026-07-03,IG reel,F,תיעוד
2026-07-03,IG image,N,סיקור שוטף
2026-07-03,IG image,B,ברייקינג
2026-07-03,IG reel,S,תוכן מתוכנית/כתבה
2026-07-03,IG reel,P,קידום שידור
2026-07-04,IG reel,P,קידום שידור
2026-07-04,IG reel,N,סיקור שוטף
2026-07-04,IG reel,N,סיקור שוטף
2026-07-04,IG reel,S,תוכן מתוכנית/כתבה
2026-07-04,IG image,N,סיקור שוטף
2026-07-04,IG reel,M,מגזין/פנאי
2026-07-04,IG image,N,סיקור שוטף
2026-07-04,IG reel,S,תוכן מתוכנית/כתבה
2026-07-04,IG reel,N,סיקור שוטף
2026-07-05,IG image,B,ברייקינג
2026-07-05,IG reel,N,סיקור שוטף
2026-07-05,IG image,N,סיקור שוטף
2026-07-05,IG reel,M,מגזין/פנאי
2026-07-05,IG carousel,N,סיקור שוטף
2026-07-05,IG reel,N,סיקור שוטף
2026-07-05,IG image,P,קידום שידור
2026-07-05,IG reel,N,סיקור שוטף
2026-07-05,IG image,N,סיקור שוטף
2026-07-05,IG carousel,N,סיקור שוטף
2026-07-05,IG reel,N,סיקור שוטף
2026-07-06,IG carousel,N,סיקור שוטף
2026-07-06,IG reel,M,מגזין/פנאי
2026-07-06,IG reel,S,תוכן מתוכנית/כתבה
2026-07-06,IG reel,N,סיקור שוטף
2026-07-06,IG reel,N,סיקור שוטף
2026-07-06,IG reel,N,סיקור שוטף
2026-07-06,IG carousel,M,מגזין/פנאי
2026-07-07,IG carousel,N,סיקור שוטף
2026-07-07,IG reel,B,ברייקינג
2026-07-07,IG reel,F,תיעוד
2026-07-07,IG carousel,N,סיקור שוטף
2026-07-07,IG reel,M,מגזין/פנאי
2026-07-07,IG reel,S,תוכן מתוכנית/כתבה
2026-07-07,IG image,N,סיקור שוטף
2026-07-07,IG reel,N,סיקור שוטף
2026-07-07,IG reel,N,סיקור שוטף
2026-07-07,IG carousel,M,מגזין/פנאי
2026-07-08,IG image,B,ברייקינג
2026-07-08,IG reel,F,תיעוד
2026-07-08,IG image,M,מגזין/פנאי
2026-07-08,IG image,N,סיקור שוטף
2026-07-08,IG image,B,ברייקינג
2026-07-08,IG image,N,סיקור שוטף
2026-07-08,IG carousel,M,מגזין/פנאי
2026-07-08,IG reel,P,קידום שידור
2026-07-08,IG image,N,סיקור שוטף
2026-07-08,IG reel,M,מגזין/פנאי
2026-07-09,IG carousel,F,תיעוד
2026-07-09,IG image,N,סיקור שוטף
2026-07-09,IG image,N,סיקור שוטף
2026-07-09,IG reel,S,תוכן מתוכנית/כתבה
2026-07-09,IG image,M,מגזין/פנאי
2026-07-09,IG image,B,ברייקינג
2026-07-09,IG image,B,ברייקינג
2026-07-09,IG image,M,מגזין/פנאי
2026-07-10,IG reel,N,סיקור שוטף
2026-07-10,IG reel,M,מגזין/פנאי
2026-07-10,IG reel,P,קידום שידור
2026-07-10,IG reel,N,סיקור שוטף
2026-07-10,IG image,N,סיקור שוטף
2026-07-10,IG reel,M,מגזין/פנאי
2026-07-10,IG image,N,סיקור שוטף
2026-07-11,IG reel,N,סיקור שוטף
2026-07-11,IG image,N,סיקור שוטף
2026-07-11,IG image,B,ברייקינג
2026-07-11,IG reel,S,תוכן מתוכנית/כתבה
2026-07-11,IG image,B,ברייקינג
2026-07-11,IG carousel,M,מגזין/פנאי
2026-07-11,IG reel,N,סיקור שוטף
2026-07-11,IG carousel,N,סיקור שוטף
2026-07-11,IG image,B,ברייקינג
2026-07-12,IG image,B,ברייקינג
2026-07-12,IG reel,S,תוכן מתוכנית/כתבה
2026-07-12,IG image,N,סיקור שוטף
2026-07-12,IG carousel,M,מגזין/פנאי
2026-07-12,IG reel,F,תיעוד
2026-07-12,IG image,F,תיעוד
2026-07-12,IG reel,P,קידום שידור
2026-07-12,IG reel,N,סיקור שוטף
2026-07-12,IG reel,S,תוכן מתוכנית/כתבה
2026-07-12,IG carousel,N,סיקור שוטף
2026-07-12,IG carousel,F,תיעוד
2026-07-12,IG image,M,מגזין/פנאי
2026-07-12,IG reel,M,מגזין/פנאי
2026-07-13,IG image,M,מגזין/פנאי
2026-07-13,IG image,N,סיקור שוטף
2026-07-13,IG image,M,מגזין/פנאי
2026-07-13,IG image,N,סיקור שוטף
2026-07-13,IG reel,S,תוכן מתוכנית/כתבה
2026-07-13,IG image,N,סיקור שוטף
2026-07-13,IG image,N,סיקור שוטף
2026-07-13,IG reel,M,מגזין/פנאי
2026-07-13,IG image,M,מגזין/פנאי
2026-07-14,IG image,N,סיקור שוטף
2026-07-14,IG image,B,ברייקינג
2026-07-14,IG image,N,סיקור שוטף
2026-07-14,IG reel,S,תוכן מתוכנית/כתבה
2026-07-14,IG image,N,סיקור שוטף
2026-07-14,IG reel,N,סיקור שוטף
2026-07-14,IG reel,N,סיקור שוטף
2026-07-14,IG reel,S,תוכן מתוכנית/כתבה
2026-07-14,IG image,M,מגזין/פנאי
2026-07-14,IG reel,M,מגזין/פנאי
2026-07-14,IG image,B,ברייקינג
2026-07-15,IG image,F,תיעוד
2026-07-15,IG reel,S,תוכן מתוכנית/כתבה
2026-07-15,IG reel,P,קידום שידור
2026-07-15,IG image,N,סיקור שוטף
2026-07-15,IG image,N,סיקור שוטף
2026-07-15,IG reel,M,מגזין/פנאי
2026-07-15,IG reel,M,מגזין/פנאי
2026-07-15,IG image,N,סיקור שוטף
2026-07-15,IG image,N,סיקור שוטף
2026-07-15,IG image,N,סיקור שוטף
2026-07-15,IG reel,N,סיקור שוטף
2026-07-15,IG image,P,קידום שידור
2026-07-15,IG reel,M,מגזין/פנאי
2026-07-15,IG image,P,קידום שידור
2026-07-16,IG image,B,ברייקינג
2026-07-16,IG reel,S,תוכן מתוכנית/כתבה
2026-07-16,IG reel,N,סיקור שוטף
2026-07-16,IG reel,M,מגזין/פנאי
2026-07-16,IG reel,N,סיקור שוטף
2026-07-16,IG reel,M,מגזין/פנאי
2026-07-16,IG image,N,סיקור שוטף
2026-07-16,IG reel,N,סיקור שוטף
2026-07-16,IG image,M,מגזין/פנאי
2026-07-16,IG reel,S,תוכן מתוכנית/כתבה
2026-07-16,IG reel,S,תוכן מתוכנית/כתבה
2026-07-16,IG carousel,N,סיקור שוטף
2026-07-17,IG image,B,ברייקינג
2026-07-17,IG image,N,סיקור שוטף
2026-07-17,IG carousel,N,סיקור שוטף
2026-07-17,IG reel,S,תוכן מתוכנית/כתבה
2026-07-18,IG reel,M,מגזין/פנאי
2026-07-18,IG reel,S,תוכן מתוכנית/כתבה
2026-07-18,IG reel,M,מגזין/פנאי
2026-07-18,IG reel,N,סיקור שוטף
2026-07-18,IG reel,B,ברייקינג
2026-07-18,IG carousel,N,סיקור שוטף
2026-07-18,IG reel,S,תוכן מתוכנית/כתבה
2026-07-18,IG carousel,M,מגזין/פנאי
2026-07-19,IG image,N,סיקור שוטף
2026-07-19,IG image,N,סיקור שוטף
2026-07-19,IG reel,M,מגזין/פנאי
2026-07-19,IG image,B,ברייקינג
2026-07-19,IG image,N,סיקור שוטף
2026-07-19,IG reel,M,מגזין/פנאי
2026-07-19,IG reel,M,מגזין/פנאי
2026-07-19,IG reel,N,סיקור שוטף
2026-07-19,IG carousel,P,קידום שידור
2026-07-19,IG image,N,סיקור שוטף
2026-07-19,IG reel,M,מגזין/פנאי
2026-07-19,IG image,M,מגזין/פנאי
2026-07-20,IG reel,S,תוכן מתוכנית/כתבה
2026-07-20,IG image,M,מגזין/פנאי
2026-07-20,IG carousel,N,סיקור שוטף
2026-07-20,IG image,N,סיקור שוטף
2026-07-20,IG reel,F,תיעוד
2026-07-20,IG image,B,ברייקינג
2026-07-20,IG image,B,ברייקינג
2026-07-20,IG reel,S,תוכן מתוכנית/כתבה
2026-07-20,IG image,F,תיעוד
2026-07-20,IG carousel,N,סיקור שוטף
2026-07-21,IG reel,M,מגזין/פנאי
2026-07-21,IG reel,M,מגזין/פנאי
2026-07-21,IG image,N,סיקור שוטף
2026-07-21,IG image,N,סיקור שוטף
2026-07-21,IG reel,N,סיקור שוטף
2026-07-21,IG reel,F,תיעוד
2026-07-21,IG image,N,סיקור שוטף
2026-07-21,IG reel,M,מגזין/פנאי
2026-07-21,IG image,N,סיקור שוטף
2026-07-22,IG reel,M,מגזין/פנאי
2026-07-22,IG reel,N,סיקור שוטף
2026-07-22,IG image,N,סיקור שוטף
2026-07-22,IG image,F,תיעוד
2026-07-22,IG image,N,סיקור שוטף
2026-07-22,IG reel,S,תוכן מתוכנית/כתבה
2026-07-22,IG carousel,M,מגזין/פנאי
2026-07-22,IG image,N,סיקור שוטף
2026-07-22,IG reel,S,תוכן מתוכנית/כתבה
2026-07-23,IG image,N,סיקור שוטף
2026-07-23,IG image,N,סיקור שוטף
2026-07-23,IG carousel,M,מגזין/פנאי
2026-07-23,IG image,B,ברייקינג
2026-07-23,IG reel,M,מגזין/פנאי
2026-07-23,IG reel,N,סיקור שוטף
2026-07-23,IG image,B,ברייקינג
2026-07-23,IG image,N,סיקור שוטף
2026-07-23,IG image,N,סיקור שוטף
2026-07-23,IG reel,B,ברייקינג
2026-07-23,IG image,N,סיקור שוטף
2026-07-23,IG carousel,M,מגזין/פנאי
2026-07-23,IG image,B,ברייקינג
2026-07-23,IG image,B,ברייקינג
2026-07-23,IG reel,N,סיקור שוטף
2026-07-24,IG reel,S,תוכן מתוכנית/כתבה
2026-07-24,IG image,N,סיקור שוטף
2026-07-24,IG reel,F,תיעוד
2026-07-24,IG reel,S,תוכן מתוכנית/כתבה
2026-07-24,IG reel,F,תיעוד
2026-07-24,IG reel,F,תיעוד
2026-07-24,IG reel,B,ברייקינג
2026-07-24,IG image,B,ברייקינג
2026-07-24,IG carousel,M,מגזין/פנאי
2026-07-24,IG reel,B,ברייקינג
2026-07-24,IG image,B,ברייקינג
2026-07-24,IG reel,B,ברייקינג
2026-07-24,IG carousel,B,ברייקינג
2026-07-24,IG image,B,ברייקינג
2026-07-25,IG image,N,סיקור שוטף
2026-07-25,IG image,B,ברייקינג
2026-07-25,IG reel,F,תיעוד
2026-07-25,IG reel,F,תיעוד
2026-07-25,IG image,N,סיקור שוטף
2026-07-25,IG reel,M,מגזין/פנאי
2026-07-25,IG reel,N,סיקור שוטף
2026-07-26,IG image,N,סיקור שוטף
2026-07-26,IG carousel,N,סיקור שוטף
2026-07-26,IG carousel,N,סיקור שוטף
2026-07-26,IG reel,S,תוכן מתוכנית/כתבה
2026-07-26,IG reel,S,תוכן מתוכנית/כתבה
2026-07-26,IG reel,M,מגזין/פנאי
2026-07-26,IG reel,P,קידום שידור
2026-07-26,IG image,N,סיקור שוטף
2026-07-26,IG reel,N,סיקור שוטף
2026-07-26,IG reel,B,ברייקינג
2026-07-27,IG image,N,סיקור שוטף
2026-07-27,IG reel,F,תיעוד
2026-07-27,IG image,N,סיקור שוטף
2026-07-27,IG image,M,מגזין/פנאי
2026-07-27,IG reel,S,תוכן מתוכנית/כתבה
2026-07-27,IG reel,S,תוכן מתוכנית/כתבה
2026-07-27,IG image,N,סיקור שוטף
2026-07-27,IG reel,S,תוכן מתוכנית/כתבה
2026-07-27,IG carousel,N,סיקור שוטף
2026-07-27,IG reel,M,מגזין/פנאי
2026-07-27,IG reel,N,סיקור שוטף
2026-07-27,IG reel,S,תוכן מתוכנית/כתבה
2026-07-27,IG reel,M,מגזין/פנאי
2026-07-27,IG reel,B,ברייקינג
2026-07-28,IG reel,N,סיקור שוטף
2026-07-28,IG reel,P,קידום שידור
2026-07-28,IG reel,N,סיקור שוטף
2026-07-28,IG reel,M,מגזין/פנאי
2026-07-28,IG reel,P,קידום שידור
2026-07-28,IG carousel,N,סיקור שוטף
2026-07-28,IG reel,N,סיקור שוטף
2026-07-28,IG reel,N,סיקור שוטף
2026-07-28,IG image,N,סיקור שוטף
2026-07-28,IG image,N,סיקור שוטף
2026-07-28,IG image,N,סיקור שוטף
2026-07-29,IG reel,S,תוכן מתוכנית/כתבה
2026-07-29,IG reel,M,מגזין/פנאי
2026-07-29,IG reel,F,תיעוד
2026-07-29,IG image,N,סיקור שוטף
2026-07-29,IG reel,S,תוכן מתוכנית/כתבה
2026-07-29,IG reel,N,סיקור שוטף
2026-07-29,IG image,N,סיקור שוטף
2026-07-29,IG reel,S,תוכן מתוכנית/כתבה
2026-07-29,IG image,N,סיקור שוטף
2026-07-29,IG reel,S,תוכן מתוכנית/כתבה
2026-07-29,IG reel,S,תוכן מתוכנית/כתבה
2026-07-30,IG image,M,מגזין/פנאי
2026-07-30,IG image,N,סיקור שוטף
2026-07-30,IG image,N,סיקור שוטף
2026-07-30,IG reel,N,סיקור שוטף
2026-07-30,IG reel,F,תיעוד
2026-07-30,IG image,M,מגזין/פנאי
2026-07-30,IG reel,B,ברייקינג
2026-07-30,IG image,F,תיעוד
2026-07-30,IG reel,P,קידום שידור
2026-07-30,IG reel,N,סיקור שוטף
2026-07-30,IG image,N,סיקור שוטף
2026-07-31,IG image,N,סיקור שוטף
2026-07-31,IG reel,P,קידום שידור
2026-07-31,IG carousel,N,סיקור שוטף
2026-07-31,IG image,N,סיקור שוטף
2026-07-31,IG reel,F,תיעוד
2026-07-31,IG reel,F,תיעוד
2026-07-31,IG reel,F,תיעוד
2026-08-01,IG reel,S,תוכן מתוכנית/כתבה
2026-08-01,IG image,N,סיקור שוטף
2026-08-01,IG reel,S,תוכן מתוכנית/כתבה
2026-08-01,IG image,N,סיקור שוטף
2026-08-01,IG carousel,N,סיקור שוטף
2026-08-01,IG reel,N,סיקור שוטף
2026-08-01,IG reel,M,מגזין/פנאי
2026-08-01,IG reel,S,תוכן מתוכנית/כתבה
2026-08-01,IG carousel,N,סיקור שוטף
2026-08-01,IG reel,N,סיקור שוטף
2026-08-01,IG reel,S,תוכן מתוכנית/כתבה
2026-08-02,IG image,F,תיעוד
2026-08-02,IG carousel,N,סיקור שוטף
2026-08-02,IG image,M,מגזין/פנאי
2026-08-02,IG reel,M,מגזין/פנאי
2026-08-02,IG carousel,N,סיקור שוטף
2026-08-02,IG reel,B,ברייקינג
2026-08-02,IG carousel,F,תיעוד
2026-08-02,IG image,P,קידום שידור
2026-08-03,IG reel,N,סיקור שוטף
2026-08-03,IG reel,S,תוכן מתוכנית/כתבה
2026-08-03,IG image,N,סיקור שוטף
2026-08-03,IG reel,N,סיקור שוטף
2026-08-03,IG image,N,סיקור שוטף
2026-08-03,IG reel,S,תוכן מתוכנית/כתבה
2026-08-03,IG image,N,סיקור שוטף
2026-08-04,IG image,N,סיקור שוטף
2026-08-04,IG reel,S,תוכן מתוכנית/כתבה
2026-08-04,IG reel,N,סיקור שוטף
2026-08-04,IG reel,M,מגזין/פנאי
2026-08-04,IG reel,F,תיעוד
2026-08-04,IG image,B,ברייקינג
2026-08-04,IG reel,N,סיקור שוטף
2026-08-04,IG image,N,סיקור שוטף
2026-08-04,IG reel,S,תוכן מתוכנית/כתבה
2026-08-05,IG image,B,ברייקינג
2026-08-05,IG image,B,ברייקינג
2026-08-05,IG reel,B,ברייקינג
2026-08-05,IG carousel,M,מגזין/פנאי
2026-08-05,IG carousel,N,סיקור שוטף
2026-08-05,IG reel,P,קידום שידור
2026-08-05,IG image,B,ברייקינג
2026-08-05,IG image,N,סיקור שוטף
2026-08-05,IG reel,F,תיעוד
2026-08-05,IG image,N,סיקור שוטף
2026-08-05,IG image,N,סיקור שוטף
2026-08-06,IG image,N,סיקור שוטף
2026-08-06,IG reel,F,תיעוד
2026-08-06,IG carousel,S,תוכן מתוכנית/כתבה
2026-08-06,IG reel,S,תוכן מתוכנית/כתבה
2026-08-06,IG image,N,סיקור שוטף
2026-08-06,IG reel,S,תוכן מתוכנית/כתבה
2026-08-06,IG image,N,סיקור שוטף
2026-08-06,IG image,B,ברייקינג
2026-08-06,IG image,M,מגזין/פנאי
2026-08-06,IG reel,F,תיעוד
2026-08-06,IG reel,N,סיקור שוטף
2026-08-06,IG reel,S,תוכן מתוכנית/כתבה
2026-08-06,IG reel,N,סיקור שוטף
2026-08-06,IG reel,S,תוכן מתוכנית/כתבה
2026-08-06,IG image,B,ברייקינג
2026-08-06,IG image,N,סיקור שוטף
2026-08-06,IG image,S,תוכן מתוכנית/כתבה
2026-08-07,IG reel,S,תוכן מתוכנית/כתבה
2026-08-07,IG reel,N,סיקור שוטף
2026-08-07,IG reel,N,סיקור שוטף
2026-08-07,IG image,N,סיקור שוטף
2026-08-07,IG image,N,סיקור שוטף
2026-08-08,IG image,N,סיקור שוטף
2026-08-08,IG reel,N,סיקור שוטף
2026-08-08,IG reel,N,סיקור שוטף
2026-08-08,IG reel,F,תיעוד
2026-08-08,IG reel,N,סיקור שוטף
2026-08-08,IG reel,S,תוכן מתוכנית/כתבה
2026-08-08,IG reel,M,מגזין/פנאי
2026-08-08,IG reel,N,סיקור שוטף
2026-08-08,IG image,B,ברייקינג
2026-08-08,IG carousel,N,סיקור שוטף
2026-08-08,IG image,N,סיקור שוטף
2026-08-08,IG reel,M,מגזין/פנאי
2026-08-09,IG reel,N,סיקור שוטף
2026-08-09,IG carousel,N,סיקור שוטף
2026-08-09,IG reel,M,מגזין/פנאי
2026-08-09,IG carousel,N,סיקור שוטף
2026-08-09,IG image,B,ברייקינג
2026-08-09,IG image,N,סיקור שוטף
2026-08-09,IG image,B,ברייקינג
2026-08-09,IG image,M,מגזין/פנאי
2026-08-09,IG image,N,סיקור שוטף
2026-08-09,IG image,M,מגזין/פנאי
2026-08-09,IG image,N,סיקור שוטף
2026-08-09,IG image,M,מגזין/פנאי
2026-08-10,IG reel,B,ברייקינג
2026-08-10,IG reel,B,ברייקינג
2026-08-10,IG reel,S,תוכן מתוכנית/כתבה
2026-08-10,IG image,B,ברייקינג
2026-08-10,IG image,B,ברייקינג
2026-08-10,IG reel,S,תוכן מתוכנית/כתבה
2026-08-10,IG image,M,מגזין/פנאי
2026-08-10,IG image,M,מגזין/פנאי
2026-08-10,IG image,N,סיקור שוטף
2026-08-10,IG image,N,סיקור שוטף
2026-08-10,IG reel,S,תוכן מתוכנית/כתבה
