"Post ID","Account ID","Account username","Account name",Description,"Duration (sec)","Publish time",Permalink,"Post type","Data comment",Date,Views,Reach,Likes,Shares,Follows,Comments,Saves
18049961678019039,17841407868310918,kan_news,"כאן חדשות","הלילה בתימן: מתקפה אווירית רחבת היקף 👇

בלב הפעולה נגד החות'ים: שיתוק כלל הפעילות הכלכלית שלהם בנמל חודיידה ובבירה צנעא",10,"12/18/2024 21:43",https://www.instagram.com/reel/DDv6XfAoNTa/,"IG reel",,Lifetime,49198,32498,954,36,6,123,24
17843968776371734,17841407868310918,kan_news,"כאן חדשות","השתלשלות האירועים הלילה ☝️",0,"12/18/2024 22:00",https://www.instagram.com/p/DDv8YLZou9-/,"IG carousel",,Lifetime,88907,57057,3061,106,1,47,61
18032860283148510,17841407868310918,kan_news,"כאן חדשות","טיל בליסטי מתימן (או רסיס שלו, או רסיס יירוט, זה עדיין בבדיקה) פגע להם בבית הספר, ועכשיו הם יצטרכו להגיע כל בוקר לבית ספר חדש
@yoavborowitz",38,"12/19/2024 00:48",https://www.instagram.com/reel/DDwPlfMBWNq/,"IG reel",,Lifetime,59709,39764,843,126,15,141,46
18005960402689648,17841407868310918,kan_news,"כאן חדשות","קואליציה למען חזרה לעזה 👇

שדולה חדשה נולדה בכנסת, ""לחידוש ההתיישבות בחבל עזה"". יושבי הראש שלה עם חברי הכנסת לימור סון הר-מלך וצבי סוכות מעוצמה יהודית והציונות הדתית. בסיור בגבעת קובי ליד שדרות לציון הקמת השדולה, השתתפו גם הח""כים אושר שקלים מהליכוד ויצחק קרויזר מעוצמה יהודית. גם יו""ר תנועת ""נחלה"" דניאלה ווייס השתתפה בסיור החגיגי. 
@dikla_aharon",0,"12/19/2024 01:46",https://www.instagram.com/p/DDwWQqDMctR/,"IG image",,Lifetime,46439,36656,846,76,0,307,29
18058619476916076,17841464234747957,kan_reshetb,"כאן רשת ב","זוכרים את סמל אורי לוקר | #בלתי_נשכחים",58,"12/19/2024 03:11",https://www.instagram.com/reel/DDwf5M1IjVz/,"IG reel",,Lifetime,48622,37885,1219,60,11,378,0
17999247515541009,17841407868310918,kan_news,"כאן חדשות","אין תחקירים - אין מינויים 👇

לשכת שר הביטחון הודיעה שישראל כ""ץ הנחה את הרמטכ""ל לסיים את התחקירים על אירועי 7 באוקטובר עד לסוף חודש ינואר הקרוב. שר הביטחון גם הודיע שהוא לא יאשר מינויי אלופים חדשים בצה""ל עד שיקבל לידיו את התחקירים ויבין אם הם עשויים להשפיע על קידום המועמדים

מה דעתכם? 🤔

@suleimanmas @carmelamenashe 
צילום: חיים גולדברג, תומר ניוברג - פלאש 90",0,"12/19/2024 03:53",https://www.instagram.com/p/DDwkwHjqKL_/,"IG image",,Lifetime,51198,40225,1364,47,0,225,34
17849726007363525,17841464234747957,kan_reshetb,"כאן רשת ב","“השוטרים צחקו עליי, הושפלתי”: קובי לוי, הלום קרב, עלה לאוטובוס עם כלב שירות - ונעצר",68,"12/19/2024 05:38",https://www.instagram.com/reel/DDwwog2oQML/,"IG reel",,Lifetime,123542,79876,3961,235,18,895,0
17906139737981069,17841407868310918,kan_news,"כאן חדשות","למה האירים לא אוהבים את ישראל? #רקשתדעו",187,"12/19/2024 06:01",https://www.instagram.com/reel/DDwzRwiMyFT/,"IG reel",,Lifetime,120792,68022,3071,509,19,298,384
18078853759604688,17841407868310918,kan_news,"כאן חדשות","אביו של גיא תימור ז""ל הגיע לזירת תאונה ליד הבית - ולא ציפה למצוא שם את בנו שוכב על הכביש ללא רוח חיים אחרי שנדרס בידי נחמן חורי, שנהג ללא רישיון ובהשפעת סמים

@maya_rachlin #זמןאמת",27,"12/19/2024 10:15",https://www.instagram.com/reel/DDxQbS4po4r/,"IG reel",,Lifetime,127853,69778,2244,114,9,258,129
18142448728363915,17841407868310918,kan_news,"כאן חדשות","תיעוד חריג מסוריה מהימים האחרונים: לוחמי צה""ל שפועלים בכפר ג'באתא אלח'שב מצפון לקונייטרה, דרשו מתושבי הכפר להעביר אליהם אמצעי לחימה. בתיעוד נראה אמל""ח רב שתושבי הכפר הסורי, 4 מ""ק מול בוקעאתא, הוסגר לידי צה""ל
Itay Blumental",29,"12/19/2024 12:40",https://www.instagram.com/reel/DDxg-zlv_mR/,"IG reel",,Lifetime,98470,56598,2884,230,8,169,151
18352623691126651,17841407868310918,kan_news,"כאן חדשות","עדות בלעדית מתימן👇

עיתונאי מצנעא, סיפק הצצה למאחורי הקלעים בתימן וסיפר כי המציאות בשטח מורכבת יותר. החות’ים מצידם מקווים לנצל את התקיפות הישראליות כדי לגשר על היחסים עם הציבור התימני, ומסרו כי לא ינמיכו את קצב התקיפות
@roikais",0,"12/19/2024 13:24",https://www.instagram.com/p/DDxmGN3Imzo/,"IG carousel",,Lifetime,73622,45970,1606,31,1,22,42
17970483677815340,17841407868310918,kan_news,"כאן חדשות","מהר, לפני שייגמר: עוד מעט עיריית בני ברק אוסרת על סיורים קולינריים ליליים בעיר - ולשאול יש כמה המלצות לפני שיהיה מאוחר מדי #מקורב_לצלחת @shaulams",49,"12/20/2024 00:01",https://www.instagram.com/reel/DDyu9C9ypCZ/,"IG reel",,Lifetime,84076,54375,1691,1017,18,97,368
18276223198216759,17841407868310918,kan_news,"כאן חדשות","המונים משתתפים בתפילה להשבת החטופים בכותל, כולל אימהות ובנות משפחות חטופים 

@veredpelman
צילום: משמרת 101",0,"12/20/2024 01:02",https://www.instagram.com/p/DDy17-sImvz/,"IG carousel",,Lifetime,155878,136672,7517,170,2,111,82
17931327779969562,17841407868310918,kan_news,"כאן חדשות","המלך צ׳ארלס כן - נתניהו לא? 👇

בעוד כחודש יציינו 80 שנה לשחרור אושוויץ באירועים שייערכו בפולין, בהשתתפות עשרות ראשי מדינות מרחבי העולם, כולל המלך צ׳ארלס. לפי דיווחים פולניים, דווקא ראש ממשלת ישראל נתניהו לא צפוי להגיע לטקס - ״מחשש שייעצר״ בעקבות הצווים שהוציא בית הדין הבין-לאומי בהאג. 

לפי הדיווח, מי שצפוי להגיע לאירועים במקום נתניהו הוא שר החינוך קיש

@alexnirenburg
צילום: נתי שוחט, חיים גולדברג - פלאש 90",0,"12/20/2024 01:34",https://www.instagram.com/p/DDy5lcMOZG5/,"IG image",,Lifetime,67248,49657,2196,142,0,193,66
18379427209110217,17841407868310918,kan_news,"כאן חדשות","בן 27 מחיפה פגש מכר באוטובוס ודקר אותו בגלל שלטענתו הסתכל עליו ב״מבט מאיים״

@wassermanmichal
צילום: משטרת ישראל",4,"12/20/2024 03:35",https://www.instagram.com/reel/DDzHg19AEO8/,"IG reel",,Lifetime,330845,103939,2302,956,7,424,228
18022546493335381,17841407868310918,kan_news,"כאן חדשות","מעיריית אשדוד נמסר: ״שבר ענן הוריד כמות משקעים עצומה בזמן קצר מאוד. ההערכה היא כי ירדו בין 20 ל-30 מילימטרים של גשם תוך כ-20 דקות בלבד״

@itsik_z",25,"12/20/2024 05:10",https://www.instagram.com/reel/DDzSVMoJ3bQ/,"IG reel",,Lifetime,64335,38753,850,241,4,66,35
18043319828235513,17841438241983957,kanmoreshet,"כאן מורשת","בראיון לידידיה תנעמי ב’כאן מורשת’ הרב הסופר עודד דוד תיאר את דמותו של חברו היוצר אליעזר בוצר ז”ל, כמשורר ולוחם סיירת בצה”ל אדם אהוב ואהוד, משפיע ותורם יחד עם אשתו שנים רבות במרכז הרוחני בתל אביב ובבית היהודי בהודו “דמות עוצמתית, צדיק שתמיד עם ספר ביד” 

בוצר הותיר אחריו אישה ו8 ילדים",0,"12/20/2024 05:24",https://www.instagram.com/p/DDzT59nI4KE/,"IG image",,Lifetime,47482,36022,620,21,3,17,0
18140704849365228,17841407868310918,kan_news,"כאן חדשות","תכירו את החמושים מג'נין שרוצים שאבו-מאזן ילמד
מאסד - ויסתלק
#שובר_חומות @eliorlevy",354,"12/20/2024 05:43",https://www.instagram.com/reel/DDzWBlpqulN/,"IG reel",,Lifetime,100836,63116,2261,484,19,155,215
18286344631171684,17841407868310918,kan_news,"כאן חדשות","סבתא מעל הקבר של הנכדה 💔 ""הייתי מוכנה להתחלף איתך""

@vicoatooan",81,"12/20/2024 13:01",https://www.instagram.com/reel/DD0IOSIuPJR/,"IG reel",,Lifetime,88544,55383,4286,124,20,744,143
18048614147492686,17841407868310918,kan_news,"כאן חדשות","הדיווח הרשמי של הרשויות בגרמניה אומר 2 הרוגים, אבל עיתון ה""בילד"" כבר מדווח על 11 הרוגים ולפחות 60 פצועים",27,"12/20/2024 13:14",https://www.instagram.com/reel/DD0Jr_DNvl3/,"IG reel",,Lifetime,116721,59201,1529,170,6,356,81
18075121207720859,17841407868310918,kan_news,"כאן חדשות","מכתש בגינת הילדים, בין בניינים: אזעקה הרעידה הלילה את גוש דן בעקבות ירי טיל בליסטי מתימן. הטיל פגע בגינת משחקים ביפו
@hadasgrinberg",19,"12/20/2024 18:35",https://www.instagram.com/reel/DD0ueiOoSNm/,"IG reel",,Lifetime,82462,46783,1283,258,13,144,63
18266319298267072,17841407868310918,kan_news,"כאן חדשות","אם אין פסטה תאכלו עוגות? המחירים לא מפסיקים לעלות והקניות הבסיסיות בסופר הפכו לסיוט
@lielkyzer",64,"12/21/2024 01:01",https://www.instagram.com/reel/DD1alvqvb2a/,"IG reel",,Lifetime,91532,53292,2065,208,6,181,86
18258369574261299,17841407868310918,kan_news,"כאן חדשות","החדר של זוהר בת השנתיים נהרס בעקבות השיגור מתימן - אמה סיפרה: ""במזל גדול היא ישנה הלילה איתי. אני לא יודעת אם הייתי מספיקה לקחת אותה אם היא הייתה כאן בחדר""
@oferhalfono",28,"12/21/2024 06:35",https://www.instagram.com/reel/DD2A1OUsBWL/,"IG reel",,Lifetime,40490,26302,504,30,6,74,15
18038935349462114,17841407868310918,kan_news,"כאן חדשות","“הם כבר הכריזו עלינו כמשפחה שכולה״👇

הוריו של החייל החטוף נמרוד כהן, שממנו התקבלו אותות חיים, קיבלו הזמנה ליום משפחות שכולות של חטיבה 7 של השריון. יהודה כהן אביו התרעם בשיחה עם כאן חדשות: ""הם כבר הכריזו עלינו כמשפחה שכולה"".

יהודה הוסיף: ""את דוח החקירה הרשמי על כל הההתנהלות הפושעת של היחידה לגבי הטנק עוד לא קיבלנו, אבל כן קיבלנו מהם את התואר הנכבד משפחה שכולה. שהציבור ידע איך המערכת שהפקירה את הבן שלי מתייחסת אלינו"".
 
בקשת תגובה הועברה לדובר צה""ל, אך טרם התקבלה תשובה. לאחר ההכרזה על נפילתו של עומר נאוטרה ב-7 באוקטובר וחטיפת גופתו לעזה, עלה שנמרוד הוא החייל היחיד ששרד את ההיתקלות ונחטף בעודו בחיים לעזה.

@nofarji",0,"12/21/2024 08:28",https://www.instagram.com/p/DD2N1C9t84X/,"IG carousel",,Lifetime,89251,54559,2518,99,0,73,56
18158216176335017,17841407868310918,kan_news,"כאן חדשות","מתחשמק לכם שמעק? תכירו את הטבק החרדי
#מקורב_לצלחת Shaul Amsterdamski",37,"12/21/2024 12:01",https://www.instagram.com/reel/DD2mHU1s84d/,"IG reel",,Lifetime,291270,187720,4345,3887,48,102,408
17949537794875851,17841407868310918,kan_news,"כאן חדשות","160 ילדים חולצו מהכת החרדית “לב טהור” בגואטמלה 👇
הרשויות שוקלות להגיש כתבי אישום, שיכללו סחר בבני אדם, הריון בכפייה, התעללות בקטינים ואונס
@moavvardi",172,"12/21/2024 12:35",https://www.instagram.com/reel/DD2hQvAIlNt/,"IG reel",,Lifetime,116212,63754,3397,589,13,166,249
18259745935255840,17841407868310918,kan_news,"כאן חדשות","בהתאם להצהרות של בכירי מערכת הביטחון, לאחר התקיפה שלשום בתימן, בישראל נערכים למתקפה נוספת בתימן נגד המורדים החות’ים – והפעם, בניגוד לשלוש התקיפות הקודמות, מנסים לרתום למהלך משמעותי גם מדינות נוספות. כך פורסם הערב בחדשות השבת בכאן 11.
@itayblumental 

צילום: רויטרס",0,"12/21/2024 13:00",https://www.instagram.com/p/DD2s5FYIuU0/,"IG carousel",,Lifetime,68725,40633,1591,11,0,52,34
17980039874792075,17841464234747957,kan_reshetb,"כאן רשת ב","השר דוד אמסלם: לא תחזור התיישבות יהודית לרצועת עזה. מי שמדבר על זה מדבר סתם באוויר

#קלמןליברמן",38,"12/22/2024 00:03",https://www.instagram.com/reel/DD34oNVsU_p/,"IG reel",,Lifetime,46561,28121,334,28,2,71,0
18298735897231998,17841407868310918,kan_news,"כאן חדשות","אזהרת טריגר - תמונות ותיאורים קשים ⚠️

משפחתה של ניצולת הנובה שיראל גולן ז״ל טוענת כי חודשים ספורים לפני ששמה קץ לחייה, היא חוותה אלימות קשה ממאבטחי בית החולים הפסיכיאטרי ״לב השרון״. 

אייל, אחיה של שיראל, סיפר שאחותו חוותה התקף חרדה לאחר ששמעה שניים מאנשי צוות בית החולים מדברים בניהם בערבית. בזמן ההתקף, לטענתו, המאבטחים נהגו כלפיה באלימות: ״הם הגיעו אליה ראשונים ובמקום לקרוא לצוות רפואי או למטפלים, הם פשוט - אין לי תיאור אחר לזה - פוצצו אותה במכות. אמא שלי הגיעה ביום למחרת, ראתה את החבלות וצילמה אותן״. 

האח הוסיף: ״שיראל נכנסה לרגרסיה בעקבות המכות. כל מקום טיפולי כזה או אחר הוא סכנה. היא פשוט חוותה את 7 באוקטובר מחדש״.

בית החולים ״לב השרון״ החליט להקים ועדת בדיקה לאירוע שתיאר האח

@kereneubach
צילום: באדיבות המשפחה",0,"12/22/2024 02:37",https://www.instagram.com/p/DD4KcowIYvW/,"IG carousel",,Lifetime,419920,288476,6389,716,10,430,383
18049780394483744,17841407868310918,kan_news,"כאן חדשות","אולי אנחנו לא כאלה שונים זה מזה? אמא של החטוף רן גואילי ואמא של החטופה רומי לשם גונן נפגשו לשיחה על המאבק להשבת ילדיהם ❤️

@moavvardi",358,"12/22/2024 04:31",https://www.instagram.com/reel/DD4W9xroKzO/,"IG reel",,Lifetime,108249,69721,2991,117,4,115,182
17937655910951003,17841407868310918,kan_news,"כאן חדשות","עוד עשרה ימים הכול הולך להתייקר. על מה נשלם ב-2025 יותר, וכמה? האם בעלי העסקים יגלגלו את ההתייקרויות עלינו, הצרכנים? ואיך נוכל בכל זאת לחסוך? @dana_yarkechy יצאה לבדוק, בסדרת כתבות שתשודר הערב ובשבוע הקרוב בחדשות הערב בכאן 11",75,"12/22/2024 09:13",https://www.instagram.com/reel/DD43s-8PqVj/,"IG reel",,Lifetime,43671,29451,891,146,4,185,36
18022371089558394,17841407868310918,kan_news,"כאן חדשות","נערה בת 17, בלי מחלות רקע או גורמי סיכון, נפטרה בבית החולים לאחר שחלתה בשפעת ומצבה החריף. לאחרונה הצטברו כמה מקרים מטרידים של ילדים בריאים שחלו בשפעת שהסתבכה ומצבם קשה מאוד, בהם ילד בן עשר שחובר למכונת אקמו. 

הנערה שנפטרה בבית החולים שערי צדק בירושלים הייתה גם היא מחוברת למכונת אקמו במשך כמה שבועות, והרופאים נלחמו על חייה. המומחים למחלות זיהומיות מתריעים כי מדובר בהצטברות מקרים מדאיגה, שכן נדיר שילדים בריאים ללא מחלות מתים משפעת. 

פרופ’ גליה רהב, יו”ר האיגוד למחלות זיהומיות, ציינה שכל הילדים שמצבם קשה חלו בשפעת מזן B, זן שבדרך כלל אינו מוגדר זן אלים במיוחד. יש לציין כי הילדים שמצבם הסתבך לא חוסנו נגד שפעת. מנתוני משרד הבריאות עלה כי שיעור ההתחסנות בקרב הילדים אינו גבוה ועומד כרגע על כ-10%, וכעת רופאים רבים קוראים להורים לחסן את ילדיהם

@kettydor
צילום: יוסי זמיר, פלאש90",0,"12/22/2024 11:53",https://www.instagram.com/p/DD5KFWxIFde/,"IG carousel",,Lifetime,125377,76051,2131,1041,4,118,151
18046461440327498,17841407868310918,kan_news,"כאן חדשות","💥 לראשונה: שני סוכני מוסד חשפו את אחד המבצעים המתוחכמים בתולדות הארגון

בראיון נדיר לתוכנית ""60 דקות"" ב-CBS, הם סיפרו איך הצליחו לרמות את חיזבאללה במשך עשור שלם - ולגרום לארגון לקנות אלפי מכשירי קשר ממולכדים. המוסד הקים חברות דמה, זייף פרסומות, שכר סוכנת מכירות אמיתית והמתין בסבלנות. התוצאה: מבצע שגרם לחיזבאללה ""להתחנן להפסקת אש""
@nathanguttman",0,"12/22/2024 20:00",https://www.instagram.com/p/DD6BwoZCmah/,"IG carousel",,Lifetime,97812,61026,3564,300,0,54,165
18056191690797813,17841464234747957,kan_reshetb,"כאן רשת ב","הנגד א' מבקש חנינה מנשיא המדינה הרצוג: ""הוא חף מפשע. אנחנו מודים שהוא לא היה צריך לפעול כמו שפעל, אבל זה לא עולה לכדי עבירה פלילית""

#קלמןליברמן",0,"12/22/2024 23:39",https://www.instagram.com/p/DD6a4PMsglA/,"IG carousel",,Lifetime,57849,31777,653,33,1,32,0
18078594946595864,17841407994705156,nurityohanan,nurit,"במליציות הפרו איראניות בעיראק מודים: עצרנו את הפעולות נגד ישראל",46,"12/23/2024 00:27",https://www.instagram.com/reel/DD6gUGxtWUr/,"IG reel",,Lifetime,27075,17219,311,24,3,11,0
18113103397432387,17841407868310918,kan_news,"כאן חדשות","""המקור הכי טוב בעולם"": מנהל ערוץ הטלגרם ""חדשות בזמן"" טוען שקיבל מידע מראש על חיסול נסראללה - דרך רעיית ראש הממשלה שרה נתניהו
איטה גליקסברג",96,"12/23/2024 01:53",https://www.instagram.com/reel/DD6qIynpOrr/,"IG reel",,Lifetime,109364,61098,3220,1293,32,302,292
18012137387663411,17841407868310918,kan_news,"כאן חדשות","בעקבות תלונות של חיילים על מח""ט צנחנים אל""מ עמי ביטון, בצה""ל ערכו תחקיר על התנהלותו - והוא ננזף בידי אלוף פיקוד מרכז על יחס לא ראוי ואפליה בין מפקדים בחטיבה עד לכדי התעמרות. 

באשר ליתר הטענות שנשמעו - בין השאר, על סיכון לוחמים ואי חתירה למגע - בצה""ל אמרו שהן ""לא הגיעו לידי טיפול משמעתי""

@menashecarmela  @ItayBlumental
צילום: דובר צה""ל",0,"12/23/2024 04:40",https://www.instagram.com/p/DD69R-HK0Os/,"IG image",,Lifetime,54867,42601,1316,62,0,39,25
18332066101155946,17841407868310918,kan_news,"כאן חדשות","""מי שמאיים על המפכ""ל פוגע בדמוקרטיה"" 👇

יו""ר מפלגת הדמוקרטים יאיר גולן פנה למפכ""ל דני לוי: ""תעצור לפני שיהיה מאוחר מדי. לא לעולם חוסן, אם צריך - גם איתך נבוא בחשבון"".

בן גביר הגיב ואמר שהדברים הם ""חציית קו אדום מסוכנת ואיום בלתי נסבל על שלטון החוק"", גם שרים נוספים מהקואליציה יצאו נגד דבריו של גולן

@yaara.shapira.1
צילום: ערוץ הכנסת",38,"12/23/2024 06:22",https://www.instagram.com/reel/DD7I68QOTuN/,"IG reel",,Lifetime,29531,18703,780,49,1,402,21
18065492692793983,17841407868310918,kan_news,"כאן חדשות","הנגד המואשם בפרשת המסמכים👇

הותר היום לפרסום כי ארי (אהרון) רוזנפלד, הוא הנגד שנאשם בפרשת המסמכים המסווגים בלשכת ראש הממשלה. ארי ביקש להתיר את פרסום שמו, שהיה אסור בפרסום מתוקף היותו נגד בחיל מודיעין.

המדינה התנגדה לפרסום פרטיו, אולם השופט אמר שעל אף שאינו מקל ראש בטיעוני התביעה, ניתן לאזן בין הדברים עם פרסום שמו ופרטיו, תוך שנאסר פרסום מידע לגבי דרגתו ותפקידו ""במובן זה שייאסר פרסום לגבי תחומי הפעילות והזירות בהן עסק או המתחה במהלך שירותו"".

בהחלטתו פירט השופט עלאא מסארווה את המניעים להטיית הכף לטובת הפרסום. צעד זה נחשב ליוצא דופן, מאחר והנאשם עצמו ביקש את איסור הפרסום. שכן לזכותו האפשרות לקדם את הגנתו ומכאן גם זכותו להתייצב בשמו ובפרטיו, וזכות הציבור לדעת.

העובדה שממילא רבים מהפרטים כבר פורסמו, לעניין זה קבע השופט מסארווה כי על אף שבדרך כלל ""הסוסים שברחו מהאורווה"" (כלומר אי אפשר לחזור אחורה) הוא טיעון עם משקל מוגבל, מאחר שבמקרה הזה הנסיבות שונות; גם העובדה שהנגד עדיין עצור, הקטינה את החשש לפגיעה בביטחון המדינה, כפי שטענו בתביעה.

כנימוק חמישי, כתב השופט כי איסור השם והפרטים אל מול רצונו של הנאשם, עלול להיתפס כמהלך פטרנליסטי. לסיום קבע השופט כי כאמור ניתן לצמצם את הפגיעה על ידי צמצום הפרטים המותרים לפרסום.

אי לכך, איפשר השופט את פרסום השם, אולם עיכב זאת עד היום כדי לאפשר למדינה להגיש ערר, אלא אם המדינה הייתה מודיעה עוד קודם
@almogtamar",0,"12/23/2024 07:18",https://www.instagram.com/p/DD7PV_7uBse/,"IG image",,Lifetime,53508,39348,855,20,0,50,28
18049607081489411,17841407868310918,kan_news,"כאן חדשות","נתניהו: ""יש התקדמות במגעים לעסקה - אינני יודע כמה זמן זה ייקח""

@dikla_aharon @shapirayaara",49,"12/23/2024 08:02",https://www.instagram.com/reel/DD7UVxrx8Ts/,"IG reel",,Lifetime,36168,23145,680,21,3,186,17
18081294538515856,17841407868310918,kan_news,"כאן חדשות","סתיו גטה ז""ל נרצחה כשהייתה בדרכה הביתה מהנובה, אמה אתי מגדלת את ילדיה נווה וריף הקטנים: ""כל עוד אני חיה הם לא ישכחו אותה"" 

@ifatamiel",76,"12/23/2024 09:01",https://www.instagram.com/reel/DD7bElgMuON/,"IG reel",,Lifetime,140982,89313,5927,256,13,242,157
17872764903166861,17841407868310918,kan_news,"כאן חדשות","כמה כסף יישאר לניר, אב לחמישה שעובד בשלוש עבודות, אחרי שנת הגזרות הכלכליות? 
הפרק השני בסדרת הכתבות #ישראלמתייקרת - הערב במהדורת כאן חדשות 

@dana_yarkechy",69,"12/23/2024 09:31",https://www.instagram.com/reel/DD7ekFdqBjE/,"IG reel",,Lifetime,35262,22631,490,54,1,35,26
17999949101536686,17841407868310918,kan_news,"כאן חדשות","הותרו לפרסום שמותיהם של שלושה לוחמים מגדוד 92 (שמשון) שנהרגו הבוקר מפיצוץ מטען מערבית לבית חאנון, בצפון רצועת עזה: סרן איליי גבריאל אטדגי, בן 22 מקרית מוצקין, סמ""ר נתנאל פסח, בן 21 מאלעזר, רס""ל במיל' הלל דינר, בן 21 מטלמון. יהי זכרם ברוך",0,"12/23/2024 10:25",https://www.instagram.com/p/DD7kyswN5Ez/,"IG carousel",,Lifetime,105265,66333,3144,185,1,323,31
18349110742120876,17841407868310918,kan_news,"כאן חדשות","""השעות הקריטיות לא קיימות בהקלטה""👇

משפחותיהן של התצפיתניות שנפלו ב-7 באוקטובר במוצב נחל עוז קיבלו הערב מצה""ל את הקלטות הקשר של בנותיהן. זאת, לאחר מאבק ארוך של המשפחות.

כעת נמסר מטעם המשפחות כי ההקלטות שקיבלו מצה""ל מסתיימות בשעה 04:48 לפנות בוקר ב-7 באוקטובר. בני משפחה ששוחחו עם כאן חדשות פנו לקצינות הנפגעים המלוות אותן וביקשו להבין מדוע לא הועברו הקלטות מהשעות הקריטיות שטרם הטבח. ""הכנו את עצמנו נפשית, חיכינו לרגע הזה יותר משנה ולבסוף השעות הקריטיות לא קיימות בהקלטה שהועברה. אם זאת לא טעות, זה מפח נפש רציני"", אמרו.",0,"12/23/2024 13:39",https://www.instagram.com/p/DD76_SmJHKX/,"IG carousel",,Lifetime,106742,60216,3803,110,1,112,137
18027613001273868,17841407868310918,kan_news,"כאן חדשות","אחותה של התצפיתנית שי אשרם ז״ל: ״שמעתי אותה צוחקת וזו הייתה סגירת המעגל שרצינו. הדבר הכי חשוב זה להחזיר את החברות של שי מהשבי״
@anna.pines",92,"12/23/2024 14:34",https://www.instagram.com/reel/DD8ANDuoGvy/,"IG reel",,Lifetime,63551,40417,1858,92,5,64,66
18033448316598675,17841407868310918,kan_news,"כאן חדשות","יהי זכרה ברוך 🕯️

הודעת דוברות קיבוץ ניר עוז:

בצער כבד, אנו מודיעים על פטירתה של חברת קיבוץ ניר עוז חנה קציר ז״ל, לאחר חודשים ארוכים של מאבק ומצב רפואי מורכב איתו התמודדה לאחר שחרורה מן השבי. 

*ההלוויה תתקיים היום בקיבוץ ניר עוז ולבקשת המשפחה אינה פתוחה לסיקור תקשורתי*

אנו משתתפים בצערה של המשפחה ומבקשים מן התקשורת לגלות רגישות בשעות קשות אלו, לכבד את הבקשה *ולא להתקשר למשפחה*.",0,"12/23/2024 23:20",https://www.instagram.com/p/DD89a42oB9c/,"IG image",,Lifetime,118939,89322,5068,120,3,143,43
18292729717238309,17841407868310918,kan_news,"כאן חדשות","מצמרר: ההקלטות של התצפיתנית שי אשרם שנפלה בנחל עוז - לפני 7 באוקטובר | ההקלטות המלאות במהדורה בכאן 11
@shanywmn",29,"12/23/2024 23:42",https://www.instagram.com/reel/DD8_6NEInnJ/,"IG reel",,Lifetime,144255,85240,2818,254,7,164,195
17906162925079801,17841407868310918,kan_news,"כאן חדשות","בישראל הופתעו: אנשי המנגנונים הפלסטינים משתמשים ב-RPG בג'נין
@itayblumental",0,"12/24/2024 00:46",https://www.instagram.com/p/DD9HRaBM_Gx/,"IG carousel",,Lifetime,77201,44749,1312,44,1,48,69
17906845242076937,17841407868310918,kan_news,"כאן חדשות","המע""מ הולך להתייקר ב-1%, מחירי הכבודה יעלו ב-11%-33%
@sharon_idan 

צילום: פלאש90",0,"12/24/2024 01:35",https://www.instagram.com/p/DD9M8LvsFdD/,"IG carousel",,Lifetime,84487,48377,1164,410,0,30,39
17974909436799888,17841407868310918,kan_news,"כאן חדשות","שלושה עובדים זרים נעצרו בחשד למעורבות בהיעלמותו של דוד קילברג, בן ה-84 מאשדוד, אשר נעדר מיום רביעי.  דוד, אינו מסוגל ללכת לבדו והוא מתנייד עם הליכון למרחקים קצרים. אולם, בחיפוש שנערך בביתו נמצא כי ההליכון נותר שם ביחד כל חפציו.

תחילה, המשטרה עצרה את המטפלת של קילברג ובן זוגה שעובד בבאר שבע, ובהמשך עצרו עובדת זרה נוספת, חברתה של המטפלת, שחשודה כי קיבלה מידע על אודות היעלמותו. השלושה חשודים בקשירת קשר לפשע ושיבוש חקירה. מעצרם הוארך עד ליום חמישי. 

ג'וד קוטלר, בת משפחתו של דוד, סיפרה: ""העובדת הזרה שלו טוענת שהיא השכיבה אותו לישון בתשע וחצי בבוקר וכשהיא התעוררה הוא לא היה. אבל אין שום אפשרות שהוא הלך ברגל, הוא לא הולך. שכן שעבר בחמש בבוקר סיפר שראה את הדלת פתוחה, היא הכחישה. סביר להניח שהוא לא בין החיים וחשוב למשפחה להביא אותו לקבורה בכבוד"".

@asaf_pozailov",0,"12/24/2024 05:44",https://www.instagram.com/p/DD9pYCZRA4i/,"IG image",,Lifetime,79895,56126,1834,109,0,53,51
18043275502990195,17841407868310918,kan_news,"כאן חדשות","טריק או ממתק? לשר השיכון יש גם וגם #מביאהתסעיף",113,"12/24/2024 06:21",https://www.instagram.com/reel/DD9tkg_CX7d/,"IG reel",,Lifetime,49568,31676,1021,239,1,73,52
18061478176892535,17841464234747957,kan_reshetb,"כאן רשת ב","רויטל, אימו של סמ”ר נתנאל פסח שנפל בקרב בעזה, בבקשה מעם ישראל: “שכל אחד יתקשר למישהו שהוא לא בשלום איתו וייתן לו חיבוק לזכרו של נתנאל”",79,"12/24/2024 06:33",https://www.instagram.com/reel/DD9u5kJIO64/,"IG reel",,Lifetime,70546,49915,1767,304,3,166,0
18061389574873591,17841407868310918,kan_news,"כאן חדשות","הערב במהדורה: מה המדינה עשתה כדי לבלום את יוקר המחייה? 
ספוילר: ""השם יעזור""

#ישראלמתייקרת @dana_yarkechy",85,"12/24/2024 07:30",https://www.instagram.com/reel/DD91gXItGxh/,"IG reel",,Lifetime,45110,29788,834,66,4,61,32
18011787611674177,17841407868310918,kan_news,"כאן חדשות","תחקיר צה""ל מעלה שאלות על מותם של ששת החטופים ועל התנהלות הלוחמים, שהיו קרובים מאוד לחטופים במהלך המבצע באזור. כ-4 חודשים עברו מאז שאותרו גופותיהם של הירש גולדברג-פולין, עדן ירושלמי, אורי דנינו, אלמוג סרוסי, כרמל גת ואלכס לובנוב.

בצה""ל אמרו למשפחותיהם שלמרות שלא ידעו שיש חטופים באזור, צה""ל נכשל במשימתו להשבת החטופים, והופקו לקחים לקראת המשך הפעילות ברצועה. משפחות החטופים ביקרו: ""התחקיר לא נותן את כל המידע על מה שהוביל לירי"".
@ItayBlumental",0,"12/24/2024 10:01",https://www.instagram.com/p/DD-Gy57xi8K/,"IG carousel",,Lifetime,86893,47127,1525,33,0,39,66
18048691709318385,17841407868310918,kan_news,"כאן חדשות","""נקודה תקולה, קיבלת?"": ההקלטות האחרונות של סמב""צית חמ""ל נחל עוז אושר ברזילי נחשפות
Nofar Moshe Ferdo",14,"12/24/2024 10:07",https://www.instagram.com/reel/DD-HdytNgd1/,"IG reel",,Lifetime,112220,61256,3281,115,7,323,130
18011919875676146,17841407868310918,kan_news,"כאן חדשות","צה”ל זימן את משפחות התצפיתניות והסמב”ציות שנפלו במוצב נחל עוז לשמוע את ההקלטות המלאות מ-7 באוקטובר - אך לא יעביר אותן לידיהן
@itayblumental",0,"12/24/2024 11:53",https://www.instagram.com/p/DD-Tm7Xodz0/,"IG carousel",,Lifetime,62595,32114,949,12,0,41,23
18380560963110687,17841407868310918,kan_news,"כאן חדשות","ההנהגה בסוריה פועלת כעת כדי לתבוע מאיראן פיצויים בסך 300 מיליארד דולר ""על הנזק שאיראן גרמה לסורים ולתשתיות הסוריות כתוצאה מהתייצבותה הפושעת והמתעמרת לצידו של משטר הנשיא המודח בשאר אל-אסד"". כך מסר גורם המקורב לשלטון החדש בסוריה לעיתון ""אל-מודון"" הלבנוני. לדבריו, סוריה מתכננת לדרוש את הפיצויים באמצעות פנייה אל בתי הדין הבין-לאומיים.

הגורם הוסיף שבניגוד לדיווחים זרים, אין תקשורת בין השלטון החדש בסוריה לבין איראן ואין שום תוכנית בטווח הקרוב ליצור קשר עם ההנהגה האיראנית. לדבריו, אין שום שיח סביב פתיחת השגרירות האיראנית בדמשק מחדש. זאת בניגוד גמור למה שאמרה היום דוברת ממשלת איראן.

@omershahar10
צילום: רויטרס",0,"12/24/2024 12:35",https://www.instagram.com/p/DD-YfPRRa8Q/,"IG image",,Lifetime,71167,50737,2585,54,0,64,51
17975082605802534,17841407868310918,kan_news,"כאן חדשות","מפקד חטיבת מנשה בצה""ל, אל""ם איוב כיוף, נפצע קל בידו מרסיס בפגיעת מטען שהופעל לעבר רכב צבאי במהלך מבצע של כוחות צה""ל בטול כרם. ברכב שהה גם מפקד אוגדת יהודה ושומרון, תא""ל יקי דולף. יתר השוהים ברכב לא נפגעו וכיוף פונה לקבלת טיפול רפואי 
@itayblumental | @carmeldangor",0,"12/24/2024 15:44",https://www.instagram.com/p/DD-uDl8Cf0t/,"IG image",,Lifetime,42982,33849,1422,64,0,22,18
18036746999340624,17841407868310918,kan_news,"כאן חדשות","התרסקות מטוס בקזחסטן: טיסה של אזרבייג'ן איירליינס התרסקה הבוקר בדרכה מבאקו לגרוזני. צוותי חילוץ מנסים להגיע לנוסעים, ועד כה דווח על שישה נוסעים שחולצו בחיים
@ramelibrandts @alexnirenburg @hadasgrinberg",52,"12/24/2024 23:57",https://www.instagram.com/reel/DD_mbuloKOK/,"IG reel",,Lifetime,63261,38619,699,344,9,45,30
17933361056967218,17841470312538363,kan_middleast,"כאן - המזרח התיכון","תושבי הכפר א-סוויסה שבפרברי קונייטרה הפגינו נגד נוכחות צה״ל בדרום סוריה. ערוץ אל-ג׳זירה דיווח על 4 סורים שנפצעו מאש צה״ל במהלך המחאה",23,"12/25/2024 01:52",https://www.instagram.com/reel/DD_zj4DNUvG/,"IG reel",,Lifetime,49087,28163,498,24,11,51,0
17883939174198754,17841407868310918,kan_news,"כאן חדשות","שינויים בתפקיד הכלכלי הקריטי 👇

מנכ""ל משרד האוצר, עורך הדין שלומי הייזלר, התפטר היום מתפקידו. הייזלר, שמונה על ידי שר האוצר בצלאל סמוטריץ', הודיע לשר כי בעוד כחודש, לאחר שסעיפי הליבה בתקציב 2025 יאושרו בוועדת הכספים, הוא צפוי לעזוב את תפקידו.

הרקע לפרישתו של הייזלר הינו אישי-בריאותי, אולם בין הייזלר לסמוטריץ' התגלו חילוקי דעות ביחס לחוק הגיוס, וכן בהקשר ליחסו של שר האוצר לאנשי הדרג המקצועי במשרד.

בהודעת משרד האוצר נכתב כי ""במהלך השנתיים בהן כיהן הייזלר כמנכ""ל האוצר, הוא הוביל חמישה תקציבי מדינה, קידם חתימת הסכמי מסגרת רבים, ובכלל זה הסכמים עם ההסתדרות הכללית, ארגון הרופאים וארגוני המורים, הוביל את הרפורמה למיסוי רווחים לא מחולקים, וקידם החלטות ממשלה לתקצוב צרכי משפחות החטופים, צרכי המפונים, מתווי הסיוע לעסקים, תוכניות שיקום הצפון והדרום בנושאי הביטחון, ותגמול משרתיי המילואים"".

השר סמוטריץ' אמר לאחר הודעת הפרישה כי ""הייזלר הוא איש מקצוע מהמעלה הראשונה שניהל את משרד האוצר באחת התקופות המאתגרות ביותר שידעה מדינת ישראל. אני מודה להייזלר על עבודתו ועשייתו למען מדינת ישראל, הוא נכס לשירות הציבורי ולמדינת ישראל ואין לי ספק שימשיך לרתום מיכולותיו הפנומנליות למען מדינת ישראל"".

הייזלר, בן 49, כיהן כיו""ר מטה התכנון הלאומי, לפני תפקידו במשרד האוצר. בעברו ניהל הייזלר במשך שש שנים את הרשות לרישום והסדר זכויות מקרקעין במשרד המשפטים. את שירותו הציבורי החל בפרקליטות המדינה במחלקה האזרחית בפרקליטות מחוז ירושלים ובמחלקה הפיסקאלית בפרקליטות המדינה. 

@lielkyzer 
צילום: פלאש90",0,"12/25/2024 04:18",https://www.instagram.com/p/DEAEWORsvsQ/,"IG image",,Lifetime,46446,33753,988,22,0,42,26
17998239761559468,17841407868310918,kan_news,"כאן חדשות","בתקווה לנס חנוכה: משפחות חטופים מדליקות נר ראשון בכותל המערבי בתפילה להשבתם",78,"12/25/2024 07:17",https://www.instagram.com/reel/DEAYvWuNMKZ/,"IG reel",,Lifetime,58736,44277,3710,172,13,156,90
18132173332377679,17841407868310918,kan_news,"כאן חדשות","כטב”ם מתימן נפל בשטח פתוח באזור אשקלון: אין נפגעים

  @asaf_pozailov",8,"12/25/2024 08:04",https://www.instagram.com/reel/DEAeMnooTsR/,"IG reel",,Lifetime,60744,35846,776,84,10,97,37
18481190512050868,17841407868310918,kan_news,"כאן חדשות","ראש אגף כוח אדם בצה""ל יזמן אליו ביום שישי בבוקר את הורי התצפיתניות שנפלו במוצב נחל עוז ב-7 באוקטובר כדי להשמיע להם את קולות הקשר שהוקלטו לפני תחילת המתקפה ואחריה.

החלטה זו מגיעה לאחר הזעם של המשפחות על ההקלטות החלקיות שקיבלו - אשר נפסקות בשעה 4:47. ההקלטות הגיעו אחרי מאבק ארוך ועיקש של המשפחות ובהכרעת בג""ץ בעניין.
ארבע מהתצפיתניות כלל לא נשמעות בהן, והמשפחות נחושות לדעת מה קרה בחמ""ל ברגעי הפשיטה על המוצב.

בצה""ל אומרים כי הצבא העביר למשפחות את כל קולות הקשר אחרי שבוצע מיפוי בארבע רשתות הקשר - הרשת הגדודית ושלוש הרשתות הפלוגתיות. כל הקלטה של התצפיתניות תומללה והועברה למשפחות. ""אין לנו מה להסתיר. הקובץ מפרט באופן רציף את ההקלטות שבין השעות 22:51 ועד 4:47, שבהן לא נשמעו קולות של תצפיתניות"", אמרו בצה""ל והוסיפו: ""המשפחות שאלו על הקטעים השקטים. נשמיע להם הכול, את כל הזמנים, ונבנה את האמון במעשים כך שיבינו שלא הסתרנו מהן כלום"".

ספיר ניסני, אחותה של התצפיתנית שחף ניסני שנפלה במוצב נחל עוז, סיפרה לכאן רשת ב על ההמתנה מורטת העצבים במשך שנה וחודשיים להקלטות מרגעיה האחרונים. ""היינו צריכים קצת להתחנן. כל ההורים חיכו לקול האחרון של הבת שלהם, ולא נתנו להם את זה"", סיפרה ספיר. ""עד שזה קרה, בצבא לא הודיעו לנו במסודר, שמענו על זה בהפתעה, מהתקשורת"".

""היא הייתה בשעות הכי קריטיות בחמ""ל, בשעות שכולנו רוצים לדעת מה הן ראו ושמעו. איפה ההקלטות האלו? איפה כל השעות הכי קריטיות? איך יכול להיות שהתצפיתניות לא נשמעות? אי אפשר להעלים את זה ואז לתת לנו פירור ולהגיד 'תסתמו', אלו קולות שלנו, של הילדות שלנו"", זעמה ספיר, ""קיבלנו הקלטות קצרות של 5-7 שניות. האחרונה שבהן, מ-6 באוקטובר בשעה 14:18"".

""ברגע ששמענו את הקול של שחף פגע לי חץ בלב. באותה השניה התפרקתי, הרגשתי מרוסקת. הרגשתי כאב פיזי בלב מגעגוע לקול שלה, להקלטה שלה, לקול שלא אשמע יותר לעולם, שיחסר לי. זה הקול האחרון שלה, לא יהיה לי עוד"", סיפרה בכאב.

@menashecarmela",0,"12/25/2024 09:51",https://www.instagram.com/p/DEAqhxhx0EL/,"IG image",,Lifetime,54699,41000,1227,5,0,20,34
18040633853255302,17841407868310918,kan_news,"כאן חדשות","משפחתו של החלל גור קהתי התפרצה לאזכרה של זאב ארליך: ""הבאתם למותו של חייל צה”ל תמים בשביל לראות איזה כתובת באתר בלבנון"". גור קהתי לחם בגדוד 13 של גולני ונפל בהיתקלות במבצר ארכיאולוגי בדרום לבנון ביחד עם החוקר זאב (ז'אבו) ארליך. לפי משפחתו של קהתי, הלוחם נורה למוות בזמן שאיבטח סיור של ארליך במבצר בשטח הלחימה - ללא כל הצדקה מבצעית ברורה. לאחר התקרית הורה הרמטכ""ל על תחקיר שיבדוק אם היה צורך צבאי בסיור. עד כה צה""ל לא פרסם את ממצאי התחקיר, במקביל מתנהלת גם חקירת מצ״ח לבדיקת נסיבות האירוע. 
@roysharon11",70,"12/25/2024 11:28",https://www.instagram.com/reel/DEA1l34Owxq/,"IG reel",,Lifetime,185187,88898,4727,528,3,475,267
17945209685916511,17841407868310918,kan_news,"כאן חדשות","שחקן הנבחרת זכה ליחס משפיל בירושלים? 

שחקן נבחרת ישראל בכדורגל, מוחמד אבו-פאני, הושפל בידי מפקדת כוח של מג""ב בירושלים - כך טוען חבר הכנסת סימון דוידסון בפנייה ששלח היום לשר לביטחון לאומי איתמר בן גביר.

במכתב ששלח חבר הכנסת דוידסון לשר בן גביר כתב כי אבו-פאני, יחד עם בן דודו, הגיע לפנות בוקר לירושלים כדי להתפלל. ""לטענת השחקן, מפקדת כוח מג""ב בשער האריות ""השפילה אותו מול קהל אנשים, הרימה את קולה והקניטה ללא כל הצדקה או הסבר"". עוד נטען כי היא סילקה אותו מהעיר ואף איימה עליו בשלילת זכותו להיכנס לירושלים למשך שנה שלמה - ""כל זאת כאמור, ללא שום בסיס חוקי או טענה מוצדקת"", כתב חבר הכנסת.

עוד כתב חבר הכנסת דוידסון: ""התנהגות זו היא בלתי נסבלת ומהווה פגיעה חמורה בכבודו של אדם, קל וחומר כאשר מדובר בספורטאי המייצג את מדינת ישראל בגאווה. חשוב לציין כי מוחמד אבו פאני הוא שחקן ערבי-ישראלי המשחק בהונגריה ומייצג את נבחרת ישראל בימים מאתגרים אלו"".

חבר הכנסת חתם את מכתבו בדרישה ל""חקירה מיידית ומעמיקה של האירוע, כולל זימון דחוף את המפקדת לבירור והתנצלות רשמית בפני מוחמד אבו פאני והבטחה כי אירועים מסוג זה לא יישנו"".

תגובות אבו-פאני, המשרד לביטחון לאומי והמשטרה יובאו כשיתקבלו.

@lianwildau 
צילום: AP",0,"12/26/2024 00:39",https://www.instagram.com/p/DECQH2dsSgX/,"IG carousel",,Lifetime,53817,28135,706,22,0,62,27
18289871023173859,17841407868310918,kan_news,"כאן חדשות","יהי זכרו ברוך 🕯",0,"12/26/2024 01:35",https://www.instagram.com/p/DECWjeIslBR/,"IG image",,Lifetime,44987,35953,1982,55,0,165,15
18100029613487859,17841400795125784,kanilarchive,"כאן ארכיון","""אני יודע שזה חלק מהחיים""
שיחות עם מילואימניקים בחזית לאחר מלחמת יום הכיפורים, חורף 1974 🪖 מתוך ""יומן השבוע""

לכבוד יום המילואים, פרויקט הצדעה ארכיוני לנשות ואנשי המילואים מחכה לכם בביו ובכאן BOX 🫡",44,"12/26/2024 02:56",https://www.instagram.com/reel/DECenYEtf7Q/,"IG reel",,Lifetime,50530,34905,1900,227,26,82,0
18020585054345556,17841407868310918,kan_news,"כאן חדשות","אביה של סרן שיר אילת ז""ל, מפקדת התצפיתניות בנחל עוז, אסף את התרמילים מעמדת ה""רואה יורה"" איתה חיסלה מחבלים רבים ב-7 באוקטובר - ובנה ממנה חנוכיה. שיר היתה במשמרת בחמ""ל יחד עם החיילות שלה, והיא פעלה במשך כל השעות הקשות בחמ""ל, בגבורה ובקור רוח. היא חיסלה עשרות מחבלים במערכת ""רואה יורה"" ועשתה כל שהיא יכולה כדי להגן על התושבים באיזור ועל החיילות שלה, עד נשימתה האחרונה.

האב אמר בהדלקת הנר הראשון: ""התרמילים האלה הם למעשה עדות מוחשית לאומץ ולגבורה של שיר ז""ל. יצרתי את החנוכיה הזאת עבורה, חשבתי על המשמעות העמוקה של האור בחג החנוכה, האור שהיה כל כך חשוב בחיינו. כל נר בחנוכה הוא כמו ניצוץ זיכרון שהיא השאירה בלבנו. 

""כל אחד מהנרות מייצג רגעים של אהבה, אכפתיות ושמחה שהיו כל כך חלק ממנה. החנוכיה שבחרתי לעצב ולהכין היא תזכורת עבורנו, לזכור את האור שהיא הפיצה, ואת החיוך שלה, את הרוגע ואת החום והשמחה שהיא העניקה לכל מי שסבב אותה. בהדלקת הנרות נרגיש את נוכחותה הסמלית ואת הרוח שעדיין שורה בביתנו. זכרונה תמיד יהיה עמנו ובאמצעות אור החנוכיה, נרגיש שהיא עדיין כאן, מפיצה את האור שלה""

@nofarji",0,"12/26/2024 04:48",https://www.instagram.com/p/DECsjJaKAVi/,"IG carousel",,Lifetime,279799,180149,13351,554,3,202,272
18048001601474835,17841407868310918,kan_news,"כאן חדשות","צה""ל תוקף בתימן👇

בישראל מאשרים: צה""ל מבצע תקיפה נרחבת בתימן בגלים ובמספר מוקדים",0,"12/26/2024 06:11",https://www.instagram.com/p/DEC2DDSv-pF/,"IG image",,Lifetime,36422,29494,1368,19,1,22,10
18031749473414641,17841407868310918,kan_news,"כאן חדשות","אחרי התקיפה הנרחבת של חיל האוויר הישראלי בנמל התעופה בבירת תימן, בצה""ל חשפו את שמו הרשמי של המבצע: מבצע צלילי הכרם 🎶

מה דעתכם על השם? 👇

צילום: דובר צה""ל
@itay.blumental",0,"12/26/2024 08:46",https://www.instagram.com/p/DEDH0AuKuhA/,"IG image",,Lifetime,72800,57478,2502,294,3,208,33
18075980272620435,17841407868310918,kan_news,"כאן חדשות","ילד קורא קדיש על אבא 💔 סרן במיל' עמית לוי ז""ל נפל הבוקר ברצועה והותיר אחריו ארבעה ילדים. בנו קרא עליו קדיש בלוויה

@akivaweis",44,"12/26/2024 10:43",https://www.instagram.com/reel/DEDVJmdNcj-/,"IG reel",,Lifetime,100860,71573,7237,377,20,1194,209
17991143999603818,17841407868310918,kan_news,"כאן חדשות","תיעוד בלעדי - תמונות ראשונות מהאגף בכלא לנאשמים בריגול לטובת איראן: “אין הבדל בינם לבין אסירי נוח’בה”
(שלי טפיירו)",316,"12/26/2024 11:41",https://www.instagram.com/reel/DEDZ3DkopPJ/,"IG reel",,Lifetime,86400,50524,1865,204,5,75,173
18293280058237919,17841407868310918,kan_news,"כאן חדשות","יהי זכרו ברוך🥀

רס""ן הוד שרייבמן, מפקד פלוגה ביחידה הרב ממדית, נפל ברצועת עזה. כך התיר הערב צה""ל לפרסום. רס""ן שרייבמן (27) ממושב צופית נהרג בהתקלות עם מחבלים בג'באליה בצפון הרצועה. בכך עלה מספר חללי צה""ל מתחילת המלחמה ל-823.

באירוע נפצע לוחם נוסף מהיחידה הרב ממדית באורח קשה. במבצע בגבאליה נפצע קשה גם לוחם מחטיבה 401, כנראה מירי צלף",0,"12/26/2024 12:59",https://www.instagram.com/p/DEDk0yrhgrv/,"IG image",,Lifetime,67493,53662,2510,153,1,189,33
18027836534531956,17841407868310918,kan_news,"כאן חדשות","""אחד המילואימניקים אמר לי 'כולנו בסוף מגיעים לרב להתגרש'""
Carmela Menashe",43,"12/26/2024 13:30",https://www.instagram.com/reel/DEDoS30tfCf/,"IG reel",,Lifetime,48497,31558,1259,65,2,65,38
18048025256510676,17841407868310918,kan_news,"כאן חדשות","פיגוע דקירה בהרצליה: בת 70 נפצעה אנוש בכיכר טיראן. הדוקר נוטרל בירי ע״י מאבטחים, נעצר ומתוחקר

@hadasgrinberg",0,"12/26/2024 23:57",https://www.instagram.com/p/DEEwEoDtKpn/,"IG image",,Lifetime,39729,29414,535,21,0,9,4
17988630200761977,17841407868310918,kan_news,"כאן חדשות","פיגוע קשה בהרצליה: נקבע מותה של בת 80 שנדקרה ע”י מחבל בעיר.
יהי זכרה ברוך 🥀",0,"12/27/2024 00:42",https://www.instagram.com/p/DEE1RhPNBpN/,"IG image",,Lifetime,44647,33167,1008,41,0,35,11
17887914837166741,17841407868310918,kan_news,"כאן חדשות","אחרי שאסד נפל - מה הצעד הבא של ארדואן? #בשכונה_שלנו @roikais",415,"12/27/2024 01:40",https://www.instagram.com/reel/DEE7vP1IDMx/,"IG reel",,Lifetime,32674,22028,656,126,4,166,65
18157572802332256,17841407868310918,kan_news,"כאן חדשות","שב""כ: החשוד בביצוע פיגוע הדקירה הבוקר בהרצליה הוא פלסטיני תושב אזור השומרון, סייען של מערכת הביטחון לשעבר, שהיה מעורב בסיכול תשתיות טרור באיו""ש, נחשף והועבר לשיקום בישראל. החשוד נעצר בזירה ויועבר לחקירת שב""כ להמשך חקירת נסיבות הפיגוע

@carmelamenashe @itayblumental",0,"12/27/2024 02:11",https://www.instagram.com/p/DEE_eqWs9Bu/,"IG image",,Lifetime,79747,56597,1272,45,0,60,32
18129316339390190,17841407868310918,kan_news,"כאן חדשות","לודמילה ליפובסקי, שורדת שואה בת 83 שהתגוררה בדיור מוגן בהרצליה נרצחה הבוקר בפיגוע דקירה בעיר. 
יהי זכרה ברוך 🥀",0,"12/27/2024 02:36",https://www.instagram.com/p/DEFCQSRR_mq/,"IG image",,Lifetime,98653,78891,2358,143,5,116,35
18050683151076134,17841407868310918,kan_news,"כאן חדשות","הבית של אבי במטולה נהרס לגמרי, אבל הכי כואב לו על זכרונות הילדות שאבדו: ""הילדים ניסו להדביק חלקי תמונות שרופות במשך שעות""
@riadalee",63,"12/27/2024 07:01",https://www.instagram.com/reel/DEFghd9PZQL/,"IG reel",,Lifetime,32273,20219,601,4,3,53,16
18089811298523191,17841407868310918,kan_news,"כאן חדשות","""כמו שהיא בשבילנו - אנחנו בשבילה"": הקשר המרגש בין קצינת השבויים והנעדרים של ניר עוז שאחיה נפל בלבנון - לחטופים ולמשפחותיהם

#גיבורים @pelegnet @gili.caspi",89,"12/27/2024 13:01",https://www.instagram.com/reel/DEGJvvdPZJk/,"IG reel",,Lifetime,97379,57336,3347,195,4,99,142
17870609481254746,17841407868310918,kan_news,"כאן חדשות","משחק הכדורגל שזעזע את יהודי איטליה: הנין של הדיקטטור מוסוליני כבש את שער הניצחון - והאוהדים הצדיעו במועל יד
yoav zehavi",57,"12/28/2024 01:01",https://www.instagram.com/reel/DEHcIYmpQ3f/,"IG reel",,Lifetime,33216,20210,537,46,0,11,35
18004258331520813,17841407868310918,kan_news,"כאן חדשות","צה”ל השמיד תשתית תת-קרקעית של חיזבאללה בדרום לבנון שבה אותרו טילי נ”ט, מערכות תצפית ומשגרי רקטות בתוואי שהוביל למפקדה של מחבלי רדואן
@itayblumental | @chen_beyar",65,"12/28/2024 02:34",https://www.instagram.com/reel/DEHmpeNozQE/,"IG reel",,Lifetime,45828,29459,1052,32,1,74,45
18053023868059288,17841407868310918,kan_news,"כאן חדשות","חרוט בלב לנצח💔 השוטר אדיר קדוש נפל בפיגוע הירי ליד יבנה - פחות מחודש לפני שהיה אמור להתחתן עם בן זוגו אדי | מתוך פרק 2 בסדרת הכתבות #גיבורים שבה נדליק בכל פרק נר חנוכה לכבוד הגיבורים שהאירו את החושך בשנה הזאת. הפרק המלא ביוטיוב של כאן חדשות
@pelegnet @gili.caspi",118,"12/28/2024 05:44",https://www.instagram.com/reel/DEH8kF4sX1Y/,"IG reel",,Lifetime,62436,38247,2199,73,2,134,73
17989046792716536,17841400092370025,shaul_amsterdamski,"Shaul Amsterdamski | שאול אמסטרדמסקי","חוק הגיוס ששר הביטחון ישראל כץ מבשל עם המפלגות החרדיות הוא בלוף. אין בו את כל מה שצריך שיהיה בו. הוא בסך הכל ניסיון להחזיר את הכסף שנלקח מהאברכים ולמרוח את הזמן. וכל זה בזמן שצה""ל משווע לחיילים. בושה וחרפה",221,"12/28/2024 06:59",https://www.instagram.com/reel/DEIFCgGNXgb/,"IG reel",,Lifetime,56677,38412,2345,244,46,129,0
18027628985562261,17841407868310918,kan_news,"כאן חדשות","נניח שכבר קניתם כרטיס לפסטיגל במחיר מופקע, מצאתם חנייה במחיר עוד יותר מופקע ונכנסתם לאולם. עכשיו לכו תתמודדו עם מחירי המזנונים. למה שערות סבתא עולות 25-20 שקלים? ולמה נקניקייה בתל אביב עולה יותר מנקניקייה בירושלים?

@polakronen @iair_wein #צבעהכסף",0,"12/28/2024 07:59",https://www.instagram.com/p/DEIMCiORGgF/,"IG carousel",,Lifetime,113579,56760,1730,249,0,105,81
17892679368053536,17841407868310918,kan_news,"כאן חדשות","צה""ל ושב""כ עצרו יותר מ-240 מחבלים בבית החולים כאמל עדואן, ששימש כמפקדת טרור של חמאס ברצועת עזה.
העצורים משתייכים לחמאס ולג'יהאד האסלאמי ובהם גם פעילים נוספים החשודים כמחבלים. בהודעת כוחות הביטחון נאמר כי חלקם ניסו להתחזות לחולים ולאנשי צוות רפואי ואף לברוח מהמקום באמבולנסים. בין העצורים גם מנהל בית החולים, החשוד כפעיל חמאס, וכן מחבלים בתחום הנ""ט וההנדסה של חמאס. לדברי צה""ל, 15 מהמחבלים שנעצרו השתתפו בטבח 7 באוקטובר. כוחות שייטת 13 פעלו בתוך בית החולים, איתרו והחרימו אמצעי לחימה כמו רימונים ואקדחים.

@itayblumental
צילום: דובר צה""ל",0,"12/28/2024 09:05",https://www.instagram.com/p/DEITjsvOfbS/,"IG image",,Lifetime,81611,59835,3399,95,0,80,52
18480162283058239,17841470312538363,kan_middleast,"כאן - המזרח התיכון","מה קורה עם החות׳ים והאם הגיע הזמן לכוון גם לצמרת של ארגון הטרור? @roikais מסביר",35,"12/28/2024 10:49",https://www.instagram.com/reel/DEIernXN39Q/,"IG reel",,Lifetime,25646,16954,376,23,9,32,0
18064500049662108,17841407868310918,kan_news,"כאן חדשות","ממשל ביידן משקיע מאמצים כדי להכריז על השלטון החדש בסוריה, בראשותו של אל-ג'ולאני, כשלטון לגיטימי. לפי גורם המעורה בנושא, מטרת הממשל היא להכריז על כך לפני כניסתו של הנשיא הנבחר דונלד טראמפ לבית הלבן. עד לפני כמה שבועות, ארצות הברית הציבה פרס בסך 10 מיליון דולרים על ראשו של אל-ג'ולאני, שפיקד על שלוחת אל-קאעידה בסוריה. אולם, לאחרונה ביקרה משלחת אמריקנית בדמשק ונפגשה איתו. אל-ג'ולאני הבטיח לאמריקנים לייצב את המצב הפוליטי והכלכלי במדינה, ואף התחייב לאפשר לנוצרים לחגוג את חג המולד ללא הפרעות מצד אנשיו.

למרות הניסיונות של אל-ג'ולאני לעשות רושם חיובי על המערב וארצות הברית, בימים האחרונים יש חיכוכים בין השלטון החדש לבין מתנגדיו. החיכוכים החלו כאשר חמושים רעולי פנים תועדו מעלים באש עץ חג מולד ליד חמה. זאת כשברקע החשש של המיעוטים בסוריה משלטון ג'יהאדיסטי שיאיים על זכויותיהם. לאחר מכן פרצו בסוריה הפגנות נרחבות בעקבות הצתה של אתר זיכרון של מייסד הדת העלווית - דת קטנה שאליה השתייך אסד. לפי מקור במשרד הפנים הסורי, קבוצה של אנשי משטר אסד שרפה את האתר הקדוש, בכדי לעורר מחלוקת בין הסורים. 

@roikais 
צילום: AP",0,"12/28/2024 10:55",https://www.instagram.com/p/DEIgNPoRtNd/,"IG image",,Lifetime,84088,62131,1421,55,0,67,46
17879404203128388,17841407868310918,kan_news,"כאן חדשות","לשכת רה""מ הודיעה: נתניהו סבל בימים האחרונים מזיהום כתוצאה מגידול שפיר בערמונית - ויעבור מחר טיפול להסרתה. בעקבות ההליך הרפואי, עדות נתניהו לא תתקיים ביום שני.

 גידול שפיר בערמונית (פרוסטטה) היא תופעה שכיחה המתרחשת אצל כ-25% מהגברים, בעיקר מגיל 50 ומעלה. מדובר במצב רפואי שאינו קשור לסרטן הערמונית ואינו מגביר את הסיכון להתפתחותו.

הערמונית היא בלוטת הפרשה המייצרת כמחצית מנוזל הזרע, והיא ממוקמת במוצא שלפוחית השתן. עם העלייה בגיל, הבלוטה נוטה להתרחב, מה שעלול לגרום לחסימה בדרכי השתן ולהופעת תסמינים שונים. התסמינים העיקריים כוללים הפרעות בהתרוקנות כמו עיכוב בתחילת מתן השתן, זרם חלש ומקוטע, ותחושת חוסר התרוקנות מלאה של שלפוחית השתן. בנוסף, עלולים להופיע תסמיני ""אחסון"" הכוללים תכיפות במתן שתן ביום ובלילה, ודחיפות במתן שתן.

במקרים שבהם מתגלה זיהום בדרכי השתן על רקע גידול שפיר בערמונית, הטיפול הראשוני כולל מתן אנטיביוטיקה. בחלק מהמקרים, מומלץ על הסרה ניתוחית של החלק המוגדל בערמונית.

הניתוח להסרת הערמונית המוגדלת אינו כולל הסרה מלאה של הבלוטה, אלא רק של החלק המרכזי הגורם לחסימה. אי טיפול במצב זה עלול להוביל לסיבוכים משמעותיים כמו עצירת שתן, זיהומים חוזרים בדרכי השתן, ובמקרים חמורים אף לפגיעה בתפקוד הכליות. לכן, מומלץ לגברים מעל גיל 50 לעבור בדיקת ערמונית תקופתית אחת לשנתיים.

*המידע הרפואי באדיבות אתר המרכז הרפואי הדסה

@suleimanmas @nov_reuveny 
צילום: יונתן זינדל, פלאש 90",0,"12/28/2024 11:42",https://www.instagram.com/p/DEIlhfmxiQc/,"IG image",,Lifetime,86063,61975,1555,306,1,480,50
18056998771787864,17841407868310918,kan_news,"כאן חדשות","למרות שצה”ל טען שלא סיפק מידע על חטופים באזור - החטוף פרחאן אלקאדי, שחולץ ממנהרה ברפיח, סמוך לזו שבה נמצאו גופותיהם של ששת החטופים סיפר לאחר חילוצו כי שמע בזמן שהותו במנהרה קול של אישה שדיברה בעברית ואמרה ""בוקר טוב"". לדברי פרחאן, הוא שמע את האישה שבועות לפני שכוחות צה""ל הגיעו לאזור. הכוחות איתרו את פרחאן ב-27 באוגוסט במנהרה בשכונת תל א-סולטן ברפיח, לאחר ששוביו נטשו אותו. ארבעה ימים לאחר מכן, כוחות צה״ל איתרו את גופותיהם של החטופים הירש גולדברג פולין, עדן ירושלמי, אורי דנינו, אלמוג סרוסי, כרמל גת ואלכס לובנוב. הגופות אותרו במנהרה במרחק של קילומטר מהמנהרה שבה הוחזק פרחאן.
 
עדותו של פרחאן הועברה בימים האחרונים למשפחות ששת החטופים. בצה""ל אומרים כי שגו כשלא ציינו את דבריו של פרחאן במסגרת התחקיר הצה""לי שפורסם השבוע על הירצחם של ששת החטופים, שממנו עלה כי לצבא לא היה מידע על הימצאותם של חטופים באזור. במידע שצה""ל פירסם לציבור נטען שפרחאן לא סיפק מידע על הימצאות חטופים באזור. 

@itay.blumental",0,"12/28/2024 13:03",https://www.instagram.com/p/DEIu34BRq1y/,"IG image",,Lifetime,145848,102029,2737,90,1,111,149
17898415791102056,17841407868310918,kan_news,"כאן חדשות","רגע לפני שנמלט מהארץ: המשטרה עצרה חשוד ברצח הצעירה ויקה שקלניק באשקלון. אלכסנדר זבאילוב, בן 60, נתפס בדלפק הכרטיסים בנמל התעופה בן גוריון, שישה ימים לאחר שעל פי החשד רצח אותה בחוף הים. 

גופתה של שקלניק, בת 26 מאשקלון, אותרה ביום שני האחרון מתחת לצוק ""הפארק הלאומי"" בחוף ים בעיר. על פי החשד שקלניק התמודדה עם התמכרות לסמים וניהלה עם זבאילוב מערכת יחסים.

הלני, אחותה של שקלניק, סיפרה: ""כשרצחו אותה הרגו גם אותי. הוא רצח אותה באכזריות. ויקה הייתה שקטה, לא פגעה באף אחד. כל החיים עוד היו לפניה, ילדה בת 26, אנחנו בהלם, לא האמנו שזה קרה, לא רצינו להאמין שזאת אחותי, מי שעשה דבר כזה הוא לא בן אדם, אלא חיה"".

@asaf_pozailov",0,"12/28/2024 23:55",https://www.instagram.com/p/DEJ5ZwARq5d/,"IG image",,Lifetime,60473,44014,1028,19,0,11,24
18052065833508157,17841407868310918,kan_news,"כאן חדשות","רגע לפני הכניסה לתוקף של גזירות 2025 - הממשלה מקדמת תשלום מענקים של מאות אלפי שקלים למנכ”לים וסמנכ”לים במשרדי הממשלה. מדובר במענקי פרישה שיכולים להגיע לכ-250,000 שקלים בממוצע עבור מנכ״לים ובמנכ״לים שיפרשו מתפקידם.

בחוות הדעת המשפטית שפורסמה בעניין נכתב כי קיים קושי באישור ההחלטה לתשלום המענקים, אך אין לכך מניעה משפטית.

@lielkyzer

צילום: חיים גולדברג, פלאש 90",0,"12/29/2024 00:38",https://www.instagram.com/p/DEJ-aV0Iycb/,"IG carousel",,Lifetime,79484,47838,1248,191,1,209,53
18051182126027889,17841407868310918,kan_news,"כאן חדשות","היישוב הקטן בגוש עציון שאיבד 8 מבניו במלחמה💔
@akivaweis",41,"12/29/2024 02:17",https://www.instagram.com/reel/DEKJt6evhnH/,"IG reel",,Lifetime,33190,21620,999,13,2,159,28
18100582078470751,17841407868310918,kan_news,"כאן חדשות","הגזירה החדשה על הכיס שלנו: מחירי הדלק יעלו ב-8 אגורות החל מ-1 בינואר 2025. בכך, מחיר לליטר בנזין 95 אוקטן יעמוד על 7.20 שקלים בשירות עצמי, כולל מע""מ ותוספת של 24 אגורות לליטר בשירות מלא, כולל מע""מ. 

באילת המחיר לליטר בנזין 95 אוקטן יעמדו על 6.10 שקלים בשירות עצמי ותוספת של 20 אגורות בשירות מלא. לפי משרד האנרגיה והתשתיות, הסיבות להעלאת המחירים הינן שער החליפין שעלה ב-0.66%, עדכון מדד על הבלו ועליית המע""מ ל-18%, וזאת למרות שצוין כי מחיר הבנזין באזור היום התיכון ירד ב-1.45%.",0,"12/29/2024 03:08",https://www.instagram.com/p/DEKPihqxW6P/,"IG image",,Lifetime,64031,47100,1103,487,0,43,18
18017203682427105,17841407868310918,kan_news,"כאן חדשות","איבד את חבריו - אך לא את החלום: אלאן בן ה-12, שנפצע קשה מפגיעת הרקטה במג'דל שמס, חוזר למגרש הכדורגל שבו ניצח את המוות

Eran Singer",49,"12/29/2024 04:18",https://www.instagram.com/reel/DEKXip0ssI0/,"IG reel",,Lifetime,96423,63695,3598,111,22,129,111
18042954404257377,17841407868310918,kan_news,"כאן חדשות","תחקיר ""הניו יורק טיימס"" חשף פרטים חדשים על מבצע הביפרים וההיערכות שקדמה לה בישראל:

לפי התחקיר, המכשירים שהמוסד שיווק לחיזבאללה באמצעות חברות בת, הוצגו לנתניהו במרץ 2023, בלי חומרי הנפץ. נתניהו רצה לוודא שהמכשיר עמיד ולא יתפוצץ בעקבות נפילה - באופן שיחשוף את תוכנית המוסד. הוא השליך את המכשיר על קיר המשרד שלו וראה שהקיר נשבר, אך הביפר נשאר שלם. בעקבות זאת, הוא החליט לשלוח את הביפרים לחיזבאללה.

כבר מ-2014 קצינים מ-8200 סייעו בזריעת פחד בקרב חיזבאללה ואיראן באשר ליכולת של ישראל לפרוץ למכשירי הטלפון שלהם - מה שהביא להחלטה של חיזבאללה להרחיב את השימוש בביפרים. ישראל בנתה רשת של חברות בת כדי להסתיר את בעלותה על המוצר. סוכני המוסד היו אחראים על שיווק המוצר והציעו לחיזבאללה הנחות. כדי להצדיק את המראה השונה שלו, המכשיר הוצג כ""עמיד במים"". בסוף 2023, הטכנאים בחיזבאללה העלו חשדות לגבי הביפרים - ושלחו חלק מהם לבדיקה באיראן. בעקבות זאת, אנשי מודיעין בכירים שכנעו את נתניהו לתת את ההוראה לפוצץ את הביפרים ב-17 בספטמבר.

העיתון גילה גם פרטים חדשים על חיסול נסראללה: התחקיר חושף כי נסראללה מת מחנק. עוד נחשף כי ב-27 בספטמבר, סביבתו של חסן נסראללה עודדה אותו לעבור למקום בטוח, אך הוא לא האמין שישראל רוצה לחסל אותו משום שאינה מעוניינת במלחמה כוללת. לפי התחקיר, סוכני המוסד הטמיעו מכשירי האזנה בבונקרים של חיזבאללה, ועקבו אחר פגישות של מפקד בכיר בארגון.

@ishay_bar_yosef 
צילום: חיים גולדברג, פלאש 90",0,"12/29/2024 06:08",https://www.instagram.com/p/DEKkFjvRBku/,"IG image",,Lifetime,85908,60726,1883,123,1,107,97
18044928394973180,17841407868310918,kan_news,"כאן חדשות","המחבלים ניסו להימלט כשהם מתחזים לחולים: פרטים חדשים על פעולת צה""ל בבית החולים כמאל עדואן בצפון רצועת עזה 👇

הפעולה יצאה לדרך בלילה שבין חמישי לשישי האחרון, בשעה 03:00 לפנות בוקר, אז לוחמי חטיבה 401 של השריון כיתרו את בית החולים מכל צדדיו בתוך שעה. למרות הרצון של צה""ל לסגור על ביה""ח במהירות, התנועה נעשתה בזהירות תוך פתיחת צירים ותוך חיפוי אווירי של חיל האוויר. 200 מטרים מבית החולים, אותר מטען חבלה רב עוצמה, שנוטרל בידי לוחמי הנדסה.

לאחר שצה""ל הקיף את בית החולים, שתי חוליות מחבלים זוהו כמנסות לברוח וחוסלו בידי לוחמי צה""ל. בבוקר קראו הכוחות למנהל ביה״ח ונאמר לו שהמוסד הרפואי משמש לטרור, והוחלט לפנות את 350 החולים שבפנים. 940 פלסטינים נלקחו לבידוק בידי לוחמי 504 של אמ""ן ושב""כ. אזרחים שלא מעורבים בטרור נשלחו לעיר עזה - והיתר נלקחו לתחקור בידי חוקרי יחידה 504 של אמ""ן ושב""כ. 

בפעילות נעצרו 240 מחבלי חמאס, בעלי תפקידים בחטיבת צפון הרצועה בהנדסה וגם בהסברה של חמאס, מחבלים שלקחו חלק בטבח ב-7 באוקטובר, ומחבלי הג'יהאד האיסאלמי. חלק מאותם מחבלים התחזו לחולים ופצועים וניסו לצאת באמבולנסים. השיירה הראשונה שיצאה מבית החולים כללה 21 חולים, מתוכם הוצאו 13 מחבלים שחלק ניכר מהם לא היו חולים כלל.

לפחות 15 מתוך 240 המחבלים שנעצרו הם בוודאות מחבלים שהשתתפו בטבח 7 באוקטובר שביצעו את מעשי הטבח. בצה""ל אומרים: ""תפסנו אנשים רעים מאוד, שעשו דברים נוראיים. אנחנו שמחים ששמנו עליהם יד וראינו אותם בקטנותם. מדובר באנשים שעשו דברים מאד קשים״

@itsik_z @menashecarmela @itay.blumental
📷: דובר צה""ל",0,"12/29/2024 07:05",https://www.instagram.com/p/DEKqtukMWC_/,"IG carousel",,Lifetime,89460,48705,3266,91,2,225,49
18073138912632930,17841407868310918,kan_news,"כאן חדשות","הותר לפרסום: סמ""ר יובל שהם, בן 22 מירושלים, לוחם שריון בגדוד 9, עוצבת ׳עקבות הברזל׳ (401), נפל בקרב בצפון רצועת עזה.
יהי זכרו ברוך 🥀",0,"12/29/2024 08:36",https://www.instagram.com/p/DEK1Foxs2AI/,"IG image",,Lifetime,65002,51330,2324,85,0,265,16
18082975432502505,17841407868310918,kan_news,"כאן חדשות","המתלוננת המרכזית בפרשה שבה נחקרו אייל גולן ואביו נחשפת
@omriassenheim | @ronikuban",56,"12/29/2024 11:41",https://www.instagram.com/reel/DELKEHRIO6R/,"IG reel",,Lifetime,283013,152253,5117,1169,67,1285,262
18043002386216064,17841407868310918,kan_news,"כאן חדשות","""אנחנו צריכים שישראל וחמאס יגיעו להסכם היום. מדובר בחיים ומוות"": משפחתו של החטוף עידן אלכסנדר ציינה את יום הולדתו ה-21 - יום ההולדת השני שלו בשבי 💔

אביו של עידן סיפר: ""היום, ב-29 בדצמבר, עידן חוגג את יום הולדתו, יום הולדתו השני בשבי. 
זו מחשבה בלתי נתפסת. היום הזה אמור היה להיות מלא בשמחה וחגיגה, אך במקום זאת אנחנו נתונים לכאב ודאגה. עברו 450 ימים מאז שנחטף, וכל יום בלעדיו מרגיש נצח"". 

""אנחנו צריכים את התמיכה המלאה של המנהיגים האמריקנים - משני צדי המפה הפוליטית. זה לא הזמן לפיצול. זה הזמן לאחדות. אנחנו צריכים את הנשיא ביידן, את הנשיא הנבחר טראמפ, ממוקדים לחלוטין בנושא הזה. אנחנו לא יכולים לעשות את זה לבד. אנחנו צריכים את ההובלה שלהם ואת המחויבות שלהם כדי שזה יקרה, ואנחנו צריכים את זה לפני שהזמן ייגמר"".

עידן עלה לארץ מניו ג'רזי והתגייס לצה""ל. לפני כחודש פרסם חמאס סרטון ובו אות חיים מעידן, ובו הוא ציין את מספר הימים שהוא נמצא בשבי ופנה כאזרח אמריקני לנשיא ארצות הברית הנבחר דונלד טראמפ

@yoavborowitz 
📷: דני טננבאום, בנג'מין קולונה, ניצן חכם, אלון קפלון, לירי אגמי, אמנון שמי",0,"12/29/2024 13:25",https://www.instagram.com/p/DELWMzxt-N6/,"IG carousel",,Lifetime,59377,35543,3289,45,0,59,20
18042991895332682,17841407868310918,kan_news,"כאן חדשות","הנשיא ה-39 של ארצות הברית ג'ימי קרטר הלך לעולמו בגיל 100. קרטר שימש כנשיא כשנחתם הסכם השלום בין ישראל למצרים, והיה מיוזמי ועידת השלום שהתקיימה בקמפ דייוויד בהשתתפות ראש ממשלת ישראל דאז מנחם בגין ונשיא מצרים אנואר סאדאת. בשנת 2002 זכה קרטר בפרס נובל לשלום בגין ""עשרות שנים של מאמץ למען מציאת פתרונות לסכסוכים ברחבי העולם""

@nathanguttman @moavvardi 
צילום: AP",0,"12/29/2024 13:35",https://www.instagram.com/p/DELXRezNoiV/,"IG image",,Lifetime,39089,29613,1071,10,0,40,10
18254109223275716,17841407868310918,kan_news,"כאן חדשות","השחקנית הישראלית גל גדות חשפה בפוסט בחשבון האינסטגרם שלה כי עברה בחודש פברואר האחרון ניתוח חירום בעקבות קריש דם שאובחן במוחה. הניתוח התרחש כשהייתה בחודש השמיני להיריון עם בתה הרביעית אורי. ""אני בריאה לחלוטין ומודה על החיים שקיבלתי חזרה"", כתבה בפוסט ששיתפה עם 108 מיליון העוקבים שלה.

""השנה הזו הייתה שנה של אתגרים גדולים והרהורים רבים, והתלבטתי איך או אפילו האם לחלוק בסיפור האישי שלי"", כתבה גדות. ""בסוף החלטתי לתת ללב שלי להוביל אותי. אולי זו הדרך שלי לעבד את הכול, להסיט את המבט מהמציאות השברירית שמאחורי הרגעים שאנחנו משתפים ברשתות החברתיות. יותר מכל, אני מקווה שבעזרת השיתוף הזה אוכל להעלות את המודעות ולתמוך באחרים שעלולים להתמודד עם משהו דומה"".

""בחודש פברואר, במהלך החודש השמיני להריוני, אובחנתי עם קריש דם גדול במוח"", היא שיתפה. ""במשך שבועות סבלתי מכאבי ראש מייסרים שריתקו אותי למיטה, עד שלבסוף עברתי בדיקת MRI שחשפה את האמת המפחידה. ברגע אחד משפחתי ואני גילינו עד כמה החיים יכולים להיות שבריריים. זו הייתה תזכורת לכמה מהר הכול יכול להשתנות, ובאמצע שנה קשה, כל מה שרציתי היה להחזיק מעמד ולחיות"".

""הובהלנו אל בית החולים ותוך שעות עברתי ניתוח חירום"", היא המשיכה. ""הבת שלי, אורי, נולדה באותו רגע של חוסר ודאות ופחד. השם שלה, שפירושו 'האור שלי', לא נבחר במקרה. לפני הניתוח אמרתי לירון שכשהבת שלנו תגיע היא תהיה האור שמחכה לי בקצה המנהרה הזו. הודות לצוות יוצא דופן של רופאים בבית החולים 'סידרס סיני' ושבועות של טיפול מסור, עשיתי את זה והתחלתי את הדרך להחלמה. היום, אני בריאה לחלוטין ומודה על החיים שקיבלתי בחזרה"".

""המסע הזה לימד אותי כל כך הרבה"", כתבה גדות. ""ראשית, חיוני להקשיב לגוף שלנו ולסמוך על מה שהוא אומר לנו. כאב, אי נוחות או אפילו שינויים עדינים נושאים לעתים קרובות משמעות עמוקה יותר וההקשבה לגוף שלך יכולה להציל חיים. שנית, המודעות חשובה. לא היה לי מושג ששלוש מתוך 100 אלף נשים בהיריון בגילאי 30 פלוס מאובחנות עם CVT (מפתחות קריש דם במוח)"".

""גילוי מוקדם חשוב כל כך כי זה בר טיפול"", היא סיכמה את הפוסט. ""למרות שזה נדיר, זאת אפשרות והידיעה שהיא קיימת היא הצעד הראשון לטפל בה. הפוסט הזה לא נועד להפחיד אף אחד אלא לחזק. אם אפילו אדם אחד ירגיש צורך לפעול למען בריאותו בגלל הסיפור הזה, היה שווה לשתף אותו""

alon_fruchter",0,"12/29/2024 13:44",https://www.instagram.com/p/DELYYOnNQ63/,"IG image",,Lifetime,43098,32839,880,4,1,15,15
17859218784265712,17841407868310918,kan_news,"כאן חדשות","אחרי ששלג ירד במשך כל הלילה, כ-40 ס""מ שלג נמדדו הבוקר במפלס העליון בהר החרמון. בשל המצב הביטחוני האזור מוגדר שטח צבאי סגור - ואף מבקר או גולש סקי לא הגיע להר המושלג ⛄

@rubih
צילום: אתר החרמון",0,"12/30/2024 00:10",https://www.instagram.com/p/DEMf9o3snFq/,"IG image",,Lifetime,44999,34953,2017,178,0,11,30
18111710161440334,17841407868310918,kan_news,"כאן חדשות","דר רחוב בן כ-40 אותר בחדרה ללא סימני חיים ועם חשד להיפותרמיה. החובש שטיפל בו, סיפר: ""הגבר שכב ברחוב כשהוא מחוסר הכרה וקר מאוד למגע. כשהגענו הוא היה ללא דופק וללא נשימה, עם סימני היפותרמיה. ביצענו בדיקות רפואיות אבל נאלצנו לקבוע את מותו במקום"".

 במגן דוד אדום קוראים לציבור - במיוחד בימי החורף - לבדוק באופן יום יומי את בני המשפחה, השכנים, החולים והקשישים ושמתגוררים לבדם ולשאול לשלומם. 

צילום: אילוסטרציה -  Oren Nahshon / FLASH90",0,"12/30/2024 00:45",https://www.instagram.com/p/DEMj7JqJGUP/,"IG image",,Lifetime,124276,94907,3197,284,5,72,74
18078002848549033,17841464234747957,kan_reshetb,"כאן רשת ב","“עסקה, לא עסקה, רכבת ההרים הזו הורגת אותי. אני מנסה להיות חזק כי כשהיא תחזור היא לא יכולה לראות אותי שבר כלי”: שלומי, אביה של אגם ברגר, התצפיתנית החטופה בעזה על התחושות סביב המו”מ המתגבש לעסקת חטופים",0,"12/30/2024 01:12",https://www.instagram.com/p/DEMnGbIIqXE/,"IG carousel",,Lifetime,106075,59740,3747,97,4,42,0
18257424589282475,17841407868310918,kan_news,"כאן חדשות","מבצע הקומנדו הנועז: הפשיטה הלילית הישראלית בסוריה - והשמדת מפעל הטילים האיראני
@itayblumental",370,"12/30/2024 01:45",https://www.instagram.com/reel/DEMptenon3f/,"IG reel",,Lifetime,88009,50600,3305,858,8,139,340
18023425676329562,17841407868310918,kan_news,"כאן חדשות","ח""כ פינדרוס מיהדות התורה על שירותם הצבאי של בני הציונות הדתית: ""לא יכול להסתכל להם בעיניים, אבל רואה את המחיר שהם משלמים ביציאה מהדת - ולכן אני לא שם""

@dikla_aharon @akivaweis",37,"12/30/2024 03:21",https://www.instagram.com/reel/DEM1wpUsU1v/,"IG reel",,Lifetime,32834,20188,447,49,0,191,28
18030034034237568,17841407868310918,kan_news,"כאן חדשות","אדם תועד כשהוא משחית פרסומת עם תמונה של רותם סלע על אוטובוס בירושלים. תנועת התעוררות וסגן ראש העיר הגישו תלונה למשטרה

@vered.pelman
צילום: מתוך טיקטוק, laniahpierjr",28,"12/30/2024 03:55",https://www.instagram.com/reel/DEM5tbHJB_-/,"IG reel",,Lifetime,109266,61112,1218,232,3,472,87
18473148385055799,17841407868310918,kan_news,"כאן חדשות","ישראלי נוסף יואשם בביצוע עבירות ביטחוניות בתמורה לכסף: אלכסנדר גרנובסקי, תושב פתח תקווה בן 29, נעצר על ידי שב""כ והמשטרה בחשד שמחודש נובמבר, ביצע משימות בשליחת גורמים איראניים, כשהוא מבין שהן עלולת לפגוע בביטחון המדינה. בין המשימות שביצע גרנובסקי: הצתת שמונה רכבים, ריסוס כתובות הגרפיטי ""ילדי רוחאללה"" (המנהיג העליון של איראן לשעבר), צילם מתקן תשתית של ישראל במרכז הארץ, צילום הכניסה לשכונת מגוריו של חבר הכנסת ושר הביטחון לשעבר בני גנץ ושליחת הצילום למפעיליו, העברת מידע ישראלי אחר לטובת בחינת גיוסו לפעילות על ידי גורמי הטרור, רכישת מדים צבאיים במטרה כדי להכין סרטון שבו הוא ישרוף אותם ועוד.

מהחקירה עלה כי מפעליו בחנו מולו אפשרות להשיג רובה ורימונים כדי לירות לעבר בתים. הם אף ביקשו ממנו לאסוף ולהעביר מידע על כתובות מגורים של שרים בממשלה, להצית ניידת משטרה, אוטובוס ומשאית - משימות שגרנובסקי סירב לבצע.

@itay.blumental",0,"12/30/2024 05:37",https://www.instagram.com/p/DENFaizR5GG/,"IG image",,Lifetime,53674,39187,956,111,0,58,24
18082251607583807,17841407868310918,kan_news,"כאן חדשות","אריאל ביבס ובת דודתו תואם גדלו ביחד מהרגע הראשון, עד שהגיע 7 באוקטובר: ""היא אומרת לי: 'לא מצאו אותם כל כך הרבה זמן, הם בטח מתים'"". הכתבה המלאה - הערב במהדורת כאן חדשות

@nofarji",56,"12/30/2024 06:19",https://www.instagram.com/reel/DENKGv8oiKd/,"IG reel",,Lifetime,177303,117550,8135,291,12,179,215
17855983008285816,17841407868310918,kan_news,"כאן חדשות","הלילה החריג בג'באליה: המחבלים יצאו מהמחבוא בעקבות הגשם, לוחמי צה""ל ארבו להם - והשמידו פלוגת חמאס תוך 3 שעות⬇

עוד משעות הערב, צה""ל נערך בג'באליה לניסיונות של מחבלים לצאת למתקפות ולברוח מהאזור, בעקבות הגשם הכבד ושדה הראייה המוגבל. תוך שימוש במידע מודיעיני, לוחמי גבעתי ושריון ארבו למחבלים שניסו לאגף את כוחות צה""ל, לבצע התקפה, ולברוח בחסות הגשם.

לוחמי גדוד שקד כיתרו מחנה ג'באליה. תוך כדי ירי יזום שככל הנראה הפחיד את המחבלים, סגן מפקד הגדוד זיהה יותר מ-20 מחבלים שנסו לברוח. ברגע אחד פתחו הלוחמים באש וחיסלו את המחבלים. שניסו לאגף את כוחות צה""ל, לבצע התקפה, ולברוח בחסות הגשם.

לא הרחק משם, לוחמי גדוד 52 מחטיבה 401 זיהו חוליה של מחבלים עם רובי קלצ'ניקוב ואפודים כשהם נכנסים לתוך מבנה. המפקדים בכוח קיבלו החלטה לתקוף את המבנה באמצעות מטוס קרב. בזמן שהמתינו לנפילת הפצצה מהאוויר, באופן מקרי, למבנה נכנסו עוד שתי חוליות מחבלים. שתי דקות לאחר מכן הפצצה נפלה על הבית וכל המחבלים שהיו בפנים חוסלו. לוחמים שנכנסו לסרוק את הבית, ספרו 24 מחבלים שחוסלו בתקיפה.

באזור אחר במחנה זיהו לוחמי גבעתי חוליית מחבלים כשהיא מנסה להניח מטען חבלה על ציר הנסיעה. גם החולייה הזו חוסלה באמצעות ירי של צלפים. לא הרחק משם, לוחמי היחידה הרב ממדית שהיו במארב, חיסלו שישה מחבלים שזוהו בסמוך אליהם. מחבל נוסף נעצר בחיים, והועבר לחקירה של כוחות הביטחון תוך שהוא סיפק מידע על חבריו שזה עתה נהרגו.

בתוך שלוש שעות, פלוגת חמאס שלמה הושמדה, בחסות הגשם ותנאי מזג האוויר, והערכות למודת ניסיון של אוגדה 162 שנמצאת בלחימה בעזה כבר יותר משנה ללא הפסקה.

@itayblumental 
צילום: דובר צה""ל",0,"12/30/2024 07:00",https://www.instagram.com/p/DENO5mdRP11/,"IG image",,Lifetime,113522,81012,6777,220,2,206,148
17882380806196836,17841407868310918,kan_news,"כאן חדשות","הזמר אייל גולן הגיב לתחקיר התוכנית ""יהיה טוב"" ששודרה אתמול בכאן 11, שם התראיינה בפנים גלויות המתלוננת הראשית נגדו בפרשת ""משחקי חברה"", טאיסיה זמולוצקי. 

""בראש ובראשונה, וכמו בעבר, אני שוב מתנצל עמוקות בפני אלו שנפגעו ממעשיהם של מי שהיו מקורבים אליי בזמן האירועים, השתמשו בשמי וניצלו זאת להתנהגות שאין לה מקום ואני מוקיע אותה מכל וכל"", כתב הזמר בפוסט שפירסם באינסטגרם, ""כל המעשים האלו נעשו ללא ידעתי ומאחורי גבי, וכך גם אפשר להבין מהכתבה ששודרה אתמול. על אלו סליחה מעומק לבי. הוצאתי מחיי את כל אותם האנשים, כולל אבא שלי, שניתקתי איתו קשר, והחלפתי בתעודת הזהות את שם משפחתי בגלל מעשיו"".

""לפני הכל גם אני אבא לילדים שהם הדבר הכי יקר וחשוב לי, ילדים שכבר שנים נחשפים לאמירות קשות מאוד עליי ברשתות דברים שמעולם לא נחשדתי בהם. הכל נחקר, הכל נבדק ואפילו באופן תקדימי - פעמיים. המסקנות של הגורמים המוסמכים היו חד משמעיות והתגובה של עורך דיני טל גבאי מחדדת את כל העובדות"", המשיך גולן, ""שני הסיפורים היחידים ששמי מוזכר בהם שקרו בהפרש של שנה משוללים כל יסוד ונבדקו במסרקות ברזל על ידי הגורמים המקצועיים לכך - משטרת ישראל ומערכת המשפט. וכך גם הן העידו בשנים הראשונות עד לתביעה הכספית, כבר עשר שנים שהסיפורים השתנו אינספור פעמים לשלל גרסאות סותרות בעקבות התביעה הכספית שהוגשה וכדי להפעיל עליי לחץ ציבורי"".

ממשטרת ישראל נמסר באשר לריאיון: ""מדובר בחקירה מקצועית ויסודית שהתנהלה באופן סמוי בשנת 2013, שבמהלכה ביצעה המשטרה מגוון רחב של פעולות חקירה לרבות מעצרים, גביית עדויות ועימותים בין המתלוננות לבין החשודים. בניגוד לנטען, נדגיש כי החקירה התנהלה ברגישות ונשמרו כל זכויותיהם של המתלוננות, כאשר בתום החקירה שלוותה על ידי פרקליט מלווה, הועבר התיק לעיון והחלטת הפרקליטות שהגישה כתב אישום חמור נגד אחד המעורבים"".

@maya_rachlin 
צילום: משה שי, פלאש 90",0,"12/30/2024 07:22",https://www.instagram.com/p/DENRbrvRhXl/,"IG image",,Lifetime,83830,61587,990,58,2,239,26
18321830611088042,17841407868310918,kan_news,"כאן חדשות","סמל אוריאל פרץ, בן 23 מביתר עילית, לוחם בגדוד נצח יהודה (97), חטיבת כפיר, נפל בקרב בצפון רצועת עזה.
יהי זכרו ברוך🥀

@itayblumental",0,"12/30/2024 08:00",https://www.instagram.com/p/DENVy_SRpbK/,"IG image",,Lifetime,48171,37828,1662,52,0,178,12
18046964777277879,17841407868310918,kan_news,"כאן חדשות","מה קורה במסיבות של אייל גולן? העדות המצמררת של טאיסיה זמולוצקי, המתלוננת הראשית נגדו בפרשת ""משחקי חברה"" | מתוך התוכנית ""יהיה טוב"" בכאן 11
@ronikuban @omriassenheim",68,"12/30/2024 09:30",https://www.instagram.com/reel/DENgCqNJKyZ/,"IG reel",,Lifetime,101986,54133,1817,279,5,375,72
18064110766830160,17841407868310918,kan_news,"כאן חדשות","נעמד על גג המכונית - וטיפס על הניידת: חילוץ הדרמטי של תושב נתניה לאחר שרכבו נתקע בשל ההצפות בעיר
@hadasgrinberg 
 
צילום: דוברות המשטרה",35,"12/30/2024 10:23",https://www.instagram.com/reel/DENmHrRKLKO/,"IG reel",,Lifetime,63129,38173,875,244,3,25,35
17961437162842232,17841418830539247,shapirayaara,"Yaara Shapira","נתניהו הבטיח היום: ""חוק הגיוס בהכנה, נביא אותו"". אבל אף אחד לא האמין",43,"12/30/2024 10:36",https://www.instagram.com/reel/DENnZWJtPy0/,"IG reel",,Lifetime,28097,18531,299,5,6,58,0
18053675921000463,17841407868310918,kan_news,"כאן חדשות","גורם פלסטיני המעורה במשא ומתן שפך אור בשיחה עם כאן חדשות על סלע המחלוקת שמעכב את ההתקדמות במגעים לעסקת חטופים. לפי הגורם, בחמאס מסרבים לשחרר 12 ישראלים ורוצים במקום זאת להשיב לישראל 12 גופות.

נכון לעכשיו, במסגרת ההסכם העבירה ישראל לארגון הטרור רשימה של 34 חטופים. חמאס הסכים על 22 מהשמות, אך ביקש להחליף את ה-12 הנותרים בגופות חטופים. המקור מסר כי ראש הממשלה בנימין נתניהו סירב להוספת גופות חטופים כחלק מהרשימה.

בתוך כך, מצרים וקטר מנסות להפעיל לחץ על ישראל ועל חמאס לקיים מגעים נוספים לעסקה לשחרור חטופים בניסיון לפתור את המחלוקות בין הצדדים. בסביבתו של ראש הממשלה בנימין נתניהו אמרו: ""גם אם תהיה עסקה, ישראל תחזור ללחימה כדי להשלים את מטרות המלחמה"". זאת, בניגוד לדרישת חמאס שהוא מוסיף לדבוק בה, שלפיה העסקה תצא לפועל רק בתנאי שהמלחמה תופסק באופן מוחלט.

@eliorlevy 
צילום: מרים אלסטר, פלאש 90",0,"12/30/2024 11:38",https://www.instagram.com/p/DENuu41R1cP/,"IG image",,Lifetime,76683,54231,1310,76,0,100,53
18056622766969345,17841407868310918,kan_news,"כאן חדשות","היועצת המשפטית לממשלה גלי בהרב-מיארה פרסמה התנגדות למינויו של עורך הדין רואי כחלון לתפקיד ממלא מקום נציב שירות המדינה. על פי בהרב-מיארה ישנה “מניעה משפטית” לאישור המינוי מכיוון שכחלון “הטעה בקורות החיים שלו” וטען לניסיון ניהולי שאין לו. כך פורסם לראשונה בכאן חדשות.

כחלון, מועמדו של ראש הממשלה בנימין נתניהו לתפקיד, ציין בקורות החיים שלו ש”ניהל בעקיפין 50 עובדים”. אולם, בחדשות הערב בכאן 11 פורסם לפני כשבוע כי בתפקידו האחרון בפרקליטות שימש כחלון ראש צוות, תפקיד שבו הייתה לו אחריות ישירה על 10-5 עובדים בלבד.
@shemeshmicha",0,"12/30/2024 11:39",https://www.instagram.com/p/DENuxcCI8WU/,"IG carousel",,Lifetime,66231,38242,1045,22,0,322,43
18086262415550985,17841407868310918,kan_news,"כאן חדשות","האזעקות במרכז ובשפלה: חיל האוויר יירט טיל בליסטי ששוגר מתימן - לפני שחצה לשטח הארץ. ההתרעות הופעלו מחשש לפגיעות משברי היירוט
@itayblumental",13,"12/30/2024 13:24",https://www.instagram.com/reel/DEN6yxzCzxQ/,"IG reel",,Lifetime,46574,28186,588,37,4,30,17
18265377886267313,17841407868310918,kan_news,"כאן חדשות","חברת ""שרית הפקות"" הודיעה היום רשמית על ביטול השתתפותו של הזמר אייל גולן בפסטיבל הנשים באילת. החברה מסרה כי היא ""מאחלת לכל הנשים באשר הן, נחישות, אומץ, עמידה על זכויותיהן, וחוסן נפשי. פסטיבל נשים ימשיך להעצים נשים ולחזקן בכל דרך""

השחקנית מיכל צפיר ביטלה את השתתפותה בפסטיבל קודם לכן, וסיפרה בשיחה עם כאן חדשות כי ""החלטתי לבטל בעקבות הריאיון אצלכם, עם טאיסיה. זה מה שהרגיש לי. יותר מכל אקט מחאה או מאבק, הרגיש לי האקט הנכון כתמיכה בטאיסיה, שתלך בראש יותר מורם, יותר זקופה ופשוט להזכיר לה שיש גם אנשים טובים""

צילום: משה שי, פלאש 90
@dorit_mizrahi_",0,"12/31/2024 01:35",https://www.instagram.com/p/DEPOb8wsNgw/,"IG image",,Lifetime,79848,64731,2427,67,2,174,16
18092351539518008,17841407868310918,kan_news,"כאן חדשות","*אזהרת טריגר - אונס*
הלילה שהותיר צלקת אצל נ’ וטאיסיה: “אי אפשר היה שלא לשמוע, צעקות של ׳לא׳, ׳די׳, ׳מספיק׳”

@omriassenheim @ronikuban",73,"12/31/2024 03:54",https://www.instagram.com/reel/DEPeRnMoneu/,"IG reel",,Lifetime,126989,65556,3064,260,4,500,146
18034623242595304,17841403904946515,kan_israel,"כאן | תאגיד השידור הישראלי","מה חשבתם, שלא נעשה סיכום שנה משלנו? 
אז מה היה לנו ב-2024 בכאן, תאגיד השידור הישראלי. מתחילים >>> 
• התכנית האהובה שנכנסה לכל בית בישראל, “קופה ראשית”, עשתה את זה שוב: “קופת ברזל” - פרק ספיישל שבו עובדי הסופר הכי מפורסם במדינה מנסים להתמודד עם השגרה המאתגרת על רקע המלחמה הוא הסרטון הכי נצפה ביוטיוב לשנת 2024 עם מעל ל-3.2 מיליון צפיות בפלטפורמה! 
• לציון שנה לטבח 7 באוקטובר, יצאנו עם מספר פרויקטים תיעודיים, בהם סדרת הדגל שלנו “היום שלא נגמר” - מסמך תיעודי היסטורי על היום ששינה את פני ישראל, עם מעל ל-100 מרואיינים ומרואיינות - הסדרה זכתה למיליוני צפיות בדיגיטל ובטלוויזיה 
• רחל מאופקים - סרט בלעדי שמביא את סיפורה הבלתי נתפס של רחל אדרי מאופקים, שהוחזקה בת ערובה יחד עם בעלה, דוד, ב-7 באוקטובר בעיר. הסרט כלל סצינות שחזור ותיעודיים בלעדיים ממצלמות השוטרים, ושבר שיא רייטינג של 8.1 לסרט דוקו בכאן 
• זריחה שחורה - הטבח במסיבת הנובה מנקודת מבטם של הניצולים - הסרט זכה בפרס האקדמיה לטלוויזיה של גרמניה לסרט התיעודי הטוב ביותר, ושודר בעשרות מדינות ברחבי העולם בהן איטליה, צרפת וספרד ובין היתר גם בקונגרס האמריקני 
• “זמן אמת” - תכנית התחקירים שלנו פרסמה גם השנה תחקירים שעוררו סערה ושינו את סדר היום החדשותי בישראל - בין היתר: היכן היה חיל האוויר ב-7 באוקטובר, הקלטות “מיגונית המוות” ברעים, סיפורו של “המרגל” מפיקוד דרום ומבצע ההתיישבות בעזה.

המשך בתגובה הראשונה —>",0,"12/31/2024 04:39",https://www.instagram.com/p/DEPjgiyuwfV/,"IG carousel",,Lifetime,115975,44239,1715,12,0,21,0
18012743168491017,17841407868310918,kan_news,"כאן חדשות","איך הגיע RPG לרשות הפלסטינית? האמל""ח שהשאיר את ישראל בהלם
@carmeldangor",99,"12/31/2024 07:15",https://www.instagram.com/reel/DEP1PBayYiH/,"IG reel",,Lifetime,68216,39392,1879,144,2,67,87
17907222519070878,17841407868310918,kan_news,"כאן חדשות","שתי הסיבות שבגללן בן גביר הכריח את נתניהו להגיע להצבעה מבית החולים 
@shemeshmicha",81,"12/31/2024 10:39",https://www.instagram.com/reel/DEQLmvXITOa/,"IG reel",,Lifetime,38416,23095,814,30,9,62,18
18030796796603144,17841407868310918,kan_news,"כאן חדשות","מזעזע: שוטרים עצרו הלום קרב כי עלה עם כלב נחייה לאוטובוס בבני ברק. המשטרה הודיעה כי תקיים תחקיר מיידי של האירוע וכי השוטרים המעורבים הושעו מפעילות מבצעית.

@anna.pines",78,"12/18/2024 12:26",https://www.instagram.com/reel/DDu6kTXMOap/,"IG reel",,Lifetime,66934,43706,817,72,19,187,30
17941259735944062,17841407868310918,kan_news,"כאן חדשות","לוחמי שלדג מצאו מנוע של מסוק צה״ל שהתרסק לפני 50 שנה בחרמון הסורי, כשהיה בדרך לחלץ גופות ופצועים ב-27 באפריל 1974.

בתאונה נפלו הטייסים סרן גולן לוי וסגן עמית אמיר, המכונאים המוטסים סמל יעקב ברנהיים וסמ״ר יעקב רול, הרופא רס״ן ד״ר אחיקם אבני והחופש סמ״ר מאיר רוזנשטרוך. בצה״ל מקווים למצוא באזור שרידים נוספים של המסוק 

@ItayBlumental
צילום: מתוך אתר ״יזכור״",0,"12/22/2024 00:42",https://www.instagram.com/p/DD39PFpqBAq/,"IG image",,Lifetime,62767,48682,2949,51,0,23,73
18348866395182127,17841407868310918,kan_news,"כאן חדשות","עינב צנגאוקר בדמעות קורעות לב אחרי שראתה את הסרטון של בנה מהשבי: ”מתן שלי תחזיק מעמד, נמשיך להילחם עד שתחזור”
@anna.pines",88,"12/07/2024 09:27",https://www.instagram.com/reel/DDSRXBUiVTi/,"IG reel",,Lifetime,154207,110905,3949,296,5,206,64
18045963101136085,17841407868310918,kan_news,"כאן חדשות","משרד רה”מ החליט להוציא מידיו את האחריות להקמת וניהול אתר ההנצחה הלאומי לטבח 7 באוקטובר, ולהעביר אותה להסתדרות הציונית. גורמים המעורים בנושא מתחו ביקורת על המהלך ואומרים כי מדובר בניסיון לשלוט בנרטיב של ההנצחה - ולמזער את מעורבות הציבור והתושבים במהלך. היום הוחלט להעביר 5 מיליון שקלים לטובת המהלך בהתקשרות עם ההסתדרות הציונית, שהועברו באופן “סיבובי” - ממנהלת תקומה למשרד רה”מ, ומשם להסתדרות הציונית.

גורם המעורה בנושא מתח ביקורת חריפה על המהלך ואמר לכאן חדשות: “ההנצחה הזו מאוד רגישה - והמהלך הזה נועד לשלוט על הנרטיב. זה הולך להיות במודל של יד ושם מבחינת ההנצחה. נתניהו הוא בן של היסטוריון, הוא מבין את החשיבות של זה - שזה יהיה לדיראון עולם. הם רוצים להשאיר את זה בצד הימני של המפה, בצד שנשלט”.

הגורם הוסיף כי מדובר בסוגייה השנייה שיוצאת מטעמים לא מובנים לידי ההסתדרות הציונית, וכך גם קרה עם מנהלת החטופים והשבים. “הם ראו כי טוב, כי מנהלת החטופים עברה בשקט, ועכשיו הם העבירו גם את ההנצחה לשם”, אמר הגורם.

@gilicohen10 
צילום: יונתן זינדל, פלאש 90

מה דעתכם?",0,"12/18/2024 11:57",https://www.instagram.com/p/DDu3UMOol_7/,"IG carousel",,Lifetime,78895,44558,1112,32,0,70,58
17869726029181048,17841407868310918,kan_news,"כאן חדשות","בדמעות קורעות לב: אחותו של החטוף מתן צנגאוקר בברכה שלא השאירה עין אחת יבשה, במחאה לציון יום הולדתו בשבי - בפעם השנייה
@anna.pines",86,"12/18/2024 11:01",https://www.instagram.com/reel/DDuw1HzMPNT/,"IG reel",,Lifetime,71674,53223,2254,112,8,1317,62
17967920192821450,17841407868310918,kan_news,"כאן חדשות","ביחד לנצח: מאז שאלכס לובנוב ואורי דנינו נחטפו מהנובה, החיבור בין בנות זוגם, היה מיוחד במינו. בהמשך הפך הגורל המשותף לטרגי - בני זוגן, אלכס ואורי, ששהו יחד בשבי מאז שנחטפו, נרצחו במנהרה ברפיח. מאותו הרגע הן מוצאות סימנים מצמררים. אחד מהם הוא הדימיון בקעקועים שעשו לזכרם

@itsik_z",82,"12/18/2024 10:31",https://www.instagram.com/reel/DDuteFisC4f/,"IG reel",,Lifetime,70872,48661,1497,63,3,84,74
17920396629001461,17841407868310918,kan_news,"כאן חדשות","מילותיו של סרן איתן אוסטר ז""ל דוחפות את לוחמיו להמשיך להילחם❤️‍🩹 מתוך סדרת הכתבות ""דור הניצחון"" על סיפורי הגבורה של דור הטיקטוק שעזב הכל - ויצא להילחם | הפרקים המלאים עכשיו ביוטיוב של כאן 11
@vicoatooan",83,"12/18/2024 08:32",https://www.instagram.com/reel/DDufuKdPPk5/,"IG reel",,Lifetime,133787,85079,4028,329,25,416,199
18207197992294346,17841407868310918,kan_news,"כאן חדשות","לפי העיתון הפלסטיני ""אל-קודס"", המשא ומתן בין ישראל לחמאס נמצא בשלבים אחרונים. מקורות הבקיאים בפרטים דיווחו לעיתון כי בשלב זה מתנהל דיון לגבי זהות האסירים הפלסטיניים שעתידים להשתחרר בעסקה. בדיווח נטען כי המחבלים הכבדים, שמרצים מאסרי עולם, יגורשו כנראה לטורקיה ולאיראן - והיתר ישוחררו לגדה המערבית ולרצועת עזה. ב""אל-ערביה"" דווח כי גם קטר מהווה יעד אפשרי להגליית האסירים הכבדים. בתוך כך, דווח בערוץ הסעודי ""א-שרק"" כי ""ישראל סירבה עד כה להסכים לשחרור האסירים והמנהיגים הפלסטינים הבכירים. ישראל מתעקשת לגרש את כל האסירים בעלי העונשים הכבדים אל מחוץ לשטחים הפלסטיניים"".

לפי ""אל-ערבי אל-ג'דיד"", חמאס נתן תשובות בנוגע לחלק מהחטופים שנותרו בחיים, אחרי שיצרו קשר עם חלק מהארגונים שמחזיקים בהם. מקורות שבקיאים בפרטי המשא ומתן דיווחו כי חמאס לא מתנגד למסור פרטים וסימני חיים על חלק מהחטופים, אך טוען שיש קושי ואף חוסר היתכנות למצוא פרטים בנוגע לשאר החטופים. לפי הדיווח, חמאס הוסיף לטעון כי הוא מתחייב שעם סיום הלחימה, הוא ימסור את כל הפרטים שישראל דורשת ויעניק טיפול רפואי לחטופים שזקוקים לכך.

אתמול גורם רשמי בחמאס מסר לעיתון האמריקני ""וושינגטון פוסט"" כי ארגון הטרור ויתר על הדרישה לנסיגה מלאה של צה""ל מעזה ועצירת המלחמה. עם זאת, גורם זר המעורב במגעים מסר לכאן חדשות כי עדיין קיימות מחלוקות בין הצדדים.

@omershahar10
צילום: AP",0,"12/18/2024 06:37",https://www.instagram.com/p/DDuSrRWxNDB/,"IG image",,Lifetime,58232,42056,1294,17,0,85,35
18046570201924965,17841407868310918,kan_news,"כאן חדשות","האשמות חמורות מצד קציני צנחנים במילואים נגד מפקד החטיבה: ""לא חתר למגע בזמן הלחימה, ביזה והשפיל את פקודיו ובילה חלק ניכר מזמנו לצד חיילות וקצינות"" 👇

הקצינים, שחלקם נמצאים לפני שחרור ואחרים שוחררו לאחרונה, כתבו מכתבים מפורטים וזועמים למפקד אוגדה 98 לשעבר, תא""ל דן גולדפוס, והסבירו שלאחר התלבטות קשה החליטו להתלונן נגד המח""ט מתוך תחושת אחריות ורצון לשמור על דור המפקדים הבא של צה""ל.

אחד הקצינים כינה את אל""מ עמי ביטון ""הקצין הכי גרוע בצבא"". קצין אחר בחטיבה כתב: ""התנהלותו הייתה כה קיצונית לרעה ומנוגדת לכל הערכים המנהיגותיים והאנושיים שצה""ל מחנך אליהם דורות של מפקדים, ובראשם כבוד האדם ודוגמא אישית - שאני חושב שאי אפשר לעבור עליה לסדר היום"".

במכתבים עולות טענות חמורות וקשות לכאורה נגד מפקד חטיבת הצנחנים. קצין ששירת לצידו לאורך תקופה ממושכת בעזה כתב: ""הדברים מעוררים בי חלחלה ומועקה גדולה ביחס לאיך מח""ט בצה""ל מתנהג עם אנשיו ומתייחס אליהם, אירועים שפוגעים בערכי רוח צה""ל ובערכים בסיסיים בין אדם לחברו שאף בשעת מלחמה אין לחצות אותם בשום צורה"".

קצינים ששרתו לצידו טענו להשפלות שחוו לאורך תקופה, איבוד עשתונות, צעקות, זלזול ואי מילוי פקודות הממונים. אחד הקצינים כתב לתא""ל גולדפוס על השירות לצד המח""ט: ""הרגשתי כמו אישה מוכה שבעלה אונס אותה יום יום – ואני לא מגזים"".

בין היתר טען הקצין שלמרות שהמפקדים דרשו לצאת קדימה ולחתור למגע, המח""ט דחף דווקא להישאר מאחור, וכי במהלך הסתערות של מפקדי הגדודים הוא נרדם בחמ""ל. טענות על שהמח""ט העדיף להסתגר ולישון בחדרו הועלו ע""י קצינים נוספים בחטיבה. חלק מהקצינים טענו שבזמן שהגדודים נלחמו בעזה, נשאר המח""ט ב""בית המח""ט, כשהוא על חצי ב' ועם כפכפים"". 

הקצינים טענו ליחס שונה לנשים, חיילות וקצינות בחטיבה, שקבלו יחס מועדף. ""כשהגיעה בת לחפ""ק פתאום הוא נתן יחס רך"", טען אחד הקצינים. במכתבים ששלחו עלו טענו שהוא החליף טלפונים עם קצינות וחיילות, התכתב איתן, כינה אותן בשמות, ו""ציחקק איתן בלי סוף"". אחד הקצינים טען שהמח""ט אמר לו ""אם אתה רוצה שהלו""ז יעבור בצורה טובה, תביא איתך בחורה"", ו""אם זה לא רמה ממונה או בחורה - זה לא מעניין"".

מדובר צה""ל נמסר: ""מדובר בטענות שהתקבלו לפני מספר חודשים ונבדקו בעבר, אך לאור חזרתן נבדקות שוב כעת. מפקד פיקוד המרכז מינה קצין חיצוני בדרגת תא""ל שיברר את הטענות עם כותביהן ויציג את מסקנותיו בהקדם. אל""מ עמי ביטון מוביל בשנה האחרונה את חטיבת הצנחנים לאורך המלחמה עם הישגים משמעותיים בכל זירות הלחימה""

@itayblumental  @roysharon11 
📷: דו""צ",0,"12/18/2024 04:43",https://www.instagram.com/p/DDuFs9PxYeW/,"IG image",,Lifetime,74139,52604,1619,367,1,59,69
18025014815313319,17841407868310918,kan_news,"כאן חדשות","תחקיר מטלטל בזמן אמת בכאן 11 על הנהג נחמן חורי, שלמרות תמרורי אזהרה מהבהבים, המשיך לנהוג עד שדרס למוות רוכב אופניים #זמןאמת #כאן11",134,"12/18/2024 04:10",https://www.instagram.com/reel/DDuBy-jMPnV/,"IG reel",,Lifetime,384576,242092,7759,2737,174,553,724
17949601148873480,17841407868310918,kan_news,"כאן חדשות","כתבנו @ittaishick הגיע לסטרט אפ הקטן CorrActions ושמע למה דווקא הפיתרון שלהם לנהיגה בשכרות הוא זה שישנה את העולם | הכתבה המלאה בכאן BOX וביוטיוב של כאן חדשות",52,"12/18/2024 00:55",https://www.instagram.com/reel/DDtrXxgogos/,"IG reel",,Lifetime,46049,34032,440,63,4,30,24
17856300774338368,17841407868310918,kan_news,"כאן חדשות","הנוער יוצא להפגין 🦸

@yoavborowitz
@veredpelman
צילומים: זהר בר יהודה, תניא ציון וולדקס, נוקי שריר.

אנחנו עושים מאמץ גדול לאתר את בעלי הזכויות בצילומים.
השימוש ביצירות שבעל הזכויות בהן אינו ידוע או לא אותר נעשה לפי סעיף 27א ל""חוק זכויות יוצרים""
אם זיהיתם צילום ואתם בעלי הזכויות בו, יש לפנות ל-zcuyot@kan.org.il",0,"12/18/2024 00:06",https://www.instagram.com/p/DDtl69iIsPl/,"IG carousel",,Lifetime,74822,45824,3882,162,1,169,46
17939261270941122,17841407868310918,kan_news,"כאן חדשות","חרושת שמועות עבור אירוע מצולם בחרמון: ראוי שראש הממשלה, הפרקליטות ובית המשפט יתנהלו אחרת | הפרשנות של מיכאל שמש",0,"12/17/2024 12:52",https://www.instagram.com/p/DDsY1nCICNH/,"IG carousel",,Lifetime,89427,51200,1872,79,0,196,45
17882922162188288,17841407868310918,kan_news,"כאן חדשות","יועצו המיוחד של נשיא ארצות הברית הנבחר דונלד טראמפ לענייני החטופים, אדם בוהלר, הוא שביקר במצרים. מוקדם יותר דיווחה סוכנות הידיעות רויטרס כי ראש הממשלה בנימין נתניהו עושה את דרכו לקהיר, אך מטעמו של נתניהו נמסר כי הדבר אינו נכון.

ערוץ א-שרק הסעודי דיווח הערב על פרטי המתווה החדש לעסקה לשחרור חטופים שלו הסכימו שני הצדדים.
לפי הדיווח למתווה שלושה שלבים:

בשלב הראשון: ישוחררו כל החטופות כולל החיילות, והאזרחים הישראלים - חיים ומתים - תמורת שחרור מאות אסירים פלסטינים. במקביל, צה""ל ייסוג מציר פילדלפי אל צדו המזרחי של מעבר רפיח וגם יבצע נסיגה הדרגתית מתוך הערים ומחנות הפליטים ברצועה. עוד דווח כי שלב זה יכלול סיוע לרצועת עזה וחזרה של תושבים עקורים אל צפון הרצועה, עם ""כלי ישראלי לפיקוח"" שלא נמסר מהו.

בשלב השני: ישוחררו החיילים - חיים ומתים - תמורת מספר אסירים פלסטינים שטרם נקבע, ובהם מאה עד 150 אסירים שנשפטו לתקופות מאסר ארוכות, אך ללא מנהיגי האסירים כמו מרואן ברגותי ואחמד סעדאת.  קיימת עדיין מחלוקת סביב הדרישה הישראלית לגרש חלק מהאסירים לחו""ל. עוד דווח כי בשלב זה ישראל תיסוג מהרצועה.

בשלב השלישי: תסתיים הנסיגה הישראלית, ייפתחו המעברים ויתחיל שיקום הרצועה. בסיום ביצוע שלבי ההסכם תהיה הפסקת אש מלאה ותמידית ונסיגה ישראלית מוחלטת מרצועת עזה.

@gilicohen10 @omershahar10
צילום: AP",0,"12/17/2024 11:09",https://www.instagram.com/p/DDsNAG4vIKY/,"IG image",,Lifetime,62708,48178,1356,157,1,28,39
17846663175348722,17841407868310918,kan_news,"כאן חדשות","תעריפי התחבורה הציבורית לא יועלו ב-1 בינואר 2025, כפי שתוכנן. רוב הנסיעות העירוניות באוטובוסים וברכבות היו צפויות להתייקר בשיעור של 33-35%, אך היום הוחלט כי ההעלאה תידחה ולא תתבצע לפחות עד חודש אפריל.

ביחס לשלל ההעלאות במשק ב-1 בינואר, התחבורה הציבורית נחשבה להעלאה התלולה ביותר, שנעה בשיעור של בין 30-40% בכל סוגי התשלום והתעריפים. אך הוחלט כי ההעלאה תגיע יחד עם חלקה השני של רפורמת ""צדק תחבורתי"" של משרד התחבורה. הרפורמה מבטיחה הנחות לאוכלוסיות חלשות, בהן הנחות לתושבי שכונות במעמד סוציו-אקונומי נמוך ונסיעה חינם לאזרחים ותיקים. בתוך כך, 75% מהנוסעים בישראל יקבלו הנחה בנסיעות. כמו כן, 300 מיליון שקלים יתווספו לתקציב הבסיס לתוספות קווים, שירות, נגישות, זמינות ועוד.

@sharon_idan
צילום: פלאש 90",0,"12/17/2024 10:31",https://www.instagram.com/p/DDsIp1VxnmY/,"IG image",,Lifetime,47111,36474,1308,113,0,24,30
17949753770909912,17841407868310918,kan_news,"כאן חדשות","הכנסת אישרה חוק שמעניק ליתומים של נופלים ונפגעי פעולות איבה שהוריהם גרושים זכויות שוות ליתומים של אלמנות, כולל מענק רטרואקטיבי על ההפרשים מאז 7 באוקטובר. עד כה, יתומים של חללי צה""ל ופעולות איבה שהתגרשו קיבלו פחות מאשר יתומים שהוריהם היו נשואים. זאת למרות שגרושה של נופל או נרצח, הופכת להורה יחיד - והעול הכלכלי של גידול הילדים מוטל עליה בלבד. 

מורן אסולין, גרושתו של ליאור אסולין שנספה במסיבת הנובה אמרה: ""זה שינוי היסטורי, אנשים לא מבינים מה אנחנו עוברות וכמה הקושי שלנו גדול. הכל נופל עלינו. סוף סוף רואים אותנו, זה מבורך וזה חשוב, טיפה של נחת בתוך הכאב הגדול. מודים מכל הלב על השינוי הזה"".

החוק יגדיל את תגמול הבסיס עבור גרושה עם ילד אחד מסכום של 5,535.71 שקלים ל-8,500 שקלים, ועל כל ילד נוסף - 24% מסכום התגמול. למשל, גרושה של נספה בטבח עם שני ילדים, תקבל 10,540 שקלים לחודש לעומת 6,863 שקלים, וכן מענק של 51,478 שקלים על ההפרשים בזכאות בהשוואה לאלמנה, טרם חקיקת החוק. 

בנוסף, נקבעו הטבות נוספות שלא היו קיימות בעבר לגרושות וילדיהן: סיוע בשכר דירה או החזר משכנתא של 2,500 שקלים לחודש לשלוש השנים הראשונות ממות הנספה, ⁠סיוע ברכישת רכב ליתום בסך 52,866 שקלים, טיפול פסיכולוגי לגרושה עד שהילד הצעיר ביותר יגיע לגיל 30 ו⁠זכאות להיעדרות ממקום העבודה ביום הזיכרון.

@shapirayaara
צילום: חיים גולדברג, פלאש 90",0,"12/17/2024 09:14",https://www.instagram.com/p/DDr_1uzsknA/,"IG image",,Lifetime,75821,54716,2800,47,0,36,28
17857733784334724,17841407868310918,kan_news,"כאן חדשות","לבנון נגד WAZE: כוחות ביטחון הפנים בלבנון מזהירים את האזרחים מהורדה ושימוש באפליקציה כי ""לאחר חקירה התברר שהיא פותחה בידי יישות האויב הישראלית"".
מה דעתכם?
@omershahar10",0,"12/17/2024 08:34",https://www.instagram.com/p/DDr7Q9mRYUF/,"IG image",,Lifetime,52572,36536,1354,109,0,82,33
18129697663389543,17841407868310918,kan_news,"כאן חדשות","מוקדם יותר היום נתניהו קיים הערכת מצב בחרמון הסורי עם הרמטכ""ל ושר הביטחון. הערכת המצב בסוריה בוצעה לפני פרסום הדיווח כי נתניהו בדרכו לקהיר.

@itayblumental 
צילום: תקשורת שר הביטחון",0,"12/17/2024 07:32",https://www.instagram.com/p/DDr0PrQxcPX/,"IG image",,Lifetime,39111,28629,1010,38,0,46,13
18052750180832883,17841462405893376,shemeshmicha,"Michael Shemesh מיכאל שמש","כל כך הרבה שמועות ופייק בגלל דיון בדלתיים סגורות בבית משפט עם ראש הממשלה - אסור שענייני ביטחון רגישים יתנהלו בצורה הזאת #נתניהו #שמועות #פייקניוז",64,"12/17/2024 06:47",https://www.instagram.com/reel/DDruwL6iGeF/,"IG reel",,Lifetime,47572,33684,463,18,24,110,0
18283989409172332,17841407868310918,kan_news,"כאן חדשות","גורמים יודעי דבר דיווחו לסוכנות הידיעות רויטרס כי ראש הממשלה בנימין נתניהו בדרכו לקהיר לשיחות המשא ומתן. במקביל, ערוץ אל-מיאדין הלבנוני דיווח כי מצרים הזמינה אבן-מאזן, יו""ר הרשות הפלסטינית, להגיע לקהיר מיד. לפי הדיווחים, הפסקת אש בעזה צפויה להיחתם בימים הקרובים. 

מוקדם יותר היום, גורם רשמי בחמאס מסר לעיתון ""וושינגטון פוסט"" כי חמאס ויתר על הדרישה לנסיגה מלאה של צה""ל מעזה ועצירת המלחמה. על פי הגורם, ההצעה החדשה עליה דנים במשא ומתן לעסקה כוללת הפוגה בת 60 ימים וחילופי חטופות וחטופים ישראלים במחבלים פלסטינים. 

בישראל פועלים להביא לעסקה לשחרור חטופים עוד החודש ומבהירים כי נרשמה התקדמות מול חמאס והמדינות המתווכות. עם זאת, גורמים המעורים בפרטי המשא ומתן מסרו לכאן חדשות כי חמאס מתקשה בין היתר להגיע לכלל החטופות והחטופים שאמורים להשתחרר במסגרת המתווה ההומניטרי. עוד נמסר כי ארגון הטרור מתעקש שמספר החטופות והחטופים שיכללו בשלב ההומניטרי נמוך מזה שישראל דורשת, דבר מהווה קושי גם כן.",0,"12/17/2024 06:27",https://www.instagram.com/p/DDrswPTRieC/,"IG image",,Lifetime,88974,64155,1971,179,1,64,61
17871832314248081,17841407868310918,kan_news,"כאן חדשות","רס""ל (מיל') אלכסנדר אנוסוב, בן 26 ממודיעין, הוא הלוחם השני שנפל בקריסת המבנה ברפיח. אלכסנדר היה מפקד כיתה בגדוד הנדסה 7107, חטיבת הנח""ל. הוא נפל יחד עם מפקדו, רס״ן במיל׳ מושיקו רוזנוולד. 

מתחקיר ראשוני עולה כי המבנה קרס לא בגלל מלכוד או פעולה חבלנית של אנשי חמאס, אלא בשל מצבו ההנדסי הרעוע. בתקרית גם נפצעו שני חיילים באורח בינוני.

יהי זכרו ברוך🥀

@itayblumental",0,"12/17/2024 05:36",https://www.instagram.com/p/DDrm4qcx1Cc/,"IG image",,Lifetime,49190,36858,1685,64,1,114,13
18038581142369278,17841407868310918,kan_news,"כאן חדשות","גורם בחמאס לעיתון האמריקני ""וושינגטון פוסט"": ""ויתרנו על הדרישה לנסיגה מלאה של צה""ל מעזה ועצירת המלחמה"".

על פי הגורם, ההצעה החדשה עליה דנים במשא ומתן לעסקה כוללת הפוגה בת 60 ימים וחילופי חטופות וחטופים ישראלים במחבלים פלסטינים. אתמול פורסם בחדשות הערב בכאן 11 כי בישראל פועלים להביא לעסקה לשחרור חטופים עוד החודש ומבהירים כי נרשמה התקדמות מול חמאס והמדינות המתווכות.

עם זאת, גורמים המעורים בפרטי המשא ומתן מסרו לכאן חדשות כי חמאס מתקשה בין היתר להגיע לכל החטופות והחטופים שאמורים להשתחרר במסגרת המתווה ההומניטרי. עוד נמסר כי ארגון הטרור מתעקש שמספר החטופות והחטופים שיכללו בשלב ההומניטרי נמוך מזה שישראל דורשת, דבר מהווה קושי גם כן

צילום: פלאש90",0,"12/17/2024 04:37",https://www.instagram.com/p/DDrgKnICCO6/,"IG image",,Lifetime,37656,29396,1062,36,0,28,21
18285187822246788,17841407868310918,kan_news,"כאן חדשות","תכנן פיגועים תמורת קריפטו 👇

שירות הביטחון הכללי (שב""כ) ומשטרת ישראל חשפו היום מבצע מודיעיני מורכב, שהסתיים במעצרו של תושב ירושלים בן 23, ארדלר אמויאל. החשוד נעצר בחשד לביצוע פעולות ריגול עבור גורמי מודיעין איראניים ותכנון פיגוע פוטנציאלי בישראל.

על פי החקירה המשותפת, אמויאל יצר קשר עם גורמי מודיעין איראניים דרך הרשתות החברתיות החל מחודש אוקטובר 2024. במסגרת זו, היה בקשר עם פרופיל המכונה ""אריאנה"". לאחר הכרות ראשונית בינו ל""אריאנה"", הועבר הקשר לגורם המכונה ""ג'ון"" אשר הפעיל אותו.

במהלך תקופה זו, הוא ביצע משימות איסוף מודיעין שכללו צילום כתובות ומיקומים אסטרטגיים בירושלים ותל אביב. החשוד רכש מצלמת GO PRO וכרטיס זיכרון לתיעוד המשימות, וביצע חיפושים אינטנסיביים ברשתות החברתיות על מנת להשיג אמצעים לביצוע פיגועים.

במסגרת פעילותו, אמויאל הציע למפעיליו האיראניים מספר פעולות זדון מסוכנות, לרבות שריפת ניידת משטרה והפסקת החשמל ברכבת הקלה בירושלים. החשוד אף צפה בסרטונים על ייצור מטעני נפץ וניסה לאתר נקודות תורפה בתשתיות ציבוריות.

הליכים משפטיים כבר החלו: הוגשה הצהרת תובע, וכתב אישום צפוי להיות מוגש בקרוב לבית המשפט המחוזי בירושלים. מעצרו של אמויאל הוארך עד ליום 20 בדצמבר 2024.

גורם בשב""כ: ""חקירה זו חושפת, פעם נוספת, את מאמצי גורמי המודיעין האיראנים לגייס אזרחים ישראלים לטובת קידום פעילות ריגול וטרור בישראל, והיענות של אזרחים ישראלים לביצוע המשימות בהכוונה איראנית, תוך שהם מודעים לזהות המפעילים, הכל לשם תמורה כספית"".

מהמשטרה נמסר: ״משטרת ישראל ושירות הביטחון הכללי, ממשיכים למקד ולרכז מאמץ סיכולי נגד כל פעולה העלולה לפגוע בביטחון המדינה ובאזרחי מדינת ישראל. ריגול עבור מדינת אויב בזמן מלחמה ובכלל, הוא מעשה חמור ומסוכן המהווה בגידה במדינה״.

צילום: פלאש90",0,"12/17/2024 03:03",https://www.instagram.com/p/DDrVaaZJep7/,"IG image",,Lifetime,32725,25687,678,13,0,17,12
17902272692999303,17841464234747957,kan_reshetb,"כאן רשת ב","רס""ן במיל' מושיקו רוזנוולד נפל ברפיח בקריסת מבנה. בינואר האחרון התראיין רוזנוולד לרשת ב עם מסר לעם ישראל ולאשתו, אשר הייתה בהריון באותה תקופה: ""כיף לחזור לאשתי, עם ציפייה גדולה לעתיד. היא הגיבורה האמיתית שהיא התמודדה ונתנה את השקט""

קישור לריאיון המלא בסטורי של כאן רשת ב",0,"12/17/2024 02:30",https://www.instagram.com/p/DDrRpLcMgCL/,"IG carousel",,Lifetime,48025,27186,1403,25,3,50,0
18053675971955380,17841407868310918,kan_news,"כאן חדשות","הותר לפרסום: שני לוחמים נהרגו בקריסת מבנה ברצועת עזה. אחד מהם הוא רס""ן במיל' מושיקו (מקסים) רוזנוולד, בן 35 ממודיעין-מכבים-רעות. זהותו של הרוג נוסף טרם התפרסמה. 

מתחקיר ראשוני עולה כי המבנה קרס לא בגלל מלכוד או פעולה חבלנית של אנשי חמאס, אלא בשל מצבו ההנדסי הרעוע. בתקרית גם נפצעו שני חיילים באורח בינוני.",0,"12/17/2024 01:16",https://www.instagram.com/p/DDrJOtbMPYL/,"IG image",,Lifetime,40964,33200,1446,62,0,85,12
18038322959348094,17841407868310918,kan_news,"כאן חדשות","חיסול ממוקד של אוקראינה 👇

באוקראינה מקבלים עליהם אחריות להתנקשות הבוקר בגנרל רוסי במוסקבה. גורם בשירותי הביטחון האוקראיניים אמר לסוכנות הידיעות רויטרס כי ארצו היא שאחראית למעשה. 

הגנרל איגור קירילוב, מפקד כוחות ההגנה הכימית והביולוגית של צבא רוסיה, נהרג הבוקר בעת שמטען חבלה שהוטמן בקטנוע התפוצץ עם צאתו מבניין מגורים במוסקבה. בקייב האשימו את קירילוב באחריות להתקפות בנשק כימי נגד חיילים אוקראינים. 
@alexnirenburg",0,"12/17/2024 00:52",https://www.instagram.com/p/DDrGY0JMLys/,"IG image",,Lifetime,57112,44012,2205,81,0,39,40
18023399048555445,17841407868310918,kan_news,"כאן חדשות","שר הסוכר: בזמן שהכל מתייקר – יש מס שלסמוטריץ' דווקא היה ממש חשוב לבטל
Liel Kyzer",87,"12/17/2024 00:02",https://www.instagram.com/reel/DDrAqqhhXyS/,"IG reel",,Lifetime,75568,54278,1963,311,19,200,42
17876708730215790,17841464234747957,kan_reshetb,"כאן רשת ב","השר איתמר בן גביר על ההחלטה להצביע נגד תקציב המדינה ברקע דרישתו להביא לפיטורי היועמ”שית ביום ראשון: “חבריי השרים מדברים ימין, אבל בזמן אמת הם נעלמים”",0,"12/16/2024 21:48",https://www.instagram.com/p/DDqxWo1o561/,"IG carousel",,Lifetime,55554,29441,682,28,0,172,0
18047132998907019,17841407868310918,kan_news,"כאן חדשות","תקיפה אמריקנית-בריטית בתימן 👇

פיקוד מרכז של ארצות הברית תקף מבנה משרד ההגנה של החות'ים, ובסיס צבאי באל-חפא שבפאתי צנעא. כמו כן מדווח על תנועת מטוסים ערה ליד נמל אל חודיידה. 
@kan_middleast",0,"12/16/2024 14:16",https://www.instagram.com/p/DDp9nIhIoBq/,"IG image",,Lifetime,65558,49424,2445,100,0,58,48
17873321814247247,17841407868310918,kan_news,"כאן חדשות","מילה מול מילה👇

תת אלוף במילואים עופר וינטר מחזיק בתיעוד השיחה עם הרמטכ”ל הרצי הלוי, שבה לדבריו התנגד הלוי למינויו לתפקיד המזכיר הצבאי לראש הממשלה - כך פורסם לראשונה הערב בחדשות כאן 11.

בריאיון לתוכנית “יהיה טוב” בכאן 11 אמר וינטר: “חמישה ימים לפני המלחמה הרמטכ”ל אומר לי - ‘ראש הממשלה מבקש אותך לתפקיד המזכיר הצבאי שלו. אני חושב שאתה לא מתאים. אני מבקש שתפרוש וחוץ מזה אני חושב שהבקשה של ראש הממשלה היא לא עניינית’”. 

בהמשך תקף וינטר: “אם אני ראש הממשלה, הראש שלו מותז. מי אתה בכלל?! חוצפן! מי אתה? אתה מבולבל! אתה רמטכ”ל מבולבל, אתה כפוף לראש הממשלה ולדרג המדיני, מי אתה בכלל?!”. הרמטכ”ל הכחיש אז את דברי וינטר: “הדברים לא נאמרו. הפגישה המדוברת מתועדת בלשכת הרמטכ”ל”.

וינטר ביקש מהרמטכ”ל לפרסם את התיעוד הרשמי של השיחה, אך עד כה הוא לא נעתר לבקשה. עוד אמר וינטר כי הוא מוכן להיבדק בבדיקת פוליגרף כדי להוכיח שהוא דובר אמת.

@shemeshmicha 
צילום: פלאש90",0,"12/16/2024 13:23",https://www.instagram.com/p/DDp3jxeI1Om/,"IG carousel",,Lifetime,83104,50818,1697,88,1,194,91
18050733128080424,17841407868310918,kan_news,"כאן חדשות","אחרי קריסת משטר אסד - האיראנים צוחקים על ח’מנאי👇
@dana_yarkechy",0,"12/16/2024 10:29",https://www.instagram.com/p/DDpjsZGoXoi/,"IG carousel",,Lifetime,61978,38980,1166,61,0,30,62
17916531162023168,17841407868310918,kan_news,"כאן חדשות","שנת 2025 בפתח - ואיתה גם העלייה במחירים: כמה נשלם על מוצרים בסופר בשנה הבאה?
@dana_yarkechy",234,"12/16/2024 06:20",https://www.instagram.com/reel/DDpGuxeIY77/,"IG reel",,Lifetime,45523,33255,564,244,4,86,50
18046569688930561,17841407868310918,kan_news,"כאן חדשות","""כשסוריה נפלה לידי טרוריסטים - אבדה היכולת שלי לתרום לה""👇

אסד פרסם הצהרה ראשונה מאז נפילת שלטונו והכחיש שעזב את מדינתו באופן מיידי: ""הייתי בדמשק עד לשעות האחרונות של נפילתה, רק כשלא הייתה ברירה התפניתי לבסיס חיל האוויר חמיימים בלטקיה בתיאום עם רוסיה. עזבתי את המקום מחשש שאותקף ולדרישת הרוסים טסתי למוסקבה. 

לאורך כל האירועים - בשום שלב - לא הוצע לי לפרוש או לקבל מקלט מדיני במדינה אחרת. הברירה הייתה אחת - הגנה מפני מתקפת הטרור"".

אסד דחה את הטענות על כך שנטש את אנשיו בשטח - וטען כי עמד לצידם עד לרגע האחרון וכי מעולם לא נטש את ""ההתנגדות הפלסטינית והלבנונית"". הוא הוסיף שאחרי שסוריה נפלה לידי ""טרוריסטים"", לדבריו, ""כל יכולת לתרום למדינה אבדה"" - וכך למעשה הודיע כי ויתר על סמכויותיו כנשיא.

@roikais @omershahar10
📷: AP",0,"12/16/2024 05:12",https://www.instagram.com/p/DDo_c6isBxY/,"IG carousel",,Lifetime,61492,41014,1029,53,1,61,52
18095724310497074,17841407868310918,kan_news,"כאן חדשות","שר הביטחון ישראל כ""ץ אמר בוועדת החוץ והביטחון: ""יהיה רוב גורף בממשלה לעסקת החטופים שנמצאת על השולחן כרגע. אנחנו הכי קרובים שהיינו מאז העסקה הקודמת. עדיף פחות לדבר"".

באשר לסוגיית גיוס החרדים, השר אמר: ""היעד שלי זה 50 אחוז גיוס של החברה החרדית, ושיהיו גם סנקציות אישיות וגם סנקציות על מוסדות""

@shapirayaara
צילום: יונתן זינדל, פלאש 90",0,"12/16/2024 04:27",https://www.instagram.com/p/DDo6NyWqjov/,"IG image",,Lifetime,28600,22986,713,4,0,38,4
18070668397655849,17841407868310918,kan_news,"כאן חדשות","מיכאל שמש היה הכתב החרדי הראשון בגלצ ובחר להגשים את עצמו בדרך יוצאת דופן בעולם שממנו הוא בא. זה אף פעם לא היה פשוט
@shemeshmicha",68,"12/16/2024 03:31",https://www.instagram.com/reel/DDozp8boPw7/,"IG reel",,Lifetime,56997,39219,1060,48,6,86,49
18082619092560204,17841407868310918,kan_news,"כאן חדשות","מנהיג הפלג הירושלמי הליטאי וראש ישיבת פונוביז, הרב אשר דויטש, הלך לעולמו בגיל 79 אחרי מאבק במחלה קשה 

@akivaweis",0,"12/16/2024 03:13",https://www.instagram.com/p/DDoxzxSKTRE/,"IG image",,Lifetime,36631,26674,593,12,0,90,13
17860560219245345,17841407868310918,kan_news,"כאן חדשות","הדיון הופסק - ראש הממשלה ביקש דלתיים סגורות 👇

עורך הדין של נתניהו ביקש לבטל את הדיון שאמור להתקיים מחר, ולהמשיך לקיים את העדות בדלתיים סגורות. כשהשופט שאל מדוע, ראש הממשלה הסביר: ""למיטב ידיעתי, הנייר לא יכול לפרט דברים מסוימים שאפשר להציג לכם רק בדלתיים סגורות""

@almogtamar 
צילום: YOSSI ZELIGER/POOL",0,"12/16/2024 02:44",https://www.instagram.com/p/DDoueekqu2n/,"IG image",,Lifetime,61147,49377,909,20,0,110,18
18129537805386902,17841407868310918,kan_news,"כאן חדשות","כשנה אחרי שנפצע בעזה, עידן עמדי הוציא שיר ראשון מתוך האלבום החדש שלו בשם ""סופרמן"" 🦸🏻‍♂️ 

עמדי כתב בשירו החדש: ""זה לכל מי שחשד בי שאני אחר, שקיבלתי את האור שלי מן ההפקר, שהמלאכים ירדו, השתחוו אמרו 'אמן, הוא לא אדם רגיל, הוא סופר-מן'""

""אני מאחל לכל הפצועים והנפגעים רפואה שלמה ובריאות בגוף ובנפש, אמנם אין סופרמנים בחיים האמיתיים אבל אתם הכי קרובים לכך שפגשתי! ולזכרם של חבריי אלכסיי, עקיבא, גבריאל ואלירן ז״ל, אתם במחשבותיי בכל יום"", אמר הזמר.

@_dorit_mizrahi @alon_fruchter
צילום: סער פסח",0,"12/16/2024 00:27",https://www.instagram.com/p/DDoeyl0KTcA/,"IG image",,Lifetime,57749,45395,2857,44,2,19,39
18029010473226629,17841407868310918,kan_news,"כאן חדשות","שוטר תועד כשהוא בועט בפניו של נער בזמן מעצר במשחק כדורגל אתמול בנוף הגליל. המשטרה מסרה שהתנהלותו תועבר לבדיקת מח""ש

@lianwildau 
צילום: אנחנו עושים מאמץ גדול לאתר את בעלי הזכויות בצילומים. השימוש ביצירות שבעל הזכויות בהן אינו ידוע או לא אותר נעשה לפי סעיף 27א ל""חוק זכויות יוצרים"". אם זיהיתם צילום ואתם בעלי הזכויות בו, יש לפנות ל-zcuyot@kan.org.il",12,"12/16/2024 00:15",https://www.instagram.com/reel/DDoda87Om-W/,"IG reel",,Lifetime,112274,58932,1046,257,5,320,59
18162917584323153,17841407868310918,kan_news,"כאן חדשות","נדב וינצר מבית שאן חנק את אשתו סיגלית אלבז ז""ל ורצח אותה שעות ספורות לפני שהיו אמורים להתגרש

לפני כחודש הוא יצר קשר עם המשטרה ואמר בשיחה שאשתו ""אינה חשה בטוב"" ו""מחרחרת"", ולטענתו החל בפעולות החייאה בהנחיית המוקד הרפואי. הכוחות שהגיעו למקום זיהו שהמוות של סיגל ז""ל אירע הרבה לפני שהבעל בכלל יצר קשר עם גורמי החירום. בני הזוג נישאו רק לפני מספר חודשים בטקס בקבר צדיקים בצפון הארץ, והיו אמורים להתגרש ביום הרצח. 

(אורלי אלקלעי)
צילום: מתוך רשתות חברתיות",0,"12/15/2024 23:45",https://www.instagram.com/p/DDoZ9qYK-eE/,"IG image",,Lifetime,82089,60585,1842,167,0,94,53
17869763472253786,17841464234747957,kan_reshetb,"כאן רשת ב","לשעבר שר הביטחון והרמטכ”ל, ח”כ בני גנץ: “זוכר איך לוין תפקד ב-7 באוקטובר, הוא הבין שזה בגללו”",56,"12/15/2024 23:26",https://www.instagram.com/reel/DDoXu__Ineb/,"IG reel",,Lifetime,52016,34972,737,37,1,207,0
18029987813447834,17841407868310918,kan_news,"כאן חדשות","הנושים של ישראל דופקים בדלת, ומי ישלם את החשבון #כאן_הכסף @shaulams",143,"12/15/2024 22:32",https://www.instagram.com/reel/DDoRd3EM3vI/,"IG reel",,Lifetime,48762,34735,1467,229,18,71,65
18341169988183420,17841407868310918,kan_news,"כאן חדשות","תושבים מרחבי הארץ התעוררו הבוקר למראה סמל המאבק להשבת החטופים מתנוסס בשמיים. 100 החטופים והחטופות נמצאים בשבי בעזה כבר 437 ימים. 

מה איתכם, ראיתם את הסמל בשמיים?

@nofarji @sharon_adam1",0,"12/15/2024 22:17",https://www.instagram.com/p/DDoP3icoBcN/,"IG image",,Lifetime,41037,32121,2931,84,0,34,22
18072877531565088,17841407868310918,kan_news,"כאן חדשות","משרד ראש הממשלה מעסיק מתחילת המלחמה את הצלמים האישיים של ראש הממשלה נתניהו תחת צו ריתוק. מדובר בצו חריג מאוד שמחייב אותם להגיע לעבודה בכל זמן ושעה, כולל בסופי השבוע ובחגים. מלבדם, הצו החריג מופעל כעת רק בשלוש רשויות בצפון.

הצו החריג עורר בשבועות האחרונים התקוממות של הצלמים האישיים. צווים אלו נועדו במקור לאפשר את המשך התפקוד של המשק ושל שירותים חיוניים. מאז תחילת המלחמה נעשה בהם שימוש במקרים מעטים יחסית בתחומים כמו מפעלי מזון ותחמושת. אלא שבמשרד ראש הממשלה בודקים כעת כיצד אפשר להמשיך לכפות על הצלמים האישיים של נתניהו להיות זמינים לעבודה - ואף להתייצב אליה כמעט בכל שבת. זאת בעקבות החשיבות שרואים שם בתיעוד של ראש הממשלה.

@lielkyzer
צילום: חיים גולדברג, פלאש 90",0,"12/15/2024 12:26",https://www.instagram.com/p/DDnMOiyIAEQ/,"IG carousel",,Lifetime,93667,53006,1215,50,2,227,56
18076987531608895,17841407868310918,kan_news,"כאן חדשות","גורם בכיר באוטונומיה הכורדית בצפון עיראק הזהיר כי הועברו מסרים לישראל המזהירים כי ההצהרות הפומביות התומכות בכורדים בסוריה עלולות לשחק לידיים של גורמים קיצוניים ואיראניים. לדבריו, המסרים עלולים להציג את הכורדים כמשתפי פעולה עם ישראל, מה שעלול לסכן את מעמדם האזורי.

הגורם הבכיר הדגיש כי על הכורדים בסוריה לנקוט באסטרטגיה מתונה יותר, הכוללת הסתגלות למצב השלטוני החדש, התנתקות מה-PKK (מפלגת הפועלים של כורדיסטן), וכניסה רצינית לתהליך מדיני שיבטיח את זכויותיהם -בדומה למה שעשו הכורדים בעיראק.

הכורדים נחשבים לגורמים ידידותיים יותר לישראל והמערב, מאשר המורדים האיסלאמיסטיים. למרות זאת, עד היום ישראל לא הביעה תמיכה פומבית בעצמאות של הכורדים, מחשש שזה יפגע באינטרסים אחרים.

בימים האחרונים התקיימו מגעים ראשוניים בין גורמים רשמיים מהמובלעת הכורדית בצפון מזרח סוריה לבין גורמים רשמיים בישראל. זאת על רקע נפילת משטר אסד והמאמצים של טורקיה לצמצם את השטחים הנשלטים על ידי הכורדים. בצעד מתגונן, מנהיג ההמורדים אל-ג'ולאני, ניסה להרגיע את הכורדים, תוך הדגשת השותפות ביניהם וקריאה לאחווה.

@roikais
📸: רויטרס",0,"12/15/2024 11:36",https://www.instagram.com/p/DDnGfyjxg9m/,"IG image",,Lifetime,83473,58359,1645,45,0,43,68
18285946138245332,17841407868310918,kan_news,"כאן חדשות","ה""הצגה"" במסיבות העיתונאים של נתניהו, הנזיפה מול הילד והשאלה שהוא חולם לשאול את רה""מ | השיחה המפתיעה של כתבנו מיכאל שמש עם רוני קובן",117,"12/15/2024 09:02",https://www.instagram.com/reel/DDm001uiNyO/,"IG reel",,Lifetime,60386,38272,1049,43,3,80,47
18016600706415079,17841407868310918,kan_news,"כאן חדשות","שירות בתי הסוהר ערך חיפוש בעירום מלא על ארבעת הנאשמים בירי נורי התאורה על בית ראש הממשלה בנימין נתניהו - לאחר שחבר הכנסת גלעד קריב ביקר אותם, בחשד שחבר הכנסת העביר להם דבר מה במהלך המפגש. 

ח""כ קריב עבר בדיקה בכליו ובמגנומטר טרם כניסתו, מחשש שיועבר להם דבר כלשהו. קריב מסר בתגובה: ""מדובר בסיכול מכוון של היכולת לבצע פיקוח פרלמנטרי על תנאי המעצר, ועדות נוספת לכך שהגדרת העצורים כאסירים ביטחוניים פוגעת קשות בזכויותיהם"".

""אני שב על הקריאה החד משמעית שלי לפרקליטות להסיר מכתב האישום את מניעי הטרור המיוחסים לעצורים, וכולי תקווה שבית המשפט יורה על שחרורם ממעצר בהקדם האפשרי. האירוע החמור הוא עוד הוכחה לרוח הרעה שנושבת מכיוונו של בן גביר לשירות בתי הסוהר והמשטרה"".

@wassermanmichal",0,"12/15/2024 06:56",https://www.instagram.com/p/DDmmiH5sww7/,"IG image",,Lifetime,78101,52617,1398,38,0,375,34
18055780693934252,17841407868310918,kan_news,"כאן חדשות","שוטרי תחנת יפו קיבלו דיווח על חפץ חשוד שנמצא על גבי קטנוע בעיר. הם מיהרו למקום, ולאחר בדיקה עם חבלנים - מצאו השוטרים קופסת גלידה, ובתוכה הופתעו לגלות אקדח. הממצאים הועברו למעבדה לצורך חקירה

@hadasgrinberg 
📷: דוברות המשטרה",0,"12/15/2024 06:17",https://www.instagram.com/p/DDmiEllsIt_/,"IG image",,Lifetime,66032,47992,1342,128,0,11,30
18046559176899780,17841407868310918,kan_news,"כאן חדשות","הכישלון בשיקום הצפון נמשך 👇

אלוף במיל' אליעזר ""צ'ייני"" מרום, המינוי המיוחד של הממשלה לפרויקטור שישקם את נזקי המלחמה בצפון, הודיע היום על התפטרותו. ""סמכויותיי צומצמו"", נמסר ממנו. ברקע ההתפטרות - חילוקי דעות שלו עם השר זאב אלקין. 
@lielkyzer @shemeshmicha 
צילום: פלאש90",0,"12/15/2024 05:03",https://www.instagram.com/p/DDmZj1IMY-Z/,"IG image",,Lifetime,52518,38061,935,40,0,22,15
17952293333860642,17841407868310918,kan_news,"כאן חדשות","התרעה לפיגוע באזור ירושלים: נעצר רכב ובו חשודים - המשטרה בודקת אותם
@itayblumental 

אנו עושים מאמץ לאתר את בעלי הזכויות בצילומים. השימוש ביצירות שבעל הזכויות בהן לא ידוע או לא אותר נעשה לפי סעיף 27א לחוק זכויות יוצרים. זיהיתם צילום שלכם? פנו ל-zcuyot@kan.org.il",9,"12/15/2024 04:11",https://www.instagram.com/reel/DDmTlpqRtG2/,"IG reel",,Lifetime,56363,32742,629,52,5,37,15
18070769479633097,17841407868310918,kan_news,"כאן חדשות","רכב חשוד נעצר בלטרון - כוחות הביטחון בודקים את יושביו

אנו עושים מאמץ לאתר את בעלי הזכויות בצילומים. השימוש ביצירות שבעל הזכויות בהן לא ידוע או לא אותר נעשה לפי סעיף 27א לחוק זכויות יוצרים. זיהיתם צילום שלכם? פנו ל-zcuyot@kan.org.il",10,"12/15/2024 04:06",https://www.instagram.com/reel/DDmS8NKIMpu/,"IG reel",,Lifetime,93895,52793,1386,281,9,42,51
18029817884396247,17841438241983957,kanmoreshet,"כאן מורשת","השר לשעבר איוב קרא חושף אצל בני טייטלבוים ב’כאן מורשת’: “משלחת מטעם הדרוזים בסוריה, ביקרה לפני כמה חודשים בחשאיות בישראל. הם היו מוכנים להילחם עבורנו. דווקא כשראו שישראל במצוקה”",0,"12/15/2024 03:19",https://www.instagram.com/p/DDmNs0dCjwm/,"IG carousel",,Lifetime,65613,29551,1029,69,9,50,0
17921706620907883,17841407868310918,kan_news,"כאן חדשות","בשכונה שלנו: מה הכוונות של המנהיגים החדשים של סוריה? #בשכונה_שלנו @roikais",362,"12/15/2024 01:41",https://www.instagram.com/reel/DDmCPvvCWEY/,"IG reel",,Lifetime,32214,23077,603,104,4,45,44
18030939710398918,17841407868310918,kan_news,"כאן חדשות","הייתם חוזרים לגור מול מחבלים? ערן חושש לחיי ההורים שלו, שחזרו לקריית שמונה
Uriya Elkayam",32,"12/15/2024 01:01",https://www.instagram.com/reel/DDl90t4vXNB/,"IG reel",,Lifetime,43777,28930,921,38,3,36,33
18065744572742204,17841407868310918,kan_news,"כאן חדשות","גם מימין וגם משמאל - גינויים לראשון לציון

הרב הראשי לשעבר יצחק יוסף אמר בדרשתו בשבוע שעבר כי גם לבטלנים אסור להתגייס, וכי מי שהולך לצבא מתקלקל. התגובות לא איחרו לבוא. 

צילומים: פלאש90",0,"12/15/2024 00:20",https://www.instagram.com/p/DDl5LZToLDv/,"IG carousel",,Lifetime,55642,30065,1194,31,0,186,44
17911894905046506,17841407868310918,kan_news,"כאן חדשות","הרב הראשי לשעבר שוב מעורר סערה 👇

שלל גינויים מחברי האופוזיציה לרב יצחק יוסף, חבר מועצת החכמים של ש""ס, שסיפר שמי שהולך לצבא מתקלקל. גם ראש הממשלה נתניהו הגיב: ""האמירה של הרב הראשי לשעבר יצחק יוסף פסולה וראויה לכל גינוי. לא נקבל גילויי סרבנות מכל צד שהוא"". בש""ס הסבירו: ""דבריו של הרב יוסף כוונו לצורך החיוני לדאוג למסגרות מתאימות לצעירים חרדיים המעוניינים להתגייס. אין בדבריו שום קריאה לסרבנות חלילה״.

@akivaweis",19,"12/14/2024 23:56",https://www.instagram.com/reel/DDl2WnLNeaY/,"IG reel",,Lifetime,50618,31823,523,101,17,199,42
17883682263179355,17841464234747957,kan_reshetb,"כאן רשת ב","אהוד ברק: “מתרחשת פה הפיכה משטרית בחסות המלחמה ומן הראוי שראשי האופוזיציה יובילו שביתה כוללת. ליבו של נשיא המדינה בצד הנכון אך הוא לא יכול לעמוד מהצד, הוא צריך את האומץ לפעול - לפני שיהיה מאוחר מדי”",46,"12/14/2024 23:24",https://www.instagram.com/reel/DDlwlMvIwqz/,"IG reel",,Lifetime,50846,35286,1107,143,8,729,0
18014653058443996,17841407868310918,kan_news,"כאן חדשות","אחרי שקבוצתו הפסידה: שוער מ.ס. אשדוד, אריאל הרוש, בעט באוהד בית""ר ירושלים.

תגובת אריאל הרוש: ""ראשית אני רוצה לציין כשחקן ותיק שאלימות אצלי היא דבר פסול בכל צורה שהיא. במשך כל המשחק ספגתי קללות בלתי נסבלות תוך זריקת מצתים וסיגריות אלקטרוניות שנזרקו לכיווני בלי סוף, תוך חשש אמיתי לפגיעה בגופי.ברגע שעזבתי את האצטדיון עם הרכב שלי עשרות אוהדים עם שנאה בעיניים הסתערו על הרכב מכל כיוון עם אגרופים ויריקות. הרגשתי סכנה ממשית לחיי והתמודדתי שם לבד ללא ליווי משטרתי ביציאה מהאצטדיון. על רכבי הסתערו עשרות אוהדים שחסמו את דרכי מתוך כוונה מכוונת לפגוע בי. גם שוטר שהגיע ניסה לעזור, אך ללא הצלחה בגלל הכמות הגדולה שהקיפה את רכבי. שנים שאני מקבל את השנאה כלפיי ומעולם לא הגבתי באף אירוע, אך במקרה הזה היו עליי כל כך הרבה אנשים שנאלצתי להגן על גופי וחיי ללא סיוע של אף אדם ובכך לנסות ולהרחיק את כולם ממני. אני שוב חוזר שאני מגנה בכל תוקף כל סוג של אלימות ומתנצל שהגענו למצב כזה. אני קורא לכולם להפיץ אהבת חינם במקום שנאת חינם, במיוחד אחרי מה שעברנו ב-7.10. בואו נשמור על הכדורגל שלנו. בסוף זה רק ספורט"".

@lianwildau",19,"12/14/2024 12:28",https://www.instagram.com/reel/DDkntDstDql/,"IG reel",,Lifetime,103217,51449,1082,300,3,132,67
18353399656131138,17841407868310918,kan_news,"כאן חדשות","בסוריה מדווחים כי חיל האוויר הישראלי תקף בסיס נטוש של צבא סוריה בעין מנין, צפונית לדמשק. לפי הדיווח, צה""ל ביצע 35 תקיפות במנהרות בהן אוכסנו טילים, רקטות ופצמ""רים - 10 תקיפות מתוכן בוצעו באמצעות פצצות תרמובאריות, כדי להשמיד את המנהרות בצורה מוחלטת. 

בתוך כך, לפי המרכז הסורי לזכויות אדם, מספר תקיפות צה""ל בסוריה מאז נפילת המשטר עלה ל-423.
@omershahar10",0,"12/14/2024 11:23",https://www.instagram.com/p/DDkgSklR_I6/,"IG image",,Lifetime,52727,39772,1768,23,0,30,18
18056506279758341,17841407868310918,kan_news,"כאן חדשות","קטעים משיחתו של אלי פלדשטיין עם הוריו מתא המעצר של שב""כ פורסמו בכאן 11. ההקלטות המלאות יפורסמו בראשון ב-21:30 בתוכנית ""יהיה טוב"" בכאן 11, עם עמרי אסנהיים ורוני קובן.

אלי פלדשטיין, שהואשם בהדלפה לראש הממשלה בנימין נתניהו במסגרת פרשת המסמכים המסווגים, שוחרר ביום שני למעצר בית, לאחר כחודש וחצי. בחקירתו, הודה פלדשטיין כי ההודעה לנתניהו על המסמך הסודי התרחשה יומיים בלבד לפני ההדלפה לעיתון הגרמני ""בילד"". 

לפי פרטי הפרשה שהותרו לפרסום, פלדשטיין פעל לאחר רצח ששת החטופים ובעקבות הפגנות רבות נגד הממשלה באותה העת, כדי להשפיע על דעת הקהל בישראל. זאת, במטרה לשנות את השיח הציבורי ולהפנות אצבע מאשימה כלפי מנהיג חמאס יחיא סינוואר. יונתן אוריך ביקש לוודא עם פלדשטיין כי העביר את המסמך הסודי שהודלף לשרוליק איינהורן, שכונה ""החוסיד"". על פי הנטען, איינהורן היה איש הקשר לעיתון הגרמני. בעבר שימש יועץ לנתניהו והמשיך לעמוד בקשר עימו ולסייע מרחוק.",89,"12/14/2024 10:21",https://www.instagram.com/reel/DDkZJxjpH6m/,"IG reel",,Lifetime,74243,42756,835,63,6,125,78
18313617745161736,17841407868310918,kan_news,"כאן חדשות","מנהיג ארגון המורדים הסורי ""הייאת תחריר א-שאם"", אבו מוחמד אל-ג'ולאני, רמז כי השלטון החדש בסוריה אינו מעוניין להיכנס בעתיד הקרוב לעימות מול ישראל. ""המצב בסוריה, שמותשת משנים של לחימה, לא מאפשר כניסה לסכסוכים חדשים"", אמר אל-ג'ולאני, והוסיף כי ""בראש סדר העדיפויות עומדים הבנייה והיציבות ולא היגררות לסכסוכים חדשים שיובילו לעוד הרס"". 

עם זאת, אל-ג'ולאני קרא להתערבות דיפלומטית שתשים קץ להפרות הריבונות בסוריה, כתחליף ל""הרפתקאות צבאיות חסרות מחשבה"". הוא האשים את ישראל בכל שטענותיה לגבי איום על הגבול אינן מבוססות, ו""לא מצדיקות את הפרות הריבונות האחרונות בסוריה"". לטענתו, חציית קווי הפסקת האש מצד ישראל ""מהווה איום להסלמה באזור"". 

לאחר נאומו של אל-ג׳ולאני, הצהיר הרמטכ""ל הרצי הלוי בביקורו ברמת הגולן: ""אנחנו לא מתערבים במה שקורה בסוריה, אין לנו כוונה לנהל אותה""

בנוגע ליחסים עם איראן ורוסיה, אמר אל-ג'ולאני כי אנשיו הצליחו לגרום לסיומה של ההשפעה האיראנית סוריה, אך הם אינם אויבים של העם האיראני והבעיה שלהם היא רק עם המדיניות האיראנית ש""הרסה את סוריה"". עוד אמר, כי המורדים החליטו להימנע מהתגרות ברוסיה, ולתת לה הזדמנות להעריך מחדש את היחסים איתם. 

@omershahar10",0,"12/14/2024 09:36",https://www.instagram.com/p/DDkUDg0RIrs/,"IG image",,Lifetime,83759,60624,1963,66,1,137,58
18099734173477417,17841407868310918,kan_news,"כאן חדשות","איך פתח תקווה הפכה לבירת הפשע? הערב ב-20:00 בכאן 11
@hadasgrinberg",60,"12/14/2024 08:45",https://www.instagram.com/reel/DDkOLbdt1PB/,"IG reel",,Lifetime,114228,67354,1426,452,3,64,121
18045990761173378,17841407868310918,kan_news,"כאן חדשות","With Violence and Harsh Conditions: Hamas Prison guards Brutally Torture Gaza Prisoners

In videos published by the IDF Arabic Spokesperson, video clips from 2023 filmed by surveillance cameras in Hamas's Al-Katiba Prison in the Rimal neighborhood of Gaza City, which were captured during an IDF and Shin Bet operation, are shown. The footage reveals Hamas prison guards brutally torturing prisoners and holding them in harsh conditions that violate their basic human rights, drawing comparisons to the Assad regime.
In one segment, two Hamas operatives are exposed beating a prisoner and throwing him down the stairs: Muhammad Sha'ban Al-Shobaki and Mahmoud Saber Mahmoud Abdel-Ali, who belong to Hamas's internal security service - the agency responsible for arresting and detaining Gaza residents.

Itay Blumental",58,"12/14/2024 07:29",https://www.instagram.com/reel/DDkFbsdojhC/,"IG reel",,Lifetime,102432,53396,909,101,8,119,81
18291873745236906,17841407868310918,kan_news,"כאן חדשות","""זה השטח שלנו"": הלוחמים שמאמינים שהצעד הנכון הוא להישאר בעזה 
מה דעתכם?
@moavvardi",36,"12/14/2024 06:20",https://www.instagram.com/reel/DDj9lQ7o_L0/,"IG reel",,Lifetime,73174,40761,1741,140,2,258,90
17888711007115714,17841407868310918,kan_news,"כאן חדשות","“אם זה מהטבע - אני צנצנת"": מה זה מוגז וזוהר למרחקים? מסתבר שמדובר במי מעיינות ירוקים
Shaul Amsterdamski #מקורב_לצלחת",29,"12/14/2024 01:00",https://www.instagram.com/reel/DDjY-Vmsd2q/,"IG reel",,Lifetime,72637,45638,883,112,14,15,60
17997408794711423,17841407868310918,kan_news,"כאן חדשות","גל וטליה התאהבו במקום הכי פחות צפוי - בבית החולים @rachelrock1",103,"12/13/2024 12:38",https://www.instagram.com/reel/DDiDvpoIy8j/,"IG reel",,Lifetime,83458,46450,3014,128,1,90,91
17886701853157835,17841407868310918,kan_news,"כאן חדשות",".
אנדריי קרז'נובסקי, פעיל שמאל קיצוני, נעצר בעקבות תיעוד שלו מדביק מדבקה עם הכיתוב ""Free Palestine"" על מצפה שהוקם בשדרות לזכר סרן שילה כהן ז""ל, לוחם שנהרג ב-7 באוקטובר בלחימה בקיבוץ בארי. 

אבל למרות שהוגדר בישראל כ""פעיל שמאל״ - מספר דמויות בקהילת דוברי הרוסית בישראל טוענות שמדובר במבצע השפעה רוסי, שמטרתו לפלג את החברה הישראלית ולצבוע באור שלילי את דוברי הרוסית. 

קרז'נובסקי עלה לישראל מרוסיה זמן קצר לאחר הפלישה לאוקראינה, והחל בפעילות של השחתת רכוש והפצת מסרים אנטי ישראליים. השבוע הוא צילם את עצמו מדביק את המדבקה והפיץ את התיעוד. בעקבות זאת הוגשה תלונה במשטרה, ואתמול הוא נעצר בזמן שישב בבית קפה בת""א. את הלילה בילה במעצר, ולאחר מכן הוא שוחרר בתנאי שלא יבקר באתרי הנצחה בחודש הקרוב, ובערבות של 15 אלף שקלים, אחרי שבית המשפט באשקלון קבע כי בניגוד לטענת המשטרה, ""אין לו מסוכנות"". סנגורו טען כי ""מדובר בחופש הביטוי, שמשמעותו גם דברים שצורמים לאוזן, אך לא מדובר בעניין פלילי"". 

מרינה קיגל, ממנהלי קהילת הפייסבוק ""הרוסים על הרוסים"", כתבה עליו: ""מהיום הראשון שלו בארץ, ובמיוחד אחרי ה-7.10, קרז'נובסקי מדביק סטיקרים, משחית רכוש, ואף נעצר על זה כמה פעמים. לפני מס' חודשים הורחק ע""י צה""ל מהאזור באיו""ש כשניסה להיכנס לשטחים אסורים עם חבורה של עיתונאים זרים פרו-רוסים. הוא לא פעיל שמאל ולא נעליים. הוא לא שייך לכאן, ובעיני הוא הגיע לכאן במחושב - כי עצם הפעילות שלו, הידיעות על המעצרים בשילוב עם השם - נועדו להכתים את כל קהילת דוברי הרוסית, כמוני וכמו רבים. הוא ככל הנראה פועל בשליחות של מישהו שמאוד חשוב לו להשאיר את החברה הישראלית מפולגת"".

אביו של הלוחם שקרז׳נובסקי פגע באתר ההנצחה שלו אמר לכתבנו: ""המילה 'חילול' היא גדולה מדי, המילה הנכונה היא נבזות. כשמישהו יכול לקחת מקום שנועד לספר על גיבורים שנפלו במלחמה הזאת, ולהפוך אותו לקרקע שמאפשרת משהו קיצוני והזוי, זה בעצם לנצל את החופש והדמוקרטיה הישראלית. אם יש משפט צדק - הבחור הזה צריך לבוא על עונשו, להישפט, שכל אחד ישמע ויראה שלא עושים ככה לחיילים בצבא ההגנה לישראל"".

סרן שילה כהן ז""ל, בן 24 משדרות, שירת בשלדג. ב-7 באוקטובר היה עם אקדחו האישי כשהבין שמחבלים חדרו לאזור. הוא יצא מביתו בריצה עם הנשק של אחיו. בצומת שדרות פגש במקרה לוחמים מסיירת מטכ""ל ואיתם חבר שהיה איתו בקורס קצינים, והצטרף אליהם. יחד עם הלוחמים שלא הכיר, עבר בין הבתים ולחם בקיבוץ בארי. בשעה 17:20 נהרג🕯️

@alexnirenburg @asaf_pozailov",0,"12/13/2024 08:02",https://www.instagram.com/p/DDhkbqbR_Oe/,"IG carousel",,Lifetime,102214,56280,1766,161,1,279,93
17949828245906604,17841407868310918,kan_news,"כאן חדשות","אסטוניה, מולדובה, נורווגיה - והמפסידה מבין איטליה וגרמניה בליגת האומות: זה הבית שסידרה לנו הגרלת המוקדמות למונדיאל 2026 ⚽🏆 

ישראל תצטרך לסיים בין 2 המקומות הראשונים כדי לשמור על סיכוי להעפיל למונדיאל שייערך בקיץ 2026 בארה""ב, קנדה ומקסיקו. 

אז מה, קטן עלינו - או הלך עלינו? 

רשימת הבתים המלאה:
בית 1: המנצחת בין גרמניה לאיטליה בליגת האומות, סלובקיה, צפון אירלנד, לוקסמבורג
בית 2: שוויץ, שוודיה, סלובניה, קוסובו
בית 3: המפסידה במשחק בין פורטוגל לדנמרק בליגת האומות, יוון, סקוטלנד, בלארוס
בית 4: המנצחת בין צרפת לקרואטיה, אוקראינה, איסלנד, אזרבייג'ן
בית 5: המנצחת בין ספרד להולנד בליגת האומות, טורקיה, גאורגיה, בולגריה 
בית 6: המנצחת בין פורטוגל לדנמרק, הונגריה, אירלנד, ארמניה
בית 7: המפסידה בין ספרד להולנד, פולין, פינלנד, ליטא, מלטה
בית 8: אוסטריה, רומניה, בוסניה והרצגובינה, קפריסין, סן מרינו, גיברלטר
בית 9: המפסידה בין גרמניה לאיטליה בליגת האומות, נורווגיה, ישראל, אסטוניה, מולדובה
בית 10: בלגיה, ווילס, מקדוניה, קזחסטן, ליכטנשטיין 
בית 11: אנגליה, סרביה, אלבניה, לטביה, אנדורה 
בית 12: המפסידה בין קרואטיה לצרפת בליגת האומות, צ'כיה, מונטנגרו, איי פארו

@lianwildau 
צילום: AP",0,"12/13/2024 04:11",https://www.instagram.com/p/DDhKB9KxO9P/,"IG image",,Lifetime,34096,23859,633,30,0,8,8
18071575786653786,17841470312538363,kan_middleast,"כאן - המזרח התיכון","רוצים את ישראל: בכינוס בכפר חדר בגולן הסורי בימים האחרונים התושבים הסכימו שברצונם להסתפח לישראל",42,"12/13/2024 01:11",https://www.instagram.com/reel/DDg1SvpNQko/,"IG reel",,Lifetime,135485,67369,3116,993,52,408,0
18072938680716598,17841407868310918,kan_news,"כאן חדשות","הצצה לבסיס חיל האוויר הרוסי בסוריה👇

ערוץ Syria TV המשדר מטורקיה ומזוהה עם השלטון החדש במדינה, פרסם היום תיעוד רחפן בו נצפה בסיס חיל האוויר הרוסי באזור לטקיה שבסוריה. “חמיימים” הוא למעשה הבסיס המשמעותי ביותר של רוסיה במזרח התיכון, יחד עם נמל טרטוס המשמש את הצי הרוסי.

@omershahar10",198,"12/12/2024 13:28",https://www.instagram.com/reel/DDfkr5nIXks/,"IG reel",,Lifetime,89457,49163,1262,89,3,62,125
18025715228293820,17841418830539247,shapirayaara,"Yaara Shapira","הרפורמה המשפטית חזרה! כלומר, יריב לוין מנסה להחזיר אותה - אני לא בטוחה שזה יקרה. מה דעתכם?
#נתניהו #יריבלוין #רפורמהמשפטית #רפורמהבמערכתהמשפט",67,"12/12/2024 11:52",https://www.instagram.com/reel/DDfZyDWtSJa/,"IG reel",,Lifetime,28982,20465,277,15,17,120,0
18043239179273097,17841407868310918,kan_news,"כאן חדשות","""איראן על המוקד""👇

גורמי ביטחון בישראל אמרו היום שבעקבות ההישגים במלחמה, בין היתר פגיעה ב-85% במערכי הנ""מ בסוריה - שיאפשרו מעבר בטוח יותר למטוסי חיל האוויר, נפתחה ההזדמנות לטפל בפרויקט הגרעין האיראני שמאיים על המערב. 

בתוך כך, בחיל האוויר ממשיכים להיערך לפעולה נגד מתקני הגרעין של איראן ונעשה ניסיון לרתום את ארצות הברית למשימה. היערכות זו מגיעה לאור קריסת משטר אסד ולאחר התמוטטות הציר השיעי באזור, לאחר המכות שהוטלו על חיזבאללה במסגרת מבצע ""חיצי הצפון"" של צה""ל בלבנון. 

@itayblumental 

צילומים: AP, פלאש90",0,"12/12/2024 08:02",https://www.instagram.com/p/DDe_paeOSG1/,"IG image",,Lifetime,73134,56591,2996,294,3,58,85
17949732890900211,17841407868310918,kan_news,"כאן חדשות","בצה""ל מפרסמים היום שלל תיעודים מהשמדת היכולות האסטרטגיות של סוריה - מטוסים, טילי קרקע-קרקע, הגנה אווירית ומתקנים לפיתוח אמצעי לחימה. גורמים ביטחון אמרו היום לכאן חדשות שצה""ל ממש להיערך מבצעית ומודיעינית לתקיפת מתקני הגרעין של איראן - כשהסרת האיומים האוויריים משמי סוריה מהווה מעין ""מסדרון בטוח"" להגעה למטרות רחוקות טווח 
 @itayblumental",33,"12/12/2024 07:00",https://www.instagram.com/reel/DDe4g9JBWH0/,"IG reel",,Lifetime,57521,36143,1462,198,8,53,77
18026015783621468,17841407868310918,kan_news,"כאן חדשות","מחאה אמיצה והיסטורית👇

הזמרת האיראנית פרסטו אהמדי פרסמה סרטון שבו היא מופיעה ללא חיג'אב, בניגוד לחוקי הרפובליקה האיסלאמית. נזכיר כי במהפכה האיסלאמית הוטלו הגבלות על שירת נשים. 
ההופעה צולמה באתר היסטורי ללא קהל, אך אהמדי עשויה לעמוד לדין ולהתמודד עם עונש של עד 15 שנות מאסר.
אהמדי אמרה שהיא לא יכולה לשתוק ולא תוותר על זכותה לשיר. 
@yoav.zehavi",50,"12/12/2024 06:37",https://www.instagram.com/reel/DDe15mFt4Ml/,"IG reel",,Lifetime,173322,113460,8963,326,25,283,219
18250096339285475,17841464234747957,kan_reshetb,"כאן רשת ב","“הנשמה של התחנה”: זוכרים את אדיר יען שלמה 💔
#בלתי_נשכחים",58,"12/12/2024 04:36",https://www.instagram.com/reel/DDeoE15obp2/,"IG reel",,Lifetime,40748,26279,1296,87,4,76,0
18037014701081172,17841407868310918,kan_news,"כאן חדשות","עופר ונטר מעורר סערה 👇

תוכנית התחקירים של עמרי אסנהיים ורוני קובן חוזרת לעונה שנייה בכאן 11: תא""ל במילואים עופר וינטר חושף בריאיון בלעדי לתוכנית ""יהיה טוב"" כי הרמטכ""ל התנגד למנותו לתפקיד היועץ הצבאי של ראש הממשלה, למרות בקשה שהועברה מצד נתניהו, ותוקף: ""אם אני ראש הממשלה - הראש שלו מותז. מי אתה בכלל חוצפן, מי אתה?"". הריאיון המלא: יום ראשון, 21:30, בכאן 11 ובכאן BOX.

מלשכת ראש הממשלה נמסר בעקבות הפרסום: ""אם דבריו של תא""ל עופר וינטר אכן נכונים, מדובר באירוע חמור. במדינה דמוקרטית, הרמטכ""ל כפוף לדרג המדיני ועליו לשמור את דעותיו הפוליטיות או האישיות לעצמו"". הרמטכ""ל הכחיש את דברי וינטר: ""הדברים לא נאמרו. הפגישה המדוברת מתועדת בלשכת הרמטכ""ל"".

הרמטכ""ל רב אלוף הרצי הלוי הודיע בחודש מאי לוינטר על החלטתו לשחררו משירות בצה""ל - ולא לקדם אותו לתפקיד בדרגת אלוף. וינטר לא נכלל בסבב המינויים, ולמעשה בתקופה שעברה מאז סיים את תפקידו כמפקד אוגדה 98 הוא לא החזיק בתפקיד רשמי.
@ronikuban
@omriassenheim

צילומים: פלאש90",0,"12/12/2024 04:06",https://www.instagram.com/p/DDekrIJo_WZ/,"IG carousel",,Lifetime,73571,43806,1407,101,0,324,91
18366330202185775,17841407868310918,kan_news,"כאן חדשות","תאונה קשה בדרך חזרה הביתה 👇

אסתי בן עמי, ג'ולי חסאן וליאם גלם, תושבות שדה עוזיה, הן ההרוגות בתאונה הקשה הלילה בכביש 42, ליד צומת בן זכאי. שלוש הצעירות היו בדרך לביתן ממסיבת יום הולדת במושב בן זכאי, עד להתנגשות בין רכבן לרכב אחר. המשטרה חוקרת את נסיבות התאונה הקטלנית.

המועצה האזורית באר טוביה מסרה: ""בשורה מרה. קהילת המועצה כולה אבלה ומשתתפת בצער המשפחות על האובדן הכבד מנשוא בתאונה הטרגית"".

חובשי מד""א נפתלי הלברשטט, שמחה חסיד ומתנאל אילוז, שהוקפצו לזירה סיפרו: ""הוזנקנו לתאונה קשה והגענו בכוחות גדולים. ראינו שלוש נשים כבנות 20 לכודות ברכבן, כשהן מחוסרות הכרה וסובלות מחבלות קשות מאוד בכל חלקי גופן. ביצענו פעולות חילוץ מורכבות, תוך כדי בדיקות רפואיות, אך הן היו ללא סימני חיים ולא נותר לנו אלא לקבוע את מותן במקום"". גבר נוסף נפצע באורח קל.

על פי נתוני אור ירוק, 410 בני אדם נהרגו בכבישים מתחילת 2024 - עלייה של 19% לעומת השנה שעברה באותה תקופה.
@itsik_z",0,"12/12/2024 01:31",https://www.instagram.com/p/DDeS9CIsauE/,"IG image",,Lifetime,70478,51657,2166,69,1,77,46
17862549246292094,17841407868310918,kan_news,"כאן חדשות","תא""ל במיל' וינטר חושף: הרמטכ""ל אמר שרה""מ ביקש אותי לתפקיד המזכיר הצבאי שלו, הוא ביקש שאפרוש 

תא""ל במילואים עופר וינטר חושף בריאיון בלעדי לתוכנית ""יהיה טוב"" עם רוני קובן ועמרי אסנהיים כי הרמטכ""ל התנגד למנותו לתפקיד היועץ הצבאי של ראש הממשלה, למרות בקשה שהועברה מצד נתניהו. ""אם אני ראש הממשלה - הראש שלו מותז. מי אתה בכלל חוצפן, מי אתה?"". הריאיון המלא: יום ראשון, 21:30, כאן 11. 

""חמישה ימים לפני המלחמה הרמטכל אומר לי - 'ראש הממשלה מבקש אותך לתפקיד המזכיר הצבאי שלו. אני חושב שאתה לא מתאים. אני מבקש שתפרוש וחוץ מזה אני חושב שהבקשה של ראש הממשלה היא לא עניינית'. אם אני ראש הממשלה, הראש שלו מותז. מי אתה בכלל חוצפן! מי אתה? אתה מבולבל! אתה רמטכ""ל מבולבל, אתה כפוף לראש הממשלה ולדרג המדיני, מי אתה בכלל?, חשף וינטר.",49,"12/12/2024 01:15",https://www.instagram.com/reel/DDeRCTLMBH9/,"IG reel",,Lifetime,70577,40781,1267,323,2,426,105
18050265613870968,17841407868310918,kan_news,"כאן חדשות","יהושע אהרן שמחה טוביה בן ה-12, שחזר משמחה משפחתית בביתר עילית, נרצח בפיגוע הירי על האוטובוס בכביש 60 מדרום לירושלים. שלושה בני אדם נוספים נפצעו בינוני וקל.  המצוד אחר המחבל הנמלט נמשך",0,"12/11/2024 22:09",https://www.instagram.com/p/DDd73VgR5kC/,"IG image",,Lifetime,38257,32653,1000,54,0,54,5
18080528143515982,17841403904946515,kan_israel,"כאן | תאגיד השידור הישראלי","להתראות קורין, היית זן נדיר 💔",258,"12/11/2024 21:21",https://www.instagram.com/reel/DDd2J5KOeQl/,"IG reel",,Lifetime,393995,240360,13738,1820,63,280,0
18060703999879243,17841423523758454,kan_gimel,"כאן גימל","קורין אלאל, מהיוצרות החשובות, המשפיעות והאהובות במוזיקה הישראלית הלכה לעולמה לאחר מאבק ממושך במחלה קשה. אבדה ענקית למוזיקה שלנו, יהי זכרה ברוך 💔",0,"12/11/2024 21:12",https://www.instagram.com/p/DDd1RftobOn/,"IG image",,Lifetime,30126,24957,1288,124,1,30,0
18084707758553032,17841407868310918,kan_news,"כאן חדשות","בן 12 נרצח בפיגוע ירי שהתרחש אמש בכביש 60 מדרום לירושלים, ארבעה בני אדם נוספים נפצעו בינוני וקל. במהלך פעילות כוחות צה""ל, המנהלים מצוד אחר המחבל שנמלט, בית לחם וחוסאן כותרו. 

הילד נפצע אנושות מירי המחבל ופונה לקבלת טיפול במרכז הרפואי הדסה בירושלים. לאחר מספר שעות הודיע בית החולים כי לאחר מאמצי החייאה ממושכים, נאלצו לקבוע את מותו. הילד חזר עם משפחתו לביתם בבית עילית לאחר שחגגו בשמחה משפחתית בירושלים. 

הפיגוע התרחש בסביבות השעה 23:30, כאשר מחבל הגיע ברכב לצומת אלחאדר ופתח בירי לעבר אוטובוס אזרחי ישראלי. ייתכן שהמחבל המשיך לירות גם במחסום המנהרות, זה טרם מאומת. כתוצאה מהירי ומשברי הזכוכיות ולפי הודעת מד""א העדכנית, נפצעו ארבעה אנשים, שניים מהירי ושניים משברי זכוכיות, כולם פונו לקבלת טיפול רפואי.

צילום: פלאש90",0,"12/11/2024 20:23",https://www.instagram.com/p/DDdvtWKo5dB/,"IG image",,Lifetime,75613,58695,2027,95,0,50,47
17991391475742634,17841407868310918,kan_news,"כאן חדשות","אסד לא השאיר אחריו רק ארמונות פאר - אלא גם קרטל סמים #רקשתדעו",49,"12/11/2024 13:19",https://www.instagram.com/reel/DDc_DTloPY3/,"IG reel",,Lifetime,91053,46631,1243,191,2,108,121
18157077463332345,17841407868310918,kan_news,"כאן חדשות","ברחבי העולם דיווחו על תקלה נרחבת בשירותי “מטא” - וואטסאפ, פייסבוק ואינסטגרם. לאחר פחות משעה, התקבלו דיווחים כי הוואטסאפ חזר באופן חלקי או מלא. עם זאת, פייסבוק ואינסטגרם חזרו לפעילות חלקית הרבה יותר מאוחר.

חברת “מטא” צייצה ברשת החברתית X ומסרה בתגובה לתקלות: “אנו מודעים לכך שבעיה טכנית משפיעה על היכולת של חלק מהמשתמשים לגשת לאפליקציות שלנו. אנו פועלים להחזיר את המצב לקדמותו במהירות האפשרית ומתנצלים על אי הנוחות”.",0,"12/11/2024 12:56",https://www.instagram.com/p/DDc8jFzIAJG/,"IG image",,Lifetime,54206,38742,801,120,0,17,29
18116827597422205,17841407868310918,kan_news,"כאן חדשות","רשמית: פיפ""א הודיעה כי גביע העולם ב-2034 ייערך בסעודיה ⚽🏆

החלטה זו הייתה צפויה מכיוון שסעודיה הייתה למעשה היחידה שהגישה הצעה - שאושרה רשמית היום. יש לציין כי גם ההתאחדות הישראלית הצביעה בעד ההצעה הסעודית. כמו קטאר - גם סעודיה תתחייב לאפשר כניסה לאוהדים ישראלים.

בנוסף אישרה פיפ""א כי מונדיאל 2030 ייערך במשותף בספרד, פורטוגל ומרוקו, כאשר ארגנטינה, פראגוואי ואורוגוואי יארחו גם הן משחקי פתיחה בטורניר

@lianwildau 
📷: AP",0,"12/11/2024 08:21",https://www.instagram.com/p/DDcdGOvsIsS/,"IG image",,Lifetime,36709,28171,919,72,0,27,14
18008702186502115,17841407868310918,kan_news,"כאן חדשות","הצצה לפעילות צה""ל בסוריה: כתבנו איתי בלומנטל הצטרף ללוחמים שהשתלטו על מוצב של הצבא הסורי | הערב ב-20:00 במהדורה של כאן 11
@itayblumental",27,"12/11/2024 08:01",https://www.instagram.com/reel/DDcaq4tpxDb/,"IG reel",,Lifetime,44356,25990,1157,111,2,54,50
18075670723610915,17841407994705156,nurityohanan,nurit,"הבלאגן בג'נין: מה שקורה שם עוד יכול לרמוז על עתיד השטחים",53,"12/11/2024 07:37",https://www.instagram.com/reel/DDcX3lgNoHL/,"IG reel",,Lifetime,79824,41892,1140,142,3,103,0
18018287480360789,17841407868310918,kan_news,"כאן חדשות","חברת ""יוניליוור"" הודיעה כי תעלה את מחירי מוצרי השוקולד שלה ב-12% עד 16%. בין המותגים שאותם משווקת החברה ויהיו מושפעים מההתייקרות: גלידות שטראוס - בהן מגנום, סולרו וקורנטו, וחטיפי ""קליק"". 

""ההחלטה על העדכון התקבלה כתוצאה מהעלייה החריגה והמתמשכת במחירי הקקאו בעולם, שלא מאפשרת לנו להמשיך לספוג את הגידול בעלויות הייצור. לכן אנחנו נאלצים לעדכן את מחירון המוצרים בקטגוריית השוקולד"", נמסר מהחברה. ההתייקרות תיכנס לתוקף ב-1 בינואר 2025.

הצעד עליו הכריזה יוניליוור מצטרף להתייקרויות של מוצרים רבים, בין היתר השימורים של חברת ""יכין"" - ואפילו מחירי המים

@dana_yarkechy 
📷: מנדי הכטמן, פלאש90",0,"12/11/2024 06:51",https://www.instagram.com/p/DDcSyh9MATc/,"IG image",,Lifetime,55844,42804,872,94,0,37,17
18096693154486243,17841407868310918,kan_news,"כאן חדשות","מה שקורה במזרח, לא נשאר במזרח
 @carmeldangor
 #חכולסוף",134,"12/11/2024 05:31",https://www.instagram.com/reel/DDcJdq5PckD/,"IG reel",,Lifetime,57719,34381,1406,122,1,55,65
17889205221120374,17841407868310918,kan_news,"כאן חדשות","מסמכים חדשים שופכים אור על החלפת המסרים בין ישראל לבין משטר אסד - בנוגע לנוכחות של איראן בסוריה 👇

ערוץ ""סקיי ניוז"" בערבית פרסם מסמכים שהודלפו בימים האחרונים ברשתות החברתיות בסוריה, שלכאורה חושפים את תחלופת המסרים בין ישראל לסוריה בקשר לנוכחות איראן ושלוחותיה בשטח וכן להעברות הנשק. האותנטיות של המסמכים שפורסמו בערוץ, שמשדר מהאמירויות, טרם התבררה.

המסמכים שפורסמו יועדו לכאורה לראש המשרד לביטחון לאומי, וחתום עליהם ראש מחלקת המודיעין במשטר אסד. בכל אחד מהם נכתב ש""מסר מסוכן ישראלי בשם מוסא"" הועבר ללשכת שר ההגנה הסורי.

באחד המסמכים הוסבר כי ישראל תקפה מצבור אמצעי לחימה של הצבא הסורי באזור בפרברי דמשק מכיוון שהוא אחסן נשק איראני שהיה מיועד לעבור לידי שלוחות של איראן. במסמך נוסף המשטר הסורי הוזהר מהמשך קו הטיסות של מטוסי ""איליושין"" לאחד מבסיסי חיל האוויר הרוסי - כיוון שהוא מכיל ציוד שמיועד לחיזבאללה.

התכתובות מכילות גם איומים אישיים על הנשיא אסד, שנועדו להרתיע אותו מלהעביר נשק לחיזבאללה. באחד המסמכים ישנה אזהרה למשטר הסורי, בה נכתב כי איראן מנסה לנצל את הסיוע שהיא מעבירה בעקבות רעידת האדמה הגדולה שאירעה בפברואר 2023 כדי להעביר אמצעי לחימה דרך שדות התעופה הסוריים. במסמך מוסבר כי זאת הסיבה שישראל תקפה שדה תעופה צבאי באזור חאלב.

מסמך שנשלח לכאורה באפריל 2023 מדבר על כך שהמשטר הסורי אפשר שיגור של רקטות וכטב""ם איראני משטחו לעבר ישראל. במסמך מוסבר כי זאת הסיבה שישראל תקפה מפקדות של צבא סוריה ומטרות נוספות. במסמך אחר משנת 2022 מצוין כי ישראל תקפה שיירת משאיות איראניות שעברו בגבול בין עיראק לסוריה. הוא כלל אזהרה למשטר הסורי, לפיה ישראל תפעל נגד כל ניסיון העברה מצד איראן, וצוין שמי שישלם את המחיר על הניסיונות הללו הוא העם הסורי: ""ההחלטה בידיכם"".

במסמך נוסף מ-2023 נאמר שאחרי תקיפה ישראלית באזור חאלב, לא תועדו מטוסי מטען איראניים שנחתו בסוריה, ושאם זה ימשך - המצב ישאר כמו שהוא, אך אם המשטר יאפשר למטוסי מטען איראניים לנחות בשדות התעופה - ישראל תיאלץ לפעול ותשבש את הטיסות

@roikais 
📷: AP",0,"12/11/2024 04:53",https://www.instagram.com/p/DDcFM9eM8C3/,"IG image",,Lifetime,82358,57599,1168,96,1,6,103
17881990287099756,17841464234747957,kan_reshetb,"כאן רשת ב","""קיבלתי את הכוחות שלי מעידו, הוא תמיד היה אופטימי. הוא היה רוצה שכולם ידעו שהוא לא מת סתם"": עומר ז'נו, אחיו בן ה-13 של עידו שנפל בקרב ברצועת עזה, על הקשר המיוחד בינו לבין אחיו הגדול

#סדריום",0,"12/11/2024 01:59",https://www.instagram.com/p/DDbxS1zsUs9/,"IG carousel",,Lifetime,97800,62199,5152,73,1,129,0
18125710261394604,17841407868310918,kan_news,"כאן חדשות","הקצין המוערך ביקר אצל הנאשם במסירת ידיעה סודית 👇

תא""ל עופר וינטר, שהיה ימים ספורים לקראת שחרורו הרשמי מצה""ל, הגיע לכלא לבקר את אלי פלדשטיין ששהה במעצר. כך פורסם היום בתוכנית הבוקר הזה בכאן רשת ב. לטענת גורמים שמעורבים בפרטי הביקור, וינטר נכנס לכלא כ""אישיות ביטחונית בכירה"" וכ""מזכירו הצבאי של שר הביטחון"".

פלדשטיין, שהואשם בהדלפה לראש הממשלה במסגרת פרשת המסמכים המסווגים, שוחרר שלשום ממעצר אחרי חודש וחצי. מלבד וינטר, הוא פגש בכלא אך ורק את עורך דינו וחברי כנסת שיש להם חסינות וזכות לבקר אסירים. הוא אף לא הותר להיפגש עם בני משפחה בעת שנפגש עם וינטר.

וינטר ופלדשטיין קרובים מהימים שבהם שירתו יחד בצבא. ועל פי המקורות, וינטר הגיע כדי לתמוך בפלדשטיין.

וינטר, שהודח מצה""ל, שבר שתיקה ותקף בחריפות את הרמטכ""ל הרצי הלוי, ואמר כי הוא איבד את התוקף המוסרי להיות רמטכ""ל. בריאיון לתוכנית ""יהיה טוב"" עם עמרי אסנהיים בכאן 11, אמר וינטר: ""אני חייל של עם ישראל, אני חי באמונת אבותינו ואני לא מתבייש בזה"". וינטר אף ציין כי ""יש מפקדים בצה""ל שאני יודע שהורידו את הכיפות שלהם, כי זה לא נוח להסתובב עם כיפה"".
@shemeshmicha 
צילום וינטר: פלאש90",0,"12/11/2024 00:47",https://www.instagram.com/p/DDbpDViMKC2/,"IG image",,Lifetime,63107,49249,1785,6,0,87,44
18296191549224989,17841464234747957,kan_reshetb,"כאן רשת ב","‏""אם זה היה בראש מעייניו של נתניהו, במקרה הטוב הוא היה מתפטר כדי שמישהו עם יותר אמון ציבורי היה עושה את זה"" - יהודה כהן, אביו של נמרוד החטוף בעזה, על התנהלות רה""מ ביחס לעסקה להשבת החטופים

#הבוקרהזה",0,"12/10/2024 23:05",https://www.instagram.com/p/DDbdd1bMjQm/,"IG image",,Lifetime,77453,59239,3025,51,4,96,0
18261880708270958,17841407868310918,kan_news,"כאן חדשות","עשה לעצמו חוסם עורקים, התקרב כדי לטפל בחבריו - ודרך על מטען: גבורתו יוצאת הדופן של רס""ר בנימין דסטאו נגוסה, שנפל באסון המנהרה בלבנון

Ayala Hasson",44,"12/10/2024 11:33",https://www.instagram.com/reel/DDaONwsqOok/,"IG reel",,Lifetime,236550,115948,9072,1302,34,909,201
18015672524645477,17841470312538363,kan_middleast,"כאן - המזרח התיכון","מורדים באזור דמשק פונים לישראל: ""הולכים לירושלים""",20,"12/10/2024 10:08",https://www.instagram.com/reel/DDaEb3XtcxB/,"IG reel",,Lifetime,187523,91429,2361,1817,94,1066,0
18065723053760972,17841407868310918,kan_news,"כאן חדשות","מעבר לקווי האויב: תיעוד ראשון של הטנקים של חטיבה 7 במחוז קוניטרה שבסוריה - סמוך לגבול עם ישראל
@itayblumental",20,"12/10/2024 09:55",https://www.instagram.com/reel/DDaC-ojAyew/,"IG reel",,Lifetime,58348,35653,1381,63,0,38,51
18146830321356984,17841407868310918,kan_news,"כאן חדשות","הראש חושש, אבל הלב תמיד עם גולני🔰
@yoavborowitz",23,"12/10/2024 08:11",https://www.instagram.com/reel/DDZ3HsZuTEj/,"IG reel",,Lifetime,60958,36179,1814,72,3,33,57
18259343311267455,17841407868310918,kan_news,"כאן חדשות","חוטא בסיגרים, שונא שמפניה ומזמין אנשי תקשורת לביתו: אמלקנו לכם את היום הראשון של עדות נתניהו
#רקשתדעו

איורים: Biana Zakutnik",40,"12/10/2024 06:25",https://www.instagram.com/reel/DDZq8s4peHf/,"IG reel",,Lifetime,64338,35121,894,30,0,145,51
18070502224643147,17841407868310918,kan_news,"כאן חדשות","לאחר שהורשע ברצח תיירת בדירתה בתל אביב ובהצתת גופתה: על דניאל מרגושין נגזר עונש מאסר עולם - בנוסף ל-10 שנות מאסר בגין ההצתה, מאסר על תנאי ופיצוי כספי לילדי המנוחה.

לפי כתב האישום, בליל ה-18 בינואר 2024, מרגושין חדר לדירת המנוחה דרך הגג. הוא ניגש למיטתה כשהיא ישנה ודקר אותה למעלה מ-31 פעמים, בעיקר בצוואר ובפנים. המנוחה התעוררה וניסתה להתגונן, אך מרגושין המשיך בדקירות עד שגרם למותה. לאחר מכן, הצית את גופתה שנשרפה כליל, ונמלט לירושלים להתפלל בכותל המערבי. בירושלים שלף סכין לעבר שוטרים שניסו לעצרו - ונורה על ידם.

במסגרת הסדר טיעון, הורשע מרגושין בעבירות של רצח בנסיבות מחמירות, ניסיון חבלה חמורה בנסיבות מחמירות, הצתה ושיבוש הליכי משפט.

(אורלי אלקלעי)
צילום: PIXABAY",0,"12/10/2024 05:46",https://www.instagram.com/p/DDZmjiBuJZk/,"IG image",,Lifetime,129893,92004,2805,338,7,189,126
18066393595777324,17841407868310918,kan_news,"כאן חדשות","לגנוב את החנייה למי שנלחם ונפצע בשביל המדינה שלנו - זה הכי מכוער שיש: מי משלם את המחיר על תעשיית תווי הנכה המומצאים? #המספרהיומי #משחקיהכיס @lielkyzer",126,"12/10/2024 05:24",https://www.instagram.com/reel/DDZj8h6vyZX/,"IG reel",,Lifetime,34340,22338,796,62,0,42,23
18338085199148251,17841407868310918,kan_news,"כאן חדשות","קריצה קומית של ראש ממשלה 👇

נתניהו סיפר על שההקלות הרגולטריות שלכאורה ניתנו לבעלי בזק שאול אלוביץ' לא הוצגו לו וסיים באמירה ""איי קייס מיי רייס"", בספק מחווה לאחד מהציטוטים המוכרים של כוכבה שביט בקופה ראשית. 

צילום נתניהו בקולאז': פלאש90",0,"12/10/2024 04:27",https://www.instagram.com/p/DDZdch1IfE5/,"IG image",,Lifetime,115037,80843,2790,494,1,74,113
17971423610676009,17841407868310918,kan_news,"כאן חדשות","מה קרה הלילה בסוריה? #רקשתדעו",36,"12/10/2024 04:03",https://www.instagram.com/reel/DDZapN0sIWo/,"IG reel",,Lifetime,93697,51906,2827,416,3,146,209
18429568240076520,17841407868310918,kan_news,"כאן חדשות","ראש הממשלה נתניהו החל להעיד 👇

בשלב הראשון נתניהו נחקר על ידי עורכי הדין שלו מצוות ההגנה. רק כשהם יסיימו, כנראה תוך כמה שבועות, יחקרו את נתניהו הפרקליטים מצוות התביעה. את העדות שלו החל נתניהו בהצהרה ארוכה על האירועים בסוריה וההכרח שיוכל לתפקד גם כראש ממשלה במהלך העדות. 

ראש הממשלה נתניהו החל למסור את עדותו בַּמשפט שבו הוא עומד לדין על שוחד, מרמה והפרת אמונים. בפתח דבריו אמר נתניהו כי חיכה לרגע הזה שמונה שנים וכי הוא מתכוון לומר את האמת כפי שהוא זוכר אותה. הוא ציין כי ביכולתו להוביל את מדינת ישראל במלחמה, ובד בבד למסור עדות, אך אפשר למצוא את האיזון המתאים בין הדברים נוכח רעידת האדמה המתחוללת לאחר ששינינו את פני המזרח התיכון. 

כתבתנו אנה פינס מוסרת כי ראש הממשלה ציין שלו היה רוצה לקבל תקשורת אוהדת כל שהיה עליו לעשות היה לאותת שפניו שמאלה. על שאלתו הראשונה של הסניגור חדד, אם הוא ורעייתו נהגו לקבל טובות הנאה, אמר נתניהו: ""שקר מוחלט. אני עובד סביב השעון,  אוכל ארוחות על שולחן העבודה במשרד, והולך לישון באחת או שתיים לפנות בוקר בלי לראות את המשפחה והילדים"".

איור: Biana Zakutnik",0,"12/10/2024 02:21",https://www.instagram.com/p/DDZPHApIQvj/,"IG image",,Lifetime,66846,47222,1468,92,2,134,55
18012925820465801,17841407868310918,kan_news,"כאן חדשות","האיום הימי מצפון, כבר לא?

חיל הים ביצע אמש מבצע רחב היקף להשמדת הצי של צבא סוריה. 

התקיפה בוצעה באמצעות ספינות טילים של חיל הים ובמהלכה הושמדו כלי שיט רבים של הצי הימי הסורי שעל גביהם עשרות טילי ים-ים, במרחב מינאא אל ביידא ובנמל לטקייה.

התקיפה בוצעה על מנת למנוע את נפילת היכולות והאמל״ח של הצי בידי גורמים עוינים.

זה מצטרף למבצע רחב היקף של חיל האוויר ביומיים האחרונים שבו הושמדו כלי טייס של חיל האוויר הסורי : מטוסי קרב מסוג מיג 29, סוחוי ומסוקים בבסיסים ברחבי סוריה 

לצד השמדת אמל""ח מתקדם, כלי שייט וכלי טייס, ישראל השמידה גם טילי קרקע אוויר, טילי אוויר אוייר, מערכות נ""מ ואמל""ח אסטרטגי. אתמול הותקף באזור דמשק מרכז למחקר מדעיים שבו לפי הנטען משטר אסד ייצר נשק כימי
@itayblumental 
צילום: הדס פרוש, פלאש90",0,"12/10/2024 00:12",https://www.instagram.com/p/DDZATrHsljv/,"IG image",,Lifetime,99691,74336,4421,754,9,72,122
18065201992773095,17841407868310918,kan_news,"כאן חדשות","החברים הגיעו לתמוך 👇

בעוד זמן קצר ייכנס ראש הממשלה נתניהו לאולם בית המשפט המחוזי בתל אביב, בפעם הראשונה שראש ממשלה מכהן מוסר עדות כנאשם בעבירות פליליות. בריאיון שנתן לפני כמה חודשים לרשת NBC האמריקנית הבטיח נתניהו שעדותו תהיה ""ההצגה הכי טובה בעיר"". 

כמה חברים לקואליציה הגיעו לתמוך בו, ביניהם השרים איתמר בן גביר, שלמה קרעי ומירי רגב יו""ר הכנסת אמיר אוחנה וחברי הכנסת טלי גוטליב, אופיר כץ ובועז ביסמוט. 

צילומים: ראובן קסטרו, חיים גולדברג, פול ופלאש90",0,"12/09/2024 23:49",https://www.instagram.com/p/DDY9oefob2u/,"IG carousel",,Lifetime,65312,39163,1632,142,1,476,39
18046120310160120,17841407868310918,kan_news,"כאן חדשות","ישראל פעילה מאוד, לפי דיווחים ערביים 👇 

ערוץ אל-מיאדין הלבנוני מדווח כי הטנקים הישראליים נמצאים במרחק של 3 ק""מ מהעיר קטנא, פרבר דרומי של דמשק. עוד דווח כי צה""ל השתלט על שורה של כפרים מחוץ לדמשק (בקרבת הגבול עם לבנון). 

במקביל ישנם דיווחים על תקיפות נרחבות באזור דמשק: אמש דיווחה סוכנות ספוטניק הרוסית כי מסוקים אמריקניים וישראליים נחתו אתמול במספר אתרים בהרי הקלמון בפרברי דמשק וכי חיילים (אמריקנים וישראלים) נכנסו לאתרים הצבאיים באותו אזור. 

כלי תקשורת בסוריה דיווחו על תקיפות של צה""ל, בשדה התעופה הצבאי א-שועיראת, מזרחית לחומס, ולעבר מטרות של צבא סוריה במחוזות א-רקה ואל-חסכה. ערוץ אל-ערביה מדווח גם על תקיפת מפעלי התעשייה הצבאית הסורית בחלב. קודם לכן דווח על תקיפות צה""ל גם בצפון מֵחוז קוניטרה, סמוך לגבול עם ישראל, ולעבר מחסני תחמושת סמוך לעיר סלמיה במרכז המדינה. המרכז הסורי לזכויות אדם, גוף אופוזיציוני למשטר אסד, הפועל בבריטניה מדווח כי ישראל תקפה בסוריה יותר מ250 פעמים בפחות מ48 שעות, מאז נפילת משטר אסד.

צילום: פלאש90",0,"12/09/2024 22:42",https://www.instagram.com/p/DDY181xoMrO/,"IG image",,Lifetime,60727,42749,2074,28,1,21,44
18292015276236948,17841407868310918,kan_news,"כאן חדשות","למה לא דחו את המשפט – ולמה נתניהו לא ביקש את הדחייה בעצמו? תמר אלמוג עם הדברים שכדאי לדעת לקראת עדות רה”מ מחר
@almogtamar

צילומים: פלאש90",0,"12/09/2024 12:30",https://www.instagram.com/p/DDXv7yno2pP/,"IG carousel",,Lifetime,97928,54548,1843,141,5,216,150
18118933678416826,17841418830539247,shapirayaara,"Yaara Shapira","ראינו הערב תרגיל נתניהו קלאסי - בשידור חי. מישהו השתכנע שהקואליציה ניסתה לדחות את עדות רה""מ בניגוד לרצונו?
#נתניהו #פוליטיקה #משפטנתניהו",41,"12/09/2024 11:26",https://www.instagram.com/reel/DDXoR-0te4u/,"IG reel",,Lifetime,60864,34888,1847,128,83,477,0
18057201538906135,17841407868310918,kan_news,"כאן חדשות","יום לפני תחילת עדותו בבית המשפט, ראש הממשלה נתניהו קיים הערב מסיבת עיתונאים, שם לראשונה מזה חודשים התאפשר לכתבים לשאול את רה""מ שאלות. ""החקירות נגדי נולדו בחטא. המציאו עבירות, עצרו עשרות בסביבתי וסוחטים אותם באיומים לעדות שקר"", אמר נתניהו בדבריו.

""שמעתי בתקשורת שאומרים שאני רוצה להתחמק מהמשפט - שמעתם את זה? אני רוצה להתחמק? איזה הבל הבלים"", אמר נתניהו. ""שמונה שנים אני מחכה ליום הזה. שמונה שנים אני מחכה להציג את האמת, מחכה לפוצץ סופית את ההאשמות המופרכות, לחשוף את השיטה של מסע ציד אכזרי, כי החקירות נולדו בחטא - לא היתה עבירה, אז המציאו"".

""עוצרים עשרות אנשים בסביבתי, סוחטים, עדות שקר, פרעושים, בידוד, הכול כדי שיתנו עדות שקר, ואם זה לא עוזר מפעילים רוגלה. מחר אני מדבר, לא מתחמק"", הוסיף. 

@suleimanmas 
צילום: יונתן זינדל, פלאש90",0,"12/09/2024 10:49",https://www.instagram.com/p/DDXkXreNE3k/,"IG image",,Lifetime,43166,32661,1088,35,0,255,23
18058935364810284,17841407868310918,kan_news,"כאן חדשות","הותר לפרסום: שלושה לוחמי גבעתי נפלו בקרב בצפון רצועת עזה.

- סמ”ר עידו ז’נו, בן 20 מיהוד-מונסון, חובש קרבי בגדוד שקד, חטיבת גבעתי.
- סמ”ר ברק דניאל הלפרן, בן 19 מקרית אונו, מפקד כיתה בגדוד שקד, חטיבת גבעתי.
- סמל עמרי כהן, בן 19 מאשדוד, לוחם בגדוד שקד, חטיבת גבעתי.
יהי זכרם ברוך🥀

באירוע נפצעו קשה שני לוחמים נוספים, משפחותיהם עודכנו",0,"12/09/2024 08:18",https://www.instagram.com/p/DDXTJvyoTbH/,"IG carousel",,Lifetime,81768,49168,2504,98,1,175,18
18341861233180235,17841407868310918,kan_news,"כאן חדשות","הפליטים יעזבו את אירופה ויחזרו הביתה לסוריה? המשמעות של נפילת משטר אסד עבור היבשת כולה

@ishay_bar_yosef 
📷: AP",0,"12/09/2024 06:55",https://www.instagram.com/p/DDXJn4Axqfi/,"IG carousel",,Lifetime,68129,42429,1831,111,1,49,45
18053215042973788,17841407868310918,kan_news,"כאן חדשות","תקרית קשה בדרום לבנון 

צה""ל התיר היום לפרסם את שמותיהם של ארבעה לוחמי מילואים שנפלו בפעילות בדרום לבנון: רס""ן יבגני זינרשיין, בן 43 מזכרון יעקב; רס""ר בנימין דסטאו נגוסה, בן 28 מבית שמש, סרן שגיא יעקב רובינשטיין, בן 31 מלביא; ורס""ל ארז בן אפרים, בן 25 מרמת גן. הארבעה היו לוחמים בגדוד חיר""ם 9263 שבחטיבה 226. מספר חללי צה""ל מתחילת המלחמה עלה ל-813.

על פי תחקיר ראשוני של צה""ל, לוחמים מחטיבה 226 יצאו לסרוק אמצעי לחימה ותשתיות של חיזבאללה בשמורת לבונה סמוך לגבול בגזרה המערבית. עם כניסתם למתחם תת-קרקעי, שבו היו אמצעי לחימה ופירים נוספים, התרחש פיצוץ והמתחם קרס.

בצה""ל נבדקת האפשרות שמדובר בתאונה מבצעית, כלומר שמדובר באמל""ח צה""לי שהתפוצץ. הסיכויים לכך גבוהים אולם התחקיר עדיין נמשך. כוחות חילוץ והצלה של פיקוד העורף פעלו במשך שעות ארוכות לחילוץ הלוחמים, שנלכדו מתחת לאדמה במשך שעות ארוכות.",0,"12/09/2024 02:42",https://www.instagram.com/p/DDWsuNyocj-/,"IG carousel",,Lifetime,215256,122253,5185,201,9,209,51
18063085585657496,17841407868310918,kan_news,"כאן חדשות","המלחמה עוד כאן 👇

כלי טיס בלתי מאויש ששוגר מתימן פגע הבוקר בבניין מגורים ביבנה. הפיצוץ שנגרם מהפגיעה הביא לנזק, אולם אין נפגעים בגוף. 

אתמול פרסם כתבנו איתי בלומנטל כי בישראל שוקלים לצאת למתקפה בתימן בזמן הקרוב. 

צילום: כבאות והצלה",0,"12/09/2024 00:22",https://www.instagram.com/p/DDWcrf1IYbR/,"IG image",,Lifetime,56674,45339,1295,144,1,27,23
18051883513982253,17841407868310918,kan_news,"כאן חדשות","דובר צה""ל מפרסם הבוקר תמונות מכיבוש פסגת החרמון הסורי אתמול על ידי יחידת שלדג",0,"12/08/2024 20:00",https://www.instagram.com/p/DDV-oeyhp57/,"IG carousel",,Lifetime,111535,67877,7111,314,6,122,195
17858262435315508,17841407868310918,kan_news,"כאן חדשות","ביידן נותן לישראל קרדיט על נפילת אסד (וגם לוקח קצת לעצמו)",17,"12/08/2024 11:46",https://www.instagram.com/reel/DDVGCkVs8BU/,"IG reel",,Lifetime,85665,44102,2504,132,1,110,89
18085068235541180,17841407868310918,kan_news,"כאן חדשות","בצה""ל שוקלים מתקפה משמעותית בתימן בעקבות הירי המתמשך של החות'ים לעבר ישראל - גם בימים האחרונים
@itayblumental",0,"12/08/2024 11:09",https://www.instagram.com/p/DDVB4TdIcrj/,"IG carousel",,Lifetime,73544,46275,2329,136,0,100,64
17958892334733525,17841407868310918,kan_news,"כאן חדשות","מי ידע שאסד ייפול כך כך מהר?",48,"12/08/2024 06:30",https://www.instagram.com/reel/DDUht_eoUuG/,"IG reel",,Lifetime,31995,19878,691,45,1,31,34
18257381731259531,17841407868310918,kan_news,"כאן חדשות","כוחות צה""ל בגובה 2,814 מטר מעל פני הים?

רשת התקשורת הסעודית אל חדת' מדווחת כי כוחות צה""ל כבשו את פסגת החרמון הסורי, לאחר נטישת הכוחות הנאמנים לצבא אסד.

צילום: פלאש90",0,"12/08/2024 05:44",https://www.instagram.com/p/DDUcsixIQ3c/,"IG image",,Lifetime,82050,62969,3732,487,0,155,77
18013025930652099,17841407868310918,kan_news,"כאן חדשות","יכול להיות שזה נגמר 
לאחר גל שמועות על גורלו של הנשיא הסורי, פרסם משרד החוץ הרוסי הודעה רשמית ובה נכתב כי ""אסד החליט לעזוב את תפקידו, עזב את סוריה והורה להעביר השלטון בצורה שלווה"". לא נאמר בהודעה היכן נמצא הנשיא הסורי לשעבר. 

אולם ההצהרה הרוסית הגיעה דקות לאחר שמטוס תובלה של חיל האוויר הרוסי המריא מהבסיס הרוסי בלאטקייה שבסוריה. מוקדם נטען על ידי מקורות סורים כי אסד היה על מטוס שהתרסק מעל סוריה.",0,"12/08/2024 04:11",https://www.instagram.com/p/DDUSEefKxEB/,"IG image",,Lifetime,107457,82611,2075,58,1,36,78
17927038958987820,17841407868310918,kan_news,"כאן חדשות","ישראל לא קופאת על השמרים מול ההתפתחויות בסוריה 👇

גורם ביטחוני ישראלי סיפר היום לכאן חדשות: תקפנו מחסני אמל""ח בדרום סוריה ובאזור נמל התעופה בדמשק מחשש שיגיעו לידי המורדים וקבוצות מקומיות. פועלים לסכל איומים על ישראל ופגיעה בעליונות האווירית שלנו.
@itayblumental 

צילום: פלאש90",0,"12/08/2024 03:41",https://www.instagram.com/p/DDUOkT6IDg7/,"IG image",,Lifetime,49108,39515,1809,41,0,7,25
18028830299608506,17841407868310918,kan_news,"כאן חדשות","איזה כלי מהחניון של משפחת אסד הייתם לוקחים לסיבוב? 
Roi Kais @roikais",31,"12/08/2024 03:01",https://www.instagram.com/reel/DDUJ_MEK20t/,"IG reel",,Lifetime,107137,60136,2507,2111,12,108,186
17994002432727655,17841407868310918,kan_news,"כאן חדשות","בני הברית של אסד בורחים 👇

הנהגת הג'יהאד האסלאמי נמלטה מסוריה בעקבות נפילת משטר אסד. מנהיג הארגון זיאד נחאלה נמלט לטהרן, סגנו, אכרם עג'ורי נמלט לעיראק – כך נודע לכאן חדשות.

נפילת משטר אסד מובילה גם לשינויים דרמטיים באחד הארגונים שהיוו איום משמעותי על ישראל. ארגון הג'יהאד האסלאמי מונהג בעשורים האחרונים מדמשק – כאשר כל הנהגת הארגון והפיקוד הצבאי שלו פעלו תחת חסותו של אסד.

הנהגת הארגון כולה, נמלטה מסוריה בימים האחרונים, אחרי שהבינה שמשטר אסד נמצא על סף התהום – כך אמרו לכאן חדשות מקורות פלסטינים המעורים בפרטים.

וכעת לפרטים עצמם על פי אותם מקורות: מנהיג הארגון, זיאד נחאלה, נמלט מדמשק לטהרן כבר לפני כמה שבועות. נחאלה חש ששהותו בסוריה מסוכנת כי הוא נמצא חזק על הכוונת הישראלית. לבנון גם היא לא היתה אפשרות בטוחה עבורו ולכן הוא נמלט לטהרן.

סגנו של נחאלה, אכרם עג'ורי, שמשמש גם כראש המערך הצבאי של הג'יהאד האיסלאמי, נמלט ממש בימים האחרונים מדמשק יחד עם כל ההנהגה הצבאית של הארגון, וכעת לפי אותם מקורות הם נמצאים בעיראק.

לדברי המקורות, לא היו להנהגת הג'יהאד האסלאמי חלופות טובות יותר מטהרן בשל המצב הרגיש בלבנון וההבנה שישראל עלולה להתנקש בחייהם בקלות יחסית שם. 

הימלטות הנהגת הג'יהאד האסלאמי מסוריה תשנה לחלוטין את התנהלות הארגון שיצטרך להסתגל לפעילות שנמצאת במרחק רב הן מהגבול עם ישראל בצפון והן מפעילי הארגון ברצועת עזה. לעניין הזה יש חשיבות רבה לישראל.
@eliorlevy @kan_middleast 

צילום: AP",0,"12/08/2024 02:28",https://www.instagram.com/p/DDUGTpdo2Rt/,"IG image",,Lifetime,64217,50748,1637,48,2,27,40
18332028640153734,17841407868310918,kan_news,"כאן חדשות","איך ריב בין רוסיה לארה""ב עלול לפרק את תחנת החלל הבין-לאומית – ולהרוג את כל האסטרונאוטים שבתוכה?

האזינו לפרק המלא ב#עודיום",77,"12/08/2024 01:01",https://www.instagram.com/reel/DDT8PmUtwlH/,"IG reel",,Lifetime,16502,11617,243,13,1,6,15
18053848765789220,17841470312538363,kan_middleast,"כאן - המזרח התיכון","סורים שפרצו לכלא סיידאניא ליד דמשק גילו נשים וילדים שהיו כלואים שם",46,"12/08/2024 00:27",https://www.instagram.com/reel/DDT4OzGtwMV/,"IG reel",,Lifetime,105147,55890,2433,219,37,165,0
18059930827855337,17841407868310918,kan_news,"כאן חדשות","דמשק נכבשה על ידי המורדים באסד",39,"12/07/2024 23:00",https://www.instagram.com/reel/DDTudjNI3mU/,"IG reel",,Lifetime,63505,38759,1370,81,4,45,38
18024275507307769,17841407868310918,kan_news,"כאן חדשות","נפילת אסד - ההודעה הרשמית
המורדים הסורים שהשתלטו הלילה על בירת סוריה דמשק פרצו לשידורי הטלוויזיה הממלכתית והודיעו על נפילת משטר אסד.

במהלך הלילה דהרו המורדים לעבר הבירה והשתלטו על מוקדי השלטון כמעט ללא קרב. הם הגיעו לארמון הנשיא ותועדו מפילים את תמונתו של אסד. בדמשק חגגו המונים עם טנקים וציוד צבאי שהחשאר על ידי כוחות אסד שנסוגו מהעיר.

עם זאת, גורלו של באשר לא ידוע. גם במעוזי השלטון בערים העלוויות ליד הים תועדו המונים מפילים את סמל השלטון - פסלו של חאפז אל אסד, אביו של בשאר. בשלב זה כל מוקדי השלטון עברו למורדים.",0,"12/07/2024 22:38",https://www.instagram.com/p/DDTr7EGIZ11/,"IG carousel",,Lifetime,180683,105750,4391,222,11,66,94
17955365123849122,17841407868310918,kan_news,"כאן חדשות","דיווחים: צבא סוריה הודיע לקצינים על נפילת המשטר ואסד עזב את דמשק אל ""מקום לא ידוע"". המורדים נכנסו לביתו של הנשיא הנמלט והודיעו: ""דמשק משוחררת כעת מאסד""",0,"12/07/2024 20:35",https://www.instagram.com/p/DDTd1DxK6Tm/,"IG image",,Lifetime,36196,29061,1131,35,0,18,26
18055929847933019,17841407868310918,kan_news,"כאן חדשות","האם הלילה מתקרב הרגע הגורלי של סוריה? זה מה שקורה עכשיו #רקשתדעו",50,"12/07/2024 15:40",https://www.instagram.com/reel/DDS8F3JvpTs/,"IG reel",,Lifetime,60723,35243,972,66,3,61,48
18147909628349735,17841407994705156,nurityohanan,nurit,"מי אתה אבו מוחמד אל-ג'ולאני? על פעיל אל-קאעדה לשעבר שמוביל את המורדים בסוריה",0,"12/07/2024 12:07",https://www.instagram.com/p/DDSjxwMtxAJ/,"IG carousel",,Lifetime,123076,64960,1897,339,0,132,0
18090399013506372,17841407868310918,kan_news,"כאן חדשות","סרן אברהם בן פינחס, בן 24 מחרשה, מפקד מחלקה בגדוד 46, עוצבת ""עקבות הברזל"" (401), נפל בקרב בדרום הרצועה. הוא נפגע מטיל נ״ט שנורה על הטנק שעליו פיקד. הניח אחריו הורים ו-9 אחים ואחיות. 
יהי זכרו ברוך🥀
@itayblumental",0,"12/07/2024 10:43",https://www.instagram.com/p/DDSaICOx9br/,"IG image",,Lifetime,74480,59096,1279,28,0,130,6
18064290952774651,17841407868310918,kan_news,"כאן חדשות","תקרית חריגה בגבול הגולן: צה""ל מסייע לכוחות האו""ם בסוריה להדוף את מתקפת המורדים על מוצב של האו""ם באזור ח'דר - סמוך למג'דל שמס

@ItayBlumental
צילום: רויטרס",0,"12/07/2024 08:03",https://www.instagram.com/p/DDSH2p9REoh/,"IG image",,Lifetime,73254,51559,1998,181,0,77,60
18070582057585297,17841407868310918,kan_news,"כאן חדשות","אחרי 428 ימים: חמאס פרסם סרטון של החטוף מתן צנגאוקר. הסרטון צולם ככל הנראה בימים האחרונים, שכן מתן אומר בו שהוא נמצא מעל 420 ימים בשבי. בסרטון, פונה מתן לאימו: ""שומע על הפעולות שלך, מקווה שבקרוב ניפגש"". בנוסף, פנה מתן לממשלה ואמר: ""אני משלם על הטעויות שלכם בכל יום""

מתן, בן 24 ובמקור מאופקים, התגורר בקיבוץ ניר עוז עם חברתו אילנה גריצ'בסקי. מתן ואילנה לא הוחזקו יחד בשבי, ואחרי 55 ימים היא חזרה בפעימה האחרונה של העסקה הראשונה. בחודש יולי האחרון פורסם תיעוד בו נראה לכאורה מתן מובל על אופנוע באזור ח'אן יונס",0,"12/07/2024 07:08",https://www.instagram.com/p/DDSBjMqRWcA/,"IG image",,Lifetime,65092,45401,2641,55,0,67,28
18054033061805167,17841407868310918,kan_news,"כאן חדשות","המורדים בסוריה השתלטו על מחוז קוניטרה הגובל עם ישראל, אחרי שצבא אסד נסוג מהאזור. לפי דיווחים זרים, צבא אסד נסוג במהירות מדרום סוריה והמורדים כיתרו את דמשק. בעקבות ההתפתחויות, צה”ל הקפיץ גדודי חי”ר נוספים לגבול רמת הגולן. זאת בנוסף לכך שאתמול הוחלט לתגבר את אוגדה 210 האחראית על המרחב בגבול רמת הגולן, במאות לוחמים נוספים מיחידות ההכשרה. בכירים בישראל נערכים לקריסה מוחלטת של משטר אסד ואומרים שמדובר בנקודת מפנה דרמטית שעלולה לשנות את המציאות במזרח התיכון.

גורם מקורב לחיזבאללה אמר לסוכנות הידיעות הצרפתית כי הארגון שלח 2,000 מלוחמיו לסוריה. לפי הדיווח, פעילי חיזבאללה נשלחו לחלק של סוריה שקרוב לגבול עם לבנון. לצד זאת, העיתון “ניו יורק טיימס” דיווח הלילה כי איראן החלה לפנות את אנשיה מסוריה מחשש לקריסת ממשל אסד. לפי הדיווח, אנשי כוח קודס וכן קצינים, דיפלומטים ובני משפחותיהם עזבו את סוריה והתמקמו בעיראק ובלבנון. בסוריה דיווחו אתמול כי כוחות צבא רוסיה החלו בפינוי עמדותיהם בגבול עם ישראל. זאת לאחר שקבוצת מורדים השתלטה על אזור “תל חארה” שנמצא במרחק 12 ק”מ מהגבול ומשקיף לרמת הגולן.

@roikais  @itayblumental  @omershahar10",18,"12/07/2024 06:04",https://www.instagram.com/reel/DDR6AB4IVzV/,"IG reel",,Lifetime,126666,59322,1627,227,1,117,134
17854990863338324,17841407868310918,kan_news,"כאן חדשות","כיבוש סמלי - וקרוב אלינו 👇

המורדים בסוריה הודיעו כי כבשו גם את העיר דרעא, שבה החלה ההתקוממות נגד משטר אסד לפני 13 שנים. מחוז דרעא גובל בישראל. לדברי המורדים, הושג הסכם המאפשר לכוחות צבא סוריה לסגת מהעיר. לקציני צבא בכירים הוצע מעבר בטוח לדמשק.

קודם לכן הודיעו המורדים כי כוחותיהם הגיעו אל מבואות העיר חומס וכי הם קוראים לחיילי אסד: ""זו ההזדמנות האחרונה שלכם לערוק"". קשבנו עומר שחר מוסר כי על פי גורמים בַּאופוזיציה הסורית, כוחות צבא רוסיה שנפרסו לאורך הגבול עם ישראל בַּגולן החלו לפנות את עמדותיהם לאחר שהמורדים העמיקו את הישגיהם בַּאזור.

בישראל עוקבים בדריכות אחר ההתפתחויות. ההערכה היא שמשטר אסד אסד לשרוד רק במובלעת בשטחי סוריה, אם לא יקרוס לגמרי. בירושלים אומרים כי ישראל לא תאפשר למורדים להשתלט על נשק אסטרטגי של משטר אסד. כתבתנו גילי כהן מוסרת כי ישראל גם לא תאפשר לחזבאללה להעביר אמצעי-לחימה מִסוריה וּבכוונתה להמשיך וּלהפציץ את מעברי-הגבול בין סוריה ללבנון אם יהיה צורך בכך.",0,"12/06/2024 14:30",https://www.instagram.com/p/DDQPTCNIf3b/,"IG image",,Lifetime,108060,77466,2025,84,0,16,76
18052291925052618,17841407868310918,kan_news,"כאן חדשות","המנה שהחזירה את שאול 30 שנה אחורה: בלינצ'ס במסעדת יורש בבת ים 
#מקורב_לצלחת Shaul Amsterdamski @shaulams",27,"12/06/2024 07:01",https://www.instagram.com/reel/DDPb2HNBdVW/,"IG reel",,Lifetime,40480,25684,627,100,6,7,48
18046364258113482,17841407868310918,kan_news,"כאן חדשות","כך התנהל המעקב האמריקני אחר תוכנית הגרעין של ישראל #האטוםואני @shany2403",59,"12/06/2024 05:20",https://www.instagram.com/reel/DDPQaVVokUk/,"IG reel",,Lifetime,16780,11545,211,4,0,3,22
18000265067715889,17841407868310918,kan_news,"כאן חדשות","נער בן 14 מאילת פרסם סרטון בו הוא נראה מקניט ילד על רקע גזעני ויורק עליו. הסרטון וזהותו של התוקף הופצו ברשת, ולפי החשד נערים אחרים תקפו אותו בעקבות הסרטון. הבוקר הנער התוקף נעצר בידי המשטרה.

חברת הכנסת פנינה תמנו שטה אמרה על האירוע: ״ילד קטן בן הקהילה האתיופית הותקף בצורה אלימה וגזענית על ידי צעיר עבריין ובריון שיורק עליו וקורא לו ׳ניגרו׳. כל חטאו של הילד הקטן הוא צבע עורו ושנתקל באדם מסוכן. כשזה קורה כלפי קורבנות ילדים זה שובר את הלב״ 

@asaf_pozailov @itsik_z
צילום: תיעוד מהרשתות החברתיות, לפי סעיף 27 א׳",0,"12/06/2024 05:19",https://www.instagram.com/p/DDPQNIVtEAu/,"IG image",,Lifetime,70317,52502,1727,68,1,112,49
18177524719308855,17841407868310918,kan_news,"כאן חדשות","הותרו לפרסום שמותיהם של חמשת הצעירים שנהרגו בתאונת הדרכים במרוקו: משה גלנט, מאיר ישראל שאשא, הרב נתן שפירא, חיים יוסף תפלינסקי, הרב שמעון תפלינסקי. חיים ושמעון ז״ל היו אחים. יהי זכרם ברוך

@veredpelman @anna.pines @akivaweis",0,"12/06/2024 04:42",https://www.instagram.com/p/DDPMAidKno5/,"IG image",,Lifetime,75663,55076,1672,50,0,119,25
18171554632311262,17841407868310918,kan_news,"כאן חדשות","הוא זורם, הוא נבזז והוא מאפשר לחמאס לשלוט: המסלול שעובר הסיוע ההומניטרי - מהרציפים בצד הישראלי ועד לשווקים בעזה
@eliorlevy",365,"12/06/2024 03:34",https://www.instagram.com/reel/DDPD9G7IEQO/,"IG reel",,Lifetime,45603,27711,791,99,1,52,97
17870307285247395,17841407868310918,kan_news,"כאן חדשות","אסון במרוקו: חמישה צעירים ישראלים נהרגו בתאונת דרכים בעיר ווארזאזאת. ככל הנראה רכב ובו חמשת הצעירים איבד שליטה והתהפך, כל נוסעיו נהרגו מעוצמת התאונה 

@veredpelman
צילום: AP",0,"12/06/2024 02:41",https://www.instagram.com/p/DDO-N2XKgwy/,"IG image",,Lifetime,57399,39826,1345,50,0,108,21
18038209253337954,17841407868310918,kan_news,"כאן חדשות","מצדיעים לכן🫡 הדתיות שמתגייסות ללוחמה - במסלול החדש שצה""ל פתח במלחמה
@ettingeryair",72,"12/06/2024 01:00",https://www.instagram.com/reel/DDOynXNPjVy/,"IG reel",,Lifetime,56925,35294,2108,132,1,88,93
18025434362283243,17841407868310918,kan_news,"כאן חדשות","תחריר צפדי, סטודנט בן 21 מכפר מסעדה שברמת הגולן, הואשם בעבירות ריגול חמורות לטובת איראן. 

תחריר ואביו באסם נעצרו במהלך חודש נובמבר, ובחקירה התגלה כי תחריר היה מעורב בשנים האחרונות באיסוף מודיעין עבור הציר השיעי ובהכוונה איראנית - בשליחות אביו. תחריר אסף מידע על פעילות צה״ל באזור מגוריו, אותו העביר לכתב בעיתון איראני שמתגורר בדמשק ופועל בכוח קודס האיראני. בין היתר, הוא מסר לעיתונאי צילומים של כוחות צה״ל, תנועות טנקים ומידע על מיקום נפילת טילים במלחמה. 

שר הביטחון חתם על צו מעצר מנהלי לבאסם צפדי, האב, נוכח מסוכנותו הגבוהה לביטחון המדינה ושלום הציבור 

@rubih
צילום: דוברות המשטרה",0,"12/06/2024 00:17",https://www.instagram.com/p/DDOtsl6Mrty/,"IG image",,Lifetime,53278,40830,1804,147,0,66,33
17884278522086318,17841407868310918,kan_news,"כאן חדשות","דיווחים בסוריה: העימותים בין המורדים למשטר מתקרבים לגבול עם ישראל 👇

לפי דיווחים, קבוצות חמושות מקומיות בעיר דרעא - שנמצאת 13 ק״מ בלבד מישראל - החלו להתעמת עם כוחות משטר מקומיים. בנוסף, דווח כי כוחות אסד נסוגו מהעיר אינחל, כ-20 ק״מ מהגבול. 

בתיעודים שעלו לרשתות החברתיות נראה שהמורדים מתקרבים גם לעיר חומס, העיר השלישית בגודלה במדינה. במערכת הביטחון הישראלית עוקבים אחרי ההתפתחויות

@nurityohanan",0,"12/06/2024 00:00",https://www.instagram.com/p/DDOruxLPInE/,"IG image",,Lifetime,60206,45852,1344,50,0,40,26
17859031956304168,17841407868310918,kan_news,"כאן חדשות","דובר צה״ל הודיע על חיסול מחבלים בכירים ברצועת עזה. בין היתר, חוסל המחבל מג׳די עקילאן, סגן מפקד גדוד שאטי, ממפקדי הטבח בקיבוץ נחל עוז ב-7 באוקטובר. בנוסף, חוסל המחבל ממדוח מהנא, בכיר חמאס שהשתתף בפשיטה על הקיבוץ והוביל בניית מנהרות בעזה. המחבל אחמד סוידאן, מפקד פלוגה בגדוד שאטי שלקח חלק בחטיפת אזרחים ישראלים לעזה, חוסל גם הוא

@ItayBlumental @menashecarmela 
צילום: יונתן סינדל, פלאש 90",0,"12/05/2024 23:24",https://www.instagram.com/p/DDOnoThgvkK/,"IG image",,Lifetime,44675,35313,2662,60,1,40,26
18049351667014542,17841407868310918,kan_news,"כאן חדשות","״אני מאמין שאתה לא נותן להם לנצח אותך״ 💔👇

החטוף רום ברסלבסקי ציין אתמול יום הולדת שני בשבי חמאס בעזה. רום נחטף ב-7 באוקטובר ממסיבת הנובה, שם היה מאבטח, לאחר שנשאר במתחם כדי לסייע בהצלת אנשים: ״הוא היה גיבור יותר מדי. אבל זה רום, זה הילד עם העיניים הטובות שאוהב לעזור, שנלחם בשביל האחר, רואה את האחר לפני עצמו״, סיפר על כך בן דודו אדם חג׳ג׳. 

בן הדוד הוסיף: ״יותר משנה אין לנו שום פיסת מידע מה קורה איתו, אם הוא אוכל או שותה, אם מחממים אותו. אנחנו לא יודעים אם הוא בריא, אם הוא בסדר, אם הוא אכל.

״החטופים אומרים שהיה שם איזה רדיו קטן שהם הצליחו לשמוע - אז רום, אם אתה שומע אותי, תדע שלמעלה משנה אנחנו לא עוצרים ולא מוותרים. אעשה הכול בשבילך, אנחנו אוהבים ומתגעגעים אליך. המשפחה לא אותו הדבר מאז שאתה לא איתנו, אנחנו מפורקים. אני מכיר אותך, אתה אדם חזק, אני מאמין שאתה לא נותן להם לנצח אותך״. 

בני משפחתו של רום לא התראיינו לתקשורת כבר יותר משנה, בן דודו הסביר את ההחלטה בכאן רשת ב: ״התקשורת לקחה את משפחות החטופים כצד פוליטי כזה או אחר, אנחנו לא מאמינים בזה ולא רוצים שזה יהיה כך. אין לי אמונה לא בימין, לא בשמאל ולא בפוליטיקה בכלל. לקחו את משפחות החטופים ועשו אותן נטל. העם צריך לתמוך במשפחות - לא משנה אם אתה מסכים עם הדרך שלהן או לא״ 

@ranbinyamini
צילום: חיים גולדברג, פלאש 90",0,"12/05/2024 22:55",https://www.instagram.com/p/DDOkUkwuLNT/,"IG image",,Lifetime,73481,56734,3703,119,2,66,45
18037288901062153,17841407868310918,kan_news,"כאן חדשות","לאחר שהודיעו שהשתלטו על העיר הגדולה חמה, המורדים בסוריה מסרו שהם בדרך לעיר חומס - העיר השלישית בגודלה במדינה ומעוז המשטר האחרון לפני דמשק וגבול לבנון. צבא אסד הכחיש בתחילה את הדיווח על כיבוש חמה, אך לבסוף הודיע כי כוחותיו נסוגו מחוץ לעיר “למנוע פגיעה באזרחים”.

המורדים הצליחו לכבוש את הערים חמה וחאלב בתוך שבוע. העיר חמה לא נכבשה אפילו במלחמת האזרחים בסוריה - ובישראל רואים בכך אירוע תקדימי ומסוכן שממחיש כמה המורדים אינם צפויים. בצמרת מערכת הביטחון עוקבים בדאגה אחרי ההתפתחויות, וחוששים שהמורדים יתקדמו דרומה ויגיעו לדרום סוריה עד לגבול ישראל ברמת הגולן. בינתיים בישראל לא מזהים התנגדות משמעותית מצבא אסד או התערבות אקטיבית של איראן. החשש כרגע הוא שאמל”ח של הצבא הסורי יגיע לידי המורדים או שאיראן תנסה להעביר למורדים נשק - שיכול להגיע גם לידי חיזבאללה.

@itayblumental @roikais @kan_middleast",16,"12/05/2024 13:09",https://www.instagram.com/reel/DDNhKYSoIzs/,"IG reel",,Lifetime,98064,51145,1311,139,3,69,68
17862094524283764,17841407868310918,kan_news,"כאן חדשות","החוסן הישראלי - זה מה ששגריר ארה""ב בישראל ייקח איתו עם סיום תפקידו בעוד חודש. בריאיון מיוחד הוא מפריך את טענות נתניהו על כך שארה""ב הטילה אמברגו נשק על ישראל, והסירה אותו בעקבות ההסכם עם לבנון
@suleimanmas",78,"12/05/2024 11:42",https://www.instagram.com/reel/DDNXOLRJoN9/,"IG reel",,Lifetime,48668,30948,1163,74,5,20,63
18378140299129179,17841438241983957,kanmoreshet,"כאן מורשת","אלי דן חושף אצל דב אייכלר ודנה בצלאל בכאן מורשת, ממצאים מסקר שבוצע השבוע על ידי מכון נתוני אמת בשיתוף אתר כיכר השבת. הסקר, שנערך בקרב מדגם של 608 משיבים מהמגזר החרדי, מצביע על תמורות בולטות בעמדות הציבור החרדי, עמדתם ביחס למאמצי שחרור החטופים וההיערכות האפשרית לפרישה מהקואליציה בעקבות משבר חוק הגיוס.",0,"12/05/2024 09:48",https://www.instagram.com/p/DDNKOs_Izsm/,"IG carousel",,Lifetime,33601,17675,292,3,0,15,0
18028519871227254,17841407868310918,kan_news,"כאן חדשות","14 חודשים אחרי מחדל 7 באוקטובר: בצה""ל החליטו שעד פבואר יסופק נשק אישי מסוג תבור לכל תצפיתנית שסיימה הכשרה. בהמשך לכך, צה""ל גם מתכנן להזיז את עמדות התצפית מהגבול. 

החלטה זו מגיעה בעקבות הביקורת על כך שהתצפיתניות נותרו חסרות אונים אל מול מחבלי חמאס שפרצו לבסיסי צה""ל ב-7 באוקטובר. זאת, בלי שום יכולת בסיסית להגן על עצמן ועל חברותיהן ולאחר שהתריעו לא פעם על פעילות חריגה של מחבלי חמאס לפני הטבח. 

בתוך כך, בצה""ל הדגישו כי בשנה האחרונה פותחו אמצעים חדשים וטכנולוגיים שמטרתם לשפר ולייעל את פעילות הלוחמות והלוחמים בשדה הקרב. כחלק מכך, נעשה שימוש ברחפני חשיפה, תקיפה והצבת מאמנים טכנולוגיים וחדישים בבסיסי ההכשרות. בצבא אף פועלים להקים גדוד הנדסה סדיר נוסף שיצטרף לשלושת גדודי ההנדסה הקיימים היום ושיייכים לחטיבות השריון.

@itayblumental 
צילום: דובר צה""ל",0,"12/05/2024 08:19",https://www.instagram.com/p/DDNAGCtRJK7/,"IG image",,Lifetime,68870,49074,2623,225,1,47,53
17926194689878807,17841407868310918,kan_news,"כאן חדשות","הדלפת מידע מודיעיני ואי מעצר חשודים בטרור יהודי - תמורת קידום: החשדות בפרשת מקורבי בן גביר

(אורלי אלקלעי)
צילום: חיים גולדברג ויונתן זינדל, פלאש 90",0,"12/05/2024 07:48",https://www.instagram.com/p/DDM8d7-oH3w/,"IG carousel",,Lifetime,58665,33260,847,38,1,148,42
17995969421562333,17841407868310918,kan_news,"כאן חדשות","המשטרה לא מאשרת למוחים נגד הממשלה להפגין בצומת קפלן במוצ”ש - “כמות המפגינים שמגיעה לא מצדיקה את חסימת הצומת”. המחאה תוכל להתקיים היכן שמפגינות משפחות החטופים 

@Anna.pines
צילום: יונתן זינדלף פלאש 90",0,"12/05/2024 06:58",https://www.instagram.com/p/DDM2y8WoF09/,"IG carousel",,Lifetime,100096,57326,1778,200,3,401,48
18043697951234789,17841407868310918,kan_news,"כאן חדשות","אסון בנגב: מטוס ריסוס התרסק ליד קיבוץ שובל, גבר כבן 45 נפצע קשה
@itsik_z",9,"12/05/2024 05:43",https://www.instagram.com/reel/DDMuKUHNU7H/,"IG reel",,Lifetime,140543,75691,1699,282,10,65,46
18332394163157256,17841407868310918,kan_news,"כאן חדשות","""ההצגה הכי טובה בעיר"": מוכנים לאירוע הגדול של שבוע הבא? 
 @anna.pines",144,"12/05/2024 02:27",https://www.instagram.com/reel/DDMXu_0sFDr/,"IG reel",,Lifetime,40318,29864,566,27,5,27,29
18024490118306669,17841407868310918,kan_news,"כאן חדשות","הריאיון בכאן רשת ב שמעורר סערה 👇

ראש השב""כ לשעבר יורם כהן סיפר שראש הממשלה נתניהו ביקש ממני להפעיל כלי מעקב של השב""כ כלפי שרים וקצינים בכירים השותפים לסוד מדיני. את הדברים אמר בריאיון לרוני קובן ועמרי אסנהיים בכאן רשת ב. ""אתם אומרים להאזין, אני אומר להפעיל כלים נגד כל מי ששותף לסוד"", אמר כהן בריאיון.

""ראש הממשלה חשש כי זה היה נושא רגיש. הוא חשש שזה ידלוף וביקש ממני שאפעיל את הכלים שלי, שכל מי ששותף סוד - יפוקח על ידי שב""כ ואם מישהו ידליף את זה נטפל בו"". כשנשאל אם התבקש להשתמש בהאזנות טלפוניות אמר: ""בין היתר"".

בתגובה לדבריו החריפים של ראש השב""כ לשעבר נמסר מלשכת ראש הממשלה: ""יורם כהן המיתמם שנמצא עמוק בקמפיין פוליטי מנסה לייצר עוד 'פרשייה' מפוברקת. ראש הממשלה ביקש להגן על סוד מדינה חיוני, קיבל את המלצת הדרג המשפטי, פעל לפי החוק, ולא פגע בזכויותיו של איש"". 

עוד נמסר מלשכת נתניהו: ""בניגוד לדבריו של כהן, האיום האמיתי על הדמוקרטיה בישראל הוא לא מצד נבחרי הציבור, אלא מצד גורמים ברשויות האכיפה שמסרבים לקבל את דין הבוחר, ומנסים לבצע הפיכה שלטונית באמצעות חקירות פוליטיות חסרות-רסן שאינן מקובלות בשום דמוקרטיה"".

צילום: פלאש90",0,"12/05/2024 01:44",https://www.instagram.com/p/DDMS4oMMgJ0/,"IG image",,Lifetime,40150,31301,557,13,0,164,22
18116703199419090,17841464234747957,kan_reshetb,"כאן רשת ב","ראש שב”כ לשעבר, יורם כהן חושף כי ראש הממשלה בנימין נתניהו ביקש ממנו לצותת לשרים ולקצינים בכירים שלקחו חלק באירוע ביטחוני חשוב מחשש להדלפה: “אתם אומרים להאזין, אני אומר להפעיל כלים נגד כל מי ששותף לסוד, בין היתר בהאזנות טלפוניות”",0,"12/05/2024 01:31",https://www.instagram.com/p/DDMRaZhImY8/,"IG carousel",,Lifetime,67573,33086,936,24,2,158,0
17986598258757246,17841407868310918,kan_news,"כאן חדשות","תושב ירושלים בשנות ה-40 לחייו נעצר אתמול ליד התחנה המרכזית בעיר, כשהוא נושא שלט שקורא ""רבונו של עולם תהרוג את גלי בהרב מיארה ואת תומכיה"". שוטרים שהגיעו למקום עצרו אותו לחקירה בחשד להסתה. 
@veredpelman

צילומים: משטרת ישראל",0,"12/04/2024 22:59",https://www.instagram.com/p/DDL_7-xoeSR/,"IG carousel",,Lifetime,84074,43883,1646,54,0,350,41
17868637311251019,17841418830539247,shapirayaara,"Yaara Shapira","ההצהרה של דו""צ על חוק פלדשטיין - גול עצמי מפואר שיזיק לצבא בזירה הציבורית.",45,"12/04/2024 13:05",https://www.instagram.com/reel/DDK7k0QNzym/,"IG reel",,Lifetime,47283,25930,682,45,9,151,0
18261671266271056,17841407868310918,kan_news,"כאן חדשות","דובר צה""ל ביקר את החוק שמקדמת הממשלה - שר הביטחון השיב: ""תופעה חמורה וחריגה מהמותר והמצופה מלובש מדים במשטר דמוקרטי"" 👇

דובר צה""ל תא""ל דניאל הגרי אמר היום כי ""חוק פלדשטיין"", המקנה חסינות למי שמוסר מידע מסווג לשרי ממשלה, הוא חוק מסוכן לצה""ל שעלול לפגוע בחיי לוחמים ובביטחון המדינה. 

חברי כנסת רבים מיהרו להגיב נגד התבטאותו - ביניהם שר הביטחון החדש ישראל כ""ץ, שאמר: ""ביקורת דובר צה""ל נגד הדרג המדיני ונגד הליך חקיקה בכנסת היא תופעה חמורה וחריגה מוחלטת מסמכותו וממה שמותר ומצופה מלובש מדים במשטר דמוקרטי. בכוונתי לפעול לקיום הליך משמעתי מולו בהקדם לצורך הסקת המסקנות הנדרשות"". יש לציין כי רק לרמטכ""ל יש סמכות לפעול מול קציני צה""ל.

מדובר צה""ל נמסר כי גם הרמטכ""ל נזף בהגרי ""על תשובתו לשאלה בנושא חוק מסירת מידע סודי לראש הממשלה ולשרים במהלך תדרוך עיתונאים - שחרגה מסמכותו. צה""ל לא מעביר ביקורת על המחוקק, אלא מביא עמדתו בפני הדרג המדיני במנגנונים המקובלים לשם כך"".

הגרי התנצל, ואמר: ""בהצהרה שלי הערב בתשובה לשאלה התבטאתי באופן שחרג מסמכותי כדובר צה""ל, ועל כך נזף בי הרמטכ""ל. מדינת ישראל היא מדינה דמוקרטית וצה""ל כפוף לדרג המדיני. במאות ההצהרות והשאלות שנענתי עליהן מאז ה-7 באוקטובר אני שומר על ממלכתיות. צה""ל מעביר את עמדתו לגורמים הרלוונטיים בענייני חקיקה במנגנונים המקובלים לשם כך, ולא בדרך אחרת""

@itayblumental @shemeshmicha @shapirayaara @suleimanmas 
📷: פלאש90",0,"12/04/2024 11:45",https://www.instagram.com/p/DDKy09pNMvS/,"IG image",,Lifetime,42177,33415,985,37,0,320,31
18028185422428567,17841407868310918,kan_news,"כאן חדשות","מקור פלסטיני בעזה: חמאס הצליח לאתר את גופתו של מוחמד דף תחת הריסות התקיפה שבה חוסל בחודש יולי - וקבר אותה במקום סודי מבלי להכריז על כך באופן פומבי. הסיבה לכך היא שחמאס מאמין שאם יוודע לישראל מקום הקבורה של דף - צה”ל יגיע למקום, יחפור את הקבר וייקח את גופתו על מנת שתשמש קלף מיקוח בעסקת חטופים. 

סיבה נוספת לחשאיות של חמאס, לדברי המקור, היא שהארגון לא הכריז באופן רשמי על מותו של דף, שהיה ראש הזרוע הצבאית של חמאס, “מחשש שהידיעה על חיסול האב הרוחני של הזרוע הצבאית של חמאס תשבור את המורל של הפעילים שנלחמים ברצועה”. זו הפעם הראשונה שבה מודה מקור מעזה, המעורה בפרטים, במותו של דף כתוצאה מתקיפת צה”ל

@eliorlevy",0,"12/04/2024 10:46",https://www.instagram.com/p/DDKsF33onEc/,"IG carousel",,Lifetime,124264,76458,2224,107,1,45,115
18030054224184438,17841407868310918,kan_news,"כאן חדשות","גופתו של החטוף איתי סבירסקי ז""ל, שנרצח בחודש ינואר לאחר כמעט ארבעה חודשים בשבי חמאס, חולצה היום מעזה. סבירסקי היה בן 38 במותו. הוא נחטף חי מבית הוריו בקיבוץ בארי, ואיבד ב-7 באוקטובר גם את אימו, שנרצחה מול עיניו, וגם את אביו. 

הוא שהה בשבי לצד יוסי שרעבי ז""ל, שנהרג גם הוא, לצד נועה ארגמני שחולצה במבצע, ולצד אמילי הנד בת ה-9 ששוחררה בעסקה, וסיפרה על השהות המשותפת בכיכר החטופים בשבת האחרונה. 

אחרי חילוצה של נועה ארגמני היא נפרדה ממנו וסיפרה: ""הכרנו אחד את השנייה במסע המשותף שלנו ביחד בעזה, עוד ב-7 באוקטובר. כבר ברגע שבו נכנסת לחדר הבנתי שיש כאן מישהו שאוכל לסמוך עליו. לאורך כל הדרך היית לצידי, ואני לצידך. היית החבר הכי טוב שלי, האיש שיחה שלי והאח הגדול שאף פעם לא היה לי. לימדת אותי את המורכבות של הנפש ואיך כל אחד מאיתנו מתמודד עם דברים בדרך אחרת, שאין דרך לא נכונה. כל אחד והדרך שלו"".

היא הוסיפה: ""אני מודה לך על הימים שהייתי מבועתת מפחד ותמיד אמרת לי 'אני פה איתך. זה קשה, אבל אני פה איתך'. כבר 191 ימים שאתה לא פה איתי, וזה עדיין לא נקלט שאנשים חפים מפשע נרצחים. כל מה שנותר לי להגיד זה תודה. תודה שהיית לצידי במשך כל הזמן הזה, שהקשבת לפחדים שלי, שפשוט היית שם. אני מבטיחה לך שתמיד תהיה חלק ממני, שלעולם לא אשכח אותך ושאעשה את הכי טוב שלי על מנת להעניק לך קבורה ראויה. הלוואי שהיית יודע כמה כולנו אוהבים אותך"".

איתי שלח מסר מהשבי לאחותו מירב וביקש שתעשה הכל כדי להוציא אותו מהשבי - מסר שהגיע עם החטופים ששוחררו בעסקה בנובמבר. אחרי מותו, אמרה אחותו מירב בכאב: ""המקרה של איתי מראה שאנחנו במשימה להציל חיי אדם. איתי חי 99 ימים בשבי, היינו יכולים להחזיר אותו בחיים - היום כבר אי אפשר""",0,"12/04/2024 10:06",https://www.instagram.com/p/DDKnd8JtD_w/,"IG image",,Lifetime,34809,27468,1925,54,0,57,25
18152391823337515,17841407868310918,kan_news,"כאן חדשות","כלי תקשורת פלסטיניים מדווחים: לפחות עשרה הרוגים ועשרות פצועים בשריפה באזור ההומניטרי בחאן יונס
@omershahar10",11,"12/04/2024 08:59",https://www.instagram.com/reel/DDKfwVJB0ok/,"IG reel",,Lifetime,91488,50255,1425,46,21,567,60
18281323744246627,17841407868310918,kan_news,"כאן חדשות","צה""ל מפרסם: ששת החטופים נרצחו במנהרה בחאן יונס בידי מחבלי חמאס - על רקע תקיפה אווירית של חיל האוויר בסמוך. 

צה""ל הציג למשפחותיהם של אלכס דנציג, חיים פרי, יורם מצגר, יגב בוכשטב, נדב פופלוול ואברהם מונדר את ממצאי התחקיר הצה""לי, שקובע כי השישה נרצחו על ידי שוביהם זמן קצר לאחר תקיפת חיל האוויר באזור, ובהמשך המחבלים מתו מתוצרי לוואי של התקיפה ומגזים רעילים.

התחקיר, שנערך בחודשים האחרונים בפיקוד הדרום יחד עם אמ""ן ומנהלת החטופים, קובע כי ששת החטופים הוחזקו לצד חטופים נוספים במתחם שהוגדר בצה""ל ""הממלכה"" - מתחם תת קרקעי שחמאס בנה באזור חאן יונס, ולשם גם הגיעו בכירי חמאס בחודשים הראשונים של המלחמה.

בין סוף דצמבר לתחילת ינואר, כך קובע התחקיר של צה""ל, החטופים הועברו למנהרה במרחק ארבעה ק""מ משם,בשכונת חאמד. המנהרה שאליה הועברו החטופים נחשבת למנהרת מעבר - שלא מאפשרת שהייה ארוכה ובתנאים קשים.

ב-14 בפברואר מטוסי קרב של חיל האוויר תקפו יעד שהוגדר ""ערכי"" בשכונת ח'אמד במערב חאן יונס. בצה""ל אומרים שלא היה מידע מודיעיני על הימצאות חטופים באזור או חשד שכזה. בהמשך כוחות צה""ל אף פעלו קרקעית באזור.

חצי שנה לאחר מכן, ב-20 באוגוסט, כוחות צה""ל יצאו למבצע ממוקד והשיבו את גופות החטופים לישראל. כחלק מהתחקיר, גופות החטופים נשלחו לבדיקה במכון הפתולוגי, שם נמצאו עדויות לכך שהם נורו כולם מטווח קצר. 

בנוסף, כוחות צה""ל הוציאו מאחת ההסתעפויות של המנהרה גופות של שישה מחבלים שגופותיהם היו ללא סימני פגיעה חיצוניים. התחקיר קובע שהמחבלים מתו כתוצאה מתוצרי לוואי של התקיפה וגזים רעילים. בצה""ל אומרים שלא ניתן לשלול לחלוטין אפשרות שהחטופים נורו על ידי מחבלים אחרים שהגיעו למקום אחרי התקיפה, אולם הסבירות לכך נמוכה מאוד

@itayblumental",0,"12/04/2024 06:42",https://www.instagram.com/p/DDKQIudxLjz/,"IG image",,Lifetime,68529,49263,1862,117,1,94,48
17887838328152703,17841407868310918,kan_news,"כאן חדשות","הקורס הראשון להכשרת טכנאי מטוסים מהמגזר החרדי הסתיים בהצלחה!

26 הטכנאים הוסמכו על מנת להבטיח את הכשירות המבצעית של מטוסי ה-F-16 ושל מערכות הנשק, וישרתו במרכז תפעולי של מטוסי קרב בחיל האוויר הממוקם בבסיס ""רמת דוד"".
 
זהו קורס ההכשרה הראשון לטכנאי דרג א' מהמגזר החרדי, והוא חלק מתהליכים משמעותיים בצה""ל שנועדו לשלב צעירים חרדים בצבא, תוך ביצוע ההתאמות הנדרשות לשמירה על אורח חיים דתי, כגון לינה נפרדת, כשרות למהדרין והקמת בית כנסת. היוזמה מהווה פיילוט פורץ דרך, שמטרתו לשלב צעירים חרדים בשירות צבאי תוך מתן מענה לצורכי צה""ל

@carmelamenashe @itayblumental",0,"12/04/2024 05:27",https://www.instagram.com/p/DDKHlT6RraH/,"IG image",,Lifetime,58348,45424,5044,138,1,174,34
18037821740350523,17841407868310918,kan_news,"כאן חדשות","מה עובר על בעל עסק להשכרת ציוד אירועים מהצפון? ריאיון עם שי לנקרי, הבעלים של ""שחל ארי יזמויות"" #משחקי_הכיס @lielkyzer",72,"12/04/2024 04:57",https://www.instagram.com/reel/DDKDzN5IzNr/,"IG reel",,Lifetime,17509,12013,292,6,0,17,6
18461845675020588,17841464234747957,kan_reshetb,"כאן רשת ב","דניאל אלוני ששבה עם בתה אמיליה מהשבי: “אני רוצה להזכיר את הימים שלפני המתקפה, הפחד הגדול ביותר שלנו היה חטיפת חיילות לעזה, מתוך מחשבה על מה עלול לקרות להן שם. אז זה מה שקורה עכשיו, ולא רק חיילות - גם אזרחיות”",0,"12/04/2024 03:32",https://www.instagram.com/p/DDJ6ZIror5I/,"IG carousel",,Lifetime,191225,114592,5958,149,11,97,0
17886828204151292,17841407868310918,kan_news,"כאן חדשות","מכמעט פרסום ראשון עד לידיעה שהולכת להרעיד את המדינה - ככה הפרשן הצבאי שלנו @roysharon11 אוהב את ההדלפות שלו",82,"12/04/2024 01:53",https://www.instagram.com/reel/DDJukOAIMOp/,"IG reel",,Lifetime,85367,42891,1938,193,2,56,120
18040799834223198,17841407868310918,kan_news,"כאן חדשות","תוצאות לא מחמיאות במבחן לכיתות ח' 👇

אחד מכל חמישה תלמידים בישראל נמצא מתחת לרמת הסף הנדרשת במתמטיקה ובמדעים בכיתה ח'. כך עולה מתוצאות מבחני טימז הבינלאומיים. ישראל צנחה ב-14 מקומות במתמטיקה ובתשעה במדעים מאז המבחן הקודם לפני ארבע שנים. במשרד החינוך טוענים כי תוצאות המחקר משקפות מגמה עולמית של ירידה בהישגים בשל מגפת הקורונה.

המחקר נערך ב-44 מדינות ובחן כ-300 אלף תלמידות ותלמידים מכ-9,000 בתי ספר ברחבי העולם. בישראל, נבחנו כ-5,200 תלמידות ותלמידים מ-195 בתי ספר. יש לציין כי הציבור החרדי ותושבי מזרח ירושלים לא השתתפו במחקר. 

את הירידה החדה בציונים לא ייחס משרד החינוך להתנהלותו אלא בעיקר למשבר הקורונה: ""היו 130 ימי סגר. לעומת זאת, מדינות שנקטו במדיניות מתונה יותר, כמו שבדיה - 49 ימי סגר - ואנגליה - 64 ימי סגר - הציגו שיפור בהישגיהם, עם עלייה של 15 ו-10 נקודות במתמטיקה ומדעים"". בנוסף, במשרד שמו זרקור על המבצעים הביטחוניים שאירעו בישראל לפני הבחינה - בטענה שאלו גם הם השפיעו על הציונים.
@liran_kogahinoff
צילום: פלאש90",0,"12/04/2024 01:17",https://www.instagram.com/p/DDJq8Reo_--/,"IG carousel",,Lifetime,72773,40075,1580,179,0,101,89
18039245972200341,17841407868310918,kan_news,"כאן חדשות","חשד לפשעי שנאה ביישובים פלסטינים סמוך לשכם 👇

בעיירה הפלסטינית בית פוריק הציתו עשרות מתנחלים שני מבנים וכמה כלי רכב. לאחר מכן ניסו הפורעים להיכנס לכפר בית רוג'יב ונבלמו על ידי כוחות צה""ל. שישה מהם נעצרו. 

בחווארה, כעשרים רעולי פנים נכנסו לעיירה, והציתו כמה כלי רכב ומבנה. בעל המבנה כבן 70 נפצע בראשו ונזקק לטיפול רפואי. שני ילדים פלסטינים נפצעו מאבנים. מתנחלים תקפו באלות גם את רכז הביטחון של היישוב יצהר, וזה הגיב בירי באוויר. כמו כן שני לוחמי מג""ב נפצעו מאבנים שיודו אל רכבם. 

הרקע לאירועים- פעולות אכיפה הבוקר של המנהל האזרחי נגד מבנים לא חוקיים במאחז אור יוסף, שממנו גם יצאו אירועי פשיעה רבים נגד פלסטינים באזור. 
@roysharon11 @nurityohanan 

אנחנו עושים מאמץ גדול לאתר את בעלי הזכויות בצילומים. השימוש ביצירות שבעל הזכויות בהן אינו ידוע או לא אותר נעשה לפי סעיף 27א ל""חוק זכויות יוצרים"". אם זיהיתם צילום ואתם בעלי הזכויות בו, יש לפנות ל-zcuyot@kan.org.il",0,"12/03/2024 23:57",https://www.instagram.com/p/DDJhxzVMzl0/,"IG carousel",,Lifetime,83482,44976,1337,102,1,205,50
18481461580050635,17841464234747957,kan_reshetb,"כאן רשת ב","“גלי בהרב-מיארה מנסה להעביר מסר שמי שפועל על פי דרכי, יגיעו אליו על משהו”: השר לביטחון לאומי, איתמר בן גביר",0,"12/03/2024 22:36",https://www.instagram.com/p/DDJYghgoypr/,"IG carousel",,Lifetime,47200,25869,599,9,4,148,0
18030780992169674,17841407868310918,kan_news,"כאן חדשות","ידע או לא ידע?👇

אלי פלדשטיין, הנאשם המרכזי בפרשת המסמכים המסווגים בלשכת ראש הממשלה, אישר בעדותו את חשיפת כאן חדשות וסיפר: “סיפרתי לנתניהו על המסמך הסודי” - כך פורסם הערב בחדשות הערב בכאן 11. העדות סותרת את גרסת ראש הממשלה בנימין נתניהו, שלדבריו למד על המסמך “בתקשורת”.

למרות הסתירה הזו בגרסאות, ראש הממשלה נתניהו לא זומן למסור עדות בפרשה. כזכור, דוברו יונתן אוריך נמנע מלהשיב לשאלות בחקירתו. פלדשטיין אמר לחוקריו כי ההודעה לנתניהו על המסמך הסודי התרחשה יומיים בלבד לפני ההדלפה לעיתון הגרמני “בילד”. 

הפרקליטות ענתה בתגובה לשאלה מדוע נתניהו לא נדרש להשיב לסתירות בגרסאות שעלו בתיק: “התיק יתנהל ומן הסתם יעלו טענות במשפט ושם הן יתבררו”",0,"12/03/2024 13:39",https://www.instagram.com/p/DDIbDSwIaSl/,"IG carousel",,Lifetime,60799,37266,1196,59,1,228,47
17936967122948848,17841407868310918,kan_news,"כאן חדשות","השוער לשעבר של קבוצת אל נאסר הסעודית אמר בריאיון שהכדורגלן כריסטיאנו רונאלדו שוקל להתאסלם: ""דיברתי איתו על זה והוא הביע עניין, כבר הייתה פעם שהוא השתטח על המגרש. הוא תמיד עודד את השחקנים האחרים להתפלל ולמלא מצוות באסלאם.

""בכל פעם שהייתה נשמעת קריאת מואזין בזמן אימון, הוא היה מבקש לעצור אותו ולהמשיך רק כשהיא מסתיימת""

מה דעתכם?

@alexnirenburg
צילום: AP",0,"12/03/2024 10:19",https://www.instagram.com/p/DDIEPhBKNIj/,"IG image",,Lifetime,61607,45879,1088,417,1,139,57
18021653867620224,17841407868310918,kan_news,"כאן חדשות","אלי פלדשטיין והנגד א' ישוחררו למעצר בית👇

בית המשפט המחוזי בתל אביב הורה היום על שחרורם של אלי פלדשטיין ונגד א' למעצר בית. השניים נאשמים בפרשת המסמכים המסווגים בלשכתו של ראש הממשלה, בנימין נתניהו, והם שהו במעצר במתקני כליאה יותר מחודש וחצי.

בנוסף, השופט החליט כי קיימת ""חולשה ראייתית"" בהעמדת פלדשטיין לדין בעבירת פגיעה בביטחון המדינה, כפי שנחשף בכאן חדשות, על כך שאין מספיק ראיות משטרתיות להצדקת סעיף זה. המשך הדיון על הארכת מעצר, או חלופה יקבעו בהמשך.

כמו כן, השופט קבע שיינתן משקל מסוים לטענתו של פלדשטיין לאכיפה בררנית, לעומת דוברו של ראש הממשלה יונתן אוריך, שלא נעצר ולא הועמד לדין, שטען שמטרתו הייתה שהחומר הסודי יובא לידיעתו של הראש הממשלה בנימין נתניהו.

צילום: פלאש90",0,"12/03/2024 08:14",https://www.instagram.com/p/DDH14DptNrC/,"IG image",,Lifetime,32765,26374,848,4,0,65,10
18053355049814183,17841407868310918,kan_news,"כאן חדשות","תחקיר הנובה - ההקלטות נחשפות: היום בשבע עם איילה חסון, החלק השני של התחקיר",36,"12/03/2024 08:04",https://www.instagram.com/reel/DDH0r5yC2ID/,"IG reel",,Lifetime,28290,18152,433,13,2,57,15
17848102818333784,17841407868310918,kan_news,"כאן חדשות","כוחות צבאיים נכנסו לפרלמנט 👇

נשיא דרום קוריאה, יון סוק יאול, הכריז על משטר צבאי ""כדי לטהר כוחות שתומכים בקוריאה הצפונית"". אחרי ההכרזה דווח שכוחות צבאיים נכנסו לתוך בניין הפרלמנט. 

יון סוק יאול נבחר בפער זעום בבחירות שנערכו בשנת 2022, ומוקדם יותר השנה התערער מאוד מצבו הפוליטי לאחר שהאופוזיציה השיגה ניצחון גדול בבחירות לפרלמנט. 

מוקדם יותר היום הנשיא כינס ישיבה עם בכירי הביטחון במדינה ותקף את האופוזיציה על כך שהיא ""מנסה להדיח אותו בדרכים לא חוקיות"". מפקד השלטון הצבאי הודיע כי מרגע זה אסורים כינוסים בעלי אופי פוליטי במדינה, וכי התקשורת תהיה תחת פיקוח

@ramelibrandts
צילום: AP",0,"12/03/2024 07:47",https://www.instagram.com/p/DDHyzaQKTCG/,"IG image",,Lifetime,48687,36689,1199,78,2,48,50
18123076837395206,17841407868310918,kan_news,"כאן חדשות","חודש וחצי אחרי ששם קץ לחייו, הנווט אסף דגן ז""ל הובא לקבורה צבאית בתום מאבק של משפחתו. הזמרת לאה שבת הקדישה לו את השיר ""תמיד יחכו לך"", שהתנגן בטקס סיום קורס הטיס שלו

@yoavborowitz",38,"12/03/2024 07:11",https://www.instagram.com/reel/DDHuo-WvzaR/,"IG reel",,Lifetime,49919,32862,2465,86,4,127,66
17875921041209191,17841407868310918,kan_news,"כאן חדשות","רשות החשמל הודיעה שתעריף החשמל לצרכן הביתי יעלה בכ-3.8% החל מינואר 2025. לפי הרשות, הסיבות המרכזיות לעלייה במחירים קשורות במלחמה, בעלייה באינפלציה ובריבית שממשיכה לטפס 

@dana_yarkechy 
צילום: Menachem Lederman/Flash90",0,"12/03/2024 04:52",https://www.instagram.com/p/DDHe0fmq-wD/,"IG image",,Lifetime,24728,19457,577,85,0,33,14
18048137993319325,17841464234747957,kan_reshetb,"כאן רשת ב","“מבקש מראש הממשלה - מתחנן שתחזירו לנו את החטופים”: אבי זכרי, אבא של אוהד ובן זוגה של קרן מונדר ששוחררו מהשבי #בחציהיום",0,"12/03/2024 04:49",https://www.instagram.com/p/DDHecGfomWP/,"IG carousel",,Lifetime,68616,39804,2131,34,3,26,0
17856785391263517,17841407868310918,kan_news,"כאן חדשות","הטלוויזיה הישראלית מקבלת במה מעבר לים 👇

הסדרה ""שישה אפסים"" של תאגיד השידור וחברת מובי פלוס הפקות, זוכת שבעה פרסי האקדמיה ובהם הפרס לסדרת הדרמה הקומית הטובה ביותר, נמכרה לנטפליקס ותשודר בארצות הברית, אמריקה הלטינית ובמדינות רבות באירופה למיליוני מינויים.

בימים אלו מפתחים בכאן 11 ובמובי פלוס הפקות את עונתה השנייה של הסדרה.
@alon_fruchter",0,"12/03/2024 04:17",https://www.instagram.com/p/DDHaz4MoKbz/,"IG image",,Lifetime,93218,71261,2539,123,3,57,58
17940980429934548,17841407868310918,kan_news,"כאן חדשות","מריאל ביקשה להתגייס לצה""ל - שר הפנים משה ארבל סרב, אבל היא וחבריה לא מוותרים 
@nofarji",68,"12/03/2024 03:55",https://www.instagram.com/reel/DDHYK5fvJCe/,"IG reel",,Lifetime,54763,34121,2307,133,3,285,71
18054461239928427,17841407868310918,kan_news,"כאן חדשות","מה יש לטראמפ במחסנית, כשהוא מאיים על חמאס? הפרשנות של @amichaistein",0,"12/03/2024 01:11",https://www.instagram.com/p/DDHFbw8sAsv/,"IG carousel",,Lifetime,60114,32137,1308,23,0,32,47
18067687735670539,17841464234747957,kan_reshetb,"כאן רשת ב","שר האוצר בצלאל סמוטריץ׳: “שמערכת הביטחון תעסוק בביטחון ולא בכלכלה, החזקת צבא בעזה תעלה מיליונים בודדים. המלחמה עלתה לנו עד כה 250 מיליארד ש”ח” 

בדבריו התייחס שר האוצר לפרסום של כתבתנו ליאל קייזר אמש בחדשות הערב, לפיו במערכת הביטחון מעריכים שעלות הממשל הצבאי בעזה תאמד ב-25 מיליארד שקלים בשנה

#קלמןליברמן",0,"12/03/2024 00:46",https://www.instagram.com/p/DDHCkf1IHxP/,"IG image",,Lifetime,37791,29479,660,25,0,110,0
18145399084358385,17841407868310918,kan_news,"כאן חדשות","הכאב הבלתי נתפס של משפחת סיגל: בתו של החטוף קית' סיפרה לחבריה בפייסבוק על מות סבתה

צילום: פלאש90",0,"12/02/2024 23:23",https://www.instagram.com/p/DDG5FoYof7l/,"IG carousel",,Lifetime,232201,150193,8941,394,9,184,179
17887687164140842,17841407868310918,kan_news,"כאן חדשות","ההחלטה לא לפנות את המסיבה - והשוטרים שעיכבו את המתקפה בגופם: ההקלטות מתחקיר צה”ל על טבח הנובה נחשפות

אילה חסון - Ayala Hasson",405,"12/02/2024 12:30",https://www.instagram.com/reel/DDFuG-qIxTT/,"IG reel",,Lifetime,67748,43710,1132,247,4,84,184
17870852304163550,17841407868310918,kan_news,"כאן חדשות","האולטימטום של טראמפ לחמאס👇

הנשיא הנבחר של ארצות הברית דונלד טראמפ, הציב היום אולטימטום לחמאס. ""אם לא תשחררו את החטופים עד שאכנס לבית הלבן - תשלמו מחיר כבד"".

עוד כתב הנשיא הנבחר כי ""כולם מדברים על השבת החטופים שמוחזקים בתנאים לא אנושיים, אבל אלו רק דיבורים, ללא מעשים! אם החטופים לא ישוחררו עד ל-20 בינואר 2025, תאריך תחילת כהונתי כנשיא ארצות הברית, יהיה זה גיהינום במזרח התיכון - עבור מי שחוללו את הזוועות האלו. האחראים לכך יחטפו מכה קשה, הקשה ביותר בהיסטוריה של ארצות הברית. שחררו את החטופים עכשיו!"".

צילום: רויטרס",0,"12/02/2024 11:10",https://www.instagram.com/p/DDFlPsHqN97/,"IG image",,Lifetime,64285,48393,3594,239,1,140,48
18024781556557011,17841407868310918,kan_news,"כאן חדשות","""אני פה, אבל הנשמה שלי שם"": אילנה גריצבסקי, בת זוגו של מתן צנגאוקר, מדברת על הזוועות שחוותה במנהרות חמאס - ועל הגעגוע והדאגה למתן
@shanywmn",89,"12/02/2024 09:46",https://www.instagram.com/reel/DDFbhVZSoJh/,"IG reel",,Lifetime,189164,100933,7731,585,10,273,428
18292959658231246,17841407868310918,kan_news,"כאן חדשות","מה אמר בן גוריון לנשיא קנדי כשנשאל על תוכנית הגרעין של ישראל?
@shany2403",43,"12/02/2024 08:57",https://www.instagram.com/reel/DDFWBTlyxNT/,"IG reel",,Lifetime,22907,15236,411,25,0,11,45
17990861276753807,17841407868310918,kan_news,"כאן חדשות","רגע לפני סוף הכהונה - ביידן העניק חנינה לבנו👇

כחודש וחצי לפני שיעזוב את הבית הלבן, נשיא ארצות הברית ג'ו ביידן, החליט לנצל את סמכותו והודיע הלילה על הענקת חנינה לבנו האנטר שמואשם בעבירות מיסים ובעבירת אחזקה לא חוקית של נשק.

ביידן הבן היה אמור לעמוד לדין בשני התיקים, אולם החנינה שהעניק לו אביו תביא לסגירתם. יש לציין כי בעבר נשיא ארצות הברית הצהיר כי לא ישתמש בסמכותו כדי להעניק חנינה לבנו, אך שינה את דעתו. 

""האישומים נגדו באו בעקבות ניסיונות של יריבים פוליטיים שלי בקונגרס לפגוע בי"", אמר ביידן וציין: ""אף אדם סביר שמסתכל על העובדות של המקרים של האנטר לא יכול להגיע למסקנה אחרת מלבד שהאנטר סומן רק בגלל שהוא הבן שלי"".

עוד הוסיף הנשיא היוצא: ""אני מאמין במערכת המשפט, אבל בזמן שהתחבטתי עם זה, אני גם מאמין שפוליטיקה נדבקה בתהליך הזה וזה הוביל לעיוות דין - וברגע שקיבלתי את ההחלטה הזו בסוף השבוע הזה, לא היה שום היגיון בדחייתו עוד יותר"".

כמו כן, בחודש יוני באחרון ביידן הבן הורשע בשלוש עבירות פדרליות הקשורות לבעלות על נשק. טענת המדינה היא שביידן הבן שיקר כאשר ביקש את רישיון הנשק והסתיר את העובדה כי הוא משתמש בסמים. זאת, כאשר הוא נאבק במשך שנים בהתמכרות לקראק ואושפז מספר פעמים במוסדות גמילה. 

צילום: AP",0,"12/02/2024 08:25",https://www.instagram.com/p/DDFSUVAP6mO/,"IG carousel",,Lifetime,59309,33838,1089,60,0,80,52
18079700014566492,17841407868310918,kan_news,"כאן חדשות","לראשונה מתחילת הפסקת האש: שני שיגורים נורו מלבנון לעבר הר דב ונפלו בשטחים פתוחים. ראש הממשלה בנימין נתניהו הגיב: ""ירי חיזבאללה מהווה הפרה חמורה של הפסקת האש - וישראל תגיב על כך בעוצמה"". 

ראש עיריית מטולה הגיב לירי: ""לא הפתיע אותי שזה קורה, רק הפתיע שזה בא מוקדם מדי. זו הזדמנות לקרוא לממשלת ישראל - בואו נעשה הסכם אמיתי. לא ישראבלוף. לשנות, לעשות אזור חיץ. לא לאפשר להם לחזור לפה לעולמי עולמים. אני מצפה עכשיו למטוסי חיל האוויר שעולים וממשיכים לתקוף בדאחיה"".

יו""ר הדמוקרטים יאיר גולן כתב בחשבון ה-X שלו: ""חובה על צה''ל להגיב בחומרה על הפרובקציה של חיזבאללה. אם נתרשל עכשיו התוצאות יהיו הרות אסון בראיה ארוכת טווח. על איראן ועל החיזבאללה להבין דבר פשוט: ישראל לא מתכוונת להתפשר שוב על ביטחון אזרחיה"".

ח""כ צבי סוכות הגיב כי זו ""שעת המבחן שלנו. אסור להכיל שום הפרה של הפסקת האש. לא מעניין שאין נפגעים מהירי שביצע ארגון הטרור חיזבאללה. חייבים להגיב בצורה שהם לא ישכחו"". ח""כ אביגדור ליברמן הוסיף: ""מספיק עם הקונספציה. ‏רק כשממשלת ישראל תבין שלא עושים הסכמים עם מחבלים - מדינת ישראל תוכל להשיב את ההרתעה והביטחון לאזרחי המדינה. ‏אסור לחכות שזה יעלה במחיר דמים""

@rubih @carmelamenashe @itayblumental 
📷: אייל מרגולין, פלאש90",0,"12/02/2024 07:19",https://www.instagram.com/p/DDFK1Bqx9bY/,"IG image",,Lifetime,58418,42704,1607,314,0,50,45
18342937624178777,17841407868310918,kan_news,"כאן חדשות","חזרו לבית במטולה וגילו רקטה בחדר השינה😰

@rubih",47,"12/02/2024 06:45",https://www.instagram.com/reel/DDFG5pJoaU0/,"IG reel",,Lifetime,78204,47007,1698,164,3,20,64
17895968178097768,17841407868310918,kan_news,"כאן חדשות","דיווח ערבי מאשר: כל בכירי חמאס עזבו את קטר עם משפחותיהם ליעדים שונים בעקבות לחץ אמריקני כבד על קטר - שהבהירה לאנשי חמאס שאינם רצויים עוד במדינה. גורם אמריקני אישר זאת ואמר כי ""למנהיגי חמאס אין יותר מקום בבירת מדינה שהיא פרטנרית אמריקנית"".

לפי גורמים מדיניים, ההחלטה התקבלה בשל סירובה המתמשך של הנהגת החמאס להסכמי שחרור החטופים, כולל העסקה החלקית שנדונה בפסגה בדוחא לאחר חיסול סינוואר. קטר, שהייתה מתווכת מרכזית בין הצדדים, הבהירה לחמאס כי אינם רצויים בתחומה. לפי דיווחים שונים, הבכירים שעזבו מצאו מקלט בטורקיה, רוסיה וסין

@GiliCohen89 @shmvnmygn",0,"12/02/2024 05:28",https://www.instagram.com/p/DDE-J-vxYUg/,"IG image",,Lifetime,64746,49722,1433,92,0,79,40
18033023660457480,17841407868310918,kan_news,"כאן חדשות","שב""כ חשף כי איראן ביצעה בחודשים האחרונים כ-200 ניסיונות תקיפה בסייבר נגד אזרחים ישראלים - בהם דמויות ציבוריות ובכירים. אחד מניסיונות התקיפה נעשה באמצעות התחזות למזכיר הממשלה יוסי פוקס.

קמפיין ה”פישינג"" האיראני נועד להשיג נגישות לדואר אלקטרוני, למחשב ולסמארטפון של האישים הישראלים אותם שם כיעד כדי להשיג עליהם מידע אישי, כמו: כתובת מגורים, קשרים אישים ומקומות בהם שוהים באופן קבוע. ""מידע זה עתיד לשמש, בין היתר, את הגורמים האיראניים לבצע פיגוע נגד אישים בישראל"".

איך עבדה השיטה? התוקפים האיראני פנו לנתקף ושידלו אותו להוריד אפליקציה למכשירו שלמעשה כוללת כלי זדוני. בשיטה נוספת התוקפים גורמים לקורבן להיכנס לאתר אינטרנט המתחזה לשירות לגיטימי, בו הוא נדרש להזין פרטי התחברות לחשבון הדואר האלקטרוני הפרטי או הארגוני שברשותו. לאחר שהנתקף ביצע את אחת משתי הפעולות והזין את כתובת הדואר והסיסמה במקום שאליו נותב - התוקף ""גנב"" את פרטי ההתחברות ובכך השיג נגישות לדואר ואף למחשב של הנתקף.

""מדובר באיום משמעותי נוסף במערכה שמנהלת איראן מול ישראל, שתכליתו ביצוע פיגוע התנקשות"", אמר גורם בשב""כ. ""מבקשים לגלות ערנות מאחר שתקיפות סייבר מסוג זה יכולות להימנע טרם התרחשותם באמצעות מודעות, זהירות, חשדנות והתנהגות מונעת ונכונה ברשת"".

משב""כ נמסר כי עם זיהוי הקמפיין האיראני ולאחר חקירה ממושכת שהביאה להבנת ההיקף ואיתור אזרחים שנתקפו, החל הארגון במבצע רחב לעדכון האזרחים הרלוונטים ותדרוכם. בחודשים האחרונים סוכלו 9 ניסיונות של איראן לבצע פיגועים נגד אזרחים ואישים בכירים בישראל, ביניהם גם חשיפת חוליות טרור שגייס המשטר האיראני אשר פעלו בלב המדינה

@menashecarmela @itayblumental
📷: AP, דוברות שב""כ",0,"12/02/2024 04:40",https://www.instagram.com/p/DDE4km_xo1q/,"IG carousel",,Lifetime,44185,22359,835,30,0,10,27
17994783767569819,17841407868310918,kan_news,"כאן חדשות","במח""ש נבדק אם בכיר בשב""ס הפעיל ללא סמכות קצינה במשטרה כדי להסיר פרסומים נגד השר לביטחון לאומי איתמר בן גביר וגם נגד שירות בתי הסוהר. הקצין הבכיר, שמקורב לשר לביטחון לאומי, עוכב על ידי המחלקה לחקירות שוטרים בחשד לשיבוש הליכי חקירה והפרת אמונים. הקצינה שלכאורה מעורבת בפרשה מושעית זה כמה חודשים מתפקידה.

(אורלי אלקלעי)
צילום: יונתן זינדל, פלאש 90",0,"12/02/2024 03:27",https://www.instagram.com/p/DDEwO1xRLQa/,"IG image",,Lifetime,48890,36890,1102,24,0,128,21
18039910925242126,17841464234747957,kan_reshetb,"כאן רשת ב","השר סמוטריץ’: הדבר הנכון - לכבוש את רצועת עזה ולהקים שם התיישבות אזרחית
@asaflib",21,"12/02/2024 01:34",https://www.instagram.com/reel/DDEjSoToQqE/,"IG reel",,Lifetime,37071,22150,362,40,3,237,0
17886780498071824,17841407868310918,kan_news,"כאן חדשות","ארבעת החשודים בירי פצצות התאורה לעבר בית רה""מ בקיסריה - תא""ל במיל' עופר דורון, בנו גל דורון, איתי יפה ואמיר שדה - הואשמו במעשה טרור של פזיזות ורשלנות.

""הנאשמים תכננו ממניע אידיאולוגי להעביר מסר לראש הממשלה ולכלל הציבור שפעילות המחאה בקיסריה לא פסקה, ובמטרה לייצר אפקט מצטבר של לחץ גדול על ראש הממשלה, שיוביל בסופו של דבר בראיית לקידום מטרות המחאה"" נכתב בכתב האישום, ""הנאשמים אף צפו, כאפשרות קרובה לוודאי, כי מימוש התוכנית יעורר פחד או בהלה בציבור, ואף בקרב ראש הממשלה ובני משפחתו"".
 
הארבעה מואשמים בהשלכת שתי פצצות תאורה לעבר ביתו הפרטי של נתניהו בקיסריה, ב-16 בנובמבר, בזמן שראש הממשלה ובני משפחתו לא נכחו בבית. כוחות שב""כ ומשטרה הוזעקו למקום לאחר שהפצצות נחתו בחצר הבית. החשודים ביצעו הכנות מקדימות לפני הפעולה - שכללו בין היתר איסוף מודיעין וסיורים כדי לבחור דרכי גישה עם מיעוט מצלמות.

החשודים תא""ל (במיל') עופר דורון, אמיר שדה ואיתי יפה היו פעילים בולטים במחאה שהתקיימה במקום בעת התקרית. יחד הם קבעו שעה ותאריך לביצוע השלכת הפצצות. תא""ל (במיל') דורון, ששימש כאיש המרכזי בקבוצה, השיג לידו את הנורים הימיים ממכולה בה ימאים הפקידו נורים שפג תוקפם.

כמו כן, לארבעה מיוחסת גם עבירה של ניסיון הצתה. שניים מהם הואשמו גם בשיבוש הליכי משפט. נגד הארבעה הוגשה בקשת מעצר עד תום ההליכים. בנימוק הבקשה נכתב שקיימת מסוכנות מכיוון שהנאשמים הוזהרו בחודשים שלפני האירוע ובכל זאת ביצעו את העבירה ולכן לא ניתן לשחררם.

@chen_beyar",0,"12/02/2024 01:04",https://www.instagram.com/p/DDEf5VWRUW2/,"IG image",,Lifetime,41429,31854,907,23,0,176,9
18056370034934294,17841407868310918,kan_news,"כאן חדשות","אחרי 14 חודשים: צה""ל התיר לפרסום כי סרן עומר נאוטרה, בן 21, חייל בודד שעלה מארה""ב כדי להתגייס, נפל ב-7 באוקטובר. גופתו מוחזקת בשבי חמאס כבר 423 ימים.

סרן עומר נאוטרה היה מפקד מחלקת טנקים בגדוד 77 בחטיבה 7. ב-7 באוקטובר, עומר קפץ לגדר הגבול שסמוכה לנירים עם צוות הטנק שלו. בדרך התגלתה תקלה בבלמים, שהאטה את הטנק וגרמה לנהג להשתמש בהילוך החירום. תקלה כזאת הייתה יכולה להתגלות בעת נסיעה על הטנק, אלא שהלוחמים ששירתו בקו הגבול כמעט שלא נסעו בטנקים בשבועות שקדמו ל-7 באוקטובר. זאת כי בימי שגרה נוהגים להסיע את הכלים המשוריינים באמצעות מובילים, כדי לחסוך בשעות הפעלת המנוע ולמנוע שחיקה.

כאשר הטנק האט, מחבל הצליח להצמיד אליו מטען באמצעות מגנט. לאחר פיצוץ המטען, הטנק נפגע גם משני טילי נ""ט. כתוצאה מהפיצוץ במנוע הטנק, פרצה שריפה שהפעילה את מערכת ההגנה של הטנק - המשחררת גזים רעילים שנועדו לכבות דלקות. צוות הטנק הנחנק פתח את מדפי הטנק כדי שהגזים הרעילים יצאו מהכלי. בשלב זה, המחבלים נכנסו דרך הפתחים וחטפו את ארבעת חברי הצוות.

התיעוד של המחבלים הצוהלים סביב הטנק הבוער הופץ כבר בשעות הבוקר - והפך לאחד הסמלים למחדל. המחבלים חטפו את התותחן רב""ט נמרוד כהן בעודו בחיים ואת גופותיהם של השלושה האחרים:
הטען סמל עוז דניאל ז""ל
הנהג סמל שקד דהן ז""ל
ומפקד הטנק סרן עומר נאוטרה ז״ל

עומר, בעל אזרחות אמריקנית, גדל בלונג איילנד, שם למד בבית ספר יהודי ולקח חלק פעיל בקהילה היהודית סביבם. הוא היה קפטן של קבוצות ספורט בבית ספרו ואהב לשחק כדורגל, כדורסל וכדורעף. בסיום התיכון בחר לעלות לארץ דרך ״גרעין צבר״ ולעשות שנת מכינה במכינת ""גליל עליון"". לעומר לא הייתה חובת גיוס, אך הוא ויתר על הלימודים בקולג' כדי להתגייס לשריון כחייל בודד. משפחתו וחבריו העידו על אדם חם, אופטימי ואוהב אנשים ש״מאיר את החדר ברגע שהוא נכנס אליו״.

יהי זכרו ברוך🥀",0,"12/02/2024 00:02",https://www.instagram.com/p/DDEYvuXxsnY/,"IG image",,Lifetime,90222,64920,3380,241,1,142,41
18257062294256666,17841407868310918,kan_news,"כאן חדשות","המורדים בסוריה שונאים את אסד - אבל הם גם ממש לא אוהבים אותנו. טופ 5 הארגונים בסוריה ששונאים את ישראל

@roikais",106,"12/01/2024 11:19",https://www.instagram.com/reel/DDC_0gzImDW/,"IG reel",,Lifetime,47766,30570,1093,126,7,32,87
18040936106514278,17841464234747957,kan_reshetb,"כאן רשת ב","“זמיר היה בעל עוז ותושייה, הוא רק חיכה להוציא את הטוב שלו לעולם. הוא התנדב עם ילדים עם צרכים מיוחדים, היה מדבר איתם בשיחות וידאו מעזה”: מאל בורק, אחותו של זמיר ז”ל שנפל בעזה #בנימיניגואטה",0,"12/01/2024 09:55",https://www.instagram.com/p/DDC35QQo5fi/,"IG image",,Lifetime,61269,51075,4587,43,2,168,0
18048672779033839,17841438241983957,kanmoreshet,"כאן מורשת","אורית סטרוק שרת ההתיישבות והמשימות הלאומיות, בריאיון לדב אייכלר ואיילת כהנא בכאן מורשת: אני רואה חשיבות גדולה מאוד להחזרת ההתיישבות בעזה. אבל זה לא חלק ממטרות המלחמה ומטרות המלחמה זה דבר קדוש. אנשים מסרו את חייהם להשיב את החטופים לא להתיישבות בעזה",0,"12/01/2024 09:02",https://www.instagram.com/p/DDCxxN7o4YF/,"IG carousel",,Lifetime,76447,42333,1623,83,4,217,0
17991455132740597,17841407868310918,kan_news,"כאן חדשות","לב תכנן להציע לסתיו נישואים, אבל אז הוא הוקפץ ללבנון ונפצע. הוא לא ויתר והציע לה בבית החולים ❤️

@anna.pines",288,"12/01/2024 08:28",https://www.instagram.com/reel/DDCs6yToOF6/,"IG reel",,Lifetime,142788,108394,10998,187,53,400,193
17888481222137818,17841407868310918,kan_news,"כאן חדשות","הבנקים חוגגים: כך מתעשרים בזמן מלחמה - על חשבוננו
@dana_yarkechy",65,"12/01/2024 07:49",https://www.instagram.com/reel/DDCpKtVInvj/,"IG reel",,Lifetime,38940,26487,581,151,1,32,49
18075037528613348,17841407868310918,kan_news,"כאן חדשות","הזמרת דיקלה משתפת בהתמודדות עם דיכאון באלבום חדש ובסרט תיעודי על חייה: ""מחפשת את החום והקשרים שאין בתל אביב""

@alon_fruchter",62,"12/01/2024 04:29",https://www.instagram.com/reel/DDCScMvq-dG/,"IG reel",,Lifetime,54029,34578,1018,64,3,45,40
18031968863414110,17841407868310918,kan_news,"כאן חדשות","מלחמת האזרחים הקטלנית חוזרת? זה מה שקורה עכשיו בסוריה >> #רקשתדעו",69,"12/01/2024 03:55",https://www.instagram.com/reel/DDCOkJ3NXl_/,"IG reel",,Lifetime,111143,61189,2470,340,4,187,187
18052361818825917,17841470312538363,kan_middleast,"כאן - המזרח התיכון","המורדים הסורים השתלטו כמעט לחלוטין על העיר חלב (השנייה בגודלה בסוריה), כולל שדה התעופה הצבאי בעיר",17,"12/01/2024 02:54",https://www.instagram.com/reel/DDCHoUwI1ia/,"IG reel",,Lifetime,50714,30901,724,58,22,36,0
17903326896077972,17841407868310918,kan_news,"כאן חדשות","שר הביטחון לשעבר יואב גלנט נגד קודמו בתפקיד משה בוגי יעלון, שאמר הבוקר בריאיון לכאן רשת ב שמתבצעים במלחמתה של ישראל פשעי מלחמה: ""דברי יעלון הם שקר המסייע לאויבנו ופוגע בישראל"", כתב גלנט. 

""ראיתי מקרוב את לוחמי ומפקדי צה""ל שעה שהובלתי את המלחמה הקשה בחמאס, בחיזבללה ובאיראן - צה""ל פעל בהתאם לאמות המידה הגבוהות ביותר הניתנות ליישום במלחמה המורכבת והקשה שנכפתה עלינו. ההנחיות והפקודות ניתנו תמיד בהתאם לחוק ולרוח צה״ל. מציע ליעלון לא לבייש את עברו הביטחוני, ללמוד את העובדות, לחזור בו ולהתנצל בפני לוחמי צה""ל"". 

צילום: פלאש90
@itayblumental",0,"12/01/2024 01:30",https://www.instagram.com/p/DDB-BYYs2_G/,"IG image",,Lifetime,60348,43788,2189,39,0,166,38
18065851666622363,17841407868310918,kan_news,"כאן חדשות","עוד שנה וחצי לעונש 👇

בית המשפט העליון קיבל את ערעור הפרקליטות והחמיר את עונשו של ירין שרף בפרשת ""האונס במלונית הקורונה"" מ-6.5 ל-8 שנות מאסר בפועל, לאחר שהודה והורשע באינוס קטינה שלא בהסכמתה ובהטרדה מינית

צילום: אבשלום ששוני, פלאש90",0,"12/01/2024 01:15",https://www.instagram.com/p/DDB8YYZISi3/,"IG image",,Lifetime,82595,64535,3452,59,1,227,36
18023070296553208,17841407868310918,kan_news,"כאן חדשות","תכירו את שלמה הורביץ, ישראלי עם משיכה עזה לזוחלים | מתוך סדרת הכתבות #הישראלים של @pelegnet",87,"12/01/2024 00:19",https://www.instagram.com/reel/DDB12aMMH0y/,"IG reel",,Lifetime,94350,64118,1896,423,8,19,99
17941314971920197,17841464234747957,kan_reshetb,"כאן רשת ב","משה בוגי יעלון, לשעבר שר הביטחון והרמטכ“ל: „סמוטריץ׳ גאה בהזדמנות לדלל חצי מהאוכלוסייה בעזה – איך תקרא לזה? אין לו בעיה מוסרית להביא למוות 2 מיליון עזתים. אנחנו מדינה שהייתה דמוקרטית״",0,"11/30/2024 21:58",https://www.instagram.com/p/DDBlyZkIZfy/,"IG image",,Lifetime,136256,89601,2382,475,17,1180,0
18041351240274662,17841407868310918,kan_news,"כאן חדשות","אזעקה - ויירוט 👇

מאות אלפי תושבי יישובים בשפלה וביהודה התעוררו לאזעקה בשעה 06:30, בעקבות שיגור של טיל מתימן לעבר ישראל. הטיל יורט, ושברי היירוט נפלו במספר מוקדים, לא דווח על נפגעים",0,"11/30/2024 20:48",https://www.instagram.com/p/DDBdyntoZBc/,"IG image",,Lifetime,59152,44771,1771,126,0,39,48
18102486871459619,17841407868310918,kan_news,"כאן חדשות","שנה בדיוק אחרי ששוחררה מהשבי בעזה במסגרת עסקה, אמילי הנד בת ה-10 נשאה דברים בעצרת לשחרור חטופים: ״אני יודעת איך זה מרגיש להיות שם, אני לא רוצה לדמיין מה עובר עליהם עכשיו״

@nofarji 
צילום: דוברות קיבוץ בארי",26,"11/30/2024 12:27",https://www.instagram.com/reel/DDAkZtWIDwR/,"IG reel",,Lifetime,64852,39914,3270,158,2,61,102
18260923435252793,17841407868310918,kan_news,"כאן חדשות","הותר לפרסום: סמ""ר זמיר בורק ז""ל, בן 20 מבית שמש, מפקד כיתת צמ""ה בגדוד ההנדסה 601, עוצבת ""עקבות הברזל"" (401), נפל בקרב בצפון רצועת עזה. יהי זכרו ברוך",0,"11/30/2024 10:30",https://www.instagram.com/p/DDAXFw4vhF5/,"IG image",,Lifetime,65477,48854,2229,63,0,173,11
18028043459204688,17841407868310918,kan_news,"כאן חדשות","״מומלץ לנעול פרופילים ברשתות החברתיות״ 👇

המל״ל הודיע על החמרה באיום בטרור נגד ישראלים במדינות דרום מזרח אסיה, בדגש על תאילנד. בהודעה מהמטה נמסר כי ממודיעין שהתקבל, עולה שתשתית הטרור שרצחה את הרב צבי קוגן ז״ל בדובאי עוסקת בתכנון פעולות טרור נוספות באזור. 

בין השאר, המל״ל ממליץ לישראלים ששוהים בדרום מזרח אסיה להימנע מהגעה למקומות שמזוהים עם ישראל או עם יהודים, לשמור על ערנות מוגברת במקומות ציבוריים ולהימנע מהחצנת סממנים ישראליים. עוד מומלץ להימנע מפרסום פרטי הנסיעה ברשתות חברתיות ולנעול את הפרופילים ברשתות החברתיות

@suleimanmas
צילום: Nati Shohat/FLASH90",0,"11/30/2024 08:54",https://www.instagram.com/p/DDAMGtaKibD/,"IG image",,Lifetime,78713,60797,1775,1032,4,19,57
18384587062098547,17841407868310918,kan_news,"כאן חדשות","צבא סוריה: ״כוחותינו ניהלו קרבות קשים״ 👇

המורדים בסוריה ממשיכים להשתלט על שכונות רבות בעיר חלב - והצבא הסורי נסוג ממנה.  לפי סוכנות הידיעות רויטרס, מחוז אידליב נמצא בשליטה מוחלטת של המורדים. כמו כן השתלטו המורדים על בסיס חיל אוויר “כויירס” הסמוך לחלב. עוד הודיעו המורדים כי הרחיבו את שליטתם בשטח צפונית לעיר חמה. 

בערוץ “סוריא” של המורדים בסוריה דווח כי כוחותיהם השתלטו על המכללה הצבאית של חיל האוויר בחלב ועל מפקדה נוספת של צבא באזור. עוד דווח כי המורדים הצליחו למוטט את קווי ההגנה של הכוחות הנאמנים למשטר סביב חלב, וכי כוחות האופוזיציה מנצלים את ההצלחה במטרה לפרוץ את דרכם לעבר העיר חמה.

מנגד, בצבא סוריה הכחישו את ההשתלטות וכתבו בהודעתם שהמורדים נכשלו בביסוס אחיזתם בעיר, בשל תקיפות כבדות של הכוחות הצבאיים. עוד נכתב בהודעה כי הצבא הסורי ממתין לתגבורת והוא נערך למתקפת נגד, לאחר שספג אבידות רבות. תושבים סיפרו לרויטרס כי “אלפי מכוניות אזרחיות עוזבות את חלב באמצעות כביש ראשי דרום מערבית לעיר, הנמצא עדיין תחת שליטת הממשלה”.

“כוחותינו החמושים ניהלו מולם קרבות קשים בנקודות העימות השונות לאורך ציר של יותר מ-100 ק”מ כדי לעצור את התקדמותם. בקרבות נהרגו עשרות מאנשינו, אחרים נפצעו. ארגוני הטרור הצליחו להיכנס לחלקים נרחבים משכונות העיר חלב. הצעד הזה שבו נקטו המורדים הוא זמני”, נכתב בהודעה מטעם הכוחות הצבאיים.

@_omrihaim_ @ramelibrandts",18,"11/30/2024 07:46",https://www.instagram.com/reel/DDAENGmIkRm/,"IG reel",,Lifetime,75819,45393,1525,143,0,76,75
18290251105214029,17841407868310918,kan_news,"כאן חדשות","סוף סוף ❤️👇

שלושה ימים אחרי שהסכם ההסדרה עם לבנון נכנס לתוקף, מטיילים ניצלו את מזג האוויר הנעים והגיעו לאתרים ולשמורות טבע בצפון, בכפוף להנחיות פיקוד העורף. כ-50 אלף מטיילים פקדו את השמורות והגנים הלאומיים ברחבי הארץ 

@chen_beyar 
צילום: שרית פלאצ׳י מיארה - רשות הטבע והגנים, ראובן כהן - דוברות עיריית חיפה",0,"11/30/2024 05:43",https://www.instagram.com/p/DC_2NXLK1fq/,"IG carousel",,Lifetime,96594,44725,3830,122,1,38,59
18044698499157064,17841407868310918,kan_news,"כאן חדשות","מומי שומר על המטבח של העדה - אבל גם על הלב של הילדים שלו
#מקורבלצלחת Shaul Amsterdamski",53,"11/30/2024 01:01",https://www.instagram.com/reel/DC_V6Z4Nkf3/,"IG reel",,Lifetime,72428,47687,1739,211,47,43,87
18094750780494051,17841407868310918,kan_news,"כאן חדשות","נחישות של גולני
@alon__sharvit",62,"11/29/2024 12:01",https://www.instagram.com/reel/DC98o30Nt0_/,"IG reel",,Lifetime,50109,30667,1802,148,0,89,82
17965834754817226,17841407868310918,kan_news,"כאן חדשות","בדרג המדיני מעוניינים שהרמטכ”ל רב אלוף הרצי הלוי יעזוב את תפקידו בחודשיים-שלושה הקרובים

לכאן חדשות נודע מפי מקורות מדיניים וביטחוניים ושרים בקבינט, כי ההערכה נובעת מרצון של ראש הממשלה בנימין נתניהו ושר הביטחון ישראל כ”ץ להחליף את הרמטכ”ל הלוי בתקופה הקרובה - עם סיום תקופת 60 ימי המבחן של ההסדרה בלבנון, וכן בשל הפרסום הצפוי של התחקירים של מבקר המדינה על תפקודו של צה”ל בעת המלחמה - וכן הרצון להחליף את הבכירים של מערכות הביטחון.

במקומו של רב אלוף הלוי סומנו כמה אנשים שיכולים להיכנס לתפקיד: מנכ”ל משרד הביטחון אייל זמיר, המקובל על נתניהו וכ”ץ, שהיה מזכירו הצבאי של נתניהו - אך סומן בתור אדם שמזוהה עם שר הביטחון המפוטר יואב גלנט. המועמד השני הוא סגן הרמטכ”ל אמיר ברעם, שמוגדר “התקפי ובעל גישה הפוכה מהרמטכ”ל הנוכחי” - דבר אשר הביא למתיחות בין השניים.

שם נוסף שנידון הוא אליעזר טולדנו, ראש אגף אסטרטגיה - ומי שנחשב למקורבו של נתניהו. טולנדנו שימש כאלוף פיקוד הדרום לשעבר ונחשב מזוהה ביותר עם 7 באוקטובר. עוד עלה שמו של אלוף פיקוד הצפון אורי גורדין, שגם הוא מוגדר כאיש “התקפי”, ובדרג המדיני רואים בו מועמד בשל ההצלחות האחרונות בלבנון.
@suleimanmas",0,"11/29/2024 11:04",https://www.instagram.com/p/DC92HyVI5G1/,"IG carousel",,Lifetime,84209,49376,1461,83,1,283,60
18050581340002732,17841407868310918,kan_news,"כאן חדשות","בעקבות סבא וסבתא: לוטם וחבריה שגדלו במנרה חוזרים להקים הכל מחדש
Shaul Amsterdamski",69,"11/29/2024 07:01",https://www.instagram.com/reel/DC9aSzpM8NR/,"IG reel",,Lifetime,45734,29438,1106,35,1,26,23
18340644430183679,17841407868310918,kan_news,"כאן חדשות","הסוד הגרעיני של ישראל נחשף: העדויות והתיעודים שעוד לא נראו - באישור הצנזורה

""האטום ואני"", פרויקט מיוחד של שני חזיזה - החל ממוצ""ש בכאן 11
@shany2403",104,"11/29/2024 06:05",https://www.instagram.com/reel/DC9T4-mSt8P/,"IG reel",,Lifetime,58749,39376,930,145,4,20,98
17878317276198886,17841407868310918,kan_news,"כאן חדשות","רפי בן שטרית, איש ימין, אב שכול וראש עיריית בית שאן לשעבר, מדבר על המאבק השנוי במחלוקת בתוך הבייס הפוליטי להקים ועדת חקירה ממלכתית שתחשוף את האמת על אירועי 7 באוקטובר 
@nataliemetoko 

הכתבה - בחדשות השבת בכאן 11",37,"11/29/2024 04:58",https://www.instagram.com/reel/DC9MFrDo4xl/,"IG reel",,Lifetime,84052,53262,2447,261,2,196,93
18035037650081002,17841407868310918,kan_news,"כאן חדשות","אתם עם עין על מה שקורה במצרים? אם לא, כדאי שתראו את זה #בשכונה_שלנו @roikais",391,"11/29/2024 04:03",https://www.instagram.com/reel/DC9FuCXPPQP/,"IG reel",,Lifetime,55621,34643,1604,391,6,75,162
17974201268796222,17841407868310918,kan_news,"כאן חדשות","הפיגוע בצומת גיתי: המחבל יצא מכפר ליד שכם מבלי לעבור בידוק ביטחוני, חלף על פני האוטובוס ונעמד 150 מטרים מאחוריו. בשלב הזה יצא מרכבו ופתח בירי אוטומטי לעבר האוטובוס. מדובר באוטובוס לא ממוגן שהגיע מתל אביב לכיוון אריאל. 6 לוחמים שעמדו בטרמפיאדה, זיהו את המחבל יורה והשיבו אליו באש. המחבל חוסל.

המחבל ביצע את הפיגוע בנשק מסוג M16 והיה עם אפוד לחימה. בצה""ל מעריכים שהמחבל לא פעל לבדו, ולוקחים בחשבון שמישהו מארגוני הטרור סייע לו בהשגת הנשק וברכב שאיתו הגיע לפיגוע. כמו כן, המחבל ישב בעבר בכלא לאחר שהניח מטען חבלה בניסיון לפגוע בחיילים.

מספר הפצועים עלה ל-9, מתוכם: 3 במצב קשה, 1 בינוני ו-5 קל. 4 מהפצועים קל הם חיילים. רוב הפצועים מהפיגוע נפגעו מהצרור הראשון, השאר משברי זכוכית.

@carmeldangor",0,"11/29/2024 03:05",https://www.instagram.com/p/DC8_U7bssJD/,"IG image",,Lifetime,44463,31942,969,23,0,26,15
18254108416260738,17841407868310918,kan_news,"כאן חדשות","פיגוע בשומרון: המחבל ירה לעבר אוטובוס בצומת גיתי - ונוטרל. במד""א דווח על 5 פצועים: 2 במצב קשה, 1 במצב בינוני ו-2 קל. חלק מהפצועים נסעו באוטובוס ואחרים עמדו בתחנה. חלקם עדיין מטופלים בשטח

@carmeldangor",0,"11/29/2024 02:31",https://www.instagram.com/p/DC87dfdsOYA/,"IG image",,Lifetime,35366,26461,686,39,0,15,13
18474263608027569,17841407868310918,kan_news,"כאן חדשות","כ-2,500 מחבלים חוסלו, כ-12,500 מטרות טרור הושמדו: סיכום 14 חודשי לחימה בלבנון

@itayblumental",0,"11/29/2024 01:25",https://www.instagram.com/p/DC8z7x3Iq_t/,"IG carousel",,Lifetime,81975,37827,2481,36,1,88,76
18056737354912212,17841407868310918,kan_news,"כאן חדשות","המחבל שמחליט על גורל החטופים👇

כובד המשקל של המגעים לעסקת חטופים עבר שוב מדוחה לקהיר. הערב פורסם בחדשות הערב בכאן 11 כי משלחת של חמאס עתידה לצאת לקהיר כדי לדון ביוזמה המצרית לחידוש המשא ומתן להפסקת אש ברצועה.

שתי דמויות המפתח במגעים הם מוחמד סינוואר וחליל אלחיה. מקור פלסטיני אמר לכאן חדשות כי מוחמד סינוואר שולט בלעדית על תיק החטופים בתוך רצועת עזה, והוא האיש שאיתו מתנהלים המגעים בעזה. חליל אלחיה הוא דמות המפתח בתוך המועצה שהקים חמאס, שמנהלת כעת את הארגון, ומרבית חבריה יושבים בחו”ל.

עוד נודע כי מאז הסכם הפסקת האש בצפון - לא התקיים בישראל דיון משמעותי בסוגיית שחרור החטופים. מקורות בישראל אמרו לכאן חדשות כי ניתן להוציא לפועל לכל הפחות את השלב הראשון בעסקת שלושת השלבים - השלב ההומניטרי, בלי להתחייב לסיום המלחמה. היום דווח בעיתון ניו יורק טיימס כי חמאס הגמיש את עמדותיו בנוגע לעסקה.

העיתון אישר את הפרסום אתמול בכאן חדשות, לפיו בישראל לא אופטימיים בעניין פריצת דרך אפשרית במגעים לפני כניסת טראמפ לבית הלבן. עם זאת, מקורות ישראלים אומרים שניתן להתקדם במו”מ אם שני הצדדים יתפשרו.",0,"11/28/2024 13:34",https://www.instagram.com/p/DC7ifFlIJcm/,"IG carousel",,Lifetime,70708,45093,1002,21,0,32,51
17972324714799211,17841407868310918,kan_news,"כאן חדשות","מבזק מיוחד: אני מגישה ליום אחד 📢
#מאחורי_החדשות",85,"11/28/2024 09:01",https://www.instagram.com/reel/DC7DNlcs83c/,"IG reel",,Lifetime,90729,64679,1280,145,7,126,121
17987680829609149,17841407868310918,kan_news,"כאן חדשות","כך ייעשה לעיתונאי שחזר ממילואים בלבנון, עם מזכרת בתח... ישבן 😎
אוהבים אותך @haimgoldich",40,"11/28/2024 07:30",https://www.instagram.com/reel/DC6468Po-nA/,"IG reel",,Lifetime,70400,46388,2348,61,4,64,35
17886897045151807,17841407868310918,kan_news,"כאן חדשות","בלבנון ממשיכים להפר את הפסקת האש: כתב ערוץ ""אל-מנאר"" של חיזבאללה צילם את עצמו משוטט ללא הפרעה בכפר בדרום לבנון - באזור שצה""ל אסר להיכנס אליו

(גיא מעיין)",51,"11/28/2024 06:41",https://www.instagram.com/reel/DC6zK_2M8zj/,"IG reel",,Lifetime,50005,29279,725,19,1,53,28
18329101102157181,17841401474500188,rubih,"Rubi Hammerschlag",,58,"11/28/2024 06:03",https://www.instagram.com/reel/DC6ux4BIRS3/,"IG reel",,Lifetime,37673,24529,724,14,6,18,0
18021846422632988,17841407868310918,kan_news,"כאן חדשות","*עדכון: מצבה של השוטרת אנוש*

שוטרת בת 25 נורתה על ידי גבר לוקה בנפשו, שמוכר למשטרה. האירוע החל כאשר דווח למשטרה כי הגבר מתבצר בדירתו ומאיים לפגוע בעצמו. השוטרים הגיעו למקום עקב ״חשש לחיי אדם״ וניסו לפרוץ לדירתו. בזמן הפריצה, הגבר ירה לעבר הכוחות, שוטרת נפצעה. הגבר החזיק ברישיון לנשק שבו ירה.

צילום: מד""א",0,"11/28/2024 05:55",https://www.instagram.com/p/DC6uBV7x8yc/,"IG image",,Lifetime,47661,34573,910,39,0,41,21
18253316992272907,17841407868310918,kan_news,"כאן חדשות","דובר צה""ל הודיע כי לפני זמן קצר, זוהתה פעילות טרור במתקן שיגור של חיזבאללה בדרום לבנון - ובו רקטות לטווחים בינוניים. האיום סוכל באמצעות תקיפה של מטוס קרב. דובר צה""ל הדגיש: ""צה""ל פרוס בדרום לבנון, פועל ומסכל כל הפרה של הסכם הפסקת האש"".

@itayblumental",0,"11/28/2024 05:41",https://www.instagram.com/p/DC6scIrxOft/,"IG image",,Lifetime,127664,101719,2399,274,0,80,60
18049934543052038,17841407868310918,kan_news,"כאן חדשות","ההקלטות שהפלילו את הגננת שחשודה בהתעללות 

המשטרה עצרה אתמול את הגננת לבנה שם טוב מחדרה בחשד לפגיעה בפעוטות שהיו בגן בבעלותה. זאת בעקבות תלונות שהגישו הורים לילדים בגן, בשל הקלטות שתיעדו את מה שהתרחש בגן. כעת נחשפות ההקלטות המצמררות. באחת מהן נשמעת שם טוב אומרת לסייעת: “כרכתי לה (לאחת הפעוטות בגן) את הרגליים כי היא מתופפת איתן. עשיתי את זה גם לרועי”. בהקלטה נוספת נשמעת שם טוב מדברת עם אחד ההורים, ששם לב כי הילדה שלו עם פציעות: “היא קמה ככה. אם היא מתגרדת או משהו כזה”. במקרה אחר, תועדה שם טוב כשהיא אומרת לפעוטות: “כשאני מאיימת אני מקיימת”, “שבי בשקט” ו-“אתה בוכה? אין מוצץ”.

בתוך כך, בית המשפט בחדרה האריך היום את מעצרה של הגננת ב-4 ימים.

אירוע זה מצטרף לגל אירועי ההתעללות בגנ ילדים, שהוביל את הכנסת לאשר את חוק המצלמות - חוק שיאפשר הפעלת מצלמות אונליין בגני ילדים. בכך, הורים לילדים עד גיל שלוש יוכלו לקבל גישה לנעשה בכל רגע נתון דרך הטלפון הנייד שלהם. על פי הצעת החוק שאושרה לפני שבועיים, התקנת המצלמות לא תהיה מחייבת אלא נתונה להנהלת הגנים, כאשר המטרה היא לייצר תחרות ולעודד ביקוש לגנים שיציעו את האפשרות. מנגנוני התקנת המצלמות ואפשרויות הצפייה עוגנו בחוק עם נהלי אבטחת מידע מחמירים בתיאום עם מערך הסייבר הלאומי והרשות להגנת הפרטיות.

(אורלי אלקלעי)
צילום: שיר תורם, פלאש 90",0,"11/28/2024 05:21",https://www.instagram.com/p/DC6qGZjoXLA/,"IG carousel",,Lifetime,99544,47424,963,140,0,114,80
18339621301183683,17841407868310918,kan_news,"כאן חדשות","צה""ל סיכל ניסיון ירי רקטות לעוטף: מחבל חמאס זוהה כאשר הוא מכין רקטות לשיגור. המחבל אותר במבנה שנמצא בסמוך למחסן אמצעי לחימה, שבו התבצרו מחבלים נוספים. בפעולה מהירה של הלוחמים, חוסלו המחבלים והושמד מחסן אמצעי הלחימה והרקטות. בתוך כך, לוחמי חטיבה 401 ממשיכים במבצע בג׳אבליה 

@itayblumental 
צילום: דובר צה""ל",32,"11/28/2024 04:34",https://www.instagram.com/reel/DC6ksr7PgFU/,"IG reel",,Lifetime,78005,45871,2191,68,6,99,59
17936293589944474,17841407868310918,kan_news,"כאן חדשות","הפרטים שניתן לפרסם 👇

אישה בחודש השמיני להיריונה נפטרה היום בבית החולים בילינסון, לאחר שהוכנסה לניתוח חירום קיסרי. בנוסף, אישה בת 30 ""הסובלת ממחלות רקע"", נפטרה יממה לאחר שילדה בבית החולים הדסה עין כרם בירושלים. כך הודיע היום המרכז הרפואי. במקרה השלישי, תושבת אזור השרון, בחודש מתקדם להיריונה, נפטרה היום בבית החולים לניאדו. 

לפי הודעת בית החולים בילינסון, התינוקת של היולדת באותו מקרה שרדה את הניתוח, והועברה להמשך אישפוז בפגיית מרכז שניידר לרפואת ילדים. מצבה הוגדר ""יציב וטוב"". מבית החולים בילינסון נמסר בתגובה: ""בצער רב אנו מודיעים על פטירתה של יולדת שהועברה לבילינסון עקב מצב רפואי מורכב. לצערנו, כל מאמצי צוות בית החולים עלו בתוהו, והיולדת נפטרה. לבקשת המשפחה, לא ימסרו פרטים נוספים"".

לפי הודעת המרכז הרפואי הדסה, יולדת בשנות ה-30 לחייה, שסבלה ממחלות רקע קשות, נפטרה יממה לאחר לידתה בהדסה עין כרם. נמבית החולים נמסר: ""נסיבות האירוע בבירור ודיווח הועבר כנדרש למשרד הבריאות. אנו משתתפים בצערה הכבד של המשפחה"".

לפי הודעת בית החולים לניאדו תושבת אזור השרון, שהייתה בחודש מתקדם להיריונה, נפטרה היום בבית החולים לניאדו. לפי הודעת בית החולים זוהי לידתה השישית, התינוק בחיים ומטופל כעת בפגייה בבית החולים. במקום מבצעים כעת תחקיר כדי להבין את נסיבות מותה. מלניאדו נמסר: ""אנו משתתפים בצערה העמוק של המשפחה. צוות רב תחומי נלחם על חייה לאורך שעות רבות, וליווה את המשפחה לאורך כל הלילה ברגישות רבה. המקרה דווח כנדרש למשרד הבריאות"".

ביום שלישי, תינוקת מתה מספר שעות לאחר לידתה בבית החולים איכילוב, כך עודכן מפי בית החולים. נסיבות המקרה עדיין נבחנות. מקרה דומה אירע בשבועות האחרונים בבית החולים סורוקה, במקרה שבו תינוקת נפטרה שעות ספורות לאחר הלידה. מסורוקה נמסר: ""מדובר באירוע בלתי צפוי ובלתי נמנע של היפרדות שילייה במהלך לידה"".
@nov_reuveny",0,"11/28/2024 04:09",https://www.instagram.com/p/DC6h7GFoarK/,"IG image",,Lifetime,78685,53798,1440,564,1,95,75
17921812935003992,17841400092370025,shaul_amsterdamski,"Shaul Amsterdamski | שאול אמסטרדמסקי","זה היה שבוע מהתחת. באמת. לא ניכנס לפרטים. אבל מהתחת. הדבר היחידי שהחזיק אותי חוץ מהחברים שלנו היה בית החולים הנהדר שהיינו בו (שערי צדק בירושלים). אז רציתי להגיד על זה משהו",112,"11/28/2024 00:39",https://www.instagram.com/reel/DC6JlGotVFz/,"IG reel",,Lifetime,116228,79162,6266,250,319,203,0
17957708867848475,17841407868310918,kan_news,"כאן חדשות","לירוי נלחם ונלחם - בלי לדעת מה קורה עם החברה שלו סיון במוצב נחל עוז | מתוך סדרת הכתבות הגולנצ'יקים בחדשות הערב בכאן 11 @alon__sharvit #גולני",73,"11/27/2024 23:57",https://www.instagram.com/reel/DC6E0tbIjyu/,"IG reel",,Lifetime,57705,33242,1801,120,4,31,69
18257552575269790,17841464234747957,kan_reshetb,"כאן רשת ב","עמיחי אליהו, שר המורשת: „בכל מקום שכבשנו יש שקט, במקום שבו יש התיישבות וחיים יהודיים שם יש טוב. לפני הסכמי אוסלו היה בעזה טוב וגם לפלסטינים היה טוב יותר לפני ההתנתקות ושלטון חמאס“",0,"11/27/2024 22:01",https://www.instagram.com/p/DC53t0lo4ij/,"IG carousel",,Lifetime,75239,41568,966,102,3,472,0
17951397710891617,17841407868310918,kan_news,"כאן חדשות","הנבואה של תומר גרינברג, המג""ד שנפל בשג'אעייה - שבועיים לפני 7 באוקטובר
@alon__sharvit",92,"11/27/2024 13:18",https://www.instagram.com/reel/DC473MWyEtH/,"IG reel",,Lifetime,172403,109011,5741,1221,11,162,491
18074549296527110,17841407868310918,kan_news,"כאן חדשות","“הם לא מרגישים זכות לחיים כל עוד החברים שלהם נותרים בשבי”: דוח חדש חושף את מצבם הגופני והנפשי של החטופים שחזרו לפני שנה.

במערך הרפואה של מטה החטופים עמלים על דוח רפואי שעוסק במצבם הבריאותי של החטופים ששבו מרצועת עזה לפני כשנה. הדוח מתחלק לשני חלקים: הנזקים הבריאותיים-הגופניים - והנזקים הנפשיים.

לפי הדוח, ניתן לראות שרבים מהשבים סובלים משורה של נזקים גופניים, ביניהם דיכוי מערכת החיסון. נרשמה עלייה במחלות אוטו-אימוניות, בעיות עיכול ובעיות מעיים שנגרמו כתוצאה מתזונה לקויה לאורך זמן ממושך. נמצאו בעיות אורתופדיות, ומחלות פיזיות שהיו קודם כמו סוכרת וכולסטרול הוחמרו.

בחלק הנפשי התגלו חרדות, מחשבות חוזרות, תופעות של פוסט-טראומה וסיוטים בלילה. נרשמה פגיעה קשה בתפקוד בתחומים רבים בחיים: המשפחתי, התעסוקתי והחברתי. השבים גם התקשו להסתגל ולחזור ללימודים. לפי הדוח, רווחת תחושה קשה של “אשמת הניצול”, והשבים משקיעים עצמם רק בהחזרתם של החטופים שנותרו בעזה.

מי שריכז את מצבם הרפואי הוא ראש מערך הרפואה במטה החטופים פרופסור חגי לוין. לדבריו: “מי ששבו מן השבי לא יכולים להשתקם ולהתאושש כל עוד לא חוזרים כל החטופים. הם לא מרגישים זכות לחיים כל עוד החברים שלהם נותרים בשבי”

@kettydor
📷: אבשלום ששוני, פלאש90",0,"11/27/2024 12:48",https://www.instagram.com/p/DC44b3koTAc/,"IG carousel",,Lifetime,57869,32313,1698,52,0,26,73
17980628507775221,17841407868310918,kan_news,"כאן חדשות","‎לראשונה מאז שאושר פיילוט הלוחמות בסיירת מטכ”ל: אישה עברה את יום הסיירות, ולפני שבוע עברה גם את גיבוש הסיירות שנמשך חמישה ימים - והתקבלה לסיירת מטכ”ל. לפני שהיא תתחיל את המסלול ביחידה הכי טובה בצה”ל יש לפניה עוד תהליך קצר - תהליך שנחשב טכני ביחס למיונים שהיא עברה בהצלחה עד כה.

בחודש מרץ פירסמנו כי 17 נשים עברו בהצלחה את יום הסיירות והחלו גיבוש לסיירת מטכ”ל. לפני יותר משנה צה”ל הודיע שיחל בפיילוט לשילוב של נשים בסיירת, שמטרתו תהיה לבחון אם יתאפשר לשלב נשים במתווה קבוע. ביום הסיירות אז התמיינו מאות לוחמות. בחודש נובמבר 2023 התגייסו לראשונה שתי נשים ליחידת 669.

@roysharon11 
‎📷: אביר סולטן, פלאש90",0,"11/27/2024 11:29",https://www.instagram.com/p/DC4vbBgIYow/,"IG carousel",,Lifetime,129680,79159,7542,1233,4,170,173
18046310309037387,17841407868310918,kan_news,"כאן חדשות","ראש הממשלה לשעבר נפתלי בנט ערך פגישה סודית עם עו”ד שלמה פילבר וח”כ מתן כהנא - ודן איתם על חזרתו לפוליטיקה והאפשרות לפנות ל”בייס הימני”, זאת לאחר הקמת ממשלת השינוי והישיבה המשותפת עם מפלגת רע”ם. 

על פי הסקרים האחרונים, בנט חווה קשיים להשיג קולות של מצביעי ימין, ועיקר התמיכה בו מגיעה מהמרכז והשמאל. הפגישה חשפה את שיתוף הפעולה בין בנט לכהנא, בזמן שהוא שותף במפלגתו של גנץ. לפי גורמים שעודכנו בפרטי הפגישה - בשלב זה בנט לא ממהר להכריז על איילת שקד כבעלת ברית פוליטית שלו

@shemeshmicha 
📷: אבשלום ששוני, פלאש90",0,"11/27/2024 10:33",https://www.instagram.com/p/DC4pE3hoHZT/,"IG carousel",,Lifetime,80261,46718,2160,88,0,485,62
18102042901462094,17841407868310918,kan_news,"כאן חדשות","חשד לחיסול בכניסה לרמלה: שני אנשים נהרגו כתוצאה מפיצוץ רכב
@hadasgrinberg @itsik_z",6,"11/27/2024 07:46",https://www.instagram.com/reel/DC4V4UyJu1P/,"IG reel",,Lifetime,49512,28011,516,54,2,6,10
18165202282317648,17841407868310918,kan_news,"כאן חדשות","""שמר על זכות השתיקה""? יועץ רה""מ יונתן אוריך נמנע בחקירתו מלהשיב לשאלות בנוגע להדלפת המסמך הסודי, והגדיר את החקירה ""פוליטית"".

אוריך זומן לחקירה באזהרה אחרי שבמכשירו של אלי פלדשטיין עלו התכתבויות שקשרו אותו להדלפת המסמך הסודי לעיתון ""בילד"" הגרמני. בהתכתבויות נחשף שאוריך הפנה את פלדשטיין לשרוליק איינהורן - שעמד בקשר עם הבילד, ושפלדשטיין ביקש ממנו לערב את ראש הממשלה בנימין נתניהו בנושא.

גורם המעורב בפרטי החקירה טען שאוריך למעשה ""שמר על שתיקה"" בכל הנוגע לשאלות החשובות בתיק ונמנע מלתת גרסה ברורה. פרקליטו של יונתן אוריך, סרב להגיב.

אוריך נחקר באזהרה פעמיים - בפעם הראשונה לפני כשבועיים - בחשד למעורבות בפרשה. חקירתו באה בטרם הוגשו כתבי האישום נגד אלי פלדשטיין והנגד במילואים, שנאשם במסירת ידיעה סודית. לפלדשטיין מיוחסות עבירות של מסירת ידיעה סודית שכוונתה לפגוע בביטחון המדינה, החזקת ידיעה סודית ושיבוש הליכי משפט

@shemeshmicha 
📷: נועם ריבקין פנטון, פלאש90",0,"11/27/2024 07:32",https://www.instagram.com/p/DC4USdpM65h/,"IG image",,Lifetime,43534,34185,747,18,0,93,20
18053449465803501,17841470312538363,kan_middleast,"כאן - המזרח התיכון","חבל שאבא לא כאן לשמוע גם: מוחמד מהדי, הבן של נסראללה במסר ראשון מזה הרבה זמן, על הריסות ביתו בדאחייה בביירות.",18,"11/27/2024 06:35",https://www.instagram.com/reel/DC4Nj-YNtlA/,"IG reel",,Lifetime,61203,33803,558,61,23,140,0
18155650195329179,17841407868310918,kan_news,"כאן חדשות","מחנכת כיתה ז' בחטיבת ביניים במרכז הארץ צולמה שהיא מאיימת על תלמידה שהפריעה בכיתה, מרימה עליה יד וצועקת: ""תיקח אותה מפה לפני שאני מפרקת וקורעת אותה במכות"" - כעת התלמיד המצלם התבקש לעבור כיתה.

האירוע התרחש לפני כשבועיים, אז תלמידה מכיתה אחרת נכנסה לכיתה של המחנכת המצולמת. התלמידה סירבה לצאת כי ביקשה להיות עם חברתה - שהייתה בהתקף חרדה לאחר אזעקות שנשמעו. התלמידה ""ענתה בחוצפה"" למורה שהחלה לאבד עשתונות ולצעוק בכיתה, ואף איימה להרביץ לתלמידה לפני שאיש צוות אחר עצר אותה.

התלמיד שצילם את הסרטון והפיץ אותו בין חבריו - אך לא היה מעורב באירוע - הושעה לכמה ימים, וכעת הנהלת בית הספר דורשת להעביר אותו כיתה, אחרי שהמחנכת מסרבת ללמד בכיתה מאז המקרה ודורשת שהוא יעזוב.

ממשרד החינוך נמסר: ""בתקופה הביטחונית המורכבת, המשפיעה רגשית על כלל באי בית הספר - תלמידים וצוות חינוכי כאחד, התרחש אירוע חמור בעקבות אזעקה, שבו היו מעורבים מורה ותלמידות. משרד החינוך, המחוז והנהלת בית הספר מלווים את האירוע במישור הרגשי, החינוכי והמשמעתי, מתוך הבנת רגישות המצב והשלכותיו""

@liran_kogahinoff",19,"11/27/2024 05:02",https://www.instagram.com/reel/DC4DIqYtJtv/,"IG reel",,Lifetime,138486,67822,1776,568,3,400,247
18023402354575660,17841407868310918,kan_news,"כאן חדשות","צה""ל ושב""כ סיכלו ניסיון הברחה של אמצעי לחימה שמקורם באיראן ויועדו לפעילי טרור באיו""ש. ""מדובר בחלק ממערכה איראנית מתמשכת לערעור היציבות הביטחונית באזור. בחודשים האחרונים מזהה מערכת הביטחון כי גורמי ביטחון איראניים מנסים להבריח אמצעי לחימה מתקדמים לישראל, המיועדים לשטחי יהודה ושומרון, באמצעותם הם מנסים לחמש חוליות טרור, שמטרתן לממש פיגועים נגד אזרחי ישראל וכוחות צה""ל"", נכתב בהודעת צה""ל ושב""כ.

עשרות אמצעי הלחימה שנתפסו נשלחו מאיראן על ידי אגף המבצעים המיוחדים בארגון המודיעין של משמרות המהפכה ויחידת המבצעים המיוחדים בכוח קודס על אדמת סוריה. בין אמצעי הלחימה שנתפסו היו עשרות מטענים, מטולי RPG, רקטות ומרגמות, נשקי צלפים ואקדחים 
@itayblumental",20,"11/27/2024 04:46",https://www.instagram.com/reel/DC4BRCNtFNV/,"IG reel",,Lifetime,42612,25532,1273,209,1,35,68
18040284446245199,17841470312538363,kan_middleast,"כאן - המזרח התיכון","שריפת דגל ישראל ודגלי חיזבאללה ברחובות: כך נראית חזרת תושבים לדרום לבנון",55,"11/27/2024 04:28",https://www.instagram.com/reel/DC3-6cMIxkD/,"IG reel",,Lifetime,47674,30282,429,103,21,120,0
18088551688512098,17841407868310918,kan_news,"כאן חדשות","עשרות ילדי עובדים זרים מבקשים להתגייס לצה”ל. מריאל, אחת מיוזמות הבקשה שהוגשה לשר הפנים, מספרת בדמעות: “זה חשוב לי, ישראל זה המקום היחיד שאני מכירה, זה הבית שלי”
@maya_rachlin",67,"11/27/2024 04:20",https://www.instagram.com/reel/DC3-ZSYoYhY/,"IG reel",,Lifetime,64152,37987,2271,269,3,222,79
17911448667041269,17841470312538363,kan_middleast,"כאן - המזרח התיכון","מבין הלבנונים הרבים שאיבדו את בתיהם, יש כמה ברי מזל שגילו שהם בסך ייושבו על ידי עיזים ☝️",14,"11/27/2024 03:46",https://www.instagram.com/reel/DC35_YuNOgv/,"IG reel",,Lifetime,82766,47665,1462,524,34,78,0
17877773313197016,17841407868310918,kan_news,"כאן חדשות","שר הביטחון הפתיע בשבוע שעבר גם את הרמטכ""ל כשטען כי פירוק ארגון הטרור מנשקו היא אחת ממטרות הלחימה בלבנון. הפעם הוא נזהר בלשונו 👇

ישראל כ""ץ השתתף היום בכנס במשרד הביטחון, ובו התייחס להפסקת האש שנכנסה לתוקף הלילה, בין ישראל ללבנון. ""מטרת המלחמה בצפון, כפי שהוגדרה, הייתה לפגוע ביכולות חיזבאללה וליצור את התנאים לחזרת תושבי הצפון בביטחון לבתיהם, ואנחנו נראה ב-60 הימים הקרובים האם מטרה זאת מתממשת"".

""כשיתבררו לציבור פרטי ההסדר על כל מרכיביהם, ובמידה ותתבצע אכיפה אפקטיבית, שישראל במרכזה, ותיווצר רגיעה והרתעה - ניתן יהיה לומר שהמטרה הושגה. כשר הביטחון אני מתכוון, יחד עם צה""ל ומערכת הביטחון, לעמוד בראש המאמץ לאכיפה עוצמתית וללא פשרות של כל התנאים שסוכמו כדי להבטיח את הביטחון"", הוסיף.

בשבוע שעבר, במהלך ביקור השר בפיקוד צפון עם הרמטכ""ל הרצי הלוי, שר הביטחון הצהיר כי אחת ממטרות המלחמה היא פירוק חיזבאללה מנשקו - זאת למרות שלא מדובר במטרה שהציג הקבינט

@roysharon11 @suleimanmas",0,"11/27/2024 03:41",https://www.instagram.com/p/DC357TOM56w/,"IG image",,Lifetime,40064,31893,1032,34,1,55,23
17900987403067772,17841407868310918,kan_news,"כאן חדשות","פריז עדיין על המפה: צרפת הודיעה שלא תכבד את צווי המאסר שהוציא בית הדין הפלילי בהאג

צילום קולאז': פלאש90",0,"11/27/2024 03:05",https://www.instagram.com/p/DC31yV5sP06/,"IG image",,Lifetime,73335,56421,3116,180,0,175,86
18110430772432767,17841407868310918,kan_news,"כאן חדשות","הסיפור רווי העצב והמאבקים של משפחת דגן מתקרב לסיום?

זו ההודעה שנמסרה ממשפחתו של הטייס במילואים ששם קץ לחייו: 

לפני דקות אחדות עודכנה משפחת אסף דגן ז״ל כי שר הביטחון אישר קבורה צבאית מלאה. עוד נמסר למשפחה כי המדינה מציעה שאסף דגן ז""ל יקבר בקבורה צבאית מלאה, אבל בחלקה אזרחית ולא בחלקה צבאית, כראוי לאסף.

עו""ד יובל יועז בשם משפחת דגן: ""הלוויה צבאית מלאה לאסף דגן ז""ל היא המינימום המגיע לו, ואני מודים לשר הביטחון שקיבל את ההחלטה המתבקשת בעקבות הדיון בבג""ץ. 

""אנו מבקשים משר הביטחון שישלים את המהלך ויורה, כפי שהורו שרי ביטחון קודמים במקרים אחרים, לרבות שר הביטחון הקודם גלנט, כי אסף ייטמן בבית קברות צבאי, ולא בבית קברות אזרחי, כראוי במקרה הזה"".

ממשפחת דגן נמסר: ""אנו מודים לשר הביטחון, שהוכיח מנהיגות בפרשה, ומבקשים שיאשר את קבורתו של אסף בבית קברות צבאי, כראוי לחייל של עם ישראל. אנו מאמינים ששר הביטחון יענה לקריאתנו זו, שהיא גם קריאתו של העם, של שרים ושל חברי כנסת, ושל ראשי הצבא בעבר, וינהג כפי שנהגו שרי הביטחון לפניו במקרים דומים"".",0,"11/27/2024 02:47",https://www.instagram.com/p/DC3zribIQ9d/,"IG image",,Lifetime,46542,36759,1323,8,0,24,17
17901239073067286,17841407868310918,kan_news,"כאן חדשות","האם הגיע יום הדין של חברות התעופה הישראליות?
#המספרהיומי #משחקי_הכיס",89,"11/27/2024 02:39",https://www.instagram.com/reel/DC3ysCvPD2s/,"IG reel",,Lifetime,32909,22803,626,91,3,39,13
18040929299000270,17841464234747957,kan_reshetb,"כאן רשת ב","‏""זה הדבר הכי קשה שיכול ליפול עליי ועל המשפחה"" - מתן ועדי אנגרסט נולדו באותו יום, אך מתן יציין את יום הולדתו ה-22 בשבי: ""לא דמיינתי בחיים שאעביר יום הולדת בלעדיו""

#סדריום",0,"11/27/2024 02:38",https://www.instagram.com/p/DC3yqh8oc42/,"IG carousel",,Lifetime,27225,14510,1152,25,0,24,0
18087485086525713,17841407868310918,kan_news,"כאן חדשות","""יש לנו תינוקות שנולדו בשבי""

השר לביטחון לאומי בן לאומי הציג את ההתנגדות שלו לעסקה - ונתקל בביקורת חריפה של עינב צנגאוקר ושל קרובי חטופים נוספים

@shapirayaara",34,"11/27/2024 00:14",https://www.instagram.com/reel/DC3iHjMsaJ5/,"IG reel",,Lifetime,333514,186088,6954,1535,25,924,296
17997209360547840,17841407868310918,kan_news,"כאן חדשות","שש שעות מאז נכנסה לתוקפה הפסקת האש עם לבנון, נשמר השקט בצפון. עם זה הגיעו הבוקר לכפר כילא שליד מטולה שמונה כלי רכב ואופנוע ועליהם אנשי חיזבאללה. כתבנו רובי המרשלג מוסר כי כוח צה""ל ששוהה במקום הרחיק אותם בירי מרגמות לאזהרה. בצה""ל נערכים ליציאה מלבנון, ופועלים תחת הנחת עבודה שארגוני הטרור עלולים לנסות לפגוע בחיילים במהלך הפסקת האש. ראש הממשלה נתניהו הבהיר אמש, כי המשך הפסקת האש תלוי במה שיתרחש בלבנון. 

@rubih 
צילום: פלאש90",0,"11/26/2024 23:56",https://www.instagram.com/p/DC3gG7soDBM/,"IG image",,Lifetime,54580,42796,1658,93,0,35,39
17992445705582077,17841407868310918,kan_news,"כאן חדשות","חמאס מתקפל?

בכיר חמאס אמר לסוכנות הידיעות הצרפתית שהארגון פנה למתווכות והודיע שהוא מוכן להפסקת אש בעזה שתכלול עסקה ל""חילופי אסירים"". הוא האשים את ישראל בהכשלת המו""מ עד עכשיו. 

ביום שישי דווח בכאן חדשות שבחמאס אומרים שאם חיזבאללה יסכים להפסקת אש בנפרד, ייתכנו שינויים בעמדת הארגון שיישאר למעשה לבד מול ישראל.",0,"11/26/2024 23:20",https://www.instagram.com/p/DC3b9yOo5Vs/,"IG carousel",,Lifetime,57204,36130,978,21,0,39,26
18017460536367778,17841407868310918,kan_news,"כאן חדשות","הפסקת אש עמדה במבחן הלילה הראשון, כשנכון לשעה 08:30 בבוקר, לא היה ירי מלבנון לעבר ישראל. תושבי לבנון החלו לנוע חזרה דרומה, למרות התרעות של צבא לבנון שאין לחזור עדיין לכפרים. 
@kan_middleast 
צילום: אי-פי
_",0,"11/26/2024 22:43",https://www.instagram.com/p/DC3XuwaohbG/,"IG carousel",,Lifetime,110897,62219,2313,113,1,136,75
18048452315297785,17841406783529635,_omrihaim_,"Omri Haim","פה חשדתי | כשבלבנון ובחמאס מרוצים מההסכם - זה הזמן להתחיל לדאוג. המבחן הגדול של ישראל - אכיפה בלתי מתפשרת",85,"11/26/2024 17:35",https://www.instagram.com/reel/DC20dMnIgnu/,"IG reel",,Lifetime,11295,8102,218,39,4,3,0
18464288200060578,17841464234747957,kan_reshetb,"כאן רשת ב","“אם את רוצה להתאבד, למה באת למחלקה שלי? תתאבדי בבית”: ו’, חיילת משוחררת, הגיעה לבית החולים הפסיכיאטרי ‘איתנים’ לאחר ניסיונות אובדניים רבים. למרות זאת, הפסיכיאטר שפגש אותה זלזל בבקשותיה להתאשפז ושחרר אותה לדרכה, גם לאחר שאיימה כי תפגע בעצמה שוב. בן זוגה סיפר: “פשוט זורקים אותה לכלבים, היא לא במצב טוב - וכל רגע יכול לעלות בחיים שלה”.

בפנייתה לכתבתנו כרמלה משנה, היא מפצירה: “זו פעם אחרונה שאני פונה כדי לבקש עזרה. אני אחכה עוד כמה ימים, אבל אם לא יטפלו בי - אני נוסעת למשרד הביטחון ומתאבדת מולם. אני מתחננת בפניך שהשם שלי לא ייכנס לרשימת המתאבדים”",31,"11/20/2024 06:11",https://www.instagram.com/reel/DCmJVsHIiuL/,"IG reel","An error occurred while computing metrics.",-,,,,,,,
18041466094971693,17841470312538363,kan_middleast,"כאן - המזרח התיכון","חמאס מתגאה בכך שרצח יותר מ20 עזתים בדרום הרצועה אמש:
בהודעה מטעם משרד הפנים של ארגון הטרור, נטען כי מנגנון הביטחון של חמאס ביצע אמש פעולה בטחונית שתוכננה מראש נגד עזתים שגנבו ממשאיות סיוע. לדברי חמאס מדובר בצעד קטן, במסגרת צעדים רבים שיינקטו נגד אותם אנשים שלכאורה גנבו סיוע.",22,"11/19/2024 06:35",https://www.instagram.com/reel/DCjkdilt7eg/,"IG reel","An error occurred while computing metrics.",-,,,,,,,
18038684783189794,17841407868310918,kan_news,"כאן חדשות","הותר לפרסום: שני לוחמי צה""ל נפלו ברצועת עזה.

סרן יוגב פזי, בן 22 מגבעות בר, מפקד מחלקה בגדוד נחשון בחטיבת כפיר, נפל בקרב בצפון רצועת עזה.
סמ""ר נועם איתן, בן 21 מחדרה, לוחם בגדוד נחשון בחטיבת כפיר, נפל בקרב בצפון רצועת עזה.

יהי זכרם ברוך 🕯",0,"11/17/2024 08:48",https://www.instagram.com/p/DCetGYbMfkA/,"IG image",,Lifetime,106329,83977,2266,109,6,146,17
18262916590250929,17841407868310918,kan_news,"כאן חדשות","רגע לפני הפסקת אש: פגיעה בתחנה המרכזית בקריית שמונה, שריפה פרצה במקום. אין נפגעים
@rubih",18,"11/26/2024 13:06",https://www.instagram.com/reel/DC2Vqztibal/,"IG reel",,Lifetime,56160,35786,755,47,4,16,23
18034773233085135,17841407868310918,kan_news,"כאן חדשות","נשיא ארצות הברית ג'ו ביידן הכריז הערב על השגת הסכם הפסקת האש בין ישראל ללבנון. ""שוחחתי עם ראשי הממשלה של ישראל ולבנון ואני שמח להכריז שהם קיבלו את ההצעה האמריקנית לשים קץ למלחמה"", אמר ביידן. לדבריו, הפסקת האש תיכנס לתוקפה בשעה 04:00 הלילה. 

""העימות החל יום אחרי התקפת חמאס. יש להבהיר כי ישראל לא פתחה במלחמה, וכי העם הלבנוני לא רצה בכך. גם לא ארצות הברית. מאז החלה המלחמה יותר מ-70 אלף ישראלים נאלצו לחיות כפליטים בארצם"", המשיך הנשיא האמריקני. ""זו אמורה להיות הפסקת אש קבועה. מי שנשאר מחיזבאללה ומארגוני טרור אחרים לא יורשו לפגוע בביטחון ישראל שוב. במהלך 60 הימים הקרובים יקבלו שליטה על השטח הצבא הלבנוני וכוחות בינלאומיים. אם חיזבאללה יפר את ההסכם, לישראל הזכות להגן על עצמה לפי החוק הבינלאומי"", הוסיף.

על המצב ברצועת עזה אמר הנשיא: ""כעת לחמאס יש בחירה - רק שחרור בני הערובה, כולל אזרחים אמריקנים, יאפשר לשים קץ ללחימה ולהביא להקלה הומניטרית. במהלך הימים הקרובים ננסה יחד עם טורקיה, מצרים, קטר ישראל ומצרים להגיע להפסקת אש בעזה ולשחרור החטופים"". 

לדברי ביידן, הפסקת האש בגבול הצפון מקרבת את האזור כולו לסדר יום חדש, ""שבו לפלסטינים תהיה מדינה משלהם, והם יוכלו להגשים את שאיפותיהם מבלי לאיים על ישראל"". 

צילום: רויטרס",0,"11/26/2024 13:01",https://www.instagram.com/p/DC2VHuDN4FQ/,"IG image",,Lifetime,30615,24733,829,35,0,91,21
18076464379593271,17841407868310918,kan_news,"כאן חדשות","הפסקת האש עם לבנון תחל מחר מהשעה 4:00 לפנות בוקר

@suleimanmas 
צילום: דובר צה""ל",0,"11/26/2024 12:38",https://www.instagram.com/p/DC2SjwmxyoY/,"IG image",,Lifetime,36486,27057,930,102,0,34,21
18014000885437287,17841407868310918,kan_news,"כאן חדשות","נקודות התורפה בהסכם עם לבנון👇

לפי גורמים שנחשפו לנוסח ההסכם העדכני, וכן לפי בכירים מדיניים וביטחוניים, יש כמה נקודות תורפה בהסכם. ראשית, לא מוזכר בו אזור חיץ שירחיק את תושבי לבנון מקו העימות. שנית, לישראל אין אישור מפורש לתקוף בלבנון בכל מקרה של הפרה של ההסכם מהצד הלבנוני. בנוסף, ההסכם לא מבטיח פגיעה במפעל הכלכלי של חיזבאללה, ומי שיאכפו אותו בדרום לבנון הם צבא לבנון וכוח יוניפי”ל של האו”ם

@suleimanmas",0,"11/26/2024 12:00",https://www.instagram.com/p/DC2OPYRINtE/,"IG carousel",,Lifetime,61056,35363,890,92,0,51,50
18262690750266596,17841407868310918,kan_news,"כאן חדשות","אם בלבנון כן - למה בעזה לא ניתן לעצור את הלחימה כדי לשחרר חטופים? מיכאל שמש עם השאלה הבוערת שנותרה אחרי הצהרת נתניהו
@shemeshmicha",23,"11/26/2024 11:21",https://www.instagram.com/reel/DC2JtDTh7gl/,"IG reel",,Lifetime,25831,17726,585,34,0,35,28
18053286256810781,17841407868310918,kan_news,"כאן חדשות","למה עכשיו? נתניהו הודיע על הפסקת אש בלבנון והסביר את הסיבות",86,"11/26/2024 11:07",https://www.instagram.com/reel/DC2IAajtd0W/,"IG reel",,Lifetime,34648,20299,663,178,2,228,34
18013361108448037,17841407868310918,kan_news,"כאן חדשות","ראש הממשלה בנימין נתניהו הודיע כי הערב יאושר הסכם הפסקת האש עם לבנון - והוא יכנס לתוקף ממחר. בהצהרתו אמר: ”הבטחתי ניצחון - ונשיג ניצחון. נחזיר את תושבי הצפון לבתיהם. משך הפסקת האש תלוי במה שיתרחש בלבנון, אנחנו שומרים על חופש פעולה מלא. חיזבאללה יפר את ההסכם לא רק אם יירה עלינו, אלא גם אם ינסה להתחמש כדי לירות עלינו בעתיד”. בהצהרתו ציין רה״מ 3 סיבות לחתימה על הפסקת אש כעת: התמקדות באיום האיראני, רענון כוחות ובידוד החמאס. בנוסף, נתניהו אישר כי בעקבות החתימה על ההסכם עם לבנון, ארה״ב תעביר לישראל נשק שהיה מעוכב עד כה.",0,"11/26/2024 10:20",https://www.instagram.com/p/DC2CsZWR0YA/,"IG image",,Lifetime,34164,26059,625,12,0,70,16
18078950626518142,17841407868310918,kan_news,"כאן חדשות","סמל תאמר עוסמאן, בן 21 מכפר יאסיף, לוחם בגדוד נחשון (90), חטיבת כפיר, נפל בקרב בצפון רצועת עזה
יהי זכרו ברוך🥀
@itayblumental",0,"11/26/2024 09:48",https://www.instagram.com/p/DC1_ESORkZq/,"IG image",,Lifetime,63184,48462,2479,136,4,279,20
17928420308975489,17841470312538363,kan_middleast,"כאן - המזרח התיכון","הדעות בלבנון חלוקות בנוגע להפסקת האש ☝️ מה דעתכם?",60,"11/26/2024 09:31",https://www.instagram.com/reel/DC186i9tqph/,"IG reel",,Lifetime,53366,30559,561,32,15,26,0
17884346916160329,17841407868310918,kan_news,"כאן חדשות","יואב כהן מנטועה ו-11 ילדיו מפונים כבר למעלה משנה – ומוחים נגד הסכם הפסקת האש: ""מה פשענו שלא מגיע לנו ביטחון? הפקירו אותנו ושולחים אותנו כצאן לטבח עבור אג'נדות. אל תשחטו את הילדים שלנו""
@anna.pines",77,"11/26/2024 09:22",https://www.instagram.com/reel/DC18FupuVML/,"IG reel",,Lifetime,126400,79414,3535,285,4,231,124
18043686118952834,17841407868310918,kan_news,"כאן חדשות","רגע לפני ההכרזה הצפויה על הפסקת אש: חיל האוויר מפזר נורים מעל ארמון הממשלה בביירות
Omer Shahar",2,"11/26/2024 07:39",https://www.instagram.com/reel/DC1wTGbNquc/,"IG reel",,Lifetime,131477,45890,1232,83,0,61,47
17945635367911904,17841407868310918,kan_news,"כאן חדשות","תוקפים בביירות עד הרגע האחרון: צה""ל תקף 20 מטרות טרור ב-120 שניות באמצעות 8 מטוסי קרב. בין המטרות שהותקפו: מפקדות, מחסני כסף אשר משמשים את חיזבאללה לאיסוף ואיחסון כספי טרור. זאת כחלק מתקיפות צה""ל נגד המערך הכלכלי של חיזבאללה.

@itayblumental",24,"11/26/2024 06:10",https://www.instagram.com/reel/DC1mEnAs68i/,"IG reel",,Lifetime,39059,26167,970,37,3,41,34
18467739913031611,17841407868310918,kan_news,"כאן חדשות","שרה נתניהו ביקשה להיחשב נפגעת עבירה בתיק זריקת פצצת התאורה לבית רה""מ בקיסריה, זאת למרות שלא הייתה כלל בבית בעת המקרה. אתמול הוארך מעצרם של ארבעת החשודים במעשה. עורך דינם של משפחת נתניהו ביקש לציין ש""מדובר באירוע טרור ולא אירוע פלילי"". בנוסף, הוא ביקש היתר לעיון מלא בתיק החקירה, וגישה לתיק ב""נט משפט"". משמעות הדבר תהיה שבית המשפט יהיה מחויב לעדכן אותו בכל התקדמות בתיק.

(אורלי אלקלעי)
צילום: יונתן זינדל, פלאש 90",0,"11/26/2024 05:39",https://www.instagram.com/p/DC1ijKkxd6T/,"IG image",,Lifetime,71662,52670,1205,285,1,528,43
17947287806776092,17841464234747957,kan_reshetb,"כאן רשת ב","""שיסתמו את הפה"" - לקראת ההסדרה בלבנון, מה גרם לקלמן להתעצבן על הבוקר? ולמה אסף רוצה לשלוח אותו לחזית

#קלמןליברמן",73,"11/26/2024 04:47",https://www.instagram.com/reel/DC1cgPDIESa/,"IG reel",,Lifetime,27205,18745,864,50,4,56,0
17885404839157074,17841407868310918,kan_news,"כאן חדשות","לא שרד אפילו שלושה שבועות: מה אפשר ללמוד מהזיגזג התקציבי של הממשלה? #המספרהיומי #משחקי_הכיס @lielkyzer",89,"11/26/2024 03:21",https://www.instagram.com/reel/DC1Ss4jP9d6/,"IG reel",,Lifetime,21508,15394,390,46,0,10,14
17984724947775074,17841407868310918,kan_news,"כאן חדשות","לראשונה מאז שנת 2000, חיילי צה""ל בליטאני 👇

הצבא התיר לפרסם כי כוחות אוגדה 91 הגיעו לנחל, שחוצה את דרום לבנון ממזרח למערב. גם מפקד פיקוד צפון אלוף אורי גורדין הגיע לשם יחד עם הכוחות. זו לשון ההודעה שפרסם דובר צה""ל:

""כוחות אוגדה 91 ממשיכים בסריקות לטיהור איתורי טרור, אמצעי לחימה ומשגרי רקטות בשטחים סבוכים, בנויים והרריים בדרום לבנון מהם הוצאו  מתווי טרור לעבר יישובי הצפון. 

""במרחב הסלוקי פשטו כוחות צוות הקרב של עוצבת הקומנדו על תשתיות טרור במרחב. הכוחות איתרו והחרימו מאות אמצעי לחימה, עשרות תשתיות תת-קרקעיות ועשרות משגרי רקטות מוכנים לשיגור.

""במרחב נהר הליטאני צוות הקרב של חטיבת אלכסנדרוני ובו כוחות המילואים של חטיבה 769, סיירת גולני ויחידת שלדג פשטו בעקבות אינדיקציות מודיעיניות על תשתיות טרור רבות אשר הוסתרו בתוואי השטח המורכב. הלוחמים תקפו מספר יעדי טרור, ניהלו קרבות פנים אל פנים עם מחבלים, איתרו והשמידו עשרות משגרים, אלפי רקטות וטילים, מחסני אמצעי לחימה שהוסתרו בצלע ההר ובהם גם תותחים"".

@itayblumental 
צילומים: דובר צה""ל",0,"11/26/2024 02:58",https://www.instagram.com/p/DC1QIvTsOCQ/,"IG carousel",,Lifetime,96695,58242,5932,342,9,112,145
18059810203708618,17841407868310918,kan_news,"כאן חדשות","לו רק היו עוד כמה כאלה על הגדר באותו הבוקר: סיפור הגבורה של חיילי גדוד 13 ב-7.10 נחשף, מתוך סדרת הכתבות ""גולנצ'יקים"" של אלון שרביט 
@alon__sharvit",61,"11/26/2024 02:36",https://www.instagram.com/reel/DC1NklKBilX/,"IG reel",,Lifetime,57154,33039,2158,85,5,43,111
18066782299732492,17841407868310918,kan_news,"כאן חדשות","כאב לב: יונה בריף ספג 13 קליעים בקרבות 7.10 אך עבר טיפולים וכבר היה בהכרה. בימים האחרונים חלה הידרדרות במצבו ואמש הוא נפטר. יהי זכרו ברוך",0,"11/26/2024 01:46",https://www.instagram.com/p/DC1H32AIygv/,"IG image",,Lifetime,55925,43700,3558,109,1,230,42
18103043899411338,17841407868310918,kan_news,"כאן חדשות","רוצים להיות חלק 👇

עשרות צעירים שהוריהם עובדים זרים, חסרי מעמד בארץ, התאגנו ופנו כקבוצה לשר הפנים משה ארבל, לשר הביטחון, לרמטכ""ל וללשכת ראש הממשלה בבקשה להתאזרח ולהתגייס לצה""ל.

בקשות פרטניות כאלו הוגשו בתחילת המלחמה, אך לא נענו. הצעירים פנו באמצעות עורך הדין זרי חזן על סמך סעיף בחוק האזרחות הישראלי שמאפשר מתן מעמד למי שתורם באופן משמעותי למדינה.

מכתב דומה מארגון ""המוקד לפליטים ומהגרים"" נשלח לשר הפנים ועליו חתומים 120 צעירים. לדברי ריין, בת להורים מהפילינים שגרה בתל אביב, ""אני מרגישה שזה הבית שלי. ישראל נתנה לי המון ואני רוצה להחזיר למדינה"".

@nofarji",0,"11/26/2024 01:01",https://www.instagram.com/p/DC1CuIaI6Ej/,"IG carousel",,Lifetime,81083,43913,2944,296,2,195,63
17874534993220599,17841464234747957,kan_reshetb,"כאן רשת ב","""מטרות המלחמה ברורות, מחזירים את תושבי הצפון הביתה בבטחה. אנחנו מחזירים אותם בבטחה?"" - השר איתמר בן גביר על התנגדותו להסכם המתגבש עם לבנון

#הבוקרהזה",0,"11/25/2024 21:58",https://www.instagram.com/p/DC0t4qroBpu/,"IG carousel",,Lifetime,37589,20028,414,16,0,82,0
18382315903098295,17841407868310918,kan_news,"כאן חדשות","דניאל אלוני: ""המחבל אמר לי: 'אם תמותי, אני אקח את הילדה'""
Nofar Moshe Ferdo",77,"11/25/2024 13:33",https://www.instagram.com/reel/DCz0A2IAkXV/,"IG reel",,Lifetime,227479,155658,10438,271,137,107,257
18034513130095001,17841407868310918,kan_news,"כאן חדשות","""הקונספציה של נסיגות חד-צדדיות קרסה""

הסכם עם לבנון? זה מה שחשב נתניהו אחרי המלחמה ב-2006
@shemeshmicha",17,"11/25/2024 11:11",https://www.instagram.com/reel/DCzjwjzS_Ai/,"IG reel",,Lifetime,40151,23220,671,143,2,141,78
18025448483268507,17841407868310918,kan_news,"כאן חדשות","""הפסקת אש – הסכם חסינות לחיזבאללה"": מיכאל שמש על מחיר השקט בלבנון",66,"11/25/2024 10:36",https://www.instagram.com/reel/DCzfvysv38C/,"IG reel",,Lifetime,26839,18186,657,59,1,102,23
18042796763176352,17841407868310918,kan_news,"כאן חדשות","""אנחנו כן מתכוונים לזה!"": קרוואנים במיליוני שקלים ומשפחות שמחכות להקפצה - ההכנות להתיישבות בעזה בשיאן

התחקיר המלא של #זמןאמת – הערב אחרי מהדורת כאן 11
Asaf Liberman",80,"11/25/2024 10:00",https://www.instagram.com/reel/DCzboLIsb7J/,"IG reel",,Lifetime,59245,36347,683,356,10,333,76
18064464070695280,17841407868310918,kan_news,"כאן חדשות","הפסקת אש מיידית, נסיגה מלאה של צה”ל מדרום לבנון ופריסת הצבא הלבנוני: כל הפרטים על הסכם ההסדרה המתהווה עם לבנון, שלפי הדיווחים יכנס לתוקף כבר מחר - בתקווה להשיב את השקט לצפון אחרי יותר משנה של מלחמה
@roikais

📷: פלאש90, רויטרס",0,"11/25/2024 09:52",https://www.instagram.com/p/DCzaywtoLkY/,"IG carousel",,Lifetime,72709,37377,1331,195,1,85,87
18368323519116456,17841407868310918,kan_news,"כאן חדשות","גליה מגן, אם לחמישה, עולה על מדים: “הלכתי לצו ראשון בגיל 36, זאת השליחות הבאה שלי. זו זכות ללבוש מדים ולתרום”
@maya_rachlin",88,"11/25/2024 09:43",https://www.instagram.com/reel/DCzZY6moZyt/,"IG reel",,Lifetime,36415,26706,870,48,0,31,31
18048902458852410,17841407868310918,kan_news,"כאן חדשות","כך חגגו תושבי לבנון את הדיווחים על הפסקת האש הקרובה
Omer Shahar",26,"11/25/2024 08:30",https://www.instagram.com/reel/DCzRRY-NAGq/,"IG reel",,Lifetime,51323,32317,390,116,0,132,23
17967040859815870,17841407868310918,kan_news,"כאן חדשות","בעיתון הפרו סעודי א-שרק אל-אווסאט דווח שנשיא ארצות הברית ג'ו ביידן ונשיא צרפת עמנואל ומקרון צפויים להודיע מחר בבוקר על הפסקת אש בין לבנון לישראל - לתקופה של 60 ימים.

לפי הדיווח, כל הסוגיות בצד הלבנוני נפתרו - אך נשארו סוגיות פתוחות בצד הישראלי. יו""ר המחנה הממלכתי בני גנץ קרא: ""נתניהו, הצג את ההסכם. זכותם של תושבי הצפון, הלוחמים ואזרחי ישראל לדעת""

📷: Ap",0,"11/25/2024 08:21",https://www.instagram.com/p/DCzQYWWMflP/,"IG image",,Lifetime,37533,29436,814,56,0,79,26
18050686357985199,17841407868310918,kan_news,"כאן חדשות","כך חיזבאללה מקשה על האיתור של משגרי הרקטות: איתי בלומנטל עם השלל שצה״ל הביא מלבנון",70,"11/25/2024 07:31",https://www.instagram.com/reel/DCzKmHmtjhO/,"IG reel",,Lifetime,47296,27930,926,128,3,34,83
18098509330473889,17841407868310918,kan_news,"כאן חדשות","הלוחם נפצע מירי RPG, טופל בשדה הקרב – וחייו ניצלו: תיעוד מפינוי מוסק בעזה
@itayblumental",61,"11/25/2024 07:01",https://www.instagram.com/reel/DCzHF3bPN_q/,"IG reel",,Lifetime,153580,82852,6062,867,15,522,527
18038362676211195,17841407868310918,kan_news,"כאן חדשות","איך זה שדווקא עכשיו, באחת התקופות הקשות שידעה ישראל, יש ירידה בכמות הדיווחים על אלימות? פרויקט מיוחד לכבוד יום המאבק באלימות נגד נשים

מה הכי הפתיע אתכם.ן?",0,"11/25/2024 03:34",https://www.instagram.com/p/DCyvhGRIg_U/,"IG carousel",,Lifetime,107165,59195,1683,150,1,41,152
17856995112314530,17841407868310918,kan_news,"כאן חדשות","שלג ראשון בחרמון: הטמפרטורה צנחה הלילה למתחת ל-0° ובמפלס העליון נערם שלג בגובה סנטימטר. גם בשעות הבוקר, ממשיך לרדת שלג במפלס התחתון. בנוסף, צפוי לרדת היום שלג קל גם בצפון רמת הגולן. 

“בפתחו של חורף 2025, אתר החרמון מוגדר עדיין כשטח צבאי סגור”. ציין מנכ”ל אתר החרמון רפאל נוה. “המלחמה עדיין מתנהלת בגבול הצפון וחוסר הוודאות לגבי עתיד עונת החורף באתר נותר בעינו. אתר החרמון שמהווה עוגן תיירותי וכלכלי לכל חבל הצפון, גליל וגולן, נותר סגור”.

@itayblumental 
צילום: “עמותת ברק” חטיבה 188",0,"11/25/2024 00:05",https://www.instagram.com/p/DCyXhzcIbP6/,"IG carousel",,Lifetime,65922,36181,2929,101,0,14,61
18249102874279831,17841407868310918,kan_news,"כאן חדשות","בדרך להסכם?
מקורות ישראלים אומרים כי ההסכם עם לבנון סגור, וכעת ראש הממשלה בנימין נתניהו בוחן כיצד להסביר אותו לציבור - כך פורסם בחדשות הערב של כאן 11. בישראל נתנו אור ירוק למתווך האמריקני עמוס הוכשטיין להתקדם לקראת ההסכם. 

האור הירוק אושרר בהתייעצות ביטחונית מצומצמת הערב עם שרים אצל ראש הממשלה. גורם ישראלי אומר כי התקווה היא להכריז על כך תוך ימים. הדיונים כעת יתמקדו בשאלת חופש הפעולה של צה""ל באזור גבול סוריה-לבנון. לפי גורמים המעורים בשיח האמריקני, ירושלים קיבלה ערבויות מוושינגטון לחופש פעולה במקרה של הפרה של ההסכם. 

עוד פורסם הערב במהדורה כי בכיר במערכת הביטחון אמר כי ""אם לא נגיע להסכם הפסקת אש בקרוב, גם מדינת לבנון תשלם מחירים"".

צילום: חיים גולדברג, פלאש 90",0,"11/24/2024 14:40",https://www.instagram.com/p/DCxW6J0K_p5/,"IG carousel",,Lifetime,59922,37981,1010,117,0,68,41
17867463399254025,17841407868310918,kan_news,"כאן חדשות","""פוגעים בהם גופנית, מינית ונפשית, רומסים את זהותם וכבודם בכל יום"": חטופים ששוחררו ובני משפחות החטופים שעדיין בעזה מציינים שנה לעסקה הראשונה, וקוראים לעסקה נוספת שתשיב את אלו שנותרו מאחור כבר 415 ימים",0,"11/24/2024 11:00",https://www.instagram.com/p/DCw9tThNtLW/,"IG carousel",,Lifetime,45718,28361,1404,93,2,27,26
17855558310319805,17841407868310918,kan_news,"כאן חדשות","דניאל אלוני מציינת שנה לשחרורה - וחוזרת ללבוש את הפיג'מה שלבשה ביום השחרור מהשבי:

""הרגע ההוא לנצח ייזכר בליבי, היה זה רגע בו יצאנו מבטן האדמה אל האור והשמש סינוורה קלות את עיננו לאחר ימים ארוכים בהם ישבנו בעלטה, מפוחדות, חרדות לגורלנו ורעבות, היה זה רגע מכונן, רגע של אושר עילאי ואינסופי, רגע שבו סוף סוף הצלחתי לנשום נשימה אחת אמיתית וארוכה אל תוך האוויר הקריר של  סוף נובמבר. היה זה רגע אחד קטן שבו הטוב ניצח את הרע"", כתבה בפוסט בפייסבוק. 

אלוני הוסיפה: ""חשבתי שלאחר שנה, כשאציין ב""ה שנה לשחרורי, אוכל ללבוש את הפיג'מה שוב רק לרגע ולכתוב פוסט שמח על כמה מזל היה לנו, לכל החטופים, לחזור הביתה בשלום - למרות הטרגדיה הנוראית והזוועות הקשות שכל אחד ואחת מאיתנו עבר/ה  ב-7 באוקטובר 2023 ועד לשחרורו/ה. במקום זאת, אני מוצאת עצמי כותבת שאני כל כך שמחה שאני, בתי, אחותי ובנותיה שבנו בשלום - אך איך אפשר בכלל  לשמוח או לדבר על שיקום אמיתי ולחזור לחיים נורמליים כשגיסי, אחיו, בת הזוג שלו ואיתם 98 חטופים וחטופות עדיין מוחזקים בשבי, בתנאים נוראיים - ולאומללות שלהם אין עדיין שם בעברית שיהלום את המצב הגופני והנפשי שלהם לאחר 415 ימים!!!

""כאחת ששבה מהתופת הזו, אני בכלל לא מסוגלת לדמיין מה עובר עליהם, איך הם עדיין שורדים, איזה כוחות ותעצומות נפש הם היו צריכים לגלות כדי לשרוד עד היום. איפה הם לעזאזאל ???? איך יכול להיות ששרפנו את ערך קדושת החיים על מזבח הון ושלטון? איך יכול להיות שהתמונות של הילדים הרכים שעדיין שם, או התמונות המזעזעות של התצפיתניות חבולות, מבועתות ומגואלות בדם של עצמן, לא הרעידו דיין את כל אמות הסיפים של ממשלת ישראל מספיק כדי לומר, די !! די !! זה יותר מידי אפילו בשבילנו !! אז במקום לומר את זה, חברי כנסת ושרים (לא כולם כמובן יש לציין)  מתעמרים במשפחות החטופים, מנסים להפוך אותן לאויב הציבור, מבקשים להחריש את קולן, מבקשים מהם לקצר ולקצר ואף מסלקים אותם מישיבות הכנסת בבושת פנים מלווים בשומרים חמושים"".

@nofarji
צילום: מתוך הרשתות החברתיות",0,"11/24/2024 10:16",https://www.instagram.com/p/DCw4vtuqFCI/,"IG image",,Lifetime,87447,69644,3533,45,2,35,62
18056999128733433,17841407868310918,kan_news,"כאן חדשות","אמא של אלי פלדשטיין, החשוד בפרשת המסמכים בלשכת רה""מ, על מעצר בנה: ""אני ישנה חודש על מזרן, לא מסוגלת לאכול בשולחן שישי - כי אני לא יודעת מה עם הבן שלי""",37,"11/24/2024 10:00",https://www.instagram.com/reel/DCw2xD5ifyC/,"IG reel",,Lifetime,117130,59932,2073,259,9,925,88
18067544203736038,17841407868310918,kan_news,"כאן חדשות","אחרי שגורש בעבר: האב השכול יקבל מעמד של תושב קבע 👇

שר הפנים משה ארבל החליט לקבל את המלצת רשות האוכלוסין וההגירה והודיע כי יעניק לאביו של החלל סדריק גרין ז""ל מעמד של תושבות קבע. 

סדריק ז""ל, שנפל בינואר 2024 בקרב ברצועת עזה, נולד בישראל להורים פיליפינים שהגיעו למדינה כעובדים זרים. אביו גורש מהארץ והוא נותר עם אמו שגידלה אותו לבדה. בהמשך התדרדר סדריק לפשע, אך הצליח להשתקם והתעקש להתגייס לצה""ל - למרות שלא היה מחוייב לכך. 

קרוביו מספרים שהוא התעקש לשרת בקרבי והפך מנער בסיכון ללוחם גבעתי מצטיין. סדריק ז""ל ראה בישראל את ביתו היחיד - ויותר מכול רצה להרגיש ישראלי. הוא סיים את חייו כגיבור ישראלי והותיר אחריו אישה והורים

@nofarji @dana_yarkechy",0,"11/24/2024 08:15",https://www.instagram.com/p/DCwq2XIqw4R/,"IG image",,Lifetime,66663,51723,5250,63,0,96,56
17872841826142051,17841470312538363,kan_middleast,"כאן - המזרח התיכון","״ביירות תרעד היום״, כך אמר גורם ישראלי בכיר לערוץ סקיי ניוז בערבית. לאחר למעלה מ-200 שיגורים ללא הפסקה לעבר הצפון ומרכז הארץ, חיל האוויר הישראלי תוקף בדאחיה.",13,"11/24/2024 07:13",https://www.instagram.com/reel/DCwjj2YtFba/,"IG reel",,Lifetime,41744,25718,814,29,19,100,0
18054394405757172,17841407868310918,kan_news,"כאן חדשות","""אני לא 'רחם להשכיר', עם כל הצער - היא לא עשתה ילד"" 👇

אחרי שהוחלט שהתינוקת סופיה תופרד מהאם שילדה וגידלה אותה ותימסר לאמה הביולוגית - האם המגדלת הגיבה לראשונה: ""כאמא, אני לא מבינה איך אפשר לתלוש את הבת שלי, שילדתי בדם, יזע ודמעות. היא פרי בטני, בה אני מטפלת ואותה אני מגדלת למעלה משנתיים"". 

האם שילדה את סופיה הוסיפה: ""אני אמא של סופיה, שכיום היא ילדה מתוקה שעברה רק לפני כמה חודשים ניתוח שלישי מסכן חיים. אני לא 'רחם להשכיר', ועם כל הצער על מוסרת הביצית - היא לא עשתה ילד. אני נקלטתי והריתי וילדתי ולא אתן שיעקרו ממני את הבת שלי. זה לא אנושי. אני כואבת ומבכה את ההחלטה הרת האסון הזו. לא אתן יד לסיכון חיי בתי"". 

סופיה, שנולדה לפני כשנתיים, הוחלפה והוחזרה כעוברית לאישה אחרת בעקבות בלבול של צוות בית החולים אסותא. מאז מתנהל מאבק משפטי בין זוגות ההורים - הביולוגים שמבקשים לגדל אותה, והלא-ביולוגים שגידלו אותה עד כה בפועל. 

ההורים הביולוגים הגיבו להחלטה גם כן: ""הטעות תוקנה וסופיה חוזרת הביתה, לגור עם המשפחה שאליה הייתה אמורה להיוולד. נעשה הכול כדי להגן עליה ועל פרטיותה ולגדל אותה בנחת. אנחנו מאושרים ומחכים לרגע בו נוכל סוף סוף לחבק את בתנו והיא אותנו, דבר אשר לו חיכינו זמן כה רב"".

@Nov_reuveny
צילום: אילוסטרציה - Hadas Parush/Flash90",0,"11/24/2024 06:31",https://www.instagram.com/p/DCwe-L3qGZu/,"IG image",,Lifetime,209681,148071,3452,649,15,661,148
17927025056980394,17841464234747957,kan_reshetb,"כאן רשת ב","לישי, אישתו של עמרי מירן שחטוף בעזה: “לא חשבתי שנגיע לגיל שעלמה באמת חושבת על זה שאבא לא פה ומדברת. היא עדיין מחכה כדי להכיר את אבא שלה”",0,"11/24/2024 06:09",https://www.instagram.com/p/DCwcYpEomsk/,"IG image",,Lifetime,54095,42999,2631,66,1,38,0
18058336483896953,17841407868310918,kan_news,"כאן חדשות","""לצבא לקח כמעט שעה לזהות את החדירה. אם היה מדובר במחבלים - היה להם את כל הזמן שבעולם לעשות כרצונם"": אירוע חמור התרחש ביום שישי בערב, במהלכו חדר לישראל רכב ירדני באזור סמר שבערבה.

ראש המועצה האזורית חבל אילות הגיב לאירוע המטריד: ""כל התרחישים שאנחנו מזהירים מפניהם בחודשים האחרונים מתממשים בשטח - והפעם הצלחה של רכב ירדני לחתוך את הגדר התלתלית באזור קיבוץ סמר ולהיכנס לישראל בלי שאיש עוצר אותו. הגבול עם ירדן פרוץ, מופקר ומסכן את חיינו. למזלנו, הפעם מדובר כנראה בהברחה, אבל כולנו מבינים מה יכול לעשות רכב כזה אם יש בתוכו מחבלים שרוצים לפגע ביישובינו"".

הוא קרא לראש הממשלה, לשר הביטחון ולרמטכ""ל להתעורר בהקדם לפני שיהיה מאוחר מדי: ""אנחנו עומדים חשופים ומופקרים מול גבול פרוץ - ומפחדים שאנחנו הבאים בתור ושהפיגוע הגדול הבא יקרה כאן. זה הזמן להשקיע משאבים בגבול הזה, להציב בו כוחות צבא מתוגברים ואמצעים טכנולוגיים ולחזק את הביטחון של תושבות ותושבי חבל אילות"".

ליאת, תושבת קיבוץ אילות, סיפרה כי התצפיות ראו את הרכב שנכנס - אך איבדו איתו קשר והוא נעלם, והוסיפה בחשש: ""הרכב נכנס ומסתובב לו בארץ איפה שהוא רק רוצה. היום הברחה - מחר פיגוע קטלני""

@itsik_z",0,"11/24/2024 06:00",https://www.instagram.com/p/DCwbXYiRQWi/,"IG image",,Lifetime,122690,88677,4256,939,8,140,202
17938676288937448,17841407868310918,kan_news,"כאן חדשות","המציאות העצובה של ילדי הצפון: תלמידים מבית ספר בגליל התחתון המתינו להסעות הביתה בסוף יום הלימודים כשהתחילו אזעקות 💔 הם נאלצו לשכב על הרצפה",18,"11/24/2024 05:52",https://www.instagram.com/reel/DCwacDav4zw/,"IG reel",,Lifetime,116182,68264,2405,328,7,360,128
18023335172288743,17841407868310918,kan_news,"כאן חדשות","""נעשה שוב הגומל"": טליה ביטון, ניצולת נובה, ניצלה היום שוב - הפעם מפגיעה ליד ביתה בפתח תקווה, שבו אין מרחב מוגן",34,"11/24/2024 05:15",https://www.instagram.com/reel/DCwWPorI20E/,"IG reel",,Lifetime,39193,25994,961,52,2,13,39
17950614797891739,17841407868310918,kan_news,"כאן חדשות","אחרי שבקשתו נדחתה לפני כשבועיים: ראש הממשלה בנימין נתניהו ביקש לדחות את עדותו במשפט המתנהל נגדו פעם נוספת. העדות צפויה להתחיל בשבוע הבא, ב-2 בדצמבר, זאת לאחר שקיבל בעבר דחייה של מספר חודשים, ולפני כשבועיים ביקש דחייה של עשרה שבועות נוספים - בקשה שסורבה על ידי בית המשפט.

נתניהו טען כי הוא לא ערוך לתחילת עדותו גם בשל ההחלטה של ביה""ד הפלילי בהאג על הוצאת צו מעצר נגדו ""בגין פשעים נגד האנושות ופשעי מלחמה"", דבר שהוביל לביטול פגישות הכנה עם עורכי דינו, ולכן ביקש דחייה של 15 ימים.

בקשתו לפני כשבועיים לדחות את מתן עדותו בעשרה שבועות, התבססה על ""שורת אירועים יוצאי דופן, אשר הפכו את הכנת ראש הממשלה למתן עדותו לבלתי אפשרית"". בין האירועים שצוינו היו חיסול מוחמד דף, חיסול נסראללה והמגעים לעסקת חטופים. 

שופטי בית המשפט המחוזי בירושלים דחו אז את בקשת נתניהו לדחות את מתן עדותו בבית המשפט. בהחלטה נכתב, ""אף כי במלחמה קרו אירועים אשר חלקם מפורט בבקשה שלפנינו, חלקם היה ידוע בעת מתן ההחלטה, ולא שוכנענו כי חל שינוי מהותי בנסיבות העשוי להצדיק את שינוי המועד שנקבע בהחלטה""

@almogtamar 
📷: חיים גולדברג, פלאש90",0,"11/24/2024 04:39",https://www.instagram.com/p/DCwSGqTxE1f/,"IG image",,Lifetime,42479,31733,745,23,0,186,14
18465690064002674,17841407868310918,kan_news,"כאן חדשות","תיעוד: פגיעה ישירה של רקטה בבית בנהריה

אנחנו עושים מאמץ גדול לאתר את בעלי הזכויות בצילומים.
השימוש ביצירות שבעל הזכויות בהן אינו ידוע או לא אותר נעשה לפי סעיף 27א ל""חוק זכויות יוצרים""
אם זיהיתם צילום ואתם בעלי הזכויות בו, יש לפנות ל-zcuyot@kan.org.il",17,"11/24/2024 03:27",https://www.instagram.com/reel/DCwJ1TVIZip/,"IG reel",,Lifetime,49180,28984,553,101,1,33,24
18041412431273055,17841407868310918,kan_news,"כאן חדשות","אש, הרס ועשן בפתח תקווה: שלושה נפצעו קל במטח האחרון שכלל ירי רקטות לעבר נהריה, חיפה והכרמל וגם לעבר מרכז הארץ
@hadasgrinberg 

אנחנו עושים מאמץ גדול לאתר את בעלי הזכויות בצילומים.
השימוש ביצירות שבעל הזכויות בהן אינו ידוע או לא אותר נעשה לפי סעיף 27א ל""חוק זכויות יוצרים""
אם זיהיתם צילום ואתם בעלי הזכויות בו, יש לפנות ל-zcuyot@kan.org.il",13,"11/24/2024 03:20",https://www.instagram.com/reel/DCwI4kEoEYz/,"IG reel",,Lifetime,50629,32594,513,86,5,23,28
17883959052160720,17841407868310918,kan_news,"כאן חדשות","כ-10 רקטות שוגרו מלבנון לעבר מרכז הארץ, התקבלו דיווחים ראשוניים על נפילה ליד אלעד. אזעקות והדי פיצוצים גם בחיפה

צילום: פלאש90",0,"11/24/2024 02:56",https://www.instagram.com/p/DCwGWbrI2RZ/,"IG image",,Lifetime,25353,20145,803,11,0,12,12
18000481157703835,17841407868310918,kan_news,"כאן חדשות","שנתיים לאחר פרשת החלפת העוברים, התינוקת סופיה תילקח מההורים שגידלו אותה ותועבר להורים הביולוגיים. 

השופט עובד אליאס אמר: ""בהינתן כי נקודת המוצא היא שהורים גנטיים הם ההורים הטבעיים וכי מוטב לכל ילד לגדול אצלם, ובהינתן הנסיבות כי מדובר בטעות קשה בהחדרת העוברים וכי בשיתוף פעולה ובדרך מושכלת, מבוקרת ומפוקחת ניתן יהיה לתקנה תוך הפחתת הנזק ככל הניתן"".

אליאס הוסיף כי גורמי מקצוע, שמונו בתהליך ההחלטה, הסכימו על כך שיש לספר לילדה את סיפור חייה ולאפשר לה ליצור קשר עם ההורים שגידלו אותה במשך שנתיים. 

""התועלת שתצמח מהעברת הילדה להוריה הגנטים וחיים עמם, עולה על הנזק שייגרם כתוצאה מהניתוק מהוריה המגדלים. התועלת בחיים אצל ההורים הגנטיים היא, בין היתר, בבניית הזהות העתידית, התחברות לשושלת הדורות של המשפחה, סיפור משפחתי דומה, דמיון פיסיולוגי וערכים משפחתיים"", אמר אליאס.

בתחקיר שנערך בתוכנית ""זמן אמת"" בכאן 11 בספטמבר 2023, פורסם כי בית המשפט התיר לבצע בדיקה גנטית שתוכיח באופן ודאי מי ההורים הביולגים של התינוקת. ""יש מידה רבה של צדק בהנחה שאילו הייתה מונחת בפנינו התשתית העובדתית הנוכחית, תוצאתו של פסק הדין שניתן בהליך הקודם הייתה שונה"", ציינה השופטת.

התחקיר של אבי עמית חשף לראשונה את שרשרת המחדלים שאירעו באסותא ראשון לציון, ואת העקבות המובילים בסבירות גבוהה לכך שבני הזוג, שהתראיינו לראשונה ל""זמן אמת"", הם ההורים הביולוגים של התינוקת. ההקלטות הבלעדיות שפורסמו בתוכנית, בשילוב מסמכים פנימיים של אסותא שנחשפו לראשונה, הצביעו כמעט בוודאות על אורית ויואב כהורים הגנטיים ועל המחדלים שהובילו לבלבול הטראגי.
#זמן_אמת",0,"11/24/2024 02:48",https://www.instagram.com/p/DCwFbG7o7jw/,"IG carousel",,Lifetime,112791,74191,1213,442,2,104,134
18042250555977448,17841407868310918,kan_news,"כאן חדשות","חיזוק מפתיע לפוטין 👇

מאות לוחמים מתימן הגיעו לרוסיה והצטרפו ללחימה לצד מוסקווה נגד אוקראינה, כך מדווח הבוקר ""הפייננשל טיימס"" על פי הדיווח ללוחצים שחתמו על חוזים עם צבא רוסיה הובטחו משכורות גבוהות ואף קבלת אזרחות רוסית. החיילים מתימן מצטרפים לכ-11,000 חיילים מקוריאה הצפונית שלוחמים לצד רוסיה וגם לשכירי חרב מנפאל והודו.

במקביל בכירים אמריקנים ששוחחו עם ""פייננשל טיימס"" ציינו כי רוסיה מנסה לחזק קשרים עם המורדים החות'ים ועולה האפשרות לפיה נשק רוסי מתקדים יגיע לידי המורדים בתימן. בעבר דווח כי רוסיה מנהלת מגעים על אספקת נשק לחות'ים בתיווך של איראן.

בדיווח של ""פייננשל טיימס"" נכלל קטע מראיון שהעניק חבר הלשכה המדינית של המורדים החות'ים מוחמד אל בוקאיטי לאתר האופוזיציה הרוסי ""מדוזה"". בראיון אמר אל בוקאיטי כי ""החות'ים נמצאים בקשר מתמיד עם רוסיה על מנת לפתח קשרים בכל התחומים כולל כלכלה, פוליטיקה וצבא"".
@alexnirenburg
צילום: AP",0,"11/24/2024 01:05",https://www.instagram.com/p/DCv5ls4o3AT/,"IG image",,Lifetime,64497,49446,1731,227,0,129,63
18477531787029668,17841407868310918,kan_news,"כאן חדשות","ההפתעה, הגבורה ואחוות האחים: השבוע ב-#חדשותהערב, חטיבת #גולני כמו שאף פעם לא ראיתם, בסדרת הכתבות של @alon__sharvit",89,"11/24/2024 00:43",https://www.instagram.com/reel/DCv3EyfpbRf/,"IG reel",,Lifetime,110075,70604,2725,562,12,51,165
18052376317945744,17841407868310918,kan_news,"כאן חדשות","שר הביטחון ישראל כ""ץ הודיע היום כי החליט לעכב את קידומם של שני קצינים מפיקוד דרום - קצין האג""ם אפרים אבני וקצין ההנדסה אלמוג דדון - עד לבחינה מעמיקה של תפקודם באירועי 7 באוקטובר והקשר שלהם לאירועים.

כ""ץ הודיע כי החליט לאשר את רשימת המינויים בצה""ל לדרגות אל""ם ותא""לים כפי שהומלצה ע""י הרמטכ""ל, למעט מינויים של שני הקצינים מפיקוד הדרום קצין האג""ם אפרים אבני וקצין ההנדסה אלמוג דדון המיועדים לקידום. ""עד שיבחן לעומק את הקשר שלהם לאירועי ה-7 לאוקטובר ואת תפקודם במהלך המלחמה"", נכתב בהודעת כ""ץ.

כ""ץ ציין כי במסגרת בחינת הנושא בכוונתו להיפגש עם משפחות התצפיתניות ממוצב נחל עוז כדי לשמוע את עמדתן. כאמור, יתר המינויים לדרגות אל""ם ותא""ל, כפי שהומלצו על ידי הרמטכ""ל, אושרו על ידי שר הביטחון.

צילום: פלאש90",0,"11/24/2024 00:23",https://www.instagram.com/p/DCv04bsoXfQ/,"IG image",,Lifetime,35705,28301,1014,40,0,205,22
18086608021524264,17841407868310918,kan_news,"כאן חדשות","משרד החוץ אישר כי אותרה גופתו של שליח חב""ד באיחוד האמירויות, הרב צבי קוגן. בהודעה שפרסם המשרד נכתב: ""אירוע טרור אנטישמי נפשע. מדינת ישראל תפעל בכל האמצעים ותמצה את הדין עם הפושעים האחראים למותו"".

""הוא הגיע לעזור לשליח, התחברתי אליו"", אמר דודי רובינשטיין, חברו הקרוב של קוגן. ""הוא התבסס שם, התחבר לכולם והקים משפחה לפני חצי שנה. הוא היה הרוח החיה שפונים אליה, מי שמסדר דברים. איש יקר ומלא חיים שתמיד זמין. אדם עם חזון ומעוף שער בלילה ובבוקר ותמיד נכון לעזור"".

רובינשטיין התייחס למתיחות והגברת הביטחון לאחר תחילת המלחמה: ""הוא לא חלם שהוא במעקב. החב""דניקים הורידו פרופיל חיצוני, בעיקר בהתכנסויות גדולות. ערבי שבת של הרבה ישראלים בוטלו"".

קוגן הוגדר כנעדר מיום חמישי בצהריים, לאחר שלא הגיע לפגישות שנקבעו לו באותו יום ולא ענה לשיחות הטלפון מאשתו. לאחר שלא הצליחה ליצור עמו קשר, אשתו פנתה לקב""ט חב""ד, וזה עדכן את גורמי הביטחון בישראל. בעקבות זאת, הועבר הטיפול למוסד.

רכבו של הרב קוגן נמצא בעיר אל-עין, כשעה וחצי נסיעה מדובאי. ככל הנראה, חוליית הטרור עקבה אחריו מאז יצא מדובאי, ולאחר מכן חטפה אותו באזור מכולת בה השגיח על הכשרות. בחקירה בישראל עולה כי מדובר בחוליה של אזרחי אוזבקיסטן, שהוכוונה על ידי איראן - ונמלטה לטורקיה. גורמי הביטחון מתייחסים לאירוע כאל פיגוע טרור.

@itayblumental",0,"11/23/2024 23:28",https://www.instagram.com/p/DCvufzmRih2/,"IG image",,Lifetime,37956,28008,1097,33,0,54,17
18062789314633708,17841407868310918,kan_news,"כאן חדשות","עם רובה בגיל 86: שלמה מתייצב להגן על קרית שמונה - אחרי שאיבד את נכדו באסון הכטב""ם בבסיס גולני
@uriyaelk",105,"11/23/2024 11:36",https://www.instagram.com/reel/DCudBLGKL3p/,"IG reel",,Lifetime,158657,88123,6202,980,10,262,338
18046258568030785,17841407868310918,kan_news,"כאן חדשות","ככל שחולפות השעות גובר החשש לחייו של הרב צבי קוגן - שעקבותיו אבדו באזור שמרוחק כשעה וחצי נסיעה מדובאי. קיים חשד שהרב קוגן נרצח ונחטף על ידי חולייה מאוזבקיסטן שהוכוונה בידי איראן - ונמלטה לטורקיה. 

הרב קוגן נעדר מאז יום חמישי בצהריים. לפי גורמי ביטחון, הוא לא הגיע לפגישות המתוכננות שהיו לו במהלך היום. אשתו פנתה לקב""ט של בית חב""ד לאחר שלא יצר עימה קשר. קב""ט בית חב""ד פנה לרשויות המקומיות והאירוע הועבר לעדכון ישראל. 

כחלק מהחקירה, משלחת של המוסד צפויה לצאת לאבו דאבי במהלך השעות הקרובות. דובאי מרושתת כולה במצלמות, כך שסביר שיש תיעוד אחרון של שליח החב""ד.

@itayblumental",0,"11/23/2024 10:32",https://www.instagram.com/p/DCuVsV1xKlO/,"IG image",,Lifetime,88400,60497,2570,227,0,74,69
18050303957072179,17841407868310918,kan_news,"כאן חדשות","יהודים רעולי פנים יידו אבנים לעבר לוחמי צה""ל שהגיעו לפזר התפרעות אלימה ליד שכם. אחד מהם הכה חייל באגרוף. לפי גורמים בצה""ל, עשרות ישראלים, חלקם רעולי פנים, קיימו מוקדם יותר היום הפרת סדר אלימה סמוך לאיתמר שבחטיבת שומרון, במהלכה זרקו אבנים לעבר כוחות צה""ל ומג""ב שהגיעו לנקודה. הכוחות פיזרו את הפרת הסדר ועצרו חמישה חשודים. אין נפגעים.

זאת לאחר שאתמול עשרות מתפרעים יהודים ניסו לתקוף את אלוף פיקוד מרכז אבי בלוט במהלך שבת ""חיי שרה"" בחברון. הפורעים רדפו אחריו ואחרי הקצינים שהיו איתו וקראו לעברו ""בוגד"" ו""עוכר ישראל"", ובנוסף חסמו את כביש היציאה בדרכו לפעילות מבצעית. חמישה נעצרו על ידי המשטרה. בלוט היה בדרכו לפעילות מבצעית יחד עם קצינים נוספים שהותקפו גם כן, בהם קצין הגנה מרחבית בפיקוד מרכז וראש לשכתו של אלוף הפיקוד.

@carmeldangor",0,"11/23/2024 08:39",https://www.instagram.com/p/DCuI1Nvx1tx/,"IG image",,Lifetime,57517,41596,1286,71,0,206,30
18050545436002856,17841407868310918,kan_news,"כאן חדשות","ההחלטה הגורלית של אייל
@alon__sharvit",40,"11/23/2024 07:01",https://www.instagram.com/reel/DCt9haDpCxb/,"IG reel",,Lifetime,35380,21849,501,15,1,13,30
18023465900544138,17841407868310918,kan_news,"כאן חדשות","תקרית בינלאומית חריגה: מערכת הביטחון והרשויות באבו דאבי חוקרות את נסיבות היעלמותו של שליח חב""ד במדינה, הרב צבי קוגן. לפי גורם ישראלי, הקשר איתו נותק ביום רביעי והוא מוגדר כנעדר מיום חמישי. החשד בין היתר כי הוא נחטף או נרצח.

@itayblumental @gilicohen10 
צילום: AP",0,"11/23/2024 06:40",https://www.instagram.com/p/DCt7Mm6xg1n/,"IG image",,Lifetime,60323,42218,1590,120,0,44,28
18047445257020175,17841407868310918,kan_news,"כאן חדשות","במדי ב' - ופאה בלונדינית: המילואימניק שהפך את המלחמה למופע דראג נועז
@yuval_agassi",59,"11/23/2024 05:13",https://www.instagram.com/reel/DCtxJyaOSX5/,"IG reel",,Lifetime,132382,72714,2976,943,6,190,199
18015082466392350,17841407868310918,kan_news,"כאן חדשות","""קמה כל בוקר ומרגישה אשמה. איך אני אוכלת והם לא?""💔
@nofarji",80,"11/23/2024 01:01",https://www.instagram.com/reel/DCtUTSDPsC5/,"IG reel",,Lifetime,80643,56270,2459,265,3,70,70
18308298880203530,17841407868310918,kan_news,"כאן חדשות","אירוע חמור ובלתי נסבל

עשרות מתפרעים יהודים ניסו לתקוף את אלוף פיקוד מרכז אבי בלוט במהלך שבת “חיי שרה” בחברון. הפורעים רדפו אחריו ואחרי הקצינים שהיו איתו וקראו לעברו “בוגד” ו”עוכר ישראל”. בנוסף, הם חסמו את כביש היציאה בדרכו לפעילות מבצעית. חמישה נעצרו על ידי המשטרה.

דובר צה”ל על האירוע: “צה”ל מגנה ומוקיע בכל תוקף אלימות מכל סוג כלפי משרתיו ורואה אירועים מסוג זה בחומרה רבה”.

בתחילת החודש שתי לוחמות צה”ל הותקפו על ידי ישראלים סמוך לגבעת אסף שבבנימין ונפצעו באורח קל. הלוחמות קיבלו טיפול רפואי במקום, התוקפים נמלטו. לפי גורם ביטחוני, התקיפה קרתה אחרי שנערי גבעות נכנסו למטע זיתים של פלסטיני בכפר בורקא, ובמקום החל עימות עם פלסטינים.
@carmeldangor",0,"11/22/2024 13:18",https://www.instagram.com/p/DCsD6gjIwSr/,"IG image",,Lifetime,68191,50713,2082,87,1,260,43
18074272870538735,17841407868310918,kan_news,"כאן חדשות","""מי אני בכלל שלא אצא להילחם?"": השיקום המדהים של סמלת נועה זאבי
מצדיעים לך🫡

@ifatamiel",73,"11/22/2024 13:01",https://www.instagram.com/reel/DCsB5dVOrmm/,"IG reel",,Lifetime,154438,83925,7630,317,2,425,332
18255925279262176,17841407868310918,kan_news,"כאן חדשות","מכירים את שלמה דורון בכרם התימנים? מקום עם ותק של עשרות שנים שהחליט להתחדש בכמה כיוונים מסקרנים #מקורב_לצלחת @shaulams @kan_reshetb",42,"11/22/2024 07:00",https://www.instagram.com/reel/DCrYpyVI9vU/,"IG reel",,Lifetime,26388,17163,321,50,0,3,21
17887151034139502,17841407868310918,kan_news,"כאן חדשות","זהבה ואבינדב גורי, שאיבדו שני בנים ב-7 באוקטובר, זכו לחיוך כפול❤️‍🩹
@uriyaelk",88,"11/22/2024 01:32",https://www.instagram.com/reel/DCqy-LCozt-/,"IG reel",,Lifetime,67256,42457,2417,73,1,55,70
17906377743059863,17841407868310918,kan_news,"כאן חדשות","ההשלכות של צווי המעצר לנתניהו וגלנט על כולנו - ומה אפשר לעשות
@almogtamar",0,"11/21/2024 12:18",https://www.instagram.com/p/DCpYOYNIkME/,"IG carousel",,Lifetime,68883,36280,1074,51,0,90,68
18029149250429755,17841407868310918,kan_news,"כאן חדשות","סמ""ר רון אפשטיין, בן 19 מנשר, לוחם בגדוד צבר, חטיבת גבעתי, נפל בקרב בצפון רצועת עזה.
יהי זכרו ברוך🥀

@roysharon11",0,"11/21/2024 10:48",https://www.instagram.com/p/DCpN-WIxM2x/,"IG image",,Lifetime,66236,52018,2684,104,0,197,16
18048292664023183,17841407868310918,kan_news,"כאן חדשות","ללי דרעי, שאיבדה את בנה במלחמה, פונה ללב של ההנהגה החרדית

ללי דרעי, אמו של רס”ל במילואים סעדיה ז”ל, שנפל בקרב בעזה, פונה להנהגה החרדית: אולי מותו היה בלתי נמנע, אבל אם גם חרדים היו משתתפים בנטל, לפחות בנו התינוק היה זוכה לבלות איתו יותר 
@ettingeryair",76,"11/21/2024 10:20",https://www.instagram.com/reel/DCpJZ88osjG/,"IG reel",,Lifetime,97401,60780,4410,391,10,198,145
17904354114070905,17841407868310918,kan_news,"כאן חדשות","מה באמת קורה בעזה? #שוברחומות @eliorlevy",272,"11/21/2024 09:32",https://www.instagram.com/reel/DCpFIkaKxOz/,"IG reel",,Lifetime,46163,27837,1253,158,6,84,107
17898525951091263,17841407868310918,kan_news,"כאן חדשות","בסיוע חיילים ללא ידיעת הרמטכ""ל: כך הצליחה להיכנס פעילת הימין דניאלה וייס, שמקדמת התיישבות יהודית בעזה, לציר נצרים

על רקע נפילתו הטרגית של חוקר ארץ ישראל ורס""ן במיל' זאב חנוך (ז'אבו) ארליך בלבנון, שנכנס כאזרח בליווי כוח צבאי למבצר בלבנון, שם ארבו להם מחבלים, תחקיר זמן אמת ובראשו אבי עמית, חושף פרטים חדשים על תקרית נוספת, בה אזרחית, פעילת ימין מוכרת, הצליחה להיכנס לרצועת עזה, ללא ידיעתם של הרמטכ""ל ואלוף פיקוד דרום

התחקיר המלא - ביום שני אחרי מהדורת כאן 11",73,"11/21/2024 08:49",https://www.instagram.com/reel/DCpAQlzyn3T/,"IG reel",,Lifetime,73470,41690,977,328,2,261,113
18068905891640096,17841407868310918,kan_news,"כאן חדשות","מה המשמעות של צווי המעצר ומה ישראל יכולה לעשות? סולימאן מסוודה עושה סדר",59,"11/21/2024 08:15",https://www.instagram.com/reel/DCo8W1vBT3P/,"IG reel",,Lifetime,40847,23056,541,23,3,48,33
18083612953550577,17841407868310918,kan_news,"כאן חדשות","""הבוס מבסוט""👇

כתב אישום הוגש היום לבית המשפט המחוזי בתל אביב נגד החשוד המרכזי בפרשת הדלפת המסמכים במשרד ראש הממשלה, אלי פלדשטיין, ונגד החשוד הנוסף ששמו לא הותר בפרסום. כתב האישום מייחס לפלדשטיין עבירה עם כוונה לפגוע בביטחון המדינה ולנגד, מסירת ידיעה סודית.

לפי כתב האישום, אחרי פרסום הידיעה המודלפת בעיתון הגרמני ""בילד"", יועצו של ראש הממשלה יונתן אוריך כתב לפלדשטיין ""הבוס מבסוט""

@moshestainmetz 
צילום:פלאש90",0,"11/21/2024 07:28",https://www.instagram.com/p/DCo3HspugCK/,"IG image",,Lifetime,69636,49191,1144,88,0,200,37
17938103219816305,17841407868310918,kan_news,"כאן חדשות","היועץ לביטחון לאומי של טראמפ בתגובה להוצאת צווי המעצר נגד נתניהו וגלנט: תצפו לתגובה חזקה בינואר נגד בית הדין והאו""ם.

בית הדין הפלילי הבינלאומי בהאג הוציא היום צווי מעצר לנתניהו וגלנט ""בגין פשעים נגד האנושות ופשעי מלחמה שבוצעו לפחות מ-8 באוקטובר 2023 ועד ל-20 במאי 2024, היום בו התביעה הגישה את הבקשות לצווי מעצר"".

בהודעת בית המשפט נכתב כי נתניהו וגלנט ""נושאים באחריות פלילית לפשעים הבאים כמבצעים שותפים לביצוע המעשים במשותף עם אחרים - פשע מלחמה של הרעבה כשיטת לוחמה; ופשעים נגד האנושות של רצח, רדיפה ומעשים לא-אנושיים אחרים. קביעה זו מבוססת על תפקידם של נתניהו וגלנט בעיכוב סיוע הומניטרי בניגוד למשפט ההומניטרי הבינלאומי וכישלונם בסיוע הקלה בכל האמצעים העומדים לרשותם. ההגבלות האמורות יחד עם ניתוק החשמל והפחתת אספקת הדלק השפיעו גם באופן חמור על זמינות המים בעזה והיכולת של בתי חולים לספק טיפול רפואי. רופאים נאלצו לנתח פצועים ולבצע קטיעות, כולל בילדים, ללא חומרי הרדמה, ו/או נאלצו להשתמש באמצעים לא מספקים ולא בטוחים להרדמת מטופלים, דבר שגרם לאנשים אלה כאב וסבל קיצוניים. זה מהווה פשע נגד האנושות של מעשים לא אנושיים אחרים"".

לפי בית הדין, ""לא ניתן לזהות צורך צבאי ברור או הצדקה אחרת תחת המשפט ההומניטרי הבינלאומי להגבלות שהוטלו על גישה למבצעי סיוע הומניטרי. ההחלטות שמאפשרות או מגדילות סיוע הומניטרי לא התקבלו כדי למלא את מחויבויותיה של ישראל על פי המשפט ההומניטרי הבינלאומי או להבטיח שהאוכלוסייה האזרחית בעזה תסופק באופן הולם במוצרים נחוצים. למעשה, הן היו תגובה ללחץ של הקהילה הבינלאומית או בקשות מארה״ב. קיים יסוד סביר להאמין שהמחסור במזון, מים, חשמל ודלק, וציוד רפואי ספציפי, יצר תנאי חיים המחושבים להביא להשמדת חלק מהאוכלוסייה האזרחית בעזה, אשר הביאו למותם של אזרחים, כולל ילדים עקב תת-תזונה והתייבשות"".

לבסוף, בית הדין העריך ש""יש יסוד סביר להאמין שנתניהו וגלנט נושאים באחריות פלילית כמפקדים אזרחיים לפשע המלחמה של הכוונת התקפות מכוונות נגד האוכלוסייה האזרחית של עזה"". זאת על סמך ממצאים שהתביעה הגישה על שני אירועים שהוגדרו כ""התקפות שכוונו במכוון נגד אזרחים"". 

המשמעות של הוצאת צווי המעצר: כל 124 המדינות שחברות ב""חוקת רומא"", חייבות לכבד את צווי המעצר לעצור את נתניהו וגלנט אם הם יכנסו לשטחן.

צילום: AP",0,"11/21/2024 05:53",https://www.instagram.com/p/DCosNm0x0DR/,"IG carousel",,Lifetime,64345,39780,2103,104,1,79,46
18047007371038581,17841407868310918,kan_news,"כאן חדשות","חוקר עד יומו האחרון: לזכרו של זאב (ז’אבו) ארליך🕯
@kanilarchive",92,"11/21/2024 05:04",https://www.instagram.com/reel/DComhVFIbiK/,"IG reel",,Lifetime,43463,26505,1161,30,1,68,81
18273412279222810,17841407868310918,kan_news,"כאן חדשות","יהי זכרו ברוך🕯

בראין דירקטור, בן 27 ממעלות, הוא ההרוג מהפגיעה הישירה במטח לנהריה והסביבה היום. הוא שהה בעיר במסגרת עבודתו וניסה למצוא מחסה - ללא הצלחה. 

ראש עיריית נהריה, רונן מרלי, התראיין לליאת רגב בכאן רשת ב לאחר שהתבשר על התוצאה הקטלנית של הירי לעירו: ""המדינה פשטה את הרגל. צריך להיות תג מחיר כבד מאוד בתוך לבנון. אי אפשר לחיות ככה. מה זה המילה הסדרה? אנשים כאן הולכים ברחוב ונהרגים מטילים. עד שאין הסכם חתום צריך להכות חזק כדי שהם יתחננו להסכם"".

השבוע גם ספאא קיית, תושבת שפרעם בשנות ה-50 לחייה, שילמה בחייה על המטחים מלבנון. היא שהתה במרחב מוגן כשנפגעה מהרקטה ונלכדה בין ההריסות. לאחר שחולצה, נקבע מותה. במקום נפצעו קל 10 בני אדם נוספים משברי זכוכית.

בשבוע שעבר נהרג סיון שדה בן ה-18 כתוצאה מפגיעה ישירה בשטח חקלאי באזור כפר מסריק. צוות מד""א שהגיע למקום דיווח כי שדה, תושב הקיבוץ, נפגע קשות מרסיסים ומותו נקבע במקום.",0,"11/21/2024 04:52",https://www.instagram.com/p/DColM9zOIWi/,"IG image",,Lifetime,75107,57694,2857,131,0,120,32
17886535269113623,17841407868310918,kan_news,"כאן חדשות","כתבי אישום בפרשת הדלפת המסמכים👇

כתב אישום הוגש היום לביהמ""ש המחוזי בת""א נגד החשוד המרכזי בפרשת הדלפת המסמכים במשרד ראש הממשלה, אלי פלדשטיין והחשוד הנוסף ששמו לא הותר בפרסום. כתב האישום מייחס לפלדשטיין עבירה עם כוונה לפגוע בביטחון המדינה ולנגד, מסירת ידיעה סודית

סניגוריו של יונתן אוריך, דובר ראש הממשלה שגם הוא חשוד במעורבות בפרשה, דרשו לפני הדיון לחקור את ההדלפות בתיק וטענו כי במהלך החקירה דרשו החוקרים לקחת את הטלפון שלו בלא צו

מחוץ לכותלי בית המשפט המחוזי בתל אביב, קיימו מפגינים הפגנת תמיכה בפלדשטיין ובחשוד הנוסף. בין המוחים, השר עמיחי שיקלי שטען כי מדובר ב""פוליטיזציה של מערכת המשפט""

לקראת הגשת כתב האישום נגד פלדשטיין: מפגינים פקדו את בית המשפטביום שני האחרון, פלדשטיין הועבר לתא למניעת אובדנות. לפי הודעת שירות בתי הסוהר, בתאו של החשוד אותרו ממצאים שאולתרו מפריטים שמותרים להחזקה בתא ושחייבו את העברתו המיידית. התפתחות זו הגיעה לאחר שבמהלך סוף השבוע ביקשו גורמים בכלא לבדוק את מצבו ולטענתם ניכר כי הוא לא הפגין מצוקה הנראת לעין

לפי פרטי הפרשה שהותרו לפרסום, פלדשטיין פעל לאחר רצח ששת החטופים ובעקבות הפגנות רבות נגד הממשלה באותה העת, כדי להשפיע על דעת הקהל בישראל. זאת, במטרה לשנות את השיח הציבורי ולהפנות אצבע מאשימה כלפי מנהיג חמאס יחיא סינוואר

כפי שנחשף בכאן חדשות, דוברו של ראש הממשלה יונתן אוריך ביקש לוודא עם פלדשטיין כי העביר את המסמך הסודי לשרוליק איינהורן, שכונה ""החוסיד"". על פי הנטען, איינהורן היה איש הקשר לעיתון הגרמני. בעבר שימש יועץ לנתניהו והמשיך לעמוד בקשר עימו ולסייע מרחוק

בחדשות הערב בכאן 11 נחשף כי פלדשטיין פנה לנתניהו טרם ההדלפה ואמר לו כי יש בידו מסמך חדש הקשור למשא ומתן עם חמאס. נתניהו מצדו הביע עניין במסמך הסודי, ויממה לאחר מציאת גופות ששת החטופים במנהרה ברצועה, הוא הציג בהצהרה לתקשורת ""מסמך הנחיות של בכירי חמאס"" כדי להצדיק את הישארות צה""ל בציר פילדלפי

פלדשטיין חשוד בהדלפת מסמכים מסווגים מלשכת ראש הממשלה. עם תחילת המלחמה באוקטובר 2023, פלדשטיין מונה לדובר המופקד על הקשר עם הכתבים הצבאיים. כבר אז המינוי נחשב חריג, מאחר שבדרך כלל שר הביטחון והרמטכ""ל הם אלה שנמצאים בקשר עם כתבים צבאיים ולא אנשי ראש הממשלה. עם זאת, לפלדשטיין היה ניסיון רלוונטי

מכיוון שנכשל בבדיקת פוליגרף לא היה לפלדשטיין את הסיווג הביטחוני הנדרש לעבודה בלשכה, ולכן הוא לא קיבל את שכרו מלשכת ראש הממשלה, אך המשיך לשמש כדובר בפועל וכן עסק בעניינים ביטחוניים תחת נתניהו

צילום: פלאש90",0,"11/21/2024 04:42",https://www.instagram.com/p/DCokIiJubIN/,"IG image",,Lifetime,30203,24215,712,33,0,82,14
18035095403340921,17841407868310918,kan_news,"כאן חדשות","דרמה בהאג👇
בית הדין הפלילי הבינלאומי הוציא צווי מעצר לנתניהו וגלנט: “ביצוע פשעים נגד האנושות ופשעי מלחמה""

צילום: פלאש90",0,"11/21/2024 04:04",https://www.instagram.com/p/DCofxkQM0_r/,"IG image",,Lifetime,36926,29188,791,49,1,109,31
17892592347036221,17841407868310918,kan_news,"כאן חדשות","גבר כהן 30 נהרג מפגיעת רסיסים במטח לנהריה. חובש רפואת חירום במד""א דור וקנין סיפר: ""הגענו לשטח פתוח סמוך לפארק שעשועים וראינו גבר בשנות ה-30 שוכב מחוסר הכרה עם פצעי רסיסים בגופו. ביצענו בדיקות רפואיות אבל הוא היה ללא סימני חיים ונאלצנו לקבוע את מותו""

יהי זכרו ברוך🕯
@chen_beyar",0,"11/21/2024 02:27",https://www.instagram.com/p/DCoUmp4txs-/,"IG image",,Lifetime,45187,35012,1119,73,0,36,16
18024217052570373,17841464234747957,kan_reshetb,"כאן רשת ב","יאיר גולן על ירי פצצות התאורה לבית רה“מ: „מעשה אלימות לא היה פה, לא היה ניסיון לפגוע בראש הממשלה וגם לא היה ניסיון מרומז“",0,"11/20/2024 23:58",https://www.instagram.com/p/DCoDmfbIc7j/,"IG carousel",,Lifetime,80974,41536,1451,109,1,786,0
18086260420522354,17841407868310918,kan_news,"כאן חדשות","סמל גור קהתי, בן 20 מניר בנים, לוחם בגולני, נפל בהתקלות בדרום לבנון שבה נהרג זאב ארליך. יהי זכרו ברוך🥀",0,"11/20/2024 22:07",https://www.instagram.com/p/DCn24RBNNPs/,"IG image",,Lifetime,46236,37117,1817,84,0,188,18
18081758710546390,17841407868310918,kan_news,"כאן חדשות","הותר לפרסום: באירוע בו נהרג האזרח זאב ארליך ז""ל, נפל לוחם צה""ל. בנוסף, קצין מגדוד 13 נפצע באורח קשה ורמ""ט חטיבת גולני נפצע באורח בינוני 

@roysharon11 
צילום: חיים גולדברג, פלאש 90",0,"11/20/2024 13:08",https://www.instagram.com/p/DCm5NhEtYhw/,"IG image",,Lifetime,50464,36815,1749,35,0,85,17
17879014260191246,17841407868310918,kan_news,"כאן חדשות","ארליך ביקר באתר ארכיאולוגי כשהוא מלווה בכוח גולני. הוא יוכר כחלל צה""ל👇

הותר לפרסום כי זאב ארליך, חוקר ארץ ישראל וממייסדי בית ספר שדה בעפרה, בן 71, נהרג מאש מחבלים בדרום לבנון. 

ארליך נכנס ללבנון בניגוד לנהלים כשהוא לובש מדים וחמוש. הוא הגיע לאתר ארכיאולוגי - מבצר עתיק - מלווה בכוח גולני וברמ”ט החטיבה אל""ם במיל' יואב ירום. 

במקום היו מחבלים, שפתחו באש לעבר הכוח. ארליך נהרג וירום נפצע בינוני.

למרות שלא היה במילואים - ראש אכ״א החליט שזאב ארליך יוכר כחלל צה״ל. 

בצה״ל אומרים שמדובר באירוע חמור: הכניסה שלו ללבנון, כאזרח, לא עברה את תהליך האישורים הנדרש מול מפקד האוגדה והאלוף

@roysharon11",0,"11/20/2024 12:24",https://www.instagram.com/p/DCm0HQrxS_l/,"IG image",,Lifetime,64237,41834,2048,163,0,93,45
18013543022427911,17841407868310918,kan_news,"כאן חדשות","הותר לפרסום: רס""ל במיל' איתן בן עמי, בן 22 מירושלים, לוחם ביחידת המילואים של מגלן בעוצבת הקומנדו, נפל בקרב בדרום לבנון. יהי זכרו ברוך

@roysharon11",0,"11/20/2024 10:50",https://www.instagram.com/p/DCmpbPdNmGS/,"IG image",,Lifetime,75889,60032,2653,153,0,163,23
18100239280462883,17841407868310918,kan_news,"כאן חדשות","תכירו את מנהל רשות העתיקות אלי אסקוזידו - אדם עם ניסיון עשיר בניהול, הרבה חברים ואפס הבנה בארכיאולוגיה.

היום ב-#חדשותהערב, התחקיר של יפעת גליק על הכסף הגדול, הפוליטיקה ואינסטגרם ברשות העתיקות",39,"11/20/2024 09:10",https://www.instagram.com/reel/DCmd9L9CWuq/,"IG reel",,Lifetime,20412,13441,223,19,2,27,15
18137476429367209,17841407868310918,kan_news,"כאן חדשות","עזבו כן ביבי או לא ביבי: נראה לכם סביר מה שעושים לאלי פלדשטיין? @akiva_novick  מבקש שנצא מהפוזיציה לרגע",88,"11/20/2024 08:51",https://www.instagram.com/reel/DCmbwkYNTIh/,"IG reel",,Lifetime,38788,23676,1219,158,1,214,39
18104297158453641,17841407868310918,kan_news,"כאן חדשות","סא""ל יואל גליקמן נפצע קשה בהתקלות שבה נפל הלוחם רואי ששון ז""ל. למרות הפציעה, הוא הגיע ללוות את פקודו בדרכו האחרונה - כשהוא בכיסא גלגלים ❤️",29,"11/20/2024 08:18",https://www.instagram.com/reel/DCmX-1MuG6H/,"IG reel",,Lifetime,148314,79795,5686,502,3,191,185
18078843925515736,17841407868310918,kan_news,"כאן חדשות","עמוס הוכשטיין, שליחו של ביידן למזרח התיכון, הגיע לביירות - ותועד בסניף סטארבאקס המקומי. הלקוחות המקומיים סירבו לתת לו לשלם ""כי הוא אורח"". הערב הוא צפוי להגיע לישראל במטרה להמשיך לקדם את המגעים להסדרה עם לבנון
@roikais",20,"11/20/2024 08:01",https://www.instagram.com/reel/DCmWA0Ppbnf/,"IG reel",,Lifetime,57992,35043,743,34,0,21,25
17946096158907501,17841407868310918,kan_news,"כאן חדשות","אחרי הדאגה לגורלה - הרשויות באיראן הודיעו אמש על שחרורה של הסטודנטית שצעדה בבגדים תחתונים באוניברסיטת טהראן, בתגובה להצקות של משמרות הצניעות בעניין החיג׳אב שלא לבשה כנדרש.

הצעירה, ששמה אהו דריאיי, פשטה לפני כשבועיים את בגדיה וצעדה בהתרסה ברחבת הכניסה לאוניברסיטה הטכנית של עיר הבירה האיראנית, ובמשך זמן רב לא היה ידוע מה עלה בגורלה, לאחר שנלקחה ל""טיפול רפואי"" - כפי שכינו זאת שלטונות האוניברסיטה.

אחרי שפורסמו תמונותיה והיא נעלמה, מנהיג הימין בהולנד חירט וילדרס התפעל מאומץ ליבה וכתב: ""היא לא נכנעה למשטרת החיג'אב. היא גיבורה אמיתית, והאסלאם נוגד את החופש והכבוד לנשים"".

לאחר שחרורה, משרד המשפטים האיראני סיפר כי הצעירה טופלה בבית חולים לאחר המקרה וחזרה למשפחתה: ""בהתחשב בכך שנשלחה לבית החולים, והתגלה שהייתה חולה, היא שוחררה למשפחתה ללא פתיחת תיק נגדה""

@ishay_bar_yosef",0,"11/20/2024 06:24",https://www.instagram.com/p/DCmK92kRXmB/,"IG image",,Lifetime,78284,60081,3070,74,0,75,55
18065026324682457,17841407868310918,kan_news,"כאן חדשות","הצעת החוק של ח""כ גדי איזנקוט לתיקון חוק ""ממדים ללימודים"", לטובת מימון שכר לימוד אקדמאי ללוחמים, תומכי לחימה ומשרתי שירות לאומי - נפלה אחרי שהקואליציה הצביעה נגדה. התיקון לחוק כלל בין היתר את הרחבת סבסוד התואר גם לתומכי לחימה, חיילים עורפיים ומסיימי שירות לאומי.

יו""ר האופוזיציה יאיר לפיד התקומם וצייץ ברשת X: ""חברי הכנסת החרדים שהילדים שלהם לא מתגייסים, מצביעים אחד אחרי השני נגד חוק הטבות לחיילים משוחררים של ח""כ גדי איזנקוט. המשתמטים והמשת""פים שלהם מונעים מלגות מהלוחמים שלנו"".

יו""ר סיעת המחנה הממלכתי ח""כ פנינה תמנו-שטה, התייחסה לכך שאיזנקוט הגיע לכנסת כדי להצביע על החוק במהלך השבעה על נפילת אחיינו סרן יוגב פזי ז""ל, ואמרה כי ""גדי איזנקוט התעקש להגיע למליאה היום כדי להיאבק על החוק שלו להרחיב מלגות לימודים לחיילים משוחררים מקרן ""ממדים ללימודים"". בקואליציה, בהובלת הליכוד, בחרו להתנגד להטבות לחיילים - אין ביזיון כזה, אין גבול לאטימות"".

יו""ר המחנה הממלכתי בני גנץ הוסיף: ""הקואליציה הוכיחה שוב שהכל אצלה פוליטיקה קטנה, גם על חשבון לוחמינו הגיבורים, כשמנעה מהם היום הטבות חשובות כל כך עם שחרורם מהצבא והצביעה נגד הצעת החוק של המחנה הממלכתי שהגיש חברי ח""כ גדי איזנקוט. נגד מי אתם נלחמים? תתביישו"".

מהליכוד נמסר: ""הקואליציה בהובלת הליכוד העבירה בחודשים האחרונים למען חיילי צה""ל והמילואימניקים כעשרה חוקים שנכנסו לספר החוקים, בנוסף לעשרות הצעות חוק שנמצאות בתהליך חקיקה. חברי האופוזיציה חסרת האחריות לא תטיף לנו מוסר עם עוד הצעת חוק פופוליסטית. נמשיך ונפעל למען החיילים""

@dikla_aharon  @shapirayaara 
📷: יונתן זינדל, פלאש90",0,"11/20/2024 05:53",https://www.instagram.com/p/DCmHd6JRmvk/,"IG image",,Lifetime,104862,80870,3153,456,7,339,85
17999259923529734,17841407868310918,kan_news,"כאן חדשות","ההמנון החדש של המלחמה
@oferhalfono",97,"11/20/2024 04:59",https://www.instagram.com/reel/DCmBG6DIpE4/,"IG reel",,Lifetime,75250,44893,2786,376,4,109,108
18046327345881741,17841407868310918,kan_news,"כאן חדשות","משפט רצח מחריד שתלוי כולו בעדות אחת. חפשו את הפרק המלא ביוטיוב - ""הסודות שנקברו בחול""",62,"11/20/2024 04:01",https://www.instagram.com/reel/DCl6gKaKMRP/,"IG reel",,Lifetime,52236,29656,795,170,2,9,141
18054013684764098,17841407868310918,kan_news,"כאן חדשות","תום נשר, במאית הסרט ""קרוב אליי"", נבחרה על ידי מגזין ""ווריאטי"" כאחת מעשר הבמאיות הבמטיחות לשנת 2025. נשר, לצד במאיות ובמאים נוספים תזכה לכתבת פרופיל מקיפה במגזין. 

לצידה של נשר, ניתן למצוא שמות כמו קוראלי פארז'ה והלינה ריין, במאיות ""יופי מסוכן"" ו""בייביגירל"", סרטים שצפויים לככב ולהיות משמעותיים בטקס האוסקר הקרוב.

רשימת הבמאים והבמאיות המבטיחות של ווריאטי מתפרסמת זה 28 שנים שלאורכן נבחרו במאים רבים, בהם כריסטופר נולאן ווס אנדרסון. המגזין שואף להדגיש יוצרות ויוצרים שלא יצרו רק סרט אחד יוצא מן הכלל, אלא מפגינים עתיד מבטיח ופוטנציאל גדולים. 

בחודש ספטמבר האחרון, ""קרוב אלי"",זכה שלל פרסים בטקס פרסי אופיר. סרטה של נשר זכה בפרס לסרט העלילתי הארוך הטוב ביותר, פרס הבימוי הטוב ביותר הוענק לנשר, פרס העריכה הטובה ביותר הוענק לשאולי מלמד ופרס השחקנית הראשית הטובה ביותר הוענק לשחקנית ליה אללוף. ""קרוב אלי"",ייצג את ישראל בטקס פרסי האוסקר ה-97 שיתקיים ב-2 במרץ 2025. עוד קודם לכן, יוחלט ב-17 בדצמבר האם הוא צלח את הסינון הראשוני לטקס.

נשר, שאיבדה את אחיה ארי בתאונת דרכים לפני שש שנים, בדומה לגיבורת הסרט, נשאלה על ידי כאן חדשות מה לדעתה היה אומר לו היה צופה בו.""אם ארי היה חי אז הוא היה פה איתי, מחבק אותי, קופץ משמחה ויוצא איתי לרקוד"", אמרה נשר. ""אבל זה לא המצב. ואני פשוט שמחה שעשיתי את הסרט הזה. הוא הציל אותי בהרבה מובנים. הייתי במקום מאוד קשה והוא עזר לי למצוא הרבה אור וצחוק ויופי בחיים"".
@dorit_mizrahi_ 
צילום: גטי אימג'ס",0,"11/20/2024 03:19",https://www.instagram.com/p/DCl1zzwMHbC/,"IG image",,Lifetime,44934,35314,1544,54,0,10,11
18024873332609122,17841464234747957,kan_reshetb,"כאן רשת ב","‏""פוגרום כמו אחרוני העבריינים"" - בת 6 לא מגיעה לכיתה כבר שלושה שבועות בעקבות אלימות קשה בבי""ס ברמת גן: ""כל הגוף שלה סימנים כחולים בידיים ברגליים""

#סדריום",0,"11/20/2024 03:05",https://www.instagram.com/p/DCl0NyFMAbZ/,"IG carousel",,Lifetime,134885,73968,3603,353,9,429,0
18024528662273160,17841407868310918,kan_news,"כאן חדשות","האם ח""כ נעמה לזימי תצליח לחבר מחדש את השכונות ועיירות הפיתוח למפלגת העבודה? מתוך הכתבה של @royvavoy ששודרה ב-#חדשותשישי וזמינה לצפייה בכאן BOX וביוטיוב של כאן חדשות",21,"11/20/2024 01:20",https://www.instagram.com/reel/DCln_3Jo9Bi/,"IG reel",,Lifetime,30864,18322,639,12,1,40,19
18044553961906079,17841407868310918,kan_news,"כאן חדשות","רואי נפל בקרב בצפון רצועת עזה. יהי זכרו ברוך 🕯",0,"11/19/2024 23:33",https://www.instagram.com/p/DClb_XBI0aF/,"IG image",,Lifetime,63645,52095,1994,151,1,178,25
18062530522765915,17841407868310918,kan_news,"כאן חדשות","עיראק: ""נפעל נגד כל מי שתוקף משטחנו""👇

עיראק הודיעה הערב כי היא נוקטת צעדים כדי למנוע תקיפות המבוצעות משטחה. זאת, אחרי חודשים של שיגור כטב""מים משטחי עיראק לעבר ישראל על ידי מיליציות שיעיות הפועלות בשליחות איראנית.

""ההחלטות על מלחמה ושלום שמורות לממשלת עיראק בלבד, וממשלת עיראק ממשיכה בצעדיה שהבשילו לכדי תפיסת נשק שעמד להיות משוגר"", נאמר בהודעת ראש הממשלה מוחמד שיאע א-סודאני. ""נעמיד לדין כל מי שמשתתף בפעילות מסוג זה, המאיימת על ביטחון עיראק ושלמותה הטריטוריאלית"". 

בשנים האחרונות התבטאו ראשי ממשלה בעיראק באופן דומה והכריזו על צעדים דומים שלא הסתיימו בהישגים נגד כוחן ופעילותן של המיליציות. כעת, ההצהרה החריגה מגיעה ברקע החשש מפעולה ישראלית נגד עיראק, במקרה שזו תאפשר לאיראן לתקוף את ישראל משטחה.

אתמול פנה שר החוץ גדעון סער למזכירות מועצת הביטחון בנוגע למתקפות הכטב""מים מעיראק, וכתב: ""לישראל הזכות להגנה עצמית"". לפני כעשרה ימים פורסם בכאן חדשות כי בישראל מתלבטים אם לתקוף את המיליציות השיעיות בעיראק. 

ראש הממשלה א-סודאני ערך פגישת חירום של קבינט השרים לענייני ביטחון, שבה הודיע כי ""עיראק מתנגדת באופן נחרץ לתלונות של 'רשויות היישות הציונית'"" נגד ארצו, שלדבריו מהוות ""צידוקים לתוקפנות מתוכננת נגד עיראק"".

א-סודאני, שמהווה גם מפקד הכוחות המזוינים במדינה, הורה לכלל זרועות הביטחון בארצו למנוע כל פעילות צבאית שאינה במסגרת שליטת המדינה, וקרא למשרד הפנים בבגדאד להפעיל את תוכניות החירום ""בהתאם לגודל האיומים"" ולהכין רזרבות של ציוד צבאי. בנוסף, ראש הממשלה קרא להגביר את פריסת הכוחות בגבולות המערביים של עיראק - הגבולות עם סוריה וירדן - באופן מהיר, והורה ליחידות ההגנה האווירית להיכנס לכוננות להגנה על שמי המדינה

@omershahar10 
צילום: AP",0,"11/19/2024 13:34",https://www.instagram.com/p/DCkXamVs58V/,"IG image",,Lifetime,82689,59212,2223,78,0,60,107
18054243817916252,17841407868310918,kan_news,"כאן חדשות","ראש הממשלה, שלושת היועצים והמסמכים המסווגים: מה נתניהו ידע על המסמך הסודי ומי היה מעורב בהדלפה?

@shemeshmicha 
צילום:פלאש90",0,"11/19/2024 12:41",https://www.instagram.com/p/DCkRSARoce4/,"IG carousel",,Lifetime,70351,37733,936,26,1,182,51
18013155368651957,17841407868310918,kan_news,"כאן חדשות","אין גיל להסברה: תכירו את בן קרסו, רק בן 9 – ומסביר בכל העולם על הצד הישראלי👑
@michalresh2023",35,"11/19/2024 12:00",https://www.instagram.com/reel/DCkMmFqPCIq/,"IG reel",,Lifetime,42851,26192,1725,205,4,39,75
18009928151656747,17841407868310918,kan_news,"כאן חדשות","הותרו היום לפרסום שמותיהם של שלושת החשודים בהשלכת ירי פצצות התאורה לעבר בית ראש הממשלה בנימין נתניהו בקיסריה. החשודים - תא”ל במילואים עופר דורון, אמיר שדה ואיתי יפה. השלושה השתתפו במחאה שהתקיימה במקום בעת התקרית ונחשבים לפעילים בולטים.

תא”ל במילואים דורון, שירת כקצין בכיר בחיל הים והוא נעצר בעבר עקב פעילותו במחאה. בשנה שעברה, לפני המלחמה, שירותו במילואים הוקפא. דורון התנצל בפני החוקרים על שעשה, והוא החשוד היחיד שנמנע ממנו לפגוש עורך דין, בעוד השאר קיימו את פגישותיהם.

בנוסף, בנו של דורון נעצר אתמול לאחר שנחקר בעבר עקב השתתפותו בהפגנות, ושמו טרם הותר לפרסום. מעצרם של החשודים הוארך עד ליום חמישי הקרובף כשההערכה היא באותו היום תוגש נגדם הצהרת תובע, לפני כתב אישום. 

באירוע שהתרחש ביום שבת האחרון, שני פצצות תאורה הושלכו לעבר ביתו הפרטי של נתניהו בקיסריה, בזמן ראש הממשלה ובני משפחתו לא נכחו בבית. בהודעה משותפת של השב”כ והמשטרה נאמר: “מדובר באירוע חמור שמהווה עליית מדרגה מסוכנת ובהתאם לכך ינקטו פעולות החקירה הנדרשות”.

תנ”צ אסי אהרוני, ראש חטיבת הדוברות במשטרה, התייחס לאירוע בתוכנית “קלמן-ליברמן” בכאן רשת ב: “יש פה עליית מדרגה מסוכנת. רואים עלייה במחאות, בין אם זה אנשים שמגיעים עם מיכלי דלק בתיקים ומבעירים מדורות, בת”א כמעט הוצת שוטר. אנחנו רואים אבוקות ופצצות תאורה. אנחנו מאפשרים חופש מחאה, אבל אלה פעולות שצריך להוקיע”

צילום: פלאש90",0,"11/19/2024 11:01",https://www.instagram.com/p/DCkF62gIBg6/,"IG carousel",,Lifetime,78748,43547,1043,35,0,248,37
17949413105896869,17841407868310918,kan_news,"כאן חדשות","נתניהו וכ""ץ בעזה: ""מי שיביא לנו חטוף – יקבל 5 מיליון דולר וימצא דרך בטוחה החוצה""
@gilicohen10 @suleimanmas",80,"11/19/2024 09:45",https://www.instagram.com/reel/DCj9IkYMAlL/,"IG reel",,Lifetime,52708,29925,1434,178,0,527,45
18044017142124030,17841470312538363,kan_middleast,"כאן - המזרח התיכון","חמאס ממשיך לשלוט בסיוע הומניטרי, ורוצח את כל מי שעומד בדרכו",41,"11/19/2024 09:06",https://www.instagram.com/reel/DCj4K8VN3rS/,"IG reel",,Lifetime,29897,18981,761,26,14,26,0
18047249503892019,17841407868310918,kan_news,"כאן חדשות","אחרי שעמר נלחם בסרטן וניצח - הוא נהרג היום בדרום לבנון 💔

רס”ל במיל’ עמר משה גאלדור, שנהרג הבוקר מפגיעת כטב”ם בדרום לבנון, החלים בשנים האחרונות ממחלת הסרטן. אחרי ההחלמה הוא שב לשירות מילואים כלוחם ביחס”ם בחטיבת גולני - והיום, כאמור, נפל. 

עמר ז”ל הותיר אחריו אישה, עדי, ושני ילדים - נטע, בן שלוש, ואלומה, בת שמונה חודשים בלבד. דודו אביחי סיפר עליו: “כולנו היינו שותפים במסע שלו להחלמה, כולנו גאים בו. הוא היה מאוד גאה במה שהוא עשה, אהב את אשתו עדי ואת שני הילדים המקסימים שלהם. הוא היה אדריכל מוכשר, פשוט ילד פלא” 

@menashecarmela @roysharon11 @carmeldangor",0,"11/19/2024 07:46",https://www.instagram.com/p/DCjvhcIolpA/,"IG image",,Lifetime,60802,50383,4776,66,1,345,38
18014937410395560,17841407868310918,kan_news,"כאן חדשות","""אם אפשר להעביר רפורמה במלחמה - אפשר להעביר גם חוק גיוס"" 👇

חברי הכנסת החרדים יצאו נגד הרפורמה המשפטית שהשר יריב לוין רוצה להעביר, והבהירו כי הם לא יתמכו בה עד שהחוק שיסדיר את הפטור מגיוס האברכים יוסדר. 

במהלך ישיבת סיעה של יהדות התורה, משה גפני הבהיר: ""נתקע מקלות בגלגלים לרפורמה המשפטית"". השר גולדקנופף הוסיף: ""לא נעביר את הרפורמה - אם אפשר להעביר רפורמה במלחמה, אפשר להעביר גם חוק גיוס""

@akivaweis
צילום: Chaim Goldberg/Flash90",0,"11/19/2024 07:05",https://www.instagram.com/p/DCjq0y7PTLw/,"IG image",,Lifetime,41583,33577,810,30,0,98,17
18269258272247165,17841407868310918,kan_news,"כאן חדשות","הותר לפרסום: רס""ל במיל' עמר משה גאלדור ז""ל, בן 30 מירושלים, לוחם ביחס""ם (5111) בחטיבת גולני, נפל לאחר שנפגע מכטב""ם בדרום לבנון. יהי זכרו ברוך

באירוע בו נפל עמר ז""ל, שלושה לוחמים נוספים נפצעו קשה",0,"11/19/2024 06:02",https://www.instagram.com/p/DCjjptNq2mp/,"IG image",,Lifetime,53395,44297,1515,59,1,120,9
18022183544543351,17841407868310918,kan_news,"כאן חדשות","הצפות במעגן מיכאל: הלימודים בבית הספר האזורי הופסקו באמצע היום והתלמידים נשלחו הביתה. בנוסף, המשטרה חסמה לתנועה את מחלף זכרון יעקב בכביש החוף לכיוון דרום",13,"11/19/2024 03:57",https://www.instagram.com/reel/DCjVXSBRywE/,"IG reel",,Lifetime,46943,30981,594,132,5,43,13
17860781697280554,17841464234747957,kan_reshetb,"כאן רשת ב","ילדיה של סרח רביע, דודה של שלמה מנצור החטוף בעזה, בחרו שלא לספר לה ששלמה נחטף. לפני חודש היא הלכה לעולמה | “עד יום מותה היא לא ידעה שהוא נחטף, כשראתה את התמונה שלו בטלוויזיה חשבת שמספרים עליו דברים חיוביים, זו הייתה הדרך שלה להדחיק”: דליה בורגנה, ביתה של סרח ובת דודתו של שלמה #סדריום",0,"11/19/2024 03:25",https://www.instagram.com/p/DCjRsuAI_Xl/,"IG carousel",,Lifetime,148912,96986,4348,108,5,53,0
18060908809836901,17841407868310918,kan_news,"כאן חדשות","קומה שלמה נמחקה, הרקטה חדרה גם לממ""ד: זירת הפגיעה בשפרעם מראה את הנזק העצום שגורמות הרקטות של חיזבאללה שנורות ללא הבחנה לעבר ריכוזי אוכלוסייה
אורלי אלקלעי 

אנחנו עושים מאמץ גדול לאתר את בעלי הזכויות בצילומים.
השימוש ביצירות שבעל הזכויות בהן אינו ידוע או לא אותר נעשה לפי סעיף 27א ל""חוק זכויות יוצרים""
אם זיהיתם צילום ואתם בעלי הזכויות בו, יש לפנות ל-zcuyot@kan.org.il",15,"11/19/2024 01:01",https://www.instagram.com/reel/DCjBOmQt30b/,"IG reel",,Lifetime,71903,41349,889,220,2,114,49
17996119919546051,17841407868310918,kan_news,"כאן חדשות","תוך דקות בודדות אזלו הבוקרהכרטיסים למופעי האיחוד של כוכבי הכבש השישה עשר בהיכל התרבות תל אביב ובבנייני האומה בירושלים. גולשים שנכנסו לאתר המכירות של קבוצת זאפה עם פתיחת המכירה, טענו כי נותרו כרטיסים בודדים בלבד להופעות ספורות. אחרים נתקלו כבר בהודעה לפיה אזלו הכרטיסים אליהן ביקשו להגיע.

במסגרת סיבוב הופעות האיחוד יקיימו יהודית רביץ, גידי גוב, יוני רכטר ודויד ברוזה שלוש הופעות בהיכל התרבות תל אביב ב-21, 22 ו-23 בינואר ושתי הופעות בבנייני האומה בירושלים ב-12 ו-13 בפברואר. מחירי הכרטיסים להופעות נעו בין 229 שקלים ל-400 שקלים לכרטיס.

צילום: גיא כושי ויריב פיין
@alon_fruchter",0,"11/19/2024 00:46",https://www.instagram.com/p/DCi_d5hMPKf/,"IG image",,Lifetime,128037,109861,2430,604,4,37,48
18052079815797423,17841407868310918,kan_news,"כאן חדשות","ההנגאובר בערב השנה החדשה יהיה הפעם כואב וארוך מהרגיל: המכות לכיס שמחכות לנו ב-2025
#כאן_הכסף Shaul Amsterdamski @shaulams",88,"11/19/2024 00:27",https://www.instagram.com/reel/DCi9NmGiDd6/,"IG reel",,Lifetime,209465,137360,7276,3663,275,338,356
17921012610005611,17841464234747957,kan_reshetb,"כאן רשת ב","יו""ר המחנה הממלכתי, בני גנץ: ""אני מציע לכולם להתחיל להתמקד במה שצריך, ולא לפגוע במי שעושים את מלאכתם כמו שצריך""

#הבוקרהזה",0,"11/18/2024 22:22",https://www.instagram.com/p/DCivDyzMHV3/,"IG image",,Lifetime,40414,32867,1316,40,0,303,0
18283235506245963,17841407868310918,kan_news,"כאן חדשות","חמישה פצועים מהירי לגוש דן, ביניהם אישה בת 54 במצב קשה
@anna.pines",7,"11/18/2024 11:30",https://www.instagram.com/reel/DChkWFBJ8hL/,"IG reel",,Lifetime,48643,26713,623,53,3,48,17
18048716282069469,17841418830539247,shapirayaara,"Yaara Shapira","תכלס? נתניהו לא באמת ידיח את היועמ""שית, וזאת הסיבה.
#נתניהו #יועמשית #פוליטיקה #בגץ",42,"11/18/2024 11:19",https://www.instagram.com/reel/DChiwJkNKuE/,"IG reel",,Lifetime,25686,17324,578,55,28,113,0
18053892523931562,17841407868310918,kan_news,"כאן חדשות","מד""א: האישה שנהרגה בשפרעם - נפגעה בזמן ששהתה במרחב מוגן
יהי זכרה ברוך🕯",0,"11/18/2024 09:38",https://www.instagram.com/p/DChXkfLuP0e/,"IG image",,Lifetime,54199,42387,1362,94,0,80,21
18392222500101071,17841407868310918,kan_news,"כאן חדשות","פגיעה ישירה במבנה בשפרעם: חמישה פצועים קל, לוחמי האש חילצו לכודה במצב אנוש
אורלי אלקלעי",7,"11/18/2024 09:02",https://www.instagram.com/reel/DChTcYpP-5I/,"IG reel",,Lifetime,33015,18254,370,16,0,17,14
17920924427901827,17841470312538363,kan_middleast,"כאן - המזרח התיכון","עימותים בין העקורים העזתים לבעלי המאפיות ברצועה:
בחודש האחרון התעצמו הקריאות של התושבים להורדת המחירים, במיוחד של הלחם -וכעת מתגברות ההאשמות כלפי בעלי המאפיות כי הם מוכרים בשוק השחור, משתפים פעולה עם כנופיות פשע ולטענת מקורות ברצועה, גם עם ישראל.",0,"11/18/2024 08:42",https://www.instagram.com/p/DChROHPNGeA/,"IG carousel",,Lifetime,65201,33728,775,57,28,111,0
18069363979722959,17841407868310918,kan_news,"כאן חדשות","""הציבור לא מטומטם"": נתניהו מתייחס לדיווחים על חקירת ההדלפות של איש לשכתו
@shapirayaara",39,"11/18/2024 07:58",https://www.instagram.com/reel/DChMIUBsIRC/,"IG reel",,Lifetime,77715,44432,1529,220,11,694,85
18014069963409453,17841407868310918,kan_news,"כאן חדשות","""אלו שחושבים שחיי היקרים לנו הם רק שם על הנייר - הדם שלו על הידיים שלכם"": חברתו של סרן יוגב פזי ז""ל ספדה לו

@yoavborowitz",41,"11/18/2024 07:19",https://www.instagram.com/reel/DChHpreprcE/,"IG reel",,Lifetime,457839,284501,16742,1870,360,16803,745
18282354313171646,17841407868310918,kan_news,"כאן חדשות","שיחת מילואים בעומק עזה: המוטיבציה להחזיר את החטופים - והחשש מהזימון הבא
urilevy11kan",74,"11/18/2024 06:06",https://www.instagram.com/reel/DCg_Rlnh32D/,"IG reel",,Lifetime,30092,19274,860,26,1,22,28
18065340253734672,17841407868310918,kan_news,"כאן חדשות","בדיון חסוי של ועדת חוץ וביטחון אמר רה""מ נתניהו כי הנחה להגדיל את הפרס למי שימסור מידע על חטופים: 5 מיליון דולרים על כל חטוף במקום מיליון דולרים - ומעבר בטוח לו ולמשפחתו מחוץ לרצועה

@dikla_aharon 
📷: אריק מרמור, פלאש90",0,"11/18/2024 05:20",https://www.instagram.com/p/DCg6Ef1M7kJ/,"IG image",,Lifetime,41604,31945,1024,18,0,68,17
18049533854051142,17841407868310918,kan_news,"כאן חדשות","כשחברה אחת ששולטת ב-70% מהשוק מציגה מחסור, ונשלטת בידי מדינה שבחרה צד במלחמה - האם יש מקום לדאגה?
@dana_yarkechy",125,"11/18/2024 03:49",https://www.instagram.com/reel/DCgvaXGIm0u/,"IG reel",,Lifetime,58164,41371,1709,612,7,91,107
17860258302281555,17841407868310918,kan_news,"כאן חדשות","מהומה בכנסת: ח""כ שמחה רוטמן לא הסכים להשמיע בוועדת חוקה הקלטה מהשבי של החטוף מתן אנגרסט
@dikla_aharon",29,"11/18/2024 03:15",https://www.instagram.com/reel/DCgrtLHBMh9/,"IG reel",,Lifetime,359638,210043,6501,1446,10,780,208
18048406828864970,17841407868310918,kan_news,"כאן חדשות","מתוך כל 9 נפגעות שפנו לעזרה, רק אחת התלוננה במשטרה - וגם תלונתה כנראה נסגרה: דוח חדש של איגוד המרכזים חושף פער עצום בין היקף הפגיעות המיניות לבין הטיפול המשפטי בהן.
 
לפי הדוח, ב-2023 התקבלו כ-55,000 פניות לקווי הסיוע: 
כ-60% מהן היו על פגיעות בקטינים 
וכ-35% היו על פגיעות בתוך המשפחה

עם זאת, למשטרה הוגשו רק כ-6,400 תלונות: 
כחצי מהן בגין מעשה מגונה 
וכ-13% בגין עבירות מין קבוצתיות

81% מהתיקים נסגרו בפרקליטות לפני הגשת כתב אישום:
69% מהם מחוסר ראיות
ו-20% מחוסר אשמה. 
65% מהתיקים שנוהלו הסתיימו בהסדר טיעון. 
בכ-60% מהתיקים הופחת סעיף העבירה.

בנוסף, נרשמה מגמת ירידה חדה במספר עברייני המין שהשתתפו בתוכנית שיקום ייעודית בשב”ס - רק כרבע משתתפים בתוכנית, לעומת 53% ב-2020.

עוד מצא הדוח כי בחצי השנה הראשונה של המלחמה התקבלו במרכזי הסיוע כ-26,000 פניות - מדובר בעלייה חדה בכמות הפניות. הפניות אופיינו בדיווח על התקפי חרדה ופוסט טראומה מתמשכים, דיכאונות, ותחושה שיש היררכיה בכאב על כך ש”מי שלא היה במוקדי הטרור של 7 באוקטובר אין לו זכות להתלונן”. בין הפניות, היו כאלה על פגיעות מיניות במתחמי הפינוי של תושבים מהצפון והדרום. 

@veredpelman
צילום: PIXABAY",0,"11/18/2024 01:42",https://www.instagram.com/p/DCghFs7oUFD/,"IG carousel",,Lifetime,111824,63497,1669,194,1,52,102
17880014160178639,17841407868310918,kan_news,"כאן חדשות","""לא פוגרום"", ו""אוהדי מכבי היו אלימים"" 👇

ראש עיריית אמסטרדם, פמקה הלסמה, הבהירה כי היא חוזרת בה על השימוש שעשתה במילה ""פוגרום"" במסיבת העיתונאים הראשונה ביום שלאחר הפרעות בעיר ביום שישי שעבר. אז אמרה כי היא ""מבינה שהאירועים מעלים זיכרונות מפוגרומים"". אמש היא אמרה בריאיון שהשיח הפך פוליטי, ככלי תעמולה ולצורך אפליה של הולנדים ממוצא מוסלמי, ולא לכך כיוונה.

לדבריה, במבט לאחור היא לא הייתה משתמשת במילה ""פוגרום"", והיא רק רצתה להביע את העצב והפחד אצל יהודי אמסטרדם. ""בימים שלאחר מכן, ראיתי איך המילה פוגרום הפכה לפוליטית מאוד, למעשה לתעמולה"", אמרה. ""ממשלת ישראל מדברת על 'פוגרום פלסטיני ברחובות אמסטרדם'. בהאג הפוליטית משתמשים במילה פוגרום בעיקר כדי להפלות תושבים מרוקנים, מוסלמים. לא לזה התכוונתי וזה לא מה שרציתי"".

הלסמה אמרה בריאיון כי היא מסתכלת אחורה ברגשות מעורבים על מסיבת העיתונאים שערכה באותו יום שישי. ""הלחץ הבין-לאומי והלאומי היה כל כך גדול, שבלי שיש לנו את הנתונים על אוהדי מכבי, נאלצנו לתת סקירה ראשונית. לפיכך, הדיווחים הראשוניים לא העלו מייד שגם האוהדים התנהגו באלימות"".

יו""ר ועדת התפוצות בכנסת, ח""כ עודד פורר, הגיב לדברים: ""ראש עיריית אמסטרדם, שכשלה בשמירה על בטחון התיירים הישראלים בעיר, הופכת את הקרבנות לאשמים ומדגימה לעולם מהי אנטישמיות. עצוב שהעיר האירופאית היפה הזו התדרדרה למציאות של אלימות קשה נגד ישראלים, ולמחוזות אפלים של שנאת יהודים. ראש העיר לא תצליח למחוק את החרפה. היא חייבת להתפטר"". 
@itamar.margalit",0,"11/18/2024 00:47",https://www.instagram.com/p/DCga2n9I8q8/,"IG image",,Lifetime,57628,46031,1468,29,0,69,50
17866807569253022,17841407868310918,kan_news,"כאן חדשות","בניו יורק טיימס דווח כי משפחות של נופלים, פצועים ופגועי נפש בעלי אזרחות אמריקאית, הגישו תביעה נגד איראן בבית המשפט המחוזי בוושינגטון. התביעה מפרטת את תפקידה של איראן במתקפת 7 באוקטובר - התיווך שלה בין חמאס לבין חיזבאללה בתכנון המתקפה, המימון והתמיכה שהיא מספקת לחמאס ולארגוני טרור נוספים. עורכי הדין יסתמכו בבית המשפט על מסמכי חמאס שהוחרמו בעזה ופורסמו בעיתונות. 

עוד דווח כי צוות התביעה מחזיק במסמכים שחושפים כיצד מנהיגי חמאס ביצעו פגישת תכנון חשאית בדצמבר 2022. לפי הדיווח, במהלך אותה פגישה, סינוואר ביקש סכום של 7 מיליון דולר בחודש מאיראן כדי לממן את טבח 7 באוקטובר. 

המשפחות יבקשו פיצוי נזקים תחת החוק נגד טרור בארה""ב, ומיוצגת על ידי עורכי דין בולטים, בהם: גארי אוזן, שייצג את קורבנות השואה, ולי וולוסקי, חבר המפלגה הדמוקרטית שכיהן כשליח מיוחד בממשל אובמה לסגירת בסיס אמריקאי בקובה. בהצהרה הכתובה, אמרו עורכי הדי כי יש ראיות מוצקות כדי להרשיע את הצדדים. 

@ishay_bar_yosef 
צילום: יונתן זינדל, פלאש 90",0,"11/17/2024 23:39",https://www.instagram.com/p/DCgS-dKRRBc/,"IG image",,Lifetime,62698,43508,3057,66,0,42,43
17899303494088563,17841407868310918,kan_news,"כאן חדשות","חיל האוויר יירט כטב""ם שהיה בדרך לישראל מכיוון מזרח. אזעקות הופעלו באילת. צה""ל הודיע כי הכטב""ם יורט לפני שחצה לשטח ישראל
@itsik_z",13,"11/17/2024 14:25",https://www.instagram.com/reel/DCfTj3LybCa/,"IG reel",,Lifetime,64080,33147,773,42,3,12,28
17983073057765938,17841407868310918,kan_news,"כאן חדשות","אחרי המסר שהעבירה קטר לבכירי חמאס השוהים מחוץ לעזה, לפיו הם אינם רצויים עוד במדינה - בימים האחרונים בכירי ארגון הטרור עברו לטורקיה, כך נחשף היום בכאן חדשות. לא ברור אם שהיית בכירי ארגון הטרור בטורקיה מתרחשת בצל הפסקת התיווך של קטר בעסקת החטופים. 

קטר הודיעה בשבוע שעבר לישראל ולחמאס כי היא תפסיק לשמש כמתווכת במשא ומתן לעסקה. בהודעת משרד החוץ הקטרי נאמר כי הם הודיעו לצדדים שדוחה תחדש את מאמצי התיווך “כאשר תהיה הרצינות הנדרשת לסיום המלחמה”. כלומר, הקטרים הבהירו שהם לא סוגרים את הדלת בפני חזרה למאמצי התיווך

@gilicohen10",0,"11/17/2024 10:34",https://www.instagram.com/p/DCe5MatInaC/,"IG carousel",,Lifetime,65034,40315,1134,37,1,103,36
17998840199526649,17841407868310918,kan_news,"כאן חדשות","טרגדיה נוספת היכתה במשפחתו של הרמטכ""ל לשעבר גדי איזנקוט: סרן יוגב פזי ז”ל, אחיינו מצד אשתו, נפל בלחימה בצפון הרצועה. בתחילת המלחמה איבד איזנקוט את בנו, רס""ר במיל' גל מאיר איזנקוט, לוחם בגדוד 699, ואת אחיינו סמל מאור כהן איזנקוט ז""ל, לוחם בגדוד 12 של חטיבת גולני, שניהם נפלו בתמרון הקרקעי בעזה.
יהי זכרם ברוך 🥀

📷: אבשלום ששוני, פלאש90",0,"11/17/2024 09:26",https://www.instagram.com/p/DCexbYNtwp0/,"IG carousel",,Lifetime,171019,107475,8785,289,3,615,118
18245939008302741,17841407868310918,kan_news,"כאן חדשות","הודעת לשכת ראש הממשלה על תקיפת אוהד מכבי תל אביב בהולנד:

""ראש הממשלה בנימין נתניהו מעורה בפרטי אירוע האלימות הקשה באמסטרדם נגד אזרחי ישראל, ערך הערכת מצב עם שר החוץ ומזכירו הצבאי, ומקבל כל העת עדכונים שוטפים.

""ראש הממשלה הנחה להוציא מיידית שני מטוסי חילוץ לסיוע אזרחינו.
 
""ראש הממשלה רואה בחומרה רבה מאוד את האירוע המחריד, ודורש מממשלת הולנד ומכוחות הביטחון ההולנדים לפעול בתקיפות ובמהירות נגד הפורעים, ולהבטיח את שלום אזרחינו"".",0,"11/07/2024 18:22",https://www.instagram.com/p/DCF-291oR38/,"IG image",,Lifetime,64680,52274,1869,109,0,96,38
18071093563628677,17841407868310918,kan_news,"כאן חדשות","איך הגיבו בצה""ל לדיווחי הרשתות הזרות על 70 הרוגים?

ארגון הבריאות של חמאס טוען שלפחות 70 בני אדם נהרגו בהפצצת בניין בבית לאהיה שבצפון רצועת עזה. בצה""ל הגיבו לרשתות הזרות שדיווחו על פיצוץ הבניין ומסרו שבלילה הותקפו מטרות טרור וכי בצה""ל עושים את כל הניתן כדי להימנע מפגיעה באזרחים. ""כל המידע שמופץ על ידי משרד הבריאות שמנוהל על ידי חמאס צריך להיות מטופל בזהירות - כי הוא הוכח כמקור מידע בלתי אמין במקרים קודמים"", הגיבו בצה""ל לדיווחים על המספר הרב של ההרוגים

צילום: רויטרס",0,"11/17/2024 07:50",https://www.instagram.com/p/DCemeLso4XZ/,"IG image",,Lifetime,33397,27321,975,2,0,27,12
18098502505470183,17841407868310918,kan_news,"כאן חדשות","""בני עדיין לא נקבר, יותר משלושה שבועות. נפשי מתייסרת יום יום וצה""ל מגלה כפיות טובה קיצונית לקצין מצטיין"": משפחתו של הנווט רב-סרן במילואים אסף דגן ז""ל, ששם קץ לחייו, הגישה עתירה לבג""ץ בבקשה לקבורה צבאית. מירי דגן, אימו של אסף הסבירה: ""לא הותירו לנו ברירה, נעשה לאסף ולנו עוול נוראי"".

העתירה הוגשה נגד שר הביטחון ישראל כ""ץ, משרד הביטחון, הרמטכ""ל הרצי הלוי, ראש אכ""א יניב עשור וצה""ל. המשפחה ביקשה בעתירה מבית המשפט העליון להוציא צו שיורה לערוך קבורה צבאית לאסף. העתירה מפרטת כי ביום מותו של אסף ז""ל, הוא זומן באופן בהול להתייצב ביחידתו, והראיות מלמדות שהיה בדרכו למשמרת ב""בור"" בקרייה.

אימו של אסף כתבה בתצהיר העתירה: ""פונה אליכם, שופטים נכבדים, אמא מרוסקת ומפורקת אחרי אובדנו של בני. אני פונה אליכם בתחנונים. בני עדיין לא נקבר, יותר משלושה שבועות. נפשי מתייסרת יום יום וצה""ל מגלה כפיות טובה קיצונית לקצין מצטיין ששירת את המדינה ואת צה""ל בנאמנות אין קץ 20 שנה ברציפות. קבורה צבאית מגיעה לבני בדין, בזכות ולא בחסד. ולצד זאת, אני מבקשת מכם לגלות חמלה והתחשבות במצבנו המיוחד, בנפשנו המיוסרת, ובחוסר האונים המוחלט"".

בנוסף, שלושה וחצי שבועות לאחר שהנווט שם קץ לחייו, משפחתו של דגן שוחחה שוב עם נשיא המדינה יצחק הרצוג, לאחר שנפגשו עימו. הנשיא הביע הזדהות עם כאב המשפחה. ענבל דגן, אחותו של אסף אמרה לאחר השיחה: ""אני מודה לנשיא על התערבותו. הגיע הזמן לשים סוף לסיוט המתמשך שצה""ל מעביר אותנו. אני מקווה שהנשיא ושר הביטחון החדש יצליחו להכניס גם היגיון וגם חמלה בבכירי צה""ל, ולהביא את אסף לקבורה צבאית""

@yoavborowitz",0,"11/17/2024 07:36",https://www.instagram.com/p/DCek1NBsgbi/,"IG image",,Lifetime,50520,41329,2199,27,0,39,16
18029928563611890,17841407868310918,kan_news,"כאן חדשות","עכשיו אפשר להגיד את מה שרק נרמז במשך שבועות 👇

בית משפט השלום בראשון לציון התיר היום לפרסום פרטים חדשים בפרשת המסמכים המסווגים בלשכת ראש הממשלה. לפי הפרטים שהותרו לפרסום עלה כי דובר ראש הממשלה בנימין נתניהו, אלי פלדשטיין, פעל לאחר רצח ששת החטופים ובעקבות הפגנות רבות נגד הממשלה באותה בעת, זאת על פי החשד במטרה להשפיע על דעת הקהל בישראל, כחלק מרצונו לשנות את השיח הציבורי - ולהפנות אצבע מאשימה כלפי מנהיג חמאס יחיא סינוואר.

נשיא השלום השופט מנחם מזרחי נענה בחיוב לפניית כאן חדשות וכלי תקשורת נוספם והתיר לפרסם כי על פי החשד, נגד במילואים החליט על דעת עצמו, להוציא מסמך רגיש ברמת סיווג ""סודי ביותר"" מצה""ל שלא כדין, במטרה להעבירו אל הדרג המדיני. הנגד, העביר את המסמך הרגיש לפלדשטיין, תחילה דרך הרשתות החברתיות ובהמשך העביר לו עותק פיזי. 

כאמור, פלדשטיין, שהוגדר בחקירה כגורם לא מוסמך שאינו רשאי להחזיק בחומר, החליט להפיץ את המסמך במטרה להשפיע על דעת הקהל בישראל בנושא המשא ומתן המתנהל בעניין החטופים, ובייחוד בסוגיית תרומתן של ההפגנות לחיזוק החמאס.

לצורך הפרסום, פלדשטיין פנה תחילה לכמה גורמי תקשורת בישראל, אולם לאחר שאחד העיתונאים פנה לצנזורה הצבאית שפסלה את פרסום הידיעה ""נוכח תוכנה ומקור המידע הרגיש"" - פלדשטיין החליט ""לעקוף את הצנזורה ולפרסם את המסמך בתקשורת הזרה"". 

דובר ראש הממשלה נעזר בגורם נוסף כדי לפרסם את המסמך, עדכן גורמי תקשורת בישראל על אודות הידיעה שתתרסם בחו""ל ואף כדי יפרסמו בישראל כתבת המשך. 

יש לציין כי לפי החשד מדובר בדלף מסווג ורגיש ביותר, אשר פרסומו מהווה פוטנציאל לנזק ביטחוני חמור למערכת הביטחון ולמדינת ישראל. על כן, בהחלטת בית המשפט לפרסם את הפרטים נמסר: ""החקירה סיכלה ציר הדלף ומנעה הרחבת הפגיעה בביטחון המדינה"". 
@almogtamar",0,"11/17/2024 06:16",https://www.instagram.com/p/DCebs_cI0Oi/,"IG carousel",,Lifetime,86698,44810,1290,177,1,147,75
17929265357969797,17841407868310918,kan_news,"כאן חדשות",".
החלטה לגיטימית - או ""מטורפת""? 👇

למרות המניעה המשפטית של היועמ""שית גלי בהרב-מיארה - הממשלה אישרה את ההחלטה שתאפשר לסיים את כהונת 7 היועצים המשפטיים למשרדי הממשלה. בהחלטה נקבע כי ‏7 היועמ""שים יקבלו תקופת צינון בסכום אסטרונומי של 24 חודשי עבודה בתמורה לסיום העסקתם. 

‏השרים זעמו על ההחלטה - שהם עצמם אישרו - והיו מי שטענו שהיא ""מטורפת"". השר מאיר פרוש הגיב: ""הייעוץ המשפטי מחפש על השקל משפחות ברוכות ילדים מהמגזר החרדי - ולעצמם רוצים לקחת את כספי הציבור בלי הכרה"". השר ‏דודי אמסלם הוסיף: ""אני אפנה לבג""צ נגד ההסכם הזה. לא ניתן להם לגנוב את כספי הציבור באמצע מלחמה"". ‏השר סמוטריץ' אמר כי ""לא יכול להיות שאלה הדרישות - אבל בשביל להיפטר מהם אני מוכן לשלם את זה"".

יש לציין שהחוק לא נוגע לכהונה של היועצת המשפטית לממשלה גלי בהרב-מיארה - אלא ליועצים של משרדי ממשלה כמו היועץ המשפטי למשרד האוצר אסי מסינג.

מה דעתכם?

@shemeshmicha 
📷: יונתן זינדל, פלאש90",0,"11/17/2024 06:13",https://www.instagram.com/p/DCebUR-spqc/,"IG image",,Lifetime,83142,57605,1336,154,0,358,56
18044072674913857,17841407868310918,kan_news,"כאן חדשות","אחד הגורמים המוכרים בחיזבאללה חוסל?

סוכנויות ידיעות ורשתות תקשורת בערבית מדווחים על מותו של מוחמד עפיף, אחראי ההסברה בארגון חיזבאלה. לפי הדיווחים, עפיף חוסל בתקיפה ישראלית.",0,"11/17/2024 03:59",https://www.instagram.com/p/DCeL-s2ovxM/,"IG image",,Lifetime,38848,31568,1398,32,0,51,18
18344753260123352,17841407868310918,kan_news,"כאן חדשות","איפה היהדות הכיפית ששאול פגש בגיל 16 בארצות הברית? 

מתוך #המנגנון של מחר - סדרת פרקים על איך תיראה ישראל שאחרי המלחמה. בפרק הזה עם הרב תמיר גרנות, ראש ישיבת אורות שאול. 
@shaulams",77,"11/17/2024 03:14",https://www.instagram.com/reel/DCeGtxxKyp3/,"IG reel",,Lifetime,192257,130215,6030,496,46,186,299
18010916042479446,17841470312538363,kan_middleast,"כאן - המזרח התיכון","לאחר אזהרות הפינוי שפרסם הבוקר דו״צ בשפה הערבית, אביחי אדרעי: תקיפות עוצמתיות של חיל האוויר הישראלי במעוז חיזבאללה בביירות",7,"11/17/2024 02:47",https://www.instagram.com/reel/DCeDcRAty_a/,"IG reel",,Lifetime,39714,23741,587,32,15,32,0
18126487363385006,17841407868310918,kan_news,"כאן חדשות","עצורים בירי הזיקוקים בקיסריה 👇

המשטרה עצרה הלילה שלושה חשודים בירי הזיקוקים לעבר בית משפחת נתניהו בקיסריה. השלושה הם פעילי מחאה בולטים. אחד מהם הוא קצין לשעבר בדרגת תא""ל. שב""כ מונע מהם פגישה עם עורך דינם.
@moshestainmetz",0,"11/16/2024 22:45",https://www.instagram.com/p/DCdoC6FoBQI/,"IG image",,Lifetime,57099,43514,1311,103,0,341,42
17885613732141290,17841407868310918,kan_news,"כאן חדשות","רס""ל (מיל') עידן קינן, לוחם בגדוד נחשון בחטיבת כפיר, בן 21 מרמת גן, נפל בקרב בצפון רצועת עזה

יהי זכרו ברוך 🥀
@carmelamenashe",0,"11/16/2024 20:41",https://www.instagram.com/p/DCdZ4Ztqi7W/,"IG image",,Lifetime,82975,70958,2798,147,1,257,29
17975249342794935,17841407868310918,kan_news,"כאן חדשות","תיעוד: פצצות התאורה שנורו לחצר בית רה""מ נתניהו בקיסריה

נתניהו ובני משפחתו לא היו בבית. המשטרה והשב""כ פתחו בחקירה. הנשיא יצחק הרצוג: ""אירוע חמור ומסוכן. מגנה אותו בכל תוקף"". השר יריב לוין קרא לשוב ולקדם את המהפכה המשפטית
(אורלי אלקלעי)",7,"11/16/2024 14:09",https://www.instagram.com/reel/DCctAJTyOrY/,"IG reel",,Lifetime,51784,25800,405,17,2,64,10
18142335064318541,17841407868310918,kan_news,"כאן חדשות","2 פצצות תאורה נורו לעבר בית רה”מ בקיסריה - ונחתו בחצר. נתניהו ובני משפחתו לא נכחו בבית בזמן האירוע. המשטרה ושב""כ פתחו בחקירה. הערכת המשטרה היא שפצצות התאורה נורו מכיוון ההפגנה שהייתה בסמוך לבית. מהמשטרה נמסר: ""מדובר באירוע חמור שמהווה עליית מדרגה מסוכנת ובהתאם לכך ינקטו פעולות החקירה הנדרשות""

(אורלי אלקלעי)",7,"11/16/2024 12:05",https://www.instagram.com/reel/DCceyXQtcjD/,"IG reel",,Lifetime,111578,49989,979,114,2,87,31
18360943696137594,17841407868310918,kan_news,"כאן חדשות","אחרי שהמתפללים הלכו: פגיעה ישירה בבית הכנסת ״אבות ובנים״ בחיפה - שהיה ריק מאנשים

מכוניות ומבנים נוספים ניזוקו מההדף ומהרסיסים. לא היו נפגעים מרסיסים.

5 בני אדם נפצעו קל בדרכם למרחב המוגן.

(אורלי אלקלעי)",15,"11/16/2024 10:41",https://www.instagram.com/reel/DCcVEfQoUiw/,"IG reel",,Lifetime,64863,37889,1422,185,4,76,42
18092277193447973,17841407868310918,kan_news,"כאן חדשות","סמל אורי ניסנוביץ, בן 21 מירושלים, לוחם בגדוד 13, חטיבת גולני, נפל בקרב בדרום לבנון.

יהי זכרו ברוך🥀

@carmelamenashe",0,"11/16/2024 09:18",https://www.instagram.com/p/DCcLu3MxOAT/,"IG image",,Lifetime,73883,59347,1838,76,0,164,5
18267312232247752,17841407868310918,kan_news,"כאן חדשות","""כותב לך שוב מהצפון הרחוק, מקווה בפעם האחרונה. אני כאן, שמח ועושה משהו משמעותי עבור העם שלנו"": הפתק שצורף לזר הפרחים ששלח עברי דיקשטיין ז""ל, שנהרג בלבנון, לאשתו מרים - והגיע אליה רק אחרי ההלוויה שלו
 
 
@carmeldangor",0,"11/16/2024 08:55",https://www.instagram.com/p/DCcJDVHRgHr/,"IG image",,Lifetime,117533,90841,8101,95,4,241,78
18064862812689019,17841407868310918,kan_news,"כאן חדשות","נבהלתם מהפיצוצים בלילה? הקולות המסתוריים הם לא מה שחשבתם

@itsik_z",26,"11/16/2024 06:54",https://www.instagram.com/reel/DCb6lPBoWiN/,"IG reel",,Lifetime,76087,40449,1030,199,1,18,51
17997196775705499,17841407868310918,kan_news,"כאן חדשות","צה”ל השלים כמה גלי תקיפות בדאחייה: מטוסי קרב של חיל האוויר השלימו סדרת תקיפות נוספות במרחב הדאחייה שבביירות במסגרתן הותקפו מחסן אמצעי לחימה, מפקדה ותשתיות טרור של חיזבאללה. כלל המטרות שהותקפו מוקמו על ידי חיזבאללה במכוון בלב האוכלוסייה האזרחית.

דובר צה”ל הדגיש שלפני התקיפה ננקטו צעדים רבים על מנת לצמצם את הסיכוי לפגיעה באזרחים, הכוללים איסוף מודיעין מקדים, תצפית מדויקת ואזהרות מקדימות לפינוי האוכלוסייה באזור.

@roikais @rubih",0,"11/16/2024 05:41",https://www.instagram.com/p/DCby4-HIibZ/,"IG carousel",,Lifetime,117955,58773,2470,81,3,45,71
18137150449371660,17841407868310918,kan_news,"כאן חדשות","המשטרה הגרמנית הזהירה מפני מתקפות אפשריות על שגרירות ישראל ומתקנים דיפלומטיים אחרים בימים הקרובים, כך דיווח עיתון ""בילד"". על פי הדיווח, גורמי חמאס קראו בחשבונות הטלגרם שלהם למצור על שגרירויות של ""הישות הציונית והמדינות התומכות בה"", כלשונם.

תומכי חמאס נקראו לפעול נגד ""פעולות הצבא הישראלי בצפון רצועת עזה, מלחמת השמדה ורעב נגד אזרחים פלסטינים"", ונגד ""התמיכה האמריקאית, הבריטית והגרמנית בכיבוש"". לפי ""בילד"", היו קריאות דומות לכך ברשתות החברתיות בסוף אוקטובר. ""אז היה מדובר על שגרירויות ארה""ב, צרפת, בריטניה וגם גרמניה"", אמרו גורמים במשטרה לעיתון. במשטרה הפדרלית בגרמניה חוששים מפני ניסיונות לתקוף ואף ""לכבוש"" שגרירויות זרות, אך עם זאת, אין בידיה התרעות ספציפיות

(דב גיל-הר)
📷: רויטרס",0,"11/15/2024 04:55",https://www.instagram.com/p/DCZI0amxJnH/,"IG image",,Lifetime,71509,56247,1901,179,2,35,63
18253764604260509,17841407868310918,kan_news,"כאן חדשות","יומיים אחרי פרסום הסרטון הקודם: הג'יהאד האיסלאמי פרסם תיעוד נוסף של החטוף סשה טרופנוב, בו הוא מדבר על המלחמה בלבנון, פונה באופן ישיר לאריה דרעי ומדגיש את המחויבות של היהדות לפדיון שבויים. 

סשה נחטף מניר עוז ונמצא כבר 406 ימים בשבי. אביו נרצח ב-7 באוקטובר, ואימו, סבתו ובת זוגו נחטפו ושוחררו בעסקה בחודש נובמבר הקודם. השבוע ציין את יום הולדתו ה-29 - יום ההולדת השני שלו בשבי

@eliorlevy",0,"11/15/2024 02:28",https://www.instagram.com/p/DCY3-SnMGuy/,"IG image",,Lifetime,62686,42170,1616,17,0,27,21
17956721183731806,17841407868310918,kan_news,"כאן חדשות","יום הולדת שני במחשכים: תמיר נמרודי, החטוף בעזה כבר 406 יום, מציין בשבי יום הולדת נוסף - יום הולדת 20. אביו אלון אמר היום בריאיון: ""ב-10 הימים האחרונים התעוקה שלי כבדה מאוד. לא תיארנו לעצמנו שנגיע לפה ונציין עוד יום הולדת שחור משחור"".

חירות, אימו של תמיר, אמרה היום בכיכר החטופים: ""איך מציינים יום הולדת 20 כשאני אפילו לא יודעת אם זכית להיות בן 19? תמיר שלי, אתה חסר לי כל כך. משתדלת לא לחשוב על מה שעברת, רק מאחלת לך חירות אמיתית. בנובמבר הקודם, יום הולדתך ה-19, הפרחנו בלונים בתקווה לשחרורכם. כשבועיים לאחר מכן התממשה עסקת החטופים הראשונה. גם היום נפריח בלונים, ומי ייתן ותתממש עסקה שנייה ואחרונה שתשיב את כולכם הביתה. יש עוגה, תמיר, יש בלונים… רק תחזור. בבקשה תחזור״.

תמיר בחר לעצמו שלושה ערכים לחיות על פיהם, שנמצאו על פתק בחדרו בבסיס: ""להצליח לעזור להרבה אנשים, ליצור מעגל חברתי קרוב ולא לפגוע"".

אביו סיפר: ""לקחנו את החלק הראשון - להצליח לעזור להרבה אנשים - וביקשנו מהציבור הרחב להביא חלות, מאפים ועוגות לכיכר החטופים ולבית אריאלה. אנחנו אורזים את זה ותורמים לנזקקים, לחיילים, לפצועים, לחולים ולכל מי שצריך, במסגרת הנתינה והרצון לחבר בין אנשים"". 

אלון הביע תסכול מיחס הממשלה למשפחות החטופים: ""שום דבר לא מתקדם לשום מקום. לא יכולתי לדמיין בחזיונות הכי שחורים שלי שנהיה פה שנה אחרי - אנחנו בוואקום. יש 6-7 משרדי ממשלה שאמורים לטפל בסוגיות כאלה שקשורות למשפחות חטופים"", הוסיף. ""ברמה הנקודתית, אף אחד מהם עד היום לא הרים טלפון לאף אחת מהמשפחות ושאל 'איך אנחנו מקדמים אתכם?'. לא משרד רה""מ, לא משרדי הרווחה, הכלכלה והאוצר. אף אחד לא פנה אלינו עד היום""

@yoavborowitz @ranbinyamini",0,"11/15/2024 02:12",https://www.instagram.com/p/DCY2IKExmPv/,"IG image",,Lifetime,126475,93346,3091,273,0,44,50
18045690929498064,17841407868310918,kan_news,"כאן חדשות","הטיל פוגע במדוייק - ומקריס את הבניין תוך רגעים ספורים: במקביל להגעת היועץ הבכיר של חמינאי לביירות, דיווחים לבנונים על תקיפות ברובע הדאחייה. התקיפות התבצעו אחרי שדובר צה''ל בערבית הורה לפנות את אותם המבנים, וניתן לראות שהתושבים המתינו מחוצה להם עם מצלמות על מנת לתעד את האירוע

@omershahar10",20,"11/15/2024 01:23",https://www.instagram.com/reel/DCYwfrduMe6/,"IG reel",,Lifetime,96037,51616,1909,160,2,208,70
17944692275911684,17841407868310918,kan_news,"כאן חדשות","שר הביטחון ישראל כ""ץ החליט לאפשר את שליחתם של 7,000 צווי הגיוס לחרדים לצה""ל כפי שהנחה קודמו שהודח, יואב גלנט. הצווים יישלחו בהדרגה החל מיום ראשון הקרוב, בהתאם לשיקולי צה""ל. 

השר הבהיר כי ""בכוונתו לקיים שיח מעמיק עם כלל הגורמים כדי לנסות ולקדם פתרון מוסכם, שיאפשר שילוב אמיתי של החרדים בצה""ל כדי להקל את הנטל על חיילי הסדיר, הקבע והמילואים שנלחמים בגבורה ומוסרים את נפשם למען ביטחון ישראל - לצד שימור עולם התורה הכל כך חשוב לזהותנו כעם וכמדינה. צה""ל יעשה הכול כדי לאפשר לחרדים מעטפת תומכת שתבטיח את יכולתם למלא את משימותיהם בצה""ל, לצד שמירה על אורח חייהם הדתי"".

ראש האופוזיציה יאיר לפיד הגיב להצהרה בחשבונו ברשת X: ""השר כ""ץ, אמרתי בכנסת שאם תשלח את 7,000 הצווים לחרדים - הלוחמים והמילואימניקים יידעו שאתה שם למענם. עשית את זה בלי למצמץ. כבוד"".

יו""ר המחנה הממלכתי בני גנץ כתב: ""אני קורא לשר הביטחון כ""ץ ולרמטכ""ל הלוי לשלוח את כל צווי הגיוס ולא לעצור בחצי הדרך. ‏כל חייב בגיוס, חייב בצו. ‏אנחנו במלחמה. זוהי קודם כל חובתכם החוקית, אבל חשוב מכך - הערכית"".

מה דעתכם?

@shemeshmicha @menashecarmela @dikla_aharon @shapirayaara 
📷: יונתן זינדל, פלאש90",0,"11/15/2024 00:17",https://www.instagram.com/p/DCYpAeIN5PY/,"IG image",,Lifetime,66081,46795,2144,92,0,100,26
18041767379176375,17841407868310918,kan_news,"כאן חדשות","מציר הרשע לציר השפע: האם איראן תאבד את בת הברית האסטרגטגית? | #בשכונה_שלנו @roikais",370,"11/15/2024 00:04",https://www.instagram.com/reel/DCYnQE8oUif/,"IG reel",,Lifetime,24295,15656,651,151,3,16,38
18061834510772370,17841407868310918,kan_news,"כאן חדשות","הזמר המצליח עדן חסון יצא מהארון בפוסט שפרסם בחשבון האינסטגרם שלו, בו חשף כי הוא מנהל מערכת יחסים עם גבר. 

בן הזוג של חסון הוא השחקן והרקדן יותם גבריאל, אותו הכיר בפסטיגל לפני כשנתיים. השניים עברו לאחרונה להתגורר יחד בגבעת אולגה. יותם משתתף בתוכנית הטלוויזיה ""הסדרתיים"" שתעלה בקרוב בכאן חינוכית.

@alon_fruchter",0,"11/14/2024 12:57",https://www.instagram.com/p/DCXbNYRIGg9/,"IG image",,Lifetime,83297,63518,2968,304,1,107,51
18028627700412836,17841407868310918,kan_news,"כאן חדשות","גלי בהרב מיארה, היועצת המשפטית לממשלה, פנתה אל נתניהו במכתב: ""עליך לבחון מחדש את עמדתך בעניין כהונת השר בן גביר"".

עוד כתבה היועמ""שית לראש הממשלה: ""מאז מונה לתפקיד, השר בן גביר משפיע ומתערב לכאורה באופן בוטה, פסול וחוזר ונשנה בהפעלת הכוח המשטרתי.

""השר התבטא במהלך כהונתו בדרך שיש בה כדי להרתיע שופטים מלבצע את עבודתם ולהוביל לזילות של החלטותיהם - גם בפני אנשי המשטרה"" 

@almogtamar
צילום: Chaim Goldberg/Flash90",0,"11/14/2024 12:07",https://www.instagram.com/p/DCXVfCSO2ma/,"IG image",,Lifetime,47104,37226,1331,19,1,391,17
17843574504349832,17841464234747957,kan_reshetb,"כאן רשת ב","""יש תנועות שמתחילות מלמטה, רבנים לא יעודדו אותנו להתגייס, צריך כמה 'נחשונים' שיפתחו את הדרך"": מנדל רוט, בן של אדמו""ר, שבקרוב יהיה טוראי בצה""ל קורא לצעירי המגזר לעשות כמוהו",0,"11/14/2024 09:34",https://www.instagram.com/p/DCXD_mcIcKD/,"IG carousel",,Lifetime,123438,70567,6107,259,7,155,0
18329050339157555,17841407868310918,kan_news,"כאן חדשות","הותר לפרסום: סגן עברי דיקשטיין ז""ל, בן 21 מעלי, מפקד מחלקה בגדוד 51 בגולני, נפל בקרב בדרום לבנון. 

אל״ם במיל׳ אילן דיקשטיין, אביו של עברי ז״ל, היה מפקד סיירת גולני ונפצע קשה במבצע חומת מגן.

עברי ז""ל נישא לאשתו מרים רק לפני כשנה. הוא הותיר אחריו אישה, הורים וחמישה אחים. יהי זכרו ברוך",0,"11/14/2024 08:34",https://www.instagram.com/p/DCW9CP9qhXl/,"IG image",,Lifetime,64031,51635,2176,89,1,137,21
17886022473114344,17841407868310918,kan_news,"כאן חדשות","צחי ברוורמן, ראש הסגל של ראש הממשלה, חשוד בכך ששינה פרוטוקול של שיחה שנערכה בבוקר 7 באוקטובר בין נתניהו למזכירו הצבאי דאז, אלוף אבי גיל.

לפי החשדות, ברוורמן קיבל את הפרוטוקול של השיחה מהקצרנית, שינה את שעת השיחה שכתובה עליו בכתב ידו - ודרש ממנה להזין אותו שוב עם שעה מתוקנת. 

אבי גיל, שהיה אז המזכיר הצבאי של ראש הממשלה, דיווח על המקרה ליועצת המשפטית לממשלה

@moshestainmetz
צילום: Abed Rahim Khatib/Flash90",0,"11/14/2024 08:02",https://www.instagram.com/p/DCW5ZI_qA9l/,"IG image",,Lifetime,70732,53806,1791,163,0,228,59
17953157216746764,17841407868310918,kan_news,"כאן חדשות","""תראה, כולם פה - עם ישראל ביחד"": נתנאל, אחיו של שריה אלבוים ז""ל שנפל אתמול בדרום לבנון, ספד לו",21,"11/14/2024 07:10",https://www.instagram.com/reel/DCWzaw1MQ4p/,"IG reel",,Lifetime,584511,373056,26412,1627,455,5887,674
17907076850961807,17841464234747957,kan_reshetb,"כאן רשת ב","“התברכתי בילד מיוחד, הכול נקטע בצורה כל כך אכזרית בגלל אנשים שלא מעריכים חיי אדם”: חירות נמרודי, אמו של תמיר החטוף בעזה ומציין יום הולדת שני בשבי",0,"11/14/2024 06:06",https://www.instagram.com/p/DCWsKt1ITfn/,"IG carousel",,Lifetime,93158,54223,2980,159,1,77,0
18052584805786987,17841407868310918,kan_news,"כאן חדשות","שירות החובה יוארך וצווי גיוס נוספים יישלחו לחרדים 👇

צה""ל הודיע כי בשנה הבאה חיילי המילואים יידרשו לשרת לפחות למשך 72 ימים, אחרי שבשנה החולפת לוחם מילואים שירת ב-136 ימי מילואים בממוצע. ברוב גדודי השריון, החי""ר וההנדסה - הלוחמים התייצבו ליותר מ-200 ימי מילואים בשנת 2024. בניסיון להקל על אנשי המילואים, בצה""ל מבקשים להאריך את שירות החובה ל-3 שנים. 

במקביל, בצה""ל אמרו שיצאו כ-900 פקודות מעצר לחרדים שלא התייצבו למרות שקיבלו צווים. בנוסף, כעשרת אלפים צווי גיוס נוספים יישלחו לצעירים חרדים כבר מיום ראשון הקרוב. 

מה דעתכם? 🤔

@roysharon11 @menashecarmela 
צילום: אילוסטרציה - אייל מרגולין, פלאש 90",0,"11/14/2024 06:00",https://www.instagram.com/p/DCWrbKuKxJo/,"IG image",,Lifetime,55932,44031,1749,122,1,75,34
18286008574213936,17841407868310918,kan_news,"כאן חדשות","לא לכולם יש את המזל של שובאל בן-גביר: הסיבה שגנבי הרכב מסתובבים חופשי 
#מביאה_תסעיף @dikla_aharon",240,"11/14/2024 05:58",https://www.instagram.com/reel/DCWo7sWIp9E/,"IG reel",,Lifetime,44825,28321,1208,234,0,42,66
17923362851994536,17841407868310918,kan_news,"כאן חדשות","“אני אגיע לחתונה ואשמח בשבילו” 👇❤️

אושרית, אמה של חן בן אבי ז”ל שנרצחה בנובה, מחפשת אהבה חדשה לנאור, בן הזוג של חן. בצעד אמיץ ויוצא דופן, היא פרסמה פוסט בקבוצה בפייסבוק וקראה לגולשים לסייע למצוא בת זוג לנאור: “הוא בחור מדהים, חלומה של כל אמא”, כתבה. 

חן ונאור היו זוג במשך שנתיים. הם נפגשו בתחנת דלק בה נאור עבד כמתדלק כשחן הייתה עוד חיילת. שבועות ספורים אחרי מסיבת הנובה בה נרצחה, חן הייתה אמורה לטוס לטיול הגדול בדרום אמריקה - ועם חזרתה ארצה נאור תכנן להציע לה נישואים. 

אמא של חן סיפרה בכאן רשת ב: “להחליף את הבת שלי - אף אחת לא תחליף. אבל נאור עוד צעיר, אני חושבת שהוא צריך להמשיך בחיים שלו, הוא עבר מספיק. אני אגיע לחתונה שלו ואני אשמח בשבילו”

@omriassenheim @ronikuban",0,"11/14/2024 04:59",https://www.instagram.com/p/DCWkhNzIH4o/,"IG image",,Lifetime,608888,476429,15936,313,14,257,360
18046954310294582,17841470312538363,kan_middleast,"כאן - המזרח התיכון","צה״ל תוקף בדאחיה בזמן שמטוס נוסעים נע על המסלול בנמל התעופה בביירות:
זהו היום הרביעי ברציפות בו חיל האוויר תוקף בדאחיה, הפעם התיעוד נתפס סמוך לנמל התעןפה שנמצא מדרום למעוז של חיזבאללה",8,"11/14/2024 03:37",https://www.instagram.com/reel/DCWa7myNWG2/,"IG reel",,Lifetime,85754,40391,1328,146,40,85,0
18024285551566559,17841407868310918,kan_news,"כאן חדשות","אחרי שנה של לחימה בעזה - החיילים נשלחו לכלא צבאי 👇

הורים של שלושה מ""כים בהנדסה קרבית זועמים על עונשים שניתנו לילדיהם על זובור שעשו למ""מ שלהם ""כחלק ממסורת"". 

מה דעתכם? העונש מוצדק?",0,"11/14/2024 02:12",https://www.instagram.com/p/DCWRU5poCwY/,"IG carousel",,Lifetime,95069,54641,2223,86,0,119,80
17846274279329875,17841407868310918,kan_news,"כאן חדשות","אחרי הפרעות באמסטרדם, צרפת אומרת בבירור - ישראל היא חלק ממפת הכדורגל

הערב תארח נבחרת צרפת את ישראל למשחק במסגרת ליגת האומות. על רקע תקיפת אוהדי מכבי תל אביב באמסטרדם בשבוע שעבר והתארגנויות פרו-פלסטיניות למחאות נגד ישראל, נשיא צרפת עמנואל מקרון וקודמיו בתפקיד ניקולה סרקוזי ופרנסואה הולנד, הודיעו שיבואו לפארק דה-פראנס כדי לצפות במשחק. 

@gilicohen10 
צילומים: אי-פי ורויטרס",0,"11/14/2024 01:40",https://www.instagram.com/p/DCWNrVeM6vv/,"IG image",,Lifetime,45971,36571,2294,38,0,38,34
17895241935017781,17841464234747957,kan_reshetb,"כאן רשת ב","רננה סגרון, אחותו של סמ”ר שליו יצחק סגרון שנפל בלבנון: “הוא כל כך רצה להילחם ולהיות חלק, וידענו שהוא לא יכול לעמוד מהצד, הוא מאלה שיסתערו קדימה”",0,"11/14/2024 00:15",https://www.instagram.com/p/DCWD9jZogpX/,"IG image",,Lifetime,50059,40836,2605,22,1,66,0
18081553507543858,17841464234747957,kan_reshetb,"כאן רשת ב","‏""יואב בחר לסיים את הקריירה התחרותית שלו בשביל להתגייס לקרבי"" - סמל יואב דניאל ז""ל שנפל בלבנון היה מתחרה ב-MMA. מאמנו, שי כץ, סיפר על ההחלטה להפסיק להתחרות על מנת להתגייס בתור לוחם לחטיבת גולני

#כאןהלילה",69,"11/13/2024 23:24",https://www.instagram.com/reel/DCV-D6dsADi/,"IG reel",,Lifetime,25601,16564,729,72,2,53,0
18077010409600610,17841438241983957,kanmoreshet,"כאן מורשת","בנות שנה ג במכללת ‘אורות ישראל’ בקמפוס הבנות ביישוב אלקנה שבשומרון פרסמו מכתב הקורא לסטודנטיות הלומדות במכללה להתאגד נגד ההנהלה בדרישה לסלק סטודנטית ערבייה שהתקבלה למסלול תואר שני במכללה. 

במכתב ששיגרו הבנות להנהלה נכתב: “נודע לנו שבשנה האחרונה התחילה ללמוד בתואר שני ערבייה במכללה, נושא שמסעיר מאוד את כולנו ולא מתקבל על הדעת שבמכללה של דתיות לאומיות ציוניות מקבלים ערבייה ואף מגדירים אותה דתייה כמונו” כתבו הסטודנטיות בנימת זעזוע.

הבנות שעומדות מאחורי הקריאה סיפרו כי הן החליטו לצאת כנגד ה”תופעה התרבותית הזו שנכנסה לפתחנו” ולצורך כך הן פנו לנציג מפלגת נעם ולרב יגאל לוינשטיין, ראש מכינת עלי, כדי שייצרו קשר עם הרב פוגל, מנכ”ל מכללת “אורות”, בניסיון לקבל הסבר על העניין הזה.

הסטודנטיות טוענות כי אותה סטודנטית נבחרה מתוך שמונה ערביות שעברו “מבחן” סינון.

גורמים המעורבים בדבר אמרו ל’כאן מורשת’, שהם התייעצו עם הרב לוינשטיין בעניין וכי הוא אמר כי יבדוק וישוחח עם מנכ""ל המכללה. הסטודנטיות אומרות כי הן הן יתנו לרב פוגל ארבעה ימים למצוא פיתרון לעניין. הן הוסיפו שכעת ההזדמנות ללחוץ על ההנהלה לסלק את הסטודנטית.

“בארבעת הימים האלה תפקידנו יחד עם נציג ממפלגת נעם והרב יגאל לנסח מכתב בנוגע לזה ונפעל לשינוי ולא ניתן לזה להגיע גם אלינו למכללה ולא נתפשר בשום צורה. לאחר שהמכתב יצא, כל בת מכל שנה תחתום ונעשה את זה כמין עצומה נגד”, נכתב בהודעה. את העצומה הבנות מתכננות להגיש לרב פוגל.

מהמועצה להשכלה גבוהה נמסר שהם לא מכירים את הנושא והעניין נבדק.

הרב יגאל לווינשטיין היה אמור להתראיין ולתת את תגובתו אך ביטל את הריאיון מאחר שטען כי הוא אינו מכיר את הפרטים. 

הרב איתן אייזמן, יו”ר חבר המנהלים של מכללת אורות ישראל אמר ל’כאן מורשת’: “אנחנו במדינת חוק. נגשו שתי תלמידות ערביות, אחת עמדה לפי הכללים והתקבלה. אני בעד חוקי המדינה והדעה הפרטית שלי לא רלוונטית. תלמידיו של הרב יגאל לוינשטיין לומדים באוניברסיטת אריאל לצד מיעוטים רבים”.",0,"11/13/2024 23:04",https://www.instagram.com/p/DCV73veoxGF/,"IG image",,Lifetime,39784,29646,406,66,4,156,0
18362926471114540,17841407868310918,kan_news,"כאן חדשות","הותר לפרסום שמו של הלוחם השישי שנפל בהיתקלות הבוקר בדרום לבנון: סמל יואב דניאל, בן 19 מנהריה, לוחם בגדוד 51 של גולני

בהיתקלות נפלו גם סרן איתי מרקוביץ, סמ""ר שריה אלבוים, סמ""ר דרור חן וסמל שלו יצחק סגרון. כולם לוחמי גדוד 51 של גולני. הלוחמים נכנסו לסרוק מבנה ואז נתקלו ב-4 מחבלים, שפתחו לעברם באש. חלק מהמחבלים חוסלו. שני לוחמים נוספים נפצעו בינוני.

יהי זכרו ברוך🥀",0,"11/13/2024 13:49",https://www.instagram.com/p/DCU8VF4qffc/,"IG image",,Lifetime,44131,34935,1623,30,2,178,8
17909258343046196,17841407868310918,kan_news,"כאן חדשות","הייתם עוברים לגור בעוטף אחרי המלחמה?",40,"11/13/2024 11:54",https://www.instagram.com/reel/DCUu7WxoxgR/,"IG reel",,Lifetime,124118,72883,4342,176,25,326,135
17949498161761581,17841407868310918,kan_news,"כאן חדשות","שישה לוחמי גולני מגדוד 51 נפלו בקרב בדרום לבנון - הותרו לפרסום שמותיהם של חמישה מהם:
מפקד המחלקה, סרן איתי מרקוביץ, בן 22 מכוכב יאיר
מפקד הכיתה, סמ""ר שריה אלבוים, בן 21 ממחולה 
סמל המחלקה, סמ""ר דרור חן, בן 20 מגן חיים 
סמ""ר ניר גופר, בן 20, מדימונה
סמל שלו יצחק סגרון , בן 21 משדרות

הלוחמים נכנסו לסרוק מבנה ואז נתקלו ב-4 מחבלים, שפתחו לעברם באש. חלק מהמחבלים חוסלו. שני לוחמים נוספים נפצעו בינוני.

יהי זכרם ברוך🥀

@itayblumental",0,"11/13/2024 10:31",https://www.instagram.com/p/DCUlrDBxD6t/,"IG image",,Lifetime,340143,248519,5074,574,7,356,57
18360155644139473,17841470312538363,kan_middleast,"כאן - המזרח התיכון","ערוץ אל-ג׳דיד הלבנוני ערך סיור בדאחייה לאחר שלושה ימים רצופים של תקיפות ישראליות אינטנסיביות שכוונו לנכסים רבים של חיזבאללה: הרס רב ותושבים מבולבלים",27,"11/13/2024 09:29",https://www.instagram.com/reel/DCUeUN6NTCK/,"IG reel",,Lifetime,52474,30101,536,2,29,24,0
18021690350541789,17841407868310918,kan_news,"כאן חדשות","מה הוא אמר עכשיו?👇
כששר הביטחון הגדיר מטרת מלחמה חדשה – והפתיע את הרמטכ""ל
@roysharon11 @itayblumental",16,"11/13/2024 08:51",https://www.instagram.com/reel/DCUaOz-Nbft/,"IG reel",,Lifetime,185084,78936,3037,1295,3,473,273
18302806741200630,17841407868310918,kan_news,"כאן חדשות","מביאים את מטוסי הקרב לאיראן ולתימן: @itayblumental בטייסת שמאפשרת את התקיפות הרחוקות מעבר לגבול - הערב במהדורה בכאן 11",25,"11/13/2024 07:19",https://www.instagram.com/reel/DCUPs_nNrH4/,"IG reel",,Lifetime,30861,19570,437,16,0,17,21
18346671178132892,17841407868310918,kan_news,"כאן חדשות","האזינו | ההקלטה של רבין שנה אחרי מלחמת יום הכיפורים: ""לא רואה אפשרות להגיע לפתרון על ידי אמצעים צבאיים"" |",0,"11/13/2024 06:01",https://www.instagram.com/p/DCUGw-boR3w/,"IG carousel",,Lifetime,66641,39712,2185,80,1,265,95
17894445882097238,17841407868310918,kan_news,"כאן חדשות","איראן דונט שוט👇

מקורות איראנים לערוץ סקיי ניוז בערבית: טהראן דוחה את התקיפה נגד ישראל בעקבות בחירת הנשיא טראמפ. לדבריהם, מטרת הדחייה היא לפתוח איתו במשא ומתן, לאחר מסר האזהרה שהגיע לאיראן באמצעות בגדאד

צילום: AP",0,"11/13/2024 05:32",https://www.instagram.com/p/DCUDZv8utn1/,"IG image",,Lifetime,52445,43471,1875,89,1,61,21
18136693777369169,17841407868310918,kan_news,"כאן חדשות","זה קצת מסובך, אז תהיו איתנו רגע 👇

שר העבודה יואב בן צור (ש""ס) הפסיק את סבסוד מעונות היום לאמהות יחידניות, שעכשיו נדרשות לשלם 12 אלף שקל לילד במקום 3,000. למה הוא עשה את זה? בן-צור מסרב לאפשר סבסוד לכלל ההורים, כל עוד היועצת המשפטית לממשלה מונעת ממנו (בהתאם לפסיקת בג""ץ) להעביר סבסוד עבור ילדים של חרדים שמשתמטים מגיוס. ""אנחנו בנות ערובה"", אמרה לנו מירי פרנק
@lielkyzer #משחקי_הכיס",82,"11/13/2024 05:16",https://www.instagram.com/reel/DCUAmW5IHzq/,"IG reel",,Lifetime,101302,60728,2942,269,2,244,137
18087379630513955,17841407868310918,kan_news,"כאן חדשות","משפחתו של סשה טרופנוב צפתה בסרטון שהופץ הבוקר על ידי הג׳יהאד האסלאמי ואישרה לשדרו. 

לנה טרופנוב, אמו של סשה, מסרה: ""אני שמחה לראות את הבן שלי בחיים, אבל מאוד מודאגת לשמוע את מה שהוא מספר. אני מבקשת לעשות את כל המאמצים לשחרר אותו ואת כל שאר החטופים במידי. אין להם זמן"".",0,"11/13/2024 01:29",https://www.instagram.com/p/DCTnl8VMeUG/,"IG image",,Lifetime,56083,41701,1878,47,0,61,33
17907078203962309,17841407868310918,kan_news,"כאן חדשות","שיחה שלא שומעים כמוה כל יום

שר האוצר בצלאל סמוטריץ' ביקר אתמול בקיבוץ ניר עוז שבעוטף עזה ושמע מהתושבים על הקשיים בשיקום הקיבוץ מטבח השבעה באוקטובר. בסיור נכח גם הרב ראובן נתנאל, ראש ישיבת שומריה, לשעבר הרב של היישוב עצמונה בגוש קטיף. הרב הודה לסמוטריץ' על הביקור - וטען בפני שר האוצר שלהפקרת החטופים בשבי תהיה מחיר כבד מאוד לחברה הישראלית. 
@roy_sharon1 | @yonatanraveh",128,"11/13/2024 00:45",https://www.instagram.com/reel/DCTikhFIobA/,"IG reel",,Lifetime,358758,209623,9937,1380,14,296,353
18173823994308332,17841407868310918,kan_news,"כאן חדשות","הלו, סדרי עדיפויות, מישהו? @lielkyzer מגלה מה חברי הכנסת שלנו עושים בשתיים בלילה",76,"11/12/2024 12:00",https://www.instagram.com/reel/DCSLBBlI71R/,"IG reel",,Lifetime,33214,21649,730,49,1,71,21
18062908993785003,17841407868310918,kan_news,"כאן חדשות","הותר לפרסום: זיו בלפר, בן 52, ושמעון נג'ם, בן 54, נהרגו בפגיעת הרקטה בנהריה. 
יהי זכרם ברוך 🕯",0,"11/12/2024 11:39",https://www.instagram.com/p/DCSIpc8oAYn/,"IG image",,Lifetime,54552,40681,2269,32,1,146,12
18110510725427120,17841407868310918,kan_news,"כאן חדשות","המסר של ראש הממשלה למפלגות החרדיות - שר הביטחון החדש ישראל כ""ץ יעצור את צווי הגיוס שנשלחו ל-7,000 צעירים חרדים על ידי השר הקודם, יואב גלנט.

נתניהו העביר את המסר סמוך להדחתו של גלנט ולכניסתו של כ""ץ למשרד הביטחון. לשכת נתניהו מסרה כי ""לא הועבר מסר, וההחלטה נמצאת בידיים של השר כ""ץ"".

את הוצאת הצווים גלנט אישר בשבוע שעבר, כיממה לפני שהודח מתפקידו על ידי נתניהו, ולאחר שקיבל את המלצת צה""ל. לפי הודעתו, הגדלת כמות הצווים נועדה לעמוד ביעדי הגיוס שנקבעו. שר הביטחון לשעבר סיכם בדיון כי ""המלחמה והאתגרים הניצבים לפנינו ממחישים את הצורך של צה""ל בחיילים נוספים, מדובר בצורך מבצעי ממשי שמחייב התגייסות לאומית רחבה מכלל חלקי החברה""

@shemeshmicha 
📷: יונתן זינדל, פלאש90",0,"11/12/2024 11:09",https://www.instagram.com/p/DCSFQu_t7jR/,"IG image",,Lifetime,65033,52532,1115,280,0,321,36
17925949583972224,17841407868310918,kan_news,"כאן חדשות","משרתי מילואים עצמאים ובעלי עסקים - שימו לב 👇

בעקבות החשיפה של ד”ר גילי תמיר בכאן רשת ב, שר האוצר בצלאל סמוטריץ’ וביטוח לאומי הגיעו להסכמה - ותקודם חקיקת בזק לביטול מלא של החובות של המילואימניקים העצמאים לביטוח לאומי. עד שהחוק יעבור ובזמן שהוא יקודם, תהיה אפשרות משפטית להקפיא את החובות הקיימים. 

הביטוח הלאומי ייצור קשר עם אנשי המילואים העצמאים שכבר שילמו את החובות ויציעו להם החזר זמני של הסכום ששולם עד להעברת החוק. עם העברת החוק המדובר, החובות יימחקו רטרואקטיבית.

אם החוק לא יעבור - החוב של אנשי המילואים העצמאים לא יבוטל, והם יידרשו לשלם לביטוח לאומי 

@kan_reshetb @drgilitamir 
צילום: Ayal Margolin/Flash90",0,"11/12/2024 10:15",https://www.instagram.com/p/DCR_FuyIEhS/,"IG image",,Lifetime,44413,35393,1448,40,0,19,24
18051458803807264,17841407868310918,kan_news,"כאן חדשות","""מי יקרא לי עכשיו 'מאמו'?"": אמו של נווה יאיר אסולין ז""ל, שנפל אתמול בעזה, נפרדת מבנה 💔",19,"11/12/2024 10:00",https://www.instagram.com/reel/DCR9V1eB6CO/,"IG reel",,Lifetime,137104,87735,7746,301,31,626,145
17863252827204987,17841407868310918,kan_news,"כאן חדשות","צה”ל הכריז כי השמיד את מרבית אתרי ייצור הטילים והאמל”ח של חיזבאללה מתחת לדאחייה בביירות. בין האתרים המרכזיים שהותקפו - אתר לייצור טילים מדויקים ששכן מתחת לקומפלקס מגורים בלב הבירה הלבנונית.

מפעל הטילים והאמל”ח המרכזי שהותקף נחשף כבר בשנת 2020 באו”ם, יחד עם אתרים נוספים שאותם הפעיל חיזבאללה ברחבי הדאחייה. הוא הוקם מתחת לקומפלקס של חמישה בנייני מגורים בביירות המכיל כ-50 משפחות, וממוקם במרחק של כ-85 מטרים ממוסדות חינוכיים ואתרים אזרחיים.

תקיפת אתרי הייצור ברחבי הדאחייה היא חלק ממבצע “חיצי הצפון” בו פתח צה”ל לפני כחודשיים. “לאורך שנים, נבנתה באגף המודיעין תמונת מצב נרחבת על מיקומן של תשתיות הטרור בדאחייה, ובשבועות האחרונים מטוסי קרב של חיל האוויר יצאו לרצף תקיפות לפירוקן, שבמהלכן זוהו פיצוצי משנה המוכיחים הימצאות של אמצעי לחימה בתשתיות שהותקפו”.

בצה”ל קישרו בין הפעילות של חיזבאללה בביירות לפיצוץ הגדול בנמל שאירע ב-4 באוגוסט 2020, בו נהרגו יותר מ-200 אנשים ונפצעו אלפים. “הפיצוץ התרחש בעקבות אחזקה של 2,750 טון אמוניום חנקתי המשמש כרכיב בהליך ייצור אמצעי לחימה של חיזבאללה. האמוניום אוחסן במכוון בנמל והביא לפיצוץ האדיר”

@rubih @itayblumental 
📷: AP/Hussein Malla",0,"11/12/2024 09:17",https://www.instagram.com/p/DCR4dYWoUVa/,"IG carousel",,Lifetime,70354,38990,2181,45,0,59,49
17910852438040116,17841407868310918,kan_news,"כאן חדשות","אור כץ ז""ל, שנפל אתמול בקרב בעזה, הבטיח לאחותו התאומה שקד שהם יעשנו ביחד סיגריה כשהוא יחזור 💔 היום הוא הובא למנוחות
Maya Rachlin",15,"11/12/2024 09:01",https://www.instagram.com/reel/DCR2e_SiIF-/,"IG reel",,Lifetime,71722,40971,3700,87,2,383,83
18152251861334128,17841407868310918,kan_news,"כאן חדשות","חוק חדש יאפשר להפעיל מצלמות אונליין בגני ילדים - ובכך הורים לפעוטות עד גיל שלוש יוכלו לקבל גישה לנעשה בכל רגע נתון דרך הטלפון הנייד שלהם 👇

על פי הצעת החוק שאושרה, התקנת המצלמות לא תהיה מחייבת, אלא נתונה להנהלת הגנים, כאשר המטרה היא לייצר תחרות ולעודד ביקוש לגנים שיציעו את האפשרות. מנגנוני התקנת המצלמות ואפשרויות הצפייה עוגנו בחוק עם נהלי אבטחת מידע מחמירים בתיאום עם מערך הסייבר הלאומי והרשות להגנת הפרטיות.

עד היום המצלמות בגנים היו במעגל סגור, והאפשרות לצפות בחומרים הייתה נתונה למשטרה או לפיקוח משרד החינוך, בהגשת תלונה בלבד. החוק החדש למעשה מאפשר לראשונה התקנת מצלמות אונליין בגנים לילדים עד גיל שלוש. הגישה למצלמות תינתן להורים או לאפוטרופסים החוקיים בלבד, ותתאפשר באמצעות מכשיר הטלפון הנייד של ההורה.

נוסף על כך, הוחלט כי הגנים יאפשרו לנציגות הורים להגיע אחת לשבוע ולצפות בהקלטות המצלמות בדיעבד. כמו כן, הגנים יפתחו פעם בחודש את המצלמות לצפייה מרחוק של הורי הגן למשך 48 שעות, בהן יוכלו לצפות בצילומים אחורה.

לא כולם הסכימו כי החוק החדש ישפר את המצב. יו""ר נעמת טענה כי מדובר ב""חוק פופוליסטי שיהפוך את הפעוטות למשתתפים ב'אח הגדול - גרסת התינוקות'"" בעל כורחם, ויפר לחלוטין את הפרטיות של הפעוטות כך שכל הורה יוכל להשקיף על כל הפעוטות כל הזמן. זאת להפיכת כל הצוותים ל""חשודים בפוטנציה"", בענף שגם כך בקריסה בשל מחסור בכוח אדם"". גם נציגי הגנים הפרטיים התנגדו, וטענו כי: ""מתייחסים אלינו כאל עבריינים. נקרא לכולם לא לקבל אף אחת מהאפשרויות לאות מחאה"".

מה דעתכם – האם החוק החדש אכן יסייע למנוע אירועים של התעללות בגנים?

@shapirayaara  @liran_kogahinoff 
📷: מיכאל גלעדי, פלאש90",0,"11/12/2024 07:36",https://www.instagram.com/p/DCRs0dRxQuV/,"IG image",,Lifetime,50377,38925,1562,227,1,51,31
18032365742103354,17841407868310918,kan_news,"כאן חדשות","אבא של גרי ללהרואיקימה זולת ז""ל שנפל אתמול בקרב בעזה, מצדיע לו בדרכו האחרונה 💔",18,"11/12/2024 07:24",https://www.instagram.com/reel/DCRrY3ntosb/,"IG reel",,Lifetime,289536,159823,12142,1241,51,1080,347
18016310711352414,17841407868310918,kan_news,"כאן חדשות","***אזעקה מוקלטת***
מטח לצפון ולמרכז הארץ: כ-10 שיגורים חצו מלבנון - מותם של שני גברים כבני 40 נקבע בעקבות פגיעה ישירה במחסן בנהריה, שניים נוספים כבני 30 נפצעו קל מרסיסים

@ChenBeyar @rubih אורלי אלקלעי 
📷: מוטי גנון",10,"11/12/2024 07:06",https://www.instagram.com/reel/DCRpUX2IEk_/,"IG reel",,Lifetime,62266,35130,798,137,0,51,31
18035509613069134,17841407868310918,kan_news,"כאן חדשות","לימודי רפואה בכ-100 אלף ש”ח לשנה 👇

בעקבות המחסור ברופאים, המועצה להשכלה גבוהה אישרה פתיחת תוכנית ללימודי רפואה ארבע שנתיים באוניברסיטת רייכמן. כבר בשנת 2025 ייפתחו שני מחזורי לימוד בבית הספר הפרטי לרפואה הראשון בישראל. 

המחיר לשנת לימודים אחת בתוכנית יעמוד על 98 אלף שקלים - בסך הכול כ-400 אלף שקל עבור ארבע שנות הלימוד.

מה דעתכם? זה יהיה הסוף למחסור ברופאים? 🤔👇

@lirankog
צילום: Moshe Shai/FLASH90",0,"11/12/2024 06:31",https://www.instagram.com/p/DCRlcQyI7z3/,"IG image",,Lifetime,91112,68258,2477,970,4,166,93
17969985812803579,17841407868310918,kan_news,"כאן חדשות","פיגוע או תאונה? 👇 
לפחות 35 בני אדם נהרגו ו-43 נפצעו באירוע דריסה המוני שהתרחש בעיר ז'והאי בדרום-מזרח סין, כשעל פי הודעת המשטרה - הנהג ""לא היה מרוצה מהסכם הגירושין שלו"", ופגע בקבוצת אנשים שעמדה מחוץ למרכז ספורט בעיר. ישנן עדיין גרסאות נוספות למניעים, כאשר הרשויות עדיין לא הכריעו באופן סופי אם מדובר בתאונת דרכים או בפיגוע, ולא מסרו פרטים על זהות ההרוגים.

האירוע התרחש ערב פתיחת תערוכה אווירית גדולה בעיר הנערכת בחסות צבא סין, ושם סין ובעלות בריתה מציגות חידושים צבאיים ואזרחיים בתחום התעופה. על פי הדיווח מסין, לעיר אמורה להגיע משלחת רוסית גדולה על מנת להשתתף בתערוכה והן אורחים ממדינות נוספות. כעת כלי תקשורת באסיה מדווחים כי שלטונות סין מנסים למנוע כל פרסום של מידע הנוגע לאירוע - והפעילו צנזורה קשה כלפי עיתונאים שניסו להשיג מידע על המתרחש.

מיד לאחר האירוע פורסמו ברשת X תיעודים קשים של נפגעים כשהם מקבלים טיפול בזירה. הועלו גם תיעודים של פצועים על מסלול הריצה במרכז הספורט כשאחת הפצועות אומרת ""הרגל שלי שבורה"". תיעודים אלו נעלמו בתוך שעות מהרשת בהוראת שלטונות סין. ממשטרת סין נמסר כי חקירת האירוע נמשכת. נשיא סין שי ג'ינפינג פרסם הודעה בה נאמר כי הרשויות כולן מגויסות על מנת לסייע לנפגעים

@alexnirenburg",0,"11/12/2024 05:15",https://www.instagram.com/p/DCRcwndRnh3/,"IG image",,Lifetime,110308,84296,2443,388,1,39,96
18473831530006786,17841407868310918,kan_news,"כאן חדשות","היועצת המשפטית לממשלה גלי בהרב מיארה והפרקליטות הגישו היום את התנגדותם הנחרצת לבקשת ההגנה לדחות את משפט ראש הממשלה בנימין נתניהו. בתגובתה לבית המשפט, דחתה המאשימה את הבקשה לדחייה של 10 שבועות נוספים מעבר למועד שנקבע - 2 בדצמבר 2024.

""האינטרס הציבורי מחייב התקדמות בהליך המשפטי ללא עיכובים נוספים"", נכתב בתגובת הפרקליטות. ""לאחר בחינה מעמיקה של הבקשה, ובהתחשב בדחיות הקודמות, המאשימה מתנגדת לכל דחייה נוספת של פרשת ההגנה."" במקביל, גורמים בפרקליטות מסרו כי נבחנת גם האפשרות לעדכן את הסדר ניגוד העניינים של ראש הממשלה. זאת, על רקע ההתפתחויות האחרונות בתיק והצורך בהתקדמות ההליך המשפטי.

צוות ההגנה של נתניהו ביקש את הדחייה בטענה כי נדרש זמן נוסף להיערכות לעדותו של ראש הממשלה, אולם היועמ""שית טענה כי היה די זמן להתכונן וכי כל דחייה נוספת תפגע בהליך המשפטי ובאינטרס הציבורי.

יצוין כי זו אינה הפעם הראשונה שמתבקשת דחייה במשפט. בית המשפט צפוי להכריע בבקשה בימים הקרובים. כתב האישום נגד נתניהו, שהוגש לפני כחמש שנים, כולל שלושה תיקים שונים, והמשפט נמצא כעת בשלב המכריע של הצגת ראיות ההגנה. הפרקליטות מדגישה כי הגיע הזמן להתקדם לשלב הבא - שמיעת עדויות ההגנה, שאמורות להתחיל בתחילת דצמבר הקרוב

@almogtamar 
צילום: פלאש90",0,"11/12/2024 03:36",https://www.instagram.com/p/DCRRaVAumGo/,"IG image",,Lifetime,44852,32757,1201,23,0,251,24
18046739111498366,17841407868310918,kan_news,"כאן חדשות","התושייה של שרה הגננת הצילה את הילדים מפגיעת הכטב""ם בנשר: ""שמענו אזעקה עמומה והחלטתי לא לקחת סיכון""
@chen_beyar",50,"11/12/2024 02:31",https://www.instagram.com/reel/DCRJ2_MMYY3/,"IG reel",,Lifetime,76536,45392,3797,335,7,168,71
17991287390720526,17841470312538363,kan_middleast,"כאן - המזרח התיכון","עד כה חיל האוויר הישראלי ביצע 7 תקיפות בדאחיה בביירות במהלך השעה וחצי האחרונות, זאת לאחר הודעת הפינוי של דו״צ בשפה הערבית לתושבי הדאחייה.",15,"11/12/2024 02:08",https://www.instagram.com/reel/DCRG72LtlAp/,"IG reel",,Lifetime,88667,47722,1616,165,57,232,0
17887251501133831,17841464234747957,kan_reshetb,"כאן רשת ב","קשיי משפחות המילואימניקים | יעל אור-לי, אשת מילואימניק ואימא לשתי בנות קטנות: ""הן היו שולחות לאבא הודעה: אל תמות, אנחנו מחכות לך בבית' ""

#קלמןליברמן",47,"11/12/2024 00:49",https://www.instagram.com/reel/DCQ9-AMMend/,"IG reel",,Lifetime,28016,18778,429,17,3,19,0
18026804969198776,17841407868310918,kan_news,"כאן חדשות","👇כטב""ם בחצר הגן - ללא אזעקה: 
החלונות התנפצו בזמן שהילדים היו בפעילות בפנים והגננות מיהרו לקחת את הילדים למרחב מוגן. לא הופעלה התרעה וצה""ל הודיע כי ""הפרטים בבדיקה""

@chen_beyar אורלי אלקלעי",11,"11/12/2024 00:16",https://www.instagram.com/reel/DCQ6dXiC8ma/,"IG reel",,Lifetime,37349,23032,622,107,2,38,24
17886832338110607,17841464234747957,kan_reshetb,"כאן רשת ב","‏""החיים ממשיכים, ורק אח שלי יישאר בן 21"" - אפרת זולת, אחותו של סמ""ר גרי ללהרואיקימה זולת ז""ל שנפל בקרב ברצועת עזה, סיפרה בכאב על אחיה

#קלמןליברמן",25,"11/11/2024 23:22",https://www.instagram.com/reel/DCQzPjasJXZ/,"IG reel",,Lifetime,77350,44771,2563,338,2,210,0
17947143614906664,17841407868310918,kan_news,"כאן חדשות","הותרו לפרסום שמותיהם של ארבעה לוחמי גדוד שמשון בחטיבת כפיר, שנפלו בקרב בצפון רצועת עזה: סמ""ר אור כץ, בן 20 ממעלה אדומים, סמ""ר נווה יאיר אסולין, בן 21 מכרמית, סמ""ר גרי ללהרואיקימה זולת, בן 21 מעפולה וסמ""ר אופיר אליהו, בן 20 מחולון. יהי זכרם ברוך",0,"11/11/2024 20:51",https://www.instagram.com/p/DCQjD1kKf2a/,"IG carousel",,Lifetime,214805,117000,4618,489,3,360,47
18343195447126143,17841407868310918,kan_news,"כאן חדשות","אחרי שראש ממשלת הולנד אמר שיש לשלול דרכונים מאנטישמים: פורעים באמסטרדם ירו זיקוקים ברכבת והציתו אותה. לפי סרטון שפורסם ברשתות החברתיות, דגל פלסטין הוצב בסמוך לאחד ממוקדי החיכוך

(דוב גיל הר)",24,"11/11/2024 12:50",https://www.instagram.com/reel/DCPr-DBP1KG/,"IG reel",,Lifetime,120573,62157,2508,429,1,269,160
17897558241092034,17841407868310918,kan_news,"כאן חדשות","“ממטרים פזורים” נשמע לכם מיושן? נסו את “סקיבידי קר”
#חדשה_מרעישה @shakedhadad",70,"11/11/2024 11:39",https://www.instagram.com/reel/DCPjxJSoBlH/,"IG reel",,Lifetime,95290,73779,1776,433,8,131,114
18051729994796559,17841407868310918,kan_news,"כאן חדשות","אוריה, אם חד הורית לשתי בנות, חיה בצפת בלי ממ""ד ובלי מקלט נגיש - אך מתנגדת להסדרה עם לבנון
@maya_rachlin",47,"11/11/2024 10:59",https://www.instagram.com/reel/DCPfQTpBSQX/,"IG reel",,Lifetime,39269,24527,479,17,0,35,13
18012381044424437,17841407868310918,kan_news,"כאן חדשות","צה""ל סיכל ניסיון העברת אמל""ח במשאיות סיוע של ארגון שפועל תחת האו”ם. הכוחות הבחינו בתנועה לא שגרתית במעבר בציר ההומניטרי שבין צפון לדרום הרצועה ועצרו את השיירה לבידוק ביטחוני. בבדיקה מצאו הלוחמים שק שמכיל תחמושת לנשק חם. כוחות צה""ל עצרו את המעורבים ואת אנשי השיירה והעבירו אותם לחקירה על ידי יחידה 504. זאת לצד תחקור מול ארגון הסיוע הבין לאומי - שפועל תחת האו״ם. 

צפון הרצועה הוא אזור לחימה נצור. ניסיון העברת אמצעי לחימה אל דרום הרצועה באמצעות משאיות של ארגון סיוע בין לאומי הוא אירוע חריג שמעלה שאלות לגבי מעורבות הארגון בהעברת האמצעים האלה.

איתור הנשק במשאיות הסיוע מגיע ברקע הצעדים של ישראל לשיפור המצב ההומניטרי בעזה. בישראל חוששים מכך שהאו""ם יכריז על מצב של הרעבה באזורי צפון הרצועה - צעד שעשוי לגרור סנקציות ואמברגו נשק על ישראל. היועץ לביטחון לאומי ג'ייק סאליבן אמר כי בארצות הברית בדקו השבוע מה נעשה באשר לשיפור המצב ההומניטרי בצפון רצועת עזה. על בסיס זה האמריקנים צפויים לקבל החלטות בנדון, כאשר הדד ליין שהם הציבו הוא 13 בנובמבר.

@itayblumental 
צילום: דובר צה""ל",0,"11/11/2024 09:19",https://www.instagram.com/p/DCPT3F2x9s-/,"IG image",,Lifetime,50256,36877,1296,40,0,41,26
17849697819338372,17841407868310918,kan_news,"כאן חדשות","רס""ן (במיל') איתמר לוין פרידמן, בן 34 מאילת, מפקד צוות ביחידת לוט""ר אילת, עוצבת 'אדום', נפל בקרב בצפון רצועת עזה
יהי זכרו ברוך🥀

@itayblumental",0,"11/11/2024 07:59",https://www.instagram.com/p/DCPKpu7xhSu/,"IG image",,Lifetime,101702,72007,2923,276,1,190,20
18076547224584144,17841407868310918,kan_news,"כאן חדשות","עונש כבר במיוחד של ועדת האתיקה לחבר הכנסת עופר כסיף: הוא יורחק מהכנסת לחצי שנה בעקבות התבטאויותיו, בין היתר האשמת צה""ל בפשעי מלחמה, ושכרו ישלל לשבועיים.

יו""ר סיעת ישראל ביתנו ח""כ עודד פורר, שהוביל את הליך הדחת כסיף, הגיב להחלטה: ""מעט מדי ומאוחר מדי. כסיף היה צריך לראות את הכנסת מבחוץ ממזמן, אבל בגלל שישנם חברי כנסת יפי נפש שסירבו לתמוך בהדחתו, הוא ממשיך להשמיץ את מדינת ישראל בכל פלטפורמה אפשרית. עופר כסיף הוא בוגד, שכל הוויתו היא להוציא את דיבתה של מדינת ישראל ולתמוך בטרוריסטים. האמירה צריכה להיות ברורה - חבר כנסת שמשמיץ את צה""ל ומדינת ישראל, אין ולא יהיה לו מקום בכנסת. לא תפקיד, לא כיסא ובטח שלא שכר""

@shapirayaara @dikla_aharon 
📷: יונתן זינדל, פלאש90",0,"11/11/2024 06:44",https://www.instagram.com/p/DCPCH4yMUI3/,"IG image",,Lifetime,44582,33345,1131,26,0,125,9
18081840268538517,17841407868310918,kan_news,"כאן חדשות","עשרות רקטות נורו לחיפה ולקריות, קריית אתא וקריית ביאליק ספגו מספר נפילות. גבר כבן 50 נפצע בינוני ונער בן 17 נפצע קל מרסיסי זכוכית. השיגורים בוצעו מקרבת הגבול, מאזור שצה״ל ראה כ״נקי״ ממחבלים

@itayblumental @rubih ואורלי אלקלעי",20,"11/11/2024 06:14",https://www.instagram.com/reel/DCO-k7nsrRY/,"IG reel",,Lifetime,51016,31804,625,43,0,46,31
18076978474570838,17841407868310918,kan_news,"כאן חדשות","תכנן התנקשות בדונלד טראמפ - וגם פגיעה בישראלים בסרי לנקה: פרטים חדשים על האזרח האיראני שהיה מעורב בניסיון הפיגוע ההמוני נגד תיירים ישראלים בארוגם-ביי 👇

כתב האישום שהוגש בשבוע שעבר נגד פרהד שאקרי, אזרח איראן שמואשם בתכנון התנקשות בדונלד טראמפ, חשף כי הוא היה מעורב גם בתוכנית לפגוע בתיירים ישראלים בחודש שעבר בסרי לנקה, ונשלח למשימה זו ע""י משמרות המהפכה. המחבלים תכננו לבצע ירי המוני באזור המתוייר של מפרץ ארוגם, יעד פופולרי בקרב מטיילים ישראלים. בחודש אוקטובר 2024 הונחה אחד מהם לעקוב אחר מיקום זה ולדווח על האפשרויות לבצע שם פיגוע.

בעקבות אזהרות של ממשלות ארצות הברית וישראל, הרשויות בסרי לנקה עצרו מספר חשודים שעבדו עם הגורמים האיראנים לטובת איסוף המודיעין וניסיון ביצוע הפיגוע. עוד צויין בכתב האישום כי במסגרת המזימה, תוכנן להתנקש בחייהם של שני יהודים אמריקנים שתוארו כ""תומכים בישראל"". שאקרי קיבל הנחיות לאתר את הקורבנות בניו יורק ואמר כי הובטחו לו 500 אלף דולרים על חיסול כל אחד מהם

@yoav.zehavi 
📷: AP",0,"11/11/2024 05:27",https://www.instagram.com/p/DCO5SQ6Rz10/,"IG image",,Lifetime,71343,53997,1983,82,0,28,41
17910703287035380,17841407868310918,kan_news,"כאן חדשות","האבא במילואים ואמא עייפה - מהפוליטיקה 
 @ifatamiel
#מילואים #נשותהמילואים",68,"11/11/2024 04:53",https://www.instagram.com/reel/DCO1ZY6vjvw/,"IG reel",,Lifetime,362760,231756,10287,1439,26,399,308
17906942309961059,17841407868310918,kan_news,"כאן חדשות","תומכת ישראל שערכה שימוע בקונגרס לראשי האוניברסיטאות בעקבות האנטישמיות בקמפוסים: מיהי אליס סטפאניק, שנבחרה לשגרירה האמריקנית הבאה באו""ם?

""לוחמת חזקה, קשוחה וחכמה להפליא"", כך תיאר אותה הנשיא לעתיד דונלד טראמפ. סטפאניק בת ה-40, שכיהנה עד כה כיו""ר הסיעה הרפובליקנית בבית-הנבחרים, התפרסמה בישראל בזכות השימוע שערכה לנשיאי האוניבסיטאות היוקרתיות MIT, הארווארד ופנסילבניה בשל ההפגנות הפרו-פלסטיניות והאירועים האנטישמיים בקמפוסים.

הלילה צייצה סטפאניק ברשת החברתית X כי ""ממשל ביידן-האריס יודע שהרשות הפלסטינית ממלאת את כיסיהם של טרוריסטים שהורגים ישראלים. עם זאת, ג'ו ביידן וקמלה האריס בוחרים להתעלם מהחוק, ולא מטילים סנקציות על הממשלה הפלסטינית. למרבה המזל, התגמול של ממשל ביידן-האריס לטרוריסטים על חשבון בעלת בריתנו הגדולה ישראל מגיע לסיומו""

@amichaistein 
📷: AP",0,"11/11/2024 04:20",https://www.instagram.com/p/DCOxmI3sjH4/,"IG image",,Lifetime,75550,57473,5255,167,1,139,70
18062131822631052,17841407868310918,kan_news,"כאן חדשות","העלאות מיסים, צימצום שירותים ציבוריים ופגיעה בהכנסות משקי הבית: באוצר מתריעים כי כל תוספת נוספת של 10 מיליארד שקלים לתקציב הביטחון תעלה לכל משק בית כ-4,000 שקלים בשנה

@lielkyzer 
צילום: יונתן זינדל, פלאש90",0,"11/11/2024 03:14",https://www.instagram.com/p/DCOqFtVxLRV/,"IG image",,Lifetime,62432,45185,1464,130,0,78,50
18207050857293607,17841407868310918,kan_news,"כאן חדשות","אחרי יממה, מתקפת הסייבר של האקרים איראנים על חברת קרדיט גארד - שהשפיעה על יכולת סליקת האשראי של עסקים רבים בישראל - הסתיימה.

מתקפת הסייבר החלה אתמול בבוקר, ומי שלקח עליה אחריות היו קבוצת תקיפה איראנית בשם ""אנונימוס למען הצדק"". זוהי אותה קבוצה שגם לקחה אחריות על המתקפה נגד שב""א (שירותי בנק אוטומטיים) לפני פחות משבועיים, כאשר לקוחות שביקשו לשלם באשראי בסופרים וחנויות מסוימות או להעביר כסף באפליקציית ביט, לא הצליחו לעשות זאת.

קרדיט גארד היא חברה המעניקה שירותים לכ-30% מהמשק במגוון תחומים: חברות מזון, וגם ביט ואל-על. המתקפה הזו, לפי החשד, היא מתקפה איראנית-מדינתית: איראן היא למעשה המדינה היחידה שרוצה ויכולה להוציא אל הפועל את המתקפה הזו.

אז מי מכם נתקע בקופה דווקא בזמן מבצעי נובמבר? 🫠

@ittaishick 
📷: נתי שוחט, פלאש90",0,"11/11/2024 00:53",https://www.instagram.com/p/DCOZ6bhtRS3/,"IG image",,Lifetime,48752,38287,1100,106,0,11,32
18025515917392875,17841407868310918,kan_news,"כאן חדשות","אחרי שקיבל בעבר דחייה של מספר חודשים - רה""מ נתניהו ביקש הלילה שוב לדחות את מתן עדותו במשפטו בעשרה שבועות בשל ""שורת אירועים יוצאי דופן, שהפכו את הכנת ראש הממשלה למתן עדותו לבלתי אפשרית"".

בין האירועים שצויינו בבקשה לדחיית העדות היו חיסולו של מוחמד דף, המלחמה בלבנון והמגעים לעסקת חטופים. עדותו אמורה הייתה להתחיל ב-2 בדצמבר, וזאת לאחר שקיבל בעבר דחייה של כמה חודשים, לבקשתו

@almogtamar 
📷: יונתן זינדל, פלאש90",0,"11/11/2024 00:23",https://www.instagram.com/p/DCOWeaHsyD8/,"IG image",,Lifetime,63804,45157,1120,58,0,219,20
18029016422430459,17841403904946515,kan_israel,"כאן | תאגיד השידור הישראלי","יש חזית נוספת במלחמה, נשות המילואים בעורף
“מילואימניק שיידע שאשתו קורסת והילדים שלו קורסים, פשוט לא יתגייס בפעם הבאה”
עודד הרוש, שעשה כבר שלושה סבבי מילואים, במסר חשוב על נשות העורף
#כאן_דעה",163,"11/10/2024 23:52",https://www.instagram.com/reel/DCOSsoHuZM0/,"IG reel",,Lifetime,130108,73948,2934,653,15,111,0
18043305212129554,17841407868310918,kan_news,"כאן חדשות","קטר פנתה לישראל ודרשה התחייבות כי לא יחוסלו בכירי חמאס על אדמתם. מקורות אישרו לכאן חדשות כי הפנייה הועברה בצירים המקיימים קשרים בין המדינות בעת האחרונה. 

בקשה נוספת הועברה אחרי ההתנקשות המיוחסת לישראל בהנייה. ייתכן ולבקשה הזו יש קשר להחלטה הקטרית להשהות את התיווך בין ישראל לחמאס ולגרש את הנהגת חמאס כפי שפורסם בכאן חדשות
@gilicohen10",0,"11/10/2024 10:47",https://www.instagram.com/p/DCM5HlfIxOz/,"IG carousel",,Lifetime,88879,51728,1523,52,0,128,54
17862573462267814,17841407868310918,kan_news,"כאן חדשות","סשה טרופנוב יציין יום הולדת 29 בשבי חמאס - זוגתו, שורדת השבי ספיר כהן: ״אני חושבת מה לאחל לסשה ואז אני נזכרת שזה כנראה לא אותו סשה שהכרתי כי אי אפשר להישאר אותו בן אדם במקום כ״כ קשה ואפל. צר לי שאתה חי במדינה שאני לא יודעת אם אי פעם תרגיש בה שוב בטוח״
@anna.pines",85,"11/10/2024 10:36",https://www.instagram.com/reel/DCM3yOBBS4D/,"IG reel",,Lifetime,73198,50324,2842,183,2,82,69
17862818133267940,17841407868310918,kan_news,"כאן חדשות","המילואים, החוב - והתשובה של ביטוח לאומי. אברהם פרטוש, מילואימניק ואב לארבעה, חייב 9,000 שקלים “בגלל המילואים”. על הדרך הוא מספר ליפעת גליק על השירות בלבנון - בשלוש פעימות
@ifatglick",179,"11/10/2024 09:59",https://www.instagram.com/reel/DCMzevgoMI1/,"IG reel",,Lifetime,23210,15595,357,16,2,8,11
18043532209934465,17841407868310918,kan_news,"כאן חדשות","“אבא שלי הוצא להורג באיראן כנקמה על התקיפה הישראלית”: בתו של האזרח הגרמני, שנחטף ונרצח בידי משטר האייתוללות, מדברת לראשונה
Dov Gil-Har @freejamshidsharmahd",354,"11/10/2024 09:35",https://www.instagram.com/reel/DCMv9o7Ii7f/,"IG reel",,Lifetime,112102,63833,3695,279,3,91,267
18045890765020543,17841407868310918,kan_news,"כאן חדשות","במשפט הראשון נטען שהקשישה לא העידה באופן ""קוהרנטי ועקבי"" 👇

לפני כשנתיים זוכה עאדל הייב בן ה-44 מאונס אישה בת 82, אחרי שבית המשפט המחוזי בנצרת העדיף את גרסתו על פני גרסתה של הקשישה - וקבע שהמתלוננת לא העידה באופן ""קוהרנטי ועקבי"". בצעד חריג, פרקליטות המדינה ערערה על ההחלטה, והיום הצדק נעשה והייב הורשע באונס. 

המתלוננת סיפרה שהייב פנה אליה פעמים רבות, יזם שיחות עם תוכן מיני בוטה וחשף בפניה את איבר מינו. לאחר שהוא לחץ עליה להיפגש, היא הסכימה שיגיע לביתה כדי לבחון עבודת שיפוץ נקודתית - אז הוא אנס אותה בכוחניות וגרם לפציעתה. 

במשפט הראשון, שנערך לפני כשנתיים, השופטים קיבלו פה אחד את גרסתו של הייב, לפיה יחסי המין עם הקשישה היו בהסכמה. בשל כך הוא הורשע רק בהפרת צו פיקוח שהופעל נגדו לאחר שהורשע כבר בעבר כעבריין מין, והוטלו עליו 11 חודשי מאסר בלבד

@chen_beyar
צילום: שב""ס",0,"11/10/2024 06:14",https://www.instagram.com/p/DCMZ1A3qlqj/,"IG image",,Lifetime,100521,76127,2912,191,0,144,68
18256302568256393,17841407868310918,kan_news,"כאן חדשות","נמסנו 😍👇

חיילי מילואים בצנחנים תיעדו הבוקר את כלבת הים מאיה בראש הנקרה. מאיה היא כלבת ים נזירית שנצפתה בישראל כבר בשנת 2010 ושבה לחופינו במספר הזדמנויות נוספות. 

ד""ר מיה אלסר, המובילה את חקר כלבי הים בארץ ואת פרויקט דלפיס לחזרתם של כלבי הים הנזיריים הים-תיכוניים לישראל, אמרה: ""זוהי הפעם הראשונה בה מתועד שימוש של כלב ים נזירי במערות ראש הנקרה. מערות אלו עמוסות לרוב בתיירים, אך נראה כי הכרזת השטח כסגור בגלל המלחמה יצרה מרחב מוגן ושקט""

@wassermanmichal
צילום: אבינועם ברדס",0,"11/10/2024 05:07",https://www.instagram.com/p/DCMSMi_qvW_/,"IG image",,Lifetime,64475,48608,2112,301,0,18,29
18069274195563042,17841407868310918,kan_news,"כאן חדשות","נתניהו לוקח אחריות על מבצע הביפרים? 👇

ראש הממשלה סיפר בישיבת הממשלה על היוזמה שלו לצאת למבצע הביפרים בלבנון - והאשים את שרי הקבינט המצומצם בהתנגדות לכך: ""רציתי לצאת למבצע הביפרים, אמרו לי בקבינט: 'אל תעשה את זה, ארצות הברית תתנגד'. לא הקשבתי להם"" 

@michael_.shemesh @gilicohen10
צילום: Yonatan Sindel/Flash90",0,"11/10/2024 04:59",https://www.instagram.com/p/DCMRVvqqC2D/,"IG image",,Lifetime,72300,58895,2478,79,0,543,61
18068650213726608,17841407868310918,kan_news,"כאן חדשות","מזעזע: אביתר איים על נער אוטיסט - והניע אותו לבצע מעשים מיניים באחותו הקטנה 👇

אביתר סינה, חייל בן 21 מירושלים, הואשם בעבירות מין חמורות, אותן הוא ביצע באמצעות הרשתות החברתיות. 

על פי כתב האישום, בספטמבר האחרון אביתר יצר קשר עם קטין בן כ-15 על הרצף האוטיסטי באמצעות אפליקציות שונות, בעודו מתחזה לבחורה צעירה. במהלך ההתכתבות הוא איים על הצעיר והניע אותו לבצע מעשים מיניים באחותו הקטנה בת ה-13

@veredpelman
צילום: פלאש 90",0,"11/10/2024 04:30",https://www.instagram.com/p/DCMN_e1qaDX/,"IG image",,Lifetime,86825,66040,2212,604,3,149,117
18022166204531884,17841470312538363,kan_middleast,"כאן - המזרח התיכון","תיעוד נדיר מהארכיון של נסראללה אצל ח׳מינאי בטהראן. נסראללה מציג למנהיגה של איראן את בכירי חיזבאללה שחוסלו: שני רמטכ״לי הארגון לשעבר פואד שוכר ועימאד מורנייה, ואת מחליפו של מורנייה- מוסטפא בדר א-דין. ביניהם יושב קאסם סולימאני, מפקד כוח קודס לשעבר שחוסל. כלומר ח׳מינאי היחיד שנותר חי",20,"11/10/2024 02:36",https://www.instagram.com/reel/DCMAfN3N0qx/,"IG reel",,Lifetime,95978,49518,1013,216,54,1843,0
18054861637903182,17841407868310918,kan_news,"כאן חדשות","ההרשעה: יידוי אבנים וגרימת נזק ממניע גזעני 👇

ארבע שנים אחרי האירוע הטרגי בו נהרג אהוביה סנדק ז""ל במהלך מרדף משטרתי - ארבעת הנערים ששהו עמו ברכב הורשעו במסגרת הסדר טיעון ביידוי אבנים ובגרימת נזק ממניע גזעני. הפרקליטות צפויה לבקש מבית המשפט להטיל עליהם עבודות שירות. 

לפי כתב האישום, ארבעת הנאשמים נסעו ברכב עם אהוביה סמוך ליישוב כוכב השחר, כשלנהג לא היה רישיון. בשלב מסוים הם עצרו בצד הכביש, עלו על גבעה - והשליכו אבנים לכיוון רכב חולף. מיד אחר כך הם שבו לרכבם ונמלטו מהמקום.

אהוביה נהרג בזמן מרדף משטרתי לאחר שרכבו התהפך בעקבות התנגשות עם ניידת המשטרה. בינואר האחרון הוחלט לסגור את התיק נגד השוטרים שהיו מעורבים במרדף בשל חוסר אשמה

@veredpelman",0,"11/10/2024 02:35",https://www.instagram.com/p/DCMAxYDK0-d/,"IG image",,Lifetime,68669,52991,1752,31,0,72,57
18062967565695342,17841407868310918,kan_news,"כאן חדשות","תיעודים קשים מעזה: אנשי חמאס מענים אזרחים עזתים בחדרי חקירות

בתמונות שצולמו בשנים 2018 ו-2019 ופורסמו בידי דובר צה""ל, נראים אזרחים עזתים כשהם עוברים עינויים בידי אנשי חמאס בחדרי חקירות. האזרחים תועדו כשהם תלויים הפוכים מהתקרה ועם שקים על ראשיהם, בזמן שאנשי חמאס יושבים בנחת על כיסא או מכים אותם במקלות

@ramelibrandts @yoavborowitz @kan_middleast 
צילום: דובר צה""ל - מתוך הדיילי מייל",0,"11/10/2024 01:53",https://www.instagram.com/p/DCL8Ceiq6db/,"IG carousel",,Lifetime,91070,54736,2000,99,2,115,88
17971252376664173,17841464234747957,kan_reshetb,"כאן רשת ב","שרון שרעבי, אחיהם של יוסי ואלי שרעבי החטופים בעזה: “אני בטוח שנתניהו פועל להחזרת החטופים גם למען תדמיתו, הוא לא רוצה להיזכר בהיסטוריה כמי שהביא אסון גדול על מדינת ישראל”",0,"11/10/2024 01:28",https://www.instagram.com/p/DCL5MbiouGl/,"IG carousel",,Lifetime,60772,32022,1196,4,4,25,0
18001715795692328,17841407868310918,kan_news,"כאן חדשות","טירוף הקניות של חודש נובמבר מגיע השנה בהשתתפות בעלי עסקים שפונו מבתיהם או שירתו במילואים במהלך השנה. שמענו מהם על התקווה לשקם את העסק אחרי שנה בלתי אפשרית
@oferhalfono",198,"11/10/2024 01:23",https://www.instagram.com/reel/DCL4eFDS4qC/,"IG reel",,Lifetime,19080,13792,368,3,0,2,7
18033208109349025,17841407868310918,kan_news,"כאן חדשות","המילואימניקים נמצאים כבר שנה שלמה בסבבי מילואים - אבל לא מתלוננים. יצחק מתגעגע לאמא, אבא ולימי שישי בבית ❤️

@itsik_z",19,"11/10/2024 00:21",https://www.instagram.com/reel/DCLxbwitsOs/,"IG reel",,Lifetime,56858,34697,3054,41,0,118,64
18047926867849082,17841400092370025,shaul_amsterdamski,"Shaul Amsterdamski | שאול אמסטרדמסקי","עאלק שני שקלים. הנה האמת מאחורי העלאת התעריפים בתחבורה הציבורית שתיפול עלינו בינואר",178,"11/10/2024 00:20",https://www.instagram.com/reel/DCLwKyPNLNA/,"IG reel",,Lifetime,178357,107858,11039,1358,622,464,0
17951290541753253,17841407868310918,kan_news,"כאן חדשות","ניסיון חטיפה של ילד חרדי בלב ניו יורק 👇

בתיעוד מדאיג שהתפרסם ברשת, נראה אדם חרדי צועד ברחובות שכונת קראון הייטס שבברוקלין עם שני ילדיו - כשלפתע רעול פנים שחולף על פניהם מנסה למשוך מידיו את אחד הילדים. כעבור זמן קצר החשוד נעצר בידי משטרת ניו יורק

@nathanguttman 
צילום: השומרים",4,"11/09/2024 23:32",https://www.instagram.com/reel/DCLr3xeod1H/,"IG reel",,Lifetime,160245,63705,2121,578,5,94,91
17921606675989322,17841407868310918,kan_news,"כאן חדשות","""חיכו לנו בסמטה"": צוות כאן 11 אוים על ידי פרו-פלסטינים באמסטרדם - ופונה בידי שוטרים
@michalresh2023",30,"11/09/2024 12:21",https://www.instagram.com/reel/DCKe-kAqtdM/,"IG reel",,Lifetime,74850,41805,1778,57,4,85,75
18204834190293523,17841407868310918,kan_news,"כאן חדשות","פרטים חדשים מפרשת החשד לסחיטה בלשכת נתניהו: על פי התלונה שהוגשה לרמטכ”ל, תיעוד רגיש של קצין שעבד עם לשכת רה”מ הושג ממצלמות האבטחה במשרד רה”מ ואנשי הלשכה נתנו לעובדים לצפות בו. גורמים שבקיאים בפרטי התלונה אמרו לכאן חדשות כי “הפצה פנימית של התיעוד העלתה חשש לניסיון סחיטה של הקצין, שעבד עם לשכת ראש הממשלה והחזיק במידע רגיש”.

במסגרת התלונה עלתה גם השאלה כיצד הגיע התיעוד הרגיש מהמצלמות ללשכת ראש הממשלה, ומדוע נעשה בו שימוש שכזה. גורם שנחשף לפרטים אמר כי “לשכת ראש הממשלה התנהגה בצורה עבריינית, אנשי הלשכה צריכים לשלם את המחיר”.

@shemeshmicha",0,"11/09/2024 11:32",https://www.instagram.com/p/DCKZe6VoyuW/,"IG carousel",,Lifetime,83074,40334,1206,19,2,106,42
17902163147984632,17841407868310918,kan_news,"כאן חדשות","בן שירת בעוקץ כחייל בודד, כלבו ג'ק הציל את חייו🐕‍🦺
@ifatamiel",46,"11/09/2024 10:31",https://www.instagram.com/reel/DCKSZ0cNEOH/,"IG reel",,Lifetime,75999,42550,2377,260,3,73,102
18121358197397754,17841407868310918,kan_news,"כאן חדשות","מבצע החילוץ מהולנד הושלם: יותר מ-2,000 ישראלים הוחזרו לארץ באמצעות 10 טיסות חילוץ. חקירת הפרעות עדיין בעיצומה, מתוך 63 פורעים שנעצרו - רק 4 נותרו במעצר. ברויטרס דווח כי 40 מהחשודים בפרעות נקנסו על הפרעה לשלום הציבור ו-10 מהם חשודים בפשעים הכוללים ונדליזם. יש צפי לעצורים נוספים.

גורמי הביטחון השונים זיהו כבר אתמול בערב ""התלקחות"" ברשתות החברתיות בהולנד וקריאה ספונטנית של גורמים פרו-פלסטינים לקיום הפגנה אלימה. המוסד העביר התרעה לגורמי הביטחון בארץ ובהולנד, עם בקשה לתגבר מיד ובאופן משמעותי את האבטחה על הישראלים באזור האצטדיון וברחבי העיר, תוך מתן דגש על בתי מלון בהם ידוע כי שוהים אוהדים. בשלב זה, המל""ל טרם תודרך לגבי הפעילות, ולכן גם לא הופץ מסר לציבור. בישראל ציינו שהאירועים לא הוכוונו על ידי איראן או שלוחיה וכי מדובר באירוע ספונטני ביוזמת גורמים איסלמיים בהולנד.

בתוך כך, במטה לביטחון לאומי עדכון בודד העוסק באיום ממוקד כלפי אזרח ישראלי, חייל מג""ב לשעבר, שהגיע למשחק באמסטרדם והותקף על ידי פרו-פלסטינים, דרכונו נגנב ופרטיו פורסמו ברשתות החברתיות כיעד לפגיעה. בשל חשש שגורמי טרור ינצלו את זה ויפגעו באותו אזרח ישראלי, נערכה התייעצות עם גורמי הביטחון.

מעדויות שהגיעו מאמסטרדם עלה כי מוסלמים צדו יהודים סמוך לבתי מלון, בתי קזינו ומקומות מרכזיים בעיר. ישראלים דיווחו על נעדרים, צילומים של דרכוני ישראלים שנגנבו הופצו ברשתות. כ-3,000 ישראלים בסך הכול טסו למשחק. ""הם חיכו בחבורות בכל פינה, וברגע שזיהו יהודים - הם רדפו אחריהם"", סיפר ישראלי שהיה במקום. ""אחרים חיכו ליד מלונות וליד הקזינו בחבורות יותר גדולות, וגם שם תקפו אוהדים. אחר כך אחרים עברו עם מכוניות ולא הפסיקו לצפור ליד מלונות שיש בהם ישראלים"".

@gilicohen10 @suleimanmas 
צילום: יונתן שאול, פלאש 90",0,"11/09/2024 09:38",https://www.instagram.com/p/DCKMd0sRT1R/,"IG carousel",,Lifetime,86587,51384,2996,54,1,50,46
18092403361494932,17841407868310918,kan_news,"כאן חדשות","מפגין בן 64 נדרס במהלך חסימת כביש ליד מחלף ינאי ב""ליל גלנט 2"" - ועדיין מורדם ומונשם על פי משפחתו. לפי עדי ראייה, רכב מסחרי לבן פגע במפגין שירד לחסום כביש ולכאורה נמלט מהמקום אחר כך. האירוע התרחש ב-21:20 בכביש החוף סמוך למחלף ינאי. טרם נעצרו חשודים. 

ממשטרת ישראל נמסר: ""מדובר בתאונה שהתרחשה עם תחילת ההפגנה טרם הגעת ניידת, כאשר הקורבן ירד לכביש בשעת לילה, נפגע מרכב חולף ופונה לבית החולים במצב בינוני - קל. בוחן התנועה במרחב שרון שהגיע למקום ביצע מספר פעולות חקירה ועמד בקשר עם משפחת הקורבן. חקירת המקרה נמשכת תוך מיצוי כלל הכלים העומדים לרשות המשטרה"".

@Anna.pines
צילום: חיים גולדברג, פלאש 90",0,"11/09/2024 08:13",https://www.instagram.com/p/DCKCtR1R87t/,"IG image",,Lifetime,82602,60069,1976,47,0,256,40
18333408436150449,17841407868310918,kan_news,"כאן חדשות","ביום ה-400 למלחמה ולשבי של 101 חטופים: קטר הודיעה לישראל ולחמאס כי היא תפסיק לשמש כמתווכת במשא ומתן לעסקה. ההודעה של קטר כוללת גם האשמות חריפות נגד ישראל ונגד ארגון הטרור חמאס. ״ההחלטה בקטר התקבלה אחרי ששני הצדדים סרבו להשתתף במשא ומתן״, הסביר גורם דיפלומטי המעורה בשיחות, ״אין נכונות משני הצדדים למאמצי התיווך, שהפכו להיות יותר פוליטיקה ופעילות בחירות מאשר ניסיון אמיתי להבטיח שלום״. 

בנוסף, הגורם הדיפלומטי אישר את חשיפת כאן חדשות כי קטר מגרשת את הנהגת חמאס משיטחה. ""המשרד המדיני של חמאס אינו משרת עוד את מטרתו״, הסביר הגורם. לדברי גורם אמריקני, הודעת קטר מגיעה בעקבות הסירוב המתמשך של חמאס לעסקה לשחרור חטופים, כולל העסקה החלקית שנידונה לאחר חיסול סינוואר. ""למנהיגי חמאס אין יותר מקום בבירת מדינה שהיא פרטנרית של ארצות הברית"", טען הגורם האמריקני.

גורם מדיני ישראלי מסר בעניין גירוש הנהגת חמאס מקטר: ""מברכים על המהלך ועל ההחלטה של קטר. שום מדינה לא צריכה לארח גורמי טרור - חמאס צריך להיות ארגון נרדף"". בנוסף, הגורם טען כי ""להפסקת התיווך הקטרי אין משמעות - ההחלטות הקשות צריכות להתקבל על ידי הצדדים במילא"".

@gilicohen10 
צילום: יונתן זינדל, פלאש 90",0,"11/09/2024 06:43",https://www.instagram.com/p/DCJ4XyQRtvz/,"IG image",,Lifetime,84952,58658,1958,53,0,83,47
18145836436352601,17841407868310918,kan_news,"כאן חדשות","המסע המדהים של הלוחשת לכלבים
@nataliemetoko",81,"11/09/2024 05:36",https://www.instagram.com/reel/DCJwqxsteds/,"IG reel",,Lifetime,221131,148051,7035,408,29,105,209
18045747956487727,17841407868310918,kan_news,"כאן חדשות","הולכת בדרכה: טליה מתגייסת להיות תצפיתנית – בדיוק כמו בת דודתה שי אשרם ז״ל שנפלה בנחל עוז ב-7 באוקטובר 💔
@nofarji",57,"11/09/2024 01:00",https://www.instagram.com/reel/DCJRJpIsQ0W/,"IG reel",,Lifetime,83294,49136,3292,82,1,106,109
18064600927671018,17841407868310918,kan_news,"כאן חדשות","בשעה שיש מי שחזרו לשגרה כלשהי בצל המלחמה - תושבי ניר עוז מתקשים להשתחרר מהטראומה ומאימת המחבלים. ערן, חבר כיתת הכוננות בקיבוץ, חושב ללא הפסקה על חברו דוד קוניו שנמצא כבר יותר משנה במנהרות חמאס ממש מעבר לגדר, כל כך קרוב - וכל כך רחוק
@alon__sharvit",31,"11/08/2024 13:00",https://www.instagram.com/reel/DCH-vo8pACw/,"IG reel",,Lifetime,142730,78391,5262,316,9,110,167
18101721205454362,17841407868310918,kan_news,"כאן חדשות","קטר הבהירה לחמאס - אתם לא רצויים פה 👇

קטר הבהירה לבכירי חמאס בשטחה כי הם אינם רצויים. כך חשפה גילי כהן בחדשות שישי בכאן 11. גורם המעורה בנושא אמר לכאן חדשות כי המהלך מתרחש עקב לחץ אמריקני כבד.

שלושה גורמים אמרו לכאן חדשות כי המהלך מבוצע בימים האחרונים - אחד מהם טען כי מדובר בלחץ מצד ארצות הברית. קטר הבהירה בעבר כי נוכחות הנהגת חמאס במדינה נועדה ליצור שיח מול ארגון הטרור, כמו לדוגמה בעת המשא ומתן לשחרור חטופים.
@gilicohen10",0,"11/08/2024 11:52",https://www.instagram.com/p/DCH29vRCXzK/,"IG carousel",,Lifetime,107360,60066,3056,105,3,104,117
18108914254437772,17841407868310918,kan_news,"כאן חדשות","משמרות המהפכה של איראן הורו בספטמבר לפעיל איראני לרצוח את טראמפ, כך לפי מסמכי תביעה. פעיל איראני אחר אמר כי ממנו ביקשו להתמקד במעקב אחר טראמפ ורציחתו ברגע הנכון. לפי הדיווח, משמרות המהפכה הבטיחו לחשודים כסף רב בתמורה לביצוע המשימה. 

לפי הניו יורק טיימס, מסיח אלינז'אד, עיתונאית איראנית-אמריקנית הייתה היעד השני בחיסול לאחר הנשיא הנבחר.",0,"11/08/2024 10:24",https://www.instagram.com/p/DCHs31FCDzP/,"IG image",,Lifetime,65693,50150,2895,216,2,42,65
18061950385813108,17841407868310918,kan_news,"כאן חדשות","אלון אהל בן ה-23 נחטף ממיגונית המוות, וכבר יותר משנה שאמא שלו מתלבטת איך נכון לפעול כדי להביא לשחרורו – ולא שופטת אף משפחה שפועלת אחרת ממנה
@chen_beyar",61,"11/08/2024 09:01",https://www.instagram.com/reel/DCHjURgPOAS/,"IG reel",,Lifetime,56446,37725,2610,136,1,54,66
18104779027445098,17841407868310918,kan_news,"כאן חדשות","חילופי משמרות: אחרי שפוטר בפעם השנייה בקדנציה הנוכחית - כשבפעם הראשונה לפני כשנה וחצי הפיטורים בוטלו - שר הביטחון יואב גלנט מסיים את תפקידו ומעביר את השרביט לשר החוץ היוצא ישראל כ""ץ. 

בטקס חילופי התפקידים אמר גלנט: ""מרחק של חודשים בודדים בלבד מפרידים בין מראות ה-7 באוקטובר, שימשיכו ללוות אותי, את כולנו, עד יומי האחרון, לבין ההצלחות חסרות התקדים שרשמה מערכת הביטחון ברחבי המזרח התיכון"". 

""אני מסיים את התפקיד עם כאב גדול על האובדן, ועל מה שעדיין לא הושלם - השבת החטופים, אך גם עם תחושה של הישג ומשמעות, על מה שנעשה כאן,  תחת אחריותי בשנתיים האחרונות - ביסוס מציאות אסטרטגית חדשה וטובה יותר למדינת ישראל"". 

שר הביטחון החדש כ""ץ אמר: ""באתי כדי לשאת באחריות, מתוך חרדת קודש ומתוך הבנת החשיבות. אהיה המגן של צה""ל"". שיהיה בהצלחה!

@dikla_aharon @itayblumental 
📷: Ap",0,"11/08/2024 06:28",https://www.instagram.com/p/DCHR2wWxiav/,"IG carousel",,Lifetime,75758,40276,1515,31,1,109,41
18259669060270050,17841407868310918,kan_news,"כאן חדשות","נשיא רוסיה פוטין: המלחמה מעיבה על היחסים האישיים שלי עם נתניהו 👇

ולדימיר פוטין התייחס אמש למערכת היחסים עם ראש הממשלה נתניהו וציין כי היא הושפעה לרעה בשל ההתפתחויות בזירה הבינלאומית. נשיא רוסיה נשאל בראיון שאלה בנוסח הבא: ""קודם היו לך יחסים אישיים מאוד טובים עם נתניהו. האם הם נשמרו?"". על כך הוא השיב: ""אני משתדל לא להרוס שום דבר, רק לשפר, אבל התנאים של היום הם מאוד ייחודיים - הם מטביעים חותם על הכול, כולל על היחסים בינינו""",0,"11/08/2024 05:49",https://www.instagram.com/p/DCHNZYCxyWU/,"IG image",,Lifetime,75037,53188,1466,68,1,169,53
18296941624207440,17841407868310918,kan_news,"כאן חדשות","""נכון לעכשיו לא מוכרים מנותקי קשר"" - כך דיווחו משרד החוץ ו""אחים לסמל"", ארגון האוהדים של מכבי ת”א. כמו כן דווח כי כל הישראלים הפצועים שוחררו מבתי החולים באמסטרדם - וכעת יעשו את דרכם בחזרה לארץ, בתקווה שבכך יסתכם האירוע הקשה 🙏

@veredpelman @suleimanmas @amichaistein  @gilicohen10
📷: אורן בן חקון, פלאש90",0,"11/08/2024 04:43",https://www.instagram.com/p/DCHF7DxxNiB/,"IG image",,Lifetime,44682,32636,1951,62,0,58,11
18048933853991834,17841407868310918,kan_news,"כאן חדשות",".
בצל האירועים הקשים אמש בבירת הולנד, שם נפצעו לפחות 12 ישראלים בידי פורעים, צייץ יו""ר ישראל ביתנו אביגדור ליברמן ברשת X: ""קורא ליהודי אירופה לא להתמהמה כפי שהיה ערב השואה - עזבו הכל ותעלו לישראל""

@dikla_aharon 
📷: יונתן סינדל, פלאש90",0,"11/08/2024 04:10",https://www.instagram.com/p/DCHCC3rMQy_/,"IG image",,Lifetime,81440,59824,3339,127,0,209,58
17895519549016577,17841407868310918,kan_news,"כאן חדשות","""תהיו רגועים, עם דובי אנחנו בטוחים"": דוד של דב גיל-הר במסר לאומה",22,"11/08/2024 03:41",https://www.instagram.com/reel/DCG-w7ovVf3/,"IG reel",,Lifetime,144688,83897,2716,182,4,22,94
18050843998807515,17841407868310918,kan_news,"כאן חדשות","וילם-אלכסנדר, מלך הולנד, הביע זעזוע עמוק מהלינץ' באוהדי מכבי ת״א אמש, והתנצל בפני היהודים והישראלים: ״אכזבנו את יהדות הולנד במלחמת העולם השנייה, והלילה אכזבנו אתכם שוב״.

הוא שוחח היום עם הנשיא הרצוג, שציין כי האירועים הלילה מזכירים תקופות אפלות וחשוכות כלפי היהודים ויש לגנותם ולפעול ברחובות אמסטרדם בכל הכלים על מנת לבלום את גל השנאה האנטישמי הנורא. הנשיא הדגיש כי הוא מצפה ודורש שרשויות הולנד יעשו ככל הניתן על מנת לשמור על ביטחון היהודים והישראלים השוהים במדינה, וכי יש לפעול לחילוצם של כלל הישראלים המעוניינים לשוב באופן מיידי, ביניהם גם מספר מנותקי הקשר שעדיין לא אותרו. 

המלך גינה בחריפות את המעשים, והבטיח כי ממשלתו תעשה ככל הניתן על מנת לשמור על ביטחון המבקרים ולחלצם בביטחה חזרה לישראל. מוקדם יותר הבוקר עדכן ראש ממשלת הולנד דיק סכוף את נשיא המדינה בכל הפעולות הננקטות, גינה את האירועים  בלשון תקיפה והתחייב כי ממשלתו עושה ככל הניתן על מנת לשמור על ביטחון הישראלים והבטחת השבתם ארצה בבטחה

@gilicohen10 
📷: AP/Peter Dejong",0,"11/08/2024 02:48",https://www.instagram.com/p/DCG4p-xMvS5/,"IG image",,Lifetime,81157,58390,5458,284,2,176,95
17909490411024280,17841407868310918,kan_news,"כאן חדשות","בעקבות הפוגרום הלילה באוהדי מכבי ת”א באמסטרדם בו נפצעו לפחות 12 ישראלים וכ-4 עדיין מנותקי קשר - צה”ל יצא באיסור גורף על טיסה למדינה האירופית, שהיוותה עד היום את אחד היעדים האהובים על הישראלים. בדומה לצה״ל - גם בשירות בתי הסוהר ניתנה הנחייה זהה.
מה דעתכם?

@itayblumental @moshestainmetz",0,"11/08/2024 01:47",https://www.instagram.com/p/DCGxtwxIdGP/,"IG image",,Lifetime,107675,76719,3769,141,1,143,97
17883271335158176,17841407868310918,kan_news,"כאן חדשות","""תקפו ישראלים ויהודים רק בגלל מה שהם"": ליאור, אוהד מכבי תל אביב, היה עד ללינץ' באמסטרדם

(דב גיל-הר)",18,"11/08/2024 01:11",https://www.instagram.com/reel/DCGtj_lC50v/,"IG reel",,Lifetime,113978,54143,2245,230,3,154,100
18019146995630947,17841407868310918,kan_news,"כאן חדשות","הותר לפרסום: רס""ר (מיל') גיא שבתאי, בן 39 מירושלים, רכז מסורת ורוח בגדוד 8207 בחטיבת אלון 228, נפטר מפצעיו לאחר שנפצע באורח קשה באוקטובר בקרב בדרום לבנון.

יהי זכרו ברוך 🕯",0,"11/08/2024 00:33",https://www.instagram.com/p/DCGpOU7sPy0/,"IG image",,Lifetime,42418,32205,1818,45,0,161,12
18028579106176182,17841407868310918,kan_news,"כאן חדשות","שעות ארוכות עברו מסיום המשחק והלינץ' האנטישמי באוהדי מכבי הישראלים באמסטרדם, אך חלק מהם עדיין מוגדרים נעדרים - וטרם יצרו קשר עם בני משפחותיהם. במשרד החוץ פתחו מוקד מיוחד לדיווח על מנותקי הקשר, ובאופן רשמי דיווחו עד כה על שלושה ישראלים כאלה - אך בארגון האוהדים ""אחים לסמל"" פירסמו כי המספרים גבוהים יותר - וכי מדובר על לא פחות מ-13 מנותקי קשר.

שר הבריאות הנחה להוציא גורם רפואה ישראלי שיבדוק את מצב הפצועים המאושפזים בבתי החולים באמסטרדם והאם ניתן להשיבם לארץ בהקדם. כדי לסייע לכלל האוהדים לשוב לארץ - היום יחלו לצאת מספר טיסות חילוץ ללא עלות, הראשונה מהן צפויה להמריא מאמסטרדם בשעה 16:00. 

במקביל - השב""כ פנה לשירותי הביטחון ההולנדיים והציע להביא צוות של לוחמי שב""כ במטרה לסייע אחרי שעות בהן לא הצליחו להשתלט על האירוע. השב""כ גם העלה את הדריכות והכוננות של נציגויות וסמלים ישראליים בהולנד - וכן יתגבר את האבטחה בטיסות שיוצאות ארצה",0,"11/08/2024 00:15",https://www.instagram.com/p/DCGnLc-tEqW/,"IG image",,Lifetime,76409,58766,1698,80,1,43,43
17945728019882639,17841464234747957,kan_reshetb,"כאן רשת ב","דן קופלה, אוהד מכבי שטס למשחק באמסטרדם: “זה היה מתוכנן היטב, היו להם מכוניות עם דגלי פלסטין, סכינים ורימוני הלם במרחק שריקה”",82,"11/07/2024 23:50",https://www.instagram.com/reel/DCGkPGUoBjU/,"IG reel",,Lifetime,47085,32123,1204,134,13,107,0
18460545700056050,17841464234747957,kan_reshetb,"כאן רשת ב","אופיר, אוהד מכבי שנמצא באמסטרדם: “יש המון אוהדים שיצאו מהרכבת ללא ליווי והשגחה של המשטרה, תקפו אותם ועשו בהם זוועות”",0,"11/07/2024 23:14",https://www.instagram.com/p/DCGgNOKobQC/,"IG image",,Lifetime,91946,77847,3274,232,8,95,0
18468423742045197,17841464234747957,kan_reshetb,"כאן רשת ב","יונתן אדלר, אוהד מכבי שנמצא באמסטרדם: “היה מפחיד להסתובב ברחוב אז לקחנו מונית. אני קולט שהנהג מוסלמי והפלא ופלא כשאנחנו בכניסה למלון מחכים לנו 5 ערבים בכניסה”",90,"11/07/2024 22:12",https://www.instagram.com/reel/DCGY36kofPZ/,"IG reel",,Lifetime,91554,55480,2452,296,18,162,0
17947080680859491,17841407868310918,kan_news,"כאן חדשות","מנהיג הימין בהולנד מצייץ: 

פוגרום ברחובות ⁦‪#Amsterdam‬⁩. הפכנו לעזה של אירופה. ‏מוסלמים עם דגלי פלסטין צדים יהודים. ‏אני לא אקבל את זה. לעולם לא. הרשויות יישאו באחריות על כישלונן בהגנה על אזרחי ישראל. ‏לעולם לא שוב

📷: איי-פי",0,"11/07/2024 21:26",https://www.instagram.com/p/DCGT220oXMu/,"IG image",,Lifetime,112056,87206,8976,472,3,277,161
18044063735114536,17841407868310918,kan_news,"כאן חדשות","גם לתוך הבוקר, וגם אחרי שחצי עולם כבר נחשף לזוועות - המשטרה באמסטרדם מתקשה להשתלט על הפורעים, וישראלים במקום מדווחים על חבורות של מוסלמים שאורבים להם מתחת לבתי המלון",12,"11/07/2024 21:19",https://www.instagram.com/reel/DCGTEtcumPJ/,"IG reel",,Lifetime,77700,46478,1581,97,2,163,91
18049613089976131,17841407868310918,kan_news,"כאן חדשות","כל העדכונים 👇

בלינץ' בישראלים באמסטרדם נפצעו לפחות 10 בני אדם. משרד החוץ בירושלים אומר כי מספר מנותקי הקשר עומד על שניים, אך על פי הפרסומים ברשת של ישראלים המחפשים את יקיריהם נראה כי המספר גבוה יותר. 

המטה לביטחון לאומי קורא לישראלים באמסטרדם להימנע מלנוע ברחובות ולהסתגר בחדרי המלון.

ראש הממשלה נתניהו הורה לשלוח לאמסטרדם שני מטוסי חילוץ.

אוהדים ישראלים ראשונים כבר הגיעו לשדה התעופה בסכיפהול בניסיון לעלות על טיסה לישראל.",0,"11/07/2024 21:13",https://www.instagram.com/p/DCGSUPwI9a2/,"IG image",,Lifetime,54332,43562,1326,130,2,42,23
18274366558219612,17841407868310918,kan_news,"כאן חדשות","""הם חיכו בחבורות בכל פינה, וברגע שזיהו יהודים - הם רדפו אחריהם. אחרים חיכו ליד מלונות וליד הקזינו בחבורות יותר גדולות, וגם שם תקפו אוהדים"": עדויות קשות מאמסטרדם",0,"11/07/2024 19:47",https://www.instagram.com/p/DCGIf42KvBP/,"IG image",,Lifetime,59181,47416,1828,121,2,104,35
17896837611094863,17841407868310918,kan_news,"כאן חדשות","פוגרום בישראלים באמסטרדם: אוהדי מכבי תל אביב מדווחים על חברים שלהם כמנותקי קשר ונעדרים",55,"11/07/2024 17:49",https://www.instagram.com/reel/DCF7AMoulcR/,"IG reel",,Lifetime,46004,28403,910,148,1,192,57
17940221105919515,17841407868310918,kan_news,"כאן חדשות","אביו של סיון שדה ז""ל: ""הייתה לי הרגשה שקרה לו משהו. ראיתי את האמבולנסים ואמרתי אני לא מתקרב"" 💔

@chen_beyar",86,"11/07/2024 12:01",https://www.instagram.com/reel/DCFTHl8iRtS/,"IG reel",,Lifetime,196956,138773,14534,233,16,1116,188
18021862421296994,17841407868310918,kan_news,"כאן חדשות","פנייה חריגה לרמטכ”ל: לשכת רה”מ מחזיקה תיעוד אישי על קצין צה”ל👇

בפנייה חריגה שהועברה ללשכת הרמטכ”ל נטען כי לשכת נתניהו מחזיקה לכאורה בתיעוד אישי רגיש שנוגע לקצין צה”ל - כך נחשף הערב (חמישי) לראשונה בכאן חדשות. 

הפנייה החריגה הועברה לפני כמה חודשים לרמטכ”ל הרצי הלוי, ובה עלתה טענה חמורה שלפיה לשכתו של ראש הממשלה מחזיקה לכאורה בתיעוד אישי רגיש הנוגע לקצין. מדובר שקצין שעבד עם לשכת נתניהו ועלתה טענה ולפיה נעשה לכאורה שימוש בעייתי בהחזקה של התיעוד הזה.

זה סיפור נוסף המעיד על היחסים המתוחים בין לשכת נתניהו לבין צה”ל ומערכת הביטחון. גורם שנחשף לפרטים אמר שההתנהלות של לשכת נתניהו חמורה ביותר ומעורר סימני שאלה. כזכור, בימים אלה לשכת נתניהו נמצאת תחת שתי חקירות חדשות.

בשבוע שעבר חשפנו בכאן חדשות את המתיחות בין לשכת נתניהו למערכת הביטחון כשברקע פרשת גניבת המסמכים הסודיים מצה”ל. כחלק מהפרשה הזו נמצא בימים אלה אדם שעבד כדובר בלשכת נתניהו תחת מעצר של שב”כ והמשטרה

צילום: פלאש90",0,"11/07/2024 10:37",https://www.instagram.com/p/DCFJleYIs7M/,"IG carousel",,Lifetime,95280,50359,1200,59,0,131,73
17987440409737672,17841470312538363,kan_middleast,"כאן - המזרח התיכון","לקומיקאי הלבנוני הישאם חדאד נמאס מהשקרים שחיזבאללה מספר לעצמו. ״אם יש מיליון וחצי עקורים, אם אנחנו מחכים שאדרעי יגיד לנו לאן להתפנות, אם נסראללה חוסל ו5000 פעילי חיזבאללה נפצעו מהביפרים, מתי נוכל להודות שהפסדנו?״",35,"11/07/2024 09:08",https://www.instagram.com/reel/DCE_FkXtzrY/,"IG reel",,Lifetime,34428,20974,672,54,19,17,0
18042163850143751,17841407868310918,kan_news,"כאן חדשות","עימות אלים בין מאבטחי שר החוץ הצרפתי לשוטרים בירושלים👇

תקרית דיפלומטית חמורה אירעה היום במהלך ביקור שר החוץ הצרפתי ז'אן נואל בארו באתר כנסיית אליאונה בירושלים, שכללה עימות חסר תקדים במקום בין מאבטחיו לשוטרים. 

שר החוץ הצרפתי אמר לאחר התקרית כי ""יהיו לכך השלכות"". לפי גורמים ישראלים, שני אנשי צוות צרפתים סירבו להזדהות - ועוכבו על ידי השוטרים. לאחר שהסכימו להזדהות הם שוחררו לדרכם

@gilicohen10 
צילום: radio france international",89,"11/07/2024 08:57",https://www.instagram.com/reel/DCE-FTTuvWq/,"IG reel",,Lifetime,143229,74270,2219,326,7,444,189
17875163076124677,17841407868310918,kan_news,"כאן חדשות","גלנט ביקש לקיים פגישה עם משפחות החטופים. הנוכחים בפגישה סיפרו כי ""גלנט הדגיש שאין צורך ביטחוני להישאר בציר פילדלפי. לא היה קורה שום דבר אם היינו יוצאים משם ל-42 יום כדי להחזיר הביתה חטופים. ניתן לשוב אליו גם אחרי הנסיגה. את החטופים שנאבד לא ניתן להשיב. העמדה של גלנט ומערכת הביטחון לא זכתה לגיבוי בקבינט. הוא נותר בעמדת יחיד. עוד אמר כי איבוד טריטוריה זה הפיך, אך כשאנחנו מאבדים חטופים - זה בלתי הפיך. השיקולים בהחלטה לא ללכת על העסקה לא היו שיקולים צבאיים ולא מדיניים"". 

גלנט ומערכת הביטחון היו סבורים שבשלו הסיכויים לעסקה, עוד מחודש יולי, עם הגשת הצעת חמאס. לדברי גלנט, ההצעה שהממשלה הגישה בתגובה - הוגשה בידיעה שישראל תקבל סירוב. בסוף הפגישה, גלנט חיזק את המשפחות ואמר: ""אין דבר שהייתם יכולים לעשות ולא עשיתם. זה לא בידיכם. האדם היחיד שאתם יכולים לפנות אליו הוא נתניהו. הוא מחליט לבד. כל השאר הוא מהלך משלים"". נוכחים בפגישה סיפרו כי גלנט עודד את המשפחות ליצור קשר ישיר עם ראש הממשלה ולדחוף לקיומו של ההסכם שהיה על הפרק בתחילת חודש יולי. 

@nofarji
צילום: חיים גולדברג, פלאש 90",0,"11/07/2024 08:49",https://www.instagram.com/p/DCE9L9lxHxY/,"IG image",,Lifetime,63151,45648,1674,91,0,193,42
17958806846716363,17841407868310918,kan_news,"כאן חדשות","""כיפה אדומה"" להומואים בקריות👇

שני דיווחים על מקרי אלימות קשים ביותר, שפרטיהם כמעט זהים, הגיעו לידי כאן חדשות ומציגים תמונה מדאיגה של הביטחון האישי של חברי קהילת הלהט""ב באזור חיפה והקריות. בשני המקרים, גברים הומואים שתיאמו מפגש עם אדם באפליקציית היכרויות הגיעו למקום והותקפו באלימות קשה על ידי חבורת צעירים שארבה להם.

לפי המידע שדווח לכאן חדשות, המפגשים תואמו ב""גריינדר"", אפליקציית היכרויות להקהילה הגאה. הקורבנות מתארים שיחה באפליקציה עם פרופיל שמציג את עצמו כצעיר בן 24. בשני המקרים הגיעו קורבנות התקיפה למפגש עם האדם בפארק באזור הקריות.

כשהגיעו למקום פגשו בצעיר שאימת את זהותם, ואז תקף אותם. בשלב זה הגיחה קבוצת צעירים ממקום מסתור והחלה גם היא לתקוף את הקורבנות. באחד מהמקרים דיווח הקורבן כי ראה לפחות עשרה צעירים, ובמקרה השני העיד הקורבן על חמישה לפחות. שניהם דיווחו כי הותקפו באלימות קשה שכללה אגרופים ובעיטות.

באגודה למען הלהט""ב אמרו לכאן חדשות כי ""אירועי תקיפה אלה הם עליית מדרגה חמורה ומדאיגה באלימות כלפי להט""בים. מדובר בניסיונות מאורגנים ומכוונים מראש לביצוע לינץ' אכזרי כלפי חברי הקהילה. אנו מלווים את הפונים ומסייעים להם, לאחר שעברו פגיעות קשות בגוף ובנפש. אנו קוראים וקוראות למשטרת ישראל להוכיח את מחויבותה להגנה על קהילת הלהט""ב ולשמור על ביטחוננו האישי כאזרחים שווים במדינת ישראל"". 

המקרים הללו מגיעים אחרי שבשנה וחצי האחרונות מחולקים ברחבי הארץ, ובדגש על אזור חיפה, עותקים של חוברת הסתה נגד קהילת הלהט""ב. בחוברת, שאורכה 26 עמודים, נכתב בין היתר: ""אילו החוקים נגד הומוסקסואלים היו נאכפים בעבר בגרמניה, השואה לא הייתה מתרחשת"".

לפי ""דוח הלהט""בופוביה"" של האגודה למען הלהט""ב, בשנה שעברה (2023) חלה עלייה של 127% באירועי האלימות הפיזית נגד חברי הקהילה הגאה. מבדיקת הנתונים, דווחו 118 אירועי אלימות במרחב הציבורי נגד להט""ב ב-2023 לעומת 52 אירועים שדווחו ב-2022. בסך הכל, ב-2023 נרשמה עלייה של 93% במקרי האלימות לעומת שנת 2022 (259 דיווחים ב-2023 לעומת 134 ב-2022).

@ittaishick 
צילום: פלאש90",0,"11/07/2024 08:28",https://www.instagram.com/p/DCE6043OVMb/,"IG image",,Lifetime,103756,75598,2252,784,7,202,111
17915203913919303,17841470312538363,kan_middleast,"כאן - המזרח התיכון","כבר שלושה ימים שברחבי רצועת עזה קוראים להשבית את המסחר ברחבי הרצועה ועכשיו זה הסלים גם להפגנות של ממש ברחבי הרצועה. נזכיר שמדובר בקבוצה של סוחרים שהעלו את המחירים באופן קיצוני מאז תחילת המלחמה בתיאום עם חמאס",15,"11/07/2024 07:28",https://www.instagram.com/reel/DCEzSNTtgkn/,"IG reel",,Lifetime,82477,45261,1110,26,39,141,0
18336229513196955,17841407868310918,kan_news,"כאן חדשות","באישור ישראל: איחוד האמירויות העבירה היום לראשונה סיוע לרצועת עזה דרך נמל אשדוד. האונייה נושאת 2,261 חבילות סיוע הכוללים מזון, מים, ציוד רפואי וציוד למיסות והיגיינה. חבילות הסיוע יועברו לרצועה אחרי בידוק ביטחוני דרך מעבר כרם שלום. מדובר בהרחבה של הסיוע ההומניטרי לעזה מצד איחוד האמירויות. רק אתמול האמירויות פינתה מעזה 229 פצועים וחולים, שהועברו אליה דרך שדה התעופה רמון.

לפני שבוע הממשל האמריקני נזף בבכירים ישראלים בשל חוסר שינוי משמעותי בהכנסת הסיוע ההומניטרי לתוך רצועת עזה. שר ההגנה האמריקני אוסטין ושר החוץ האמריקני בלינקן דרשו מישראל להכניס יותר סיוע, ואיימו כי אם לא יהיה שינו ייתכן והדבר ישפיע על העברת משלוחי הנשק. 

@roikais",0,"11/07/2024 07:18",https://www.instagram.com/p/DCEy2RYox4L/,"IG carousel",,Lifetime,77536,41510,939,30,0,52,21
18070231162624826,17841407868310918,kan_news,"כאן חדשות","״בעזה עסוקים בדבר אחד - לנצח״: צה״ל פועל בג׳אבליה שוב, בגבעתי מבטיחים שזה רק עניין של זמן עד שהיא תיפול

@itsik_z",62,"11/07/2024 05:13",https://www.instagram.com/reel/DCEkaiiBCvt/,"IG reel",,Lifetime,82752,50935,2577,157,4,158,78
18064944205607678,17841407868310918,kan_news,"כאן חדשות","אחות של הנווט ששם קץ לחייו מבקשת את עזרת הציבור 💔

ענבל, אחותו של הנווט במילואים אסף דגן ז״ל ששם קץ לחייו בשמחת תורה, חשפה בציוץ ברשת איקס כי אחיה עדיין לא נקבר ומבקשת את עזרת הציבור: ״אח שלי, שהקדיש את חייו לצה״ל, קיבל זימון דחוף להגיע לבור בקריה ולא הגיע לשם. אם הוא היה מתאבד כשהגיע לבסיס ולא בדרך, אולי לא היינו צריכים להיאבק כל כך קשה לתת לו את הקבורה הצבאית הראויה לו״. 

האחות צירפה לדברים קישור לאתר מימון המונים בו המשפחה מבקשת את עזרת הציבור בתרומות למאבק המשפטי בעניין. 

אמו של אסף דרשה שיובא למנוחות בקבורה צבאית - אך צה״ל מסרב. האם סיפרה כי בנה סבל מפוסט טראומה: ״הוא נכה פוסט-טראומטי שלא הוכר ומגיעה לו קבורה צבאית. אלחם על ההכרה בבני כחלל צה״ל, לא אאפשר לקבור אותו בקבורה אזרחית״

@nofarji
צילום: באדיבות המשפחה",0,"11/07/2024 04:28",https://www.instagram.com/p/DCEfVLXKNj-/,"IG image",,Lifetime,101260,77001,4118,121,1,242,62
18025600964605146,17841407868310918,kan_news,"כאן חדשות","המפגן הפרו-פלסטיני של אוהדי פריז הרגיז מאוד את השר
@lianwildau 

צילום: רויטרס",0,"11/07/2024 01:35",https://www.instagram.com/p/DCELh9rIcCY/,"IG carousel",,Lifetime,73130,41652,3516,92,0,139,61
18136543093368304,17841407868310918,kan_news,"כאן חדשות","שני תושבי שדרות בני 17 ו-19 נעצרו בחשד לאונס של נערה בת 14 באילת. לפי החשד הם אנסו את הילדה, תושבת העיר, בזמן שהיו בחופשה. בעקבות המקרה בו השניים חשודים, הנערה הייתה זקוקה לטיפול רפואי ממושך

@itsik_z
צילום: אילוסטרציה - Chaim Goldberg/Flash90",0,"11/07/2024 01:10",https://www.instagram.com/p/DCEIrjDqm1y/,"IG image",,Lifetime,51405,37506,1029,61,2,104,15
18078576415559962,17841464234747957,kan_reshetb,"כאן רשת ב","״לא קיבל גרוש״: דונלד טראמפ תבע את רינה מצליח - והפסיד 😨 
@rina_matsliah @akiva_novick #רינהועקיבא",39,"11/07/2024 01:07",https://www.instagram.com/reel/DCEIMirofT7/,"IG reel",,Lifetime,94751,58732,1087,230,7,83,0
18042037484165680,17841464234747957,kan_reshetb,"כאן רשת ב","“סיון האמין עד הרגע האחרון בלעזור לאנשים ולתת כל מה שאפשר, ביקשו ממנו לקפוץ לבדוק את המים בשדות הברוקולי וזה מה שהוא עשה. הטיל נפל קרוב אליו ולא השאיר לו סיכוי”: אסף שדה, אבא של סיון שדה, בן ה-18 שנהרג מפגיעת טיל בשטח חקלאי בכפר מסריק #רינהועקיבא",0,"11/06/2024 23:49",https://www.instagram.com/p/DCD_dzNIOnV/,"IG image",,Lifetime,47223,38773,2613,51,0,90,0
18135125812371561,17841407868310918,kan_news,"כאן חדשות","המחבלים דיברו על אלמוג סרוסי ז״ל ועל ההפגנות לשחרור חטופים: התיעוד שנמצא במנהרה שבה נרצחו ששת החטופים

@nofarji",0,"11/06/2024 21:46",https://www.instagram.com/p/DCDxX5kIxKI/,"IG carousel",,Lifetime,134737,80148,3632,129,3,202,303
18289671661230170,17841407868310918,kan_news,"כאן חדשות","לפי החוק שאושר הלילה בכנסת, שר הפנים יוכל להורות על גירוש בן משפחה של מחבל אם הוא ידע מראש על הכוונה שלו לבצע פיגוע ולא עשה את כל המאמצים הנדרשים כדי למנוע אותו, או אם הביע תמיכה או הזדהות עם מעשה הטרור. 

פרק הזמן המינימלי לגירוש אזרח ישראלי במסגרת החוק יהיה שבע שנים ולכל היותר 15 שנים, באשר לתושב קבע - גירושו יהיה לעשר שנים לפחות ולא ליותר מעשרים שנה

@dikla_aharon
צילום: Chaim Goldberg/Flash90",0,"11/06/2024 21:28",https://www.instagram.com/p/DCDvRQ6N3Qa/,"IG image",,Lifetime,96685,81900,3704,284,0,269,34
18012238541645550,17841407868310918,kan_news,"כאן חדשות","הותר לפרסום: סמל אריאל סוסנוב ז״ל, בן 20 מירושלים, לוחם בגדוד ההנדסה 605, עוצבת ״ברק״, נפל בלחימה בצפון. יהי זכרו ברוך 

@itayblumental",0,"11/06/2024 21:09",https://www.instagram.com/p/DCDtJquoexu/,"IG image",,Lifetime,59063,49304,1480,88,1,78,11
18067764883647279,17841407868310918,kan_news,"כאן חדשות","סיון שדה בן ה-18, שעבד בשדה בכפר מסריק, נהרג מפגיעת רקטה. יהי זכרו ברוך💔",0,"11/06/2024 12:38",https://www.instagram.com/p/DCCyntlt-yu/,"IG image",,Lifetime,77041,56187,3258,159,5,199,29
18052858681930222,17841407868310918,kan_news,"כאן חדשות","מערכת הביטחון שקלה להכריז בתחילת השבוע על סיום התמרון בדרום לבנון - וחזרה בה👇

בצה”ל ובמערכת הביטחון שקלו להכריז בתחילת השבוע על סיום התמרון הקרקעי בדרום לבנון ועל עמידה ביעדים שהציב הדרג המדיני. אולם, ברקע המגעים להפסקת אש עם לבנון בתיווך ארצות הברית, שרשמו התקדמות בימים האחרונים, הוחלט להקפיא את ההכרזה - כך פורסם הערב בחדשות הערב בכאן 11.

בסוף השבוע שוחררו הביתה ל”התרעננות” אלפי לוחמים בסדיר ובמילואים - וכעת בצה”ל נערכים להוציא אל הפועל מבצעים נוספים בדרום לבנון במטרה להעמיק את ההישגים.

הרמטכ”ל הרצי הלוי אמר היום בסיומה של הערכת מצב: “צריך להמשיך בגיבוש תוכניות להמשך הלחימה בלבנון, לרבות הרחבת והעמקת התמרון - ונפעיל את התוכניות האלה בהתאם לצורך”.

גורם ביטחוני אמר לכאן חדשות כי “ההישגים של צה”ל משמעותיים ונמצאים לקראת סיום. נוכל לסיים ברגע שנחליט, ואחרי שייחתם הסכם הפסקת אש על פי הקריטריונים שנקבעו על ידי הדרג המדיני והמטה הכללי”.
@itayblumental 

צילום: פלאש90",0,"11/06/2024 12:16",https://www.instagram.com/p/DCCwKNKIQrT/,"IG carousel",,Lifetime,76021,47307,1428,115,1,39,58
18035450762254110,17841407868310918,kan_news,"כאן חדשות","היועצת המשפטית לממשלה גלי בהרב מיארה תגבה את ראש הממשלה בנימין נתניהו בפיטורי שר הביטחון יואב גלנט. כך הותר היום לפרסום. כחלק מכך, היא תקרא לבג""ץ לדחות את העתירות נגד המהלך.

ראש הממשלה נתניהו הודיע אמש לשר הביטחון גלנט על סיום כהונתו. בהצהרתו, טען נתניהו כי בין השניים נעשו ""ניסיונות רבים לגשר על הפערים הללו, אבל הם הלכו והתרחבו"". 

לאחר פיטוריו בידי נתניהו, גלנט נשא הצהרה ובה מנה את הסיבות למהלך: ""הפיטורים האלה מגיעים כתוצאה ממחלוקת סביב שלושה נושאים: הראשון - שכל מי שנמצא בגיל הגיוס, עליו לשרת בצה""ל ולהגן על מדינת ישראל. הנושא הזה איננו עוד 'רק' נושא חברתי, מדובר בנושא המרכזי ביותר לקיומנו ועתידנו. איבדנו במערכה הזאת מאות רבות של חיילים, נשים וגברים. אנו נושאים על כפיים אלפי נכים, והמלחמה נמשכת"".

""הבהרתי לראש הממשלה שסדר העדיפויות שלי קבוע וברור - מדינת ישראל, צה""ל ומערכת הביטחון ורק לאחר מכן כל היתר, כולל עתידי האישי. ההחלטה על הפיטורים מגיעה אחרי סדרת הישגים מרשימה שלא נראתה כדוגמתה במדינת ישראל"", אמר שר הביטחון.

במסגרת ההסכמים, סער ימונה לשר החוץ במקומו של כ""ץ; חברת הכנסת שרן השכל תמונה לסגניתו ותפעל בנושא ההסברה הישראלית. באשר לזאב אלקין, הוא ימונה לשר במשרד האוצר ויתווסף לממשלה כשר האמון על שיקום הצפון והדרום. בנוסף, יכהן כחבר קבינט. 

בישיבת ממשלה שנערכה לפני יומיים, ראש הממשלה נתניהו כינה את התנהלותה של היועצת המשפטית לממשלה בהרב מיארה ""לעומתית"" לממשלה, וביקש ""לפתור את זה"". לשכת ראש הממשלה פרסמה לאחר מכן הבהרה לפיה: ""ראש הממשלה הבהיר שמצופה מהייעוץ המשפטי לסייע לממשלה במימוש החלטותיה ובקידום הצעות חוק מטעמה, ולא להפך. ראש הממשלה מקפיד על הסדר ניגוד העניינים שחל עליו""

צילום: פלאש 90",0,"11/06/2024 09:03",https://www.instagram.com/p/DCCaAhXumcS/,"IG image",,Lifetime,57688,44260,1042,105,0,100,26
17877526236184761,17841407868310918,kan_news,"כאן חדשות","ח""כ יולי אדלשטיין וח""כ דן אילוז מהליכוד הצהירו שלא יהיו מוכנים להצביע בעד חוק המעונות - ובתמורה הוטלו עליהם ""עונשים"" 👇

כוונת הקואליציה להעביר את חוק סבסוד המעונות מעוררת מחלוקת רבה בקרב הציבור - וגם בכנסת, כשיו""ר הקואליציה אופיר כץ הטיל איסורים שונים על שניים מחברי הכנסת בליכוד שאמרו שיתנגדו לחוק. 

בסרטון שפרסם לפני יומיים ח""כ יולי אדלשטיין, הצהיר: ""לא אתן את ידי לחוק מעונות או לאף חוק שינסה לעקוף את המאמצים הבלתי פוסקים שלנו להרחיב את בסיס הגיוס במדינת ישראל ולהוריד את העומס מחיילינו המצוינים"". בתגובה לכך - יו""ר הקואליציה כץ קבע כי ח""כ אדלשטיין לא יוכל לדבר בשם סיעת הליכוד ולהגיש הצעות חוק במשך חודש. 

עוד הוא החליט שח""כ אילוז יוחלף בוועדות הכלכלה והחוץ והביטחון, ויימנע ממנו להעלות הצעות חוק פרטיות למשך חודש וחצי. אילוז אמר בתגובה: ""ידעתי שלאמירה הערכית שלי יהיה מחיר, ואני נכון לשלם אותו"".

מה דעתכם?

@shapirayaara 
📷: יונתן זינדל, פלאש90",0,"11/06/2024 07:55",https://www.instagram.com/p/DCCSNxOxtun/,"IG image",,Lifetime,39626,28755,834,50,0,93,10
18042330107131129,17841407868310918,kan_news,"כאן חדשות","4 מהם נרצחו ב-7 באוקטובר, אלמוג נחטף ונרצח בשבי: המשפחות של עמרי, שחר, דניאל, נעם ואלמוג חוזרות למכונית השרופה והמחוררת כשהשאלות עדיין נותרו ללא מענה
@nofarji",65,"11/06/2024 07:42",https://www.instagram.com/reel/DCCQfx9ITr5/,"IG reel",,Lifetime,43904,26725,799,67,4,24,66
18286034605215604,17841407868310918,kan_news,"כאן חדשות","בני נוער שהפגינו בהוד השרון למען השבת החטופים ובעקבות פיטורי גלנט הציתו ארגז קרטון על הכביש - השוטר שהגיע בעט אותו לכיוונם
@HadasGrinberg",7,"11/06/2024 05:49",https://www.instagram.com/reel/DCCDzy6R5Fu/,"IG reel",,Lifetime,229502,94572,3303,963,20,701,215
18094927546489709,17841407868310918,kan_news,"כאן חדשות","אחרי פיטורי גלנט - ראשי האופוזיציה במתקפה: יאיר לפיד, בני גנץ, אביגדור ליברמן ויאיר גולן קיימו הצהרה משותפת, ובה ביקרו בחריפות את פיטורי שר הביטחון ע""י רה""מ נתניהו אמש.

יו""ר מפלגת הדמוקרטים יאיר גולן אף קרא להחריף את צעדי המחאה: ""אין מאבקים שמחים. אין הכרעות קלות ואין מצב שנוותר. אני קורא לכולם לשבות באופן מלא, יש זכויות המוקנות לנו בחוק שטרם מימשנו. על המחאה לעלות שלב"". 

עוד הוא הוסיף: ""הכוח של עמנו והיכולת לשנות מגיעה מכם, מהאנשים הטובים שמשרתים, שמשלמים מיסים, שמחזיקים את המדינה על גבם. אתם אלו שיכולים לחולל שינוי. רק אם נצא במסות גדולות לשתק את המדינה, רק אם נגיד - די, עד כאן, אנחנו לא מוכנים להחזיק על גבנו משתמטים, רק אם נחליט כולנו שאיננו מתייצבים לעבודה עד ליציאה לבחירות - רק אז תבין הממשלה שאין את לה היכולת לשלוט. רק אז הם יבינו שהם לא לגיטימיים. רק כך נוכל להביא לבחירות ולמזור לישראל""

בליכוד השיבו לביקורות: “כשהשמאל בראשות גולן, לפיד, וגנץ יחד עם ליברמן מתייצב לצידו של גלנט - זה אומר הכל. רק לפני שנתיים ארבעתם הקימו ממשלה יחד עם מפלגת האחים המוסלמים ועשו הסכם כניעה עם חיזבאללה - והם עוד מעזים לדבר על ביטחון?""

""רק לפני כמה חודשים ליברמן לגלג על גלנט ואמר ש”אין לנו שר ביטחון, יש לנו שר לאיומים”; ולפני חודשיים גנץ קבע שגלנט חייב להתפטר. ראש הממשלה נתניהו, יחד עם שר הביטחון החדש ישראל כ”ץ, יובילו את ישראל לניצחון מוחלט. הם ימשיכו לקטר, ואנחנו נמשיך לנצח”

@shapirayaara @dikla_aharon
📷: יונתן זינדל, פלאש90",0,"11/06/2024 05:09",https://www.instagram.com/p/DCB_Ob6MOd_/,"IG carousel",,Lifetime,59524,32560,1686,58,0,369,28
17907416781046661,17841407868310918,kan_news,"כאן חדשות","סגור, נעול, בדוק ומאוד מאוד מרשים - כך נראה הניצחון הרשמי של טראמפ 👇

לפי נתוני AP, מגופי התקשורת המחמירים בארצות הברית, הניצחון של טראמפ מובטח עם לפחות 277 אלקטורים ולהאריס רק 224. הפער ביניהם עוד עלול לגדול, שכן טרם הוכרז מנצח במישיגן, נוואדה ואריזונה. 

אבל עם כל הכבוד לאלקטורים, ההישג האדיר של טראמפ בבחירות האלה הוא בהצבעה הפופולארית. בעוד שבניצחונו ב-2016 טראמפ השיג את האלקטורים הדרושים בעוד יותר מצביעים העדיפו את הילרי קלינטון, עכשיו זה ניצחון מוחלט. כ-70 מיליון אמריקנים הצביעו לטראמפ, בעוד רק 65 מיליון הצביעו להאריס. 

צילומים: AP",0,"11/06/2024 03:06",https://www.instagram.com/p/DCBxM6cI2Bq/,"IG carousel",,Lifetime,111833,60422,5264,112,1,84,100
17862746880201718,17841407868310918,kan_news,"כאן חדשות","פרידה מאיש שהעלה חיוך על פניהם של מיליוני ישראלים 👇

איש הטלוויזיה והקולנוע יגאל שילון הלך לעולמו היום והוא בן 78 במותו. טרם נמסרו פרטים על מועד הלווייתו.

שילון, יליד 1946, נולד והתחנך בתל אביב. אחיו הבכור הוא מגיש הטלוויזיה דן שילון. בשנות ה-80 ביים מספר סרטי קולנוע ישראליים, בהם ""חייך אכלת אותה"", ""המתיחה הגדולה"", ""ניפגש בסיבוב"" ו""עבודה בעיניים"". בנוסף, ביים את סדרת הפרסומות של ""מילקי"".

בשנת 1989 הגיש את פינת סרטוני הפספוסים בתוכנית ""סופ סופ"" של גבי גזית בערוץ הראשון. פינה דומה הגיש בתוכנית ""רואים 6/6"" בטלוויזיה החינוכית ובהמשך הגיש את התוכנית ""מועדים בשמחה"" ששודרה בערוץ הראשון. בשנים 1994 עד 2008 הגיש וביים את תוכנית הטלוויזיה ""פספוסים"" ששודרה בזכיינית ערוץ 2 רשת. בנוסף, ביים שילון את התוכניות ""המופע של סטיב"", ""סתאאאם!"", ""אמבוש"" ו""תראו מי שואל"".

בינואר 2022 חשף כי נפגע פיזית בעקבות נפילה בביתו ומאז היה מרותק לכיסא גלגלים. חייו לאחר הפציעה תועדו בסרט הדוקו ""הפספוס של חיי"" ששודר בקשת 12. לאחרונה הגיש את התוכנית ""חוזרים לפספוסים"" ברשת 13.

שילון הניח אישה, זהבה, לה היה נשוי מאז 1972 וארבעה ילדים משותפים.

צילום: פלאש90",0,"11/06/2024 02:52",https://www.instagram.com/p/DCBvipMIDoL/,"IG image",,Lifetime,51483,37478,2011,93,0,36,33
17956247153730868,17841407868310918,kan_news,"כאן חדשות","תמונות מלחיצות מרעננה - רקטה נפלה גם באיזור נתב""ג

אנחנו עושים מאמץ גדול לאתר את בעלי הזכויות בצילומים.
השימוש ביצירות שבעל הזכויות בהן אינו ידוע או לא אותר נעשה לפי סעיף 27א ל""חוק זכויות יוצרים""
אם זיהיתם צילום ואתם בעלי הזכויות בו, יש לפנות ל-zcuyot@kan.org.il",9,"11/06/2024 01:49",https://www.instagram.com/reel/DCBoG1cINVq/,"IG reel",,Lifetime,78724,40465,1128,967,9,50,93
17894472546017612,17841403904946515,kan_israel,"כאן | תאגיד השידור הישראלי","מה עושים כשיש אזעקה באולפן? בנימיני וגוטאה הולכים לממ”ד בשידור חי 

🎧 כאן ב, ימים ראשון עד רביעי ב-17:00",65,"11/06/2024 01:41",https://www.instagram.com/reel/DCBnANZNjBy/,"IG reel",,Lifetime,62082,43211,533,22,0,12,0
18056732998885560,17841407868310918,kan_news,"כאן חדשות","האזעקות במרכז - בגלל רקטות מלבנון 👇

במערכת הביטחון זיהו 10 שיגורים, שגרמו לאזעקות בשטחים נרחבים. כתוצאה מהאזעקות, נמל התעופה בן גוריון נסגר להמראות ונחיתות. אין מידע על נפגעים בשלב זה. 

אנחנו עושים מאמץ גדול לאתר את בעלי הזכויות בצילומים.
השימוש ביצירות שבעל הזכויות בהן אינו ידוע או לא אותר נעשה לפי סעיף 27א ל""חוק זכויות יוצרים""
אם זיהיתם צילום ואתם בעלי הזכויות בו, יש לפנות ל-zcuyot@kan.org.il",23,"11/06/2024 01:38",https://www.instagram.com/reel/DCBm7F1IB4R/,"IG reel",,Lifetime,33939,23211,527,42,1,29,20
17937380774928624,17841407868310918,kan_news,"כאן חדשות","יירוטים כבר נראים בשמי הארץ - עדכונים נוספים, מיד

צילום: פלאש90",0,"11/06/2024 01:25",https://www.instagram.com/p/DCBloIsoBzA/,"IG image",,Lifetime,37222,28870,947,29,1,23,12
17851459113324636,17841407868310918,kan_news,"כאן חדשות","לחץ בטהראן 👇

המטבע של איראן, הריאל, נסחר הבוקר בשער של 703,000 ריאל לדולר - שפל של כל הזמנים. רק לפני חודשיים, עם כניסתו לתפקיד של הנשיא פזשכיאן, נסחר המטבע ב-584 אלף ריאל לדולר. הפחד מסנקציות מחודשות של טראמפ מרסק את המטבע עוד יותר. 

צילום: AP",0,"11/06/2024 01:18",https://www.instagram.com/p/DCBk2C6IA-J/,"IG image",,Lifetime,67224,51956,3330,216,0,107,61
18063460576682791,17841407868310918,kan_news,"כאן חדשות","המלחמה בצפון: מספר רקטות נורו לעבר רמת הגולן, כמה מהן נפלו בשטחים פתוחים ליד רמת טראמפ. אין נפגעים בגוף

צילום טראמפ: AP",0,"11/06/2024 01:04",https://www.instagram.com/p/DCBjM2oIAvi/,"IG image",,Lifetime,68271,52850,2780,200,0,34,79
17947984667768472,17841407868310918,kan_news,"כאן חדשות","לא באים להוריד לאף אחד, אבל כדאי להקשיב לנקודה האחרונה שיערה מעלה פה #קחואתזהמכאן #טראמפ @shapirayaara",46,"11/06/2024 00:40",https://www.instagram.com/reel/DCBgZgcPsKx/,"IG reel",,Lifetime,24487,16148,425,15,0,32,16
18042576250937904,17841407868310918,kan_news,"כאן חדשות","""זה לא מטורף??"": טראמפ נראה לגמרי מאושר בנאום הניצחון שלו במאר א-לאגו, ושלח גם מסר לישראל - ""אני אסיים מלחמות, לא אתחיל חדשות""",63,"11/05/2024 23:58",https://www.instagram.com/reel/DCBblVst59q/,"IG reel",,Lifetime,70481,42217,2092,67,7,44,50
18070854709627837,17841407868310918,kan_news,"כאן חדשות","הוא חוזר! דונלד טראמפ מבטיח בנאום ניצחון להחלים את ארצות הברית, לשקם אותה ולהחזיר אותה לימים טובים יותר",0,"11/05/2024 23:34",https://www.instagram.com/p/DCBY6-kokvF/,"IG image",,Lifetime,39229,31627,1824,19,1,74,19
18058829521686706,17841407868310918,kan_news,"כאן חדשות","שמח בפלורידה: כך נראה הרגע בו תומכי טראמפ התבשרו על הניצחון #טראמפ #אמריקה",30,"11/05/2024 23:09",https://www.instagram.com/reel/DCBWCLtMIhR/,"IG reel",,Lifetime,27996,18078,874,67,4,27,21
18013046204410266,17841407868310918,kan_news,"כאן חדשות","במאר א-לאגו, מועדון הגולף של טראמפ בו הוא ינאם בקרוב, תומכיו חוגגים כשעוד ועוד מדינות מוכרזות ככאלו שהצביעו לרפובליקנים

צילום: AP",0,"11/05/2024 22:33",https://www.instagram.com/p/DCBR9gnIN-K/,"IG image",,Lifetime,26300,21859,764,45,0,7,4
17938160498929510,17841407868310918,kan_news,"כאן חדשות","טראמפ בדרך לנאום הניצחון, ובמטה האריס כבר משמיעים קולות של הפסד: ""הנתיב לנצחון כל-כך צר, לא מאמינים שזה יקרה""

צילומים: AP",0,"11/05/2024 21:46",https://www.instagram.com/p/DCBMipvIdfN/,"IG image",,Lifetime,52755,41732,1679,54,0,42,25
18004454006692536,17841407868310918,kan_news,"כאן חדשות","שר האוצר בלי ספק מרוצה מהתוצאות בארצות הברית, ואתם?

צילום: אבשלום ששוני, פלאש90",0,"11/05/2024 21:37",https://www.instagram.com/p/DCBLgAIIXOT/,"IG image",,Lifetime,43479,32703,1376,31,0,64,24
18022898921277220,17841407868310918,kan_news,"כאן חדשות","על פניו, האריס מצמצמת את הפער - אך בינתיים טראמפ הוא זה שמוביל במדינות המפתח, וניו יורק טיימס חוזים לו סיכוי של 90% לנצח בבחירות

צילום: AP Photo/Evan Vucci",0,"11/05/2024 21:22",https://www.instagram.com/p/DCBJx27I16V/,"IG image",,Lifetime,36361,29412,1138,24,0,11,14
18009290471648662,17841407868310918,kan_news,"כאן חדשות","מצב הקלפיות נכון ל-05:45: הנשיא לשעבר דונלד טראמפ מוביל עם 210 אלקטורים, לעומת 113 אלקטורים בלבד אצל האריס. מה דעתכם? 🤔

@ramelibrandts
צילום: AP",0,"11/05/2024 19:48",https://www.instagram.com/p/DCA_GQJqcB0/,"IG image",,Lifetime,45691,36545,1999,81,0,73,21
17854515471299712,17841407868310918,kan_news,"כאן חדשות","נכון לשעה 04:00 - טראמפ עדיין מוביל על האריס

@ramelibrandts
צילום: AP",0,"11/05/2024 18:17",https://www.instagram.com/p/DCA0oV9o0MS/,"IG image",,Lifetime,27109,22480,782,9,0,10,7
18281881987171421,17841407868310918,kan_news,"כאן חדשות","לפי סקרים שנערכו ביציאה מהקלפיות, 78% מהיהודים האמריקנים הצביעו להאריס - בעוד שרק 22% מהם הצביעו לטראמפ

@amichaistein
צילום: AP",0,"11/05/2024 17:58",https://www.instagram.com/p/DCAyfBQIWuF/,"IG image",,Lifetime,74915,58340,1822,259,0,404,65
17901368391064900,17841407868310918,kan_news,"כאן חדשות","כל מי שעדיין ער, תנו הימור - מי ינצח בבחירות בארצות הברית: טראמפ או קמלה האריס? 🤔🇺🇸

אחרי שתסתיים ספירת הקולות נבדוק אם צדקתם 😅

צילום: AP",0,"11/05/2024 17:09",https://www.instagram.com/p/DCAs2OFIJ4j/,"IG image",,Lifetime,33676,25395,624,4,0,74,6
18333929542146076,17841407868310918,kan_news,"כאן חדשות","אותו לא ציפינו לפגוש בפלורידה בערב הבחירות... אייל שני מהמר - מי יהיה נשיא ארה""ב הבא? 
 @MoavVardi @michal.rabinovich.71",29,"11/05/2024 16:57",https://www.instagram.com/reel/DCArc0UiI01/,"IG reel",,Lifetime,185207,99590,2684,571,4,566,101
18041087920963814,17841407868310918,kan_news,"כאן חדשות","מייקל מפלורידה מסביר מדוע הצביע לטראמפ: ""למה שג'וק יצביע לנעל?""
@moavvardi",30,"11/05/2024 16:29",https://www.instagram.com/reel/DCAoM6Ht8Rp/,"IG reel",,Lifetime,99937,58962,3831,667,2,88,183
17942736611912640,17841407868310918,kan_news,"כאן חדשות","מדוע נתניהו פיטר את גלנט? לפי גורמים בסביבת ראש הממשלה - אלו הסיבות 👆

@gilicohen10
צילום: מרים אלסטר, יונתן סינדל, חיים גולדברג - פלאש 90, NIMROD KLIKMAN\POOL",0,"11/05/2024 15:32",https://www.instagram.com/p/DCAhyIGK0gH/,"IG carousel",,Lifetime,100329,52822,1729,292,3,351,144
17894728464095226,17841407868310918,kan_news,"כאן חדשות","הצהרת גלנט אחרי הפיטורים - וההצדעה🫡

“ביטחון ישראל היה ועודנו משימת חיי. הפיטורים הללו מגיעים כתוצאה ממחלוקת על שלושה נושאים: חוק הגיוס, החזרת החטופים והקמת ועדת חקירה ממלכתית. כולם חייבים לשרת בצה”ל, ניתן להחזיר את החטופים אף שזה כרוך בפשרות כואבות”",118,"11/05/2024 13:41",https://www.instagram.com/reel/DCAU6esIHxi/,"IG reel",,Lifetime,87704,55313,4634,355,17,210,147
18257845357268336,17841407868310918,kan_news,"כאן חדשות","גלנט בהצהרתו לאחר הפיטורים: ""הבהרתי לראש הממשלה שסדר העדיפויות שלי קבוע וברור - מדינת ישראל, צה""ל ומערכת הביטחון ורק לאחר מכן כל היתר, כולל עתידי האישי. ההחלטה על הפיטורים מגיעה אחרי סדרת הישגים מרשימה שלא נראתה כדוגמתה במדינת ישראל"".

""הפיטורים האלה מגיעים כתוצאה ממחלוקת סביב שלושה נושאים: הראשון - שכל מי שנמצא בגיל הגיוס, עליו לשרת בצה""ל ולהגן על מדינת ישראל. הנושא הזה איננו עוד 'רק' נושא חברתי, מדובר בנושא המרכזי ביותר לקיומנו ועתידנו. איבדנו במערכה הזאת מאות רבות של חיילים, נשים וגברים. אנו נושאים על כפיים אלפי נכים, והמלחמה נמשכת"", אמר.

לדברי שר הביטחון המפוטר, הנושא השני הוא השבת החטופים. ""חובתנו הערכית והמוסרית להחזרתם של בנינו ובנותינו משבי חמאס. מתוקף תפקידי, ניסיוני והישגינו בשנה האחרונה אני קובע שהדבר ניתן להשגה. אין ולא תהיה כפרה על הפקרתם של החטופים. הדבר יהווה אות קין על מצחה של החברה הישראלית ומי שמוביל אותה"". הנושא השלישי והאחרון, אמר גלנט, הוא הפקת לקחים אחרי תחקיר יסודי וענייני. לדבריו, הוא פוטר גם בשל אמונתו כי יש להקים ועדת חקירה ממלכתית לענייני המלחמה.

@suleimanmas
צילום: שירה קינן, משרד הביטחון",0,"11/05/2024 13:20",https://www.instagram.com/p/DCASrL6RQjx/,"IG image",,Lifetime,44128,33841,2579,69,1,159,33
17895038226095685,17841407868310918,kan_news,"כאן חדשות","מה גרם לפיטורים הבהולים? התשובה של יערה שפירא >>

@shapirayaara",0,"11/05/2024 13:16",https://www.instagram.com/p/DCASN2uNQ1u/,"IG carousel",,Lifetime,100840,70346,1307,171,7,126,68
17944773974876712,17841407868310918,kan_news,"כאן חדשות","עינב צנגאוקר: ""נתניהו החליט הערב להקריב את מתן שלי. הדבר היחיד שהוא מתעסק בו מאז 7 באוקטובר זה פוליטיקה""
@anna.pines",45,"11/05/2024 12:00",https://www.instagram.com/reel/DCAJf01p7qH/,"IG reel",,Lifetime,138709,91898,4181,567,8,341,74
18470198518033836,17841407868310918,kan_news,"כאן חדשות","תל אביב, חיפה, ירושלים וצומת נהלל: המונים יצאו למחאות ברחבי הארץ אחרי פיטורי גלנט",48,"11/05/2024 11:27",https://www.instagram.com/reel/DCAFq9hP8EZ/,"IG reel",,Lifetime,29398,19982,860,34,1,141,20
17871160086143365,17841407868310918,kan_news,"כאן חדשות","בממשל האמריקני ""המומים"" מההחלטה של ראש הממשלה בנימין נתניהו לפטר את שר הביטחון בזמן מלחמה רב זירתית. בתוך כך, המונים יצאו למחאות ברחבי הארץ. מהבית הלבן נמסר: ""גלנט היה פרטנר חשוב. נמשיך לעבוד עם שר הבטחון הבא"". 

ישראל כ""ץ, שכיהן עד כה כשר החוץ, יתמנה כשר הביטחון במקום גלנט. ברגעים אלו נרקם הסכם עם גדעון סער שצפוי להחליף את כ״ץ כשר החוץ. זאת סביב ההבנה בליכוד שבלי סער הסיכויים להעביר את חוק הגיוס והחוקים הנלווים - נמוכים. סער הודיע כי יצביע בכל מקרה נגד חוק המעונות מחר כפי שכבר התחייב, אבל בליכוד רוצים לחתום איתו הסכם לקראת השלבים הבאים של קידום חוק הגיוס. ההסכם צפוי להגדיר את סער כשר בחוץ, את שרן השכל כסגניתו ואת אלקין כשר האחראי על מנהלת תקומה. סער מצידו אמור לאפשר את העברת חוק הגיוס או את החוקים העוקפים שהקואליציה מתכננת. המגעים עדיין מתנהלים וטרם נסגרו.

@amichaistein
צילום: AP",0,"11/05/2024 10:59",https://www.instagram.com/p/DCACi9ixi2G/,"IG image",,Lifetime,57834,42552,2166,92,0,161,39
17968520834676161,17841407868310918,kan_news,"כאן חדשות","""צאו לרחובות"": בעקבות פיטורי גלנט, זעם באופוזיציה ובקבוצות המחאה

קבוצות מחאה שונות מתכננות להגיב, וייתכן שיתקיימו הפגנות כבר בשעה 21:00 הערב. בהודעה שהופצה בקרב פעילי מחאה נכתב: ""ליל גלנט 2 יוצא לדרך. נתניהו החליט לפגוע בביטחון המדינה בשביל לשמר את הקואליציה שלו ופיטר כעת את השר גלנט. צאו לרחובות - נפגש בשעה 21:00 בקיסריה, בכיכר פריז בירושלים ובקפלן"". 

צילום: AP",0,"11/05/2024 10:42",https://www.instagram.com/p/DCAAmUqNr7t/,"IG image",,Lifetime,42185,31631,1583,57,0,191,10
17928747296868175,17841407868310918,kan_news,"כאן חדשות","נתניהו מודיע על פיטורי גלנט בזמן מלחמה. מה דעתכם?",52,"11/05/2024 10:22",https://www.instagram.com/reel/DB_-LfNIXi6/,"IG reel",,Lifetime,197032,109201,2449,345,17,2173,108
18019657814562778,17841407868310918,kan_news,"כאן חדשות","ראש הממשלה נתניהו הודיע לשר הביטחון גלנט על סיום כהונתו - ומינה את ישראל כ""ץ במקומו. בתוך כך, גדעון סער צפוי להחליף את כ״ץ כשר החוץ. מנתניהו נמסר: ״התגלו בינינו  פערים משמעותיים בניהול המערכה והפערים הללו לוו בהצהרות ובפעולות שמנוגדות להחלטות הממשלה ולהחלטות הקבינט. עשיתי ניסיונות רבים לגשר על הפערים הללו, אבל הם הלכו והתרחבו. הם הגיעו גם לידיעת הציבור בדרך לא מקובלת, וגרוע מזה, הם הגיעו לידיעת האויב - האויבים שלנו רוו נחת מזה והפיקו מזה הרבה תועלת״. בכך נתניהו רומז כי שר הביטחון הדליף לתקשורת מידע מדיוני הקבינט. זאת בעוד שלשכת ראש הממשלה נמצאת בחקירה בנוגע להדלפות.

גלנט כיהן כשר ביטחון במשך שנתיים - פרק זמן משמעותי שאפשר לו להתמקצע בקבלת ואישור התוכניות לצה""ל. העיתוי של החלפת שר ביטחון בעיצומה של מלחמה רב זירתית הוא בעייתי מאוד. מי שאמור לסייע לשר החדש בכניסה לתפקידו הוא המזכיר הצבאי של שר הביטחון.

כל זה קורה כשברקע משבר פוליטי סביב חוק המעונות ואולטימטום של המפלגות החרדיות. בתוך כך, הואץ המשא ומתן עם גדעון סער סביב ההבנה בליכוד שבלעדיו הסיכויים להעביר את חוק הגיוס והחוקים הנלווים - נמוכים. סער הודיע כי יצביע בכל מקרה נגד חוק המעונות מחר כפי שכבר התחייב, אבל בליכוד רוצים לחתום איתו הסכם לקראת השלבים הבאים של קידום חוק הגיוס. ההסכם צפוי להגדיר את סער כשר בחוץ, את שרן השכל כסגניתו ואת אלקין כשר האחראי על מנהלת תקומה. סער מצידו אמור לאפשר את העברת חוק הגיוס או את החוקים העוקפים שהקואליציה מתכננת. המגעים עדיין מתנהלים וטרם נסגרו.

גלנט צייץ בתגובה לפרסום על פיטוריו: ""ביטחון ישראל היה ותמיד יישאר משימת חיי"". האלוף במיל' יאיר גולן הגיב: ""קורא לכל ראשי האוניברסיטאות ולכל ראשי המכללות - השביתו את הלימודים. אני קורא לכל ראשי המשק, השביתו את העבודה. אני קורא לכל ראשי מערכת הביטחון, השמיעו קול זעקה, גם עכשיו בעודכם על מדים. אני קורא לכל אזרחי ישראל, צאו לרחובות. נתניהו הורס את ישראל ורק אנחנו יכולים להציל אותה"".

עינב צנגאוקר פירסמה בתגובה: ""הערב נחצה קו אדום. אסור לעבור לסדר היום. פיטורי שר ביטחון בזמן מלחמה ומינוי יס מן חסר ניסיון ביטחוני במקומו מעביר מסר ברור - אין מי שיעמוד מול נתניהו וימנע ממנו לטרפד עסקאות ולהאריך את המלחמה. נתניהו תפר דיל מסריח ועושה פוליטיקה קטנה על חשבון מתן שלי ושאר החטופים. צאו לרחובות""

@shemeshmicha @shapirayaara 
צילום: חיים גולדברג, פלאש 90",0,"11/05/2024 10:00",https://www.instagram.com/p/DB_7zEgxFT5/,"IG image",,Lifetime,98998,73615,1537,413,6,404,40
18115739155406741,17841407868310918,kan_news,"כאן חדשות","כחלק מהפעילות לעיצוב הגבול החדש עם לבנון: לוחמי גדוד ההנדסה 5280 של חטיבת אלכסנדרוני משמידים מבנים שמהם פעלו מחבלי חיזבאללה במיס אל ג'בל

@itayblumental",60,"11/05/2024 09:00",https://www.instagram.com/reel/DB_02WSslaM/,"IG reel",,Lifetime,65986,42742,2525,210,3,190,62
17899835616079296,17841407868310918,kan_news,"כאן חדשות","אבסורד המענקים🤦‍♀️👇
אחרי שעשה כמעט 400 ימי מילואים, המדינה דורשת מנתי 21 אלף שקל חזרה - כי הכנסותיו ירדו בגלל המלחמה (!). אשתו בריאיון לליאל קייזר: ""יורקים לנו בפרצוף. ראיתי את החוב ואמרתי לו להפסיק עם המילואים""
@lielkyzer @drgilitamir",70,"11/05/2024 08:15",https://www.instagram.com/reel/DB_vtkwOn8_/,"IG reel",,Lifetime,106092,68616,3552,386,3,181,98
18461335477007551,17841407868310918,kan_news,"כאן חדשות","יחידת להב 433 במשטרת ישראל התירה לפרסום כי היא מנהלת כבר חצי שנה חקירה פלילית הנוגעת לאירועי תחילת המלחמה. מדובר בפרשה ביטחונית חמורה נוספת, שבמרכזה ניסיונות מצד גורמים בלשכת נתניהו לשנות תמלולים ופרוטוקלים של דיוני הקבינט. 

במשטרה הביעו כעס על התרת החקירה, בטענה שתביא ל""מחול שדים"" ורק תגביר את הסקרנות בעניין. השופט לא קיבל את טענת המשטרה: ""החשש מהתגובה הציבורית איננו במסגרת השיקולים המפורטים בחוק וממילא לא שוכנעתי כי פרסום הפרפרזה עצמה עלול להוביל לכך"".

כפי שפורסם בכאן חדשות, ישנו משבר חסר תקדים בין הדרג המדיני לביטחוני, בעקבות חשש להעברת ידיעות מסווגות שלא כדין. דובר שהיה צמוד לראש הממשלה ולעוזרים שלו, לא עבר את בדיקות הסיווג הביטחוני של שב""כ ובכל זאת המשיך לשמש כדובר בלשכת נתניהו. שלושת העצורים בפרשה הם משרתי מחלקת ביטחון מידע - יחידה באגף המודיעין שתפקידה מניעת הדלפות. אחד מהם הוא קצין מילואים בדרגת רב-סרן.

@michael_.shemesh

צילום: לאורה ויסמן, פלאש 90",0,"11/05/2024 07:06",https://www.instagram.com/p/DB_n3dJRylg/,"IG image",,Lifetime,58189,44340,1216,141,0,132,45
18045955496089592,17841407868310918,kan_news,"כאן חדשות","מלתעות באשקלון: להקה של כ-20 כרישים הגיעה לתחנת הכוח של חברת החשמל בעיר. התחנה שואבת את מי הים לקרור יחידות הייצור ומזרימה אותם בחזרה לים - כשהם חמים יותר. שינויי הטמפרטורה של המים מושכים דגים לאזור ועימם את הכרישים. מדובר בתופעה נדירה יחסית באזור זה, כי לרוב נצפים כרישים צפונה יותר - באזור תחנת הכוח אורות רבין הסמוכה לחדרה.

@wassermanmichal 
צילום: דוד בן אבי ושמי ביתן, חברת החשמל",37,"11/05/2024 06:18",https://www.instagram.com/reel/DB_iValJm3M/,"IG reel",,Lifetime,52430,34876,1354,392,3,27,39
17957947934723460,17841407868310918,kan_news,"כאן חדשות","רפובליקנים הם אדומים, דמוקרטים הם כחולים. למה ומדוע? צופים בסרטון של @anna.pines ומגלים",87,"11/05/2024 04:34",https://www.instagram.com/reel/DB_WIp1ImPU/,"IG reel",,Lifetime,48120,29731,838,26,3,15,33
17854146183302588,17841464234747957,kan_reshetb,"כאן רשת ב","מחדל ביטחוני חמור בבסיס זיקים: בפעם השנייה תוך חצי שנה אזרח נכנס אתמול למחנה הצבאי דרך השער שהיה פתוח ולא מאוייש והסתובב באין מפריע. ב-7.10 חדרו למחנה 50 מחבלי חמאס. בקרב נפלו 7 חיילים ו-7 נפצעו | הפרסום של כתבתנו כרמלה מנשה #בחציהיום",0,"11/05/2024 03:13",https://www.instagram.com/p/DB_NNP-IAcQ/,"IG carousel",,Lifetime,68060,39765,1652,126,4,68,0
18049428790970043,17841407868310918,kan_news,"כאן חדשות","מחדל אבטחה חמור בפעם השנייה בחצי שנה בבסיס זיקים 👇

כפי שפורסם היום לראשונה בתוכנית ""בחצי היום"" בכאן רשת ב, אזרח לבוש בגדים אזרחיים נכנס באין מפריע דרך שער הבסיס - שהיה פתוח לרווחה ולא מאויש. ""אף אחד לא שאל אותי מי אני? מה אני עושה פה? פניתי לקצינים ולחיילים שם, שאלתי למה לא מטפלים, עדיין לא זכיתי לתשובה"". מסר האזרח שהצליח לחדור ללא הפרעה לתוך בסיס זיקים הצמוד לגבול עזה. 

זוהי אינה הפעם הראשונה שמחדל זה קורה, מה שמעיד כי אנשי זיקים לא הפיקו לקחים. במחדל הקודם שנחשף בחודש מאי השנה, תועד אבא של חייל, עם נשק, מסתובב בחופשיות בזיקים כשהשער פרוץ.

לאחר המחדל הראשון נמסר מדובר צה""ל על כך שמדובר באירוע חמור והלקחים ילמדו. כעת, על המחדל השני נמסר מדובר צה""ל: ""הנושא מצוי בתחקיר ויטופל בהקדם"". בבוקר 7 באוקטובר חדרו לבסיס זיקים 50 מחבלי חמאס דרך הים. בקרבות על הבסיס נפלו שבעה חיילי צה""ל ושבעה חיילים נוספים נפצעו.",6,"11/05/2024 03:11",https://www.instagram.com/reel/DB_M7-LuoCe/,"IG reel",,Lifetime,128063,52739,1928,301,2,103,106
18078050056504059,17841407868310918,kan_news,"כאן חדשות","היועצת המשפטית בדרך החוצה? 

ראש הממשלה בנימין נתניהו הציע לשר המשפטים יריב לוין לטפל בעניין היועצת המשפטית לממשלה גלי בהרב-מיארה, ולוין הנדהם השיב לו בלחש: ""אני לא מקבל את זה. אם אתה רוצה לפטר אותה, תפטר"" - כך פרסם מיכאל שמש אתמול בחדשות הערב בכאן 11.

הדברים קרו בישיבת הממשלה הבוקר. בהמשך ביקש לוין מהשרים לרכז ולאסוף את התלונות שלהם בעניין הייעוץ המשפטי.

בישיבה התבטאו כמה משרי הממשלה נגד גלי בהרב מיארה, ושר התקשורת שלמה קרעי אף קרא לפטרה ולהחליפה במזכיר הממשלה יוסי פוקס. נתניהו הגיב לההצעה לפטרה ואמר: ""היא לעומתית לנו. מבקש לפתור את זה"".

מאוחר יותר פרסמה לשכת ראש הממשלה הבהרה, לפיה ""בעקבות ביקורת קשה של שרי הממשלה על הייעוץ המשפטי לממשלה, ראש הממשלה הבהיר שמצופה מהייעוץ המשפטי לסייע לממשלה במימוש החלטותיה ובקידום הצעות חוק מטעמה, ולא להפך. ראש הממשלה מקפיד על הסדר ניגוד העניינים שחל עליו"".
@michaelshemesh 
צילום: יונתן זינדל, פלאש90",0,"11/05/2024 00:33",https://www.instagram.com/p/DB-65VAsRgu/,"IG carousel",,Lifetime,63630,35886,1068,50,1,288,50
18045734141505551,17841460263311897,kan.tarbut,"כאן תרבות | כאן הסכתים","קישור לפרק המלא בסטורי של כאן תרבות והסכתים | 🇺🇸 הבחירות באמריקה סוף סוף הגיעו. הנה שלושה דברים שאתם חייבים לדעת מהמגישים של ההסכת ""הקרב על אמריקה"".
לינק לספיישל הבחירות של ""הקרב על אמריקה"" בסטורי",26,"11/04/2024 23:55",https://www.instagram.com/reel/DB-1MQ7Nn-S/,"IG reel",,Lifetime,10552,7684,73,1,1,6,0
17948403107764363,17841464234747957,kan_reshetb,"כאן רשת ב","הפרשה הביטחונית החמורה בלשכת רה”מ שנחשפה בכאן חדשות | עו”ד אפרים דמרי, מייצג את אחד החשודים בפרשה: “כשהיחידה החוקרת תסיים את החקירות שלה היא תבין שהיא טעתה, ביום חמישי יבקשו סליחה וישחררו אותו” #קלמןליברמן",0,"11/04/2024 23:30",https://www.instagram.com/p/DB-zuPboIk8/,"IG image",,Lifetime,48763,39514,763,22,1,75,0
18046430629876293,17841407868310918,kan_news,"כאן חדשות","מאות ליוו את החייל הבודד רס""ל במיל' סנטיאגו עובדיה בדרכו האחרונה💔",47,"11/04/2024 11:30",https://www.instagram.com/reel/DB9hOVQv5uD/,"IG reel",,Lifetime,31812,21831,1362,32,3,79,23
18069322768564838,17841407868310918,kan_news,"כאן חדשות","מה כל כך מעצבן בחוק המעונות?
@lielkyzer

צילומים: פלאש90",128,"11/04/2024 09:44",https://www.instagram.com/reel/DB9U6Ybo_NH/,"IG reel",,Lifetime,56937,40226,1520,190,5,135,64
18050722243801843,17841407868310918,kan_news,"כאן חדשות","היתממות או פוקס? הערב בכאן חדשות - איש העסקים הבדואי שמואשם במסירת מידע לאיראנים מספר על הקשר עם המפעילים שלו
@orenaharoni @carmelamenashe",54,"11/04/2024 08:32",https://www.instagram.com/reel/DB9M2emoQXE/,"IG reel",,Lifetime,47733,28592,482,71,0,21,46
17910888603038289,17841407868310918,kan_news,"כאן חדשות",".
""הם עשו טעות של צעירים. הם נפלו במקום הלא נכון בזמן הלא נכון"": 4.5 שנים אחרי האונס הקבוצתי של בת ה-16 במלון הים האדום באילת שהסעיר את המדינה - 8 מבין הגברים שהורשעו קיבלו היום את עונשם. 

על שניים מהם, תאומים שהיו כבני 17 בעת האירוע ושהורשעו בשתי עבירות של אינוס בנסיבות מחמירות, נגזרו 8.5 שנות מאסר ופיצוי בסך 70 אלף שקלים למתלוננת. אביהם של התאומים אמר כי מדובר ב""גזר דין קשה"". לדבריו, ""עדיף שהיו נותנים להם מאסר על תנאי והם היו משרתים את המדינה שלנו. הם היו בחופשה ועשו טעות אחת גדולה של צעירים. גם אנחנו היינו במלונות והשתוללנו"". האב הוסיף: ""אני מצטער על הדברים האלה, כואב לי על הילדה הזאת"". 

האירוע התרחש בחודש אוגוסט 2020, כאשר נערה בת 16 הגיעה למלון באילת עם חברותיה, מלון שהגיעו אליו רק תיכוניסטים. האנסים איסי רפאלוב ואלייזר מאירוב הגיעו לבריכת אותו מלון למרות שלא שהו בו. בבריכה ניסה רפאלוב להתחיל עם הצעירה. היא עלתה לחדרה ושתתה שם אלכוהול עם חברות ועוד כמה נערים שהואשמו מאוחר יותר בפרשה.

כשהנערה, שהייתה שיכורה מאוד, הייתה צריכה ללכת לשירותים, החברה לא רצתה שתתפנה בחדר כי השירותים בו היו מלוכלכים - לכן הוציאה אותה לאלו שבמסדרון. היא לא הצליחה להחזיק אותה וביקשה סיוע מהנערים. במסדרון ראה אותם רפאלוב, התחזה לחובש, ואמר להם להכניס אותה לחדר עובדים שאליו פלש. הוא טען שזה החדר שלו, והוא יודע איך לטפל בה.

הוא סילק את החברה בבקשה שתלך להביא לה בקבוק מים, ואז הוא וחברו החלו לאנוס אותה. כשהדלת נפתחה - הוא הזמין את הצעירים שעמדו בחוץ להצטרף. במצלמת האבטחה בכניסה לחדר תועדו הצעירים שנכנסו, והחברה שניסתה להוציא משם את הנערה מספר פעמים.

היא חזרה לביתה מבלי להבין מה קרה לה, ונחשפה לאירוע רק בגלל שהנאשם המרכזי, רפאלוב, רצה לפגוש אותה שוב ושלח לה הודעה (שקרית): ""מה קרה לך באותו יום? היית גמורה, היו שם 30 איש, היו גם ערבים, יש גם סרטונים"". כשלא רצה לשלוח לה את הסרטונים – התלוננה במשטרה.

בית המשפט ציין כי מדובר במקרה בו ""הבילוי של המתלוננת, נערה צעירה ושמחה, קיבל תפנית חדה ומסויטת בעלילה, שבסופה עברה המתלוננת סדרה של פגיעות מיניות בתוך חדר המלון במשך שעה שלמה ע""י מספר רב של משתתפים, תוך הפרה קשה ורמיסה של פרטיותה, כבודה והאוטונומיה שלה על גופה""

@asaf_pozailov 
צילום: נתי שוחט, פלאש90",0,"11/04/2024 08:22",https://www.instagram.com/p/DB9Ls97s8H4/,"IG image",,Lifetime,117858,81390,2066,326,2,517,115
17953864490739975,17841407868310918,kan_news,"כאן חדשות","מי שומר על השומרים? 

שלושת העצורים בפרשה הביטחונית שנחשפה בכאן חדשות משרתים במחב""ם - מערך ביטחון המידע - יחידה באגף המודיעין שתפקידה הוא מניעת הדלפות. אחד מהם הוא קצין מילואים בדרגת רס""ן שנעצר היום
@roysharon11",0,"11/04/2024 07:06",https://www.instagram.com/p/DB9DCfvo99x/,"IG image",,Lifetime,47656,36004,1317,208,0,43,43
17951879114853966,17841407868310918,kan_news,"כאן חדשות","""אבטחה הוצמדה למפקד בסיס חיל האוויר בנבטים, לאחר שישראל סיכלה מזימה לחסלו"" - כך דיווח היום ערוץ ""איראן אינטרנשיונל"". מקור ביטחוני ישראלי, שדיבר בלעדית עם ערוץ הגולים האיראני-האופוזציונרי שמשדר מלונדון במימון סעודי, אמר: ""זה אינו הליך שגרתי עבור כולם, רק למי שמאוים כמו הרמטכ""ל או מפקד חיל האוויר, אך כעת הוגברה האבטחה שלו ושל משפחתו משום שנחשף"".

לפי הדיווח, מפקד הבסיס תא""ל יותם סיגלר היה היעד של חוליית המרגלים מהצפון, שהורכבה מאזרחי ישראל ואזרבייג'ן. שבעת המרגלים נעצרו בחודש שעבר אחרי שניהלו קשרים עם סוכנים איראניים במשך שנים

@ramelibrandts 
צילום: עופר צידון, פלאש 90",0,"11/04/2024 06:33",https://www.instagram.com/p/DB8_UcxMBP2/,"IG image",,Lifetime,73794,52536,2176,105,5,60,36
17924946500976312,17841407868310918,kan_news,"כאן חדשות","""יש הרבה ישראלים שאומרים בדיוק אותו דבר"": רוב היהודים בארה""ב תומכים בדמוקרטים, והם לא רואים בכך סתירה עם התמיכה שלהם בישראל 
@moavvardi",80,"11/04/2024 06:01",https://www.instagram.com/reel/DB87lCftaRx/,"IG reel",,Lifetime,50145,30176,1134,66,3,129,50
18046825685053416,17841407868310918,kan_news,"כאן חדשות","""הוא נעלם, לא ידענו איפה הוא. העלימו אותו"": אימו של אלי פלדשטיין, החשוד המרכזי בפרשה הביטחונית בלשכת ראש הממשלה, סיפרה היום לראשונה על גילוי מעצרו של בנה.

""יש לנו המון מה להגיד אבל כרגע אסור לנו"", הוסיפה, ""הופתענו מאוד. הוא לא דיבר איתנו. מה שאנחנו יודעים זה רק מהתקשורת. עד עכשיו רשמית לא קיבלנו הודעה שהוא עצור. חיפשנו אותו. תפרו לו תיק, אני לא יודעת מה התיק - אני רק רוצה לראות אותו בבית"". 

בינתיים, סיפרה האם, ""מחכים שעורך הדין יפגוש אותו, ועד אז אנחנו רואים הרבה חדשות"". על בנה היא סיפרה: ""הוא מלח הארץ, את כל החיים הקדיש למדינה ושילם מחיר קהילתי ומשפחתי"". 

בתוך כך, דווח היום כי נעצר חשוד נוסף בפרשה - קצין צה""ל. החומר שהדלפתו נחקרת הוא איננו מסמך שלוחמים מצאו בעזה, אלא סוג אחר של מודיעין, שחשיפתו עלולה הייתה לשרוף מקורות מידע של המודיעין

@shanywmn",0,"11/04/2024 04:17",https://www.instagram.com/p/DB8vrRoxM-S/,"IG image",,Lifetime,63509,45460,766,20,0,164,23
18082786171480093,17841464234747957,kan_reshetb,"כאן רשת ב","“לא חושבת שמישהו יכול להבין באיזו מצוקה אנחנו נמצאים, אבא שלי נחטף מהבית בפיג’מה, יש שם תינוק בן שנה ומבוגר בן 86, איך זה שהעולם ממשיך להסתובב?”: שיר סיגל, הבת של קית’ שעדיין בשבי חמאס ושל אביבה ששוחררה מהשבי #סדריום",19,"11/04/2024 03:10",https://www.instagram.com/reel/DB8n9o7o7lL/,"IG reel",,Lifetime,51564,36839,1437,155,2,67,0
18032635574091765,17841407868310918,kan_news,"כאן חדשות","המחווה של קרובי ""גנדי"" לחטופים 👇

משפחת זאבי פנתה הבוקר ליו""ר הכנסת אמיר אוחנה בבקשה מיוחדת לבטל את כינוס המליאה המיוחד שתוכנן לזכרו. מדי שנה נערכת בכנסת ישיבה מיוחדת בהשתתפות ראש הממשלה לזכר איש הצבא, חבר הכנסת והשר שנרצח בידי מחבלים פלסטינים בשנת 2001. 

""ישראל מצויה בשנה הקשה בתולדותיה. חיילנו הגיבורים נלחמים בכל החזיתות ו–101 חטופות וחטופים נמקים בשבי חמאס. מדינת ישראל ואזרחיה כולם חייבים להמשיך  ולרכז את כל המאמצים, תשומת הלב, העניין הציבורי והתקשרותי בהחזרת החטופים"", נמסר בהודעת המשפחה. 

פלמח זאבי, בנו של רחבעם זאבי, הוסיף: ""אבא נשא על צווארו, עד רגעיו האחרונים, את דסקית השבויים והנעדרים. אין לנו ספק, שאילו אבא היה כאן, הוא היה רואה בחובה להשבת כל החטופות והחטופים חובה קדושה שאין למעלה ממנה.  הוא היה פועל ללא לאות להשבתם.

""בקשתנו לביטול הכינוס המיוחד של מליאת הכנסת לזכרו של אבא, מהווה מאמץ נוסף בדרכו לרכז את תשומת הלב של נבחרי הציבור כולם לציווי היהודי, הישראלי והציוני, שלעולם לא נשאיר אף אחד מאחור"". 

@yaarashapira 
צילום: פלאש90",0,"11/04/2024 01:31",https://www.instagram.com/p/DB8cts9IVkv/,"IG image",,Lifetime,49639,39708,1895,17,0,44,22
18018555161556444,17841407868310918,kan_news,"כאן חדשות","ממשיכות את דרכן 👇

יעל אשל ויובל מרציאנו, אחיותיהן של התצפיתניות שנפלו במוצב נחל עוז רוני אשל ונועה מרציאנו, התגייסו היום לצה""ל לתפקיד מדריכות חי""ר. לדברי שרון, אמא של יעל ורוני אשל, ""במשך שנה אני מנסה לשכנע אותה לא להתגייס, אבל זה לא הצליח לי. אני גאה בה"".

אבי מרציאנו, אביהן של נועה ויובל, כתב בפייסבוק: ""שנה אחרי שנפרדנו מנועה, שוב יש לי ילדה חיילת, יובל. והנה היא עוד שנייה עולה על מדים בדרך להיות מדריכת החי""ר הכי תותחית בצה""ל. בלב שלי מערבולת של רגשות ובלבול ופחד. לא מאמין שאני שוב מגייס ילדה לצבא למרות שאין עוד תחקיר אמיתי שיסביר לי איך אין לי את נועה, הילדה שגייסתי לפני שנה וחצי. ועוד אין ועדת חקירה ממלכתית. וכל מי שאחראי על הטבח והחטיפה, שלה ושל החברות שלה, עדיין בתפקיד. אני רוצה לסמוך. אבל על מי? למה? מי שומר עכשיו על הילדה שלי?"".
@yoavborowitz",0,"11/04/2024 00:06",https://www.instagram.com/p/DB8S8jBIVt6/,"IG image",,Lifetime,120648,88999,7883,252,0,165,110
17881791720158921,17841407868310918,kan_news,"כאן חדשות","״עובדים בארגון השתתפו בטבח״ 👇

שנה אחרי מתקפת 7 באוקטובר - משרד החוץ הודיע לאו״ם על ביטול ההסכם בין ישראל לאונר״א. 

שר החוץ ישראל כ״ץ אמר על כך: ״אונר״א - הארגון שעובדיו השתתפו בטבח 7 באוקטובר ושרבים מעובדיו הם פעילי חמאס - הוא חלק מהבעיה ברצועת עזה ולא חלק מהפתרון. לאו״ם הוצגו אינספור ראיות אודות פעילי חמאס העובדים באונר״א ואודות שימוש במתקני אונר״א למטרות ודבר לא נעשה בעניין. מדינת ישראל מחויבת לדין הבינלאומי ותמשיך לאפשר הכנסת סיוע הומניטרי לרצועת עזה באופן שלא יפגע בביטחון אזרחי ישראל״

@gilicohen10
צילום: Abed Rahim Khatib/Flash90",0,"11/03/2024 20:00",https://www.instagram.com/p/DB72z8TKJ_2/,"IG image",,Lifetime,48441,38782,2242,27,0,36,40
18204655888290045,17841407868310918,kan_news,"כאן חדשות","איך אפשר לתאר את הבן אדם הזה בדקה וחצי בלבד... (נ.ב - את הסרטון על האריס כבר ראיתם?) #רקשתדעו",109,"11/03/2024 13:01",https://www.instagram.com/reel/DB7G1COCXjO/,"IG reel",,Lifetime,42772,22903,704,15,3,56,30
18067881106713895,17841407868310918,kan_news,"כאן חדשות","מי אתה אלי פלדשטיין? החשוד המרכזי בפרשה הביטחונית בלשכת רה”מ נחשף 

@shapirayaara",92,"11/03/2024 12:41",https://www.instagram.com/reel/DB7DgZAIAPX/,"IG reel",,Lifetime,39694,25003,554,40,1,74,30
17869487379233535,17841407868310918,kan_news,"כאן חדשות","תכתבו לנו בתגובות מה הדבר הכי חשוב לגבי קמלה האריס ששכחנו לציין בסרטון. ולפני שתכעסו - יש גם סרטון על טראמפ 😉
#רקשתדעו",98,"11/03/2024 12:05",https://www.instagram.com/reel/DB7APRhoxLU/,"IG reel",,Lifetime,41653,24794,816,26,0,116,37
18047933332952042,17841407868310918,kan_news,"כאן חדשות","""הייתה עלולה להיגרם פגיעה ביכולת להשיג את שחרור החטופים"" 👇

בית המשפט התיר לפרסם את שמו של החשוד המרכזי בפרשה הביטחונית החמורה בלשכת ראש הממשלה: אליעזר פלדשטיין. 

במסמך שהוציא בית המשפט נכתב: ""החקירה החלה לאחר שהתגבש חשד משמעותי בשב""כ ובצה""ל, נוכח פרסום תקשורתי, לפיו מידע מודיעיני מסווג ורגיש נלקח מתוך מערכות צה""ל והוצא שלא כדין - והתקיים החשש לפגיעה חמורה בביטחון המדינה וסיכן מקורות מידע. בשל כך עלולה הייתה להיגרם פגיעה ביכולתם של גופי הביטחון להשיג את היעד שעניינו שחרור החטופים"" 

ניתן לפרסם גם כי במסגרת החקירה נחקרו עד כה ארבעה עצורים, בהם גורמי ביטחון והאזרח אליעזר פלדשטיין.

@almogtamar @shapirayaara @amichaistein",0,"11/03/2024 10:56",https://www.instagram.com/p/DB64l3VqU69/,"IG image",,Lifetime,60843,44887,852,67,0,72,26
18204536065292584,17841407868310918,kan_news,"כאן חדשות","“רצים בשבילה כשהיא לא יכולה” ❤️🎗️👇

מאות רצים במרתון ניו יורק ילבשו חולצות עם תמונותיהם של החטופים והחטופות שאוהבים לרוץ בעצמם: נעמה לוי, דורון שטריינבכר, עידן אלכסנדר, אביתר דויד ואוהד יהלומי. 

ימית אשכנזי, אחותה של דורון שטריינבכר, אמרה: “דורונה שלנו הייתה יוצאת בכל שבת בבוקר לריצה מסביב לקיבוץ על הגדר, מרגש לראות שכל כך הרבה אנשים רצים בשבילה כשהיא לא יכולה”. 
יוני לוי, אביה של נעמה לוי, סיפר: “נעמה השתתפה במרוצים ובתריאטלונים, אני בטוח שאם היא הייתה יודעת שרצים עם תמונתה היא הייתה מאושרת”. 

@nathanguttman
צילום: דני טננבאום",0,"11/03/2024 10:00",https://www.instagram.com/p/DB6yJ0aIxxq/,"IG image",,Lifetime,109980,91410,5725,50,5,36,33
18070518847615275,17841407868310918,kan_news,"כאן חדשות","""חוק המעונות"" או ""חוק תקצוב המשתמטים""? 
מסכימים עם #המספרהיומי של @lielkyzer ?",92,"11/03/2024 09:30",https://www.instagram.com/reel/DB6uiDBIvhF/,"IG reel",,Lifetime,28081,19442,383,45,3,51,12
17940656438794078,17841407868310918,kan_news,"כאן חדשות","ממש כמו בסרטים: לוחמי אגוז פעלו בשטח סוריה ועצרו אזרח סורי שהופעל בידי איראן - ואסף מודיעין על כוחות צה”ל במרחב ליד הגבול. האזרח - עלי סלימאן אלעאצי - נלקח לישראל ונחקר בידי יחידה 504 וכוחות הביטחון 

@itayblumental 
צילום: דובר צה”ל",66,"11/03/2024 09:12",https://www.instagram.com/reel/DB6sM_mIMNQ/,"IG reel",,Lifetime,47611,28899,1433,71,0,55,78
18038241074006060,17841407868310918,kan_news,"כאן חדשות","הייתם נופלים בפח? כך מגייסים ישראלים לריגול עבור איראן - הכתבה המלאה הערב במהדורת כאן חדשות 
@orenaharoni",45,"11/03/2024 07:36",https://www.instagram.com/reel/DB6hn_SPvLg/,"IG reel",,Lifetime,85582,48110,1283,268,4,52,102
18026699885435488,17841407868310918,kan_news,"כאן חדשות","צה""ל בהודעה ראשונה בפרשת הדחת הח""כ ממילואים 👇

""חברי כנסת שהינם משרתי מילואים, מוקפאים משירות פעיל לתקופת כהונתם. בקשות פרטניות נבחנות בהתאם לצורך ומאושרות על-ידי ראש אכ""א. מספר בקשות כאלה אושרו במהלך המלחמה.

""במקרה של ח""כ קרויזר אושרה הבקשה באופן פרטני, אל מול צורך מבצעי ולמשימה הספציפית בלבנון. בסיום השירות היה אמור לחזור להקפאת שירות.

""בין היתר הודגש למשרת כי אין לבצע כל קישור בין שירות המילואים לתפקידו הציבורי ולכך הוא התחייב. נוכח הפרת ההתחייבות, החליט ר׳ אכ""א על הפסקת שירות המילואים הנוכחי.

""בירור נסיבות המקרה מרגע גילויו, התרחש לאחר שהגדוד סיים את משימתו המבצעית.

""לאחר שיח עם מפקדו בו הבהיר כי התמונה לא צולמה והופצה על ידו, ראש אכ""א החליט כי ינתנו לו 8 ימי ההתרעננות להם הוא זכאי במאגר הייעודי לו הוא שייך"". 

צילום: יונתן זינדל, פלאש90",0,"11/03/2024 06:20",https://www.instagram.com/p/DB6Y9b7oArQ/,"IG image",,Lifetime,68642,53295,2322,43,2,61,32
18066840541711248,17841407868310918,kan_news,"כאן חדשות","הגיע למרות המפגינים 👇

מלך ספרד פיליפ השישי סייר באזורים בהם נהרגו יותר מ-200 אנשים בשיטפונות קטלניים. תושבים רבים ליוו אותו וצעקו לעברו: ""רוצח"" 

@ishay_bar_yosef 
תיעוד: רויטרס",29,"11/03/2024 05:49",https://www.instagram.com/reel/DB6Vb0xMsao/,"IG reel",,Lifetime,72329,42034,1259,70,0,137,59
17957575136722075,17841438241983957,kanmoreshet,"כאן מורשת","השחקן והיוצר גיל קפטן נפרד הבוקר (יום א') מחברו הקרוב, השחקן יעקב כהן ז""ל - שהלך לעולמו לאחר מאבק במחלה קשה. קפטן שיתף את בני טילטבוים בזכרונות מכהן, גם כיוצר וגם כיהודי: ""נסענו להצגה בקרית ארבע, והוא ארגן שהאוטובוס יגיע גם למערת המכפלה. אנשים שלא היו חושבים להגיע לשם חוו חויה רוחנית בזכותו""",17,"11/03/2024 05:27",https://www.instagram.com/reel/DB6R7ZXIETm/,"IG reel",,Lifetime,41163,28009,1786,79,10,21,0
18057537457848214,17841407868310918,kan_news,"כאן חדשות","""מתוך שלל שנאסף על ידי צה""ל""

אגם גולדשטיין אלמוג שנחטפה על ידי חמאס ושוחררה בעסקת החטופים בנובמבר לפני שנה, פרסמה תמונה ושל אחיה מהשבי, שצולמה ב-8 באוקטובר, יום אחרי החטיפה. אגם כתבה - ""אני רואה את העיניים שלי ואת הרגשות שלהן אחרי יום בשבי. מה אגיד על מי שנמצא שם 400 ימים""?

@nofarji",0,"11/03/2024 03:42",https://www.instagram.com/p/DB6G8fsoaHs/,"IG carousel",,Lifetime,96913,56082,3246,86,0,33,112
17926138514974243,17841407868310918,kan_news,"כאן חדשות","הפרשה שנחשפה בכאן חדשות - היום בית המשפט ידון בהסרת צו איסור הפרסום. בינתיים הנה כמה דברים שחשוב שתדעו
@shemeshmicha",0,"11/03/2024 02:48",https://www.instagram.com/p/DB6AtVuoCXe/,"IG carousel",,Lifetime,64648,36221,1490,155,3,197,73
18041686174938931,17841407868310918,kan_news,"כאן חדשות","״בסוף כשצריך אותם אין צבא?״ 
Alon Sharvit",67,"11/03/2024 01:01",https://www.instagram.com/reel/DB50YpuqUMo/,"IG reel",,Lifetime,43669,27584,1402,68,0,37,86
18046604378068277,17841407868310918,kan_news,"כאן חדשות","סרטון מטהראן מכה גלים 👇

תיעוד ויראלי שמסתובב מאז אמש ברשתות הגולים האיראנים בו נראית, לכאורה: צעירה/סטודנטית שאתמול הוטרדה על ידי משטרת המוסר על כך שאינה עוטה חיג'אב, ובמחאה הסירה את בגדיה והסתובבה כך ברחובות בהתרסה. על פי רשתות הגולים האיראנים היא נעצרה על ידי כוחות משמרות המהפכה ונעלמה. ""אלו הפנים האמיצות של ההתנגדות האמיתית"", כותבת אליקה לה בון, משפיענית רשת ממוצא איראני.",16,"11/02/2024 23:43",https://www.instagram.com/reel/DB5kb7Moj7a/,"IG reel",,Lifetime,197763,96985,6628,631,9,546,302
18024925130235246,17841407868310918,kan_news,"כאן חדשות","לוחם נהרג בלילה שבין שישי לשבת מפיצוץ רימון בצפון רצועת עזה. צה""ל: המשטרה הצבאית חוקרת את נסיבות האירוע, הודעה נמסרה למשפחתו. יהי זכרו ברוך

@carmelamenashe",0,"11/02/2024 21:57",https://www.instagram.com/p/DB5YiKSI_ad/,"IG image",,Lifetime,43153,33618,1560,12,0,40,18
17980320539777326,17841407868310918,kan_news,"כאן חדשות","חבר הכנסת יצחק קרויזר מעוצמה יהודית הודח ממילואים לאחר שתמונה שלו מלבנון רצה ברשת. בתמונה הוא נראה כשהוא יושב על מדרגות בית ליד לוחמים נוספים, כשעל קיר הבית רוסס: ״לשכת ח״כ קרויזר״. 

ראש מפלגתו בן גביר יצא נגד הצעד בחשבון ה-X שלו: ״אתה גאווה לעוצמה יהודית ולמדינת ישראל. בושה וחרפה לפיקוד צה״ל שהדיח אותך. יש בצה״ל אנשים שכנראה שכחו מי אוהב ומי אויב״. חברי המפלגה עמדו לצידו גם כן והעלו את התמונה שעוררה את הסערה לרשתות החברתיות לצד סימן של הצדעה. 

גם בני גנץ התייצב לצד הח״כ שהודח וצייץ: ״הצילום הוא טעות שמצריכה בירור ואולי גם ענישה. לצד זאת, בימים האלו שבהם חסרים לנו לוחמים ורוח הקרב כל כך חשובה, הדחתו דווקא של נבחר ציבור, שמשמש דוגמה ובוחר לצאת להילחם, משדרת מסר שגוי. לח״כ קרויזר, שאני חלוק עליו מהיסוד, מגיעה מילה טובה על התגייסותו ואני קורא לצה״ל לשקול מחדש את הדחתו״

@shapirayaara @dikla_aharon 
צילום: Yonatan Sindel/Flash90",0,"11/02/2024 14:39",https://www.instagram.com/p/DB4mbFLK0A_/,"IG carousel",,Lifetime,84384,43890,2304,46,0,157,59
17953132718745830,17841407868310918,kan_news,"כאן חדשות","מאושר עצום לאבל וכאב: יובל ומשה היו אמורים להתחתן - אבל נרצחו בנובה 
@ifatamiel",69,"11/02/2024 14:01",https://www.instagram.com/reel/DB4iA1xiNmB/,"IG reel",,Lifetime,75906,50556,3947,58,11,196,71
17947930109858119,17841407868310918,kan_news,"כאן חדשות","במשך תקופות מסוימות במלחמה ובעקבות הדלפות, במערכת הביטחון הפסיקו להעביר מידע ומסמכים סודיים באמצעים אלקטרוניים - ועשו זאת באמצעות מעטפות ושליחים. כאשר המידע הועבר באופן פיזי ההדלפות אכן פחתו באופן משמעותי, אך לא נפסקו לגמרי. 

@suleimanmas 
צילום: פלאש 90",0,"11/02/2024 12:46",https://www.instagram.com/p/DB4ZiBZIGSw/,"IG carousel",,Lifetime,63179,37718,1125,27,0,37,34
18023640239255024,17841407868310918,kan_news,"כאן חדשות","״ההתנערות מהעובד - חרפה״ 👇

המקורב לנתניהו שעומד במרכז הפרשה הביטחונית החמורה שנחשפה בכאן חדשות, נכח בלשכתו גם בשבוע שעבר - ועבד צמוד לראש הסגל צחי ברוורמן וליועצים אחרים במשרד. 

מוקדם יותר הערב לשכת ראש הממשלה הוציאה הודעה בנושא: ״המסמך שפורסם כלל לא הגיע ללשכת ראש הממשלה מאמ”ן, וראש הממשלה למד עליו מהתקשורת. האדם המדובר מעולם לא השתתף בדיונים ביטחוניים, לא נחשף או קיבל מידע מסווג, ולא לקח חלק בביקורים סודיים״. 

מעורבים בפרשה השיבו לתגובה ואמרו לכאן חדשות: ״הגורם עבד בשירות נתניהו, ההתנערות ממנו היא חרפה”

@shemeshmicha 
צילום: Chaim Goldberg/Flash90",0,"11/02/2024 12:12",https://www.instagram.com/p/DB4VoVmIqMB/,"IG carousel",,Lifetime,55372,33158,1047,24,0,147,39
18258133636264482,17841407868310918,kan_news,"כאן חדשות","הותרו לפרסום שמותיהם של שני לוחמים שנפלו בקרבות ברצועת עזה: סמ״ר איתי פאריזאט ז״ל, בן 20 מפתח תקווה וסמ״ר יאיר חנניה ז״ל, בן 22 ממצפה נטופה - שניהם לוחמים בגדוד שקד בחטיבת גבעתי, נפלו בקרב בצפון הרצועה. יהי זכרם ברוך 

@ItayBlumental",0,"11/02/2024 10:46",https://www.instagram.com/p/DB4LxNcIWL2/,"IG carousel",,Lifetime,149370,71251,5225,126,4,393,26
18424940656072733,17841407868310918,kan_news,"כאן חדשות","עם קסדה מ-82׳: משה הוא המילואימניק הכי ותיק בלבנון
@riadalee",54,"11/02/2024 09:13",https://www.instagram.com/reel/DB4BD6dsbm5/,"IG reel",,Lifetime,39937,26545,1706,54,1,53,42
18075313225584807,17841407868310918,kan_news,"כאן חדשות","השחקן והקומיקאי יעקב כהן הלך לעולמו בגיל 66 בבית החולים איכילוב, אחרי שנאבק במחלת הפרקינסון במשך כעשור. 

כהן נולד ב-1958 במקנס שבמרוקו, עלה לישראל כשהיה בן 6 וגדל במגדל העמק. הוא בוגר בית הספר למשחק בית צבי ובמשך השנים השתתף באינספור סרטי קולנוע, הצגות בתאטרון וסדרות טלוויזיה. בין השאר, הוא שיחק בהצגות ״בוסתן ספרדי״, ״סלאח שבתי״ ו״הסוחר מונציה״, בסרט ״אבא גנוב״ ובסדרות הטלוויזיה ״שישה אפסים״, ״הבורר״, ״שנות ה-80״ ו״נויורק״. 

הוא הניח אישה, טירנית, ושני ילדים. יהי זכרו ברוך

@alon_fruchter",0,"11/02/2024 08:57",https://www.instagram.com/p/DB3_TM9Kyek/,"IG image",,Lifetime,130089,103136,4636,181,1,200,28
18022549877277210,17841407868310918,kan_news,"כאן חדשות","אחרי חצי שעה באוויר: מסוק אפצ׳י יירט את הכטב״ם שחדר לישראל מלבנון 
@itayblumental 

תיעוד: אנחנו עושים מאמץ גדול לאתר את בעלי הזכויות בצילומים. השימוש ביצירות שבעל הזכויות בהן אינו ידוע או לא אותר נעשה לפי סעיף 27א ל""חוק זכויות יוצרים"". אם זיהיתם צילום ואתם בעלי הזכויות בו, יש לפנות",9,"11/02/2024 08:13",https://www.instagram.com/reel/DB36Poay1wg/,"IG reel",,Lifetime,60506,31265,953,74,0,23,31
18029856779130420,17841407868310918,kan_news,"כאן חדשות","פגזים, רימונים ומאות אמצעים לייצור רקטות: צה״ל איתר והשמיד מפעל לייצור אמצעי לחימה במרכז רצועת עזה

@itayblumental @carmelamenashe",52,"11/02/2024 08:01",https://www.instagram.com/reel/DB34yXRvVWS/,"IG reel",,Lifetime,70720,42363,2983,408,1,205,141
18046251467102144,17841407868310918,kan_news,"כאן חדשות","לפי דיווחים בלבנון, כוח צבאי ישראלי ערך פשיטה לפנות בוקר בעיר בתרון שבצפון המדינה - ועצר את עימאד אמהז, פעיל בכיר בחיזבאללה. 

גופי תקשורת ערביים דיווחו שאמהז הוא קצין בחיל הים של לבנון, אך שר התחבורה הלבנוני טוען כי הוא חובל בספינות אזרחיות ומסחריות

@omershahar10 @roikais @kan_middleast",0,"11/02/2024 06:36",https://www.instagram.com/p/DB3vOUfqYuU/,"IG carousel",,Lifetime,86744,46920,2378,196,0,53,54
18011994227452335,17841407868310918,kan_news,"כאן חדשות","החברים של דניל, אביתר ומטודי מספרים על האירוע הקשה וההתמודדות המשותפת #נחלאווי #עורבנחל @alon__sharvit",88,"11/02/2024 04:19",https://www.instagram.com/reel/DB3fP_Moi6g/,"IG reel",,Lifetime,37595,23781,1495,217,0,50,58
18048141466828223,17841407868310918,kan_news,"כאן חדשות","חשיפת כאן חדשות | השאלה המרכזית בפרשה הביטחונית בלשכת ראש הממשלה - מי נתן את ההוראה?
@gilicohen10",0,"11/02/2024 03:18",https://www.instagram.com/p/DB3Yj3poUL4/,"IG carousel",,Lifetime,67209,38083,1313,119,4,250,56
18028286543159791,17841464234747957,kan_reshetb,"כאן רשת ב","קלוד אבראהים, ראש לשכתו לשעבר של מפקד צד“ל: „אם לא נעשה הסכם שלום תהיה מלחמת הלבנון השלישית, הרביעית, החמישית והשישית. יש הרבה אנשים בלבנון שרוצים שישראל תסיים את המלחמה הזאת כמו שצריך“",37,"11/02/2024 01:30",https://www.instagram.com/reel/DB3MIYvI0ic/,"IG reel",,Lifetime,19624,13148,305,18,2,21,0
18049754620807221,17841407868310918,kan_news,"כאן חדשות","""מייחלת לרגע שתיוולד מחדש""
@alon__sharvit",79,"11/01/2024 23:30",https://www.instagram.com/reel/DB19LwLo8bT/,"IG reel",,Lifetime,89842,60454,3850,268,6,78,141
17944734461876615,17841407868310918,kan_news,"כאן חדשות","״אין בעיר מרחבים מוגנים״ 👇

נפילה בטירה: 11 אנשים נפצעו ופונו לבית החולים - 3 מהם במצב בינוני. 

סגן ראש עיריית טירה אמר בנושא: ״הפגיעה הייתה בבית מגורים, בטירה אין מרחבים מוגנים״

@Anna.pines @hadasgrinberg
אנחנו עושים מאמץ גדול לאתר את בעלי הזכויות בצילומים.
השימוש ביצירות שבעל הזכויות בהן אינו ידוע או לא אותר נעשה לפי סעיף 27א ל""חוק זכויות יוצרים""
אם זיהיתם צילום ואתם בעלי הזכויות בו, יש לפנות ל-zcuyot@kan.org.il",19,"11/01/2024 22:32",https://www.instagram.com/reel/DB23sc4obqj/,"IG reel",,Lifetime,74860,40442,1080,105,1,228,44
17943726902909567,17841407868310918,kan_news,"כאן חדשות","היסטוריה בנגב: מרוץ הגמלים החוקי הראשון #נגב
@asaf_pozailov",131,"11/01/2024 14:55",https://www.instagram.com/reel/DB2DH_EI7Zq/,"IG reel",,Lifetime,45617,27802,1204,522,1,56,82
18100763338458740,17841407868310918,kan_news,"כאן חדשות","הפרטים מתחילים להיחשף >>

נשיא בתי משפט השלום במחוז מרכז החליט לצמצם את איסור הפרסום בפרשה הביטחונית הנוגעת ללשכת ראש הממשלה בנימין נתניהו, שנחשפה בחדשות הערב בכאן 11.

""בשבוע האחרון החל השלב הגלוי בחקירה משותפת של שב""כ, משטרת ישראל וצה""ל, אשר עניינה חשד לפגיעה ביטחונית על רקע מסירת מידע מסווג שלא כדין. מדובר בסיכון מידע רגיש ומקורות מידע, וכן בפגיעה בהשגת יעדי המלחמה ברצועת עזה. בשלב זה נעצרו לחקירה מספר חשודים והחקירה נמצאת בעיצומה"", כתב השופט.

השבוע פורסם בחדשות הערב על אודות משבר חסר תקדים בין הדרג המדיני לביטחוני בעקבות חשש להעברת ידיעות מסווגות שלא כדין. אחד העצורים הוא אדם שעבד צמוד לראש הממשלה, והחשד הנחקר הוא פגיעה ביעדי המלחמה.

עוד פורסם השבוע על ידי כתבנו מיכאל שמש כי דובר שעבד צמוד לראש הממשלה ולעוזריו לא עבר את בדיקות הסיווג הביטחוני של שב""כ ובכל זאת המשיך להיחשף שם למידע ומסמכים חסויים שהם קודש הקודשים המודיעיני.

במקביל הודלפו לתקשורת הזרה, ייתכן שגם לכלי תקשורת בארץ, מסמכי מודיעין חסויים שחלקם עסקו במנהיג חמאס שחוסל, יחיא סינוואר. עוד פרסם מיכאל שמש שראש הסגל של נתניהו צחי ברוורמן ויועצו הקרוב של ראש הממשלה יונתן אוריך הגיעו להתייעצות במשרדו של עורך הדין עמית חדד. ביום ראשון הקרוב צפוי דיון בהסרת צו איסור הפרסום.

מלשכת ראש הממשלה נמסר כי ""בניגוד לפרסומים השקריים ולמראית העין שמנסים לצייר בתקשורת, איש מלשכת ראש הממשלה לא נחקר ולא נעצר"".

מוקדם יותר היום מסר ראש הממשלה בנימין נתניהו הודעה המתייחסת לראשונה לתוכנה של הפרשה. בהודעה מטעם לשכתו נאמר כי ""לא בכדי דרש ראש הממשלה נתניהו הסרה מיידית של צו איסור הפרסום לחקירה, שאיפולה המתמשך נועד להשחיר את לשכתו. בעוד שמלשכת ראש הממשלה לא הייתה כל הדלפה, דווקא כן היו עשרות הדלפות שפורסמו בכלי תקשורת בארץ ובחו""ל שחשפו פרטים אודות המו""מ להשבת החטופים, מישיבות סודיות בקבינט ומפורומים רגישים אחרים - וזאת מבלי שאיש נחקר. מעניין מדוע"".",0,"11/01/2024 13:50",https://www.instagram.com/p/DB18DUXtfZj/,"IG carousel",,Lifetime,70871,40154,1146,54,0,91,53
18036126695248332,17841407868310918,kan_news,"כאן חדשות","בקשה עזרה מסבא אהרון ואבודים בחלל של טונה: הדברים שעברו בראש ברגעים הלא נתפסים במיגונית
@maya_rachlin",87,"11/01/2024 08:00",https://www.instagram.com/reel/DB1UAjrIS1D/,"IG reel",,Lifetime,186477,131400,10455,216,36,249,415
18022395557536225,17841407868310918,kan_news,"כאן חדשות","ראש האופוזיציה יאיר לפיד הגיב לפרשה הביטחונית החמורה שבה מעורבת לשכת ראש הממשלה בנימין נתניהו,  ושנחשפה לראשונה בכאן חדשות. ""נתניהו מנסה כבר עכשיו להרחיק את עצמו מהפרשה ולהטיל אחריות על אחרים, אבל העובדות הפוכות: הוא אחראי באופן אישי על כל נייר, מילה, או מידע היוצא מלשכתו"".

הפרשה עוסקת בחשש להעברת מידע מסווג בדרכים שאינן מקובלות, שעורר מתיחות חסרת תקדים בין הדרג הצבאי לדרג המדיני. יתר הפרטים אסורים בפרסום.

יו""ר המחנה הממלכתי בני גנץ הגיב גם הוא, בציוץ ברשת X: ""ראש הממשלה הוא הנושא באחריות לנעשה בלשכתו. בטוב וברע"".

אתמול דרש נתניהו לבטל את צו איסור הפרסום על הפרשה הביטחונית. בהודעת לשכתו נכתב: ""העירפול המתמשך משמש כסות להכפשה מכוונת וזדונית נגד לשכת ראש הממשלה"". בכאן חדשות ובגופי תקשורת נוספים פנו לבית המשפט בבקשה שיתיר לפרסם את פרטי הפרשה.",0,"11/01/2024 06:56",https://www.instagram.com/p/DB1MteMKOh2/,"IG image",,Lifetime,52885,40841,1247,163,1,175,24
18465488683042903,17841407868310918,kan_news,"כאן חדשות","סרן ירדן זכאי, בן 21 מחדרה, מפקד מחלקה בגדוד שקד בחטיבת גבעתי, מת מפצעיו לאחר שנפצע באורח קשה ב-17.9.24 בקרב בדרום רצועת עזה. בכך, מספר חללי צה""ל מתחילת המלחמה עלה ל-778.

סרן ירדן זכאי נפצע קשה באירוע בו נפלו הלוחמים סרן דניאל טואף, סמ""ר דותן שמעון וסמ""ר עמית באכרי ז""ל, והפראמדיקית סמ""ר אגם נעים, כשנפגעו מפיצוץ אמל""ח במבנה ברפיח.

יהי זכר הנופלים ברוך 🕯",0,"11/01/2024 02:04",https://www.instagram.com/p/DB0rNeWIu7I/,"IG carousel",,Lifetime,90000,61432,4497,256,1,378,37
17936241656927771,17841407868310918,kan_news,"כאן חדשות","נסראללה הלך, אבל לחמינאי יש אפילו צרות גדולות יותר #בשכונה_שלנו @roikais",388,"11/01/2024 01:48",https://www.instagram.com/reel/DB0oIxDough/,"IG reel",,Lifetime,28421,18617,961,101,8,217,95
17981573693774096,17841407868310918,kan_news,"כאן חדשות","תיעוד נדיר מאפגניסטאן: הישראלי שנכנס למעוז של הטאליבן @roikais @yoav.zehavi",346,"10/31/2024 13:45",https://www.instagram.com/reel/DBzVrNjoZOE/,"IG reel",,Lifetime,67723,39448,1469,177,1,29,158
17928041957852999,17841407868310918,kan_news,"כאן חדשות","אנחנו נשארים בארץ: הישראבלוף בלוח הטיסות
@sharon_idan",35,"10/31/2024 12:47",https://www.instagram.com/reel/DBzQAL6C6e5/,"IG reel",,Lifetime,60816,36172,1021,301,2,38,54
18329458576157151,17841407868310918,kan_news,"כאן חדשות","למרות שהחקלאים עבדו לפי הנהלים ובאזורים ללא הגבלות 👇

מתחקיר ראשוני של האירועים הטרגיים בהם נרצחו היום שבעה אנשים במטולה וליד שפרעם, עולה כי לא נעשו כלל ניסיונות יירוט של הרקטות - מפני שהשטחים החקלאיים בהם עבדו הוגדרו כ”שטחים פתוחים”. 

הנרצחים - כולם חקלאים - עבדו בהתאם לנהלים ובמקומות שלא חלו עליהם הגבלות כלל

@ItayBlumental
צילום: דוברות מד”א",0,"10/31/2024 11:32",https://www.instagram.com/p/DBzHgLLo641/,"IG carousel",,Lifetime,76012,41241,1154,103,0,59,38
18059006749660841,17841407868310918,kan_news,"כאן חדשות","בר מצווה בלי אבא: ארז קלדרון, ששוחרר מהשבי, עלה לתורה – “השמחה מהולה בעצב גדול”
@yoavborowitz",0,"10/31/2024 10:45",https://www.instagram.com/p/DBzCGJ7o_zH/,"IG carousel",,Lifetime,174144,125755,14357,133,16,205,118
18059926393816251,17841407868310918,kan_news,"כאן חדשות","לראשי הרשויות בעוטף עזה נודע כי בתקציב המדינה החדש יקוצצו 7% מתקציב מנהלת תקומה. המשמעות: קיצוץ של יותר ממיליארד שקלים 

@itsik_z 
צילום: Gili Yaari /FLASH90",0,"10/31/2024 10:29",https://www.instagram.com/p/DBzAQaHKexv/,"IG image",,Lifetime,71772,51982,953,62,2,79,25
18030715829118643,17841407868310918,kan_news,"כאן חדשות","הותר לפרסום: עומר ויינשטיין, בן 47 מקיבוץ דפנה, הוא הנרצח מפגיעת הרקטה הבוקר במטולה. אביו בן ה-80 נכח במקום וראה את בנו נפגע, אך הוא עצמו לא נפצע. 

עומר הותיר אחריו ארבעה ילדים - הגדולה תלמידת כיתה י""ב, הקטן בן 4. יהי זכרו ברוך 💔

@chen_beyar @rubih",0,"10/31/2024 08:25",https://www.instagram.com/p/DByyCYHqqsS/,"IG image",,Lifetime,164516,113447,6815,267,2,384,61
18051945631934358,17841407868310918,kan_news,"כאן חדשות","""זה או אנחנו או הם"": איתן דוידי, יו""ר מושב מרגליות, לא מוכן להסדרה שתחזיר את הכפרים הלבנוניים ליד הגבול
@kerenuzan1",27,"10/31/2024 08:01",https://www.instagram.com/reel/DByvREBs1NO/,"IG reel",,Lifetime,43523,27747,1309,41,2,71,40
18026301620416209,17841407868310918,kan_news,"כאן חדשות","שני הרוגים במטח לקריות: אישה כבת 60 וגבר כבן 30 נהרגו מפגיעה במטע זיתים סמוך לקיבוץ אפק, אדם נוסף נפצע קל.

הבוקר נהרגו חמישה אנשים נוספים במטולה. בכך עלה מספר הנרצחים היום מירי רקטי לשבעה 

@chen_beyar",0,"10/31/2024 07:03",https://www.instagram.com/p/DByonJcKVqf/,"IG image",,Lifetime,65398,47816,1161,74,0,40,18
18256463080267609,17841407868310918,kan_news,"כאן חדשות","בזמן שאנחנו נדרשים להיכנס מתחת לאלונקה - הפוליטיקאים נשכבים עליה 
#המספרהיומי #משחקיהכיס",80,"10/31/2024 06:30",https://www.instagram.com/reel/DByk2_UvvXz/,"IG reel",,Lifetime,39222,20197,412,25,0,25,18
18030016181371565,17841407868310918,kan_news,"כאן חדשות","פרוספר אזרן, לשעבר ראש עיריית קריית שמונה, יוצא נגד הסדרה עם לבנון: ""עד שהתחלנו להחזיר את האמון בצה""ל מציעים הסדרות עם טרוריסטים?!""",24,"10/31/2024 05:10",https://www.instagram.com/reel/DBybuRhKNjf/,"IG reel",,Lifetime,27262,17820,434,16,3,31,12
17933682485826364,17841407868310918,kan_news,"כאן חדשות","ארבעה עובדים זרים וחקלאי ישראלי נהרגו בפגיעה ישירה במטולה. עובד זר נוסף הובהל לבית החולים במצב קשה מאוד

@kan_reshetb @chen_beyar 
צילום: אילוסטרציה - Ayal Margolin/Flash90",0,"10/31/2024 04:18",https://www.instagram.com/p/DByVxfnIsGr/,"IG image",,Lifetime,50477,36570,1341,37,0,35,26
18044131097077855,17841407868310918,kan_news,"כאן חדשות","ארבעה פצועים אנוש ושניים קשה בנפילת רקטה במטולה

צילום: איל מרגולין, פלאש90",0,"10/31/2024 03:13",https://www.instagram.com/p/DByOXn9o-5W/,"IG image",,Lifetime,22058,16986,589,6,0,15,9
17985393464750126,17841470312538363,kan_middleast,"כאן - המזרח התיכון","החיסולים בלבנון נמשכים 👆 מי היעד הבא?",9,"10/31/2024 03:00",https://www.instagram.com/reel/DByMsJiNYO0/,"IG reel",,Lifetime,34683,20120,540,18,5,49,0
17922111803987408,17841407868310918,kan_news,"כאן חדשות","עוד נאשם בריגול - אשר בנימין וייס מבני ברק 

הפרקליטות הגישה נגד וייס כתב אישום בגין מגע עם סוכן חוץ ומסירת ידיעה לאויב. לפי כתב האישום, וייס צילם באמצעות מצלמת גו-פרו בית של מדען גרעין ישראלי המתגורר ברחובות. את התמונות העביר לאיש קשר משכונת בית צפאפה בירושלים, שתכנן להתנקש במדען. 

בנוסף, כתב האישום מציין שווייס ריסס כתובות גרפיטי מסיתות וביצע שלל משימות חבלה בתשתיות אזרחיות בהכוונה איראנית. את הדברים עשה תמורת כסף שעבר עליו מאיראן. 

@itayblumental 
צילום: יונתן זינדל, פלאש90",0,"10/31/2024 02:09",https://www.instagram.com/p/DByHEVjIcOn/,"IG image",,Lifetime,39272,31235,1012,61,1,46,21
18014828891361079,17841407868310918,kan_news,"כאן חדשות","לשכתו של ראש הממשלה בנימין נתניהו מעסיקה בפועל דובר שעסק בעניינים ביטחוניים, על אף שנכשל בסיווג ביטחוני של שירות הביטחון הכללי. כך נחשף היום בתוכנית ""הבוקר הזה"" בכאן רשת ב.

בשנה האחרונה הועסק בלשכה הדובר, למרות שנאסר על משרד ראש הממשלה לקלוט אותו כעובד. הדובר שאמור היה לשמש כדובר רשמי במשרד ראש הממשלה, נפסל בסיווג הביטחוני שנערך לו על ידי שב""כ ולא זכה לסיווג הנדרש מעובד במשרד ובשל כך, נאסרה העסקתו במשרד.

למרות זאת, המשיך הדובר לתפקד כדובר בפועל מטעם לשכת ראש הממשלה ועסק גם כדובר לעניינים ביטחוניים. משירות הביטחון הכללי וממשרד ראש הממשלה לא נמסרה תגובה לפרסום.
@shemeshmicha 
צילום: יונתן זינדל, פלאש90",0,"10/31/2024 01:58",https://www.instagram.com/p/DByFytAIWf4/,"IG image",,Lifetime,51748,40346,1266,115,0,162,35
18083811874530913,17841407868310918,kan_news,"כאן חדשות","מרגלים נוספים עבור איראן נחשפו 👇

שב""כ ומשטרת ישראל פרסמו היום שחשפו תשתית של גורמי מודיעין איראנים שפעלה לגיוס והפעלה של אזרחים בישראל. במסגרת החקירה נעצרו בני זוג מלוד, בחשד שביצעו משימות איסוף מודיעין על תשתיות לאומיות, אתרים ביטחוניים ומעקב אחר אשת אקדמיה. היום פרקליטות מחוז מרכז תגיש כתב אישום חמור כנגדם.

בהודעת שב""כ והמשטרה נמסר: רפאל וללה גולייב, תושבי לוד כבני 32, נעצרו לאחר שביצעו משימות מטעם תשתית איראנית המגייסת ""ישראלים יוצאי מדינות הקווקז בישראל"". במסגרת החקירתה נגדם בשב""כ ובמשטרה עלה כי רפאל גולייב גוייס לפעילות על ידי אלשאן אגייב, בן 56 ממוצא אזרי, הפועל מטעם גורמים איראנים.

במסגרת הפעלתו, ביצע גולייב משימות מעקב אחר אתרים ביטחוניים בישראל, בהם מטה המוסד וכן איסוף מודיעין אחר אשת אקדמיה העובדת במכון למחקרי ביטחון INSS - אותה סימנו האיראנים לפגיעה פיזית.

צילום: אי-פי",0,"10/31/2024 00:55",https://www.instagram.com/p/DBx-mcXIOsv/,"IG image",,Lifetime,61244,47975,1667,172,0,156,47
17919914540995610,17841407868310918,kan_news,"כאן חדשות","אישה פורצת דרך בכוח התקיפה ההיסטורית באיראן: רס""ן ד' היא קצינה טכנית בטייסת F16, והיא אחראית על הפן הטכני ומפקדת על צוות טכני גדול. ד' ושלוש נשים נוספות שימשו בתפקיד כזה, אך ד' היא האימא הראשונה והיחידה שעשתה זאת. ""יש לי ילדה בת שנה ושמונה חודשים ואני מגדלת אותה לבד"", אמרה היום בריאיון מיוחד לכאן רשת ב.

רס""ן ד' שיתפה כי היא הביאה את בתה לטייסת הרבה פעמים. ""זה מחבר את האנשים למשימה שיש אימא שהיא בתפקיד כזה. בין המילים הראשונות שהיא למדה הייתה מטוס, כדי שתחליף אותי אי שם בעתיד. היא הכוח מאחורי החזות שלי ובשבילה אני עושה את זה ובשביל העתיד של אזרחי מדינת ישראל"", אמרה.

עוד הוסיפה רס""ן ד' כי היא מרגישה במובן כלשהו כי היא פרצה דרך בתחומה. ""אני האימא הראשונה. לא שזה משהו גדול, אבל אני מאמינה שאחריי יבואו עוד"".

על הפעילות וההכנות לתקיפה באגף הטכני תחת אחריותה אמרה רס""ן ד': ""אנחנו מכינים את עצמנו לאורך השנים למשימות כאלו, הדבר העיקרי היה לגרום למטוסים לעבור דרך כל כך ארוכה. אני צריכה לבחור את המטוסים הטובים ביותר, אנשים מסוימים שיבדקו ויוציאו את המטוסים, בעיניי זו כמו כל משימת תקיפה אחרת בטייסת"".

הקצינה הטכנית הרגישה גאווה גדולה מהשתתפות הטייסת שלה במשימה. ""בעיניי עד שטייסות לא חוזרות לא סיימתי את המשימה. בזמן הגיחה הלכתי למבצעים, שמעתי בקשר והתעדכנתי. אחרי ששמעתי שהם בדרך חזרה, הלכתי לדת""ק וקיבלתי אותם"".

""הלכתי לטכנאים שלי ולאנשי קבע, עידכנתי שהמשימה הצליחה. ראיתי את הריגוש והברק בעיניים שהם הבינו שמה שהם עשו בשנים האלה, בשירות שלהם, סוף סוף הביא להגשמת המטרה. הייתי בהתרגשות שיא, חיכיתי שהמשימה תתבצע. כשהתגייסתי חיכיתי להילחם ולתת את כל כולי למשימות כאלה"".
@asaf_pozailov @kan_reshetb",0,"10/31/2024 00:09",https://www.instagram.com/p/DBx5UcYIUnh/,"IG carousel",,Lifetime,141080,84549,7463,217,1,147,92
18057807925872386,17841407868310918,kan_news,"כאן חדשות","ברשתות השיווק מחפפים לאחרונה במדבקות המחירים - וזה ממש לא חוקי. הבעיה: יש רק 20 מפקחים שיכולים לאכוף את ההתנהלות ביותר מחצי מיליון בתי עסק
@dana_yarkechy",54,"10/30/2024 22:01",https://www.instagram.com/reel/DBxqodSod_i/,"IG reel",,Lifetime,37800,24541,744,47,1,33,39
18006089348655529,17841470312538363,kan_middleast,"כאן - המזרח התיכון","מה דעתכם?",13,"10/30/2024 11:34",https://www.instagram.com/reel/DBwi2zhtVXf/,"IG reel",,Lifetime,56702,30618,707,20,27,114,0
18031991087360598,17841407868310918,kan_news,"כאן חדשות","חשיפה: טיוטת ההסכם בין ישראל ללבנון👇

טיוטת ההסכם להפסקת אש בין ישראל ללבנון נחשפה הערב בחדשות הערב בכאן 11. לפי ההסכם, מרגע חתימתו והלאה, חיזבאללה וקבוצות חמושות אחרות באזור לא ינקטו בפעולות נגד ישראל, וישראל מצידה לא תבצע פעולות התקפיות נגד מטרות בלבנון, כולל מטרות צבאיות ושלטוניות במדינת לבנון. מסמך ההסדרה של המתווך האמריקני עמוס הוכשטיין כבר הוצג לדרג המדיני.

עיקרי ההסכם:
•	ישראל ולבנון יכירו בחשיבות החלטה 1701 של האו”ם.
•	המחויבויות האלה לא ימנעו מישראל ולבנון את הזכות להגן על עצמן במידת הצורך.
•	מלבד יוניפי”ל, צבא לבנון הרשמי יהיה הכוח החמוש היחיד בדרום לבנון בקו A.
•	בהתאם להחלטה 1701, וכדי למנוע שיקום וחימוש מחדש של קבוצות חמושות לא רשמיות בלבנון, כל מכירה של נשק ללבנון או ייצור שלו בתוכה - יפוקחו על ידי הממשלה הלבנונית.
•	ממשלת לבנון תעניק את הסמכויות הנדרשות לכוחות הביטחון הלבנוניים, כדי ליישם את ההחלטה.
•	פיקוח על הכנסת נשק דרך גבולות לבנון.
•	פיקוח על מתקנים שלא מוכרים ע”י הממשל ומייצרים נשק ופירוקם.
•	פירוק כל תשתית מזוינת שלא עומדת בקנה אחד עם המחויבויות בהסכם ונמצאת מתחת לקו A.
•	ישראל תצטרך תוך שבעה ימים להסיג את כוחותיה מדרום לבנון, והם יוחלפו ע”י צבא לבנון. הנסיגה תפוקח ע”י ארה”ב ומדינה נוספת.
•	לא יאוחר מהמועד שייקבע, צבא לבנון יפרוש את כוחותיו לאורך הגבולות והמעברים.
•	במהלך 60 ימים לאחר חתימת ההסכם, לבנון תצטרך לפרק מנשקה כל קבוצה צבאית לא רשמית בדרום לבנון.

עוד ייקבע, כי ארה”ב, יחד עם גופים בין-לאומיים ומדינות שיוסכמו ע”י ישראל ולבנון, יפקחו על יישום ההסכם. צבא לבנון וסוכנויות הביטחון הרשמיות של ממשלת לבנון יהיו אחראיות לאכוף את יישום ההסכם בצד הלבנוני. כמו כן, תינתן אפשרות להטיל סנקציות כלכליות ודיפלומטיות כדי להבטיח את יישומו.

ייקבע גם כי מחוץ לדרום לבנון, לישראל יש את הזכות להגן על עצמה מפני איומים מתפתחים, אם ממשלת לבנון תיכשל בסיכול האיום, כולל ייצור, אחסון והובלה של נשק כבד, טילים ונשק מתקדם אחרים.",0,"10/30/2024 11:27",https://www.instagram.com/p/DBwiCKaoHtA/,"IG carousel",,Lifetime,75473,38818,1333,94,2,58,87
17869828221219179,17841400376293796,88_kan,"כאן 88","על זה נאמר - You do it to yourself:
צפו בתום יורק משיב לאדם שקרא קריאות נגד ישראל ואז יורד מהבמה במחאה.

האירוע התרחש אתמול במהלך הופעתו של סולן רדיוהד במלבורן, כאשר אדם מהקהל התפרץ בקריאות בהן הוא מאשים את ישראל בג'נוסייד ואת הזמר בתמיכה בו. יורק לא נשאר חייב והגיב לקורא שהוא פחדן ומנסה להרוס לכולם את הערב ואז ירד בהפגנתיות מהבמה, אליה שב בהמשך כדי לבצע את ההמנון ההולם לסיטואציה Karma Police.",31,"10/30/2024 10:19",https://www.instagram.com/reel/DBwaO9FNevQ/,"IG reel",,Lifetime,79258,46627,3165,599,22,108,0
18257945371255768,17841407868310918,kan_news,"כאן חדשות","המנעולים של בי-ג'יי, שעלה מנפאל, הצילו חמש משפחות בניר עוז 
Yonatan Raveh",29,"10/30/2024 10:00",https://www.instagram.com/reel/DBwYGn8IRcI/,"IG reel",,Lifetime,56844,31635,2166,97,3,25,99
17874363315123522,17841407868310918,kan_news,"כאן חדשות","אחרי יותר משעה של אזעקות בלתי פוסקות בערים ויישובים רבים בצפון הארץ, מדובר צה""ל נמסר כי חיל האוויר יירט בהצלחה כלי טיס עוין והאירוע הסתיים

@itayblumental @chen_beyar",5,"10/30/2024 09:07",https://www.instagram.com/reel/DBwSA7Go9SN/,"IG reel",,Lifetime,52999,24559,670,66,1,45,18
18075699463569054,17841407868310918,kan_news,"כאן חדשות","זה לא עוד סיפור. זה הסיפור שאמור להעסיק אותנו בהא הידיעה. הוא מטריד כל כך וקורע 320 אלף תושבים מ23 רשויות מקומיות. אלה שאמור לדאוג להם הפרויקטור בצפון, אליעזר צ׳ייני מרום. אלא שיותר משנה אחרי שפרצה המלחמה, כלום לא עובד. בחודשים האחרונים צללנו אל תוך הליך המינוי ותוצאותיו ההרסניות. ניסינו להבין איך כאוס נולד ואת הפוליטיקה המכוערת שמאחוריו. את מה שגילינו ואת מה שצ׳ייני חושב בעצמו - גם אתם  חייבים לראות. הערב בחדשות הערב: הפרויקטור. תחקיר חדש שלנו.
@ifatglick",51,"10/30/2024 08:19",https://www.instagram.com/reel/DBwMj7pq2ad/,"IG reel",,Lifetime,22273,14121,206,2,1,10,15
17948186906889279,17841407868310918,kan_news,"כאן חדשות","רס""ר במיל' ידידיה בלוך חלם להיות אבא, אך נפצע קשה בקרב בדרום-לבנון בבוקר שמחת תורה - ואמש מת מפצעיו. הוא הותיר אחריו אישה בחודש שמיני 💔",60,"10/30/2024 07:11",https://www.instagram.com/reel/DBwExeOiUoR/,"IG reel",,Lifetime,62675,36451,2385,248,7,318,82
17983857959757811,17841464234747957,kan_reshetb,"כאן רשת ב","""הוא חייך בזמן שהוא למד גמרא ויש תמונות שלו לומד גמרא עם חיוך מאוזן לאוזן, החברים שלו במחלקה סיפרו לי שכשהוא ירה במאג נגד הרוע הזה הוא חייך אותו חיוך"": ללי דרעי, אמא של סעדיה יעקב דרעי ז""ל שנפל בעזה #כאןהלילה",0,"10/30/2024 06:07",https://www.instagram.com/p/DBv9bWqsOPY/,"IG image",,Lifetime,73693,62781,4763,41,1,67,0
18283831528236124,17841407868310918,kan_news,"כאן חדשות","רוצים לדעת כמה זה עולה? חכו עד שתגיעו לקופה: למה אתם רואים פחות ופחות מדבקות בסופר, ומי ירוויח מהרפורמה החדשה של הממשלה?
@lielkyzer #המספרהיומי #משחקיהכיס",78,"10/30/2024 05:46",https://www.instagram.com/reel/DBv7BTjJP4P/,"IG reel",,Lifetime,31601,21570,662,45,1,37,9
18033394046074173,17841470312538363,kan_middleast,"כאן - המזרח התיכון","המונים עוזבים את בעלבכ שבבקעת הלבנון לאחר הודעת הפינוי של דו״צ בערבית. מושל בעלבכ אמר היום כי יש פאניקה רבה בקרב התושבים שמנסים למצוא דרכי עזיבה. נזכיר שזו הפעם הראשונה בה דו״צ מפרסם הודעת פינוי לבעלבכ, העיר הרביעית בגודל האוכלוסייה בלבנון",11,"10/30/2024 05:26",https://www.instagram.com/reel/DBv4Xr5NnAY/,"IG reel",,Lifetime,30369,18826,306,2,1,4,0
18466234039016740,17841407868310918,kan_news,"כאן חדשות","סגן מפקד כוח רדואן של חיזבאללה, מוסטפא אחמד שחאדי, חוסל בתקיפת חיל האוויר במרחב נבטיה בלבנון. שחאדי היה סגן מפקד יחידת העילית של ארגון הטרור, שמטרתה לחדור לשטח ישראל ולכבוש אזורים ישראלים בצפון

@ofri_molcho @itayblumental",0,"10/30/2024 05:16",https://www.instagram.com/p/DBv3nJFKg_Z/,"IG image",,Lifetime,52291,39876,2322,114,0,86,22
18042354557118907,17841407868310918,kan_news,"כאן חדשות","תיעוד מרחפן: מחבל חיזבאללה הסתתר מתחת למשאית, כיוון נשק אל לוחמי צה""ל - וחוסל

@itayblumental 
צילום: דובר צה""ל",10,"10/30/2024 04:43",https://www.instagram.com/reel/DBvzyXri27s/,"IG reel",,Lifetime,86592,46822,1110,29,3,86,24
17873773392127004,17841423523758454,kan_gimel,"כאן גימל","בשורה מרגשת: יהודית רביץ, גידי גוב, יוני רכטר ודויד ברוזה נפגשו לאחרונה לחזרות מוזיקליות לקראת מופע משותף! 
זה יהיה המופע הראשון של הרביעייה על במה אחת מאז ימי הכבש ה- 16 והוא יכלול ביצועים משותפים לשירים של חברי ההרכב לצד הקלאסיקות של הכבש.",0,"10/30/2024 04:14",https://www.instagram.com/p/DBvwiSsotyv/,"IG image",,Lifetime,33566,25833,1236,279,28,42,0
18317929636089469,17841407868310918,kan_news,"כאן חדשות","לפחות 51 בני אדם נהרגו בשיטפונות שפקדו את מחוז ולנסיה בדרום-מזרח ספרד. כך עדכנו היום בטלוויזיה המקומית. כוחות החילוץ פועלים באזור, בעודם מחפשים אחר נעדרים. 

השיטפונות החלו לאחר שכמויות גדולות של גשם מלוות בסופות ברד ירדו בפרק זמן קצר. כך למשל, בעיירה צ'יבה במחוז ולנסיה ירדו 491 מילימטרים של גשמים בתוך שמונה שעות בלבד. 

ההערכה היא כי מספר ההרוגים יעלה באופן משמעותי בשל העובדה שרבים עדיין נעדרים ולא יצרו קשר עם בני משפחותיהם מאז תחילת השיטפונות. תחנות הרדיו המקומיות מקבלות פניות בלתי פוסקות של תושבים המבקשים לאתר את יקיריהם. רשויות החרום בספרד מנסים לאתר את הנעדרים בין היתר תוך שימוש ברחפנים המצלמים את האזורים שהוצפו.

השיטפונות גרמו לשיבושים קשים בתחום התחבורה. כל תנועת הרכבות באזור הושבתה לחלוטין וחלק מהטיסות שהיו אמורות לנחות בוולנסיה הופנו לשדות תעופה חלופיים. גם הלימודים במוסדות החינוך בוטלו. ראש ממשלת ספרד פדרו סנצ'ז פרסם הודעה בה נאמר כי הוא ""עוקב בדאגה"" אחר המתרחש בעקבות השיטפונות.
@itamar.margalit 
צילומים: AP Photo/Alberto Saiz",0,"10/30/2024 03:38",https://www.instagram.com/p/DBvsY1BoIIU/,"IG carousel",,Lifetime,77663,46130,1772,326,1,89,32
18091050142495900,17841407868310918,kan_news,"כאן חדשות","חברת ההפקה לייב ניישן הודיעה הבוקר כי הופעתה של הזמרת נועה קירל בפארק הירקון, שהייתה אמורה להתקיים ב-6 בנובמבר, נדחתה בשל המצב הביטחוני. המועד החדש שנקבע להופעה הוא 14 באפריל 2025, חול המועד פסח.

@dorit_mizrahi_ 
צילום: פלאש90",0,"10/30/2024 03:13",https://www.instagram.com/p/DBvplTToPaq/,"IG image",,Lifetime,83409,66480,1681,129,2,44,20
18076274521603208,17841407868310918,kan_news,"כאן חדשות","""זה הדבר היחיד ששבר אותי"": בן נפצע קשה בקרב בעזה, הכלב ג'קי לא שרד 💔
@ifatamiel",44,"10/30/2024 02:50",https://www.instagram.com/reel/DBvm7W_sLs1/,"IG reel",,Lifetime,96873,59013,3467,482,6,173,162
18116097148409640,17841407868310918,kan_news,"כאן חדשות","כוחות צה""ל השמידו הלילה את מגדל התצפית של חיזבאללה בדרום לבנון מול מטולה
@itayblumental @rubih",6,"10/30/2024 02:01",https://www.instagram.com/reel/DBvhPDuCkPB/,"IG reel",,Lifetime,74869,37860,2032,130,1,156,62
18049669552794896,17841407868310918,kan_news,"כאן חדשות","טראמפ נתן להאריס מתנה - ביידן הרס לה? 👇

ביידן הגיב לאמירה שנויה במחלוקת של קומיקאי בעצרת של טראמפ, שאמר שפוארטו ריקו היא ""אי של זבל צף"" - ואמר על כך שתומכי טראמפ הם בעצמם ""זבל צף"". 

האמירה בעצרת של טראמפ עוררה תגובות שליליות שיכולות היו לעלות לו בקולות בבחירות, ולמעשה לעזור למתחרה קמלה האריס; אלא שהתגובה של ביידן הביאה לא פחות תגובות שליליות, מה שעשוי דווקא להרוס לקמלה ולגרום לה לאבד קולות. 

בהודעה שפרסם ברשת X הבהיר הנשיא: ""הדמוניזציה כלפי לטינים היא בלתי נסבלת. זה כל מה שהתכוונתי לומר. ההערות באותה עצרת (של טראמפ) לא משקפות את מי שאנחנו כאומה""

@alexnirenburg 
צילום: Yonatan Sindel/Flash90",0,"10/30/2024 01:10",https://www.instagram.com/p/DBvbf0GKASl/,"IG image",,Lifetime,55086,41134,1218,61,0,70,29
18049122466988212,17841407868310918,kan_news,"כאן חדשות","התיעוד עם הפרטים הסודיים הופץ בכל העולם 👇

דובר ראש הממשלה, ד”ר עומר דוסטרי, הפיץ תיעוד מבור הקרייה בליל התקיפה באיראן - מבלי להעביר אותו לבדיקה אצל מחלקת ביטחון המידע. התוצאה: התיעוד פורסם בגופי תקשורת בארץ ובעולם, כשמופיעים בו פרטים סודיים שלא טושטשו או צונזרו. 

לפי גורמי ביטחון, פרסום התיעוד מהבור הוביל למהומה בגופי הביטחון: “מדובר בעבירת ביטחון מידע חמורה ביותר”. 

@suleimanmas",0,"10/30/2024 00:45",https://www.instagram.com/p/DBvYkeFIjmp/,"IG carousel",,Lifetime,114235,70205,2245,375,8,346,151
18462899818035399,17841464234747957,kan_reshetb,"כאן רשת ב","ח”כ אביגדור ליברמן, יו”ר ישראל ביתנו מגיב לפרסום הראשון של כתבנו מיכאל שמש כי רה”מ מעוניין לדחות את חתונת בנו אבנר לאחר שכטב”ם פגע בביתו: “הפחד מכטב”ם כזה או אחר זה תמרון תקשורתי, כולנו חיים במדינת ישראל, יש מאות בתים שנפגעו. אפשר להבטיח סידור, יש מקומות ממוגנים. כל החששות הפתאומיים נראים כמו הכנה להתחמק מהמשפט, מהעדות שלו” #הבוקרהזה",0,"10/29/2024 22:51",https://www.instagram.com/p/DBvLh-lIesg/,"IG carousel",,Lifetime,103221,63849,1936,442,9,186,0
18071708578611402,17841407868310918,kan_news,"כאן חדשות","הותיר אחריו אישה בחודש שמיני: רס""ר (במיל') ידידיה בלוך, בן 31 ממבוא חורון, נפטר מפצעיו לאחר שנפצע באורח קשה בדרום לבנון. יהי זכרו ברוך🕯",0,"10/29/2024 12:39",https://www.instagram.com/p/DBuFiZRtvcq/,"IG image",,Lifetime,47140,36849,1798,164,0,134,13
18032353553094051,17841407868310918,kan_news,"כאן חדשות","""נס פוליטי"" יכול לפתור את הפלונטר של חוק הגיוס? הפרשנות של יערה שפירא
@shapirayaara",0,"10/29/2024 10:50",https://www.instagram.com/p/DBt5CVQNrqv/,"IG carousel",,Lifetime,54607,30592,596,66,2,76,28
18049034614942568,17841407868310918,kan_news,"כאן חדשות","שירת הסטיקר 2024: כך המדבקות לזכר החללים והנרצחים הפכו לשיר
@singereran",57,"10/29/2024 10:01",https://www.instagram.com/reel/DBtzWLONMco/,"IG reel",,Lifetime,24130,16582,824,24,2,60,50
18044538887302169,17841407868310918,kan_news,"כאן חדשות","""מספרים בלתי נתפסים"": שנה למלחמת חרבות ברזל, צה""ל חשף נתונים חדשים לפיהם 20% מהלוחמים בצה""ל הן לוחמות 💪

בדיון מיוחד של הוועדה לציון שנה לחרבות ברזל ותרומתן של נשים למלחמה, הציגה יועצת הרמטכ""ל לענייני מגדר נתונים על העשייה הרבה של הנשים בצה""ל: ""מאות נשים ולוחמות חצו את גבולות ישראל. יש לנו 6 מג""דיות לוחמות, ולראשונה גויסו נשים ל-669. מאז 7 באוקטובר אנחנו נלחמים על הבית כשאנחנו עדים מדי יום לתרומתן של נשים למבצעיות והאפקטיביות של צה""ל, ונחשפים לאומץ ליבן וגבורתן בשדה הקרב"". 

""אני פוגשת לוחמות ומפקדות בסדיר ומילואים, בטייסות, בעזה ובספינות, והן עושות זאת בנחישות רבה. המלחמה הזאת הביאה מבצעיות של נשים גם בעלייה בכמות המלש""ביות, ואלפי נשים נכנסות למעגלי הלחימה - אם זה בהגנת גבולות, באיסוף קרבי, רופאות ופראמדיקיות. עלינו ל-65 אלף נשים שמשרתות במילואים מתחילת המלחמה כשבצוק איתן היו פחות מ-7,000 נשים"".
 
לשאלתה של יו""ר הוועדה, ח""כ פנינה תמנו-שטה, על נוכחות נשים בפורומי קבלת ההחלטות גם בצבא ענתה היוהל""ם: ""בפורום מטכ""ל יש שתי אלופות. כמעט בכל מקום יש נשים מסביב לשולחן, ובחייל התקשוב יש מפקדת בדרגת תת אלוף ומתחתיה יש 4 אל""מיות ואל""מ אחד וזה הולך ומתפתח"".

בתגובה לנתונים יוצאי הדופן אמרה ח""כ שלי טל-מירון שנכחה בוועדה כי ""השנה הגבורה הנשית מאוד דומיננטית, ואנחנו גאות בכל הנשים הללו. העיניים של הבת שלי שמתגייסת עוד חודשיים נשואות אל כל גיבורות השנה הזאת"". ח""כ מיכל וולדיגר הקריאה מכתב של אישה שמחתה על שינת נשים וגברים ביחד במלחמה, והוסיפה: ""אני בעד שילוב ושחיילות יעשו את העבודות הכי קשות, אבל צריך להבין שלא כולם חושבים כמונו, ואם למישהו חשוב שאסור יהיה לאישה לישון צמוד לגבר שהוא לא בעלה - אז צריך להשמיע גם את הקול הזה""

@veredpelman
📷: אביר סולטן, פלאש90",0,"10/29/2024 08:01",https://www.instagram.com/p/DBtlu5pRY8r/,"IG image",,Lifetime,98808,74805,5446,357,0,103,113
17941107773913736,17841407868310918,kan_news,"כאן חדשות","**אזהרת טריגר**
תביעה חדשה הוגשה נגד הראפר פי דידי, לפיה הוא סימם ואנס לכאורה ילד בן 10. המתלונן טוען שפי דידי תקף אותו מינית בחדר מלון בניו יורק בשנת 2005, כשקיווה להשתלב בתעשיית הבידור כשחקן או ראפר. בניסיון לממש את שאיפותיו המקצועיות של בנם, הוריו של הילד שכרו יועצת בתעשייה שהמליצה להם לטוס לניו יורק כדי להיפגש עם גורמים בתעשייה. במהלך הביקור בניו יורק, תיאמה היועצת ""אודישן"" לילד עם פי דידי - שביקש להיפגש עימו ביחידות. לפי התביעה, היועצת לקחה את הילד לחדר המלון של פי דידי והשאירה אותו איתו לבד. הילד ביצע כמה שירי ראפ בפני פי דידי, שאמר לו שהוא יכול ""להפוך אותו לכוכב"" ושאל אותו עד כמה הוא רוצה להגשים את החלום. לפי התביעה, הילד השיב כי ""יעשה הכול"" בשביל זה.

אדם נוסף ששהה בחדר הגיש לילד סודה. זמן קצר לאחר מכן, הילד החל ""להרגיש מוזר"", מה שלטענת עורך דינו היה משום שהמשקה היה רווי בסמים: ""ככל הנראה סם אונס ו/או אקסטזי - אבל לא רק"". מהתביעה עולה כי לאחר שהילד שתה את הסודה, פי דידי הורה לו להתקרב אליו ואמר: ""אתה צריך לעשות דברים שאתה לא רוצה לעשות לפעמים"". הוא דחף אותו כלפי מטה, חשף את איבר מינו ואמר לו ""נשק אותו"". כשסירב, אילץ אותו לבצע בו מין אוראלי.

לדברי המתלונן, הוא איבד את הכרתו וחש כאבים בישבן ובפי הטבעת שלו. לדבריו, מכנסיו של פי דידי היו מופשלים. הילד בכה ואמר שהוא רוצה לראות את הוריו, ופי דידי איים עליו שאם יגיד משהו למישהו - יפגע בהוריו. כשהיועצת חזרה, היא לקחה את הילד אל הוריו שסיפרו כי הוא ""חסר אנרגיה ומתנהג באופן חריג"". קורבן התקיפה טוען כי מאז הוא מתמודד עם ""דיכאון וחרדה קשים מאוד שהותירו אותו חסר תקווה"".

הראפר פי דידי בן ה-54 מוחזק במעצר ללא ערבות במרכז המעצר מטרופוליטן בברוקלין מאז 16 בספטמבר. בחודש שעבר כפר פי דידי בשלושת סעיפי האישום שמיוחסים לו - סחר במין, סחיטה ושידול לזנות. משפטו יתחיל ב-5 במאי 2025. בתחילת החודש, הכריז עורך הדין הטקסני טוני באזבי, כי ברשותו 120 תביעות חדשות נגד פי דידי. באחת מהן, המתלונן טען כי פי דידי הכריח אותו לבצע בו מין אוראלי בזמן אודישן לתוכנית הריאליטי Making the Band ב-2008 כשהיה בן 17. לדבריו, פי דידי כפה עליו לבצע לכאורה אקטים מיניים בעצמו ועם שומר הראש שלו, כדי להוכיח עד כמה הוא רוצה להצליח בתעשיית המוזיקה. כשהגיב בהיסוס ובחוסר נוחות מהמצב אליו נקלע, פי דידי אמר למתלונן כי ""ישים עליו עין"" ובסופו של דבר הוא הודח מהתוכנית.

@alon_fruchter 
צילום: רויטרס",0,"10/29/2024 07:05",https://www.instagram.com/p/DBtfSGfRdY4/,"IG image",,Lifetime,72385,51553,2150,601,1,68,58
17864583879251086,17841407868310918,kan_news,"כאן חדשות","""לא יקשרו לנו יותר את הידיים במאבק בטרור. אנחנו עולים להתקפה כדי לשמור על חיי אזרחינו"": החוק לגירוש משפחות מחבלים אושר בקריאה שנייה ושלישית. ההצעה מבקשת לקבוע כי שר הפנים יהיה רשאי להורות על גירושו של בן משפחה של מחבל לעזה או ליעד אחר שיקבע, אם הוא ידע מראש על תוכניתו של בן משפחתו לבצע מעשה טרור - ולא עשה את כל המאמצים הנדרשים כדי למנוע אותו. 

בנוסף, שר הפנים יהיה רשאי להורות על גירוש אותו בן משפחה אם הביע תמיכה או הזדהות עם מעשה הטרור או אם פרסם דברי שבח, אהדה או עידוד למעשה או לארגון טרור. החוק צפוי להגיע לאישור סופי במליאת הכנסת ביום שני הקרוב

@dikla_aharon 
📷: חיים גולדברג, פלאש 90",0,"10/29/2024 06:37",https://www.instagram.com/p/DBtcJHuRhYr/,"IG image",,Lifetime,123077,94206,5914,498,2,407,84
18024315143220477,17841407868310918,kan_news,"כאן חדשות","המנהיג החדש של חיזבאללה? אולי לא לעוד הרבה זמן: שר הביטחון יואב גלנט באיום ישיר על יורשו של נסראללה - ""המינוי זמני, הספירה לאחור החלה""
@gilicohen10
📸: רויטרס",0,"10/29/2024 06:08",https://www.instagram.com/p/DBtYwtDx3Wu/,"IG image",,Lifetime,61701,45516,1948,93,0,141,31
17865897357247214,17841407868310918,kan_news,"כאן חדשות","הותרו לפרסום שמותיהם של 4 לוחמים מהיחידה הרב מימדית (888) שנפלו בקרב בג’באליה:
סרן יהונתן קרן, בן 22 ממולדת
סמ""ר ניסים מיטל, בן 20 מחדרה
סמ""ר אביב גלבוע, בן 21 מנוה צוף
סמ""ר נאור חיימוב, בן 22 מראש העין

חטיבה 401 פועלת בימים אלו לכיתור מחנה ג'באליה שבצפון הרצועה. לוחמי היחידה הרב מימדית של החטיבה נערכו לסרוק את אחד המבנים באזור. בהתאם לנוהל, לפני שהכוח לנכנס למבנה, הוא שיגר טיל נ""ט לעבר הקומה הראשונה. באופן חריג, מחבלים מלכדו את הקומה השנייה במבנה, ולא את הראשונה. לכן המטען לא הופעל כתוצאה משיגור הטיל, אלא רק כאשר הלוחמים נכנסו לקומה השנייה. בפיצוץ נהרגו 4 לוחמים ולוחם נוסף נפצע.

יהי זכרם ברוך🥀

@itayblumental",0,"10/29/2024 04:46",https://www.instagram.com/p/DBtPaigxzti/,"IG image",,Lifetime,107532,85279,2832,231,2,246,19
18048097556063893,17841407868310918,kan_news,"כאן חדשות","מייה שם בנאום מצמרר באירוע הזיכרון ממלכתי לטבח 7 באוקטובר בניו יורק: ""אני כאן בגופי, אבל התמימות שלי נשארה בשדות הדם והלב שלי נשאר חטוף בעזה עם 5 נשים צעירות שעדיין מוחזקות שם מעונות ומנוצלות במרתפי הגיהנום"".

הטקס החל בתפילת קדיש מפי הרב ארתור שנייאר, בתפילה לשלום החטופים, יזכור ומספר שירים שבוצעו על ידי הזמר יגל אושרי. באירוע השתתפו יותר מ-600 אורחים, בהם: ראשי הקהילה היהודית בניו יורק, משפחות שכולות, משפעניי רשת וקונסולים כללים משלל מדינות. בנוסף למייה שם, באירוע נאמו גם הקונסול הכללי אופיר אקוניס, מנכ""ל המועצה הישראלית-אמריקאית, אילן קאר, האב אשכול אבי הרוש, אימו של החטוף יהונתן סמרנו - שעובד אונר""א חטף את בנה.

Amichai Stein - עמיחי שטיין",88,"10/29/2024 04:17",https://www.instagram.com/reel/DBtMCkhSFnH/,"IG reel",,Lifetime,63307,44072,2161,174,19,139,86
17848666842328963,17841407868310918,kan_news,"כאן חדשות","ההרוג בפגיעת הרקטה במעלות תרשיחא: מוחמד נעים בן ה-24
יהי זכרו ברוך🕯

@chen_beyar",0,"10/29/2024 03:34",https://www.instagram.com/p/DBtHMRSRGKW/,"IG image",,Lifetime,59871,42385,1534,216,2,280,25
17850308706323165,17841407868310918,kan_news,"כאן חדשות","מטח כבד לגליל העליון: הרוג ומספר נפגעי חרדה במצב קל בפגיעה ישירה בבית במעלות תרשיחא
(אורלי אלקלעי) @rubih",32,"10/29/2024 02:10",https://www.instagram.com/reel/DBs9dBxiKU5/,"IG reel",,Lifetime,46667,28509,559,271,6,82,26
18014178740374775,17841407868310918,kan_news,"כאן חדשות","נבדק חשד למתקפת סייבר: תקלה בחברת שב""א, החברה שמספקת את שירותי הסליקה לחברות האשראי, מנעה הבוקר חיובים בכרטיס האשראי בחלק מהעסקים. במערך הסייבר הלאומי קיבלו עדכון על האירוע כבר בשעות הבוקר. מומחים בתחום מעריכים כי מדובר במתקפה מסוג מניעת שרות (DDOS) - מתקפת סייבר ברף הנמוך שמעמיסה כניסות על שרתים וכך מביאה לקריסתם. כחלק מפעולות המעקב אחר איומי סייבר, בשב""א ניתקו הבוקר את החיבורים מחו""ל. לאחר ניתוק החיבורים, רוב השרתים חזרו לפעילות מה שמעלה ומחזק את ההערכה שמדובר במתקפת סייבר מסוג מניעת שרות - אך אין עדיין אימות רשמי.

מטעם שב""א נמסר: ""החברה איתרה ומטפלת בקשיי התחברות של ספקים שמחוברים באינטרנט מחו""ל למערכת התשלומים"".

@dana_yarkechy @ittaishick
צילום: shutterstock",0,"10/29/2024 01:34",https://www.instagram.com/p/DBs5X2hxDtH/,"IG image",,Lifetime,52130,37330,887,220,0,5,37
17864398422250582,17841407868310918,kan_news,"כאן חדשות","זעם וזעזוע בקרב משפחות שכולות, לאחר שגילו כי הממשלה מתכוונת להקפיא את תגמוליהם של הורים שכולים, אחים, אלמנות ויתומים במסגרת חוק ההסדרים. מפרוץ המלחמה הצטרפו למעגל השכול 1,800 הורים שכולים ו-2,750 אחים שכולים. יו""ר ארגון יד לבנים אמר לכאן חדשות: ""שולחים את הבעלים, הבנים והבנות שלנו לשדה הקרב, ובשקט בשקט מאחורי גבנו מקפיאים את התגמולים של המשפחות השכולות. הם קיבלו את ההחלטות כמו גנבים בלילה, בשקט מאחורי גבינו, המשפחות מזועזעות מתרעמות ופגועות - זו פשיטת רגל ערכית ומוסרית של המדינה"". 

בתוך כך, יו""ר יד לבנים כתב מכתב נוקב לראש הממשלה, לשר הביטחון, לשר האוצר ולגורמים נוספים ודרש לבטל לאלתר את ההחלטות שיש בהן כדי לערער את מחויבות המדינה כלפי המשפחות השכולות. ""המשפחות השכולות אינן נטל. פגיעה בהן מהווה פגיעה ברוח האחדות וההקרבה שעליה מושתתת החברה הישראלית"", כתב במכתב. גם יו""ר ארגון נכי צה""ל, עורך הדין עידן קליימן פנה אף הוא במכתב זועם לראש הממשלה וכתב בין השאר ""החלטה זו היא המשך ישיר של התעלמות מוחלטת של ממשלת ישראל מפצועי צה""ל שהשאירו חלקים מגופם ונפשם בשדה הקרב והפרה חמורה של התחייבות המדינה לטובת פצועים אלה במסגרת ההסכמים"".

דוד איינהורן, אב שכול, הגיב גם לפרסום: ""בעוד שהממשלה עסוקה בלזגזג בדרישות החזיריות של החרדים שאינם תורמים מאומה במאמץ המלחמתי, עומדים פקידי האוצר לשחוט את המעט שבמעט שתומך במשפחות שחרב עולמם במלחמות ישראל. לא ניתן לחרפה הזאת להתממש"".

במשרד האוצר בחרו שלא להתייחס לפרסום.

@carmelamenashe 
צילום: חיים גולדברג, פלאש 90",0,"10/29/2024 01:03",https://www.instagram.com/p/DBs169HxIN7/,"IG image",,Lifetime,84140,63237,1656,400,5,225,59
18090072040445596,17841407868310918,kan_news,"כאן חדשות","פיצוץ דרמטי: כטב”ם פגע בגשר שמוביל לרכבת בנהריה. בנוסף, כטב""ם ששוגר מתימן נפל הבוקר באשקלון, אין נפגעים בגוף
@chen_beyar",17,"10/29/2024 00:07",https://www.instagram.com/reel/DBsve4UBVoM/,"IG reel",,Lifetime,136420,67121,1807,951,8,115,146
18022419086611413,17841407868310918,kan_news,"כאן חדשות","“טוב לחיות בעד ארצנו״: 8 חודשים לפני שנפצע קשה בעזה, שוחח רס״ן גיא נזרי ז״ל עם תלמידי בית ספר בחיפה. היום הוא נפטר מפצעיו💔

@itayblumental",44,"10/28/2024 14:39",https://www.instagram.com/reel/DBruWwEIP5y/,"IG reel",,Lifetime,53761,34549,2739,128,3,176,75
18070379431613549,17841407868310918,kan_news,"כאן חדשות","תת-אלוף אורן סתר, בכיר בצוות המשא ומתן לעסקה לשחרור חטופים הודיע היום באופן מפתיע על עזיבה - כך נחשף לראשונה בחדשות הערב בכאן 11.

על פי ההערכות, תא”ל סתר, ששימש סגנו של האלוף במילואים ניצן אלון - והיה מעורב עמוקות בניסוח המתווה הנוכחי, פרש בשל המצב התקוע של השיחות. עדכון בנושא נמסר לדרג המדיני ביממה האחרונה. 

אפשר להעריך שפרישה כזו לא הייתה מתרחשת אם הייתה אפשרות להתקדמות ממשית בשיחות המשא ומתן. גם בהודעת לשכת ראש הממשלה, עם שובו של ראש המוסד מקטר, נמסר כי יימשכו הדיונים “לבחינת היתכנות” של שיחות המשך.

דובר צה”ל מסר בתגובה לפרסום: “תא”ל אורן סתר חזר מחופשת פרישה לשירות מלא בצוות המשא ומתן החל מ-7 באוקטובר, ובמסגרת עבודת הצוות פעל ללא לאות לקידום מאמצי השבת החטופים. הקצין ישוב לסייע למפקדת החטופים גם בעתיד, ככל שיידרש לכך”.

מפורום “הרוב הישראלי”, המוביל קמפיין הקורא לבחירות, נמסר: “ממשלת ישראל ממשיכה להעדיף את שרידותה על פני החזרת החטופים. ההתפטרות ה’מפתיעה’ של תת-אלוף סתר לא מפתיעה בכלל. גם הוא מזהה ששיקולים זרים נכנסים לקודש הקודש - החלטות מדיניות ובטחוניות רגישות. רוב העם רוצה עסקה, הגיע זמן בחירות”.

@gilicohen10
צילום: פלאש90, מוטי מילרוד (הארץ)",0,"10/28/2024 14:16",https://www.instagram.com/p/DBrrymBojjc/,"IG carousel",,Lifetime,73501,42785,1155,31,1,48,39
18074443129598528,17841407868310918,kan_news,"כאן חדשות","יהי זכרו ברוך🥀",0,"10/28/2024 13:11",https://www.instagram.com/p/DBrkWJ3NRTZ/,"IG image",,Lifetime,54364,43103,3507,65,0,319,24
18066398662642146,17841407868310918,kan_news,"כאן חדשות","המשטרה עצרה הערב נהג משאית שהוביל על גבה רכב שעליו מותקן משגר רקטות שנלקח ""שלל"" מלבנון. המשאית נעצרה בצומת גולני בעקבות תיעוד שעלה ברשתות החברתיות. טרם התברר כיצד ומהיכן נלקח הרכב

רובי המרשלג",0,"10/28/2024 11:46",https://www.instagram.com/p/DBrasrTtHMg/,"IG image",,Lifetime,104513,81238,2342,493,2,90,74
18038937509272889,17841407868310918,kan_news,"כאן חדשות","גם אתם מפחדים לשכוח?",39,"10/28/2024 11:22",https://www.instagram.com/reel/DBrXujMoA5F/,"IG reel",,Lifetime,57132,46973,669,137,5,119,89
18248684473278711,17841470312538363,kan_middleast,"כאן - המזרח התיכון","הקשיבו לביקורת החריפה נגד חיזבאללה והמדינה הלבנונית שמביע ראזי אל-חאג׳, חבר מפלגת הכוחות הלבנוניים הנוצרית בפרלמנט הלבנוני. אל-חאג׳ מבקר גם את המדינה שאיפשרה לארגון להתעצם ואומר שהגיע הזמן לעצור את המדיניות שתומכת באיראן והטילה אסון על לבנון.",32,"10/28/2024 10:41",https://www.instagram.com/reel/DBrTIvcNM7I/,"IG reel",,Lifetime,42380,27516,1473,50,19,61,0
17937060758809624,17841407868310918,kan_news,"כאן חדשות","הניצחון של רובי: ההזדמנות של כתבנו בצפון להסתכל על הבית שלו במטולה - מעבר לגבול בלבנון 
@rubih",46,"10/28/2024 09:58",https://www.instagram.com/reel/DBrN1eYI1QN/,"IG reel",,Lifetime,27900,19585,941,33,3,79,33
18371569729108970,17841407868310918,kan_news,"כאן חדשות","מי שמבקש לעצור את נתניהו וגלנט עלול למצוא את עצמו עם תיק נגדו? נראה שבית הדין בהאג צריך לעשות בדק בית
@almogtamar",71,"10/28/2024 09:33",https://www.instagram.com/reel/DBrLZSJuGcX/,"IG reel",,Lifetime,41513,26198,595,14,2,84,20
18066665182646192,17841407868310918,kan_news,"כאן חדשות","פלסטינית בג'באליה תיעדה את מחבלי חמאס נכנעים לכוחות צה""ל. בתיעוד היא נשמעת אומרת: ""זו ההתנגדות שכל הזמן מדברים עליה? כולם נכנעו כמו פחדנים, שום לחימה ושום דבר""",22,"10/28/2024 07:57",https://www.instagram.com/reel/DBrAXaQN6xq/,"IG reel",,Lifetime,161069,87415,4815,399,5,347,267
18251246446283944,17841407868310918,kan_news,"כאן חדשות","לאחר שאיש אבטחה של משמר הכנסת אמר לגיסתו של החטוף עופר קלדרון: ""כבר שנה אנחנו מכילים אתכם"", היא זועקת מול אייזנקוט: ""מי מכיל אותם (החטופים)? מי דואג להם אם לא אנחנו - אז אותנו משמר הכנסת מסיים להכיל?""
Dikla Aharon",25,"10/28/2024 06:10",https://www.instagram.com/reel/DBq0JDFO_aX/,"IG reel",,Lifetime,56674,36420,2316,255,2,201,53
18121131928732000,17841407868310918,kan_news,"כאן חדשות","השרה מירי רגב אמרה לשר שלמה קרעי בישיבת סיעת הליכוד: ""מפגינים לי מחוץ לבית מ-6 בבוקר. ""*** אמא של המפגינים"". השרים ניסו להרגיע את רגב ואמרו לה: ""די מירי הכול מוקלט"". את רגב זה לא עניין: ""לא אכפת לי. לא נורא העיקר עברנו את הטקסים""

@shemeshmicha 
צילום: חיים גולדברג, פלאש 90",0,"10/28/2024 04:49",https://www.instagram.com/p/DBqq_wEufy1/,"IG image",,Lifetime,146941,105617,2476,682,5,899,85
18063359350674293,17841464234747957,kan_reshetb,"כאן רשת ב","מה קרה ב-7.10 במיגונית שבה נהרגו תשע חיילות ונחטפו שבע התצפיתניות? למה החיילות רצו דווקא לשם? ומה הן היו אמורות לעשות במקרה של פשיטה על הבסיס? וגם, ההודעות האחרונות ששלחו החיילות להורים ולחברים. בפרק 2 של “נחל עוז, המוצב שהופקר: אדמה רועדת”
#סדריום",72,"10/28/2024 04:30",https://www.instagram.com/reel/DBqoZPZoHB0/,"IG reel",,Lifetime,40229,25933,1170,61,3,59,0
17919255539995158,17841408494882385,knessettv,"ערוץ כנסת","אם יש שם מישהי שתחזור עם ילד, או אחרי לידה, אני עוברת פה אחד אחד, ארדוף אחד אחד לכל שארית חייו, כי היה אפשר למנוע את זה""- ירדן גונן, שאחותה רומי חטופה בעזה, נואמת בדמעות בוועדה #ירדןגונן #רומיגונן",40,"10/28/2024 04:09",https://www.instagram.com/reel/DBqmR7_v3hW/,"IG reel",,Lifetime,149868,98466,5424,839,21,373,0
18018957131561660,17841408494882385,knessettv,"ערוץ כנסת","הקומיקאית עדי אשכנזי: ""נועדנו לבכות ולהיאנס, המעט נשים שנמצאות למעלה תעשו את העבודה שלכן!""",85,"10/28/2024 03:31",https://www.instagram.com/reel/DBqh-8uMkoV/,"IG reel",,Lifetime,2091583,824835,48358,16378,314,4775,0
17904141201049899,17841407868310918,kan_news,"כאן חדשות","משרד הביטחון חתם על עסקת ענק בהיקף 2 מיליארד שקלים שתגביר את קצב הייצור של מערכת היירוט בלייזר - ""מגן אור"". המערכת בפיתוח ישראלי, בעלת יכולת רבת עוצמה להגנה אווירית ותשמש כיכולת משלימה למערכת כיפת ברזל. במסגרת ההסכם עם חברת רפאל וחברת אלביט מערכות, קצב הייצור יוגבר בצורה משמעותית, על מנת לספק מערכות לייזר בזמן שנקבע ובקצב גבוה. 

לפני שבועיים, אנשי צבא בכירים לשעבר העידו לעיתון הבריטי ""פייננשל טיימס"" כי ישראל ניצבת בפני מחסור בטילי יירוט. לפי אותם אנשי צבא, מערכות ההגנה האוויריות של ישראל, שמופעלות על ידי בינה מלאכותית, נאלצות לבחור על אילו אזורים להגן על חשבון אחרים. בתוך כך, ארצות הברית מיהרה לעזור לסגור את הפערים במערך ההגנה, והציבה בישראל את מערכת ""THAAD"" - מערכת ההגנה מפני טילים בגובה רב. אך גם המאגרים של ארצות הברית מוגבלים. ""ארצות הברית לא יכולה להמשיך לספק תחמושת לאוקראינה ולישראל באותו הקצב. אנו מתקרבים לנקודת מפנה"", אמרה דנה סטרול, בכירה לשעבר במשרד ההגנה האמריקני שהייתה אחראית על המזרח התיכון. בניסיון לפתור את בעיית המחסור, בועז לוי, מנכ""ל התעשייה האווירית, אמר כי הוא מפעיל משמרות משולשות כדי להמשיך את פעילות פסי הייצור: ""חלק מפסי הייצור שלנו עובדים 24 שעות, שבעה ימים בשבוע. המטרה שלנו היא לעמוד בכל ההתחייבויות"".

@ItayBlumental",0,"10/28/2024 02:44",https://www.instagram.com/p/DBqcpqOxpss/,"IG image",,Lifetime,66801,48023,2101,104,1,66,57
17983247864757684,17841407868310918,kan_news,"כאן חדשות","הצפון בוער - ומה מגן על התושבים?

מדד המיגון בחן 21 רשויות בגליל הנמצאות עד 20 ק”מ מהגבול, שבהן לתושבים יש 30 שניות או פחות להגיע למרחב מוגן. המדד זיהה 10 יישובים שבהם מספר המקלטים ל-100 נפש נמצא מתחת לחציון. כפיתרון זמני, הוצע לרכוש 280 מיגוניות ולפרוש אותן ביישובים אלו כדי להביא אותם לרמת המיגון של החציון. אפילו שבאחד היישובים הללו נהרגו השבוע 2 צעירים מפגיעת רקטה, המשרד לשוויון חברתי סגר את הדסק שעסק בנושא ולכן הטיפול בו נעצר. גורמים במשרד מסרו בתגובה: ”המשרד פועל מתקציבו להצבת 32 מיגוניות ואין לו יכולת לסייע בנושא מעבר לכך. סגירת הדסק הייתה מסיבות של ארגון מחדש ולא פגעו בקידום הנושא”.

@chen_beyar @yael.shemer",0,"10/28/2024 01:21",https://www.instagram.com/p/DBqTLozo3BR/,"IG carousel",,Lifetime,107239,52647,1678,162,4,126,84
18048737569817240,17841407868310918,kan_news,"כאן חדשות","קורע לב: אברהם כרמי, שורד שואה בן 96, ספד לבנו, בצלאל כרמי, בן 72, שנהרג באירוע הדריסה שנחשד כפיגוע בגלילות
@hadasgrinberg",19,"10/27/2024 23:16",https://www.instagram.com/reel/DBp_xtNoWVN/,"IG reel",,Lifetime,65535,37508,1736,175,4,154,75
18143104207351838,17841418830539247,shapirayaara,"Yaara Shapira","מחר ייפתח מושב הכנסת - זה מה שהקואליציה מתכננת לנו
#פוליטיקה #מלחמה #נתניהו #כנסת #אופוזיציה",63,"10/27/2024 13:13",https://www.instagram.com/reel/DBo_oaJtJFB/,"IG reel",,Lifetime,16709,12145,263,16,7,64,0
18049818631802323,17841407868310918,kan_news,"כאן חדשות","נתניהו נגד גלנט👇

ראש הממשלה בנימין נתניהו העביר מסר לשותפים החרדים לקואליציה בימים האחרונים לפיו הזזת יואב גלנט מתפקידו כשר הביטחון תתאפשר אחרי המתקפה באיראן. כך פורסם היום לראשונה בחדשות הערב בכאן 11.

חברי הכנסת החרדים איימו לגרום למשבר קואליציוני עוד השבוע סביב אי קידום חוק הגיוס, והיום המפלגות החרדיות מחו על העיכוב בחוק הגיוס, בכך שהחרימו את ישיבת ועדת השרים לחקיקה. נתניהו ואנשיו ביקשו להמתין עם המשבר בקואליציה עד אחרי המתיחות הביטחונית מול איראן, והבהירו שנתניהו מוכן לפטר את שר הביטחון ברגע שהדבר יתאפשר.

בכאן חדשות נחשף לראשונה ב-16 בספטמבר על היערכות ראש הממשלה לפטר את שר הביטחון. לפי סביבת נתניהו, ראש הממשלה קיים משא ומתן עם יושב ראש מפלגת הימין הממלכתי, גדעון סער, על החלפת גלנט בתפקיד. באותו הזמן שר הביטחון שהה בדיון ביטחוני בבסיס הקריה בתל אביב. 

לשכת ראש הממשלה הכחישה את הפרסום בעניין מינויו של סער, אך לא התייחסה לדיווח בדבר כוונת נתניהו לפטר בקרוב את גלנט. במפלגות החרדיות הביעו שביעות רצון מהאפשרות של כניסת סער לממשלה.

גורמים בכירים במפלגות אמרו כי הם יהיו מוכנים לשקול ויתור על תפקידי שרים, אם משמעות הצטרפותו של סער תהיה הרחבת הממשלה. הגורמים העריכו עוד כי “יוכלו לעבוד בצורה טובה יותר” עם סער מאשר עם גלנט, על גיבושו של חוק גיוס מוסכם

@shemeshmicha",0,"10/27/2024 12:10",https://www.instagram.com/p/DBo4nz3oO1H/,"IG carousel",,Lifetime,96424,58692,1221,215,2,253,60
18108314782425765,17841407868310918,kan_news,"כאן חדשות","בזמן שישראל רושמת שורת הישגים מבצעיים מרשימים, דווקא שר הביטחון הזכיר את מה שבוער: אחרי 13 חודשי מלחמה – יש מחירים שצריך לשלם כדי להחזיר את החטופים
@gilicohen10",0,"10/27/2024 11:50",https://www.instagram.com/p/DBo2TeXtbet/,"IG carousel",,Lifetime,68206,40337,1924,65,4,135,70
17909286558040329,17841407868310918,kan_news,"כאן חדשות","רס""ב במיל' עמרי לוטן ז""ל, שנפל בקרב בלבנון, ביקש מחברו לסיים את ההספד בציטוט מ""שיר לשלום""",36,"10/27/2024 11:32",https://www.instagram.com/reel/DBo0MNFCq78/,"IG reel",,Lifetime,109035,70781,3542,404,10,179,122
17974075841684835,17841407868310918,kan_news,"כאן חדשות","אם זה מדכא ולא כלכלי, למה אנחנו ממשיכים עם שעון חורף?",108,"10/27/2024 11:20",https://www.instagram.com/reel/DBoydvXI5yr/,"IG reel",,Lifetime,83456,52345,1292,315,4,61,89
17849961675284036,17841407868310918,kan_news,"כאן חדשות","בניר עוז שלחו לראש הממשלה הזמנה אישית לסיור בקיבוץ ביום האבל הלאומי שחל היום כבר לפני מספר שבועות - אך הוא לא הגיע, ולטענת הקיבוץ גם לא הגיב להזמנה. 

במשך היום הגיעו לסיור בקיבוץ השרים גלנט, סופר וקיש, חברי כנסת ובכירים במשק. ראש הממשלה עדיין לא ביקר בקיבוץ מאז הטבח ב-7 באוקטובר 2023 

@itsik_z
צילום: Marc Israel Sellem/POOL",0,"10/27/2024 10:50",https://www.instagram.com/p/DBove6fI6I4/,"IG image",,Lifetime,108614,85239,2056,141,1,753,45
18057149212862288,17841407868310918,kan_news,"כאן חדשות","עמית חיות ז""ל נקבר בדיוק ביום השנה שלו עם בת הזוג שירי: ""קיבלתי אותך ל-3 שנים בדיוק""
@chen_beyar",20,"10/27/2024 09:51",https://www.instagram.com/reel/DBoouQmIt4y/,"IG reel",,Lifetime,236279,155593,6228,371,114,9338,180
17946584192893482,17841407868310918,kan_news,"כאן חדשות","ילד נהרג בתאונת דרכים קטלנית סמוך למחלף דניאל בכביש 1. פצועים נוספים פונו לבית החולים 
@veredpelman",10,"10/27/2024 08:51",https://www.instagram.com/reel/DBohzn_oANV/,"IG reel",,Lifetime,172890,77953,1135,291,12,72,85
18037035752229082,17841407868310918,kan_news,"כאן חדשות","הותרו לפרסום שמותיהם של שני חללי צה”ל: 

רס”ם במיל’ שאול מויאל ז”ל, בן 47 מקרני שומרון, לוחם בגדוד 8207, חטיבת ‘אלון’ (228), אב לעשרה ילדים ומורה בבית ספר תיכון, נפל בקרב בלבנון. 
סמ”ר במיל’ מלאכי יהודה הררי ז”ל, בן 22 מאבן שמואל, לוחם בגדוד רותם, מת לאחר שנפצע קשה בעזה לפני כעשרה ימים. 

יהי זכרם ברוך",0,"10/27/2024 08:09",https://www.instagram.com/p/DBodAnEoCGl/,"IG carousel",,Lifetime,217211,129469,4718,187,5,204,43
18018113825327010,17841407868310918,kan_news,"כאן חדשות","תיעוד מצמרר: הרב אברהם גולדברג ז""ל, שנפל אתמול בקרב בלבנון, נשא עם חבריו הלוחמים תפילה לפני יציאה לקרב. יהי זכרו ברוך 
@itayblumental",30,"10/27/2024 07:00",https://www.instagram.com/reel/DBoVJwlNDDm/,"IG reel",,Lifetime,156382,111657,3837,349,5,382,154
17992289219711138,17841407868310918,kan_news,"כאן חדשות","הקרב ההירואי במוצב שבו נפלו הכי הרבה חיילים: שנה עברה, ועדיין אין תחקיר של מה שאירע במוצב נחל עוז. מהבסיס הזה נחטפו גם 7 תצפיתניות ושלושה לוחמים - אחד מהם עדיין מוגדר חי בשבי. הלוחמים שהיו שם ביום ההוא משחזרים את הלחימה במחבלים
@nofarji",81,"10/27/2024 06:31",https://www.instagram.com/reel/DBoRp17IlP6/,"IG reel",,Lifetime,100243,60559,2620,436,2,114,250
17998991681511631,17841407868310918,kan_news,"כאן חדשות","נתניהו נאלץ להפסיק את נאומו בטקס הזיכרון לנרצחי טבח 7 באוקטובר, לאחר שמשפחות שכולות צעקו לעברו 
@dikla_aharon",41,"10/27/2024 05:59",https://www.instagram.com/reel/DBoOENeqZO8/,"IG reel",,Lifetime,110978,57029,2200,458,12,830,165
18207995080295789,17841407868310918,kan_news,"כאן חדשות","נקבע מותו של אחד הפצועים מפיגוע הדריסה ליד גלילות
יהי זכרו ברוך🕯",0,"10/27/2024 05:44",https://www.instagram.com/p/DBoMZu3OceD/,"IG image",,Lifetime,85328,75761,1088,26,0,42,2
18026815820395081,17841407868310918,kan_news,"כאן חדשות","""נרמלנו את ההרוגים. אנחנו בעזה שנה, צריך מנהיג עם אומץ לקום ולקבל החלטות כדי לא להשאיר את חיילי צה""ל במצב הזה"": לכרמלה מנשה, הפרשנית הצבאית של כאן רשת ב, כבר קשה לשמוע על עוד ""הותר לפרסום""
@carmelamenashe",53,"10/27/2024 05:19",https://www.instagram.com/reel/DBoJiurssyS/,"IG reel",,Lifetime,66878,46489,1782,246,9,227,44
17883981639116010,17841407868310918,kan_news,"כאן חדשות","המחבל שביצע את הפיגוע ליד בסיס גלילות - ערבי ישראלי תושב קלנסווה. עד כה פונו לבתי החולים 35 פצועים: 1 מהם במצב אנוש, 6 קשה, 5 בינוני, והשאר קל או נפגעי חרדה. מהמשטרה נמסר כי אזרחים שנכחו במקום ביצעו ירי לעבר נהג המשאית ונטרלו אותו. 

@moshestainmetz (אורלי אלקלעי)
צילום: מד""א",0,"10/27/2024 04:01",https://www.instagram.com/p/DBoAnsJxHIh/,"IG image",,Lifetime,70585,51229,1445,62,0,93,33
18027273506174831,17841407868310918,kan_news,"כאן חדשות","היום, כ""ה בתשרי, חל יום האבל הלאומי לציון 7 באוקטובר, לזכר נרצחי הטבח, נופלי המלחמה ונרצחי פעולות האיבה. במסגרת היום נערכים טקסים ממלכתיים בהר הרצל והדגלים הורדו לחצי התורן.

""היום אנו מרכינים ראש לזכרם של תושבי ובאי הנגב המערבי, לוחמי כיתות הכוננות, אנשי כוחות הביטחון וחיילי צה""ל ומפקדיו, ומצדיעים לגבורתם, לעוז רוחם, לנחישות ולמסירות הנפש של מי שנפלו בקרבות הקשים"", כתב הרמטכ""ל הרצי הלוי, ""ההכרה בכישלון ולקיחת האחריות הן צעד ראשון בתיקון. כבד מחיר המלחמה של עם המבקש להיות חופשי בארצו. מעשי הגבורה של הנופלים והפצועים, בגוף ובנפש, הם שהבטיחו את המשך קיומנו. אנחנו נלחמים ללא פחד על הבית למען השבת הביטחון והחטופים. עלינו החובה להשלים את המשימה עבורם. אנו מוקירים תודה לאנשי המילואים, המתייצבים שוב ושוב ונלחמים למען החברה הישראלית"".

צילום: אורן בן חקון יונתן זינדל, יוסי אלוני, משה שי וחיים גולדברג, פלאש 90",0,"10/27/2024 03:37",https://www.instagram.com/p/DBn98LqxaJg/,"IG carousel",,Lifetime,191107,116397,5027,742,6,138,246
18009018557645963,17841407868310918,kan_news,"כאן חדשות","הותרו לפרסום שמותיהם של 4 לוחמי מילואים מחטיבת הנח""ל הצפונית, נפלו בהיתקלות עם מחבלים בדרום לבנון בזמן שסרקו מבנה באחד הכפרים:
סרן (מיל') הרב אברהם יוסף גולדברג, בן 43, מירושלים, רב צבאי בגדוד 8207
רס""ר (מיל') גלעד אלמליח, בן 30, מירושלים, לוחם בגדוד 8207
סרן (מיל') עמית חיות, בן 29 מחיפה, מפקד מחלקה בגדוד 8207
רס""ן (מיל') אליאב עמרם אביטבול, בן 36,מאיתן, סגן מפקד פלוגה בגדוד 8207

בנוסף, באירוע נפצעו קשה 3 לוחמים.

יהי זכרם ברוך🥀

@itayblumental",0,"10/27/2024 01:52",https://www.instagram.com/p/DBnx5Vhx6Y7/,"IG image",,Lifetime,177231,130099,4021,362,5,315,35
18055568275889743,17841407868310918,kan_news,"כאן חדשות","פיגוע סמוך לבסיס בגלילות: משאית שהובילה מטען פגעה לפחות ב-40 בני אדם שעמדו בתחנת אוטובוס שליד גלילות. הנהג נוטרל, חילוץ הנפגעים עדיין נמשך",0,"10/27/2024 01:27",https://www.instagram.com/p/DBnvE6DR3Q0/,"IG image",,Lifetime,321295,227832,1980,422,23,186,53
17933297048943833,17841407868310918,kan_news,"כאן חדשות","כטב""ם שחדר מלבנון פגע במפעל ביטחוני לייצור רכיבים תעופתיים מפעל באזור התעשייה בר לב ליד כרמיאל. במד""א עדכנו על 2 פצועים מרסיסים: גבר בן 61 נפצע בינוני וגבר בן 31 נפצע קל. מצה״ל נמסר: ״האירוע מתוחקר״

@chen_beyar",0,"10/27/2024 00:02",https://www.instagram.com/p/DBnlShGxltG/,"IG image",,Lifetime,57438,38697,829,53,0,22,15
18018304025543355,17841407868310918,kan_news,"כאן חדשות","מה קרה בתקיפה הישראלית באיראן?

בישראל שומרים על עמימות, אבל גורמים המעורים בנושא אומרים כי נגרם ""נזק משמעותי מאוד"" למכ""מים של סוללות הטילים נגד מטוסים מסוג אס-300 שהוצבו מסביב לטהרן. בנוסף, נגרם נזק ניכר למערך ייצור הטילים הבליסטיים של איראן. גורם ישראלי אומר כי אתרים מסוימים של ""התע""ש האיראני"".

בתמונות לווין שפורסמו היום לאחר התקיפה הישראלית נראות פגיעות ישירות בבסיס סודי של איראן בפרצ'ין. בשנים האחרונות, הבסיס האיראני כונה ""מתקן ביטחוני"", ולפי הערכות איראן חוקרת ומפתחת שם טילים וכטב""מים מתאבדים. בעבר הבסיס שימש לביצוע ניסויים בתחום הגרעין. 

לפי הדיווחים, במתקפה הישראלית באיראן נעשה שימוש ביכולות שנבנו במשך שני עשורים, כולל יכולות מבצעיות, אוויריות ומודיעיניות. התקיפה חשפה את המסר הישראלי העיקרי - אנחנו יכולים לעשות הרבה יותר.",0,"10/26/2024 10:42",https://www.instagram.com/p/DBmJvlvtdHt/,"IG carousel",,Lifetime,84772,49324,2330,39,3,159,80
18075182713600597,17841407868310918,kan_news,"כאן חדשות","‎תיעוד מיוחד: רגע לפני הפיצוץ, רובי המרשלג בתוך מנהרת הטרור הגדולה ביותר של חיזבאללה שהתגלתה עד כה
@rubih",58,"10/26/2024 09:01",https://www.instagram.com/reel/DBl-CTPI8XE/,"IG reel",,Lifetime,39718,26087,1173,43,5,54,46
18364718716112341,17841407868310918,kan_news,"כאן חדשות","תיעוד: יציאת מטוסי חיל האוויר למבצע ""ימי תשובה"" באיראן",42,"10/26/2024 07:45",https://www.instagram.com/reel/DBl1av_utGC/,"IG reel",,Lifetime,48340,30207,1971,178,7,252,48
17911286627937979,17841407868310918,kan_news,"כאן חדשות","היסטוריה נוספת בתקיפה באיראן: ארבע נשים השתתפו בפעולה הישראלית

מצדיעים לכן🫡",31,"10/26/2024 06:50",https://www.instagram.com/reel/DBlvK9dCq99/,"IG reel",,Lifetime,45699,31612,2218,146,0,115,42
18080712232548402,17841407868310918,kan_news,"כאן חדשות","תגיב או תרד מהעץ: מה תעשה איראן? הפרשנות של רועי קייס
@roikais",0,"10/26/2024 05:53",https://www.instagram.com/p/DBlosCIudow/,"IG carousel",,Lifetime,81182,45052,1252,15,0,150,64
18055165669908194,17841407868310918,kan_news,"כאן חדשות","איראן מגיבה למתקפה >

באיראן ובציר השיעי מלגלגים על היקף התגובה של ישראל, אבל במערכת הביטחון אומרים -""התגובה של אירן מלמדת שהם מנסים להוריד את עוצמת התקיפה. זה אולי יאפשר להם מרחב הכחשה, כדי לא להסלים את המצב ולהימנע ממלחמה משמעותית. בינתיים ישראל נערכת לכל אפשרות"". 

סוכנות הידיעות האיראנית תסנים ציטטה מקור שטען כי ""התקיפות של ישראל בוצעו מחוץ לגבולות איראן ופגעו באופן מוגבל. אף אתר של משמרות המהפכה בטהרן לא היה המטרה. הטענה הישראלית שלפיה פגעה ב-20 יעדים אינה ריאלית. מספר המטרות נמוך יותר"".

באיראן ובמדינות התומכות בה הופצו מאז התקיפה הישראלית קריקטורות וסרטונים הלועגים לתגובה המצומצמת של ישראל, לאחר קרוב של חודש של הכנות. 

עם זאת, בוושינגטון פוסט דווח מפי גורם המעורה בתוכנית התקיפה הישראלית כי התקיפה ""תוכננה להיות עם מינימום נפגעים, ועם השפעה בסדר גודל שיאפשר לאיראן להכחיש נזק נרחב ובכך להכיל את התקיפה"".",0,"10/25/2024 23:38",https://www.instagram.com/p/DBk9uH7qgQX/,"IG carousel",,Lifetime,109622,62785,2340,290,4,303,101
17968994609668845,17841407868310918,kan_news,"כאן חדשות","למה הפייק ניוז האיראני טוב לישראל?
@shapirayaara",55,"10/25/2024 20:52",https://www.instagram.com/reel/DBkqmy7oqZJ/,"IG reel",,Lifetime,64097,41540,1835,103,8,208,45
18014874779341459,17841407868310918,kan_news,"כאן חדשות","קולות נפץ ופיצוצים: כך נראים השמיים בטהראן בזמן התקיפות של ישראל באיראן",18,"10/25/2024 18:43",https://www.instagram.com/reel/DBkb7IAo0Gh/,"IG reel",,Lifetime,54822,33800,1331,114,6,455,58
18057842635828600,17841407868310918,kan_news,"כאן חדשות","התקיפה הישראלית נרחבת במספר אתרים משמעותי באיראן - אך ממוקדת באתרי צבא, כך אומר גורם המעורה בנושא. התקיפה מבוצעת בכמה גלים. 

בתקיפה באיראן השתתפו עשרות מטוסי קרב, מתדלקים, מטוסי מודיעין, שיצאו לאיראן - מרחק של כ-1500 ק""מ. כחלק מההיערכות, בחיל האוויר ביצעו בשבועות האחרונים תרגילים וסימולציות לתקיפה ארוכת טווח, טיסה עם מספר מבנים, כאשר בדרך ליעד המטוסים עוברים תדלוק באוויר. 

על פי התרגולת, על המטוסים חימושים מסוגים שונים: חלק נושאים את הפצצות ואחרים עם טילים ליירוט כדי לאבטח את יתר המטוסים באוויר עם יכולת לנהל קרבות אוויר. על פי נסיון העבר מהתקיפה בתימן, טייסות רבות מחיל האוויר משתתפות בתקיפה עם מגוון מטוסים - לכל מטוס היכולות שלו לפי המשימות השונות: F35, F16 ו F15
@itayblumental",0,"10/25/2024 18:09",https://www.instagram.com/p/DBkYFpICAOB/,"IG image",,Lifetime,75366,58611,3155,95,1,184,58
18066792892647189,17841407868310918,kan_news,"כאן חדשות","רה""מ נתניהו ושר הביטחון גלנט שוהים בקריה במהלך התקיפה הישראלית באיראן. גורמים ערביים אומרים כי התקיפות כוונו לבסיסים צבאיים איראניים
@gilicohen10 
📸: אבי אוחיון, לע""מ",0,"10/25/2024 17:14",https://www.instagram.com/p/DBkR1E2i7mZ/,"IG image",,Lifetime,44627,35239,1357,6,0,194,25
18037576106217528,17841407868310918,kan_news,"כאן חדשות","צה”ל הודיע: תוקפים מטרות צבאיות באיראן, ערוכים בהגנה ובהתקפה. אין שינוי בהנחיות פיקוד העורף. נמסר עוד כי התקיפה הישראלית התעכבה בשל תנאי מזג האוויר
@itayblumental",44,"10/25/2024 16:50",https://www.instagram.com/reel/DBkO4alIHTv/,"IG reel",,Lifetime,188428,113022,5212,570,29,356,144
18011189138639564,17841407868310918,kan_news,"כאן חדשות","בישראל מאשרים כי החלה התקיפה באיראן בתגובה להתקפות של איראן על ישראל. פיצוצים נשמעו ברחבי טהראן ובאזורים נוספים. גם בעיראק ובסוריה נשמעו פיצוצים",0,"10/25/2024 16:31",https://www.instagram.com/p/DBkM2GqCA0b/,"IG image",,Lifetime,47792,37430,1903,112,4,174,24
17885540148132629,17841407868310918,kan_news,"כאן חדשות","גיא עידן שנפל בלבנון לא יזכה לראות את בן דודו צחי עידן משתחרר מהשבי💔
#חדשותהשישי @maya_rachlin",67,"10/25/2024 13:07",https://www.instagram.com/reel/DBj1cQhMtmE/,"IG reel",,Lifetime,75313,45337,1775,101,3,43,63
18051188092764975,17841407868310918,kan_news,"כאן חדשות","בצה""ל נחמדים מדי לחיילים? הטעות שהייתה יכולה למנוע את אסון 7 באוקטובר לפי אלוף במיל' יוסי פלד
@sharonwexler urilevy11kan",77,"10/25/2024 10:42",https://www.instagram.com/reel/DBjk2VKPxz6/,"IG reel",,Lifetime,85175,47985,1655,163,10,160,140
17937627293925799,17841407868310918,kan_news,"כאן חדשות","נקבע מותם של חסן סוואעד בן ה-22, וארג'ואן מנאע בת ה-25., לאחר שנפצעו אנוש בפגיעה במג’ד אל-כרום. נפילת הרקטה הובילה להתעופפות של רסיסים רבים לעבר 3 זירות. לבתי החולים התפנו 27 פצועים, חלקם נפגעי חרדה.

יהי זכרם ברוך

@eranzinger",0,"10/25/2024 07:49",https://www.instagram.com/p/DBjRN85oLUR/,"IG image",,Lifetime,60946,41961,1210,35,2,124,11
18024809492202853,17841407868310918,kan_news,"כאן חדשות","נקבע מותם של 2 הפצועים אנוש מהפגיעה הישירה בחדר הכושר במג’ד אל-כרום. במטח הכבד נורו כ-30 רקטות לעבר הגליל העליון והגליל המערבי. בתוך כך, לבתי החולים פונו 27 פצועים בנוסף ל-2 הפצועים שמותם נקבע. חלק מהפצועים התפנו עצמאית, חלקם נפגעי חרדה.
יהי זכרם ברוך🕯️

(אורלי אלקלעי)",0,"10/25/2024 07:29",https://www.instagram.com/p/DBjO63eI3_a/,"IG image",,Lifetime,41091,28614,728,8,0,35,2
18040555820153749,17841407868310918,kan_news,"כאן חדשות","הותרו לפרסום שמותיהם של 3 לוחמי שריון מגדוד 196 שנפלו בפיצוץ מטען בבית לאהיא:
סרן ברק ישראל סגן, בן 22 מפתח תקווה, מ״מ בקורס מפקדי טנקים 
סמל עידו בן צבי, בן 21 משמרת, חניך בקורס מפקדי טנקים
סמל הלל אליהו עובדיה, בן 22 מירושלים, חניך בקורס מפקדי טנקים 

כוחות שריון וגבעתי כיתרו הלילה את בית החולים ״כמאל עדוואן״ בבית לאהיא. במבצע מתואם עם האו""ם, הלוחמים פינו 23 מאושפזים, רובם ילדים, והעבירו אותם לבתי חולים אחרים ברצועה. הטנק של שלושת הלוחמים נפגע ממטען בזמן מבצע כיתור בית החולים. לוחם נוסף מהטנק נפצע בפיצוץ.

ביממה האחרונה הותרו לפרסום שמותיהם של 13 חללי צה״ל.
יהי זכרם ברוך🕯️

@itayblumental",0,"10/25/2024 06:52",https://www.instagram.com/p/DBjKpSWIbjl/,"IG image",,Lifetime,78622,59817,2008,122,3,131,24
18074145490588283,17841407868310918,kan_news,"כאן חדשות","מראות קשים בסופר במג'ד אלכרום כתוצאה מפגיעת רקטה: 9 נפצעו בדרגות שונות - 2 במצב אנוש, 1 קשה, 2 בינוני ו-4 קל. במטח הכבד נורו כ-30 רקטות לעבר הגליל העליון והגליל המערבי, זוהו נפילות באזור כרמיאל.
@itayblumental (אורלי אלקלעי)",27,"10/25/2024 06:01",https://www.instagram.com/reel/DBjEycAtQa_/,"IG reel",,Lifetime,119728,64467,1541,435,20,400,99
17860901964266274,17841407868310918,kan_news,"כאן חדשות","כ-30 רקטות שוגרו לכרמיאל: 4 נפצעו בעקבות נפילה במג'ד אלכרום, 2 מהם במצב אנוש ו-2 קשה
(אורלי אלקלעי) @rubih",11,"10/25/2024 05:29",https://www.instagram.com/reel/DBjBEdXBRS5/,"IG reel",,Lifetime,54576,31127,454,47,12,59,15
18045246176008842,17841407868310918,kan_news,"כאן חדשות","מאסר עולם או עונש מוות? אם יורשעו - זה גזר הדין הצפוי לשבעת המרגלים מהצפון, שצילמו ואספו מידע על בסיסים צבאיים ואתרים אסטרטגיים במשך שנתיים - והעבירו אותו לאיראן. כעת הם נאשמים בסיוע לאויב בשעת מלחמה ומסירת ידיעה לאויב.

אזיז ניסנוב, אלכסנדר סדיקוב, יגאל ניסן, ויאצ'סלב גושצ'ין, יבגני יופה ושני קטינים נוספים נאשמים שביצעו כ-600 משימות של תיעוד ואיסוף מידע על בעלי תפקידים ואתרים, ביניהם כאלה שהיו יעדים במתקפה האיראנית - בסיסי חיל האוויר בנבטים וברמת דוד, הקריה, אתרי סוללות כיפת ברזל ועוד. לעיתים הוכוונו על ידי המפעילים לנקודות ציון וזוויות צילום ספציפיות. אחת המשימות הייתה תיעוד בסיס נבטים יום לאחר התקיפה האיראנית בחודש אפריל, שבמהלכה נפגע הבסיס.

על פי כתב האישום, לחוליה היה מבנה ארגוני היררכי: אזיז ניסנוב בן ה-43 היה ראש החוליה וזה שניהל את הקשר עם המפעילים האיראניים. סגנו אלכסנדר סדיקוב בן ה-58 היה אחראי על ניהול החוליה בפועל, חלוקת המשימות והתשלום. הנאשמים הקטינים היו המבצעים העיקריים של פעולות צילום האתרים האסטרטגיים והביטחוניים, אחראים על שליחת החומרים וקבלת הכספים. למקרה שייתפסו, יצר ניסנוב סיפור כיסוי לחוליה, לפיו היו ""מדריכי טיולים"". 

בכתב האישום מודגש שכבר בתחילה הבין אזיז ניסנוב שהוא עובד עבור טהראן. הוא קיבל הנחיות בווטסאפ וטלגרם - והחל לבצע משימות. בשלב מסוים צירף אליו את ויאצ'יסלב גושצ'ין. השניים צילמו אתרים רבים באזור חיפה, שכרו סירה ועקבו אחר נתיבי שיט. בהמשך הקים ניסנוב את החוליה, ומספטמבר 2023 הוא צירף בהדרגה את יתר הנאשמים לפעילות.

הנאשמים קיבלו סה""כ יותר מ-300 אלף דולרים - בין 500 ל-1,200 דולרים לכל משימה. לעיתים הם ביצעו  3-4 משימות ביום. הם הודו במיוחס להם. מלבד שני הקטינים, לכולם עבר פלילי עם הרשעות בעבירות סמים, רכוש ואלימות. שניים מהחשודים הם אב ובן שטענו בחקירתם כי עשו זאת בשל בצע כסף. 

בפרקליטות המדינה הדגישו: ""זה אחד המקרים החמורים ביותר של עבירות ביטחוניות שנחשפו במדינת ישראל, ובוצעו על ידי אזרחים ישראלים שידעו היטב שהם פועלים נגד ביטחון המדינה ולטובת איראן, בשעה שמדינת ישראל מנהלת מלחמה קשה בכמה חזיתות""

@chen_beyar
📷: AP",0,"10/25/2024 03:19",https://www.instagram.com/p/DBiyTxMMdY6/,"IG image",,Lifetime,76174,53240,1947,58,0,199,51
18457558609038762,17841407868310918,kan_news,"כאן חדשות","הכאב היכה שוב באותה המשפחה: רס""ב במיל' גיא עידן ז""ל שנפל אמש בדרום לבנון הוא בן דודו של צחי עידן מקיבוץ נחל עוז, שחטוף בעזה כבר יותר משנה, ושביתו מעיין בת ה-18 נרצחה ב-7 באוקטובר.

במשפחת עידן סיפרו על גיא: ""הוא היה איש ביטחון בכל רמ""ח איבריו. אבא מסור ובעל אוהב. אח ובחור למופת. גיא אהב את החיים, אקדחים ואופנועים, ואצלו ג'ינג'י זה אופי ולא רק סיסמא. אם יש פירוש למונח מלח הארץ - זה גיא. איש גדול ומחוספס עם לב ענק ורגיש מאוד לזולת""",0,"10/25/2024 01:51",https://www.instagram.com/p/DBioLBCMyV8/,"IG image",,Lifetime,57044,41653,2230,33,0,85,18
17918268005898566,17841407868310918,kan_news,"כאן חדשות","קבוצת ישראלים ניסתה לפרוץ לפנות בוקר לעזה במטרה ""להקים יישוב"" והצליחה להיכנס למרחב שבין ישראל לרצועה. בתיעוד נראה חייל המנסה למנוע מהם את המעבר. זו לא הפעם הראשונה מתחילת המלחמה שתקרית כזו מתרחשת, ובחודשים האחרונים נבלמו כבר מספר ניסיונות חצייה. 

מצה""ל נמסר: ""במהלך הלילה, תצפיות צה""ל זיהו מספר אזרחים ישראלים שחצו למרחב המכשול החוצץ בין שטח ישראל לרצועת עזה. נדגיש כי האזרחים לא חצו לשטח הרצועה. ההתקרבות למרחב המכשול מסוכנת, ומפריעה לפעילות כוחות הביטחון""",25,"10/25/2024 01:30",https://www.instagram.com/reel/DBilu-8NaTX/,"IG reel",,Lifetime,111223,66157,1696,290,6,390,97
18015106484623890,17841407868310918,kan_news,"כאן חדשות","הותר לפרסום: 5 לוחמי מילואים נהרגו, ויותר מ-20 נפצעו הלילה מפגיעת רקטה סמוך למבנה שבו שהו בדרום לבנון.

רס”ן (מיל’) דן מאורי, בן 43, מבית יצחק-שער חפר, סגן מפקד גדוד 89 בחטיבת ‘הזקן’ (8).
סרן (מיל’) אלון ספראי, בן 28 מירושלים, קצין שריון בגדוד 89 בחטיבת ‘הזקן’ (8).
רס”ב (מיל’) עמרי לוטן, בן 47 מבת חפר, לוחם בגדוד 89 בחטיבת ‘הזקן’ (8).
רס”ב (מיל’) גיא עידן, בן 51 מקיבוץ שמרת, לוחם בגדוד 89 בחטיבת ‘הזקן’ (8).
רס”ר (מיל’) תום סגל, בן 28 מעין הבשור, לוחם בגדוד 89 בחטיבת ‘הזקן’ (8).

יהי זכרם ברוך 🕯",0,"10/25/2024 01:05",https://www.instagram.com/p/DBii8jlIJks/,"IG carousel",,Lifetime,404426,249176,5777,429,6,314,63
18056500033859442,17841464234747957,kan_reshetb,"כאן רשת ב","“נחל עוז - המוצב שהופקר” התחיל מריאיון בתחילת המלחמה של אמא לתצפיתנית בתוכנית “סדר יום” עם קרן נויבך, ומסתיים בהסכת בן חמישה פרקים. אנחנו מזמינים אתכם/ן להאזין לפרק הראשון “שבת אחרונה לנצח” שמספר על החיים שהיו בנחל עוז לפני. חמשת הפרקים ישודרו בכל בוקר בשבוע הבא ב-10:00 בתוכנית סדר יום עם",92,"10/25/2024 00:26",https://www.instagram.com/reel/DBieQxZIyWI/,"IG reel",,Lifetime,15651,11405,272,11,4,19,0
18094894537478244,17841407868310918,kan_news,"כאן חדשות","בתקיפה שבה חוסלו יורשו של נסראללה האשם ספי א-דין, וראש מטה המודיעין של חיזבאללה - חוסל גם חאג' עאדל (מוחמד עלי בחסון), מפקד בכיר בארגון שיש לו תפקיד מיוחד. 

עאדל עמד בראש יחידה שאחראית על בנייה, תכנון ותחזוקה של הבסיסים, המתקנים הצבאיים והבונקרים - והסתרתם בלב אוכלוסייה אזרחית. כך באופן אירוני, הוא תכנן ובנה את מפקדת המודיעין התת קרקעית, שבה הוא חוסל עם יורשו של נסראללה.

ספי א-דין היה חבר במועצת השורא, הפורום הצבאי-מדיני הבכיר ביותר של חיזבאללה, והיה אחראי לקבלת החלטות ומדיניות הארגון. לצידו של ספי א-דין חוסלו יותר מ-25 מפקדים נוספים בחיזבאללה, בהם חוסיין עלי זימה, ראש מטה המודיעין, בלאל צאא'ב עיאש, אחראי האיסוף האווירי במודיעין ומחמוד מחמד שאהין, אחראי מטה המודיעין של חיזבאללה בסוריה. התקיפה שבה חוסלו התרחשה ברובע הדאחייה בביירות לפני שלושה שבועות, אך צה""ל הודיע על החיסול באופן רישמי רק בשלישי האחרון. 

@roikais",0,"10/24/2024 12:35",https://www.instagram.com/p/DBhNFYTxkb3/,"IG image",,Lifetime,81446,57959,1572,42,3,33,37
18074262037599261,17841407868310918,kan_news,"כאן חדשות","רס""ל גיא בן-הרוש, בן 23 מפרדס חנה-כרכור, מפקד בפלגת תקיפה ביחידת עוקץ, חטיבת המרום, נפל בקרב בדרום לבנון. המחבלים פתחו באש לעבר לוחמי צה""ל, באירוע נפצע קשה גם לוחם מחטיבה 55.

זאת בנוסף להיתקלות אתמול בדרום לבנון, בה נהרגו 4 לוחמי מילואים ו-6 נפצעו. סה״כ נפלו 5 לוחמים במהלך החג השני של סוכות.

יהי זכרו ברוך🥀
@itayblumental",0,"10/24/2024 11:56",https://www.instagram.com/p/DBhIsL3RMoS/,"IG image",,Lifetime,130712,99599,4612,263,1,345,38
18275144833217054,17841407868310918,kan_news,"כאן חדשות","הותרו לפרסום שמותיהם של 4 לוחמי מילואים מגדוד 222, חטיבת כרמלי, שנפלו בקרב בדרום לבנון:
רס""ב (מיל') מרדכי חיים אמויאל, בן 42 מלוד
רס""ם (מיל') שמואל הררי, בן 35 מצפת, מפקד כיתה
רס""ר (מיל') שלמה אביעד ניימן, בן 31 ממצפה יריחו
רס״ל (מיל') שובאל בן-נתן, בן 22 מרחלים

בפעילות של לוחמי מילואים בדרום לבנון אתמול ב-16:50, מחבלי חיזבאללה יצאו מפיר והשליכו רימוני יד מטווח קצר לעבר לוחמי צה""ל. כתוצאה מכך נהרגו 4 לוחמים ו-6 נפצעו, 3 מהם באורח קשה. יתר הלוחמים בכוח השיבו באש והשליכו רימונים לתוך הפיר בחזרה. מדובר באזור מורכב לפינוי, הנפגעים פונו בכלי רכב ובמסוקים תוך חיפוי של חיל האוויר.

אביעד ניימן, הוא ההרוג השני ממצפה יריחו השבוע. ניימן הותיר אחריו את אשתו שיר וארבעת ילדיהם: חגי (12), צוריה (9), כרמי (8), רפאל (4). ראש המועצה האזורית בנימין ישראל גנץ מסר: ""איש חסד גדול שכל מעשיו היו להיטיב בשקט ובצנעה. הוא נפל בגבורה במלחמה להצלת עם ישראל בדרך לניצחון על כוחות הרשע"".

יהי זכרם ברוך🥀

@itay.blumental",0,"10/24/2024 10:50",https://www.instagram.com/p/DBhBHriRgD5/,"IG image",,Lifetime,263951,199847,4242,411,4,389,34
18073817707521953,17841407868310918,kan_news,"כאן חדשות","ההוראות שהתצפיתנית אגם ברגר הותירה לפני שנחטפה באכזריות בחג שמחת תורה הקודם🎗

אילה חסון - Ayala Hasson",41,"10/24/2024 09:51",https://www.instagram.com/reel/DBg6Unai6mR/,"IG reel",,Lifetime,107139,60207,4169,88,1,129,137
18380455138096924,17841407868310918,kan_news,"כאן חדשות","ברקע ההפגנות הפרו פלסטיניות בברלין: חנות אונליין בשם ""לה לה ברלין"" מציעה מוצרים למכירה עם הדפס כאפייה פלסטינית הזמינים בבתי עסק יוקרתיים. באתר החנות נכתב כי חלק מההכנסות מועברות לארגון ״רופאים ללא גבולות״ ופעולותיהם בעזה. ""לה לה ברלין"" הם בין הראשונים שהופכים את הכאפייה למוצר יוקרה, אבל כמוצר אופנתי זאת מגמה מורגשת בתקופה האחרונה. משפיענים צולמו עם כאפיות בתור צעיף, וספק אם חלק מהם מבינים את ההקשר. לאחרונה גם הוצעו כאפיות אופנתיות מבד קשמיר בחנות ""KaDeWe"" שבברלין במחיר של 377 אירו, יחד עם תיקים מסוגננים עם הדפס כאפייה. 

דווקא בחודש האופנה שהסתיים לאחרונה, בשבועות האופנה בניו יורק, לונדון, מילאנו ופריז, לא נרשם כמעט אזכור למלחמה או הובלטו סימנים הנוגעים אליה. כך גם לא במגזינים הנחשבים, למעט ""ווג ערביה"" שאף הקדיש לכך שער - עם צילום של עבודת רקמה פלסטינית.

(דוב גיל הר) @almogtamar",0,"10/24/2024 08:33",https://www.instagram.com/p/DBgxWUsRSkl/,"IG carousel",,Lifetime,114106,62104,1530,290,0,195,97
18071211505529098,17841407868310918,kan_news,"כאן חדשות","אביה של התצפיתנית הדר מרים כהן, שנפלה במוצב נחל עוז, זועק להקמת ועדת חקירה: ""זו לא קריאה פוליטית, אם זה היה קורה לכם - הייתם יושבים בצד? אני מרגיש את הבת שלי איתי פה, שומע אותה אומרת לי 'אבא, זה מה שצריך לעשות'""
@maya_rachlin",41,"10/24/2024 06:46",https://www.instagram.com/reel/DBglJqwvoqn/,"IG reel",,Lifetime,98771,64178,3578,183,5,140,84
18464465398008439,17841407868310918,kan_news,"כאן חדשות","תיעוד נדיר של הקומנדו בפעולה: באחד הלילות השבוע, יצא כוח של מגלן בראשות מפקד היחידה לפעולה בכפר שיעי בלבנון. המשימה - טיהור השטח והבתים ממחבלים וחיסול תשתית של חיזבאללה. מואב ורדי והצלם רוליק נוביצקי צורפו לכוח
@moavvardi",59,"10/24/2024 05:47",https://www.instagram.com/reel/DBgdQlQoXfO/,"IG reel",,Lifetime,59423,34966,1713,123,5,85,82
17890045227102989,17841407868310918,kan_news,"כאן חדשות","צה”ל פרסם כי באחד מהמבצעים חוצי הגדר בשנה האחרונה, הלוחמים איתרו והשמידו מנהרה משמעותית של כוח רדואן בלב שכונה אזרחית. הבית שימש כמחסן אמצעי לחימה בכפר בדרום לבנון ובמנהרה אותרו אמצעי לחימה רבים, תשתיות טרור ואמצעים לשהייה ממושכת שתוכננו לשמש את המחבלים.

בפעילויות נוספות, פשטו הלוחמים על מבנים צבאיים וביניהם בית מלון ששימש מסווה למחבלי חיזבאללה. בבית המלון אותרו והושמדו מחסן אמצעי לחימה ובו מאות עמדות משגרי נ”ט וטילי תלול מסלול שביצעו שיגורים לעבר יישובי הגליל בחודשים האחרונים.

כמו כן, חטיבת המילואים של צנחנים איתרה מתחם שהייה לזמן ממושך במנהרה שנועד לשמש את מחבלי כוח רדואן בתוכניתם ל”כיבוש הגליל”. צה”ל חשף כי במתחם אותרו מיטות קומתיים, ארונות אחסון, מזון, תשתיות לשהייה לזמן ממושך, ציוד רב, אמצעי לחימה ועמדות שיגור שהמחבלים השאירו.",43,"10/24/2024 05:16",https://www.instagram.com/reel/DBgar8QIRJi/,"IG reel",,Lifetime,87369,48485,1707,66,4,49,116
18036725165334188,17841407868310918,kan_news,"כאן חדשות","מקור מודיעיני מסר לעיתון ""טיימס"" הבריטי כי ישראל דחתה את מתקפת התגובה שלה באיראן עקב הדלפת מסמכים מהפנטגון. בהדלפה נחשפו מסמכים שהראו את ההיערכות לתקיפה, אך לא חשפו את המיקום או את התזמון שלה. המסמכים, מה-15 ו-16 באוקטובר, פורסמו בחשבון טלגרם בשם ""Middle East Spectator"". 

המסמכים סומנו כסודיים ביותר ויש להם סימון לפיו הם אמורים להיחשף רק לעיני ארצות הברית ובעלות ברית ""חמש העיניים"" - אוסטרליה, קנדה, ניו זילנד ובריטניה. בין המסמכים, יש תיאור של תרגילי חיל האוויר הישראלי. חשיפת המסמכים העלתה חשש שהתגלו דפוסי פעולה מסוימים של מערכת הביטחון. על כן, ישראל נאלצה לדחות את התקיפה כדי לשנות בה מרכיבים מסוימים.

בארצות הברית נפתחה חקירה בעקבות דליפת המסמכים המסווגים מהפנטגון. גורם אמריקני רשמי אישר את אמיתותם. בכיר בפנטגון אמר לערוץ סקיי ניוז בערבית כי המנהלת של משרד העוזר למבצעים מיוחדים במשרד ההגנה האמריקני היא החשודה בהדלפת מסמכים הקשורים לתגובה הישראלית באיראן. לדבריו, מתוקף תפקידה היא בעלת הרשאה לבחון מידע מודיעיני בסיווג גבוה.

@michalresh2023 
צילום: AP",0,"10/24/2024 03:58",https://www.instagram.com/p/DBgR7cYx_4U/,"IG image",,Lifetime,69665,48039,1783,94,0,94,39
18055665232846134,17841407868310918,kan_news,"כאן חדשות","דקל, אושרי ושלושת ילדיהם שרדו את הטבח בקיבוץ בארי. בצל הטרגדיה הם החליטו להפסיק הריון, לקנות כרטיס בכיוון אחד לארצות הברית ולנסות לשקם את החיים שקרסו. עכשיו, שנה אחרי, הם משתפים במסע הקשה, בביקור המטלטל בבית ההרוס והרגע שבו החליטו בכל זאת לצרף ילד רביעי למשפחה. 

פרויקט מיוחד של @ifatglick - #ארץחדשה",170,"10/24/2024 01:57",https://www.instagram.com/reel/DBgDqofog8M/,"IG reel",,Lifetime,123086,63205,3571,152,11,84,322
18030267656359051,17841407868310918,kan_news,"כאן חדשות","תיעוד מהתקיפות בביירות הלילה: חיל האוויר השמיד אתרים לייצור אמצעי לחימה בתוך בניינים אזרחיים ברובע הדאחייה. ביממה האחרונה, צה""ל חיסל עשרות מחבלים ותקף יותר מ-160 מטרות של חיזבאללה ברחבי לבנון. במקביל, הכוחות ממשיכים לפעול בג'באליה ועצרו עד כה יותר מ-200 מחבלים כחלק מפינוי התושבים מצפון הרצועה.
@_omrihaim_",50,"10/23/2024 23:47",https://www.instagram.com/reel/DBf1JsOxB_0/,"IG reel",,Lifetime,56114,36102,1934,59,10,160,33
18331793089145856,17841407868310918,kan_news,"כאן חדשות","הניצחון של קיבוץ בארי: שנה אחרי הטבח בשמחת תורה - חברי הקיבוץ חוגגים בבית הכנסת ❤️ 

גבאית בית הכנסת רחל פריקר אמרה: ""עברנו טראומה לכל החיים, אבל אין לנו ברירה אלא להמשיך קדימה. הסיבה העיקרית לקיים את החג הזה היא כדי להתפלל בכל הכוח שהחטופים יחזרו הביתה""

צילום: דוברות בארי
@itsik_z",11,"10/23/2024 08:59",https://www.instagram.com/reel/DBePgW8BGQX/,"IG reel",,Lifetime,183444,115139,11111,253,13,219,138
18106095223442307,17841407868310918,kan_news,"כאן חדשות","דובר צה”ל חשף מסמכים המראים ששישה עיתונאים של רשת אלג’זירה בעזה משתייכים לארגוני הטרור חמאס והג’יהאד האסלאמי. מדובר על אנס אלשריף, עלאא’ סלאמה, חסאם שבאת, אשרף אלסראג’, איסמאעיל אבו עמר וטלאל אלערוקי. 

לפי צה”ל, המחבל-עיתונאי אסמאעיל אבו עמר הותקף על ידי צה”ל לפני מספר חודשים בעזה ונפצע. המסמכים מאשרים את פעילות הטרור שלו, ממנה ניסתה רשת אל-ג’זירה להתנער.

המסמכים כוללים טבלאות כוח אדם, רשימות קורסים להכשרות טרור, ספרי טלפונים ומסמכי משכורות למחבלים המוכיחים כי הם פעילי טרור צבאיים של ארגוני הטרור ברצועת עזה.",0,"10/23/2024 07:21",https://www.instagram.com/p/DBeEZOpoT2L/,"IG carousel",,Lifetime,88038,45074,2585,98,0,145,99
18315044617090299,17841407868310918,kan_news,"כאן חדשות","ישראלים מתבקשים לצאת מאזור החופים באופן מיידי 👇

אזהרה חמורה לישראלים במפרץ ארוגם בסרי לנקה - גורם ביטחוני אמר לכאן חדשות: ״יש איום מיידי וקונקרטי על ישראלים באזור. בימים האחרונים נחשף מידע מודיעיני על כוונות לבצע פיגוע נגד ישראלים בחופי סרי לנקה״.

ישראלים ששוהים באזור מתבקשים לצאת מהחופים ומאזורי התיירות ולנוע לעיר הבירה קולומבו באופן מייד

@amichaistein @oferhalfono @sharon_idan
צילום: AP Photo/Eranga Jayawardena",0,"10/23/2024 05:14",https://www.instagram.com/p/DBd11b6KYgQ/,"IG image",,Lifetime,59780,42230,1439,214,0,33,31
17953668221735158,17841407868310918,kan_news,"כאן חדשות","היום לפני שנה בדיוק: ערב שמחת תורה תשפ״ד, 6 באוקטובר 2023 בקיבוץ בארי - יוסי שרעבי ז״ל חוגג עם ספר התורה, יום לפני הטבח 
@ettingeryair",12,"10/23/2024 04:02",https://www.instagram.com/reel/DBdtefhoMQ_/,"IG reel",,Lifetime,44766,26626,1496,28,0,35,30
18108690379390920,17841407868310918,kan_news,"כאן חדשות","שניות לפני הפגיעה והפיצוץ 👇

אחרי שדובר צה״ל בערבית קרא לתושבי שכונות דרומיות בביירות להתפנות מבתיהם - דיווחים על תקיפות של חיל האוויר באזור

צילום: Bilal Hussein - AP",0,"10/23/2024 03:32",https://www.instagram.com/p/DBdqNQvqFCj/,"IG carousel",,Lifetime,131722,67335,3601,354,0,195,180
17881221240150998,17841407868310918,kan_news,"כאן חדשות","תומכיו של בן גביר לעגו לרמטכ״ל: אוהבים אותו? ״על האש״ - ותגובת השר 
@shemeshmicha",46,"10/23/2024 02:44",https://www.instagram.com/reel/DBdkk0lon0s/,"IG reel",,Lifetime,107809,57039,1292,201,7,573,72
18252176062262058,17841464234747957,kan_reshetb,"כאן רשת ב","“אם באוקטובר 73’ היו הצעירים שיצאו להילחם כדי לשמור על הגבולות, אז היום באוקטובר 24’ יש צעירים ציונים שצריכים לעשות את המשימה שלהם”: רועי עזיזי, ירושלמי שעבר לעוטף בעקבות 7 באוקטובר",0,"10/23/2024 02:13",https://www.instagram.com/p/DBdhGlEozru/,"IG image",,Lifetime,50224,36840,1101,17,2,9,0
18039652013163763,17841407868310918,kan_news,"כאן חדשות","לרחל, הגבאית בבית הכנסת של קיבוץ בארי, ברור איפה היא תחגוג את שמחת תורה השנה
Yair Ettinger",63,"10/23/2024 01:01",https://www.instagram.com/reel/DBdYyrEpb5h/,"IG reel",,Lifetime,53389,34005,1368,45,2,43,31
18031072607520487,17841407868310918,kan_news,"כאן חדשות","״זה המינימום שאנחנו יכולים לעשות עבור שיראל״

אחרי הריאיון של יעל טובול, ניצולת הנובה וחברתה של שיראל גולן ז״ל ששמה קץ לחייה - ליעל הובטח כי תקבל סיוע נפשי מהרווחה. 

איל גולן, אחיה של שיראל, סיפר: ״ראש מועצת לב השרון פנה לראש מועצת היישוב שבו יעל מתגוררת והבטיח לו שהיא לא תיפול בין הכיסאות. הוא אמר שהוא ידאג לכך שהיא תקבל את כל הטיפול לו היא זקוקה, כדי שחס וחלילה המקרה של שיראל לא יחזור על עצמו. נפסיק להשתיק את בעיית הפוסט טראומטים והמתאבדים הרבים בעקבות אסון מסיבת הנובה, זה המינימום שאנחנו יכולים לעשות עבור שיראל״

@yoavborowitz @mayashperber",0,"10/22/2024 22:59",https://www.instagram.com/p/DBdK97gqVPt/,"IG image",,Lifetime,92919,67918,3675,61,2,78,59
18033820178204266,17841407868310918,kan_news,"כאן חדשות","צה""ל אישר רשמית: האשם ספי א-דין, בכיר חיזבאללה חוסל

צילום: AP",0,"10/22/2024 13:01",https://www.instagram.com/p/DBcGh7dNV6V/,"IG image",,Lifetime,58854,45779,2859,177,0,135,39
18037937909513242,17841407868310918,kan_news,"כאן חדשות","מצדיעים לך, גולדיטש🫡
כתבנו חיים גולדיטש נפצע בלחימה בדרום לבנון וסיפר על החברים שהצילו אותו ועדיין מחרפים את נפשם בקרבות

Haim Goldich אילה חסון - Ayala Hasson",79,"10/22/2024 12:01",https://www.instagram.com/reel/DBb_j5XONDq/,"IG reel",,Lifetime,186038,111905,8568,250,12,396,198
18052009003928281,17841407868310918,kan_news,"כאן חדשות","הניח אחריו אישה ו-6 ילדים: רס""ן (מיל') אבירם חריב, סגן מפקד גדוד 9308, נפל בקרב בדרום לבנון. יהי זכרו ברוך💔",0,"10/22/2024 11:27",https://www.instagram.com/p/DBb7yFQNLFK/,"IG image",,Lifetime,59773,50562,1781,63,1,193,11
18036450512185197,17841403904946515,kan_israel,"כאן | תאגיד השידור הישראלי","צועקים עליי ״תעוף מפה, יש פה מחבלים!״
איתי בלומנטל, הכתב הצבאי שלנו, משתף רגעים שהוא לא יכול יכול לשכוח מה-7.10. 
צפו בסרט המלא #הותר_לפרסום עכשיו בכאן BOX

@liatyoffe @roeefinzi",82,"10/22/2024 10:57",https://www.instagram.com/reel/DBb1GP0uyAa/,"IG reel",,Lifetime,76226,49026,1403,15,5,37,0
17933064554824657,17841407868310918,kan_news,"כאן חדשות","ד”ר תהילה אליצור, שבעלה ובניה מגויסים למילואים ונמצאים בחזית, כתבה ליו”ר ש”ס מכתב ובו ביקורת קשה על חוק הגיוס. אליצור, שמגיעה מהציונות הדתית, הדגישה כי להתגייס לצבא זה ציווי של התורה. “איך אפשר לשלוח את הבנים והבנות שלנו להסתכן ולהילחם על זה שאתה לא לוקח חלק בזה?”
@maya_rachlin",91,"10/22/2024 09:00",https://www.instagram.com/reel/DBbqze9IO5s/,"IG reel",,Lifetime,68722,50626,2438,233,4,137,73
18107639638427423,17841407868310918,kan_news,"כאן חדשות","שישו ושמחו? אחרי ששמחת תורה הפך ליום זיכרון, אילו שינויים ייעשו בבתי הכנסת – והאם בכלל ראוי לחגוג?
@ettingeryair",200,"10/22/2024 08:30",https://www.instagram.com/reel/DBbndusohN2/,"IG reel",,Lifetime,19522,13810,297,8,0,52,19
18024085868200450,17841407868310918,kan_news,"כאן חדשות","יהי זכרו ברוך🕯",0,"10/22/2024 08:02",https://www.instagram.com/p/DBbkStgulkc/,"IG image",,Lifetime,70732,57249,3136,98,4,268,15
18035472794258105,17841407868310918,kan_news,"כאן חדשות","מהנדס בגוגל שהיה נהג בצבא - יהיה נהג במילואים? לא עוד: היחידה הטכנולוגית 1337 נולדה כדי לנצל את היכולות של בכירי המשק בהייטק גם בשירות המילואים
@ittaishick",48,"10/22/2024 06:02",https://www.instagram.com/reel/DBbWgC8MslR/,"IG reel",,Lifetime,70079,39328,1545,129,8,10,92
18314837560093858,17841407868310918,kan_news,"כאן חדשות","שנה ועשרה ימים אחרי טבח 7 באוקטובר - יחיא סינוואר חוסל בידי לוחמי צה״ל

@itayblumental @itsik_z",0,"10/17/2024 07:35",https://www.instagram.com/p/DBOpNYOINFg/,"IG image",,Lifetime,77438,55745,3046,137,18,138,51
17975268215785276,17841407868310918,kan_news,"כאן חדשות","״חטפת וואחד בומבה״: יגיל יעקב, שנחטף לעזה ושוחרר בעסקה, מגיב לחיסול בסרטון עם תמונת גופתו של סינוואר

@dorit_mizrahi_",7,"10/17/2024 08:22",https://www.instagram.com/reel/DBOug0Mpzux/,"IG reel",,Lifetime,135413,61194,4001,118,8,72,96
17953055738838428,17841407868310918,kan_news,"כאן חדשות","אדית מבת ים יצאה לרחוב לחלק שוקולד ולחגוג את החיסול של סינוואר: ״העיקר לשמח יהודים״
@anna.pines",22,"10/17/2024 08:42",https://www.instagram.com/reel/DBOwxXsheAd/,"IG reel",,Lifetime,41341,28889,1451,81,0,64,35
18425795470073491,17841407868310918,kan_news,"כאן חדשות","כך חיסול סינוואר עשוי לסלול את הדרך לעסקת חטופים, וגם - האם הוא היה בדרכו לברוח מעזה?
@eliorlevy",74,"10/17/2024 09:13",https://www.instagram.com/reel/DBO0ROGI7W5/,"IG reel",,Lifetime,77355,48530,1881,101,1,77,93
18099076219460613,17841407868310918,kan_news,"כאן חדשות","האם חיסול סינוואר יכול לקדם עסקת חטופים?",42,"10/17/2024 09:50",https://www.instagram.com/reel/DBO4bX_oOlN/,"IG reel",,Lifetime,31915,22502,615,34,1,35,20
18062088784776587,17841407868310918,kan_news,"כאן חדשות","אחות של שי ביטון חיון ז״ל שנפל בעזה חוגגת את חיסול סינוואר מחוץ למכון לרפואה משפטית עם בקלאוות: ״הדם של אח שלי על הידיים שלו״

@anna.pines",18,"10/17/2024 09:55",https://www.instagram.com/reel/DBO5MavhzhF/,"IG reel",,Lifetime,253637,126472,7717,420,24,949,305
18019119392312308,17841407868310918,kan_news,"כאן חדשות","צירוף מקרים ומקצועיות שהובילו לחיסול מנהיג חמאס: הרמטכ״ל סייר במבנה בו חוסל יחיא סינוואר",36,"10/17/2024 10:22",https://www.instagram.com/reel/DBO8RM2iglJ/,"IG reel",,Lifetime,54494,34069,2089,76,12,144,59
17962254632811651,17841407868310918,kan_news,"כאן חדשות","ראש הממשלה התייחס בהצהרה לתקשורת לחיסול סינוואר בעזה, ויצא בקריאה לאנשי חמאס: ""מי שיניח את נשקו וישיב את חטופינו נאפשר לו לצאת ולחיות""

צילום: Yonatan Sindel/Flash90",0,"10/17/2024 10:38",https://www.instagram.com/p/DBO-G5-K1od/,"IG image",,Lifetime,86687,65121,3476,65,0,183,54
17888390520104005,17841407868310918,kan_news,"כאן חדשות","יש זיהוי רשמי: בבדיקות ה-DNA נמצאה התאמה ודאית למנהיג חמאס יחיא סינוואר

@moshestainmetz
צילום: Abed Rahim Khatib/Flash90",0,"10/17/2024 10:45",https://www.instagram.com/p/DBO-6UZIQLP/,"IG image",,Lifetime,126725,91275,4123,196,5,243,146
18102949990446156,17841407868310918,kan_news,"כאן חדשות","עכשיו אפשר לספר: במנהרה בה נמצאו גופות ששת החטופים שנרצחו - נמצאו גם סימנים שמעידים על כך שסינוואר שהה בה איתם. משפחות החטופים עודכנו על כך עוד לפני, אך התבקשו לשמור על כך בסוד

@itsik_z",0,"10/17/2024 10:57",https://www.instagram.com/p/DBPAVslKUlS/,"IG image",,Lifetime,132589,91255,5832,322,0,135,143
17878222242093398,17841407868310918,kan_news,"כאן חדשות","הותר לפרסום: חמישה לוחמי צה״ל נפלו בקרבות בדרום לבנון.

רס״ן אופק בכר, בן 24 מנס ציונה, מפקד פלוגה בסיירת גולני, סרן אלעד סימן טוב, בן 23 מצופים, מפקד צוות בסיירת גולני, סמ״ר אלישיב איתן וידר, בן 22 מירושלים, מפקד כיתה בסיירת גולני, סמ״ר יעקב הלל, בן 21 מירושלים, לוחם בסיירת גולני וסמ״ר יהודה דרור יהלום, בן 21 מחברון, לוחם בסיירת גולני. יהי זכרם ברוך",0,"10/17/2024 11:27",https://www.instagram.com/p/DBPDxP4oHoX/,"IG carousel",,Lifetime,469129,253980,8040,820,14,544,58
18064520614655273,17841407868310918,kan_news,"כאן חדשות","הרגעים האחרונים של סינוואר - התיעוד
לפי תחקיר ראשוני, חיסול סינוואר התחיל אתמול בשעה 15:00 כשכוחות צה""ל זיהו באמצעות רחפן 3 דמויות עוברות בין בתים, שניים מהם היו מכוסים בשמיכות, הלוחמים ירו לעבר המחבלים שנפצעו והתחילו להתפזר. בשלב הזה ככל הנראה סינוואר נותר לבדו ונכנס למבנה אחר. טנק ירה פגזים על המבנה הזה, ולוחמים השליכו אליו שני רימונים.

כוחות צה""ל הפעילו רחפן על מנת לסרוק את המבנה, ומעיל הרחפן איתר דמות פצועה ביד ורעולת פנים יושבת בחדר. כשהפצוע ראה שהרחפן מתקרב לעברו הוא נטל מקל וזרק עליו.  כעת נורה פגז נוסף על המבנה

רק למחרת בבוקר נכנסו למבנה כוחות צה""ל לסריקות. בין ההריסות הם זיהו את הגופה עם דמיון מובהק למנהיג חמאס. כאן החל שלב הזיהוי המסודר עד להכרזה הרשימת היום",0,"10/17/2024 12:32",https://www.instagram.com/p/DBPLOPRNIkB/,"IG image",,Lifetime,87165,64474,3064,107,0,81,99
17869227639144054,17841407868310918,kan_news,"כאן חדשות","תיעוד הרחפן הצה""לי: הרגעים האחרונים של יחיא סינוואר",42,"10/17/2024 13:24",https://www.instagram.com/reel/DBPRIfKvIkt/,"IG reel",,Lifetime,86332,48604,1911,208,8,320,108
18438122893068758,17841407868310918,kan_news,"כאן חדשות","באבו כביר מחכים לסינוואר
@anna.pines",35,"10/17/2024 13:52",https://www.instagram.com/reel/DBPUVMQNLoJ/,"IG reel",,Lifetime,65261,39856,1379,76,9,36,41
18459449170007300,17841407868310918,kan_news,"כאן חדשות","״את התודה אנחנו חייבים למי שהתעקשו בצה״ל ובדרג המדיני״ 👇

השר בצלאל סמוטריץ׳ צייץ ברשת X: ״חיסולו של סינוואר ממש לא קרה ׳במקרה׳. הייתה לנו הערכה מודיעינית שסינוואר נמצא באזור תל סולטן - כשחיסולו לא הגיע והזמן חלף, היו מי שביקשו להרים ידיים ולהוציא את צה״ל מאזור רפיח ותל סולטן ולעבור הלאה. אבל היו מי שהבינו שמילת המפתח במלחמה היא סבלנות והתמדה. 

״את מרבית הכוחות שנשארו בעזה העברנו למבצע החשוב בג׳בליה בצפון הרצועה, אבל היו בפיקוד דרום מי שהתעקשו להמשיך במקביל גם בתל סולטן - והם צדקו.

״את התודה על חיסול סינוואר אנחנו חייבים למי שהתעקשו בתוך צה״ל ובדרג המדיני להמשיך את הפעולה הסיזיפית בתל סולטן. למפקדים ולוחמים בסדיר ובמילואים שפועלים כבר שנה בקרבות יום יומיים וסורקים בית בית, פיר פיר ומנהרה מנהרה, כדי להשמיד את האויב ולהשיב הביתה את החטופים״ 

@dikla_aharon @amichaistein
צילום: Yonatan Sindel/Flash90",0,"10/17/2024 22:34",https://www.instagram.com/p/DBQQCSzqKeB/,"IG image",,Lifetime,78846,55543,1589,17,1,195,29
18023611739222752,17841407868310918,kan_news,"כאן חדשות","מה המניע של המחבלים בלבנון: אידיאולוגיה או כסף? 🤔

במהלך החג כוחות צה״ל לכדו בדרום לבנון ארבעה מחבלי חיזבאללה נוספים שנכנעו, והם הועברו לחקירה בישראל. אחד המחבלים אמר במהלך חקירתו: ״הייתי צריך את הכסף אז הגעתי להילחם, אבל נכנעתי כי לא שווה למות בשביל כסף״. המחבל סיפר בחקירה שמשפחתו ניסתה לשכנע אותו להישאר בבית ולא להצטרף ללחימה כדי שלא ימות.

@avishaigrinzaig
בצילום: מחבל חיזבאללה שנלכד בשבוע שעבר, דובר צה״ל",0,"10/17/2024 22:45",https://www.instagram.com/p/DBQRZVkKfK-/,"IG image",,Lifetime,116673,84304,3703,57,2,107,78
18041459513116438,17841407868310918,kan_news,"כאן חדשות","״אם לא הייתי נעצר הייתי רוצח הרבה אנשים״ 👇

המשטרה עצרה תושב מזרח ירושלים שתכנן לבצע שלל פיגועים: הוא התכוון להניח מטענים בתחנת רכבת בתל אביב, לבצע פיגוע במחאות לשחרור חטופים ולירות בחיילי צה״ל. 

בחקירתו הוא אמר שהוא רצה לעשות זאת כדי ״לרצוח כמה שיותר אנשים כנקמה למען תושבי עזה וחמאס״. המחבל התכוון לרכוש מטעני חבלה וכלי נשק - אך נעצר לפני שהספיק לעשות זאת. 

צילום: Avshalom Sassoni/Flash90",0,"10/17/2024 23:05",https://www.instagram.com/p/DBQTqrxKrhf/,"IG image",,Lifetime,69287,49467,1614,103,0,83,37
18020137121559573,17841464234747957,kan_reshetb,"כאן רשת ב","“הבן שלי יכל להגיע לגדולות, אני רוצה שכולכם תדעו שעם ישראל הפסיד לוחם אמיץ”: אודי בכר, אביו של מפקד פלגה בסיירת גולני, רס”ן אופק שנפל בדרום לבנון",45,"10/18/2024 00:11",https://www.instagram.com/reel/DBQbIy7ogzP/,"IG reel",,Lifetime,289029,166672,6275,1103,16,276,0
18363666190117983,17841407868310918,kan_news,"כאן חדשות","אביו של החטוף נמרוד כהן בביקורת חריפה על הממשלה: ״היא הגורם שצריך להגיע לעסקה לשחרור הבן שלי״",45,"10/18/2024 00:53",https://www.instagram.com/reel/DBQf_KdM3g8/,"IG reel",,Lifetime,67109,43059,1493,97,4,310,29
18159960349318431,17841407868310918,kan_news,"כאן חדשות","פיגוע מדרום לים המלח: כוחות צה״ל זיהו מספר מחבלים שחצו מירדן לשטח ישראל מדרום לים המלח. שני פצועים קל ובינוני במקום, שני מחבלים נוטרלו - נערכות סריקות אחר מחבל אפשרי נוסף

@itsik_z @moshestainmetz",0,"10/18/2024 01:21",https://www.instagram.com/p/DBQjL3ZKwIx/,"IG image",,Lifetime,60046,43047,1228,100,3,33,19
17980353215766241,17841407868310918,kan_news,"כאן חדשות","משפחת סאסי הייתה ידועה ואהובה בקהילה הישראלית בלוס אנג’לס. לפני שנה אבי ובתו דניאל נענו להזמנה של קרוב משפחה ובאו לנובה. זה נגמר ברצח של אבי, בעודו מגן על בתו במיגונית. כעת דניאל מספרת לשירלי ברקוביץ’ איך הגיעה לנובה עם האבא הכי מסור בעולם - וחזרה יתומה

@shirlyberkovitz 
הכתבה - ב-#חדשותשישי",75,"10/18/2024 03:23",https://www.instagram.com/reel/DBQw9yRohWi/,"IG reel",,Lifetime,94654,57307,2379,183,13,56,146
18027649994589067,17841407868310918,kan_news,"כאן חדשות","איך אנשי חדשות מתמודדים עם אירוע כמו 7 באוקטובר?
@roikais 

 ⁧‫#הותר_לפרסום‬⁩, מוצ""ש ⁦‪21:30‬⁩ בכאן 11 ובכאן BOX ⁦‪",28,"10/18/2024 04:21",https://www.instagram.com/reel/DBQ3ajUIlKg/,"IG reel",,Lifetime,28341,19610,393,3,0,34,22
18041019421915680,17841407868310918,kan_news,"כאן חדשות","ד״ר חן קוגל, מנהל המכון לרפואה משפטית באבו כביר שניתח אתמול את יחיא סינוואר: ״מה שהרג אותו זה קליע שנכנס לראש וגרם לנזק חמור למוח. היו לו פציעות נוספות מרסיסים ביד וברגל והוא איבד לאט-לאט את כוחותיו, אבל מה שהרג אותו בסופו של דבר זה הקליע בראש. אני מעריך שהוא גסס לפחות כמה שעות. 

״לצורך הזיהוי הורידו לו את האצבע ושלחו אתה אלינו, כדי שהמעבדה שלנו תוכל להפיק DNA ולהשוות עם ה-DNA המשפטי שהיה בידי ישראל. 

״זה לא סטנדרטי לנתח כזאת גופה. בזמן הנתיחה אמרתי לעצמי: ׳אוקיי, הוא נראה כמו אדם נורמלי׳. רק כשיצאתי וחשבתי מי האיש הזה, הבנתי שגם מפלצות יכולות להיראות כמו אנשים נורמלים״

@yoavborowitz 
צילום: Abed Rahim Khatib/ Flash90",0,"10/18/2024 04:25",https://www.instagram.com/p/DBQ4OLPKqkK/,"IG image",,Lifetime,160163,113735,7313,547,0,654,215
17998572401689898,17841407868310918,kan_news,"כאן חדשות",".
תגובות מגוונות בעולם הערבי לחיסול יחיא סינוואר: קריקטוריסט סעודי בשם פהד אל-ג'וביירי, שידוע בשנאתו לחמאס ולאיראן, פרסם קריקטורה שבה מוצג סינוואר ""לפני ואחרי"" - בתמונה המוכרת שלו על כורסא בלשכתו ההרוסה, בתום מבצע שומר החומות – ולאחר חיסולו שלשום, כשנעל צבאית על ראשו. 

בתרבות הערבית הנעל היא סמל לטומאה ולזוהמה, כך שהנחתה על פניו של סינוואר מציגה את ההשפלה שספג מידי חיילי צה""ל. הרקע בשני הציורים זהה: ההרס העצום ברצועה, שהקיף את סינוואר בכל אשר פנה.",0,"10/18/2024 05:43",https://www.instagram.com/p/DBRBKAPsinW/,"IG image",,Lifetime,132045,101597,7042,354,2,452,163
18074066125603609,17841407868310918,kan_news,"כאן חדשות","תיעוד: הרגע בו טנק צה""לי ירה פגז על המבנה בו התבצר יחיא סינוואר ופגע בו, וגם - סגן אלוף ר' מספר על אותם הרגעים: ""חיסול רב המרצחים סינוואר הוא סגירת מעגל אישית וכמפקד""
@carmelamenashe @itayblumental",50,"10/18/2024 06:58",https://www.instagram.com/reel/DBRJujAsp8X/,"IG reel",,Lifetime,82217,50252,3916,150,6,284,148
18245940046276838,17841407868310918,kan_news,"כאן חדשות","”המעט שאנחנו יכולים לעשות זה להיות הפה והקול של כל מי שלא יכולים לדבר”

#הותר_לפרסום‬⁩, מוצ”ש, ⁦‪21:30‬⁩ בכאן 11 ובכאן BOX",41,"10/18/2024 10:14",https://www.instagram.com/reel/DBRgGtvIvgH/,"IG reel",,Lifetime,44240,28714,540,5,4,5,49
18072675076597530,17841407868310918,kan_news,"כאן חדשות","צה""ל: 3 כטב""מים חדרו מלבנון, שניים יורטו ואחד פגע במבנה בקיסריה. אין נפגעים

צילום: פלאש90",0,"10/18/2024 22:44",https://www.instagram.com/p/DBS2AoSua2V/,"IG image",,Lifetime,49551,37990,1112,43,0,22,19
18038541097965171,17841407868310918,kan_news,"כאן חדשות","הערוץ הקטרי אל-ערבי: יעד הכטב""ם שפגע במבנה בקיסריה - מעונו האישי של רה""מ נתניהו
@itayblumental @roikais 
צילום: פלאש90",0,"10/18/2024 23:27",https://www.instagram.com/p/DBS69eouBvF/,"IG image",,Lifetime,87253,57148,1611,236,0,355,30
18040336787155063,17841407868310918,kan_news,"כאן חדשות","רקטה פגעה בבניין בקרית אתא: שני גברים בשנות ה-20 לחייהם, נפצעו במצב קל וקל-בינוני. אחד הפצועים נפגע מרסיס והשני מחבלה

Chen Beyar רובי המרשלג 
שימוש לפי סעיף 27א בחוק זכויות היוצרים",30,"10/19/2024 01:02",https://www.instagram.com/reel/DBTFtIRC4_4/,"IG reel",,Lifetime,83896,53396,1082,154,18,88,29
17956690112712353,17841407868310918,kan_news,"כאן חדשות","תיעוד דרמטי מנסיון פיגוע הדריסה ליד עופרה: המחבל התנגש בעוצמה ברכב משטרתי - רגע אחרי שהשוטרים עזבו אותו. המחבל נהרג במקום, אין נפגעים ישראלים

Carmel Dangor Itay Blumental",8,"10/19/2024 01:34",https://www.instagram.com/reel/DBTJevTsoWK/,"IG reel",,Lifetime,226417,97400,3682,889,11,343,133
18001849022667462,17841407868310918,kan_news,"כאן חדשות","מיכל רבינוביץ’ מגישת מהדורת כאן 11 חוזרת ל-7 באוקטובר, לשעות הראשונות של אותו יום שידורים, שנדמה שנמשך ברצף עד עכשיו

הערב - #הותר_לפרסום, מאחורי הקלעים של מערכת כאן חדשות במלחמה, 21:30 בכאן 11 ובכאן BOX",54,"10/19/2024 02:39",https://www.instagram.com/reel/DBTQ0RkIZlD/,"IG reel",,Lifetime,27647,18870,316,2,0,6,16
18030548663357433,17841407868310918,kan_news,"כאן חדשות","תיעוד מעזה: מאות תושבי ג'באליה החלו להתפנות תחת אבטחת צה""ל - ""מחסום הפחד מסינוואר נסדק""
Elior Levy",31,"10/19/2024 07:51",https://www.instagram.com/reel/DBT0mvHp5rV/,"IG reel",,Lifetime,117874,67000,2802,124,10,214,112
18051356110752217,17841407868310918,kan_news,"כאן חדשות","הותר לפרסום: סמ""ר אופיר ברקוביץ' בן 20, ממודיעין-מכבים-רעות, לוחם שריון בגדוד 52 וסמל אלישי יונג בן 19, מדימונה, גם הוא לוחם שריון מגדוד 52, נפלו בקרב בצפון רצועת עזה.

באירוע בו נפלו נפצע גם קצין לוחם מגדוד שריון 52, עוצבת ""עקבות הברזל"" (401) באורח קשה. בכך, מספר חללי צה""ל מתחילת המלחמה עלה ל-747. 

יהי זכרם ברוך🕯",0,"10/19/2024 09:50",https://www.instagram.com/p/DBUCTCSu3ZD/,"IG carousel",,Lifetime,130174,96843,3246,132,1,323,29
18056452405871259,17841403904946515,kan_israel,"כאן | תאגיד השידור הישראלי","מיכל רבינוביץ’ נפרדת בקול שבור מאיילת ארנין, חברתנו למערכת כאן חדשות שנרצחה ב-7.10 

הותר_לפרסום, סרט שמתעד את מאחורי הקלעים של כאן חדשות בזמן המלחמה. הערב אחרי החדשות בכאן 11 ובכאן BOX",89,"10/19/2024 10:05",https://www.instagram.com/reel/DBUDte9tySR/,"IG reel",,Lifetime,191598,110826,3796,55,10,30,0
18029609531370947,17841407868310918,kan_news,"כאן חדשות","ניסיון פגיעת הכטב”ם בבית ראש הממשלה: אנשי מס רכוש הגיעו כבר בשבת למעון כדי לאמוד את הנזק

צילום: פלאש90",0,"10/19/2024 10:43",https://www.instagram.com/p/DBUIWp3IdfH/,"IG carousel",,Lifetime,106852,63488,1864,119,2,452,74
18021982625267473,17841407868310918,kan_news,"כאן חדשות","דובר צה”ל, תת אלוף דניאל הגרי, נשא הערב הצהרה לתקשורת ובה פרסם תיעוד בו נראה יחיא סינוואר בשעת לילה ב-6 באוקטובר, כשהוא נצפה עסוק בשרידותו ובמסלול הימלטותו, תוך שהוא מעביר חפצים ממקום למקום יחד עם ילדיו, בתוך מנהרה. התיעוד נמצא לפני מספר חודשים על ידי כוחות צה”ל ושב”כ.

“במשך שעות עלו וירדו סינוואר ומשפחתו, הצטיידו במסך פלזמה, מזון, שתייה. שעות לפני הטבח האכזרי סינוואר דאג רק לעצמו ולמשפחתו, בעוד הוא שלח את אנשיו לבצע טבח אכזרי”, כך מסר. לפי המודיעין שברשות צה”ל, סינוואר שהה בין חאן יונס לרפיח מתחת לקרקע ויצא רק למטרת בריחה",0,"10/19/2024 11:14",https://www.instagram.com/p/DBUL3z5oP_Y/,"IG carousel",,Lifetime,161413,93749,3831,611,4,378,330
18472486384050259,17841407868310918,kan_news,"כאן חדשות","יהי זכרו ברוך🕯

מת מפצעיו רס""ם במיל׳ ישי נתנאל גרינבאום שנפצע בדרום לבנון לפני כ-10 ימים",0,"10/19/2024 12:14",https://www.instagram.com/p/DBUSqg5udkH/,"IG image",,Lifetime,71484,58047,2486,45,2,223,15
17868593811217535,17841407868310918,kan_news,"כאן חדשות","האריס תמכה במפגין שטען כי בעזה מתבצע רצח עם? 👇

בתיעוד שפורסם ברשתות החברתיות, באירוע באוניברסיטת וויסקונסין-מילווקי נראה מפגין עוטה כאפייה שצעק לכיוון האריס, בעודו מלווה החוצה מהמקום, ""מה עם רצח-העם בעזה? 19 אלף ילדים מתים"".

האריס, שלא ברור אם שמעה את אמירתו של המפגין, הגיבה: ""מה שהוא מדבר עליו, זה אמיתי. אני מכבדת את הקול שלו, אבל לא על זה באנו לדבר"".

לפני כשבועיים אמרה האריס בתוכנית של סטיבן קולבר כי יש לפעול בדחיפות להשגת הסכם חטופים והפסקת אש בעזה: ""עלינו להשיג הסכם באופן מיידי, המלחמה הזאת חייבת להסתיים"". 

יחד עם זאת, האריס הדגישה כי ""המצב סבוך"" ואמרה כי למרות שסוכמו כבר פרטים בנוגע להסכם, נותרו פרטים אחרים שעדיין לא הוסכמו. ""הייתה התקדמות, אבל זה חסר משמעות עד שלא תושג העסקה כולה"", אמרה.

בנוסף, האריס דיברה בהרחבה על טבח 7 באוקטובר ועל סבלן של משפחות החטופים וכן על הסבל של תושבי עזה, והדגישה כי הפתרון לכך הוא הגעה להסכם וכי אינה מתכוונת לוותר בנושא

Ram Eli Brandts",60,"10/20/2024 00:08",https://www.instagram.com/reel/DBVkVT2BWgb/,"IG reel",,Lifetime,125181,73756,1732,533,5,443,170
17865470490235247,17841407868310918,kan_news,"כאן חדשות","אלוף 🏆

גיא אלבג, בן 15 ואחיה של החטופה לירי אלבג, ייצג ביום שלישי הקרוב את ישראל באולימפיאדת הספורט המוטורי בוולנסיה, ספרד. אביו אלי שילווה אותו בתחרות סיפר לכאן חדשות: ""בשנה קשה זו, ובמיוחד אחרי מה שעברנו עם הפייק ניוז ביום שישי, גיא התעלה על עצמו וזכה בתואר סגן אלוף עולם ואני וגיא שאמורים לשמוח יש בנו שמחה עם עצב וגעגועים ללירי""

@yoavborowitz",0,"10/20/2024 01:04",https://www.instagram.com/p/DBVq2NdOFMn/,"IG image",,Lifetime,266492,225820,28516,120,43,122,137
18050903755754163,17841407868310918,kan_news,"כאן חדשות","לזכרו של סמ""ר אופיר ברקוביץ ז""ל, שנפל בקרב בג'באליה 💔
Amir Gera",56,"10/20/2024 02:05",https://www.instagram.com/reel/DBVxy-aN6Vu/,"IG reel",,Lifetime,262471,137438,7200,1102,38,509,314
18027786872141174,17841464234747957,kan_reshetb,"כאן רשת ב","דניאל בירנבאום, מנכ”ל סודה סטרים לשעבר הציע 100 אלף דולר לכל עזתי שימסור מידע על הימצאות החטופים: “אחרי חיסול סינוואר יש הזדמנות לעקוף את המו”מ ואולי הבטחת צד שלישי תעזור להחזיר אותם”",77,"10/20/2024 03:40",https://www.instagram.com/reel/DBV8NB2IMwz/,"IG reel",,Lifetime,37848,26190,922,71,3,71,0
17941947512871634,17841407868310918,kan_news,"כאן חדשות","תמיד כן: למה כתבי חדשות מהנהנים?
#מאחורי_החדשות",89,"10/20/2024 04:02",https://www.instagram.com/reel/DBV_F2gCkPA/,"IG reel",,Lifetime,307094,202375,6279,581,46,190,366
18037890896333550,17841464234747957,kan_reshetb,"כאן רשת ב","“הדיסוננס גדול, אתמול הייתי על הפודיום ועכשיו אני בסיור בנחל עוז”: גיא אלבג, אחיה בן ה-15 של לירי החטופה בעזה",0,"10/20/2024 05:17",https://www.instagram.com/p/DBWHyt3Ii8b/,"IG image",,Lifetime,72348,58712,4996,67,3,38,0
17906993055041268,17841407868310918,kan_news,"כאן חדשות","באיראן חוגגים את חיסול סינוואר? הקריקטורות, הממתקים והמכתב לנתניהו⬇

בזמן ההמתנה לתקיפה ישראלית - הדעות באיראן חלוקות: מתנגדי המשטר מחכים לתקיפה ישראלית שתפגע בסמלי השלטון, ומפיצים קריקטורות שחוגגות את חיסול סינוואר. מנגד, תומכי המשטר רואים את סינוואר כשהיד ועומדים לצד השלטון. בתמונות שפרסמו אזרחים איראנים, נתניהו מצטייר כמי שאחראי לחיסולים הגדולים של שליחיה של איראן - סינוואר, נסראללה, הנייה ועוד. באחת מהן, נראה ראש הממשלה מחזיק את ראשו הכרות של מנהיג חמאס. תמונה אחרת מציגה את נתניהו כבעלים של כלב בדמות המנהיג העליון ח'אמנאי, כאשר הוא אוחז ברצועה שלו. בנוסף, אזרחים איראנים הפיצו ברשתות תמונה של עוגות ולחמניות מתוקות לצד מכתב שפונה לראש הממשלה: ""נתניהו תודה לך, ברכות על חיסול הטרוריסטים, אנו האנשים באיראן, מחכים שתתקוף את ראש התמנון""

@yoav.zehavi",0,"10/20/2024 06:49",https://www.instagram.com/p/DBWSSZ2uNxD/,"IG carousel",,Lifetime,168365,86331,5556,400,4,402,194
18067061059629961,17841407868310918,kan_news,"כאן חדשות","אל""ם אחסאן דקסה, בן 41 מדליית אל כרמל, מפקד חטיבת 401 בשריון, עוצבת ""עקבות הברזל"", נפל בקרב כשהטנק שלו עלה על מטען בג׳באליה. הוא הותיר אחריו אישה ו-3 ילדים.

דקסה נכנס לתפקידו כמח""ט בחודש יוני האחרון אחרי שלפני כן פיקד על עוצבת הגולן, והחליף את אל""ם בני אהרון. הוא נולד וגדל ביישוב דליית אל כרמל. הוא התגייס לשריון ב-2001 ושירת שם 23 שנים. דקסה קיבל בעבר עיטור צל""ש אלוף מגדי איזנקוט על פועלו במלחמת לבנון השנייה, ב-2006. דקסה, אז שירת בתור סרן שפיקד על פלוגת כפיר בגדוד 75, פעל ככוח טנקים עצמאי תחת חטיבת הצנחנים, שלקחה, בין היתר, חלק בפעילויות חילוץ של הכוחות שנפגעו בשטח.

הקרב, שאירע בחודש אוגוסט 2006 בכפר הלבנוני עייתא א-שעב, נחשב אחד מהקשים ביותר במלחמה, לאחר שכוח צנחנים נפגע מירי נ""ט של חיזבאללה. דקסה, שהיה בעמדת חיפוי שמע את הדיווחים על לוחמי צה""ל שנהרגו ונפצעו, והצליח לחלץ תחת אש את הנפגעים וגם את הטנק שנפגע.

ראש מועצת דליית אל כרמל, רפיק חלבי, ספד לדקסה ברשת החברתית X: ""בצער, בכאב ובהרבה יגון נפרדת דליית אל כרמל, צה""ל, העדה הדרוזית ומדינת ישראל מאחד מגיבוריה. היום נפל בעזה אל""ם אחסאן דקסה מח""ט חטיבת השריון 401. גיבור, אמיץ, לוחם שהפך אגדה, צנוע שנלחם מאז תחילת המלחמה"".

יהי זכרו ברוך🕯️
@itayblumental",0,"10/20/2024 09:14",https://www.instagram.com/p/DBWi6xQup6J/,"IG image",,Lifetime,101477,78840,3048,228,6,311,42
18044826713100566,17841407868310918,kan_news,"כאן חדשות","בשעה 02:58, כ-3 וחצי שעות לפני הטבח ב-7 באוקטובר, שב”כ שיגר מסמך התרעה לאמ”ן מוסד והמשטרה. המסמך התריע על הפעלת הסימים ששב”כ השתיל בטלפוני פעילי חמאס, במטרה לספק אינדיקציה להתקפה עתידית נגד ישראל. במסמך נכתב: “ממידע שברשותנו (קיימת) אינדיקציה להשמשה ופעילות של [שם הקוד של המבצע] במספר חטיבות חמאס. עד כה, אין ברשותנו מידע אודות מהות הפעילות. עם זאת, לציין כי מדובר במצרפיות חריגה ובהינתן סימנים מחשידים נוספים עשויה להצביע על פעילות התקפית של חמאס”.

המסמך המלא, שנחשף לראשונה בכאן חדשות, חושף פרט חדש - והוא שבניגוד לטענותיה, המשטרה קיבלה עדכון מפורט על הסימנים המחשידים שעלו בליל מתקפת חמאס. כידוע, היו סימנים מחשידים נוספים, אך בסופו של דבר העריכו במערכת הביטחון שחמאס לא יבצע את המתקפה.

בכירים במשטרה שהיו בתפקיד ב-7 באוקטובר לכאן חדשות: “על התרעה חמורה כזאת, היה צריך להרים טלפונים ולא להסתפק בדיווח. על פחות מזה התקשרו אלינו בעבר, ואנחנו הקפצנו כוחות”. 

דובר צה”ל, דניאל הגרי, התייחס הערב לפרסום בתדריך שנתן לקראת תקיפה ישראלית בביירות: “עוד לא סיימנו את התחקירים על ההתרעות בליל 7 באוקטובר. אנו כרגע ממוקדים בלחימה וגם עוסקים בתחקירים. כשנסיים נציג את כל הדברים בשקיפות מלאה לציבור, בדגש על הלילה שקדם ל-7 באוקטובר״.

@suleimanmas",0,"10/20/2024 11:41",https://www.instagram.com/p/DBWzxE7IZkK/,"IG carousel",,Lifetime,138303,67328,2312,484,2,147,240
18081720577549290,17841464234747957,kan_reshetb,"כאן רשת ב","“אני מקווה שהקרבנו את אחסאן למען השלום. אני מבין שאנחנו נלחמים מול אויב אכזר ומאחל לסיום המלחמה”: סידקי דקסה, אחיו של אל”מ אחסאן דקסה, מח”ט 401 שנפל בעזה",38,"10/20/2024 22:01",https://www.instagram.com/reel/DBX6iemIF8s/,"IG reel",,Lifetime,72631,34353,1572,391,17,133,0
18074090125580626,17841407868310918,kan_news,"כאן חדשות","הלך הכסף💸

מטוסי קרב של חיל האוויר תקפו הלילה בביירות, בעומק ובדרום לבנון, מפקדות ואתרים בהם אוחסנו כספים ששימשו את הזרוע הצבאית של חיזבאללה לפעילות טרור נגד מדינת ישראל. הכספים אוחסנו בין היתר בנכסים של אגודת “אל-קרד אל-חסן”, שמממנת את פעילות הטרור של חיזבאללה באופן ישיר

@itayblumental @omershahar10 
צילומים: רויטרס, AP",0,"10/20/2024 23:29",https://www.instagram.com/p/DBYEu7co-7X/,"IG carousel",,Lifetime,84067,44099,2370,28,0,83,36
17861310018254582,17841464234747957,kan_reshetb,"כאן רשת ב","""אחותי נרצחה על ידי מדינת ישראל פעמיים, פעם אחת נפשית לפני שנה ועכשיו פיזית"": אייל, אחיה של שורדת הנובה, שיראל גולן, ששמה קץ לחייה",83,"10/21/2024 00:46",https://www.instagram.com/reel/DBYNeZzokMH/,"IG reel",,Lifetime,59588,38636,1726,121,5,135,0
18013281893382381,17841407868310918,kan_news,"כאן חדשות","משג'אעייה לפסגת הקילימנג'רו: אחרי שנפצע קשה בעזה, עומר הגיע להר הכי גבוה באפריקה
@vicoatooan",80,"10/21/2024 01:30",https://www.instagram.com/reel/DBYSlUzCRru/,"IG reel",,Lifetime,89512,52024,4271,190,9,202,169
18044490116314842,17841407868310918,kan_news,"כאן חדשות","החשודים קיבלו מהאיראנים מפות של אתרים אסטרטגיים - כולל בא""ח גולני 👇

כתב אישום יוגש נגד שבעה ישראלים יהודים, תושבי חיפה והצפון, שלפי החשד הופעלו בידי סוכנים איראנים. בין החשודים - שני קטינים וחייל עריק. 

בין היתר הם חשודים בצילום ואיסוף מידע על בסיסים ומתקנים צבאיים, בהם בסיסי חיל האוויר בנבטים וברמת דוד, מחנה הקריה ואתרי סוללות כיפת ברזל. בנוסף, לפי החשד הם קיבלו מהסוכנים האיראנים מפות של אתרים אסטרטגיים - בהם בא""ח גולני, בו נהרגו החודש ארבעה לוחמים מפגיעת כטב""ם בחדר האוכל של הבסיס. 

החשודים הם אזיז ניסנוב, אלכסנדר סדיקוב, יגאל ניסן, ויצ'סלב גושצ'ין, יבגני יופי - ושני קטינים ששמם לא הותר בפרסום. חלק מהחשודים פעלו במשך כשנתיים, כולם פעלו גם בזמן המלחמה הנוכחית.

@chen_beyar
צילום: אילוסטרציה, פלאש 90",0,"10/21/2024 04:00",https://www.instagram.com/p/DBYjuQ0K4Lq/,"IG image",,Lifetime,102715,68293,2850,628,0,332,115
18046373834002010,17841407868310918,kan_news,"כאן חדשות","כ-150 איש משתתפים בכנס החזרה להתיישבות בעזה, שמתקיים במשך יומיים בשטח צבאי סגור מול הגבול עם עזה ובאישור צה""ל - כשאין מרחב מוגן בסביבה. לכנס צפויים להגיע גם חברי כנסת ושרים בממשלה.

הדר, אם לשמונה מהשומרון שהגיעה עם ילדיה לכנס, אמרה בנושא: ""אחרי 7 באוקטובר היה לנו ברור שזה הזמן להגיע להתיישב בעזה. התישבות מביאה ביטחון. עזה היא חלק מארץ ישראל ושלנו לתמיד"" 

@asaf_pozailov",0,"10/21/2024 04:45",https://www.instagram.com/p/DBYo4lApqcA/,"IG image",,Lifetime,58194,41124,953,96,0,190,29
17936136776926425,17841407868310918,kan_news,"כאן חדשות","החזית הפחות מדוברת של המלחמה: @rubih בתיעוד מיוחד מהחזית ברמת הגולן - מחר במהדורת כאן 11",14,"10/21/2024 05:02",https://www.instagram.com/reel/DBYqx-WJefk/,"IG reel",,Lifetime,37513,23653,412,5,5,7,13
17943613877897582,17841407868310918,kan_news,"כאן חדשות","קיבוץ בארי, 6 באוקטובר 2023: שמחת תורה תשפ""ד בבארי, יום לפני הטבח. התיעוד המלא - הערב במהדורת כאן 11 
@ettingeryair",44,"10/21/2024 07:12",https://www.instagram.com/reel/DBY5u05sSk0/,"IG reel",,Lifetime,73012,46126,2824,99,10,69,92
17942516279873945,17841407868310918,kan_news,"כאן חדשות","""אולי אני המקרה הבא. אל תפקירו אותנו, אנחנו צריכים עזרה"": אחרי שחברתה שיראל גולן ז""ל ששרדה את הטבח במסיבת הנובה שמה קץ לחייה, יעל, גם היא ניצולת המסיבה, נאבקת לקבל סיוע נפשי מהמדינה 
@yoavborowitz",78,"10/21/2024 08:21",https://www.instagram.com/reel/DBZBmpQPyfM/,"IG reel",,Lifetime,676440,378183,16921,2663,118,1202,666
18037698278331306,17841407868310918,kan_news,"כאן חדשות","רפיק חלבי, ראש מועצת דליאת אל-כרמל, קרא בהלווית אל""ם אחסאן דקסה: בטלו את חוק הלאום",13,"10/21/2024 09:09",https://www.instagram.com/reel/DBZHJaeu3hR/,"IG reel",,Lifetime,69124,41077,2137,160,7,152,49
18442436908070323,17841407868310918,kan_news,"כאן חדשות","אל""ם אחסאן דקסה, מח""ט 401, הובא למנוחות בדליית אל-כרמל. יהי זכרו ברוך",0,"10/21/2024 09:28",https://www.instagram.com/p/DBZJTJEKV3G/,"IG image",,Lifetime,148211,99901,9647,213,28,601,115
18053436955910360,17841407868310918,kan_news,"כאן חדשות","כחודש אחרי ששרדה את הטבח במסיבה ב-7 באוקטובר, תיעדנו את פגישתה של שיראל גולן עם השוטר שחילץ אותה ואת בן זוגה מהתופת. אמש היא שמה קץ לחייה. יהי זכרה ברוך 🕯",69,"10/21/2024 11:23",https://www.instagram.com/reel/DBZWXG1t39U/,"IG reel",,Lifetime,150032,75137,4281,328,4,176,297
18048879175956881,17841407868310918,kan_news,"כאן חדשות","ח""כ צבי סוכות השתתף בכנס ""נערכים להתיישבות בעזה"" - למרות שנתניהו מתנגד לאירוע: ""מקווה שנצליח להשפיע עליו בנושא""
@ifatglick",39,"10/21/2024 13:01",https://www.instagram.com/reel/DBZhnoDPgNf/,"IG reel",,Lifetime,55197,33265,756,64,3,245,34
18052655392929469,17841407868310918,kan_news,"כאן חדשות","חסידיו של הרב אליעזר ברלנד עלו הלילה לקבר יוסף בשכם בניגוד לחוק, כשההתרעות הביטחוניות בשיאן 

@itayblumental 
צילום: מתוך רשתות חברתיות",9,"10/21/2024 23:27",https://www.instagram.com/reel/DBapRw9gwun/,"IG reel",,Lifetime,77938,42039,695,53,4,178,26
17980489157768270,17841407868310918,kan_news,"כאן חדשות","סיהאם מוסראתי בת ה-10 ומאי עיסא, גננת בת 29, נורו אתמול למוות בכפר קאסם. באירוע נפצע קשה גם אחיה בן ה-17 של סיהאם. בכך עלה מספר הנרצחים בחברה הערבית מתחילת השנה ל-185

@hadasgrinberg
צילום: אילוסטרציה - Noam Revkin Fenton/Flash90",0,"10/21/2024 23:47",https://www.instagram.com/p/DBaro5pq5_y/,"IG image",,Lifetime,88044,62250,1730,71,0,150,29
18035042930336095,17841464234747957,kan_reshetb,"כאן רשת ב","פרשת המרגלים | “בתחילה המפעיל האיראני נותן משימות סרק כדי לבדוק את אמינות המרגלים וברגע שיש אמון הוא משקיע בהם גם קורסים שונים כדי להכשיר אותם למשימה”: רפ”ק מאור גורן, ראש מחלק ביטחוני, יאחב”ל להב 433",0,"10/22/2024 00:00",https://www.instagram.com/p/DBatEIwIFNb/,"IG carousel",,Lifetime,106222,57470,2277,175,5,189,0
18009713705462059,17841407868310918,kan_news,"כאן חדשות","משפחה שכולה אחרת ביקשה להסיר את המצבה או להעביר את קבר בנה 👇 

משפחתו של החלל דוד בוגדנובסקי, שנפל בקרב בחאן יונס בדצמבר האחרון, התבקשה להסיר את המצבה שהניחה על קברו בגלל הצלב שמופיע בה. 

משפחה שכולה נוספת שבנה קבור באותה החלקה בבית הקברות בחיפה, פנתה למשרד הביטחון בעניין מספר פעמים וביקשה להסיר את המצבה או להעתיק את קבר בנם לחלקה אחרת.
 
הרב הצבאי הראשי פסק בעניין כי הצלב על הקבר “מעורר בעיה” ו”יקשה על קבורת חללים יהודים בחלקה”. ממשרד הביטחון נמסר: “על פי הדין לא ניתן להציב צלב או סממן דתי אחר על מצבה צבאית” 

@chen_beyar",0,"10/22/2024 00:35",https://www.instagram.com/p/DBaxHs9omiP/,"IG image",,Lifetime,120609,87196,2338,382,2,481,96
18465840526010636,17841407868310918,kan_news,"כאן חדשות","צה""ל חילץ חסידים של הרב ברלנד שעלו בניגוד לחוק לקבר יוסף בשכם. בתיעוד פלסטיני שרץ ברשת נראים החסידים כשהם מלווים החוצה בידי אנשי ביטחון פלסטינים שבועטים בהם
@nurityohanan",22,"10/22/2024 00:56",https://www.instagram.com/reel/DBazct3tnWm/,"IG reel",,Lifetime,141024,71274,1824,308,7,381,135
18073141474600059,17841407868310918,kan_news,"כאן חדשות","הותר לפרסום: סמ""ר ישי מן, בן 21 ממצפה יריחו, לוחם בגדוד 50 בחטיבת הנח""ל, נהרג בתאונת דרכים מבצעית ליד רצועת עזה. יהי זכרו ברוך

@itsik_z",0,"10/22/2024 02:02",https://www.instagram.com/p/DBa7BtkK8Z0/,"IG image",,Lifetime,55779,41822,1776,38,0,163,23
17941259294911961,17841407868310918,kan_news,"כאן חדשות","תיעוד מלבנון: מחבלים מכוח רדואן חוסלו אחרי שהתבצרו במבנה עם טילי RPG ורובים
@rubih",12,"10/22/2024 02:16",https://www.instagram.com/reel/DBa8rHDh87_/,"IG reel",,Lifetime,114213,58471,2236,95,4,183,58
18020823710290867,17841407868310918,kan_news,"כאן חדשות","תכננו לרצוח מדען גרעין ישראלי וראש עיר במרכז 👇

שבעה תושבי שכונת בית צפאפא בירושלים נעצרו בחשד שריגלו עבור איראן. החשודים מילאו משימות שהוטלו עליהם מגורמים איראנים, כמו ריסוס גרפיטי, הצתת כלי רכב ואיסוף מודיעין.

בהנחיית הגורמים האיראנים, חוליית המרגלים אף תכננה לרצוח מדען גרעין וראש עיר במרכז הארץ

@veredpelman
צילום: Chaim Goldberg/Flash90",0,"10/22/2024 04:00",https://www.instagram.com/p/DBbInuIqOP9/,"IG image",,Lifetime,53701,37750,1012,50,1,40,16
17955658556834158,17841407868310918,kan_news,"כאן חדשות","הכטב""ם פגע בחדר השינה של הזוג נתניהו 👇

הותר לפרסום: הכטב""ם ששוגר לקיסריה ביום שבת פגע בביתו של ראש הממשלה - נזק נגרם לחדר השינה של הזוג נתניהו 

@suleimanmas",0,"10/22/2024 05:39",https://www.instagram.com/p/DBbT7XiKMEG/,"IG carousel",,Lifetime,79550,43124,1606,448,1,125,73
18034286024037456,17841407868310918,kan_news,"כאן חדשות","""אנחנו באמת רוצים שלום - אבל כמה עיוורים אפשר להיות?"": #המנגנון עם חזי נחמה מפורום מפקדים ולוחמים במיל' 
@shaulams",69,"10/15/2024 06:31",https://www.instagram.com/reel/DBJYMKmIrdU/,"IG reel",,Lifetime,37884,26542,825,35,2,20,38
17846672466323332,17841407868310918,kan_news,"כאן חדשות","האסים של חיזבאללה: מי הבא בתור?

@roikais @nurityohanan",0,"10/15/2024 08:05",https://www.instagram.com/p/DBJjDECocCT/,"IG carousel",,Lifetime,113765,61225,2363,398,3,285,147
18054269167860080,17841407868310918,kan_news,"כאן חדשות","קרב עם מחבלים מטווח אפס בכניסה למנהרה בלבנון - התיעוד המלא היום בחדשות הערב 
@roysharon11",21,"10/15/2024 08:32",https://www.instagram.com/reel/DBJmIVrN5_q/,"IG reel",,Lifetime,90439,48822,2354,387,7,285,164
17988095297588821,17841407868310918,kan_news,"כאן חדשות","""הקורבנות הראשונים הם הלוחמים, לא הנשים והילדים"": ההתבטאויות של חמאס מעידות עד כמה הוא מרגיש בטוח בניצול של תושבי עזה. זה אכזרי, אבל זה גם כישלון של ישראל. הפרשנות של נורית יוחנן 👈",0,"10/15/2024 09:05",https://www.instagram.com/p/DBJp587oal1/,"IG carousel",,Lifetime,124550,65522,2719,100,14,154,256
18023644943529666,17841407868310918,kan_news,"כאן חדשות","""זקוקים למנהיגותך"" 

אחרי שנשמעה ביקורת ציבורית על כך שראש הממשלה לא הגיע לביקור בניר עוז מאז 7 באוקטובר 2023 - הקיבוץ שלח לו הזמנה רשמית, וקורא לו להגיע לביקור ביום האבל הלאומי. 

בהזמנה נכתב: ""אם ממשלת ישראל בוחרת בכל זאת לציין יום אבל לאומי, אנו מזמינים אותך, ראש הממשלה, להגיע ביום זה לביקורך הראשון בקיבוץ ניר עוז - המקום שבו מתגלמות ההשלכות הקשות של אותו יום. ביום כזה, תושבי ניר עוז ואזרחי ישראל זקוקים למנהיגותך. לצד טקסים וסמלים, אנו מזמינים אותך להגיע למקום בו התרחש האסון, מקום שבו החיים והמוות שכנים - בין החורבות שנותרו מהבתים, מהם זעקותינו לא נשמעו. חברי הקהילה יהיו שם כדי לקבל את פניך""

@itsik_z @yonatanraveh
צילום: יונתן זינדל, חיים גולדברג - פלאש 90",0,"10/15/2024 09:22",https://www.instagram.com/p/DBJr2bAKaM0/,"IG image",,Lifetime,96277,70671,3380,75,0,339,71
18079986781540805,17841407868310918,kan_news,"כאן חדשות","לוחמים מגדוד 13 של גולני תפסו שלושה מחבלי חיזבאללה שהתחבאו בפיר של מנהרה בדרום לבנון. הם נכנעו ונלקחו לחקירה בידי חוקרי שטח. המחבלים שוהים במתקן כליאה בארץ להמשך החקירה

@avishaigrinzaig 
צילום: דובר צה""ל",0,"10/15/2024 09:34",https://www.instagram.com/p/DBJtOXsKZN9/,"IG image",,Lifetime,46392,36899,2092,46,3,78,28
18053835619810132,17841407868310918,kan_news,"כאן חדשות","תפקיד חייה: שירה, אימו של ענר שפירא, גיבור המיגונית שנרצח כשהדף רימונים והציל חיים, יוצאת למסע להנצחת מורשת קהילות עוטף עזה
@ifatglick",87,"10/15/2024 09:56",https://www.instagram.com/reel/DBJs0WtofAT/,"IG reel",,Lifetime,40683,28945,1233,13,2,25,54
18050156113924855,17841407868310918,kan_news,"כאן חדשות","אדי, ארוסו של אדיר ז""ל שנהרג בפיגוע בכביש 4, נפרד ממנו בדמעות - אמא של אדיר חיבקה אותו בזמן ההספד: ""אתה הבן שלי"" 

@hadasgrinberg",36,"10/15/2024 11:21",https://www.instagram.com/reel/DBJ5dZvPk1j/,"IG reel",,Lifetime,102810,65408,3566,431,14,476,86
18080726146556734,17841407868310918,kan_news,"כאן חדשות","תיעוד דרמטי: הקרב של לוחמי צה”ל עם מחבלי חיזבאללה - פנים אל מול פנים 
@roysharon11",260,"10/15/2024 11:36",https://www.instagram.com/reel/DBJ6w9QIDQA/,"IG reel",,Lifetime,165732,95466,5396,1420,39,246,389
17876654409101889,17841407868310918,kan_news,"כאן חדשות","אוריה אלקיים חזר לבית הוריו בקריית שמונה - ומצא את הסוכה שעומדת בו עוד מהחג הקודם
Uriya Elkayam",24,"10/15/2024 22:31",https://www.instagram.com/reel/DBLGGqduCiW/,"IG reel",,Lifetime,64093,41645,1442,26,7,36,46
17917284656904249,17841407868310918,kan_news,"כאן חדשות","מקרה נוסף של ישראלי שגוייס למטרות ריגול עבור איראן: ולדימיר ורחובסקי, כבן 35 מפתח תקווה, נעצר לאחר שביצע משימות שונות עבור גורמי המודיעין האיראני - ואף הסכים לביצוע חיסול אישיות בישראל עבור 100 אלף דולר.

חלק מהמשימות שבוצעו תועדו על ידי ולדימיר, והוא קיבל תשלום עבור ביצוען. הקשר בינו לגורמים האיראניים התקיים בשפה האנגלית, ובמסגרתו התבקש לרכוש טלפון ייעודי.

מחקירתו עלה כי במסגרת הקשר עם הגורמים הפועלים מטעם איראן, הוא ביצע בהנחייתם משימות שונות, בהן ריסוס כתובות גרפיטי, תליית כרוזים, איסוף מידע על גורם ישראלי והטמנת אמצעים לביצוע משימות נוספות על ידי מגויסים אחרים. בהמשך, הסכים ולדימיר לביצוע משימה של חיסול מדען ישראלי עבור סכום של 100 אלף דולר. לשם ביצוע המשימה, הצטייד ולדימיר בכלי נשק

@itayblumental 
📷: AP, רויטרס",0,"10/16/2024 00:06",https://www.instagram.com/p/DBLRBqFMmiY/,"IG image",,Lifetime,85035,58352,1666,327,0,222,39
18035865449271591,17841407868310918,kan_news,"כאן חדשות","מה קורה עכשיו ברצועת עזה? אליאור לוי מסביר  @eliorlevy",0,"10/16/2024 01:27",https://www.instagram.com/p/DBLaPwwKk6C/,"IG carousel",,Lifetime,62256,35686,1309,24,0,89,53
18084786391509582,17841407868310918,kan_news,"כאן חדשות","להיות כתב צבאי בטבח הקשה ביותר ביהודים מקום המדינה ובמלחמה הארוכה ביותר בתולדותיה
@roysharon11 

מתוך #הותר_לפרסום - מאחורי הקלעים של מערכת כאן חדשות, מוצ""ש אחרי מהדורת כאן 11 ובכאן BOX",73,"10/16/2024 02:58",https://www.instagram.com/reel/DBLkTFuobRQ/,"IG reel",,Lifetime,94051,59113,1842,51,2,29,64
17920745357988907,17841407868310918,kan_news,"כאן חדשות","בחג הסוכות תשפ""ד טל, אורן ורני בנו סוכה משפחתית בבית בניר יצחק. בחג הסוכות תשפ""ה - רק רני חזר אליה 
@itsik_z @srulikpl",38,"10/16/2024 03:01",https://www.instagram.com/reel/DBLlADsoEsi/,"IG reel",,Lifetime,31043,21662,937,18,4,38,19
17878251696165143,17841407868310918,kan_news,"כאן חדשות","תיעוד: נפילת רקטות סמוך מאוד לתושבי מג'ד א-כרום - שהסתתרו בצינורות בטון ששימשו כמיגוניות. 4 נפצעו קל מרסיסים ופונו לקבלת טיפול
@chen_beyar",17,"10/16/2024 06:07",https://www.instagram.com/reel/DBL6P29uGHO/,"IG reel",,Lifetime,136836,67278,1612,681,24,307,142
18044001398043248,17841407868310918,kan_news,"כאן חדשות","הירי הגובר מלבנון לחיפה לא מאוד מדאיג את אבישי, אבל יש משהו אחר שמעסיק אותו בתקופה המתוחה הזו: ""הכי חשוב שאנחנו היהודים נסתדר בינינו""
#נכנסים_לאירוע @yotam.rosenvald",47,"10/16/2024 08:01",https://www.instagram.com/reel/DBMHR9EhnF9/,"IG reel",,Lifetime,43078,30314,956,36,4,65,24
18065156998633450,17841407868310918,kan_news,"כאן חדשות","תקדים עם בגדים תחתונים וגיוון בכאילו: התצוגה של ויקטוריה’ס סיקרט שכולם מדברים עליה - ונקודת האור שלנו סאן (מזרחי) המהממת
@almogtamar | #ארוןותמר",58,"10/16/2024 14:25",https://www.instagram.com/reel/DBMzJF0IDdF/,"IG reel",,Lifetime,68356,41346,684,31,3,33,33
18021747512603410,17841407868310918,kan_news,"כאן חדשות","הזמר הבריטי ליאם פיין, חבר לשעבר בלהקת הבנים המצליחה ""וואן דיירקשן"", אותר הלילה ללא רוח חיים מחוץ למלון בבואנוס איירס כשהוא בן 31 במותו. לדברי המשטרה המקומית, פיין ככל הנראה נפל ממרפסת הקומה השלישית של מלון CasaSur Palermo בבירת ארגנטינה. עוד נמסר ממשטרת בואנוס איירס כי אנשי תחנת המשטרה המקומית הוקפצו למלון לאחר שקיבלו שיחת חירום על גבר תוקפני שנמצא במקום, ייתכן תחת השפעת סמים או אלכוהול. הצהרת המשטרה לא זיהתה את אותו אדם בתור פיין.

פיין הגיע למדינה ב-30 בספטמבר עם חברתו הנוכחית קייט קסידי ונראה ב-2 באוקטובר בהופעה של חבר נוסף בלהקת הבנים, ניאל הורן, שקיים שם הופעה. בתחילת השבוע דיווחו כלי תקשורת בבריטניה כי ארוסתו לשעבר של הזמר, הדוגמנית מאיה הנרי, הוציאה בקשה לצו הרחקה נגד פיין והאשימה אותו כי הוא מטריד אותה, את חבריה ואת בני משפחתה.

ביוני 2021 חשף פיין בריאיון כי התמודד עם התמכרות לאלכוהול ולתרופות מרשם, בשלב מסוים כש""וואן דיירקשן"" הייתה בסיבוב הופעות. לדבריו, היה במצב קשה עד כדי כך שהתמודד עם מחשבות אובדניות. פיין, ניהל בעבר מערכת יחסים מתוקשרת עם הזמרת שריל קול ולשניים ילד משותף בן 7 בשם בר (Bear).

בשנת 2012, כשהיה בן 16, התגלה בתוכנית ""אקס פקטור"" הבריטית. לאחר שלא צלח את מחנה האימונים של התוכנית, צורף להרכב ""וואן דיירקשן"", שהגיע למקום השלישי בגמר התוכנית. הלהקה זכתה להצלחה בינלאומית אדירה ופעלה עד 2015. בשנת 2017 פתח פיין בקריירת סולו במהלכה שחרר שני אלבומים.
@alon_fruchter",0,"10/16/2024 20:33",https://www.instagram.com/p/DBNdf1YqaC-/,"IG image",,Lifetime,66762,44532,1146,147,0,10,28
18473882470046569,17841407868310918,kan_news,"כאן חדשות","תנו כבוד לנחצ'ה: המילואימניק המבוגר ביותר חגג 86
@maya_rachlin",65,"10/17/2024 00:30",https://www.instagram.com/reel/DBN4lI6oaIP/,"IG reel",,Lifetime,77181,48327,3032,241,3,154,113
17908054428022512,17841407868310918,kan_news,"כאן חדשות","כתב כאן חדשות חיים גולדיטש והחברים מחטיבת אלכסנדרוני סוף סוף עושים חג בבית אחרי סבב ראשון בלבנון ולחימה ארוכה בעזה - ולמרות הקושי, הם מבטיחים להיות חזקים ולהחזיר את תושבי הצפון הביתה
#קחואתזהמכאן",46,"10/17/2024 05:16",https://www.instagram.com/reel/DBOZP9DM6QE/,"IG reel",,Lifetime,52665,30754,958,16,3,51,22
18072005878591189,17841407868310918,kan_news,"כאן חדשות","גורם מדיני: ״הסיכוי שסינוואר חוסל - גבוה מאוד״ 

דובר צה״ל ושב״כ הודיעו כי במהלך פעילות של לוחמים ברצועת עזה חוסלו שלושה מחבלים - ונבדקת האפשרות שאחד המחוסלים הוא מנהיג חמאס יחיא סינוואר. בהודעה צוין גם כי במבנה בו נהרגו המחבלים לא נמצאו סימנים לחטופים.

אחד המחבלים שחוסלו דומה במראה ליחיא סנוואר, אך לא ברור אם זה אכן הוא כי שגופתו עוד נמצאת בשטח הממולכד - ולכן עדיין לא ניתן לפנות אותה. על גופות המחבלים נמצאו שטרות של כסף ותעודות זהות מזויפות. 

גורמי ביטחון מסרו לכאן חדשות שמפני שסינוואר ישב בכלא הישראלי, יש בידי ישראל דגימת DNA שלו - כך שניתן יהיה לאשר או להפריך בקלות אם המחבל שחוסל הוא אכן מנהיג חמאס

@itayblumental @carmelamenashe 
צילום: Abed Rahim Khatib/Flash90",0,"10/17/2024 05:50",https://www.instagram.com/p/DBOdKXmqkxa/,"IG image",,Lifetime,76274,53463,1643,215,4,85,17
18016307915554534,17841407868310918,kan_news,"כאן חדשות","גורם ביטחוני מסר לכאן חדשות שבידי ישראל יש דגימות DNA של סינוואר מהתקופה בה ריצה מאסר בכלא הישראלי. לפי דיווחים אמריקנים, גופתו של המחבל שחוסל, שדומה במראה לסינוואר, הועברה לשטח ישראל לצורך בדיקת DNA שתאשר אם אכן מדובר במנהיג חמאס 

@itamar.margalit @itayblumental 
צילום: Abed Rahim Khatib/Flash9",0,"10/17/2024 06:28",https://www.instagram.com/p/DBOhgIIqkNN/,"IG image",,Lifetime,76571,60021,2192,175,1,110,46
17871885582195884,17841407868310918,kan_news,"כאן חדשות","יש לנו תחושה שגלנט מנסה להגיד לנו משהו...

שר הביטחון צייץ ברשת X את תמונותיהם של נסראללה ומוחמד דף עם סימן של איקס על פניהם - ובאמצע ריבוע שחור ריק",0,"10/17/2024 06:40",https://www.instagram.com/p/DBOi4M6oFQG/,"IG image",,Lifetime,57038,42914,1552,29,0,33,51
18063226303709746,17841407868310918,kan_news,"כאן חדשות","ביי ביי 👋

ועכשיו גם גורם ישראלי מאשר: סינוואר חוסל! 

Abed Rahim Khatib/ Flash90",0,"10/17/2024 06:51",https://www.instagram.com/p/DBOkODJoZ1r/,"IG image",,Lifetime,138689,115827,4177,753,15,201,51
18052522654933212,17841407868310918,kan_news,"כאן חדשות","יאללה ביי 👋

עכשיו זה רשמי: גורם ישראלי מאשר שיחיא סינוואר חוסל

צילום: Abed Rahim Khatib/ Flash90",0,"10/17/2024 07:03",https://www.instagram.com/p/DBOllGLIFn7/,"IG image",,Lifetime,238094,180102,6294,948,34,335,86
18255723544265258,17841407868310918,kan_news,"כאן חדשות","עכשיו זה באמת רשמי: המציל בחוף הים באשדוד מודיע למתרחצים על חיסולו של סינוואר

@itsik_z",19,"10/17/2024 07:13",https://www.instagram.com/reel/DBOmmv0hM_U/,"IG reel",,Lifetime,178123,103844,7035,1253,43,126,245
17998139867688250,17841407868310918,kan_news,"כאן חדשות","״מסתובב עכשיו חייל בצה״ל עם איקס על הנשק על חיסול סינוואר״

@roysharon11",6,"10/17/2024 07:27",https://www.instagram.com/reel/DBOoSJds_qd/,"IG reel",,Lifetime,433929,223483,13396,3206,14,168,353
17999234045689804,17841407868310918,kan_news,"כאן חדשות","אילון מאסק עושה היסטוריה (שוב)
לראשונה, SpaceX הצליחה לקלוט בחזרה אל כן השיגור את ה""בוסטר"", החלק המרכזי של הטיל המשגר את חללית ה-Straship של החברה - חללית הענק למשימות ארוכות שהחברה מפתחת, בין היתר למשימת מאדים.

מדובר בניסוי החמישי של החללית והפעם הראשונה שה""בוסטר"" באורך 71 מטרים נתפס בהצלחה בזרועות של ""מכזילה"" - מגדל השיגור העצום. החללית עצמה ב ביצעה תמרון שבסופו נחתה במי האוקיינוס. ""זה יום שייזכר בהיסטוריה של ההנדסה האנושית"", אמרו במטה החברה.

@ittaishick",28,"10/13/2024 09:05",https://www.instagram.com/reel/DBEgR9dhntS/,"IG reel",,Lifetime,88079,47742,1694,146,9,22,68
17849322693315457,17841407868310918,kan_news,"כאן חדשות","*עדכון* לפחות 22 פצועים מפגיעת כטב""ם ליד בנימינה, מהם 3 במצב אנוש, 5 קשה ו-14 בינוני. הכטב״ם שוגר במסגרת המוח האחרון לגליל, לא הופעלה אזעקה באזור בנימינה
@rubih @itayblumental (אורלי אלקלעי)",6,"10/13/2024 09:51",https://www.instagram.com/reel/DBEljkmpvYx/,"IG reel",,Lifetime,84096,39781,891,145,3,106,33
18112544806414157,17841407868310918,kan_news,"כאן חדשות","מספר הפצועים מפגיעת הכטב""ם ליד בנימינה עלה ל-39: 4 מהם במצב אנוש, 12 באורח קשה-בינוני ו-23 קל. הכטב״ם שוגר במסגרת המטח האחרון לגליל. לפי דיווח סעודי, הכטב״ם ירה טיל לפני שהתפוצץ באזור בנימינה.
@itayblumental (אורלי אלקלעי)",0,"10/13/2024 10:35",https://www.instagram.com/p/DBEqq6vxd0A/,"IG image",,Lifetime,68849,48958,1273,59,3,104,26
18158655784318706,17841407868310918,kan_news,"כאן חדשות","מספר הפצועים מפגיעת הכטב”ם ליד בנימינה עלה ל-67: 4 מהם באורח אנוש, 9 קשה, 11 בינוני-קשה ו-43 קל

בגלל לוחות הזמנים, מעריכים בצה""ל שהכטב""ם היה חלק מנחיל שהפעיל את ההתרעות באזור נהריה, ומשם הצליח לחדור לאזור בנימינה - מרחק של 60 ק""מ מהגבול. לפי דיווח סעודי, הכטב״ם ירה טיל לפני שהתפוצץ. בחיל האוויר לא יודעים לאשר או להפריך את הטענה אם מדובר בכטב""ם שירה טילים.

במהלך היום כ-150 שיגורים זוהו מלבנון לעבר שטח ישראל. בישראל סבורים כי לחיזבאללה נותר ארסנל של 20%-30% של רקטות לטווח בינוני. בכאן חדשות פורסם בשבוע שעבר כי הארסנל נפגע בצורה משמעותית. כעת, גלנט הציג את הדברים בישיבת הממשלה.",0,"10/13/2024 11:08",https://www.instagram.com/p/DBEuZsURldp/,"IG image",,Lifetime,98570,75132,1431,211,6,175,33
17922292694984940,17841407868310918,kan_news,"כאן חדשות","גורם במשפחת המלוכה הסעודית אמר לכאן חדשות כי הפעולות של ישראל נגד חיזבאללה, ובראשן חיסול חסן נסראללה, יוצרות הזדמנות לשינוי המציאות בזירה הלבנונית. בין היתר הזכיר הגורם את חיזוק מוסדות השלטון ואת החלשת ההשפעה של חיזבאללה ושל איראן על לבנון. 

במדינות המפרץ הסוניות, ובראשן סעודיה, מרוצים מהמכות שהנחיתה ישראל על חיזבאללה בשבועות האחרונים. לאחרונה החלו איחוד האמירויות וקטר להשיק רכבת אווירית של סיוע הומניטרי ללבנון.

ניתן לומר שמדינות המפרץ הסוניות מנסות לנצל את שעת המצוקה של ארגון הטרור הלבנוני ושל איראן, נותנת החסות שלו, כדי לחזור ולהשפיע בלבנון ולארגן את הכוחות הפוליטיים שם כדי לבחור נשיא שאינו מזוהה עם חיזבאללה. גם האמריקנים מקדמים זאת. ברקע נמצאים גם ביקורת גוברת על איראן וחיזבאללה וואקום בהנהגה השיעית אחרי חיסול נסראללה. 

@roikais",0,"10/13/2024 11:42",https://www.instagram.com/p/DBEyPrRx6ny/,"IG image",,Lifetime,93865,65444,2646,50,1,64,66
18059263996782732,17841407868310918,kan_news,"כאן חדשות","הדרג המדיני הנחה את צה”ל להפסיק לתקוף בביירות. על כן, צה”ל לא תקף בעיר כבר 3 ימים. ההנחייה הגיעה לאחר שמפקד פיקוד המרכז של ארה”ב ביקר בארץ לפני שבוע וביקש מהרמטכ”ל שצה”ל יפסיק לתקוף בביירות. הרמטכ”ל העלה את הבקשה לדרג המדיני. כמו כן, ביום רביעי בשיחת ביידן-נתניהו, ביקש נשיא ארצות הברית שצה”ל לא יתקוף בביירות. התקיפה האחרונה בעיר בוצעה ביום חמישי אחר הצהריים, ובה נהרגו עשרות בני אדם. מאז צה”ל - בהנחיית הדרג המדיני - לא תוקף שם.

דובר צה”ל מסר בתגובה לפרסום כי “צה”ל נלחם להשגת מטרות המלחמה על פי תוכנית סדורה ובהתאם להנחיות הדרג המדיני. לא נתייחס לשיח בין צה”ל לבין הדרג המדיני”. גורם מדיני מסר בתגובה לדיווח כי “הוא שקרי לחלוטין. ישראל שומרת על חופש פעולה בכל מקום בלבנון - בהתאם להימצאות המטרות”.

התקיפה בחמישי האחרון הייתה הראשונה מאז תחילת המלחמה שבה תקפה ישראל במערב ביירות, מצפון לרובע הדאחייה. בסוף השבוע מסר גורם צבאי לכאן חדשות כי מאז תחילת התמרון הקרקעי בלבנון תקף חיל האוויר כ-1,100 מסחני אמל”ח, משגרים, פירי מנהרות ועמדות תצפית וצליפה. מוקדם יותר היום פורסם כי בישראל סבורים שלחיזבאללה נותר ארסנל של 20%-30% מהרקטות לטווח בינוני שהיו ברשותו.

@roysharon11 
צילום: דובר צה״ל",0,"10/13/2024 12:53",https://www.instagram.com/p/DBE6ZboIXpF/,"IG carousel",,Lifetime,94220,52485,1602,72,2,141,53
18034835696189402,17841407868310918,kan_news,"כאן חדשות","הכטב""ם פגע ישירות בחדר האוכל בבא""ח גולני שליד בנימינה, בזמן שעשרות טירונים היו בעיצומה של ארוחת ערב. הכלי חדר דרך התקרה לחדר האוכל והתפוצץ על החיילים. לא הופעלה התראה בבסיס. באירוע נהרגו 4 חיילים ו-51 נפצעו. 7 מהם במצב קשה, 9 בינוני והיתר קל. ההודעה נמסרה למשפחותיהם.

תחקיר ראשוני של צה""ל קבע כי שני כטב""מים הגיעו מלבנון דרך המרחב הימי. אחד יורט ליד נהריה. מטוסי קרב ומסוקים היו במגע עם השני, עד שאבד עימו הקשר. הכטב""ם לא זוהה במערכות הגילוי וההתראה - ופגע ישירות בבסיס. בצה""ל אמרו שהכטב""ם לא שיגר טילים וכי מדובר בכלי מוכר בשימוש חיזבאללה תוצרת איראן.

אחרי האירוע הקשה, הגיעו לבסיס קב""נים ומח""ט מנשה אל""מ איוב כיוף, כדי לדבר עם החיילים אחרי האירוע הקשה שחוו מול עיניהם.

שמות הנופלים טרם הותרו לפרסום. דובר צה״ל ביקש: אנא הימנעו מהפצת שמועות ושמות אדות הנפגעים, על מנת לכבד את המשפחות. יהי זכרם ברוך🥀

@itayblumental",0,"10/13/2024 14:46",https://www.instagram.com/p/DBFHWUwuSMX/,"IG image",,Lifetime,156639,114617,2804,405,14,141,56
18341722891123563,17841407868310918,kan_news,"כאן חדשות","תיעוד בלעדי מתוך חדר הפיקוד של המשטרה ברגעים הדרמטיים בבוקר 7 באוקטובר
@moshestainmetz",21,"10/13/2024 22:12",https://www.instagram.com/reel/DBF6UymoQjS/,"IG reel",,Lifetime,157882,77366,2871,203,3,131,358
18465968956011104,17841407868310918,kan_news,"כאן חדשות","צה""ל התיר לפרסום את שמות ארבעת הלוחמים בהכשרה שנהרגו מפגיעת הכטב""ם בבא""ח גולני:
סמל עומרי תמרי, בן 19 ממזכרת בתיה
סמל יוסף הייב, בן 19 מטובא זנגריה
סמל יואב אגמון, בן 19 מבנימינה גבעת עדה
סמל אמיתי אלון, בן 19 מרמות נפתלי 

יהי זכרם ברוך🥀",0,"10/13/2024 23:30",https://www.instagram.com/p/DBGDRnDxj_N/,"IG image",,Lifetime,211045,171436,5055,536,7,488,57
18135792442361912,17841407868310918,kan_news,"כאן חדשות","יוסף האייל הייב בן ה-19 מטובא זנגריה, שנפל אמש מפגיעת הכטב""ם בבסיס בא""ח גולני, נהרג 33 שנה לאחר נפילת סבו, רב סמל בכיר נאייף הייב. נאייף שירת במשך 17 שנים בצה""ל כגשש. מרבית השנים שרת בלבנון. הוא נהרג ב-20 באוקטובר 1991 כשרכב הסיור בו נסע בגזרה המזרחית בלבנון, נפגע ממטען צד.

""ב-1948 בני שבט הייב קשרו את גורלם בגורל המדינה"", אמר חוסיין אל הייב, ראש המועצה המקומית טובא-זנגריה. ""ביוזמת יגאל אלון ושייח' אבו יוסוף הוקמה במלחמת העצמאות יחידת הפל""הייב ומאז נוצקה ברית שלא תנתק"", אמר חוסיין אל הייב. יוסף הייב יובא לקבורה היום בצהריים בחלקה הצבאית שבבית הקברות בטובא זנגריה.

@rubih @kalmanliebskind @asaflib",0,"10/14/2024 00:33",https://www.instagram.com/p/DBGKjPnx14p/,"IG image",,Lifetime,123352,82386,5400,347,24,232,143
18096082039467214,17841407868310918,kan_news,"כאן חדשות","כ-5 רקטות נורו מלבנון לאזור השרון וואדי ערה: כולן יורטו, אין נפגעים
@itayblumental @hadasgrinberg",17,"10/14/2024 01:34",https://www.instagram.com/reel/DBGRcOYpu9t/,"IG reel",,Lifetime,74662,40364,1078,98,5,64,40
18108336268425542,17841407868310918,kan_news,"כאן חדשות","בני זוג מרמת גן נעצרו בחשד שהופעלו על ידי המודיעין האיראני במטרה להתנקש באישיות בכירה בישראל.

במסגרת חשיפת תשתית של גורמי מודיעין איראנים, שפועלת לגיוס והפעלה של אזרחים בישראל, נעצר ולדיסלב ויקטורסון, תושב רמת גן כבן 30. ולדיסלב היה בקשר עם סוכן איראני בשם ""Mari Hossi"" וביצע בהנחייתו משימות כגון ריסוס כתובות גרפיטי, תליית כרוזים, הטמנת כספים ואף שריפת רכבים באזור פארק הירקון בתל אביב. ולדיסלב תיעד את ביצוע המשימות וקיבל עבורן יותר מ-5,000 דולר. הוא אף הסכים להשליך רימון על ביתו של בכיר ישראלי ופעל להשגת אמצעי לחימה לצורך כך. הקשר עם הסוכן האיראני התקיים בשפה העברית דרך רשתות החברתיות, תוך שולדיסלב מודע לזהותו כאיראני. 

ולדיסלב גייס שני אזרחים נוספים, בהם בת זוגו, אנה ברנשטיין, תושבת רמת גן כבת 18, שלקחה חלק בביצוע חלק מהמשימות. בנוסף, הוא התבקש לאתר דרי רחוב לשם גיוסם לביצוע משימות נוספות ולצלם מפגינים במהלך מחאות.

@ItayBlumental
צילום: AP",0,"10/14/2024 02:25",https://www.instagram.com/p/DBGXT1ixOzK/,"IG image",,Lifetime,56043,37857,1145,207,1,97,29
18087675259501347,17841407868310918,kan_news,"כאן חדשות","הממשלה אישרה יום אבל לאומי לטבח ב-7 באוקטובר - בתאריך העברי כ""ה בתשרי, שלושה ימים אחרי שמחת תורה. כדי לצמצם את הפגיעה בעסקים, הוחלט באופן חריג שיום האבל יתחיל ב-24 באוקטובר בשעה 6:00 בבוקר, ולא בערב קודם לכן, כפי שנהוג בימי זיכרון אחרים. עלות הטקס הנוסף ששרת התחבורה מירי רגב מתכננת בתאריך העברי לטבח 7 באוקטובר נאמדת בכ-900 אלף שקלים. עלות זו צפויה להתווסף לטקס הממלכתי שנערך בתאריך הלועזי ועלותו נאמדה בכ-6 מיליון שקלים. הטקס שאותו תפיק רגב, צפוי להתקיים בשעות הצהריים ברחבת נפגעי פעולות האיבה בהר הרצל, עם קהל מצומצם. בנוסף, במועד העברי יתקיים עוד טקס, שיופק על ידי משרד הביטחון. 

השרים עמיחי שיקלי וגדעון סער מתחו ביקורת על הטקס העברי של רגב. השר שיקלי אמר כי ""למה צריך לבזבז כסף על עוד טקס? כבר הורידו את הדגלים"". השרה רגב השיבה לו: ""לא הורידו את הדגלים. מה שאוחנה עשה בכנסת הוא עשה על דעת עצמו. הוא הוריד את הדגלים בהחלטה שלו. זה לא אומר שזה מקובל על כולנו""

השר סער אמר: ""בסדר, אבל היו שני טקסים"", והשרה רגב ענתה ועקצה את המשפחות: ""לא היו שני טקסים"". בשלב הזה השר חיים כץ התערב: ""את יכולה להגיד מה שאת רוצה ולעשות מה שאת רוצה, אבל היו שני טקסים"".

@shemeshmicha
צילום: חיים גולדברג, פלאש 90",0,"10/14/2024 03:37",https://www.instagram.com/p/DBGfmc7xohq/,"IG image",,Lifetime,97197,68361,1376,306,0,755,43
18060049957760301,17841407868310918,kan_news,"כאן חדשות","בישראל מחפשים פתרונות לאיום הכטב”מים - באוקראינה מצאו

@alexnirenburg",0,"10/14/2024 04:27",https://www.instagram.com/p/DBGlTctIpOD/,"IG carousel",,Lifetime,108698,57163,3020,154,1,95,144
18056262853827986,17841407868310918,kan_news,"כאן חדשות","״׳הדבר הכי טוב שעשינו בחיים זה לעבור לקיבוץ׳״: שנה אחרי הטבח - שי לי עטרי חוזרת לרגעים האחרונים עם אהובה יהב וינר ז״ל
@rabinovichmichal",77,"10/14/2024 06:21",https://www.instagram.com/reel/DBGyQICp-NK/,"IG reel",,Lifetime,156422,100706,6100,88,57,81,146
18085067647516140,17841403904946515,kan_israel,"כאן | תאגיד השידור הישראלי","כמה טוטאלית כרמלה מנשה? 
כתבתנו לענייני צבא וביטחון ישנה במערכת, מחליפה בגדים ועובדת מהרכב. גם את כרמלה תיעדנו בסרט #הותר_לפרסום שמתעד דקה אחר דקה את מערכת כאן חדשות בזמן מלחמה",21,"10/14/2024 06:43",https://www.instagram.com/reel/DBG0GZ4o7IM/,"IG reel",,Lifetime,85207,52140,802,36,5,10,0
17868951915146795,17841407868310918,kan_news,"כאן חדשות","הערכה: הכטב""ם כוון מראש לחדר האוכל בבסיס, בגלל תוואי הטיסה היה קושי לסווג את כלי הטיס ככטב""ם ולא כלהקת ציפורים

תחקיר חיל האוויר קבע שהקשר עם הכטב""ם אבד קילומטר וחצי צפונית מזרחית לעכו, ומשם אחרי שעל הכטב""ם היתה אחיזה, אבד איתו הקשר. היו מספר ניסיונות ליירט את הכטב""ם שכשלו. הכלי הגיע מלבנון עם שני כטב""מים נוספים: אחד בידי סט""יל של חיל הים והשני בידי כיפת ברזל. חצי שעה לאחר מכן הכלי פגע ישירות בבסיס. 

בתחקור לאחר המקרה, בחיל האוויר הצליחו לזהות דקת טיסה בשחזור תמונת השמיים לאחור, בגלל תוואי הטיסה ניתן היה לסווג את הכלי ככטב""ם או כלהקת ציפורים. בתחקור נקבע שההחלטה לא לקבוע שמדובר בכטב""ם, בשחזור לאחור, היתה סבירה. בגלל איבוד הקשר, לא הופעלה התראה. בחיל האוויר מעריכים שמקום הפגיעה של הכטב""ם בחדר האוכל נקבע מראש, תוכנית שהוכנסה מראש עם נקודת ציון. בנוסף, כמו כן גם זמן הפגיעה אחרי השעה 19:00, המועד שבו שהו עשרות טירוני גולני בתוך חדר האוכל.

בעקבות האירוע מפקד חיל האוויר אלוף תומר בר, הורה ל""הרחיב את השוליים"" מבחינת ההתראות ליישובים ולבסיסי צה""ל שיקבלו עדיפות בגלל שמתקני צה""ל נמצאים על הכוונת. הדבר עלול לגרום לכך שיהיו יותר סירנות ויהיו יותר התראות שווא. ההחלטה בחיל האוויר כרגע ללכת לחומרה, ולהכנס ל""מוד התגוננות יותר מתירני"".

בחיל האוויר מאשרים שזמן קצר לפני הפגיעה, התקבלה שיחה מהמשטרה ליב""א, שבה דווח כי אזרחים שמעו כלי ""חשוד"" באזור יקנעם. בחיל האוויר לא יכולים לאשר אם מדובר בכט""ם אולם מציינים שבאותו הזמן היה מסוק שחלף באותו הנתיב. הבוקר, מפקד חיל האוויר ביקר בבא""ח גולני, כדי לראות מקרוב את מקום הפגיעה של הכטב""ם.

@itayblumental @carmelamenashe",0,"10/14/2024 07:02",https://www.instagram.com/p/DBG3EXxqZqN/,"IG image",,Lifetime,98747,69737,2565,119,0,112,90
17864482209239546,17841407868310918,kan_news,"כאן חדשות","״הגיעו לצד הנכון של הגבול״: תיעוד - כוחות צה״ל מוציאים משטח לבנון טנדרים של חיזבאללה - ועליהם משגרי רקטות 💪

@rubih 
צילום: תמיר יקוטי",26,"10/14/2024 07:18",https://www.instagram.com/reel/DBG41rHKN2u/,"IG reel",,Lifetime,97694,55264,3021,231,7,151,68
17905709265024714,17841407868310918,kan_news,"כאן חדשות","אזעקות הופעלו ב-182 יישובים ברחבי הארץ בעקבות 3 טילי קרקע-קרקע ששוגרו מלבנון: חיל האוויר יירט את שלושתם. בזמן האזעקות, גבר שניסה להגיע למרחב המוגן בביתו בפתח תקווה נפל מגובה 4 מטרים - ונפצע קשה.

@itayblumental (אורלי אלקלעי)
 צילום: יואב וקנין",0,"10/14/2024 07:58",https://www.instagram.com/p/DBG9bq6xF_W/,"IG carousel",,Lifetime,92506,46344,1967,140,2,43,32
18315120655089759,17841407868310918,kan_news,"כאן חדשות","הותר לפרסום: סמל קורן ביתן, בן 19 מראש העין, לוחם בגדוד 450 של חטיבת ביסל״ח ובגדוד דוכיפת של חטיבת כפיר, נפל בקרב בדרום רצועת עזה. יהי זכרו ברוך

@itayblumental",0,"10/14/2024 08:57",https://www.instagram.com/p/DBHEJTJKg0G/,"IG image",,Lifetime,50363,37806,1750,47,0,138,10
18013038074629739,17841407868310918,kan_news,"כאן חדשות","""כשהגענו האוכל שלהם עוד היה חם"": צה""ל פשט על בונקר של כוח רדואן בדרום לבנון",57,"10/14/2024 09:11",https://www.instagram.com/reel/DBHFwKbvtIQ/,"IG reel",,Lifetime,85604,51720,3320,318,17,210,128
18019091843308206,17841407868310918,kan_news,"כאן חדשות","שניות מאסון: חלקי מיירט נפלו ברחוב הומה אדם בחולון - לא היו נפגעים 

אורלי אלקלעי 
צילום: חדשות הבזק",15,"10/14/2024 09:35",https://www.instagram.com/reel/DBHIhlAp9ux/,"IG reel",,Lifetime,148796,70961,1323,323,1,52,57
17917091051906123,17841407868310918,kan_news,"כאן חדשות","דובר צה״ל ודוברות שב״כ: מטוסי קרב של חיל האוויר חיסלו לפני כחודש את המחבל סאמר אבו-דקה, ראש המערך האווירי של ארגון הטרור חמאס - שהחליף את ראש המערך האווירי הקודם שחוסל לפני כשנה. 

אבו-דקה היה אחראי, בין השאר, על שיגורי רחפנים וכטב״מים לעבר ישראל. בנוסף, הוא היה מהאחראים לחדירת מצנחי הרחיפה במהלך מתקפת 7 באוקטובר 

@ItayBlumental @itsik_z",0,"10/14/2024 10:02",https://www.instagram.com/p/DBHLqXBqBYa/,"IG image",,Lifetime,43037,31848,1396,25,1,58,12
18020023169545412,17841407868310918,kan_news,"כאן חדשות","סא״ל במיל׳ חגית אלון פיקדה במלחמה על תא אספקה ודאגה למיגון ללוחמים בצפון, בנה אמיתי נפל אתמול באסון בבא״ח גולני: ״דווקא אתה לא היית מוגן״",56,"10/14/2024 10:33",https://www.instagram.com/reel/DBHO62fvc_F/,"IG reel",,Lifetime,163058,91550,5540,543,18,645,186
18107738170427150,17841407868310918,kan_news,"כאן חדשות","איך חיזבאללה יכול היה לדעת איפה נמצא בא״ח גולני, היכן ממוקם בו חדר האוכל ומתי החיילים הולכים לאכול? לא צריך להתאמץ - המידע נמצא באתר ״מתגייסים״ של צה״ל

@itayblumental 
צילום מסך מתוך אתר ״מתגייסים״",27,"10/14/2024 12:11",https://www.instagram.com/reel/DBHaNwoIPBP/,"IG reel",,Lifetime,62291,36713,1158,216,2,86,58
18093109147431322,17841407868310918,kan_news,"כאן חדשות","מי נתן את ההוראה?
חשיפת כאן חדשות: ההנחייה לצה""ל לא לתקוף בביירות הגיע ישירות מהדרג המדיני ובכתב, לאחר תקיפה קטלנית בעיר ביום חמישי האחרון. 4 יממות עברו מאז, ולא בוצעו תקיפות בביירות למרות הכחשות מצד גורמים מדיניים והצהרת ראש הממשלה שישראל תמשיך לתקוף בכל מקום בלבנון.

בנוסף, שרי הקבינט המדיני-ביטחוני מודרו מההחלטה להימנע מתקיפות בביירות בימים האחרונים. מקורות בקבינט אמרו כי ההחלטה לא הובאה לאישור בדיונים האחרונים, והם שמעו עליה לראשונה מהתקשורת.

בחדשות הערב בכאן 11 פורסם כי ההנחיה הועברה לאחר התקיפה החריגה של חיל האוויר במערב ביירות - בלב העיר ומחוץ לדאחיה, שבה נהרגו ונפצעו עשרות בני אדם. התקיפה, לפי הדיווחים, כוונה נגד ופיק ספא, האחראי על התיאום והקישור של חיזבאללה וגיסו של נסראללה.

@roysharon11 צילום: רויטרס",0,"10/14/2024 12:21",https://www.instagram.com/p/DBHblPstMac/,"IG carousel",,Lifetime,96073,57319,1390,68,1,58,48
18084523711514677,17841407868310918,kan_news,"כאן חדשות","אנשי צבא בכירים לשעבר העידו לעיתון הבריטי ""פייננשל טיימס"" כי ישראל ניצבת בפני מחסור בטילי יירוט.  לפי אותם אנשי צבא ופרשנים מהתעשייה הביטחונית, מתכנני ההגנה ומערכות ההגנה האוויריות של ישראל, המופעלות על ידי בינה מלאכותית, נאלצים לבחור על אילו אזורים להגן על חשבון אחרים. בתוך כך, ארצות הברית מיהרה לעזור לסגור את הפערים במערך ההגנה של ישראל, והכריזה לפני יומיים על פריסת מערכת ההגנה מפני טילים בגובה רב ""THAAD"". כל זאת לקראת מתקפת תגמול צפויה מצד ישראל על איראן, שעלולה להוביל להסלמה אזורית נוספת.

מערכת ההגנה האווירית THAAD, המיוצרת על ידי חברת לוקהיד מרטין, מהווה פתרון מתקדם להתמודדות עם טילים בליסטיים והיא יכולה ליירט מטרות בתוך ומחוץ לאטמוספרה. סוללת THAAD הראשונה הופעלה במאי 2008. בשנת 2019 הוצבה סוללה דומה בישראל, אבל שימשה רק לאימונים.

""בעיית התחמושת של ישראל היא חמורה"", אמרה דנה סטרול, בכירה לשעבר במשרד ההגנה האמריקני שהייתה אחראית על המזרח התיכון. לדבריה, גם המאגרים של ארצות הברית מוגבלים. ""ארצות הברית לא יכולה להמשיך לספק תחמושת לאוקראינה ולישראל באותו הקצב. אנו מתקרבים לנקודת מפנה"".

בניסיון לפתור את בעיית המחסור, בועז לוי, מנכ""ל התעשייה האווירית, אמר כי הוא מפעיל משמרות משולשות כדי להמשיך את פעילות פסי הייצור. ""חלק מפסי הייצור שלנו עובדים 24 שעות, שבעה ימים בשבוע. המטרה שלנו היא לעמוד בכל ההתחייבויות"", אמר. עוד הוא הוסיף כי הזמן הנדרש לייצור טילים מיירטים ""אינו עניין של ימים"".

@yoav.zehavi 
צילום: דובר צה""ל",0,"10/14/2024 23:40",https://www.instagram.com/p/DBIpNywRWQ-/,"IG image",,Lifetime,80347,57641,1925,279,1,150,69
18063524014731948,17841407868310918,kan_news,"כאן חדשות","כשאין ממ""ד בחיפה, אולג מביא אומץ מהבית הישן🇷🇺
#נכנסים_לאירוע @yotam.rosenvald",41,"10/15/2024 01:13",https://www.instagram.com/reel/DBIz0llsEgU/,"IG reel",,Lifetime,31629,21150,595,86,1,18,9
18280190890244350,17841407868310918,kan_news,"כאן חדשות","פיגוע ב-2 מוקדים בכביש 4: המחבל התקרב רגלית לכביש סמוך למחלף יבנה וירה לעבר שוטר שהגיע בניידת בהיותו בתפקיד, כדי לבדוק אותו. השוטר נפצע באורח אנוש מירי המחבל ובהמשך נקבע מותו בבית החולים. המחבל פתח במרדף והמשיך לירות לעבר רכבים בצומת ניר גלים - עד שנוטרל בידי אזרח. באירוע נרצח שוטר כבן 30 ונפצעו 4 בני אדם: אחד במצב בינוני ו-3 קל. אחד הפצועים קל נפצע כשעצר לסייע - ונפגע מרכב חולף.

@hadasgrinberg @moshestainmetz (אורלי אלקלעי)
צילום: דן אסולין",0,"10/15/2024 01:55",https://www.instagram.com/p/DBI4uB0R8lS/,"IG image",,Lifetime,83619,57964,1707,186,1,83,38
17881337652149427,17841407868310918,kan_news,"כאן חדשות","הנשק של קריית אתא נגד הטילים
#נכנסים_לאירוע @yotam.rosenvald",36,"10/15/2024 03:35",https://www.instagram.com/reel/DBJEEcDgVHu/,"IG reel",,Lifetime,40700,26303,632,218,3,23,18
18082519303473496,17841407868310918,kan_news,"כאן חדשות","20 רקטות שוגרו לחיפה ולגליל המערבי: חלקן נפלו בשטח פתוח, שריפה פרצה בשמורת עין אפק. רקטה פגעה בבניין בקרית ביאליק וגרמה לנזק קל, אין נפגעים. בחסות המטח זוהה כטב""ם מעל נהריה - ויורט • צה""ל: חיסלנו את האחראי בחיזבאללה על שיגור כטב""מים לישראל

@itayblumental @chen_beyar (אורלי אלקלעי)",20,"10/15/2024 05:05",https://www.instagram.com/reel/DBJOWi9M-oD/,"IG reel",,Lifetime,45645,28490,558,26,4,14,10
18151469467329148,17841407868310918,kan_news,"כאן חדשות","גורם ביטחוני אישר לכאן חדשות: המחבל שביצע את הפיגוע בכביש 4 הוא תושב עזה מג'באלייה - שב""ח שנכנס לישראל עוד לפני פרוץ המלחמה. ככל הנראה המחבל נכנס למדינה לפני כמה שנים עם היתר ונשאר בשטחים כשוהה בלתי חוקי 

@ItayBlumental @carmeldangor 
צילום: לירון מולדובן, פלאש 90",0,"10/15/2024 05:16",https://www.instagram.com/p/DBJPtHAqzZM/,"IG image",,Lifetime,78257,56536,1740,73,2,47,33
18082318636525912,17841407868310918,kan_news,"כאן חדשות","הותר לפרסום: רס""ב אדיר קדוש, שוטר מתחנת תל אביב, נהרג בפיגוע בכביש 4. בעוד כחודש אדיר היה אמור להינשא לבן זוגו. יהי זכרו ברוך

@carmeldangor",0,"10/15/2024 06:01",https://www.instagram.com/p/DBJUzm-qYrb/,"IG carousel",,Lifetime,183709,123226,4897,637,6,364,62
18033941999517437,17841407868310918,kan_news,"כאן חדשות","תיעוד מיוחד מלבנון: @itayblumental בעמדות המוסוות שהכין חיזבאללה לפשיטה על יישובי הצפון | הכתבה הערב במהדורת כאן 11",42,"10/13/2024 08:11",https://www.instagram.com/reel/DBEaCmquw_r/,"IG reel",,Lifetime,48580,29717,929,54,2,41,42
18033243977257938,17841407868310918,kan_news,"כאן חדשות","עשרות משאיות עם סחורות של פירות וירקות תקועות במעבר גשר חוסיין. מנהל רשות המיסים הודיע כי לא יאפשר שחרור סחורה במעבר עד שתתוגבר האבטחה במקום. על החלטה זו התקבלה על רקע הפיגוע שהתרחש במעבר אלנבי לפני כחודש. ""ללא תוספת אבטחה, לא נאפשר הכנסת סחורות במעברי הגבול היבשתיים"", כתב אהרונוביץ' במכתב. היום, כחודש לאחר הפיגוע, עשרות משאיות תקועות במעבר גשר חוסיין, כיוון שהאבטחה עדיין לא תוגברה כראוי במקום.

אורית שלזינגר, מנהלת מפעל חופית בקבוצת כנרת, אמרה בתוכנית ""צבע הכסף"" בכאן רשת ב, כי מדינת ישראל לא מטפלת באירוע. ""כולנו משלמים את המחיר. אנחנו לא יכולים לספק סחורה. רוב ההזמנות שלנו הן למשרד הביטחון ולצבא"", הוסיפה שלזינגר, ""זה ביזיון. הצרכן לא יקבל עגבניה כי היא תקועה במעבר"". 

@dana_yarkechy 
צילום: חסן ג'די, פלאש 90",0,"10/13/2024 07:19",https://www.instagram.com/p/DBEUKF1IZ9H/,"IG image",,Lifetime,74195,53174,1120,61,0,84,26
18149392312333175,17841407868310918,kan_news,"כאן חדשות","עושים סדר - 25 לוחמים נפצעו היום בלבנון 
ב-3 תקריות שונות: 
ירי נ""ט: 10 נפצעו קל
ירי נ”ט במקום אחר: 1 קשה ו-2 קל
פיצוץ מטען: 1 קשה ו-11 קל 
סך הכל 2 נפצעו קשה ו-23 קל 
משפחותיהם עודכנו

@roysharon11 
צילום: דובר צה""ל",0,"10/13/2024 05:52",https://www.instagram.com/p/DBEKLoixiHI/,"IG image",,Lifetime,99548,69265,2482,134,6,102,60
18008856536454177,17841407868310918,kan_news,"כאן חדשות","תיעוד נדיר מלבנון: צה""ל לקח בשבי מחבל חיזבאללה שהסתתר במנהרה בעומק 7 מטרים",56,"10/13/2024 02:44",https://www.instagram.com/reel/DBD0pwlMb0D/,"IG reel",,Lifetime,110974,60895,2645,243,5,223,132
18270479743220602,17841438241983957,kanmoreshet,"כאן מורשת","ישראל זעירא, יו""ר תנועת ""ראש יהודי"" סיפר לבני טיטלבוים על ההחלטה שלא לקיים את תפילות יום כיפור בת""א באוויר הפתוח - למרות החלטת בג""צ: ""למרות החלטת בג""ץ, החלטנו לעשות תיקון. לשאוף לאחדות. אנחנו נגד כפייה דתית. מזמין את עם ישראל להקפות שניות, שאותן נקיים על פי החלטת בית המשפט העליון”",0,"10/13/2024 01:19",https://www.instagram.com/p/DBDq94qCc9Q/,"IG carousel",,Lifetime,42657,22540,422,3,2,89,0
18246310300272408,17841407868310918,kan_news,"כאן חדשות","מסמכים שנתפסו במפקדות חמאס ברצועת עזה והגיעו לידי ה""וושינגטון פוסט"" חושפים את התוכנית הגדולה שארגון הטרור הגה למתקפה כוללת על ישראל, שנים לפני טבח 7 באוקטובר. המסמכים מראים שחמאס תכנן בין היתר לפוצץ בניינים בתל אביב עוד לפני המלחמה - בהם מגדלי עזריאלי, בדומה לפיגועי 11 בספטמבר, במחשבה שגם בסיס הקריה הסמוך ייפגע.

התוכנית כללה, לפי הדיווח, שימוש ברכבות להעברת לוחמים וחומרי נפץ, סירות ואפילו מרכבות רתומות לסוסים.

בין המסמכים נמצאה גם בקשה של מנהיג חמאס יחיא סינוואר מאיראן למימון נוסף ובה הבטחה כי ""ישראל תושמד בתוך שנתיים"".

@michalresh2023",0,"10/12/2024 14:41",https://www.instagram.com/p/DBCiAIKxpZS/,"IG image",,Lifetime,110513,79771,3492,582,3,192,207
18039060413158698,17841407868310918,kan_news,"כאן חדשות","תיעודים יוצאי דופן מאיראן: מאות יהודים משתתפים בטקס סליחות והתרת נדרים בבית כנסת בלב טהראן. מי שהוביל את הטקס הוא הרב יהודה גראמי. יש לציין כי הקהילה היהודית באיראן חיה בצל משטר האייתולות ונדרשת להפגין נאמנות למשטר כדי שתוכל לקיים את הטקסים היהודיים. לאחרונה פרסם אחד מבכירי הקהילה מכתב שבו תמך במתקפה של איראן על ישראל וביקר בחריפות את פעולותיה של ישראל בלבנון ובעזה
@roikais",78,"10/12/2024 11:21",https://www.instagram.com/reel/DBCLAnWiaiY/,"IG reel",,Lifetime,135078,77492,5558,724,5,243,258
17912845070915015,17841407868310918,kan_news,"כאן חדשות","עיתון ה""ניו יורק טיימס"" חשף את פרוטוקול פגישותיו של יחיא סינוואר עם בכירי חמאס. הפרוטוקול מספק תיעוד מפורט של התכנון למתקפת הטרור ב-7 באוקטובר ושל הניסיונות לשכנע את איראן וחיזבאללה להצטרף למתקפה. לפי המסמכים, חמאס תכנן לבצע את המתקפה בסוף 2022, אך עיכב אותה כדי שגם איראן וחיזבאללה יצטרפו אליה. ביולי 2023 שליח חמאס נפגש בלבנון עם מפקד איראני בכיר וביקש עזרה בפגיעה באתרים רגישים עם תחילת המתקפה. הבכיר האיראני השיב כי איראן וחיזבאללה תומכות בפעולה, אך זקוקות ליותר זמן להתכונן. חמאס האמין שיקבל תמיכה מבנות בריתו, אך לבסוף בחר לפעול בלעדיהן מכמה סיבות. ראשית, חמאס רצה להקדים את ישראל, שתכננה להציב מערכת הגנה אווירית חדשה ומשופרת. שנית, הוא רצה לשבש את המאמצים לנרמול היחסים בין ישראל לסעודיה. בנוסף, מנהיגי חמאס צוטטו אומרים כי מצבה הפנימי של ישראל היא אחת הסיבות לכך ש""נאלצו להתקדם לקרב אסטרטגי"". ככל הנראה מדובר בהתייחסות למחלוקת העמוקה סביב הרפורמה המשפטית ששיסעה את החברה הישראלית.

הפרוטוקול מגולל גם את המאמצים הנרחבים של חמאס להונות את ישראל לגבי כוונותיו. המסמכים חושפים כיצד חמאס נמנע בכוונה מעימותים גדולים עם ישראל במשך שנתיים מ-2021, כדי למקסם את הפתעת המתקפה ב-7 באוקטובר. בפרוטוקול צוטטו בכירי הארגון אומרים כי ""חייבים לשמור על האויב משוכנע שחמאס רוצה רגיעה בעזה"".

@rubih",0,"10/12/2024 09:45",https://www.instagram.com/p/DBCADMDxfET/,"IG image",,Lifetime,131334,87375,2724,261,3,166,185
18370029049128842,17841407868310918,kan_news,"כאן חדשות","לאורך כל יום כיפור: מטחים לעבר הגליל העליון והגליל המערבי. אמש ב-21:53 זוהו באזור השרון שני כטב”מים שחצו מלבנון. אחד יורט והשני פגע ישירות בבית אבות בהרצליה. אין נפגעים בגוף, נזק קל נגרם למבנה והייתה הפסקת חשמל באזור. 
היום ב-13:06 יורטו 2 רקטות ששוגרו לעבר אזור חיפה והכרמל, וב-15:13 שוגרו כ-35 רקטות לעבר עכו, הגליל העליון חיפה והקריות. חלק יורטו וחלק נפלו בשטחים פתוחים, שריפות פרצו באזור. ב-17:10 זוהו שני שיגורים שחצו מצפון רצועת עזה לאשקלון - ונפלו בשטח פתוח.
כ-200 רקטות שוגרו מלבנון סה״כ במהלך יום הכיפורים. כל האירועים הסתיימו ללא נפגעים בגוף

כיפור תחת אש - איפה זה תפס אתכם?

@itayblumental @rubih (אורלי אלקלעי)",0,"10/12/2024 08:47",https://www.instagram.com/p/DBB5c_MoEXE/,"IG carousel",,Lifetime,81790,41532,1220,64,0,14,29
18121765870387446,17841407868310918,kan_news,"כאן חדשות","גמר חתימה טובה מכאן 11
וצום מועיל למי שצם🙏🏼",0,"10/11/2024 07:15",https://www.instagram.com/p/DA_KJgFRyj4/,"IG image",,Lifetime,39957,27798,529,17,0,17,19
17854857378239724,17841407868310918,kan_news,"כאן חדשות","סמ""ר איתי פוגל, בן 22 מיקיר, מפקד טנק בגדוד 46, עוצבת ׳עקבות הברזל׳ (401), נפל מפגיעת טיל נ״ט באזור רפיח 
יהי זכרו ברוך🥀
@itayblumental",0,"10/11/2024 06:46",https://www.instagram.com/p/DA_G2nZReUy/,"IG image",,Lifetime,72163,55483,2135,70,0,269,17
18011333168642107,17841407868310918,kan_news,"כאן חדשות","הבכיר הזכור לשמצה בישראל נפגע בתקיפה?

לפי דיווח של ערוץ סקיי ניוז בערבית, בכיר חיזבאללה ופיק ספא נפגע קשה בתקיפה אמש בביירות ומצבו מוגדר ""קריטי"". ספא, גיסו של נסראללה נחשב גם לאיש סודו והממונה על יחידת התיאום וקשרי החוץ של הארגון

בזיכרון הישראלי נזכר ספא כאיש ששיחק באופן מצמרר ברגשות משפחות החטופים גולדווסר ורגב, שחשף רק מול המצלמות בעסקת השחרור ב-2008 שהשניים נרצחו והוחזרו לישראל בארונות מתים.

התקיפה שלפי הדיווחים כוונה נגד ספא בוצעה אמש בשכונת מגורים בלב ביירות ולא באזור הדאחייה, שבו בוצעו החיסולים הקודמים של בכירי חיזבאללה. במשרד הבריאות הלבנוני דיווחו שבתקיפה נהרגו כ-20 שני אדם ונפצעו עשרות. בחיזבאללה הכחישו אתמול שספא חוסל וטענו שהתקיפה נכשלה.",0,"10/11/2024 04:18",https://www.instagram.com/p/DA-18DkoZrQ/,"IG carousel",,Lifetime,105782,55177,2507,34,0,111,104
17852879148295522,17841464234747957,kan_reshetb,"כאן רשת ב","“לפני חודש יצאנו יחד למשלחת של נכי ויתומי צה״ל ובאמצע אחת המסיבות הוא עלה לבמה מבושם וצעק ׳היחד שלנו זו הגאולה׳”: גלעד, חברו של צבי מתיתיהו מרנץ ז”ל",0,"10/11/2024 02:43",https://www.instagram.com/p/DA-q-hJoBLy/,"IG image",,Lifetime,154554,129859,6311,31,3,50,0
17871517644197183,17841407868310918,kan_news,"כאן חדשות","מצמרר: רגעי חזרת שבויי מלחמת יום הכיפורים לפני 50 שנה
במהרה בימינו אמן 🎗️",43,"10/11/2024 02:30",https://www.instagram.com/reel/DA-pgA6Mq2_/,"IG reel",,Lifetime,959495,489976,28091,5477,198,620,1865
18066689815565053,17841407868310918,kan_news,"כאן חדשות","יהי זכרו ברוך🕯",0,"10/11/2024 02:05",https://www.instagram.com/p/DA-mov0ur6w/,"IG image",,Lifetime,54402,42252,2691,12,0,100,17
17848973022281470,17841407868310918,kan_news,"כאן חדשות","ליאור נרקיס, שומע? כך רחל מאופקים העסיקה את המחבלים שהחזיקו בה כבת ערובה ב-7 באוקטובר",38,"10/10/2024 22:01",https://www.instagram.com/reel/DA-KolaCFB2/,"IG reel",,Lifetime,223763,143118,7520,403,131,207,187
17892688404016374,17841438241983957,kanmoreshet,"כאן מורשת","מעמד הסליחות בכותל המערבי הערב ט' בתשרי תשפ״ה 
כתיבה וחתימה טובה 🙏🏼
אדון הסליחות ושופר מפי החזן משה חבושה, ובמעמד הרבנים הראשיים לישראל, רב הכותל המערבי והמקומות הקדושים וראש העיר ירושלים",48,"10/10/2024 15:38",https://www.instagram.com/reel/DA9egjuI1lA/,"IG reel",,Lifetime,144266,103382,6536,918,138,342,0
18025252703176134,17841407868310918,kan_news,"כאן חדשות","כשאיילה חסון פגשה את רחל מאופקים ❤️",56,"10/10/2024 11:03",https://www.instagram.com/reel/DA8_Y-gqvou/,"IG reel",,Lifetime,127676,77601,4362,141,7,117,92
18360027385116840,17841407868310918,kan_news,"כאן חדשות","הותר לפרסום: שלושה חיילים נפלו בקרב בצפון רצועת עזה 

רס""ר במיל' אורי משה בורנשטיין, בן 32 ממורשת, רס""ן במיל' נתנאל הרשקוביץ, בן 37 מירושלים ורס""ר במיל' צבי מתתיהו מרנץ, בן 32 מבני אדם - כולם שירתו ביחידת הסיוע המנהלתי 5460 בעוצבת בני אור. יהי זכרם ברוך",0,"10/10/2024 10:43",https://www.instagram.com/p/DA89J-DKlsD/,"IG image",,Lifetime,88131,64506,2489,149,1,303,19
17880617640119638,17841407868310918,kan_news,"כאן חדשות","מפקד כוח קודס שיתף פעולה עם ישראל? 😨

דיווח בריטי: מפקד כוח קודס של משמרות המהפכה האסלאמית נחקר בעקבות חיסול נסראללה, אחרי שמקורות שונים סיפרו שקאאני לא נפגע בתקיפות הישראליות בדאחייה והוסיפו שיש עליו שמירה צמודה. 

לפי הדיווח, קאאני לקה בליבו בזמן החקירות והועבר לטיפול בבית חולים

@ishayb2003 @anastasia___stu
צילום: רויטרס",0,"10/10/2024 09:50",https://www.instagram.com/p/DA83GHeKthA/,"IG image",,Lifetime,73771,55722,2066,141,2,130,97
18032320685462072,17841407868310918,kan_news,"כאן חדשות","מצד אחד לוחמים שמשלמים הון לחזור לארץ, מצד שני מתפללים שהפרו אזהרת מסע ומתעכבים בדרך לישראל: עבור מי הח”כים החרדים יתגייסו בכל הכוח? עקיבא נוביק נרעש מסדר העדיפויות המנותק",101,"10/10/2024 08:51",https://www.instagram.com/reel/DA8wPDaIfsh/,"IG reel",,Lifetime,63894,41830,2795,338,14,174,78
18044564327084846,17841407868310918,kan_news,"כאן חדשות","בתוך לבנון עם לוחמי צה""ל: רובי המרשלג, שפונה מביתו שבצפון לפני שנה, סייר עם החיילים בכפרים ששימשו את חיזבאללה, כשברקע עוד מתנהלים חילופי אש עם מחבלים. הכתבה המלאה - בחדשות הערב בכאן 11",27,"10/10/2024 08:01",https://www.instagram.com/reel/DA8qik3x4TA/,"IG reel",,Lifetime,56554,34875,1760,45,9,60,41
17924386394859288,17841464234747957,kan_reshetb,"כאן רשת ב","""יש לנו הזדמנות לחבר, אולי מפלסי השנאה ירדו"": מה חושב הרב אריה לוין, הרב של צפון תל אביב, על המאבק על התפילה במרחב הציבורי?
@regevliat |בזמן_הזה 

מה דעתכם על תפילה בהפרדה במרחב הציבורי?",83,"10/10/2024 06:59",https://www.instagram.com/reel/DA8jPn9ownf/,"IG reel",,Lifetime,99983,68416,2748,294,10,203,0
18009165908423715,17841407868310918,kan_news,"כאן חדשות","הקלטה נדירה של גולדה חודש אחרי תחילת מלחמת יום הכיפורים: ""על דבר אחד לא יסלחו לנו - חולשה""",22,"10/10/2024 06:03",https://www.instagram.com/reel/DA8dHEtCY3n/,"IG reel",,Lifetime,92653,64627,3416,472,20,74,226
18093304717432889,17841407868310918,kan_news,"כאן חדשות","רפאל מרדכי פישהוף, בן 35 ואב ל-6, מת מפצעיו לאחר שנדקר בפיגוע בחדרה אתמול. יהי זכרו ברוך 🕯",0,"10/10/2024 03:04",https://www.instagram.com/p/DA8IkyTOnkX/,"IG image",,Lifetime,62318,49377,2626,69,5,181,21
17876928135169950,17841407868310918,kan_news,"כאן חדשות","סוכל פיגוע בעזריאלי 👇

חמישה תושבי טייבה שנשבעו אמונים לדאעש תכננו לפוצץ מכונית תופת סמוך לקניון עזריאלי, כך הותר היום לפרסום. החמישה נעצרו בחודש האחרון על ידי המשטרה ושב""כ בגין חשד לחברות וגיוס לארגון טרור והכנה לביצוע אירוע טרור. 

חמשת החשודים בשנות ה-20 וה-30 לחייהם אינם מוכרים למשטרה וללא רקע לאומני. הם נעצרו על ידי יחידת גדעונים של המשטרה כשברשותם נשק ובהמשך קשרו את עצמם לחשדות המיוחסים להם.

צילום: AP",0,"10/10/2024 02:03",https://www.instagram.com/p/DA8Br2AublM/,"IG image",,Lifetime,92686,69271,3478,1235,3,174,104
18063400681646934,17841407868310918,kan_news,"כאן חדשות","הלב נשבר: בעלה של ענבר שגב ויגדר ז""ל חזר לזירה שבה נרצחה💔
@oferhalfono",83,"10/10/2024 01:01",https://www.instagram.com/reel/DA76fSBJd_t/,"IG reel",,Lifetime,112544,69996,3755,227,9,175,155
17959800026696808,17841407868310918,kan_news,"כאן חדשות","למרות פסיקת העליון, ארגון ראש יהודי הודיע כי לא יקיים את תפילות יום הכיפורים בגן מאיר בת""א: ""חשש מפרובוקציות""

@anna.pines 
צילומים: תומר נאומברג, פלאש 90",0,"10/10/2024 00:50",https://www.instagram.com/p/DA75REUuiGp/,"IG carousel",,Lifetime,49174,28472,922,17,0,181,16
18034847360033745,17841407868310918,kan_news,"כאן חדשות",🎗,0,"10/10/2024 00:03",https://www.instagram.com/p/DA7z7ohOLFo/,"IG image",,Lifetime,62023,49511,2207,99,1,48,22
17872836375191164,17841407868310918,kan_news,"כאן חדשות","צה""ל התיר הבוקר (חמישי) לפרסום כי רס""ם במילואים רוני גניזט, בן 36 מגבעת שמואל, לוחם בגדוד 5030 בחטיבת אלון, נפל בקרב בדרום לבנון. בכך עלה מספר חללי המלחמה ל-731
@carmelamenashe @itayblumental 
צילום: דובר צה""ל",0,"10/09/2024 20:17",https://www.instagram.com/p/DA7aC7CIgVk/,"IG image",,Lifetime,70018,55598,2906,103,1,270,10
18045224782973372,17841407868310918,kan_news,"כאן חדשות","הותר לפרסום: רויטל יהוד ודביר שרביט הם בני הזוג שנהרגו מפגיעת רקטה בקריית שמונה

רויטל, במקור מאילת, החלימה מסרטן לפני כשנתיים והחליטה לעבור לקריית שמונה בעקבות עבודתו של דביר כקונדיטור בגליל. בחודשים האחרונים בני המשפחה של הזוג ניסו לשכנע אותם להתפנות מביתם בקריית שמונה - אך הם החליטו להישאר עם שלושת הכלבים שלהם בעיר, שנהרגו גם הם מפגיעת הרקטה היום. יהי זכרם ברוך

@rubih",0,"10/09/2024 13:35",https://www.instagram.com/p/DA6r__wKE4f/,"IG image",,Lifetime,47126,34504,1492,41,0,128,24
18316961401090618,17841407868310918,kan_news,"כאן חדשות","אחרי שבית המשפט התיר תפילה בהפרדה מת״א:

הרב יצחק יוסף, הראשון לציון, פנה לעיריית תל אביב יפו בבקשה מפתיעה: ״למרות שבית המשפט התיר לקיים תפילה בהפרדה במרחב הציבורי - יש לפעול להימנע מכך כדי למנוע מחאות ועימותים וחילול השם״.

הרב הוסיף כי על פי ההלכה ראוי להתפלל רק בבית כנסת או במקום סגור: ״בעניין תפילות יום הכיפורים במרחב הציבורי, הנה ברור הדבר כי על פי ההלכה יש לקיים את התפילות בבית הכנסת ואין להעדיף תפילה במרחב הציבורי על פני בית כנסת״ 

צילום: תומר ניוברג, דוד כהן - פלאש 90 
@akivaweis",0,"10/09/2024 12:16",https://www.instagram.com/p/DA6i9QeKo1B/,"IG image",,Lifetime,77070,53257,2060,97,0,130,62
18103917631437758,17841407868310918,kan_news,"כאן חדשות","צילה מזרעית נשארה בבית במשך השנה האחרונה - למרות שהיישוב מפונה והירי מלבנון לא מפסיק. גם עכשיו, כשהתגלתה מנהרה כ-500 מטרים בלבד מביתה, היא לא מתכוונת לעזוב: ״גם מהטילים לא פחדתי״
‏
@shapirayaara",39,"10/09/2024 10:00",https://www.instagram.com/reel/DA6TWfyI1cj/,"IG reel",,Lifetime,38764,27502,909,56,0,25,28
18058395901762071,17841407868310918,kan_news,"כאן חדשות","אחרי הסערה שעוררה התפילה בכיכר דיזינגוף בשנה שעברה: בית המשפט העליון קבע שתתאפשר תפילה בהפרדה מגדרית בגן מאיר בתל אביב 

@anna.pines 
צילום: Tomer Neuberg/Flash 90",0,"10/09/2024 09:37",https://www.instagram.com/p/DA6Q2QjqwqW/,"IG image",,Lifetime,49397,38489,1206,51,1,229,17
17884548195057878,17841464234747957,kan_reshetb,"כאן רשת ב","“יש לי אופטימיות שלא נגמרת, לא אפסיק להילחם על הבת שלי. התפקיד שלי זה לדבר ולהמשיך להזכיר שהיא שם”: מירב לשם גונן, אמא של רומי גונן שחטופה בעזה",0,"10/09/2024 08:48",https://www.instagram.com/p/DA6LO6SI07j/,"IG carousel",,Lifetime,65616,38469,3590,35,6,140,0
18099331012455388,17841407868310918,kan_news,"כאן חדשות","לצערנו אין מה לחגוג - חיזבאללה עדיין לא קורס
@eliorlevy",61,"10/09/2024 08:42",https://www.instagram.com/reel/DA6KTKxotKT/,"IG reel",,Lifetime,27885,19844,334,3,2,34,19
18080755336478832,17841407868310918,kan_news,"כאן חדשות","ארבעה מחבלים חוסלו בשכם - לפי גורם ביטחוני, החולייה הורכבה ממחבלים בכירים בגדוד בלטה שנערכו לבצע פיגוע

@itayblumental",20,"10/09/2024 08:40",https://www.instagram.com/reel/DA6KMGrpgPF/,"IG reel",,Lifetime,85441,46886,2163,116,13,141,69
18018477746552958,17841407868310918,kan_news,"כאן חדשות","עם כיסא פלסטיק ואקדחים שלופים: כך נוטרל המחבל בחדרה 

@itayblumental 
צילום: לפי סעיף 27 א׳",37,"10/09/2024 07:00",https://www.instagram.com/reel/DA5-zSQpyod/,"IG reel",,Lifetime,280285,131992,5637,1446,16,672,382
18460200007047831,17841407868310918,kan_news,"כאן חדשות","מכלול האש של גולני חיסל מ״פ בחיזבאללה באמצעות רחפן

@itayblumental 
צילום: דובר צה״ל",21,"10/09/2024 06:40",https://www.instagram.com/reel/DA58c2MsZFq/,"IG reel",,Lifetime,79490,45184,1711,40,3,121,45
17980237274755331,17841407868310918,kan_news,"כאן חדשות","מצדיעים לך 🫡
סרן קרני גז, שפיקדה על פלוגת הטנקיסטיות שהסתערה על המחבלים ב-7 באוקטובר, עשתה היסטוריה שוב - והפכה לאישה הראשונה בתפקיד קצינת אג”מ בגדוד שיריון

@roysharon11 @maya_rachlin",0,"10/09/2024 06:17",https://www.instagram.com/p/DA553Zooq6U/,"IG carousel",,Lifetime,139440,92850,10504,470,4,446,225
18072310663603009,17841464234747957,kan_reshetb,"כאן רשת ב","“כל מחבל שפגשתי חקרתי אותו אם הוא ראה את מתן והתחננתי שייקחו אותי לפגוש אותו”: אילנה גריצבסקי ששוחררה מהשבי לאחר 55 ימים ובן זוגה מתן צנגאוקר עדיין בשבי",89,"10/09/2024 05:52",https://www.instagram.com/reel/DA52353IvAg/,"IG reel",,Lifetime,44668,30069,900,21,7,25,0
18071056084591190,17841407868310918,kan_news,"כאן חדשות","דיווחים: אזרח ישראלי נעצר בלבנון 👇

לפי דיווחים לבנוניים, אזרח ישראלי בשם יהושע טרטקובסקי נעצר אתמול בביירות. בדיווח נטען שטרטקובסקי נכנס ללבנון כעיתונאי באמצעות דרכון בריטי - אך בין חפציו נמצא גם דרכון ישראלי על שמו

@omershahar10
צילום: אילוסטרציה - אוליבר פיטוסי, פלאש 90",0,"10/09/2024 05:49",https://www.instagram.com/p/DA52r5qq2qO/,"IG image",,Lifetime,70413,49607,1334,142,0,53,56
17846542722320805,17841407868310918,kan_news,"כאן חדשות","יהי זכרם ברוך🕯
@chen_beyar",0,"10/09/2024 04:56",https://www.instagram.com/p/DA5wngMuP0V/,"IG image",,Lifetime,34020,28017,1020,26,1,26,8
18200898418289363,17841464234747957,kan_reshetb,"כאן רשת ב","אילנה גריצבסקי שוחררה משבי חמאס אחרי 55 יום, בן זוגה מתן צנגאוקר עדיין בשבי: “אני מרגישה אשמה שאני יכולה לחבק את אמא שלי והם לא. הייתי שם ואני יודעת בדיוק מה הם עוברים, כל יום חושבת על  החופש שאין להם”",0,"10/09/2024 04:49",https://www.instagram.com/p/DA5v1pXoN3s/,"IG carousel",,Lifetime,137832,78574,3542,25,6,39,0
17992089767549212,17841407868310918,kan_news,"כאן חדשות","""הבנתי שזה או אני או הוא"": המאבטח שנטרל את המחבל בחדרה
אורלי אלקלעי",79,"10/09/2024 04:26",https://www.instagram.com/reel/DA5tH6RONhH/,"IG reel",,Lifetime,75911,47189,2367,124,10,227,74
18083572465508693,17841407868310918,kan_news,"כאן חדשות","מפכ""ל המשטרה דני לוי בזירת הפיגוע בחדרה: ""כנראה שזה מה שנגזר עלינו בתקופה הזו""
@moshestainmetz",29,"10/09/2024 04:05",https://www.instagram.com/reel/DA5qtdkPvl-/,"IG reel",,Lifetime,61658,39462,584,78,12,194,21
18024420239390538,17841407868310918,kan_news,"כאן חדשות","40 שיגורים לחיפה והקריות: ארבעה פצועים בהם אחד במצב קשה

Chen Beyar 
צילום: סהר עמר",7,"10/09/2024 03:41",https://www.instagram.com/reel/DA5oAuUMpHI/,"IG reel",,Lifetime,63782,36238,606,112,2,48,17
18039904499472770,17841407868310918,kan_news,"כאן חדשות","טרור בלב העיר: 6 פצועים בפיגוע דקירה ב-4 זירות בחדרה, המחבל נוטרל בירי",0,"10/09/2024 02:59",https://www.instagram.com/p/DA5jQPcun-E/,"IG image",,Lifetime,408403,275781,2256,330,20,169,55
17941821833899611,17841407868310918,kan_news,"כאן חדשות","כשבוע לפיגוע הרצחני ביפו, בעלה של ענבר שגוננה על בנם התינוק חוזר לזירה - ולתיעוד המצמרר שלו מחפש אחריה לעיני מצלמת כאן חדשות
@oferhalfono",331,"10/09/2024 00:24",https://www.instagram.com/reel/DA5Q1kKyT_4/,"IG reel",,Lifetime,83911,52326,2308,207,16,205,143
18255734491269675,17841407868310918,kan_news,"כאן חדשות","המסר של צה""ל לסינוואר👇

כתב ערוץ ""אל-ערבי"" דיווח שצה""ל פיזר כרוזים במוואסי שבאזור ח'אן יונס בדרום רצועת עזה ובהם הזהיר את התושבים מלהצטרף לארגוני הטרור הפלסטיניים - ואיים בחיסול סינוואר",0,"10/09/2024 00:17",https://www.instagram.com/p/DA5QvUjNzJy/,"IG carousel",,Lifetime,63106,40645,2448,66,0,74,41
18058884547745416,17841407868310918,kan_news,"כאן חדשות","התפוררות בין השורות 

בנאום השני של נעים קאסם, הפנים החדשות של חיזבאללה, הוא ניסה לשדר עסקים כרגיל. אבל בין השורות אפשר להבין שהארגון החליט לחתוך הפסדים. פחות משבועיים אחרי חיסול נסראללה, כבר אפשר לראות את נתיב המילוט. מי היה מאמין. לפרשנות של רועי קייס >>

@roikais",0,"10/08/2024 12:15",https://www.instagram.com/p/DA3-DSipJFQ/,"IG carousel",,Lifetime,105269,56201,1972,44,2,132,63
18290483080231272,17841407868310918,kan_news,"כאן חדשות","נפתחה חקירה פלילית נגד השר חיים ביטון מש""ס בחשד למימון עיתון מפלגתי מתקציב משרד החינוך. ביטון שימש בתפקידו הקודם כמנכ""ל רשת ""מעיין החינוך התורני"" - גוף חינוך ציבורי ששייך לתנועת ש""ס וממומן מכספי המיסים. לפי החשד, ביטון העביר כספים מרשת ""מעיין החינוך התורני"" למימון עיתון ""הדרך"" - עיתון פרטי המזוהה עם מפלגת ש""ס.

לפי החשד, המימון נעשה בין היתר באמצעות משכורת של עובדת ברשת. העובדת עבדה שעות נוספות עבור הרשת וקיבלה עבורן משכורת ששולמה על ידי המדינה. אולם, בפועל העובדת לא עסקה בשעות אלו בחינוך הילדים, אלא בעריכת העיתון הפרטי של ש״ס. חלק מהשכר עבור עריכת העיתון הועבר אל העובדת דרך בית דפוס פרטי שנותן שירות לרשת. 

עם זאת, העובדת לא קיבלה את התשלום והגישה תביעה נגד רשת ""מעיין"", שהייתה המעסיק, ונגד העיתון. תחילה, הרשת והעיתון ניסו להתנער וטענו: ""אנחנו לא קשורים לנושא"". אולם, לאחר שהעובדת ביקשה גילוי מסמכים במסגרת התביעה, הרשת הצהירה שתשלם את החוב ותהיה ערבה לו. כך רשת החינוך של ש״ס, שמתוקצבת על ידי המדינה, התחייבה בבית המשפט לממן את חובות העיתון המפלגתי הפרטי של ש""ס ""הדרך"".

ברשת החינוך של ש״ס טענו שקיבלו אישור מהיועצת המשפטית לממשלה למימון הזה. היועמ״שית הבהירה במענה לפניית כאן חדשות: מעולם לא אישרתי דבר כזה.

הרשת הציעה לשלם מאות אלפי שקלים כדי למנוע חשיפת מסמכים הקושרים אותה למימון העיתון. בפרשה נחשד גם יוסף חיים, מקורבו של יו""ר ש""ס אריה דרעי, לצד דמויות נוספות בעיתון המפלגתי. הפרשה נחשפה בכאן חדשות כבר לפני כשנתיים, אך רק כעת נפתחה בפועל החקירה הפלילית. 

מטעמו של השר חיים ביטון סירבו להגיב, אך הודיע שבכוונתו להגיש תביעה לאחר החשיפה.

@avishaigrinzaig",0,"10/08/2024 11:31",https://www.instagram.com/p/DA35Gg6RPwZ/,"IG image",,Lifetime,72059,52447,1426,118,2,161,43
18149040976330762,17841407868310918,kan_news,"כאן חדשות","צה""ל איתר מנהרה באורך 20 מטרים - שחוצה את הגבול עם לבנון, כך ש-10 מטרים ממנה נמצאים בתוך שטח ישראל. המנהרה אותרה בגזרה המערבית כשהיא עודנה בתהליך בנייה וחסומה בסלע בקצה. היא מולכדה בידי הכוחות. בצה""ל אומרים שידעו על המנהרה כבר מספר חודשים, אך לא רצו לחשוף אותה לפני התמרון הקרקעי, כדי שבחיזבאללה לא יידעו מזה. על פי הערכות, המנהרה חדשה יחסית ונחפרה בשנתיים האחרונות.

בצה""ל הוסיפו שמתחילת התמרון הקרקעי בגבול לבנון חוסלו כ-450 מחבלי חיזבאללה. בכפרים כילא ובל עדייסה נמצאו אמצעי לחימה ותשתיות תת קרקעיות. במארון א-ראס הושמדה כמות גדולה של מחסנים בהם היו אמצעי לחימה. בצה""ל אמרו שהתמרון הקרקעי נועד בכדי ""לארגן מחדש את המרחב"" על הגבול סמוך ליישובים הישראליים"".

@itayblumental 
צילום: יוסי זמיר, פלאש 90",0,"10/08/2024 08:59",https://www.instagram.com/p/DA3nttouEtL/,"IG image",,Lifetime,88145,63016,2564,326,3,84,71
18123171481383485,17841407868310918,kan_news,"כאן חדשות","ספר חדש של העיתונאי הוותיק בוב וודוורד חשף את דבריו הקשים של הנשיא ביידן על נתניהו בשיחות סגורות. ""אני יודע שהוא הולך לעשות משהו, אבל הדרך שבה אני מגביל את זה היא להגיד לו 'אל תעשה כלום'"", אמר ביידן ליועציו הקרובים. במפגש נוסף אמר ביידן: ""הבן **** הזה, ביבי נתניהו, הוא בחור רע. הוא בחור רע"".

הספר חשף גם את פרטי השיחות בין הנשיא האמריקני לנתניהו בשנה האחרונה. באחת מהן למשל, ביידן זעם על נתניהו לאחר חיסול רמטכ""ל חיזבאללה פואד שוכר: ""ביבי, מה לעזאזל? אתה יודע שהתפיסה של ישראל ברחבי העולם היא יותר ויותר שאתם מדינה שמאיימת על שלום העולם, נוכלת"". לכך השיב ראש הממשלה: ""היעד הוא אחד המחבלים המובילים. ראינו הזדמנות וניצלנו אותה. ככל שתפגע חזק יותר, כך תצליח יותר במשא ומתן"".

בחודש אפריל, לפני כניסת צה""ל לרפיח - וברקע הביקורת האמריקנית על המהלך, שאל ביידן את נתניהו: ""מה האסטרטגיה שלך, בנאדם?"". ראש הממשלה השיב: ""אנחנו צריכים להיכנס לרפיח"". לכך ענה ביידן: ""ביבי, אין לך אסטרטגיה"".

וודוורד הביא בספרו גם מידע על הקשר בין נשיא ארצות הברית לשעבר דונלד טראמפ לנשיא רוסיה ולדימיר פוטין, כולל בתקופה שלאחר כהונתו של טראמפ בבית הלבן. לפי ספרו של וודוורד, השניים שוחחו מספר פעמים, ואף התברר כי בתחילת מגפת הקורונה, טראמפ שלח לפוטין ערכה לגילוי הנגיף, שהייתה נדירה באותה התקופה. 

@amichaistein
צילום: AP",0,"10/08/2024 07:59",https://www.instagram.com/p/DA3gzVCIE9L/,"IG image",,Lifetime,102992,70686,2512,421,3,350,141
17996222450698501,17841407868310918,kan_news,"כאן חדשות","דגל ישראל מונף במארון א-ראס שבדרום לבנון

Itay Blumental Akiva Novick 
צילום: צוות אביר 91 ביחידת הבלנ""מ",26,"10/08/2024 06:42",https://www.instagram.com/reel/DA3X8B3NlPs/,"IG reel",,Lifetime,125937,77888,5889,512,50,1127,151
17920009214988896,17841407868310918,kan_news,"כאן חדשות","יונתן שימריז: ""אלון מת אדם חופשי. אם הוא הצליח לעשות את מה שהוא עשה, מי אני שאוותר?""
#המנגנון @shaulams",36,"10/08/2024 04:31",https://www.instagram.com/reel/DA3I6z-pvvg/,"IG reel",,Lifetime,119953,74557,4709,319,26,191,137
18016175924627221,17841407868310918,kan_news,"כאן חדשות","ריקי, שביתה נפגע במטח הכבד לחיפה: ""הבן שלי היה לבד בבית. העיקר שאנחנו חיים""
Shany Weitzman Maizel Michal Wasserman",18,"10/08/2024 03:49",https://www.instagram.com/reel/DA3EH7AiB6M/,"IG reel",,Lifetime,43326,30766,542,29,21,135,17
18123129658384637,17841407868310918,kan_news,"כאן חדשות","תיעוד: פגיעה בבית ספר בצפון במטח האחרון לחיפה והקריות
רובי המרשלג",10,"10/08/2024 03:14",https://www.instagram.com/reel/DA3AIstNLuX/,"IG reel",,Lifetime,82929,50584,848,260,22,150,35
17878121826157472,17841407868310918,kan_news,"כאן חדשות","מטחים כבדים לאזור חיפה והקריות, עשרות יירוטים של מערכות ההגנה האווירית 
Hadas Grinberg",23,"10/08/2024 03:13",https://www.instagram.com/reel/DA3ABDnqj-t/,"IG reel",,Lifetime,50245,35192,803,43,25,127,25
18064164445648760,17841407868310918,kan_news,"כאן חדשות","שינוי מגמה בדרך לעסקה?👇

שורת רבנים מובילים מהציונות הדתית ניסחו היום מכתב עליו חתמו ובו קראו להשבת החטופים ""בכל דרך שתידרש וככל האפשר גם בהסכם אחראי"".

""אנו, רבני ישראל מהעיר ומההתיישבות, שומעים את קול אחינו ואחיותינו החטופים תועקים אלינו ממנהרות החמאס, מיוסרים ברעב ובחרפה"", כך נכתב, ""אנו מחזקים את הממשלה להעצים את פעולותיה בנחישות, ללא דיחוי להשבת כל החטופים, בכול דרך שתידרש, וככל שאפשר גם בהסכם אחראי"".

הרבנים החתומים על המכתב הם: הרב יעקב אריאל, הרב שמואל אליהו, הרב אליקים לבנון, הרב יגאל לוינשטיין, הרב יהושע שפירא, הרב דודי דודקביץ', הרב חננאל אתרוג, הרב חיים גנץ, הרב אורי שרקי, הרב יוסף צבי רימון, הרב דוד פנדל, הרב אריאל בראלי והרב אוהד קרקובר.

זוהי הפעם הראשונה בה רבנים מהציונות הדתית קוראים לשקול עסקה. הצהרה כזאת היא משמעותית בעיקר בגלל קרבתם של הרבנים לשר האוצר, בצלאל סמוטריץ', שהתבטא לא פעם בקולו והבהיר כי השבת חטופים היא לא המטרה העיקרית במלחמה.

Dikla Aharon
צילום: פלאש90",0,"10/08/2024 01:33",https://www.instagram.com/p/DA20m0pOIcx/,"IG carousel",,Lifetime,44792,29039,1513,51,0,83,34
17899377902984875,17841407868310918,kan_news,"כאן חדשות","עברה שנה, השקט נשאר עד היום: ג’סיקה, בת זוגו של בן שמעוני ז”ל, ואחיו אבינועם מספרים על ההתמודדות עם האובדן ועל הגבורה של בן שחזר שלוש פעמים לתופת בניסיון להציל כמה שיותר מבלים בנובה
@anna.pines",86,"10/07/2024 22:19",https://www.instagram.com/reel/DA2eSB_IISZ/,"IG reel",,Lifetime,75430,53441,2247,27,20,112,72
17907086348947670,17841407868310918,kan_news,"כאן חדשות","צה""ל התיר הבוקר לפרסום כי סמ""ר נועם ישראל עבדו, בן 20 מקדימה צורן, לוחם מגדוד 17 (הכשרת מכ""ים) של חטיבת ביסל""ח, ששירת כלוחם בגדוד 12 של גולני, נפל אתמול בקרב בצפון רצועת עזה. בכך עלה מניין חללי צה""ל מתחילת המלחמה ל-730. באותו אירוע נפצע קשה לוחם מגדוד 17
@itayblumental @carmelamenashe",0,"10/07/2024 20:12",https://www.instagram.com/p/DA2P6reIVOl/,"IG image",,Lifetime,77808,61667,3531,177,1,225,41
18061466326610330,17841407868310918,kan_news,"כאן חדשות","איך ייתכן שלא הוגש אפילו כתב אישום אחד נגד מחבלי נוח'בה בגין עבירות המין שהם ביצעו ב-7 באוקטובר? 💔
@dikla_aharon",54,"10/07/2024 12:30",https://www.instagram.com/reel/DA1a8mbu-xI/,"IG reel",,Lifetime,50102,37099,545,15,5,81,22
18015978167323845,17841403904946515,kan_israel,"כאן | תאגיד השידור הישראלי","גם זה קרה היום בתוך הכאב והזיכרון",115,"10/07/2024 12:20",https://www.instagram.com/reel/DA1Za1XNLde/,"IG reel",,Lifetime,94108,60311,993,122,17,64,0
18041718041481317,17841407868310918,kan_news,"כאן חדשות","אל""מ במיל' יוסי כהן הוא מפקד מפקדת ""עבודת קודש"" שאנשיה פינו וזיהו את גופות הנרצחים ב-7 באוקטובר. בחלק מהמקרים המפקדה נעזרה בארכיאולוגים לזיהוי שרידי גופות שרופות 
@itsik_z @kerenuzan1",58,"10/07/2024 11:51",https://www.instagram.com/reel/DA1WcfJJjtN/,"IG reel",,Lifetime,78233,51842,1620,214,13,183,78
17917038314993430,17841407868310918,kan_news,"כאן חדשות","גם שרים שישבו לצידו של נתניהו בשולחן הממשלה, הרימו גבה ברגע שרה""מ הודיע על שם המלחמה החדש. אחדים מהם הזכירו לנתניהו שהשם ""מלחמת התקומה"" אותו הוא מבקש לקבוע במקום ""חרבות ברזל"", הוא שם נרדף לשם ישן, מוכר, של מלחמה אחרת. הטור של מיכאל שמש >>",0,"10/07/2024 10:11",https://www.instagram.com/p/DA1LKDMIoYt/,"IG carousel",,Lifetime,138616,78668,3833,186,2,389,156
18046688551822660,17841407868310918,kan_news,"כאן חדשות","דיווח סעודי: יחי סינוואר חי - ויצר קשר עם הנהגת חמאס בקטר

@omershahar10
צילום: Abed Rahim Khatib/Flash90",0,"10/07/2024 09:43",https://www.instagram.com/p/DA1H3FkKrs3/,"IG image",,Lifetime,67080,50037,1077,81,1,254,19
18358097113136750,17841403904946515,kan_israel,"כאן | תאגיד השידור הישראלי","הגרי לא הצליח להבין את תמונת המצב באותו בוקר

מחר נשדר את הפרק השלישי של #היום_שלא_נגמר אחרי החדשות בכאן 11 ובכאן BOX",72,"10/07/2024 09:28",https://www.instagram.com/reel/DA1F87mOMMK/,"IG reel",,Lifetime,271651,156564,9180,555,68,413,0
17941658534871154,17841407868310918,kan_news,"כאן חדשות","כמעט חצי מהשיחות למוקד 100 לא נענו ב-7 באוקטובר 

לפי נתונים שנמסרו מהמשטרה לעמותת ""הצלחה"", ב-7 באוקטובר 2023 התקשרו למוקד 100 יותר מ-133,500 פעמים. למרות שהמשטרה ענתה ביום המתקפה למספר שיחות כפול מהממוצע היומי, 55,331 שיחות למוקד נותרו ללא מענה - והאזרחים שניסו להזעיק את המשטרה חיכו על קו הטלפון לשווא. 

ממשטרת ישראל נמסר: ""לאורך כל היום ובתוך העומס והתנאים הבלתי אפשריים שנוצרו בבוקר מתקפת הטרור, הצליחו מוקדני המשטרה לענות ל-80,766 שיחות המהווים למעלה מ-60 אחוזים - נתון ראוי לציון ביום של מתקפת טרור חריגה ותקדימית. צר לנו שלאחר פעילותם הראויה לכל שבח של השוטרים שבמעשיהם הצילו חיי אדם רבים, אלו הטענות שהערוץ בחר לעלות""

@moshestainmetz 
צילום: פלאש 90",0,"10/07/2024 09:03",https://www.instagram.com/p/DA1DXZBqnF_/,"IG image",,Lifetime,74314,57958,2673,98,0,95,104
17972466734644254,17841407868310918,kan_news,"כאן חדשות","רמי דוידיאן: ""לא נשאר אפילו זכר מרמי של 6 באוקטובר. כל נסיעה ליד מיגונית מקפיצה אותי, אולי יש פה עוד מישהו""
@lielkyzer @shaulams",64,"10/07/2024 09:00",https://www.instagram.com/reel/DA1C8MIsb-k/,"IG reel",,Lifetime,104401,74221,4281,314,14,173,119
17976444404775779,17841407868310918,kan_news,"כאן חדשות","""דופקים לנו בדלת"": השיחה של מיכל רבינוביץ' עם תושבת סופה ב-7 באוקטובר
#היוםלפני",56,"10/07/2024 08:30",https://www.instagram.com/reel/DA0_iL_tmYG/,"IG reel",,Lifetime,52143,35282,763,66,12,36,43
18368421685111970,17841407868310918,kan_news,"כאן חדשות","חיל האוויר יירט בהצלחה טיל קרקע-קרקע ששוגר מתימן 

@itayblumental 
צילום: Dor Pazuelo/Flash90",0,"10/07/2024 07:54",https://www.instagram.com/p/DA07cKiKjRZ/,"IG image",,Lifetime,69536,51904,1428,32,0,51,27
18328447786196055,17841460263311897,kan.tarbut,"כאן תרבות | כאן הסכתים","השנה האחרונה שינתה אותנו. זה ברור לכל מי שחי כאן, המבטים שלנו שונים, השיחות שאנחנו מנהלים זה עם זה שונות ואפילו המוזיקה שאנחנו שומעים השתנתה. כדי להבין את עומק השינוי, כאן תרבות וכאן חדשות ערכו סקר עומק של החברה הישראלית. 
בתוכנית מיוחדת של ""גם כן תרבות"", גואל פינטו צלל לנתוני הסקר על מצבנו האישי והלאומי, בניסיון להבין מה קרה לחברה הישראלית בשנה שבעקבות ה-7.10.
הישראלים בשנה האחרונה סובלים הרבה יותר מחרדה, מחוברים יותר לישראליות ולדת, נמצאים במשבר בזוגיות וגם במשבר ביחסי יהודים וערבים. מה זה אומר עלינו כחברה כשכשליש מהישראלים שקלו לעזוב, וכשחמש עשרה אחוז מאיתנו יצאו להפגין לפחות פעם אחת למען השבת החטופים.

מרואיינים: דודי חסיד, פרופ' נסים מזרחי, פרופ' ברוריה עדיני, ד""ר נסרין חדאד חאג' יחיא, תהל פרוש, שרי אופיר לביא ופרופ' סם ליימין ווילציג

קישור לתוכנית המלאה בסטורי של כאן תרבות",0,"10/07/2024 07:24",https://www.instagram.com/p/DA04A1gI7I4/,"IG carousel",,Lifetime,100925,52037,2822,471,36,119,0
18046854673960606,17841407868310918,kan_news,"כאן חדשות","עשרות ליוו את ויקטור שמשון גרין, דר רחוב שנרצח בפיגוע ביפו, בדרכו האחרונה. ויקטור בן ה-33 עלה ארצה רק לפני כשנתיים ומכריו מספרים שחייו היו לא פשוטים. אחיו יואל היה בן המשפחה היחיד שהגיע להלוויתו, לאחר שאמו לא הצליחה להשיג טיסה לארץ. 

פרטי הלוויה הופצו ברשתות החברתיות בקריאה להגיע ולכבד את ויקטור - ועשרות נענו וליוו אותו בדרכו האחרונה. ויקטור נקבר בבית עלמין בבאר שבע, שם קבור גם אביו. יהי זכרו ברוך

@asaf_pozailov",0,"10/07/2024 07:10",https://www.instagram.com/p/DA02X58qMOd/,"IG image",,Lifetime,90747,66748,4154,23,0,65,39
18015793094333452,17841407868310918,kan_news,"כאן חדשות","ב-7 באוקטובר אלי נסע לדרום להציל את עידן - אבל פספס אותו רק בכמה דקות. מאז, במשך שנה שלמה, הוא נלחם על החזרת בנו הביתה בכל דרך אפשרית: הוא נסע לאו""ם, שבת רעב ואפילו רץ לתוך עזה. היום הוא התבשר שבנו האהוב למעשה נרצח ב-7 באוקטובר 2023, וגופתו נחטפה ומוחזקת בשבי חמאס
Natalie Metuko",49,"10/07/2024 06:52",https://www.instagram.com/reel/DA00UhWh_qy/,"IG reel",,Lifetime,64430,41672,1540,34,5,44,53
18328296934150610,17841407868310918,kan_news,"כאן חדשות","🥀
6:29, שנה לטבח: מרכינים ראש לזכר הנרצחים",89,"10/07/2024 06:32",https://www.instagram.com/reel/DA0yBxcpivd/,"IG reel",,Lifetime,35232,25907,810,18,4,63,17
18076907974499683,17841403904946515,kan_israel,"כאן | תאגיד השידור הישראלי","The time is 16:00. On the morning of October 7th, dozens of terrorists invaded the neighborhood of Neta Epstein and Irene Shavit in kibbutz Kfar Aza. They went door to door, abducting and massacring young people, and threw four grenades into the apartment of Neta and Irene. Neta jumped on one of the grenades and saved Irene’s life.

The terrorists went in and out of the house several times, fought IDF soldiers from inside the house, and fired at neighbors’ apartments. Throughout the entire time, Irene hid next to Neta’s body

Around 16:00 IDF soldiers arrived at the house and rescued Irene under fire. She was one of the first to be evacuated from the kibbutz

השעה 16:00

אירן שביט מחולצת ע”י כוחות צה”ל תחת אש אחרי שהסתתרה מאחורי גופתו של בן זוגה נטע אפשטיין. אירן ונטע חגגו את שמחת תורה בדירתם שבשכונת “דור צעיר” בקיבוץ כפר עזה. בבוקר החג, הגיעו עשרות מחבלים לשכונה ועברו בית אחר בית חטפו וטבחו בצעירים.

לדירתם של נטע ואירן הם זרקו ארבעה רימונים. נטע קפץ על אחד מהם והציל את חייה של אירן. במשך שעות ארוכות שכבה אירן מאחורי גופתו, היא היתה הראשונה שחולצה מקיבוץ כפר עזה.

לסיפורים נוספים גלשו לביו שלנו ❤️‍🩹",0,"10/07/2024 06:14",https://www.instagram.com/p/DA0v8HMNYAs/,"IG carousel",,Lifetime,130244,71132,1952,73,3,23,0
18069597472527190,17841407868310918,kan_news,"כאן חדשות","היום לפני שנה: התמונות מהנובה החלו לזרום - ומאז לא יוצאות למדינה שלמה מהראש. מסיבת טבע שמחה הפכה לטבח המוני, המבלים הפסיקו לרקוד והחלו להימלט מהמחבלים 
#כאןחדשות710 @itayblumental @rabinovichmichal",47,"10/07/2024 06:02",https://www.instagram.com/reel/DA0uk2yv6dp/,"IG reel",,Lifetime,87917,57736,1817,138,18,303,97
17901645363054689,17841407868310918,kan_news,"כאן חדשות","מה דעתכם?

נתניהו בישיבת הממשלה: מציע לקרוא למלחמה שהחלה ב-7 באוקטובר - ""מלחמת התקומה""

@shemeshmicha 
צילום: פלאש90",0,"10/07/2024 04:28",https://www.instagram.com/p/DA0j3MPuSj5/,"IG image",,Lifetime,55060,42925,1048,134,0,521,23
18043104539112200,17841464234747957,kan_reshetb,"כאן רשת ב","“אמרו לנו בחודשים האחרונים שסינוואר לא רוצה עסקה. איפה מדינת ישראל שתעשה הכול ותערים עליו קשיים כדי שהוא ירצה? יש הרגשה שנוח לכולם שסינוואר לא רוצה”: שירה אלבג, אמא של לירי אלבג שחטופה בעזה ואיילת לוי, אמא של נעמה לוי שחטופה בעזה
#סדריום",0,"10/07/2024 04:19",https://www.instagram.com/p/DA0i1tdou_b/,"IG carousel",,Lifetime,33974,22065,1077,40,1,22,0
17858257005266650,17841464234747957,kan_reshetb,"כאן רשת ב","משפחתה של גל עבדוש ז”ל גילתה על הרצח שלה בנובה בעקבות תיעוד קשה שצולם במקרה, סרטון שקיבל את הכינוי “האישה בשמלה השחורה”. ספיר, אחותה של גל: “ההורים לא ידעו עליו בשבעה. אמא עד היום לא צפתה בו”
#סדריום",0,"10/07/2024 03:16",https://www.instagram.com/p/DA0bludI8rN/,"IG carousel",,Lifetime,181611,101077,3271,165,20,131,0
18042394253029492,17841407868310918,kan_news,"כאן חדשות","אביו של עידן שתיוי מספר על הרגע בו בישרו לו שבנו נרצח: ""הייתי בטוח שבאים להגיד לי שהוא שוחרר. אני אמשיך את המלחמה שלי, לא תהיה הלוויה עד שהגופה שלו תחזור""

@yoavborowitz",84,"10/07/2024 02:51",https://www.instagram.com/reel/DA0YstCqkcG/,"IG reel",,Lifetime,80154,52291,2710,104,6,126,59
17991414347706335,17841464234747957,kan_reshetb,"כאן רשת ב","בלתי מעורבים בעזה? החטאים, ההתעללויות והאונס מזכירים את ימי התנ”ך | איפה אלוהים היה ב-7 באוקטובר? 

חפשו בזמן הזה באפליקציית כאן וביוטיוב של כאן חדשות",80,"10/07/2024 01:43",https://www.instagram.com/reel/DA0Ln4kIK2Y/,"IG reel",,Lifetime,22695,18901,194,11,7,17,0
18254699365248728,17841407868310918,kan_news,"כאן חדשות","הלב נשבר לרסיסים: רחל, אמו של עוז עזרא משה ז""ל, זועקת ליד תמונתו במתחם הנובה💔🕯

צילום: בר פלג, ""הארץ""",15,"10/07/2024 00:00",https://www.instagram.com/reel/DA0FKaxsvXn/,"IG reel",,Lifetime,1397730,820388,49247,4689,1393,48549,1660
17845297761305249,17841407868310918,kan_news,"כאן חדשות","06:29, החניון ברעים שבו נערכה מסיבת נובה - שנה אחרי, עדיין תחת אזעקות 
@anna.pines",80,"10/06/2024 23:26",https://www.instagram.com/reel/DA0BGJDIQRI/,"IG reel",,Lifetime,60017,40549,1699,52,6,94,52
18170798896308127,17841407868310918,kan_news,"כאן חדשות","יהי זכרו ברוך💔",0,"10/06/2024 22:27",https://www.instagram.com/p/DAz6gPvIz5l/,"IG image",,Lifetime,45298,33042,1732,28,0,49,8
17881076301137771,17841407868310918,kan_news,"כאן חדשות","הדקות הראשונות של היום הנורא מכל #כאןחדשות710 #היוםלפני",47,"10/06/2024 20:29",https://www.instagram.com/reel/DAztBkIhPFn/,"IG reel",,Lifetime,56112,37706,1106,30,0,36,62
17914779474002857,17841407868310918,kan_news,"כאן חדשות","צה""ל התיר היום לפרסום כי רס""ר במילואים, איתי אזולאי, בן 25 מאורנית, לוחם ביחידת הניוד 5515, נפל בקרב בגבול לבנון. אזולאי נפגע סמוך לגבול מפגיעת פצצת מרגמה. 

יהי זכרו ברוך",0,"10/06/2024 20:07",https://www.instagram.com/p/DAzqhWGIfdI/,"IG image",,Lifetime,109845,79855,3623,248,6,212,34
18064325860632647,17841407868310918,kan_news,"כאן חדשות","תזכורת להתמגן בזמן אזעקה 🚨

חמישה שיגורים זוהו לעבר חיפה, בן 13 נפצע באורח בינוני מרסיסים, חמישה נוספים נפצעו באורח קל. צה""ל מתחקר את ניסיונות היירוט שלא צלחו",40,"10/06/2024 14:49",https://www.instagram.com/reel/DAzGDQdPpnQ/,"IG reel",,Lifetime,127844,72894,2060,444,28,171,139
17881662225112915,17841407868310918,kan_news,"כאן חדשות","איפה הייתם ב-6.10? נעם פרי, בתו של חיים פרי שנחטף ונרצח בעזה, סיפרה על החוויות האחרונות עם אביה לפני היממה ששינתה את הכול: ""הערב לפני שנה, אירחתי את כל המשפחה, ואבא שלי סיפר בפעם הראשונה את הסיפור שלו ממלחמת יום כיפור. בשעה הזו בשנה שעברה עוד ישבנו והקשבנו לו. נפרדנו ממנו בסוף הערב הזה בחיבוק, בנשיקה ובאהבה גדולה""

@anna.pines",0,"10/06/2024 12:08",https://www.instagram.com/p/DAyztzeNrjA/,"IG image",,Lifetime,105448,80948,4925,218,3,44,120
17924399303967642,17841407868310918,kan_news,"כאן חדשות","כוננות שיא בישראל בעקבות עשרות התרעות לפיגועים מחר ביום השנה לטבח - וההחלטה שהתקבלה במערכת הביטחון: סגר מלא על השטחים למשך יממה

@itayblumental 
📷: מרים אלסטר, פלאש90",0,"10/06/2024 11:25",https://www.instagram.com/p/DAyuzaDIsoM/,"IG carousel",,Lifetime,117191,65150,2913,927,7,72,122
18417722314073392,17841407868310918,kan_news,"כאן חדשות","*אזעקה מוקלטת*
""זה מה שקורה בצפון"": כך זה נראה כשירי מלבנון קוטע את הדיווח של כתבנו @rubih",17,"10/06/2024 10:47",https://www.instagram.com/reel/DAyqbp-NRr8/,"IG reel",,Lifetime,72851,42959,875,17,10,32,31
18026046011145823,17841407868310918,kan_news,"כאן חדשות","שני האחים נחטפו לעזה – והופרדו זה מזה: ספיר כהן ששוחררה מהשבי מספרת לראשונה לאימם של איתן ויאיר הורן על הרגעים המצמיתים במנהרת חמאס | הכתבה המלאה – הערב בחדשות הערב
@nofarji",65,"10/06/2024 09:11",https://www.instagram.com/reel/DAyfWDztN-l/,"IG reel",,Lifetime,84426,48563,1805,67,8,39,102
18149408314329562,17841407868310918,kan_news,"כאן חדשות","מספר רקטות נורו לאיזור מעלות תרשיחא שבגליל המערבי, נפילה של אחת מהן גרמה לשריפה בחצר בית - עד כה לא דווח על נפגעים

@rubih",17,"10/06/2024 08:01",https://www.instagram.com/reel/DAyXWXbPdgL/,"IG reel",,Lifetime,59272,40277,813,98,12,63,40
17853678672291778,17841407868310918,kan_news,"כאן חדשות","דובר צה""ל מספר: למה קוראים למלחמה ""חרבות ברזל""?

הריאיון עם דניאל הגרי - בתוכנית ""היום שלא נגמר"" בכאן 11",29,"10/06/2024 08:00",https://www.instagram.com/reel/DAyXTzIPhfb/,"IG reel",,Lifetime,93929,52084,2499,68,6,83,149
18039930185490499,17841407868310918,kan_news,"כאן חדשות","הותר לפרסום: סמ""ש שירה חיה סוסליק ז""ל, בת 19 מבאר שבע, סיירת במג""ב דרום, נפלה בהתקלות עם מחבל בפיגוע שארע היום בתחנה המרכזית בעיר. היא הותירה אחריה הורים ו-3 אחים.
יהי זכרה ברוך🕯",0,"10/06/2024 07:14",https://www.instagram.com/p/DAySG4fs05p/,"IG image",,Lifetime,376638,269263,3520,260,10,158,36
18073694920519320,17841407868310918,kan_news,"כאן חדשות","הותר לפרסום: רס""ל (במיל') ניר חדד ז""ל, בן 28 מפתח תקווה, לוחם מגדוד חש""ן 129 בחטיבה 8, נפטר מפצעיו לאחר שנפצע באורח קשה באמצע חודש יוני השנה מפיצוץ מטען בצפון רצועת עזה.
יהי זכרו ברוך🥀",0,"10/06/2024 06:19",https://www.instagram.com/p/DAyLugtRPSm/,"IG image",,Lifetime,53351,40017,1592,49,0,77,9
17954671652829397,17841407868310918,kan_news,"כאן חדשות","אותו המקום, 9 שנים אחרי: תושב הפזורה שביצע את הפיגוע במרכזית ב""ש היום, בו נרצחה צעירה ונפצעו עוד שמונה - הוא בן משפחתו של המחבל שרצח את סמל עומרי לוי ז""ל באותה תחנה ב-2015

📷: דוברות איחוד הצלה",0,"10/06/2024 06:11",https://www.instagram.com/p/DAyK2m8xnMP/,"IG image",,Lifetime,78934,55956,1838,86,0,150,47
18081460822468548,17841407868310918,kan_news,"כאן חדשות","צעירה בשנות ה-20 לחייה נרצחה ו-8 אנשים נפצעו בפיגוע בתחנה המרכזית בבאר שבע. על פי החשד, מחבל שהגיע לסניף מקדונלד'ס פתח בירי לכל עבר עד שחוסל על ידי כוחות הביטחון. עד כה פונו לסורוקה 2 פצועים במצב קשה, 4 במצב בינוני ו-2 במצב קל.

המחבל הוא אחמד סעיד סלימאן אלעוקבי, בן 29, תושב עוקבי שליד חורה, אזרח ישראלי בעל רישום פלילי. אלעוקבי הוא בן משפחתו של המחבל שרצח את החייל עומר לוי ב-2015, באותה תחנה מרכזית, מוהנד אלעוקבי.

יהי זכרה ברוך🕯",0,"10/06/2024 05:20",https://www.instagram.com/p/DAyFAq_RzWB/,"IG image",,Lifetime,63741,47287,1389,64,1,44,15
17855935464289237,17841407868310918,kan_news,"כאן חדשות","פיגוע קשה בתחנה המרכזית בבאר שבע: מחבל הגיע לסניף מקדונלד'ס ופתח בירי לכל עבר, גרם לפציעתם של מספר אנשים לפני שחוסל על ידי כוחות הביטחון.

על פי דיווחי מד""א, האירוע מתפרס על שתי זירות: האחת סמוך לסניף מקדונלד'ס, והשנייה ברחוב שמריהו לוין. ישנם עשרה נפגעים: נרצחת, פצוע אחד במצב קשה; 5 פצועים במצב בינוני; ו-2 פצועים קל ועוד נפגע חרדה. סך הכל מדובר ב-10 נפגעים.

חובשים ופראמדיקים של מד""א ממשיכים להעניק טיפול רפואי בזירת האירוע ולפנות את הנפגעים לבית החולים. משטרת ישראל אישרה כי מדובר בפיגוע וכי המחבל חוסל בזירה. כוחות משטרה רבים של המחוז הדרומי נמצאים במקום ופועלים לאבטחת האזור ולחקירת נסיבות האירוע.

בשלב זה, נראה כי האירוע התמקד בירי שביצע המחבל, אך פרטי האירוע עדיין בבדיקה. חוקרי המשטרה ממשיכים לאסוף ראיות ועדויות מהזירה.

מנכ""ל מד""א מסר בראיון לכאן רשת ב כי מדובר בשתי זירות עם פצוע אנוש, פצוע במצב בינוני ופצוע קל. צוותי מד""א מעניקים טיפול רפואי במקום, כולל ביצוע פעולות החייאה.

משטרת ישראל אישרה כי מדובר בחשד לפיגוע. כוחות משטרה רבים של המחוז הדרומי הגיעו למקום. על פי הדיווחים, המחבל נוטרל בזירה. בשלב זה, הרשויות עדיין מנסות לברר את אופי הפיגוע - האם מדובר באירוע ירי, דקירה או שילוב של השניים.",0,"10/06/2024 04:48",https://www.instagram.com/p/DAyBSnbuOuT/,"IG image",,Lifetime,59644,45872,1475,112,2,68,27
17843863260320636,17841464234747957,kan_reshetb,"כאן רשת ב","רגע, רגע, רגע: השרה רגב טענה שהשתתפה בישיבת הקבינט בערב המתקפה האיראנית – או שבעצם לא?",68,"10/06/2024 02:08",https://www.instagram.com/reel/DAxuyPvI8r7/,"IG reel",,Lifetime,88877,56806,1648,624,14,330,0
18025303742581632,17841407868310918,kan_news,"כאן חדשות","ויקטור שמשון גרין, דר רחוב בן 33, שהתגורר במעון גגון ביפו הוא הנרצח השביעי בפיגוע הירי ביפו. יהי זכרו ברוך🕯

צילום: פלאש90",0,"10/06/2024 01:20",https://www.instagram.com/p/DAxpkNPOR-L/,"IG image",,Lifetime,70566,53023,3378,42,0,140,29
18323027308159689,17841464234747957,kan_reshetb,"כאן רשת ב","אורית, אימו של רב”ט טל דרור שנהרג מפגיעת כטב”ם מעיראק: “ב-3:30 התעוררתי מהתרעה על כטב”ם בגולן, מיד סימסתי לו והיה וי אחד, חשבתי שהוא במיגונית. ב-6:30 הגיעו קציני נפגעים. הוא היה חכם בצורה בלתי רגילה וטוב לב; הציל ילדים מחרם ודאג לשבת עם הומלס, כי הרגיש שהוא בודד”",0,"10/05/2024 21:53",https://www.instagram.com/p/DAxR1xJoarW/,"IG image",,Lifetime,44803,35766,1889,24,4,83,0
18067784014721192,17841407868310918,kan_news,"כאן חדשות","פיצוצי ענק בפרברים הדרומיים של ביירות במהלך תקיפות צה""ל בבירה הלבנונית, אזרחים תועדו נמלטים ממחנות הפליטים סברה ושתילה בדרום העיר
@roikais 
📸: רויטרס",36,"10/05/2024 16:32",https://www.instagram.com/reel/DAwtA1ui6ML/,"IG reel",,Lifetime,41315,27356,1069,32,9,102,27
17988734093566990,17841407868310918,kan_news,"כאן חדשות","דורון כץ אשר ששוחררה משבי חמאס עם שתי בנותיה בישרה על היריון בחשבון הפייסבוק שלה: ״להביא חיים לעולם שנה אחרי שכמעט איבדתי את חיי בעצמי - זו המתנה הכי גדולה שהיינו יכולים לבקש לשנה החדשה. קרן האור שלי בחשיכה״",0,"10/05/2024 12:16",https://www.instagram.com/p/DAwP23uqLlf/,"IG image",,Lifetime,101544,73039,8727,85,6,97,49
18165918517312107,17841418830539247,shapirayaara,"Yaara Shapira","כרבע מהישראלים מעידים שבשנה האחרונה שקלו לעזוב את הארץ. אלה נתוני הסקר של כאן חדשות מהערב
#מלחמה #ישראל #הגירה",49,"10/05/2024 11:09",https://www.instagram.com/reel/DAwH4UFoKL9/,"IG reel",,Lifetime,61554,38759,723,85,18,147,0
18042417680038416,17841407868310918,kan_news,"כאן חדשות","תיקי מחבלים שמוכנים לפלישה לצפון 👇

לוחמים מצנחנים, יהל״ם ויחידת ההנדסה של פיקוד צפון השמידו בימים האחרונים מנהרות באורך כ-250 מטרים בדרום לבנון. במנהרות נמצאו חדרי פיקוד, חדרי שינה, מאגרי מזון - ותיקים של מחבלי חיזבאללה, שבהם תכננו להשתמש ביום בו התכוונו לפשוט על יישובי הצפון בשטח מדינת ישראל. 

תשתית המנהרות - שהושמדה בידי הלוחמים - נמצאת כ-300 מטרים מהגבול הישראלי - ולא חוצה לתוך מדינת ישראל

@chen_beyar @roysharon11 
צילום: דובר צה״ל",89,"10/05/2024 10:52",https://www.instagram.com/reel/DAwGH63KK1m/,"IG reel",,Lifetime,101361,62681,2136,299,12,148,136
18068299357622980,17841407868310918,kan_news,"כאן חדשות","למה צה״ל מכניס את הלוחמים לבתים, ולא פשוט משמיד אותם מהאוויר? רמז: אין לזה קשר לחשש מפגיעה באוכלוסייה אזרחית

@roysharon11  #קחואתזהמכאן",33,"10/05/2024 09:49",https://www.instagram.com/reel/DAv-9gmN7XC/,"IG reel",,Lifetime,117818,66731,2849,418,16,116,124
18032484686214890,17841407868310918,kan_news,"כאן חדשות",".
ניסן מתקשה להבין כיצד ייתכן שאחיו, עופר קלדרון, נמצא כבר שנה שלמה בשבי בעזה עם עוד 100 ישראלים.

״אי אפשר להתווכח עם המציאות - 365 ימים שאח שלי ועוד 100 אנשים נמצאים מעבר לגדר״, הוא אמר. ״365 ימים שיש לנו 101 חטופים וחטופות - איפה זה נשמע בעולם? זה לא קורה במדינה דמוקרטית עם הצבא הטוב והחזק ביותר בעולם. אנחנו רואים למה הצבא מסוגל ומה הוא עושה בימים אלה - אז המדיניות של הממשלה היא שכושלת ובזיונית״. 

ניסן לא מצליח להבין מדוע הציבור לא יוצא להפגין ברחובות בקריאה לשחרור החטופים: ״101 חטופים וחטופות, כולל ילד ותינוק - זה יכול היה להיות כל אחד ואחת מאיתנו. במקרה הזה זו משפחת ביבס או קלדרון, אבל זו יכולה הייתה להיות גם משפחת כהן, לוי, בוזגלו ואבוטבול. זה יכול היה לקרות אצל כל אחד בבית והעם מנותק מזה. עובדה ש-365 ימים לא קורה פה כלום״.

@polakronen @kan_reshetb 
צילום: אבשלום ששוני, פלאש 90",0,"10/05/2024 08:20",https://www.instagram.com/p/DAv027eoflt/,"IG image",,Lifetime,54451,39356,2298,32,0,71,18
18034366322513259,17841407868310918,kan_news,"כאן חדשות","״צעד משמעותי להחזרת תושבי הצפון לבתים״ 👇

אלוף פיקוד הצפון אורי גורדין סייר עם מח״ט גולני בדרום לבנון, פגש את לוחמי החטיבה ואמר להם: ״במקום בו אנחנו עומדים אפשר לצפות על יישובי קו המגע. הפעולה הקרקעית שלנו פה היא צעד משמעותי לקראת החזרת תושבי הצפון בבטחה לבתיהם, לקראת שנה טובה יותר מקודמתה״ 

@chen_beyar 
צילום: דובר צה״ל",0,"10/05/2024 08:01",https://www.instagram.com/p/DAvysJAKacE/,"IG image",,Lifetime,59204,41575,1667,4,0,39,15
18019226834277487,17841407868310918,kan_news,"כאן חדשות","קריאות לרצח יהודים בהפגנה פרו-פלסטינית בברלין 👇

מפגינים נשמעו כשהם שרים בערבית: ״מי שיש לו אקדח - שיירה ביהודי או שייתן אותו לחמאס״. ככל הידוע לא נעצר במהלך ההפגנה אפילו מוחה אחד, למרות שבין השוטרים הגרמנים היו דוברי ערבית

(דב גיל-הר)",42,"10/05/2024 07:32",https://www.instagram.com/reel/DAvvRKJChL2/,"IG reel",,Lifetime,134195,77619,2169,495,9,575,202
18036259034162439,17841407868310918,kan_news,"כאן חדשות","מקור ביטחוני ישראלי אישר היום לערוץ סקיי ניוז בערבית שמחליפו של נסראללה, האשם ספי א-דין, חוסל בתקיפה אמש. כמו כן, בערוץ אל חד'ת הסעודי דווח כי יחד איתו חוסלו בתקיפה קצינים איראנים ממשמרות המהפכה",0,"10/05/2024 04:32",https://www.instagram.com/p/DAvatCCKKlw/,"IG image",,Lifetime,79221,60202,3713,150,3,197,46
18073208518573630,17841407868310918,kan_news,"כאן חדשות","כרמלה מנשה על מחדל ההסעות למילואימניקים:",0,"10/05/2024 00:48",https://www.instagram.com/p/DAvBDJZI9d1/,"IG carousel",,Lifetime,149025,74915,3609,126,1,274,107
17853395439282570,17841407868310918,kan_news,"כאן חדשות","הותר לפרסום: שני חיילי צה""ל נפלו כתוצאה מפגיעת כטב""ם ששוגר מעיראק במוצב בצפון רמת הגולן.

סמל דניאל אביב חיים סופר, בן 19 מאשקלון, היה חניך במסלול ייעודי לקצונת קשר""גים בגדוד 13 בחטיבת גולני.
רב""ט טל דרור, בן 19 מירושלים, היה מש""ק תקשוב בגדוד 13 בחטיבת גולני.

יהי זכרם ברוך🥀

באותו אירוע נפצעו באורח קשה חייל ונגד מילואים, חייל נוסף נפצע בינוני ו-21 חיילים נפצעו קל",0,"10/04/2024 07:24",https://www.instagram.com/p/DAtJpq9s6Hh/,"IG carousel",,Lifetime,104442,56891,3271,101,0,274,22
18039402242164035,17841403904946515,kan_israel,"כאן | תאגיד השידור הישראלי","“היום שלא נגמר” - מעל מאה מרואיינות ומרואיינים, מספרים על ה-7 באוקטובר שלהם בפסטיבל נובה, בישובי העוטף, תציפיתניות ששרדו את מסע הרצח של חמאס, לוחמים, טייסים, מח”טים ורבים נוספים - חלקם בפעם הראשונה

אירוע טלוויזיוני חסר תקדים, בן 5 פרקים, שישודר ממוצאי שבת בכל ערב (למעט ביום הזיכרון ב-7.10), אחרי החדשות, בשעה 21:30 בכאן 11 ובכאן BOX",81,"10/04/2024 06:56",https://www.instagram.com/reel/DAtGSdzNtO8/,"IG reel",,Lifetime,165551,100784,3731,354,39,69,0
18024070277190335,17841407868310918,kan_news,"כאן חדשות",".
פיגוע רחב היקף סביב יום השנה ל-7 באוקטובר: זו הייתה התוכנית של המחבלים שחוסלו אמש בתקיפה האווירית החריגה בטולכרם.

לפי גורמי ביטחון, המחבלים התלבטו בין שלושה מתווים לפיגוע: פשיטה או חדירה ליישוב בשומרון, פיצוץ מטעני חבלה - או פיגוע ירי לעבר כלי רכב ישראליים. ככל הידוע כרגע, בקרב המחבלים לא התקבלה החלטה סופית לגבי מתווה הפיגוע לפני שחוסלו
@carmeldangor",0,"10/04/2024 03:58",https://www.instagram.com/p/DAsyBzaMxKj/,"IG image",,Lifetime,111150,73114,2822,252,1,91,70
18041107817104474,17841407868310918,kan_news,"כאן חדשות","רקטות לצד מיטה בבית מגורים ותמונה של נסראללה מעל הטלוויזיה: כוחות צה""ל חשפו בלבנון עשרות אמצעי לחימה שמחבלי חיזבאללה השאירו מאחור. לוחמי חטיבת השריון 188 פשטו באופן ממוקד על מרחבי טרור שמוסווים בלב כפרים אזרחיים בדרום לבנון, וחיסלו מחבלים מהאוויר ומטווח קרוב. בין היתר, איתרו הכוחות ביממה האחרונה בבית מגורים תחמושת, משגרי טילים, טילי נ""ט ורקטות - שמוקמו בתוך חדרי השינה 

@carmelamenashe @itayblumental",23,"10/04/2024 03:14",https://www.instagram.com/reel/DAss7BNqAB5/,"IG reel",,Lifetime,97192,54353,2711,117,20,162,90
17991203420557652,17841407868310918,kan_news,"כאן חדשות","עשור אחרי שנחטפה ע”י דאעש בעיראק כילדה והועברה לעזה - הצעירה היזידית שנשבתה ברצועה פנתה לכתבנו לעזרה: “אני רוצה לצאת מכאן, מבקשת סיוע”. כעת חולצה ע”י צה”ל - והתאחדה שוב עם בני משפחתה
@roikais  @yoav.zehavi",158,"10/03/2024 23:36",https://www.instagram.com/reel/DAsT1zCoSIe/,"IG reel",,Lifetime,102554,55683,2207,188,4,71,125
18199055008288253,17841407868310918,kan_news,"כאן חדשות","פיצוץ ענק החריד את ביירות, זה היעד 👇

לפי דיווחים בלבנון, צה""ל ניסה לחסל את הישאם ספי א-דין, האיש שסומן כיורש של חסן נסראללה בהנהגת חיזבאללה. בקושי עבר שבוע מאז חיסול מנהיג חיזבאללה, וכבר, לפי הדיווחים, ישראל ""מכסחת את הדשא"", ולא נותנת להנהגה חדשה לתפוס מקום. טרם התקבל דיווח אם א-דין מת בפיצוץ, אבל לפי עוצמת הרעש, ניתן להניח שאילו היה בזירה אז יתקשה לשרוד.

צילומים: רויטרס",0,"10/03/2024 15:40",https://www.instagram.com/p/DArdhrHIAsJ/,"IG carousel",,Lifetime,127574,71022,3868,115,4,211,122
18355185916191511,17841407868310918,kan_news,"כאן חדשות","סומן כמחליף - וכמטרה

לפי דיווחים מהדאחיה בביירות התרחשה הלילה תקיפה חריגה בעוצמתה, דומה לזו שבה חוסל חסן נסראללה לפני שבוע בדיוק,בהפצצה על מפקדת הארגון. אתר החדשות אקסיוס דיווח מפי גורמים ישראלים כי יעד התקיפה הוא מי שסומן כמחליף של נסראללה - האשם ספי א-דין. בארגון נמנעו עד כה להצביע רשמית על מחליף מחשש שיהיה יעד לתקיפה ישראלית. 

הלילה בוצעו תקיפות רבות בדאחיה, ודובר צה""ל בערבית קרא לתושבים לפנות מספר מתחמים לקראת הפצצתם. הערוץ הלבנוני אל מיאדין דיווח שאת התקיפה הלילה ניתן היה לשמוע עד צור, עשרות קילומטרים מביירות.",16,"10/03/2024 15:35",https://www.instagram.com/reel/DArc96LsFNJ/,"IG reel",,Lifetime,55445,34843,1333,50,2,131,37
18417444712079581,17841407868310918,kan_news,"כאן חדשות","אזעקות נשמעו בחיפה, הקריות ובגליל המערבי בשעה 21:50. לפי דובר צה""ל, 10 רקטות נורו מלבנון. חלק מהרקטות ייורטו וחלקן נפל בשטח פתוח. ישנם דיווחים על נפילת מיירט בגליל המערבי.",31,"10/03/2024 12:11",https://www.instagram.com/reel/DArFfmWo1O7/,"IG reel",,Lifetime,63313,37786,944,43,3,70,23
18021251570247890,17841407868310918,kan_news,"כאן חדשות","יהי זכרו ברוך 🕯",0,"10/03/2024 10:49",https://www.instagram.com/p/DAq8P-CoJP6/,"IG image",,Lifetime,153378,124743,17760,139,17,1106,57
18045951511831433,17841407868310918,kan_news,"כאן חדשות","היום הראשון של גולני בלבנון: חוסלו מחבלים ושלושה מפקדים בכירים בחיזבאללה והושמדו כלי נשק ואמצעי לחימה 

@itayblumental @carmelamenashe 
צילום: דובר צה״ל",28,"10/03/2024 09:04",https://www.instagram.com/reel/DAqwMljv1kR/,"IG reel",,Lifetime,78040,44866,2522,46,9,177,70
18055705372839678,17841407868310918,kan_news,"כאן חדשות","חיל האוויר חיסל אתמול את המחבל ח׳דר אלשהאביה - מפקד מרחב הר דב בחיזבאללה שהיה אחראי על הטילים שנורו לעבר מג׳דל שמס, שם נרצחו 12 ילדים במגרש כדורגל

@ItayBlumental @menashecarmela 
צילום: Michael Giladi/Flash90",0,"10/03/2024 08:08",https://www.instagram.com/p/DAqp5OPq8n1/,"IG image",,Lifetime,93446,64560,4239,60,0,41,48
18042130489879472,17841407868310918,kan_news,"כאן חדשות","תמונות ראשונות של הלוחמים שלנו בלבנון 👇

לוחמי חטיבת עציוני (6) נכנסו ביממה האחרונה לדרום לבנון אחרי שנה של אימונים לקראת פעולה קרקעית. זו חטיבת המילואים הראשונה שמתמרנת בדרום לבנון במבצע הנוכחי 

@menashecarmela  @ItayBlumental
צילום: דובר צה״ל",0,"10/03/2024 07:40",https://www.instagram.com/p/DAqmok8KawI/,"IG carousel",,Lifetime,84824,48368,4033,56,1,102,62
18058101433643843,17841407868310918,kan_news,"כאן חדשות","רגע הכניסה של לוחמי 188 ללבנון - אחרי שנה קשה שבמהלכה נלחמו בחמאס בעזה 

@itayblumental 
צילום: עמותת ברק חטיבה 188",38,"10/03/2024 06:14",https://www.instagram.com/reel/DAqcujFpgNI/,"IG reel",,Lifetime,71443,42718,2544,117,6,172,71
18053561983882600,17841407868310918,kan_news,"כאן חדשות","IDF forces rescued Fauzia, a 21-year-old Yazidi woman, from Gaza. She was kidnapped from her home in Iraq by ISIS when she was just 11 years old. In Iraq, she was sold to a Gaza resident who was visiting the country, and he took her with him to the Gaza Strip. Today, after a decade, she has been reunited with her family
@itayblumental",89,"10/03/2024 03:49",https://www.instagram.com/reel/DAqMJYAigEq/,"IG reel",,Lifetime,302545,214745,5158,1460,37,179,277
18288843985230794,17841407868310918,kan_news,"כאן חדשות","כוחות צה״ל חילצו מעזה את פאוזיה - אישה יזידית בת 21 שנחטפה מביתה בעיראק בידי דאעש כשהייתה רק בת 11. היא נמכרה בעיראק כנערה לתושב עזה שביקר במדינה, והוא לקח אותה איתו לרצועה. היום, אחרי עשור, היא התאחדה עם משפחתה 
@itayblumental",88,"10/03/2024 03:20",https://www.instagram.com/reel/DAqI4d8oK43/,"IG reel",,Lifetime,246555,125670,10327,1688,26,517,536
18030784493201460,17841407868310918,kan_news,"כאן חדשות","3 רקטות שוגרו מלבנון לאזור המרכז. דווח על שתיים שנפלו בכבישים 444 ו-6. אדם אחד נפצע

צילום: מתוך עדכונים שוטפים",6,"10/01/2024 01:22",https://www.instagram.com/reel/DAkxvjqykbm/,"IG reel",,Lifetime,103413,47265,889,262,20,42,34
17865751275223816,17841407868310918,kan_news,"כאן חדשות","צה""ל חיסל בעזה את המחבל שביצע את הלינץ' ביוסי אברהמי וואדים נורז'יץ ברמאללה בשנת 2000 ותמונתו הפכה לסמל האינתיפאדה. המחבל שחוסל נעצר בשנת 2001 והודה שהשתתף בלינץ'. הוא נידון למאסר עולם ושוחרר בעסקת שליט.

אברהמי ונורז'יץ, שני חיילי מילואים, טעו בפנייה ונכנסו לרמאללה. שוטרים פלסטינים גררו אותם בכוח לתחנת משטרה ותשאלו את השניים באלימות. במהלך התשאול נפוצה השמועה שיש שני חיילים בתחנה והמון הגיע למקום, פרץ פנימה וביצע את הלינץ'",131,"10/03/2024 02:54",https://www.instagram.com/reel/DAqFP5dIXfL/,"IG reel",,Lifetime,100698,62391,3476,190,2,170,225
18018051092303749,17841407868310918,kan_news,"כאן חדשות","צה""ל אישר שחיסל את רוחי מושתהא שהיה ראש שלטון חמאס ברצועת עזה. הוא חוסל לפני כשלושה חודשים בתקיפה של חיל האוויר. חוסלו גם המחבל סאמח אלסארג' שהחזיק בתיק הביטחון בלשכה המדינית ובוועד הפועל של חמאס, וסאמי עודה, מפקד מנגנון הבטחון הכללי של ארגון הטרור.

מושתהא נחשב ל""יד ימינו"" של סינוואר וסומן כיורש שלו אם סינוואר יחוסל. שניהם ישבו בכלא בישראל 
@eliorlevy | @itayblumental",0,"10/03/2024 02:18",https://www.instagram.com/p/DAqByYYCWVq/,"IG image",,Lifetime,51940,40060,2734,59,0,59,21
18263186557301056,17841407868310918,kan_news,"כאן חדשות","בדיוק 24 שנים אחרי הלינץ׳ המזעזע ברמאללה: המחבל עבד אל-עזיז סאלחה חוסל בתקיפת חיל האוויר בעזה, אחרי ששוחרר לשם במסגרת עסקת שליט. סאלחה זכור במיוחד מהתמונה בה הוא מציג בגאווה את ידיו מגואלות בדם.

במהלך הלינץ׳, המון פלסטיני רצח את יוסי אברהמי וואדים נורז׳יץ - שני חיילי מילואים שטעו בדרך כשנסעו לבסיס ונכנסו בטעות לעיר הפלסטינית

@roikais
צילום: AFP",0,"10/02/2024 22:43",https://www.instagram.com/p/DAppMpgKb-L/,"IG image",,Lifetime,75673,50217,3078,92,0,73,60
18017070383540517,17841407868310918,kan_news,"כאן חדשות","“יש לנו ירי, יש פצועים בתוך החנות”: השיחה הדרמטית למגן דוד אדום בזמן הפיגוע ביפו
@anna.pines",56,"10/02/2024 10:00",https://www.instagram.com/reel/DAoR6dRImXO/,"IG reel",,Lifetime,94190,53230,1712,113,11,82,137
18304797484165082,17841407868310918,kan_news,"כאן חדשות",".
ערב חג כואב: 8 לוחמים נפלו בקרבות בדרום לבנון בשני אירועי היתקלות עם מחבלים וירי נ""ט.

סרן איתי אריאל גיאת, בן 23 משוהם, קצין ביחידת יהל""ם.
סרן הראל אטינגר, בן 23 מעלי, מפקד צוות ביחידת אגוז.
סרן איתן אוסטר, בן 22 ממודיעין-מכבים-רעות, מפקד צוות ביחידת אגוז.
רס""ל נועם ברזילי, בן 22 מכוכב יאיר, לוחם ביחידת אגוז.
רס""ל אור מנצור, בן 21 מבית אריה, לוחם ביחידת אגוז.
רס""ל נזר איטקין, בן 21 מקרית אתא, לוחם ביחידת אגוז.
סמ""ר עלמקאן טרפה, בן 21 מירושלים, לוחם בסיירת גולני.
סמ""ר עידו ברויר, בן 21 מנס ציונה, לוחם בסיירת גולני. 

יהי זכרם ברוך 🥀",0,"10/02/2024 08:31",https://www.instagram.com/p/DAoHuIrMMgR/,"IG carousel",,Lifetime,245713,179796,5032,504,10,414,95
17955597632713136,17841407868310918,kan_news,"כאן חדשות","הותר לפרסום: 7 לוחמים נוספים נפלו בקרבות בדרום לבנון, בשני אירועים של היתקלות עם מחבלים וירי נ""ט.

סרן איתי אריאל גיאת, בן 23 משוהם, קצין ביחידת יהל""ם.
סרן הראל אטינגר, בן 23 מעלי, מפקד צוות ביחידת אגוז.
רס""ל נועם ברזילי, בן 22 מכוכב יאיר, לוחם ביחידת אגוז.
רס""ל אור מנצור, בן 21 מבית אריה, לוחם ביחידת אגוז.
רס""ל נזר איטקין, בן 21 מקרית אתא, לוחם ביחידת אגוז.
סמ""ר עלמקאן טרפה, בן 21 מירושלים, לוחם בסיירת גולני.
סמ""ר עידו ברויר, בן 21 מנס ציונה, לוחם בסיירת גולני. 

יהי זכרם ברוך 🕯",0,"10/02/2024 07:55",https://www.instagram.com/p/DAoDmC1s5tr/,"IG image",,Lifetime,44304,34416,1323,49,0,63,11
17943611735896874,17841407868310918,kan_news,"כאן חדשות","יונאס קרוסיס בן ה-26, שהתגורר בירושלים ולמד ארכיטקטורה בת""א, הוא אחד משבעת הנרצחים בפיגוע הירי אמש ביפו. אביו הוא פרופ' דמיטריוס קרוסיס, מנהל היחידה לנוירואימונולוגיה וטרשת נפוצה בביה""ח הדסה.

יהי זכרו ברוך🥀",0,"10/02/2024 06:42",https://www.instagram.com/p/DAn7RCDMwMh/,"IG image",,Lifetime,80698,63940,3739,64,4,221,29
17955638543718563,17841407868310918,kan_news,"כאן חדשות","""זו זכות היסטורית שתשפיע על הדורות הבאים, מודע לגודל האחריות שעומדת על כתפיי"": הסרטון האחרון ששלח סרן איתן יצחק אוסטר ז""ל, לבני משפחתו, לפני שנפל בקרב בלבנון.
יהי זכרו ברוך 🥀",89,"10/02/2024 06:25",https://www.instagram.com/reel/DAn5KmICMp4/,"IG reel",,Lifetime,89184,64488,5047,270,9,402,142
18064392223652142,17841423523758454,kan_gimel,"כאן גימל","נשיא המדינה בברכה מיוחדת למצעד גיבורי השנה במוזיקה של כאן גימל 🧡 ומציג את שיר השנה שלנו - הוריקן של עדן גולן 🎶

שתהיה שנה טובה לכל עם ישראל 🇮🇱",90,"10/02/2024 05:28",https://www.instagram.com/reel/DAnyhJMoJrD/,"IG reel",,Lifetime,16070,12870,177,5,3,30,0
17994227411529532,17841407868310918,kan_news,"כאן חדשות","הותר לפרסום כי סרן איתן יצחק אוסטר, בן 22 ממודיעין-מכבים-רעות, מפקד צוות ביחידת אגוז, נפל בקרב בלבנון.

יהי זכרו ברוך 🕯",0,"10/02/2024 04:56",https://www.instagram.com/p/DAnvDOHMrV6/,"IG image",,Lifetime,77197,43484,1723,100,3,97,16
18059077585787808,17841407868310918,kan_news,"כאן חדשות","איליה נוזאדזה בן ה-42 מגיאורגיה הוא אחד משבעת הנרצחים בפיגוע הירי אמש ביפו. 
יהי זכרו ברוך 🥀",0,"10/02/2024 04:25",https://www.instagram.com/p/DAnri40MgW6/,"IG image",,Lifetime,65992,48402,1957,36,0,61,15
17846475918316378,17841407868310918,kan_news,"כאן חדשות","שר החוץ ישראל כ""ץ החליט להכריז על מזכ""ל האו""ם אנטוניו גוטרש כאישיות בלתי רצויה בישראל - ולאסור על כניסתו ארצה: ""מי שלא מסוגל לגנות באופן חד משמעי את ההתקפה הנפשעת של איראן על ישראל, אינו ראוי לדרוך על אדמת ישראל. מדובר במזכ""ל שונא-ישראל, שמעניק רוח גבית לטרוריסטים, אנסים ורוצחים. גוטרש ייזכר ככתם לדיראון עולם בתולדות האו""ם""

@amichaistein @dikla_aharon @gilicohen10 
📷: REUTERS/Mike Segar, יונתן זינדל, פלאש 90",0,"10/02/2024 03:28",https://www.instagram.com/p/DAnlAhBs9_P/,"IG image",,Lifetime,71018,50840,3547,44,0,226,45
17921510975973239,17841407868310918,kan_news,"כאן חדשות","הותר לפרסום שמה של נרצחת נוספת בפיגוע הירי אמש: נדיה סוקולנקו, בת 40 מיפו ואם לילדה בת 6. חברתה ספדה לה: ""את הבנאדם שהוא ההגדרה לשמחת חיים, אור ואופטימיות קוסמית"".

יהי זכרה ברוך 🥀",0,"10/02/2024 02:53",https://www.instagram.com/p/DAnhBANMJn6/,"IG image",,Lifetime,85712,62253,2912,57,3,113,25
18052059736896675,17841464234747957,kan_reshetb,"כאן רשת ב","זקן עזתי שפלש לשטח ישראל ב-7 באוקטובר לא יוצא לרב שי פירון מהראש: “הוא סמל היהירות שלנו” 

לפרק המלא - חפשו בזמן הזה ביוטיוב",44,"10/02/2024 02:10",https://www.instagram.com/reel/DAnaKIro0NH/,"IG reel",,Lifetime,34216,24374,710,52,8,62,0
17875817202097294,17841407868310918,kan_news,"כאן חדשות","שעות ספורות לפני ראש השנה - אלפי ישראלים תקועים בשלל יעדים בחו״ל אחרי שטיסותיהם התבטלו בשל המצב הביטחוני. המדינה יכולה להפעיל את חברת התעופה אל על גם בזמן החג באמצעות מניית הזהב שבידיה וכך לסייע לרבים לשוב הביתה - אך לא עושה זאת. 

שרת התחבורה מירי רגב נמצאת בימים האחרונים בהונגריה במטרה לנסות ולשנות את החלטת חברות התעופה באשר לביטול הטיסות לישראל. עד כה לא הוכרז על שינוי במדיניות החברות 

@sharon_idan
צילום: Yossi Aloni/Flash90",0,"10/02/2024 01:29",https://www.instagram.com/p/DAnXaB8Ks-L/,"IG image",,Lifetime,74919,51931,1523,74,0,125,23
18141387658347222,17841407868310918,kan_news,"כאן חדשות","טילים עצומים אותרו באזור ערד יותר מ-12 שעות אחרי המתקפה האיראנית על ישראל 

@itsik_z",0,"10/02/2024 01:15",https://www.instagram.com/p/DAnVx8VKMd5/,"IG image",,Lifetime,119527,78708,3742,905,17,135,194
18067500256617635,17841464234747957,kan_reshetb,"כאן רשת ב","ענבר שגב ויגדר החזיקה את בנה בן 9 חודשים בעת שנרצחה בפיגוע ביפו. בעלה, יערי, על הרגעים הקשים: “מצאתי את ארי בבית החולים במרחב מוגן בידיים של רופא. ענבר הגנה על ארי בגופה והצילה אותו, הוא בריא ושלם”",75,"10/02/2024 00:30",https://www.instagram.com/reel/DAnQfYKotGw/,"IG reel",,Lifetime,159219,96974,2167,562,5,90,0
17872271202188027,17841407868310918,kan_news,"כאן חדשות","יערי, בעלה של ענבר שגב ויגדר שנרצחה אתמול בפיגוע ביפו, יצא לרחוב לחפש את אשתו ואת בנם התינוק כשהיא לא ענתה לו בטלפון: ״נסעתי באופניים כמה שיותר מהר לזירת האירוע ולא מצאתי אותה. אחרי חיפוש מעמיק מצאתי את הכלבה שלנו ירויה כשעוברי אורח מטפלים בה. חיפשתי את ענבר בכל השכונה והבנתי שאני צריך לנסוע לבית החולים כי לא קיבלתי מענה לשום מקום״.

את בנם התינוק, ארי בן התשעה חודשים, הוא מצא בבית החולים: ״מצאתי אותו בידיים של רופא בתוך מרחב מוגן בבית החולים. ארי היה במנשא שכיסה את כל הפלג גוף העליון של ענבר בזמן הפיגוע, הוא לא נפצע בכלל, ענבר עטפה אותו. אנחנו משתדלים לעטוף אותו עכשיו וכל החיים - שירגיש את אותה האהבה שהוא קיבל מענבר״. 

בזמן שענבר הייתה בהריון מתקדם עם ארי הקטן, יערי לחם בעזה - וגם אחרי הלידה הוא שב לחמישה חודשי מילואים בלבנון: ״זו הגבורה של ענבר, אני מקווה שאנשים יבינו איזו אמא היא הייתה. היא תפעלה את הבית לבד כשהייתי בעזה״. 

כעבור כמה שעות של חיפושים המשטרה הודיעה ליערי את הנורא מכול - שאשתו האהובה, אם בנו הצעיר, נרצחה. כלבת המשפחה, שנורתה גם היא, עברה ניתוח חירום במהלך הלילה

@weinrebyair @shapirayaara @kerenuzan1",0,"10/02/2024 00:23",https://www.instagram.com/p/DAnP2ubIbfG/,"IG image",,Lifetime,911667,534594,16367,2338,38,640,335
17978790530757712,17841407868310918,kan_news,"כאן חדשות","הותר לפרסום: ענבר שגב ויגדר ז״ל נרצחה בפיגוע אתמול ביפו - בזמן שהחזיקה בידיה את בנה התינוק והגנה עליו בגופה. יהי זכרה ברוך

@anna.pines",0,"10/01/2024 22:34",https://www.instagram.com/p/DAnDZQfvqoX/,"IG image",,Lifetime,287373,189960,4091,845,30,314,71
17877300828160283,17841407868310918,kan_news,"כאן חדשות","מפגש ראשון של חיזבאללה עם הלוחמים שלנו במבצע הנוכחי? 👇

חיזבאללה טוען שהדף כוחות של צה״ל בעיירה אלעדיסה שבדרום לבנון. לטענת ארגון הטרור, הכוחות הישראלים נאלצו לסגת מהעיירה

צילום: Michael Giladi/Flash90",0,"10/01/2024 22:18",https://www.instagram.com/p/DAnBirGKa35/,"IG image",,Lifetime,83985,56554,1966,46,2,75,29
18010319834389633,17841407868310918,kan_news,"כאן חדשות","עזרו למנוע אסון 👇

לפי גורם זר, קואליציית ההגנה האזורית שסייעה ביירוט בליל הכטב״מים באפריל האחרון סייעה לישראל גם אתמול - ויירטה טילים בליסטיים ששוגרו לישראל מאיראן. 

בין המדיות שעזרו ביירוט: ארצות הברית, צרפת וירדן. לפי הגורם הזר, הפעילות המשותפת הצליחה לסכל את רוב האיומים שהיוו סכנה ממשית לאזרחי מדינת ישראל אתמול

@gilicohen10
 צילום: Liron Moldovan/Flash90",0,"10/01/2024 22:07",https://www.instagram.com/p/DAnAPhUK7dj/,"IG image",,Lifetime,87026,67654,4913,199,0,114,94
18086597575498990,17841407868310918,kan_news,"כאן חדשות","בזמן ש(אולי) ישנתם 👇

לפי דיווחים, חיל האוויר תקף 17 פעמים בדאחייה בלבנון, אחרי שדובר צה״ל בערבית הזהיר תושבים וביקש מהם להתפנות מבתיהם. ובנתיים ברצועת עזה - כלי טיס תקפו וחיסלו מחבלי חמאס שהתחבאו במבנה שהיה בעבר בית ספר בצפון הרצועה.

במקביל, המבצע הקרקעי של צה״ל בלבנון נמשך, ולפי גורמים אמור להימשך כמה שבועות. גם הירי הרקטי מלבנון לא פסק - ולפנות בוקר נשמעו התרעות בקו העימות. בנוסף, צה״ל הודיע שזוהה שיגור ונפילה בשטח פתוח במרכז הארץ

צילום: לפי סעיף 27 א׳",0,"10/01/2024 21:17",https://www.instagram.com/p/DAm6ld5K8aS/,"IG image",,Lifetime,71630,51399,1468,6,0,21,28
18313527067088179,17841407868310918,kan_news,"כאן חדשות","אחרי חיסול חסן נסראללה והפגיעות בנכסים האיראניים, בטהראן הרגישו שלא נותרה להם ברירה. אלא שייתכן שבדומה לנסראללה, הפעם גם לח'מינאי היתה הערכת חסר לגבי כוונותיה של ישראל

הפרשנות של @roikais 
צילומים: AP",0,"10/01/2024 16:15",https://www.instagram.com/p/DAmX8xMo4Qz/,"IG carousel",,Lifetime,109012,63024,2769,44,3,154,110
17906098449023200,17841407868310918,kan_news,"כאן חדשות","גיבור: לב חיסל את אחד המחבלים ביפו
Liran Kogahinoff",89,"10/01/2024 14:45",https://www.instagram.com/reel/DAmNmkvMHT-/,"IG reel",,Lifetime,680784,361921,23731,3565,64,1278,592
17867394873211998,17841407868310918,kan_news,"כאן חדשות","יהי זכרה ברוך🕯",0,"10/01/2024 14:26",https://www.instagram.com/p/DAmLfRjOhDc/,"IG image",,Lifetime,89051,64050,2932,175,9,267,20
18054837073837786,17841407868310918,kan_news,"כאן חדשות","הברים, המסעדות ובתי הקפה - ריקים: רחובות תל אביב שוממים אחרי מתקפת הטילים של איראן ופיגוע הירי ביפו
@anna.pines",78,"10/01/2024 13:33",https://www.instagram.com/reel/DAmFKl9ITpk/,"IG reel",,Lifetime,54853,35836,864,61,16,148,39
18116729689394582,17841407868310918,kan_news,"כאן חדשות","מתקפת טילים חסרת תקדים על ישראל - גורמי ביטחון לכאן חדשות: חיל האוויר יפעל בצורה עצימה
@itayblumental",0,"10/01/2024 12:57",https://www.instagram.com/p/DAmBVpmITUw/,"IG carousel",,Lifetime,87182,51056,1773,415,14,189,169
18037169605962128,17841407868310918,kan_news,"כאן חדשות","צה""ל נערך לתגובה עוד הלילה

צילום: פלאש90",0,"10/01/2024 12:02",https://www.instagram.com/p/DAl6-9IIpSk/,"IG image",,Lifetime,66042,51979,2599,123,6,159,41
18029032799095741,17841407868310918,kan_news,"כאן חדשות","גורמי ביטחון: במתקפת הטילים האיראנית נהרג פלסטיני מעזה שהיה בכפר סמוך ליריחו
@carmeldangor",0,"10/01/2024 11:42",https://www.instagram.com/p/DAl4yPoIVdU/,"IG image",,Lifetime,76186,59372,2194,145,1,115,34
18359142004117331,17841407868310918,kan_news,"כאן חדשות","#לילהטילים 
Hadas Grinberg @hadasgrinberg

אנחנו עושים מאמץ גדול לאתר את בעלי הזכויות בצילומים.
השימוש ביצירות שבעל הזכויות בהן אינו ידוע או לא אותר נעשה לפי סעיף 27א ל""חוק זכויות יוצרים""
אם זיהיתם צילום ואתם בעלי הזכויות בו, יש לפנות ל-zcuyot@kan.org.il",22,"10/01/2024 11:18",https://www.instagram.com/reel/DAl2AggCDVE/,"IG reel",,Lifetime,138047,76469,1587,1114,27,597,157
18065410711565483,17841407868310918,kan_news,"כאן חדשות","ערב קשה מאוד: שני מחבלים פלסטינים מחברון יצאו למסע רצח ברחובות יפו וגבו את חייהם של 6 בני אדם. המחבלים חוסלו על ידי כוחות הביטחון
@liran_kogahinoff",0,"10/01/2024 11:03",https://www.instagram.com/p/DAl0VNRIXLo/,"IG image",,Lifetime,1045693,604084,12084,3299,103,364,274
18009469442418265,17841407868310918,kan_news,"כאן חדשות","181 טילים נורו מאיראן. ישראל מבטיחה להגיב, גם ארצות הברית",70,"10/01/2024 10:58",https://www.instagram.com/reel/DAlztS7xuGn/,"IG reel",,Lifetime,105506,67091,2724,132,33,451,75
17948428175746929,17841407868310918,kan_news,"כאן חדשות","יש סכנה של ממש, עם הישמע אזעקה היכנסו למרחב מוגן, ואל תצאו לצלם!

אנחנו עושים מאמץ גדול לאתר את בעלי הזכויות בצילומים.
השימוש ביצירות שבעל הזכויות בהן אינו ידוע או לא אותר נעשה לפי סעיף 27א ל""חוק זכויות יוצרים""
אם זיהיתם צילום ואתם בעלי הזכויות בו, יש לפנות ל-zcuyot@kan.org.il",6,"10/01/2024 10:26",https://www.instagram.com/reel/DAlv7JloFE3/,"IG reel",,Lifetime,175618,72606,1714,764,34,291,189
17852190432293667,17841407868310918,kan_news,"כאן חדשות","מתקפת הטילים מאיראן: עדיין ללא דיווחים על נפגעים, אולי יש זירות נפילה מרובות

צילום: רויטרס",0,"10/01/2024 10:09",https://www.instagram.com/p/DAluFugIo5D/,"IG image",,Lifetime,47617,37239,1380,22,0,76,21
18018721334577060,17841407868310918,kan_news,"כאן חדשות","102 טילים נורו מאיראן, אזעקות וקולות נפץ בכל רחבי הארץ",6,"10/01/2024 09:57",https://www.instagram.com/reel/DAlsuBWMAFl/,"IG reel",,Lifetime,137428,65609,1595,648,45,401,165
17879301462151604,17841407868310918,kan_news,"כאן חדשות","אזעקות וקולות נפץ נשמעים ברחבי הארץ

צילום: אי-פי",0,"10/01/2024 09:43",https://www.instagram.com/p/DAlrHO9ofk6/,"IG image",,Lifetime,38672,30284,1156,12,0,42,40
17920058966979524,17841407868310918,kan_news,"כאן חדשות","אזעקות אמת ברחבי הארץ

צילום: אי-פי",0,"10/01/2024 09:35",https://www.instagram.com/p/DAlqLPbIhPA/,"IG image",,Lifetime,62455,47848,1260,64,3,28,42
18082794346519156,17841407868310918,kan_news,"כאן חדשות","*שני המחבלים חוסלו*

פיגוע אכזרי ביפו: מחבלים פתחו באש ופצעו לפחות 7 אנשים, לפחות 4 מהם במצב אנוש.",0,"10/01/2024 09:28",https://www.instagram.com/p/DAlpb59Moxd/,"IG image",,Lifetime,54740,40410,1139,122,1,112,48
18039813587283594,17841407868310918,kan_news,"כאן חדשות","לפי דיווחים ראשוניים, התרחש אירוע ירי עם מספר נפגעים בתחנת הרכבת בשדרות ירושלים, וכן בבית כנסת סמוך. מתיעודים מהזירה נראה שמדובר בשני מפגעים שלפחות אחד מהם חמוש בנשק ארוך, שהחלו במסע הירי בתוך הרכבת הקלה והמשיכו לזירות נוספות.",0,"10/01/2024 09:18",https://www.instagram.com/p/DAloQ8bo-Yv/,"IG image",,Lifetime,51116,40135,1109,57,3,19,28
18156392665321773,17841407868310918,kan_news,"כאן חדשות","היערכות לירי מאיראן בטווח הזמן המיידי: הצהרת דובר צה""ל",81,"10/01/2024 09:13",https://www.instagram.com/reel/DAlnlYWJfr6/,"IG reel",,Lifetime,110552,66106,1474,265,33,139,41
17941498430877504,17841407868310918,kan_news,"כאן חדשות","התקפה איראנית מתקרבת? אלה העדכונים של הנחיות פיקוד העורף לגוש דן, ירושלים, שומרון ועוד. שימו לב שאתם נמצאים בסמוך למרחבים מוגנים
@anna.pines",66,"10/01/2024 09:04",https://www.instagram.com/reel/DAlmmDeyW-M/,"IG reel",,Lifetime,38442,26177,351,8,11,25,13
18201870100294830,17841407868310918,kan_news,"כאן חדשות","מתקפה איראנית בדרך? כל מה שניתן לומר 👉

בתשובה לשאלת כאן חדשות האם צה""ל ערוך מיידית לתקוף באיראן ענה הגרי: ""צה""ל ערוך ומוכן בהגנה ובהתקפה, יותר מזה לא נרחיב"".",0,"10/01/2024 07:59",https://www.instagram.com/p/DAlfOP_CNIG/,"IG carousel",,Lifetime,104440,70911,1813,99,7,22,83
17889171366095669,17841407868310918,kan_news,"כאן חדשות","מתקפת טילים בדרך?
בכיר אמריקני אמר לכאן חדשות כי ""לארצות הברית יש אינדיקציות לכך שאיראן מתכוננת לשגר בקרוב מתקפת טילים בליסטיים נגד ישראל. אנו תומכים באופן פעיל בהכנות הגנתיות להגנת ישראל מפני מתקפה זו. מתקפה צבאית ישירה מאיראן נגד ישראל תביא לתוצאות קשות על איראן"".

במקביל, בישראל נערכים לירי ישיר מאיראן, וזו הסיבה להעלאת הכוננות באזורים רבים בארץ שעליה הוכרז הבוקר.",0,"10/01/2024 06:57",https://www.instagram.com/p/DAlYGbHIPvg/,"IG image",,Lifetime,56349,44090,1508,134,3,46,33
17874230328179441,17841407868310918,kan_news,"כאן חדשות","צה""ל חשף כי מתחילת המלחמה ביצע עשרות מבצעים בשטח לבנון כדי לנטרל ולהשמיד מתחמי לחימה תת-קרקעיים של חיזבאללה סמוך לגבול, מהם תכנן ארגון הטרור לפלוש לישראל במסגרת ""התוכנית לכיבוש הגליל"".

דובר צה""ל דניאל הגרי הוסיף כי הפעולות כללו עשרות פשיטות ממוקדות על מתחמי הלחימה של חיזבאללה בדרום לבנון, על מנת לפגוע ביכולת של ""כוח רדואן"" של חיזבאללה - במטרה ""למנוע ממנו לבצע את רצונו לפגוע באזרחי ישראל"".

""הלוחמים פשטו על כפרים ושטחים, פרצו פתחים תת-קרקעיים ביעדים לאורך הגבול, חשפו מצבורי נשק, מתחמי הערכות למחבלים ועוד"", המשיך הגרי. ""במהלך הפעילויות הכוחות אספו מודיעין רב ערך, השמידו ונטרלו את אמצעי הלחימה והמתחמים באופן יסודי, בניהן תשתיות תת-קרקעיות ואמצעי לחימה מתקדמים מתוצרת איראן"".
@itayblumental | @roysharon11",40,"10/01/2024 05:34",https://www.instagram.com/reel/DAlOmcfysLE/,"IG reel",,Lifetime,115245,63643,2560,409,14,53,136
18461415028051372,17841407868310918,kan_news,"כאן חדשות","תיעוד מטורף: צה”ל ביצע עשרות מבצעים מיוחדים בשטח לבנון - והשמיד אמצעי לחימה מתקדמים שחיזבאללה הכין כדי לפלוש לישראל. רועי שרון מציג דוגמאות מכלי הנשק שנמצאו
@roysharon11",84,"10/01/2024 05:09",https://www.instagram.com/reel/DAlLWRcojoZ/,"IG reel",,Lifetime,96669,54908,2891,714,13,71,157
17915743079996447,17841407868310918,kan_news,"כאן חדשות","אביו של דולב שנרצח ב-7 באוקטובר בקיבוץ ניר עוז ושל ארבל שנחטפה לעזה מדבר על ההצלחה הצבאית של ישראל בלבנון: “הצבא הגיע להישגים גדולים מאוד בלבנון כי אין שם חטופים וידי הצבא לא קשורות”
@yonatanraveh",33,"10/01/2024 04:44",https://www.instagram.com/reel/DAlIs1MoK4J/,"IG reel",,Lifetime,54085,36026,1270,45,0,35,40
18042096164078528,17841407868310918,kan_news,"כאן חדשות","קרוב לממ""ד, בלי חופים 👇

פיקוד העורף הודיע על החמרת ההנחיות ""לאחר הירי למרכז הבוקר ולקראת החג"": הוחלט על שינוי ההנחיות לציבור באזורים הבאים: הכרמל, ואדי ערה, מנשה, שומרון, שרון, דן, ירקון, השפלה, ירושלים ושפלת יהודה.

* פעילויות חינוכיות - ניתן לקיים במקום שאפשר להגיע ממנו למרחב מוגן בזמן. 
* התקהלויות - עד 30 אנשים בשטח פתוח, עד 300 אנשים במבנה.
* החופים נסגרים.
* מקומות עבודה - ניתן לפעול במבנה או במקום שאפשר להגיע ממנו למרחב מוגן תקני בזמן.
*משחק הכדורגל בין מכבי חיפה לבית""ר ירושלים שהיה אמור להיערך בטדי - לא התקיים היום.",0,"10/01/2024 04:34",https://www.instagram.com/p/DAlHut5ozvq/,"IG image",,Lifetime,53949,41990,1158,101,4,3,37
18149217178330696,17841407868310918,kan_news,"כאן חדשות","דובר צה""ל בערבית אביחי אדרעי פרסם הודעת פינוי בהיקף גדול ל-30 כפרים בכל דרום לבנון. בהודעה אמר אדרעי שמדובר ב""אזהרה דחופה"" וקרא לתושבי הכפרים לפנות את בתיהם באופן מיידי ולעבור אל מעבר לנהר האוואלי שנמצא באזור צידון - הרחק מהגבול עם ישראל. 

צילום: רויטרס. מפה: LeBeckInt",0,"10/01/2024 03:35",https://www.instagram.com/p/DAlBEnNIAOY/,"IG carousel",,Lifetime,83367,42172,2283,24,2,33,63
