platform,date,type
facebook,2026-08-10,Reel
facebook,2026-08-10,Reel
facebook,2026-08-10,Photo
facebook,2026-08-10,Reel
facebook,2026-08-10,Reel
facebook,2026-08-10,Photo
facebook,2026-08-10,Photo
facebook,2026-08-10,Reel
facebook,2026-08-10,Photo
facebook,2026-08-10,Photo
facebook,2026-08-10,Photo
facebook,2026-08-10,Photo
facebook,2026-08-10,Reel
facebook,2026-08-10,Reel
facebook,2026-08-10,Photo
facebook,2026-08-10,Photo
facebook,2026-08-10,Reel
facebook,2026-08-10,Reel
facebook,2026-08-10,Reel
facebook,2026-08-10,Photo
facebook,2026-08-10,Photo
facebook,2026-08-10,Reel
facebook,2026-08-09,Reel
facebook,2026-08-09,Reel
facebook,2026-08-09,Photo
facebook,2026-08-09,Photo
facebook,2026-08-09,Photo
facebook,2026-08-09,Photo
facebook,2026-08-09,Photo
facebook,2026-08-09,Photo
facebook,2026-08-09,Photo
facebook,2026-08-09,Photo
facebook,2026-08-09,Photo
facebook,2026-08-09,Photo
facebook,2026-08-09,Photo
facebook,2026-08-09,Photo
facebook,2026-08-09,Reel
facebook,2026-08-09,Photo
facebook,2026-08-09,Reel
facebook,2026-08-08,Reel
facebook,2026-08-08,Reel
facebook,2026-08-08,Reel
facebook,2026-08-08,Reel
facebook,2026-08-08,Reel
facebook,2026-08-08,Reel
facebook,2026-08-08,Reel
facebook,2026-08-08,Reel
facebook,2026-08-08,Reel
facebook,2026-08-08,Reel
facebook,2026-08-08,Photo
facebook,2026-08-08,Photo
facebook,2026-08-08,Reel
facebook,2026-08-08,Photo
facebook,2026-08-08,Photo
facebook,2026-08-08,Reel
facebook,2026-08-08,Reel
facebook,2026-08-08,Reel
facebook,2026-08-08,Reel
facebook,2026-08-07,Reel
facebook,2026-08-07,Reel
facebook,2026-08-07,Reel
facebook,2026-08-07,Photo
facebook,2026-08-07,Reel
facebook,2026-08-07,Photo
facebook,2026-08-07,Reel
facebook,2026-08-07,Photo
facebook,2026-08-07,Reel
facebook,2026-08-07,Reel
facebook,2026-08-07,Photo
facebook,2026-08-07,Reel
facebook,2026-08-06,Reel
facebook,2026-08-06,Reel
facebook,2026-08-06,Reel
facebook,2026-08-06,Reel
facebook,2026-08-06,Photo
facebook,2026-08-06,Reel
facebook,2026-08-06,Photo
facebook,2026-08-06,Photo
facebook,2026-08-06,Photo
facebook,2026-08-06,Photo
facebook,2026-08-06,Reel
facebook,2026-08-06,Reel
facebook,2026-08-06,Reel
facebook,2026-08-06,Photo
facebook,2026-08-06,Photo
facebook,2026-08-06,Photo
facebook,2026-08-06,Reel
facebook,2026-08-06,Reel
facebook,2026-08-06,Reel
facebook,2026-08-06,Reel
facebook,2026-08-06,Reel
facebook,2026-08-06,Photo
facebook,2026-08-06,Photo
facebook,2026-08-06,Reel
facebook,2026-08-06,Photo
facebook,2026-08-06,Photo
facebook,2026-08-06,Reel
facebook,2026-08-06,Photo
facebook,2026-08-06,Reel
facebook,2026-08-06,Reel
facebook,2026-08-06,Photo
facebook,2026-08-05,Reel
facebook,2026-08-05,Photo
facebook,2026-08-05,Reel
facebook,2026-08-05,Photo
facebook,2026-08-05,Photo
facebook,2026-08-05,Reel
facebook,2026-08-05,Photo
facebook,2026-08-05,Reel
facebook,2026-08-05,Photo
facebook,2026-08-05,Reel
facebook,2026-08-05,Photo
facebook,2026-08-05,Photo
facebook,2026-08-05,Reel
facebook,2026-08-05,Reel
facebook,2026-08-05,Photo
facebook,2026-08-05,Photo
facebook,2026-08-05,Reel
facebook,2026-08-05,Photo
facebook,2026-08-05,Reel
facebook,2026-08-05,Reel
facebook,2026-08-05,Photo
facebook,2026-08-05,Photo
facebook,2026-08-05,Reel
facebook,2026-08-04,Reel
facebook,2026-08-04,Reel
facebook,2026-08-04,Reel
facebook,2026-08-04,Photo
facebook,2026-08-04,Photo
facebook,2026-08-04,Reel
facebook,2026-08-04,Photo
facebook,2026-08-04,Photo
facebook,2026-08-04,Photo
facebook,2026-08-04,Reel
facebook,2026-08-04,Photo
facebook,2026-08-04,Photo
facebook,2026-08-04,Reel
facebook,2026-08-04,Reel
facebook,2026-08-04,Reel
facebook,2026-08-04,Reel
facebook,2026-08-04,Reel
facebook,2026-08-04,Reel
facebook,2026-08-03,Reel
facebook,2026-08-03,Photo
facebook,2026-08-03,Reel
facebook,2026-08-03,Photo
facebook,2026-08-03,Photo
facebook,2026-08-03,Reel
facebook,2026-08-03,Photo
facebook,2026-08-03,Photo
facebook,2026-08-03,Reel
facebook,2026-08-03,Reel
facebook,2026-08-03,Photo
facebook,2026-08-03,Photo
facebook,2026-08-03,Reel
facebook,2026-08-03,Photo
facebook,2026-08-03,Photo
facebook,2026-08-03,Photo
facebook,2026-08-03,Reel
facebook,2026-08-03,Photo
facebook,2026-08-03,Photo
facebook,2026-08-03,Reel
facebook,2026-08-02,Photo
facebook,2026-08-02,Reel
facebook,2026-08-02,Reel
facebook,2026-08-02,Photo
facebook,2026-08-02,Reel
facebook,2026-08-02,Reel
facebook,2026-08-02,Reel
facebook,2026-08-02,Photo
facebook,2026-08-02,Photo
facebook,2026-08-02,Reel
facebook,2026-08-02,Photo
facebook,2026-08-02,Photo
facebook,2026-08-02,Photo
facebook,2026-08-02,Reel
facebook,2026-08-02,Photo
facebook,2026-08-02,Reel
facebook,2026-08-01,Reel
facebook,2026-08-01,Reel
facebook,2026-08-01,Photo
facebook,2026-08-01,Photo
facebook,2026-08-01,Photo
facebook,2026-08-01,Reel
facebook,2026-08-01,Reel
facebook,2026-08-01,Reel
facebook,2026-08-01,Photo
facebook,2026-08-01,Photo
facebook,2026-08-01,Reel
facebook,2026-08-01,Reel
facebook,2026-08-01,Reel
facebook,2026-08-01,Reel
facebook,2026-08-01,Photo
facebook,2026-08-01,Reel
facebook,2026-08-01,Reel
facebook,2026-07-31,Reel
facebook,2026-07-31,Photo
facebook,2026-07-31,Photo
facebook,2026-07-31,Photo
facebook,2026-07-31,Reel
facebook,2026-07-31,Reel
facebook,2026-07-31,Reel
facebook,2026-07-31,Reel
facebook,2026-07-31,Reel
facebook,2026-07-31,Reel
facebook,2026-07-31,Reel
facebook,2026-07-31,Photo
facebook,2026-07-30,Photo
facebook,2026-07-30,Reel
facebook,2026-07-30,Reel
facebook,2026-07-30,Reel
facebook,2026-07-30,Reel
facebook,2026-07-30,Reel
facebook,2026-07-30,Photo
facebook,2026-07-30,Reel
facebook,2026-07-30,Photo
facebook,2026-07-30,Reel
facebook,2026-07-30,Photo
facebook,2026-07-30,Reel
facebook,2026-07-30,Photo
facebook,2026-07-30,Photo
facebook,2026-07-30,Reel
facebook,2026-07-30,Reel
facebook,2026-07-30,Photo
facebook,2026-07-30,Photo
facebook,2026-07-30,Reel
facebook,2026-07-30,Reel
facebook,2026-07-30,Reel
facebook,2026-07-29,Reel
facebook,2026-07-29,Reel
facebook,2026-07-29,Reel
facebook,2026-07-29,Reel
facebook,2026-07-29,Reel
facebook,2026-07-29,Photo
facebook,2026-07-29,Reel
facebook,2026-07-29,Reel
facebook,2026-07-29,Reel
facebook,2026-07-29,Reel
facebook,2026-07-29,Reel
facebook,2026-07-29,Reel
facebook,2026-07-29,Photo
facebook,2026-07-29,Reel
facebook,2026-07-29,Photo
facebook,2026-07-29,Reel
facebook,2026-07-29,Reel
facebook,2026-07-29,Reel
facebook,2026-07-29,Reel
facebook,2026-07-28,Reel
facebook,2026-07-28,Reel
facebook,2026-07-28,Photo
facebook,2026-07-28,Reel
facebook,2026-07-28,Reel
facebook,2026-07-28,Reel
facebook,2026-07-28,Reel
facebook,2026-07-28,Reel
facebook,2026-07-28,Photo
facebook,2026-07-28,Photo
facebook,2026-07-28,Reel
facebook,2026-07-28,Reel
facebook,2026-07-28,Reel
facebook,2026-07-28,Photo
facebook,2026-07-28,Photo
facebook,2026-07-28,Photo
facebook,2026-07-28,Photo
facebook,2026-07-28,Reel
facebook,2026-07-28,Photo
facebook,2026-07-28,Reel
facebook,2026-07-28,Photo
facebook,2026-07-28,Reel
facebook,2026-07-28,Reel
facebook,2026-07-27,Photo
facebook,2026-07-27,Reel
facebook,2026-07-27,Photo
facebook,2026-07-27,Photo
facebook,2026-07-27,Reel
facebook,2026-07-27,Reel
facebook,2026-07-27,Photo
facebook,2026-07-27,Photo
facebook,2026-07-27,Reel
facebook,2026-07-27,Reel
facebook,2026-07-27,Photo
facebook,2026-07-27,Reel
facebook,2026-07-27,Photo
facebook,2026-07-27,Reel
facebook,2026-07-27,Reel
facebook,2026-07-27,Photo
facebook,2026-07-27,Reel
facebook,2026-07-27,Photo
facebook,2026-07-27,Reel
facebook,2026-07-27,Reel
facebook,2026-07-27,Reel
facebook,2026-07-27,Photo
facebook,2026-07-27,Reel
facebook,2026-07-27,Reel
facebook,2026-07-27,Reel
facebook,2026-07-27,Reel
facebook,2026-07-27,Photo
facebook,2026-07-26,Reel
facebook,2026-07-26,Photo
facebook,2026-07-26,Photo
facebook,2026-07-26,Reel
facebook,2026-07-26,Reel
facebook,2026-07-26,Reel
facebook,2026-07-26,Reel
facebook,2026-07-26,Photo
facebook,2026-07-26,Photo
facebook,2026-07-26,Reel
facebook,2026-07-26,Reel
facebook,2026-07-26,Photo
facebook,2026-07-26,Photo
facebook,2026-07-26,Photo
facebook,2026-07-26,Reel
facebook,2026-07-26,Photo
facebook,2026-07-26,Reel
facebook,2026-07-26,Photo
facebook,2026-07-25,Reel
facebook,2026-07-25,Photo
facebook,2026-07-25,Reel
facebook,2026-07-25,Reel
facebook,2026-07-25,Reel
facebook,2026-07-25,Photo
facebook,2026-07-25,Reel
facebook,2026-07-25,Reel
facebook,2026-07-25,Reel
facebook,2026-07-25,Photo
facebook,2026-07-25,Reel
facebook,2026-07-25,Reel
facebook,2026-07-24,Reel
facebook,2026-07-24,Photo
facebook,2026-07-24,Photo
facebook,2026-07-24,Reel
facebook,2026-07-24,Photo
facebook,2026-07-24,Reel
facebook,2026-07-24,Reel
facebook,2026-07-24,Reel
facebook,2026-07-24,Reel
facebook,2026-07-24,Reel
facebook,2026-07-24,Photo
facebook,2026-07-24,Reel
facebook,2026-07-24,Reel
facebook,2026-07-24,Reel
facebook,2026-07-24,Photo
facebook,2026-07-24,Reel
facebook,2026-07-24,Reel
facebook,2026-07-24,Photo
facebook,2026-07-24,Photo
facebook,2026-07-24,Reel
facebook,2026-07-23,Photo
facebook,2026-07-23,Photo
facebook,2026-07-23,Photo
facebook,2026-07-23,Photo
facebook,2026-07-23,Reel
facebook,2026-07-23,Photo
facebook,2026-07-23,Reel
facebook,2026-07-23,Photo
facebook,2026-07-23,Photo
facebook,2026-07-23,Photo
facebook,2026-07-23,Reel
facebook,2026-07-23,Photo
facebook,2026-07-23,Photo
facebook,2026-07-23,Reel
facebook,2026-07-23,Photo
facebook,2026-07-23,Photo
facebook,2026-07-23,Reel
facebook,2026-07-23,Reel
facebook,2026-07-23,Reel
facebook,2026-07-23,Reel
facebook,2026-07-23,Reel
facebook,2026-07-23,Photo
facebook,2026-07-23,Photo
facebook,2026-07-23,Reel
facebook,2026-07-22,Reel
facebook,2026-07-22,Reel
facebook,2026-07-22,Reel
facebook,2026-07-22,Photo
facebook,2026-07-22,Photo
facebook,2026-07-22,Photo
facebook,2026-07-22,Reel
facebook,2026-07-22,Photo
facebook,2026-07-22,Reel
facebook,2026-07-22,Photo
facebook,2026-07-22,Photo
facebook,2026-07-22,Reel
facebook,2026-07-22,Photo
facebook,2026-07-22,Reel
facebook,2026-07-22,Reel
facebook,2026-07-22,Reel
facebook,2026-07-22,Reel
facebook,2026-07-22,Reel
facebook,2026-07-21,Photo
facebook,2026-07-21,Reel
facebook,2026-07-21,Reel
facebook,2026-07-21,Photo
facebook,2026-07-21,Reel
facebook,2026-07-21,Reel
facebook,2026-07-21,Reel
facebook,2026-07-21,Photo
facebook,2026-07-21,Photo
facebook,2026-07-21,Reel
facebook,2026-07-21,Photo
facebook,2026-07-21,Photo
facebook,2026-07-21,Reel
facebook,2026-07-21,Photo
facebook,2026-07-21,Reel
facebook,2026-07-21,Reel
facebook,2026-07-21,Reel
facebook,2026-07-20,Reel
facebook,2026-07-20,Photo
facebook,2026-07-20,Photo
facebook,2026-07-20,Photo
facebook,2026-07-20,Photo
facebook,2026-07-20,Reel
facebook,2026-07-20,Photo
facebook,2026-07-20,Photo
facebook,2026-07-20,Reel
facebook,2026-07-20,Photo
facebook,2026-07-20,Photo
facebook,2026-07-20,Reel
facebook,2026-07-20,Photo
facebook,2026-07-20,Photo
facebook,2026-07-20,Photo
facebook,2026-07-20,Photo
facebook,2026-07-20,Photo
facebook,2026-07-20,Photo
facebook,2026-07-20,Reel
facebook,2026-07-20,Photo
facebook,2026-07-19,Reel
facebook,2026-07-19,Photo
facebook,2026-07-19,Reel
facebook,2026-07-19,Photo
facebook,2026-07-19,Reel
facebook,2026-07-19,Reel
facebook,2026-07-19,Reel
facebook,2026-07-19,Photo
facebook,2026-07-19,Photo
facebook,2026-07-19,Photo
facebook,2026-07-19,Reel
facebook,2026-07-19,Photo
facebook,2026-07-19,Reel
facebook,2026-07-19,Reel
facebook,2026-07-19,Photo
facebook,2026-07-19,Photo
facebook,2026-07-19,Reel
facebook,2026-07-19,Photo
facebook,2026-07-19,Reel
facebook,2026-07-18,Photo
facebook,2026-07-18,Photo
facebook,2026-07-18,Reel
facebook,2026-07-18,Reel
facebook,2026-07-18,Reel
facebook,2026-07-18,Reel
facebook,2026-07-18,Reel
facebook,2026-07-18,Reel
facebook,2026-07-18,Reel
facebook,2026-07-18,Photo
facebook,2026-07-18,Reel
facebook,2026-07-18,Reel
facebook,2026-07-17,Reel
facebook,2026-07-17,Reel
facebook,2026-07-17,Photo
facebook,2026-07-17,Photo
facebook,2026-07-17,Photo
facebook,2026-07-17,Photo
facebook,2026-07-17,Photo
facebook,2026-07-17,Photo
facebook,2026-07-17,Reel
facebook,2026-07-17,Photo
facebook,2026-07-17,Reel
facebook,2026-07-16,Reel
facebook,2026-07-16,Reel
facebook,2026-07-16,Reel
facebook,2026-07-16,Reel
facebook,2026-07-16,Photo
facebook,2026-07-16,Reel
facebook,2026-07-16,Photo
facebook,2026-07-16,Reel
facebook,2026-07-16,Reel
facebook,2026-07-16,Reel
facebook,2026-07-16,Photo
facebook,2026-07-16,Reel
facebook,2026-07-16,Reel
facebook,2026-07-16,Reel
facebook,2026-07-16,Photo
facebook,2026-07-16,Reel
facebook,2026-07-16,Photo
facebook,2026-07-16,Reel
facebook,2026-07-16,Reel
facebook,2026-07-16,Photo
facebook,2026-07-15,Photo
facebook,2026-07-15,Reel
facebook,2026-07-15,Reel
facebook,2026-07-15,Photo
facebook,2026-07-15,Photo
facebook,2026-07-15,Reel
facebook,2026-07-15,Photo
facebook,2026-07-15,Reel
facebook,2026-07-15,Reel
facebook,2026-07-15,Reel
facebook,2026-07-15,Reel
facebook,2026-07-15,Reel
facebook,2026-07-15,Reel
facebook,2026-07-15,Photo
facebook,2026-07-15,Photo
facebook,2026-07-15,Photo
facebook,2026-07-15,Reel
facebook,2026-07-15,Reel
facebook,2026-07-15,Reel
facebook,2026-07-15,Reel
facebook,2026-07-15,Reel
facebook,2026-07-15,Photo
facebook,2026-07-15,Reel
facebook,2026-07-15,Photo
facebook,2026-07-15,Reel
facebook,2026-07-14,Reel
facebook,2026-07-14,Reel
facebook,2026-07-14,Reel
facebook,2026-07-14,Photo
facebook,2026-07-14,Reel
facebook,2026-07-14,Reel
facebook,2026-07-14,Reel
facebook,2026-07-14,Photo
facebook,2026-07-14,Photo
facebook,2026-07-14,Reel
facebook,2026-07-14,Photo
facebook,2026-07-14,Reel
facebook,2026-07-14,Photo
facebook,2026-07-14,Photo
facebook,2026-07-14,Photo
facebook,2026-07-14,Reel
facebook,2026-07-14,Photo
facebook,2026-07-14,Reel
facebook,2026-07-14,Reel
facebook,2026-07-14,Photo
facebook,2026-07-14,Reel
facebook,2026-07-13,Reel
facebook,2026-07-13,Photo
facebook,2026-07-13,Reel
facebook,2026-07-13,Photo
facebook,2026-07-13,Photo
facebook,2026-07-13,Photo
facebook,2026-07-13,Reel
facebook,2026-07-13,Reel
facebook,2026-07-13,Photo
facebook,2026-07-13,Photo
facebook,2026-07-13,Photo
facebook,2026-07-13,Reel
facebook,2026-07-13,Photo
facebook,2026-07-13,Reel
facebook,2026-07-13,Photo
facebook,2026-07-13,Reel
facebook,2026-07-13,Reel
facebook,2026-07-12,Reel
facebook,2026-07-12,Photo
facebook,2026-07-12,Photo
facebook,2026-07-12,Reel
facebook,2026-07-12,Reel
facebook,2026-07-12,Reel
facebook,2026-07-12,Photo
facebook,2026-07-12,Reel
facebook,2026-07-12,Reel
facebook,2026-07-12,Photo
facebook,2026-07-12,Photo
facebook,2026-07-12,Reel
facebook,2026-07-12,Reel
facebook,2026-07-12,Reel
facebook,2026-07-12,Photo
facebook,2026-07-12,Photo
facebook,2026-07-12,Photo
facebook,2026-07-11,Reel
facebook,2026-07-11,Reel
facebook,2026-07-11,Photo
facebook,2026-07-11,Reel
facebook,2026-07-11,Photo
facebook,2026-07-11,Photo
facebook,2026-07-11,Photo
facebook,2026-07-11,Reel
facebook,2026-07-11,Photo
facebook,2026-07-11,Photo
facebook,2026-07-11,Reel
facebook,2026-07-11,Photo
facebook,2026-07-11,Reel
facebook,2026-07-10,Reel
facebook,2026-07-10,Reel
facebook,2026-07-10,Photo
facebook,2026-07-10,Reel
facebook,2026-07-10,Reel
facebook,2026-07-10,Reel
facebook,2026-07-10,Photo
facebook,2026-07-10,Photo
facebook,2026-07-10,Reel
facebook,2026-07-10,Reel
facebook,2026-07-10,Photo
facebook,2026-07-10,Photo
facebook,2026-07-10,Reel
facebook,2026-07-10,Reel
facebook,2026-07-09,Reel
facebook,2026-07-09,Reel
facebook,2026-07-09,Reel
facebook,2026-07-09,Photo
facebook,2026-07-09,Reel
facebook,2026-07-09,Photo
facebook,2026-07-09,Photo
facebook,2026-07-09,Photo
facebook,2026-07-09,Photo
facebook,2026-07-09,Photo
facebook,2026-07-09,Photo
facebook,2026-07-09,Photo
facebook,2026-07-09,Photo
facebook,2026-07-09,Reel
facebook,2026-07-09,Reel
facebook,2026-07-09,Reel
facebook,2026-07-08,Reel
facebook,2026-07-08,Reel
facebook,2026-07-08,Reel
facebook,2026-07-08,Photo
facebook,2026-07-08,Photo
facebook,2026-07-08,Photo
facebook,2026-07-08,Photo
facebook,2026-07-08,Photo
facebook,2026-07-08,Reel
facebook,2026-07-08,Photo
facebook,2026-07-08,Photo
facebook,2026-07-08,Reel
facebook,2026-07-08,Photo
facebook,2026-07-08,Photo
facebook,2026-07-08,Photo
facebook,2026-07-08,Photo
facebook,2026-07-08,Reel
facebook,2026-07-08,Photo
facebook,2026-07-08,Photo
facebook,2026-07-08,Reel
facebook,2026-07-08,Reel
facebook,2026-07-08,Photo
facebook,2026-07-07,Reel
facebook,2026-07-07,Reel
facebook,2026-07-07,Reel
facebook,2026-07-07,Reel
facebook,2026-07-07,Photo
facebook,2026-07-07,Photo
facebook,2026-07-07,Reel
facebook,2026-07-07,Reel
facebook,2026-07-07,Photo
facebook,2026-07-07,Reel
facebook,2026-07-07,Reel
facebook,2026-07-07,Reel
facebook,2026-07-07,Photo
facebook,2026-07-07,Reel
facebook,2026-07-07,Reel
facebook,2026-07-07,Reel
facebook,2026-07-06,Reel
facebook,2026-07-06,Reel
facebook,2026-07-06,Photo
facebook,2026-07-06,Reel
facebook,2026-07-06,Reel
facebook,2026-07-06,Reel
facebook,2026-07-06,Reel
facebook,2026-07-06,Photo
facebook,2026-07-06,Reel
facebook,2026-07-06,Reel
facebook,2026-07-06,Photo
facebook,2026-07-06,Photo
facebook,2026-07-06,Reel
facebook,2026-07-06,Reel
facebook,2026-07-06,Photo
facebook,2026-07-06,Reel
facebook,2026-07-06,Reel
facebook,2026-07-06,Photo
facebook,2026-07-06,Photo
facebook,2026-07-06,Reel
facebook,2026-07-06,Reel
facebook,2026-07-05,Reel
facebook,2026-07-05,Photo
facebook,2026-07-05,Reel
facebook,2026-07-05,Photo
facebook,2026-07-05,Photo
facebook,2026-07-05,Reel
facebook,2026-07-05,Photo
facebook,2026-07-05,Reel
facebook,2026-07-05,Photo
facebook,2026-07-05,Photo
facebook,2026-07-05,Photo
facebook,2026-07-05,Photo
facebook,2026-07-05,Photo
facebook,2026-07-05,Photo
facebook,2026-07-05,Reel
facebook,2026-07-05,Reel
facebook,2026-07-05,Photo
facebook,2026-07-05,Reel
facebook,2026-07-05,Photo
facebook,2026-07-05,Reel
facebook,2026-07-05,Reel
facebook,2026-07-04,Reel
facebook,2026-07-04,Photo
facebook,2026-07-04,Reel
facebook,2026-07-04,Photo
facebook,2026-07-04,Reel
facebook,2026-07-04,Reel
facebook,2026-07-04,Reel
facebook,2026-07-04,Reel
facebook,2026-07-04,Reel
facebook,2026-07-04,Photo
facebook,2026-07-04,Reel
facebook,2026-07-03,Reel
facebook,2026-07-03,Reel
facebook,2026-07-03,Photo
facebook,2026-07-03,Reel
facebook,2026-07-03,Photo
facebook,2026-07-03,Photo
facebook,2026-07-03,Photo
facebook,2026-07-03,Reel
facebook,2026-07-03,Photo
facebook,2026-07-03,Photo
facebook,2026-07-03,Reel
facebook,2026-07-03,Reel
facebook,2026-07-03,Reel
facebook,2026-07-03,Reel
facebook,2026-07-03,Reel
facebook,2026-07-02,Reel
facebook,2026-07-02,Reel
facebook,2026-07-02,Reel
facebook,2026-07-02,Photo
facebook,2026-07-02,Reel
facebook,2026-07-02,Photo
facebook,2026-07-02,Reel
facebook,2026-07-02,Photo
facebook,2026-07-02,Photo
facebook,2026-07-02,Photo
facebook,2026-07-02,Reel
facebook,2026-07-02,Photo
facebook,2026-07-02,Reel
facebook,2026-07-02,Photo
facebook,2026-07-02,Photo
facebook,2026-07-02,Reel
facebook,2026-07-02,Photo
facebook,2026-07-02,Photo
facebook,2026-07-02,Reel
facebook,2026-07-01,Reel
facebook,2026-07-01,Reel
facebook,2026-07-01,Reel
facebook,2026-07-01,Photo
facebook,2026-07-01,Photo
facebook,2026-07-01,Reel
facebook,2026-07-01,Photo
facebook,2026-07-01,Reel
facebook,2026-07-01,Photo
facebook,2026-07-01,Reel
facebook,2026-07-01,Photo
facebook,2026-07-01,Reel
facebook,2026-07-01,Photo
facebook,2026-07-01,Reel
facebook,2026-07-01,Photo
facebook,2026-07-01,Reel
facebook,2026-07-01,Photo
facebook,2026-07-01,Photo
facebook,2026-07-01,Photo
facebook,2026-07-01,Reel
facebook,2026-06-30,Photo
facebook,2026-06-30,Photo
facebook,2026-06-30,Photo
facebook,2026-06-30,Reel
facebook,2026-06-30,Photo
facebook,2026-06-30,Reel
facebook,2026-06-30,Reel
facebook,2026-06-30,Photo
facebook,2026-06-30,Reel
facebook,2026-06-30,Photo
facebook,2026-06-30,Photo
facebook,2026-06-30,Photo
facebook,2026-06-30,Reel
facebook,2026-06-30,Reel
facebook,2026-06-29,Reel
facebook,2026-06-29,Reel
facebook,2026-06-29,Reel
facebook,2026-06-29,Photo
facebook,2026-06-29,Reel
facebook,2026-06-29,Photo
facebook,2026-06-29,Photo
facebook,2026-06-29,Photo
facebook,2026-06-29,Reel
facebook,2026-06-29,Photo
facebook,2026-06-29,Reel
facebook,2026-06-29,Reel
facebook,2026-06-29,Photo
facebook,2026-06-29,Photo
facebook,2026-06-29,Reel
facebook,2026-06-29,Reel
facebook,2026-06-28,Reel
facebook,2026-06-28,Reel
facebook,2026-06-28,Reel
facebook,2026-06-28,Photo
facebook,2026-06-28,Photo
facebook,2026-06-28,Reel
facebook,2026-06-28,Reel
facebook,2026-06-28,Reel
facebook,2026-06-28,Reel
facebook,2026-06-28,Reel
facebook,2026-06-28,Reel
facebook,2026-06-28,Reel
facebook,2026-06-28,Reel
facebook,2026-06-28,Photo
facebook,2026-06-28,Reel
facebook,2026-06-28,Reel
facebook,2026-06-28,Photo
facebook,2026-06-28,Photo
facebook,2026-06-28,Photo
facebook,2026-06-28,Photo
facebook,2026-06-28,Reel
facebook,2026-06-28,Reel
facebook,2026-06-28,Photo
facebook,2026-06-28,Reel
facebook,2026-06-27,Photo
facebook,2026-06-27,Photo
facebook,2026-06-27,Photo
facebook,2026-06-27,Reel
facebook,2026-06-27,Photo
facebook,2026-06-27,Photo
facebook,2026-06-27,Reel
facebook,2026-06-27,Photo
facebook,2026-06-27,Reel
facebook,2026-06-27,Reel
facebook,2026-06-27,Reel
facebook,2026-06-27,Reel
facebook,2026-06-27,Reel
facebook,2026-06-26,Reel
facebook,2026-06-26,Reel
facebook,2026-06-26,Photo
facebook,2026-06-26,Reel
facebook,2026-06-26,Reel
facebook,2026-06-26,Photo
facebook,2026-06-26,Reel
facebook,2026-06-26,Photo
facebook,2026-06-26,Reel
facebook,2026-06-26,Reel
facebook,2026-06-26,Reel
facebook,2026-06-26,Reel
facebook,2026-06-26,Reel
facebook,2026-06-26,Reel
facebook,2026-06-25,Reel
facebook,2026-06-25,Photo
facebook,2026-06-25,Reel
facebook,2026-06-25,Photo
facebook,2026-06-25,Reel
facebook,2026-06-25,Photo
facebook,2026-06-25,Photo
facebook,2026-06-25,Photo
facebook,2026-06-25,Photo
facebook,2026-06-25,Photo
facebook,2026-06-25,Photo
facebook,2026-06-25,Photo
facebook,2026-06-25,Photo
facebook,2026-06-25,Reel
facebook,2026-06-25,Photo
facebook,2026-06-25,Reel
facebook,2026-06-25,Reel
facebook,2026-06-25,Reel
facebook,2026-06-24,Photo
facebook,2026-06-24,Reel
facebook,2026-06-24,Photo
facebook,2026-06-24,Photo
facebook,2026-06-24,Photo
facebook,2026-06-24,Photo
facebook,2026-06-24,Reel
facebook,2026-06-24,Reel
facebook,2026-06-24,Reel
facebook,2026-06-24,Reel
facebook,2026-06-24,Photo
facebook,2026-06-24,Photo
facebook,2026-06-24,Photo
facebook,2026-06-24,Photo
facebook,2026-06-24,Photo
facebook,2026-06-24,Reel
facebook,2026-06-24,Reel
facebook,2026-06-24,Photo
facebook,2026-06-24,Photo
facebook,2026-06-24,Reel
facebook,2026-06-23,Photo
facebook,2026-06-23,Reel
facebook,2026-06-23,Photo
facebook,2026-06-23,Photo
facebook,2026-06-23,Photo
facebook,2026-06-23,Photo
facebook,2026-06-23,Photo
facebook,2026-06-23,Photo
facebook,2026-06-23,Photo
facebook,2026-06-23,Reel
facebook,2026-06-23,Reel
facebook,2026-06-22,Photo
facebook,2026-06-22,Photo
facebook,2026-06-22,Reel
facebook,2026-06-22,Photo
facebook,2026-06-22,Reel
facebook,2026-06-22,Photo
facebook,2026-06-22,Photo
facebook,2026-06-22,Reel
facebook,2026-06-22,Photo
facebook,2026-06-22,Photo
facebook,2026-06-22,Photo
facebook,2026-06-22,Photo
facebook,2026-06-22,Photo
facebook,2026-06-22,Photo
facebook,2026-06-22,Reel
facebook,2026-06-22,Reel
facebook,2026-06-22,Photo
facebook,2026-06-21,Reel
facebook,2026-06-21,Reel
facebook,2026-06-21,Photo
facebook,2026-06-21,Photo
facebook,2026-06-21,Reel
facebook,2026-06-21,Reel
facebook,2026-06-21,Photo
facebook,2026-06-21,Reel
facebook,2026-06-21,Reel
facebook,2026-06-21,Reel
facebook,2026-06-21,Photo
facebook,2026-06-21,Reel
facebook,2026-06-21,Photo
facebook,2026-06-21,Reel
facebook,2026-06-21,Photo
facebook,2026-06-21,Photo
facebook,2026-06-21,Photo
facebook,2026-06-21,Photo
facebook,2026-06-21,Reel
facebook,2026-06-21,Photo
facebook,2026-06-21,Photo
facebook,2026-06-21,Photo
facebook,2026-06-21,Photo
facebook,2026-06-21,Reel
facebook,2026-06-21,Photo
facebook,2026-06-21,Photo
facebook,2026-06-20,Photo
facebook,2026-06-20,Photo
facebook,2026-06-20,Photo
facebook,2026-06-20,Photo
facebook,2026-06-20,Photo
facebook,2026-06-20,Reel
facebook,2026-06-20,Reel
facebook,2026-06-20,Photo
facebook,2026-06-20,Photo
facebook,2026-06-20,Reel
facebook,2026-06-19,Photo
facebook,2026-06-19,Reel
facebook,2026-06-19,Reel
facebook,2026-06-19,Reel
facebook,2026-06-19,Photo
facebook,2026-06-19,Photo
facebook,2026-06-19,Reel
facebook,2026-06-19,Photo
facebook,2026-06-19,Photo
facebook,2026-06-19,Photo
facebook,2026-06-19,Reel
facebook,2026-06-19,Photo
facebook,2026-06-19,Photo
facebook,2026-06-19,Reel
facebook,2026-06-19,Reel
facebook,2026-06-18,Reel
facebook,2026-06-18,Reel
facebook,2026-06-18,Reel
facebook,2026-06-18,Reel
facebook,2026-06-18,Reel
facebook,2026-06-18,Reel
facebook,2026-06-18,Reel
facebook,2026-06-18,Photo
facebook,2026-06-18,Photo
facebook,2026-06-18,Photo
facebook,2026-06-18,Reel
facebook,2026-06-18,Reel
facebook,2026-06-18,Reel
facebook,2026-06-18,Photo
facebook,2026-06-18,Reel
facebook,2026-06-18,Photo
facebook,2026-06-18,Photo
facebook,2026-06-18,Photo
facebook,2026-06-18,Photo
facebook,2026-06-18,Reel
facebook,2026-06-17,Photo
facebook,2026-06-17,Reel
facebook,2026-06-17,Reel
facebook,2026-06-17,Photo
facebook,2026-06-17,Reel
facebook,2026-06-17,Reel
facebook,2026-06-17,Reel
facebook,2026-06-17,Photo
facebook,2026-06-17,Reel
facebook,2026-06-17,Photo
facebook,2026-06-17,Photo
facebook,2026-06-17,Photo
facebook,2026-06-17,Photo
facebook,2026-06-17,Photo
facebook,2026-06-17,Reel
facebook,2026-06-17,Reel
facebook,2026-06-17,Reel
facebook,2026-06-17,Photo
facebook,2026-06-17,Photo
facebook,2026-06-17,Reel
facebook,2026-06-17,Reel
facebook,2026-06-17,Reel
facebook,2026-06-16,Reel
facebook,2026-06-16,Reel
facebook,2026-06-16,Reel
facebook,2026-06-16,Reel
facebook,2026-06-16,Photo
facebook,2026-06-16,Reel
facebook,2026-06-16,Photo
facebook,2026-06-16,Photo
facebook,2026-06-16,Photo
facebook,2026-06-16,Photo
facebook,2026-06-16,Reel
facebook,2026-06-16,Photo
facebook,2026-06-16,Photo
facebook,2026-06-16,Photo
facebook,2026-06-16,Photo
facebook,2026-06-16,Photo
facebook,2026-06-16,Reel
facebook,2026-06-16,Photo
facebook,2026-06-16,Reel
facebook,2026-06-15,Reel
facebook,2026-06-15,Reel
facebook,2026-06-15,Photo
facebook,2026-06-15,Photo
facebook,2026-06-15,Photo
facebook,2026-06-15,Photo
facebook,2026-06-15,Photo
facebook,2026-06-15,Photo
facebook,2026-06-15,Photo
facebook,2026-06-15,Photo
facebook,2026-06-15,Photo
facebook,2026-06-15,Reel
facebook,2026-06-15,Reel
facebook,2026-06-15,Photo
facebook,2026-06-15,Photo
facebook,2026-06-15,Reel
facebook,2026-06-15,Photo
facebook,2026-06-15,Reel
facebook,2026-06-15,Reel
facebook,2026-06-14,Reel
facebook,2026-06-14,Photo
facebook,2026-06-14,Photo
facebook,2026-06-14,Photo
facebook,2026-06-14,Photo
facebook,2026-06-14,Photo
facebook,2026-06-14,Photo
facebook,2026-06-14,Reel
facebook,2026-06-14,Photo
facebook,2026-06-14,Reel
facebook,2026-06-14,Photo
facebook,2026-06-14,Photo
facebook,2026-06-14,Photo
facebook,2026-06-14,Reel
facebook,2026-06-14,Reel
facebook,2026-06-14,Photo
facebook,2026-06-14,Photo
facebook,2026-06-14,Reel
facebook,2026-06-14,Reel
facebook,2026-06-13,Reel
facebook,2026-06-13,Reel
facebook,2026-06-13,Reel
facebook,2026-06-13,Photo
facebook,2026-06-13,Reel
facebook,2026-06-13,Reel
facebook,2026-06-13,Reel
facebook,2026-06-13,Photo
facebook,2026-06-13,Photo
facebook,2026-06-13,Reel
facebook,2026-06-12,Reel
facebook,2026-06-12,Reel
facebook,2026-06-12,Photo
facebook,2026-06-12,Photo
facebook,2026-06-12,Photo
facebook,2026-06-12,Reel
facebook,2026-06-12,Photo
facebook,2026-06-12,Reel
facebook,2026-06-12,Reel
facebook,2026-06-12,Reel
facebook,2026-06-12,Reel
facebook,2026-06-12,Reel
facebook,2026-06-12,Reel
facebook,2026-06-11,Reel
facebook,2026-06-11,Photo
facebook,2026-06-11,Reel
facebook,2026-06-11,Photo
facebook,2026-06-11,Reel
facebook,2026-06-11,Photo
facebook,2026-06-11,Reel
facebook,2026-06-11,Reel
facebook,2026-06-11,Reel
facebook,2026-06-11,Reel
facebook,2026-06-11,Reel
facebook,2026-06-11,Photo
facebook,2026-06-11,Photo
facebook,2026-06-11,Photo
facebook,2026-06-11,Reel
facebook,2026-06-11,Photo
facebook,2026-06-11,Photo
facebook,2026-06-11,Photo
facebook,2026-06-11,Reel
facebook,2026-06-11,Photo
facebook,2026-06-11,Photo
facebook,2026-06-11,Reel
facebook,2026-06-11,Photo
facebook,2026-06-11,Photo
facebook,2026-06-11,Photo
facebook,2026-06-11,Reel
facebook,2026-06-11,Reel
facebook,2026-06-11,Photo
facebook,2026-06-10,Reel
facebook,2026-06-10,Reel
facebook,2026-06-10,Photo
facebook,2026-06-10,Photo
facebook,2026-06-10,Photo
facebook,2026-06-10,Reel
facebook,2026-06-10,Photo
facebook,2026-06-10,Reel
facebook,2026-06-10,Photo
facebook,2026-06-10,Reel
facebook,2026-06-10,Reel
facebook,2026-06-10,Reel
facebook,2026-06-10,Photo
facebook,2026-06-10,Reel
facebook,2026-06-10,Photo
facebook,2026-06-10,Reel
facebook,2026-06-10,Photo
facebook,2026-06-10,Photo
facebook,2026-06-10,Photo
facebook,2026-06-10,Reel
facebook,2026-06-10,Photo
facebook,2026-06-09,Photo
facebook,2026-06-09,Reel
facebook,2026-06-09,Reel
facebook,2026-06-09,Photo
facebook,2026-06-09,Reel
facebook,2026-06-09,Photo
facebook,2026-06-09,Reel
facebook,2026-06-09,Photo
facebook,2026-06-09,Reel
facebook,2026-06-09,Photo
facebook,2026-06-09,Photo
facebook,2026-06-09,Photo
facebook,2026-06-09,Reel
facebook,2026-06-09,Photo
facebook,2026-06-09,Reel
facebook,2026-06-09,Reel
facebook,2026-06-09,Photo
facebook,2026-06-09,Reel
facebook,2026-06-09,Photo
facebook,2026-06-09,Reel
facebook,2026-06-08,Reel
facebook,2026-06-08,Reel
facebook,2026-06-08,Reel
facebook,2026-06-08,Photo
facebook,2026-06-08,Reel
facebook,2026-06-08,Reel
facebook,2026-06-08,Reel
facebook,2026-06-08,Photo
facebook,2026-06-08,Photo
facebook,2026-06-08,Photo
facebook,2026-06-08,Reel
facebook,2026-06-08,Photo
facebook,2026-06-08,Photo
facebook,2026-06-08,Photo
facebook,2026-06-08,Photo
facebook,2026-06-08,Photo
facebook,2026-06-08,Photo
facebook,2026-06-08,Photo
facebook,2026-06-08,Photo
facebook,2026-06-08,Photo
facebook,2026-06-08,Photo
facebook,2026-06-08,Photo
facebook,2026-06-08,Photo
facebook,2026-06-08,Reel
facebook,2026-06-07,Photo
facebook,2026-06-07,Photo
facebook,2026-06-07,Photo
facebook,2026-06-07,Reel
facebook,2026-06-07,Photo
facebook,2026-06-07,Reel
facebook,2026-06-07,Reel
facebook,2026-06-07,Photo
facebook,2026-06-07,Reel
facebook,2026-06-07,Photo
facebook,2026-06-07,Photo
facebook,2026-06-07,Reel
facebook,2026-06-07,Reel
facebook,2026-06-07,Photo
facebook,2026-06-07,Photo
facebook,2026-06-07,Photo
facebook,2026-06-07,Reel
facebook,2026-06-07,Reel
facebook,2026-06-07,Reel
facebook,2026-06-07,Photo
facebook,2026-06-07,Reel
facebook,2026-06-06,Photo
facebook,2026-06-06,Photo
facebook,2026-06-06,Photo
facebook,2026-06-06,Reel
facebook,2026-06-06,Photo
facebook,2026-06-06,Reel
facebook,2026-06-06,Reel
facebook,2026-06-06,Reel
facebook,2026-06-06,Photo
facebook,2026-06-06,Reel
facebook,2026-06-06,Reel
facebook,2026-06-06,Reel
facebook,2026-06-05,Reel
facebook,2026-06-05,Reel
facebook,2026-06-05,Reel
facebook,2026-06-05,Photo
facebook,2026-06-05,Reel
facebook,2026-06-05,Reel
facebook,2026-06-05,Photo
facebook,2026-06-05,Reel
facebook,2026-06-04,Photo
facebook,2026-06-04,Photo
facebook,2026-06-04,Reel
facebook,2026-06-04,Photo
facebook,2026-06-04,Photo
facebook,2026-06-04,Reel
facebook,2026-06-04,Reel
facebook,2026-06-04,Photo
facebook,2026-06-04,Reel
facebook,2026-06-04,Reel
facebook,2026-06-04,Photo
facebook,2026-06-04,Photo
facebook,2026-06-04,Reel
facebook,2026-06-04,Photo
facebook,2026-06-04,Reel
facebook,2026-06-04,Reel
facebook,2026-06-04,Photo
facebook,2026-06-04,Photo
facebook,2026-06-04,Photo
facebook,2026-06-04,Photo
facebook,2026-06-04,Reel
facebook,2026-06-04,Reel
facebook,2026-06-04,Photo
facebook,2026-06-04,Reel
facebook,2026-06-03,Reel
facebook,2026-06-03,Reel
facebook,2026-06-03,Reel
facebook,2026-06-03,Reel
facebook,2026-06-03,Reel
facebook,2026-06-03,Photo
facebook,2026-06-03,Reel
facebook,2026-06-03,Reel
facebook,2026-06-03,Photo
facebook,2026-06-03,Reel
facebook,2026-06-03,Photo
facebook,2026-06-03,Photo
facebook,2026-06-03,Photo
facebook,2026-06-03,Photo
facebook,2026-06-03,Reel
facebook,2026-06-03,Reel
facebook,2026-06-03,Reel
facebook,2026-06-03,Photo
facebook,2026-06-03,Reel
facebook,2026-06-03,Reel
facebook,2026-06-03,Photo
facebook,2026-06-03,Reel
facebook,2026-06-02,Photo
facebook,2026-06-02,Reel
facebook,2026-06-02,Photo
facebook,2026-06-02,Reel
facebook,2026-06-02,Photo
facebook,2026-06-02,Photo
facebook,2026-06-02,Photo
facebook,2026-06-02,Photo
facebook,2026-06-02,Photo
facebook,2026-06-02,Reel
facebook,2026-06-02,Reel
facebook,2026-06-02,Reel
facebook,2026-06-02,Photo
facebook,2026-06-02,Reel
facebook,2026-06-02,Reel
facebook,2026-06-02,Photo
facebook,2026-06-02,Photo
facebook,2026-06-02,Reel
facebook,2026-06-01,Reel
facebook,2026-06-01,Photo
facebook,2026-06-01,Photo
facebook,2026-06-01,Reel
facebook,2026-06-01,Reel
facebook,2026-06-01,Photo
facebook,2026-06-01,Photo
facebook,2026-06-01,Photo
facebook,2026-06-01,Photo
facebook,2026-06-01,Photo
facebook,2026-06-01,Photo
facebook,2026-06-01,Photo
facebook,2026-06-01,Photo
facebook,2026-06-01,Reel
facebook,2026-06-01,Photo
facebook,2026-06-01,Photo
facebook,2026-06-01,Photo
facebook,2026-06-01,Reel
facebook,2026-06-01,Photo
facebook,2026-06-01,Reel
facebook,2026-06-01,Reel
facebook,2026-06-01,Reel
facebook,2026-05-31,Photo
facebook,2026-05-31,Reel
facebook,2026-05-31,Reel
facebook,2026-05-31,Reel
facebook,2026-05-31,Reel
facebook,2026-05-31,Photo
facebook,2026-05-31,Reel
facebook,2026-05-31,Photo
facebook,2026-05-31,Reel
facebook,2026-05-31,Reel
facebook,2026-05-31,Reel
facebook,2026-05-31,Reel
facebook,2026-05-31,Reel
facebook,2026-05-31,Photo
facebook,2026-05-31,Reel
facebook,2026-05-31,Photo
facebook,2026-05-31,Photo
facebook,2026-05-31,Reel
facebook,2026-05-31,Reel
facebook,2026-05-31,Photo
facebook,2026-05-31,Photo
facebook,2026-05-30,Photo
facebook,2026-05-30,Photo
facebook,2026-05-30,Photo
facebook,2026-05-30,Reel
facebook,2026-05-30,Reel
facebook,2026-05-30,Reel
facebook,2026-05-30,Photo
facebook,2026-05-30,Reel
facebook,2026-05-30,Photo
facebook,2026-05-30,Reel
facebook,2026-05-30,Reel
facebook,2026-05-29,Reel
facebook,2026-05-29,Reel
facebook,2026-05-29,Reel
facebook,2026-05-29,Reel
facebook,2026-05-29,Reel
facebook,2026-05-29,Photo
facebook,2026-05-29,Reel
facebook,2026-05-29,Photo
facebook,2026-05-29,Photo
facebook,2026-05-29,Reel
facebook,2026-05-29,Photo
facebook,2026-05-29,Reel
facebook,2026-05-29,Reel
facebook,2026-05-29,Reel
facebook,2026-05-28,Reel
facebook,2026-05-28,Photo
facebook,2026-05-28,Reel
facebook,2026-05-28,Reel
facebook,2026-05-28,Reel
facebook,2026-05-28,Photo
facebook,2026-05-28,Reel
facebook,2026-05-28,Reel
facebook,2026-05-28,Reel
facebook,2026-05-28,Photo
facebook,2026-05-28,Reel
facebook,2026-05-28,Photo
facebook,2026-05-28,Reel
facebook,2026-05-28,Reel
facebook,2026-05-28,Photo
facebook,2026-05-28,Photo
facebook,2026-05-28,Photo
facebook,2026-05-28,Reel
facebook,2026-05-28,Photo
facebook,2026-05-28,Photo
facebook,2026-05-28,Reel
facebook,2026-05-28,Photo
facebook,2026-05-28,Photo
facebook,2026-05-28,Photo
facebook,2026-05-28,Reel
facebook,2026-05-28,Reel
facebook,2026-05-28,Reel
facebook,2026-05-27,Reel
facebook,2026-05-27,Reel
facebook,2026-05-27,Photo
facebook,2026-05-27,Reel
facebook,2026-05-27,Photo
facebook,2026-05-27,Reel
facebook,2026-05-27,Reel
facebook,2026-05-27,Photo
facebook,2026-05-27,Reel
facebook,2026-05-27,Photo
facebook,2026-05-27,Photo
facebook,2026-05-27,Reel
facebook,2026-05-27,Photo
facebook,2026-05-27,Reel
facebook,2026-05-27,Photo
facebook,2026-05-27,Photo
facebook,2026-05-27,Photo
facebook,2026-05-27,Reel
facebook,2026-05-27,Reel
facebook,2026-05-27,Reel
facebook,2026-05-27,Photo
facebook,2026-05-27,Reel
facebook,2026-05-27,Photo
facebook,2026-05-27,Reel
facebook,2026-05-27,Reel
facebook,2026-05-26,Photo
facebook,2026-05-26,Reel
facebook,2026-05-26,Photo
facebook,2026-05-26,Reel
facebook,2026-05-26,Photo
facebook,2026-05-26,Reel
facebook,2026-05-26,Photo
facebook,2026-05-26,Photo
facebook,2026-05-26,Photo
facebook,2026-05-26,Photo
facebook,2026-05-26,Photo
facebook,2026-05-26,Photo
facebook,2026-05-26,Photo
facebook,2026-05-26,Reel
facebook,2026-05-26,Reel
facebook,2026-05-26,Photo
facebook,2026-05-26,Reel
facebook,2026-05-26,Photo
facebook,2026-05-26,Reel
facebook,2026-05-26,Photo
facebook,2026-05-26,Photo
facebook,2026-05-26,Reel
facebook,2026-05-25,Photo
facebook,2026-05-25,Reel
facebook,2026-05-25,Reel
facebook,2026-05-25,Reel
facebook,2026-05-25,Photo
facebook,2026-05-25,Reel
facebook,2026-05-25,Photo
facebook,2026-05-25,Reel
facebook,2026-05-25,Photo
facebook,2026-05-25,Reel
facebook,2026-05-25,Photo
facebook,2026-05-25,Reel
facebook,2026-05-25,Photo
facebook,2026-05-25,Photo
facebook,2026-05-25,Reel
facebook,2026-05-25,Reel
facebook,2026-05-25,Photo
facebook,2026-05-25,Photo
facebook,2026-05-24,Photo
facebook,2026-05-24,Reel
facebook,2026-05-24,Photo
facebook,2026-05-24,Reel
facebook,2026-05-24,Photo
facebook,2026-05-24,Photo
facebook,2026-05-24,Photo
facebook,2026-05-24,Reel
facebook,2026-05-24,Photo
facebook,2026-05-24,Reel
facebook,2026-05-24,Reel
facebook,2026-05-24,Photo
facebook,2026-05-24,Reel
facebook,2026-05-24,Reel
facebook,2026-05-24,Photo
facebook,2026-05-24,Photo
facebook,2026-05-24,Reel
facebook,2026-05-24,Photo
facebook,2026-05-24,Photo
facebook,2026-05-24,Photo
facebook,2026-05-24,Reel
facebook,2026-05-23,Photo
facebook,2026-05-23,Reel
facebook,2026-05-23,Reel
facebook,2026-05-23,Reel
facebook,2026-05-23,Photo
facebook,2026-05-23,Reel
facebook,2026-05-23,Reel
facebook,2026-05-23,Photo
facebook,2026-05-23,Reel
facebook,2026-05-23,Photo
facebook,2026-05-23,Photo
facebook,2026-05-23,Photo
facebook,2026-05-23,Photo
facebook,2026-05-23,Photo
facebook,2026-05-22,Reel
facebook,2026-05-22,Photo
facebook,2026-05-22,Photo
facebook,2026-05-22,Photo
facebook,2026-05-22,Photo
facebook,2026-05-22,Photo
facebook,2026-05-22,Photo
facebook,2026-05-22,Reel
facebook,2026-05-22,Reel
facebook,2026-05-22,Reel
facebook,2026-05-22,Reel
facebook,2026-05-21,Reel
facebook,2026-05-21,Photo
facebook,2026-05-21,Photo
facebook,2026-05-21,Photo
facebook,2026-05-21,Photo
facebook,2026-05-21,Reel
facebook,2026-05-21,Photo
facebook,2026-05-21,Reel
facebook,2026-05-21,Photo
facebook,2026-05-21,Reel
facebook,2026-05-21,Reel
facebook,2026-05-21,Reel
facebook,2026-05-21,Reel
facebook,2026-05-21,Photo
facebook,2026-05-21,Photo
facebook,2026-05-21,Reel
facebook,2026-05-21,Reel
facebook,2026-05-21,Photo
facebook,2026-05-21,Photo
facebook,2026-05-20,Photo
facebook,2026-05-20,Photo
facebook,2026-05-20,Photo
facebook,2026-05-20,Reel
facebook,2026-05-20,Reel
facebook,2026-05-20,Photo
facebook,2026-05-20,Photo
facebook,2026-05-20,Reel
facebook,2026-05-20,Reel
facebook,2026-05-20,Reel
facebook,2026-05-20,Photo
facebook,2026-05-20,Reel
facebook,2026-05-20,Reel
facebook,2026-05-20,Photo
facebook,2026-05-20,Photo
facebook,2026-05-20,Photo
facebook,2026-05-20,Photo
facebook,2026-05-20,Reel
facebook,2026-05-20,Photo
facebook,2026-05-20,Photo
facebook,2026-05-20,Reel
facebook,2026-05-20,Reel
facebook,2026-05-20,Reel
facebook,2026-05-20,Photo
facebook,2026-05-20,Photo
facebook,2026-05-20,Reel
facebook,2026-05-20,Photo
facebook,2026-05-20,Reel
facebook,2026-05-19,Photo
facebook,2026-05-19,Reel
facebook,2026-05-19,Reel
facebook,2026-05-19,Photo
facebook,2026-05-19,Photo
facebook,2026-05-19,Reel
facebook,2026-05-19,Reel
facebook,2026-05-19,Photo
facebook,2026-05-19,Photo
facebook,2026-05-19,Reel
facebook,2026-05-19,Photo
facebook,2026-05-19,Reel
facebook,2026-05-19,Photo
facebook,2026-05-19,Photo
facebook,2026-05-19,Reel
facebook,2026-05-19,Reel
facebook,2026-05-19,Reel
facebook,2026-05-19,Photo
facebook,2026-05-19,Reel
facebook,2026-05-18,Reel
facebook,2026-05-18,Photo
facebook,2026-05-18,Photo
facebook,2026-05-18,Photo
facebook,2026-05-18,Reel
facebook,2026-05-18,Reel
facebook,2026-05-18,Reel
facebook,2026-05-18,Photo
facebook,2026-05-18,Photo
facebook,2026-05-18,Reel
facebook,2026-05-18,Photo
facebook,2026-05-18,Reel
facebook,2026-05-18,Reel
facebook,2026-05-18,Reel
facebook,2026-05-18,Reel
facebook,2026-05-18,Photo
facebook,2026-05-18,Photo
facebook,2026-05-18,Photo
facebook,2026-05-18,Reel
facebook,2026-05-17,Reel
facebook,2026-05-17,Reel
facebook,2026-05-17,Photo
facebook,2026-05-17,Photo
facebook,2026-05-17,Photo
facebook,2026-05-17,Photo
facebook,2026-05-17,Reel
facebook,2026-05-17,Reel
facebook,2026-05-17,Reel
facebook,2026-05-17,Reel
facebook,2026-05-17,Photo
facebook,2026-05-17,Photo
facebook,2026-05-17,Reel
facebook,2026-05-17,Photo
facebook,2026-05-17,Photo
facebook,2026-05-17,Reel
facebook,2026-05-17,Reel
facebook,2026-05-17,Photo
facebook,2026-05-17,Photo
facebook,2026-05-17,Reel
facebook,2026-05-17,Reel
facebook,2026-05-17,Reel
facebook,2026-05-17,Photo
facebook,2026-05-17,Reel
facebook,2026-05-17,Photo
facebook,2026-05-16,Reel
facebook,2026-05-16,Photo
facebook,2026-05-16,Photo
facebook,2026-05-16,Reel
facebook,2026-05-16,Photo
facebook,2026-05-16,Reel
facebook,2026-05-16,Reel
facebook,2026-05-16,Reel
facebook,2026-05-16,Reel
facebook,2026-05-16,Photo
facebook,2026-05-16,Reel
facebook,2026-05-16,Photo
facebook,2026-05-16,Reel
facebook,2026-05-16,Reel
facebook,2026-05-15,Reel
facebook,2026-05-15,Reel
facebook,2026-05-15,Reel
facebook,2026-05-15,Photo
facebook,2026-05-15,Photo
facebook,2026-05-15,Photo
facebook,2026-05-15,Photo
facebook,2026-05-15,Reel
facebook,2026-05-15,Photo
facebook,2026-05-15,Reel
facebook,2026-05-15,Reel
facebook,2026-05-15,Reel
facebook,2026-05-15,Photo
facebook,2026-05-15,Reel
facebook,2026-05-15,Reel
facebook,2026-05-15,Reel
facebook,2026-05-15,Photo
facebook,2026-05-15,Reel
facebook,2026-05-14,Reel
facebook,2026-05-14,Photo
facebook,2026-05-14,Photo
facebook,2026-05-14,Photo
facebook,2026-05-14,Photo
facebook,2026-05-14,Photo
facebook,2026-05-14,Reel
facebook,2026-05-14,Photo
facebook,2026-05-14,Photo
facebook,2026-05-14,Photo
facebook,2026-05-14,Reel
facebook,2026-05-14,Photo
facebook,2026-05-14,Photo
facebook,2026-05-14,Reel
facebook,2026-05-14,Photo
facebook,2026-05-14,Photo
facebook,2026-05-14,Reel
facebook,2026-05-14,Photo
facebook,2026-05-14,Reel
facebook,2026-05-14,Photo
facebook,2026-05-14,Photo
facebook,2026-05-14,Reel
facebook,2026-05-13,Reel
facebook,2026-05-13,Photo
facebook,2026-05-13,Photo
facebook,2026-05-13,Reel
facebook,2026-05-13,Photo
facebook,2026-05-13,Photo
facebook,2026-05-13,Reel
facebook,2026-05-13,Photo
facebook,2026-05-13,Reel
facebook,2026-05-13,Photo
facebook,2026-05-13,Reel
facebook,2026-05-13,Reel
facebook,2026-05-13,Photo
facebook,2026-05-13,Photo
facebook,2026-05-13,Photo
facebook,2026-05-13,Photo
facebook,2026-05-13,Reel
facebook,2026-05-13,Photo
facebook,2026-05-13,Reel
facebook,2026-05-13,Photo
facebook,2026-05-13,Photo
facebook,2026-05-13,Reel
facebook,2026-05-13,Photo
facebook,2026-05-13,Photo
facebook,2026-05-12,Reel
facebook,2026-05-12,Reel
facebook,2026-05-12,Reel
facebook,2026-05-12,Reel
facebook,2026-05-12,Reel
facebook,2026-05-12,Photo
facebook,2026-05-12,Photo
facebook,2026-05-12,Reel
facebook,2026-05-12,Photo
facebook,2026-05-12,Photo
facebook,2026-05-12,Reel
facebook,2026-05-12,Reel
facebook,2026-05-12,Photo
facebook,2026-05-12,Photo
facebook,2026-05-12,Reel
facebook,2026-05-11,Reel
facebook,2026-05-11,Reel
facebook,2026-05-11,Reel
facebook,2026-05-11,Reel
facebook,2026-05-11,Reel
facebook,2026-05-11,Photo
facebook,2026-05-11,Reel
facebook,2026-05-11,Photo
facebook,2026-05-11,Photo
facebook,2026-05-11,Photo
facebook,2026-05-11,Reel
facebook,2026-05-11,Reel
facebook,2026-05-11,Photo
facebook,2026-05-11,Photo
facebook,2026-05-11,Photo
facebook,2026-05-11,Photo
facebook,2026-05-11,Photo
facebook,2026-05-11,Reel
facebook,2026-05-11,Photo
facebook,2026-05-11,Photo
facebook,2026-05-11,Reel
facebook,2026-05-11,Reel
facebook,2026-05-10,Photo
facebook,2026-05-10,Reel
facebook,2026-05-10,Reel
facebook,2026-05-10,Reel
facebook,2026-05-10,Reel
facebook,2026-05-10,Reel
facebook,2026-05-10,Photo
facebook,2026-05-10,Photo
facebook,2026-05-10,Reel
facebook,2026-05-10,Photo
facebook,2026-05-10,Reel
facebook,2026-05-10,Photo
facebook,2026-05-10,Reel
facebook,2026-05-10,Photo
facebook,2026-05-10,Reel
facebook,2026-05-10,Reel
facebook,2026-05-10,Photo
facebook,2026-05-10,Photo
facebook,2026-05-10,Photo
facebook,2026-05-10,Reel
facebook,2026-05-10,Photo
facebook,2026-05-10,Photo
facebook,2026-05-10,Reel
facebook,2026-05-09,Photo
facebook,2026-05-09,Reel
facebook,2026-05-09,Reel
facebook,2026-05-09,Photo
facebook,2026-05-09,Photo
facebook,2026-05-09,Reel
facebook,2026-05-09,Photo
facebook,2026-05-09,Reel
facebook,2026-05-09,Photo
facebook,2026-05-09,Reel
facebook,2026-05-09,Photo
facebook,2026-05-09,Reel
facebook,2026-05-09,Reel
facebook,2026-05-09,Reel
facebook,2026-05-08,Reel
facebook,2026-05-08,Reel
facebook,2026-05-08,Reel
facebook,2026-05-08,Photo
facebook,2026-05-08,Photo
facebook,2026-05-08,Reel
facebook,2026-05-08,Reel
facebook,2026-05-08,Photo
facebook,2026-05-08,Reel
facebook,2026-05-08,Photo
facebook,2026-05-08,Reel
facebook,2026-05-07,Reel
facebook,2026-05-07,Reel
facebook,2026-05-07,Photo
facebook,2026-05-07,Photo
facebook,2026-05-07,Photo
facebook,2026-05-07,Photo
facebook,2026-05-07,Reel
facebook,2026-05-07,Photo
facebook,2026-05-07,Photo
facebook,2026-05-07,Photo
facebook,2026-05-07,Photo
facebook,2026-05-07,Reel
facebook,2026-05-07,Photo
facebook,2026-05-07,Photo
facebook,2026-05-07,Reel
facebook,2026-05-07,Reel
facebook,2026-05-07,Photo
facebook,2026-05-07,Reel
facebook,2026-05-06,Reel
facebook,2026-05-06,Reel
facebook,2026-05-06,Reel
facebook,2026-05-06,Reel
facebook,2026-05-06,Reel
facebook,2026-05-06,Photo
facebook,2026-05-06,Photo
facebook,2026-05-06,Reel
facebook,2026-05-06,Reel
facebook,2026-05-06,Photo
facebook,2026-05-06,Photo
facebook,2026-05-06,Reel
facebook,2026-05-06,Reel
facebook,2026-05-06,Photo
facebook,2026-05-06,Reel
facebook,2026-05-06,Reel
facebook,2026-05-06,Photo
facebook,2026-05-06,Reel
facebook,2026-05-06,Reel
facebook,2026-05-06,Reel
facebook,2026-05-06,Photo
facebook,2026-05-06,Reel
facebook,2026-05-06,Reel
facebook,2026-05-06,Reel
facebook,2026-05-06,Photo
facebook,2026-05-06,Reel
facebook,2026-05-06,Reel
facebook,2026-05-05,Reel
facebook,2026-05-05,Reel
facebook,2026-05-05,Photo
facebook,2026-05-05,Photo
facebook,2026-05-05,Reel
facebook,2026-05-05,Reel
facebook,2026-05-05,Reel
facebook,2026-05-05,Photo
facebook,2026-05-05,Reel
facebook,2026-05-05,Photo
facebook,2026-05-05,Reel
facebook,2026-05-05,Reel
facebook,2026-05-05,Photo
facebook,2026-05-05,Photo
facebook,2026-05-05,Reel
facebook,2026-05-05,Photo
facebook,2026-05-05,Photo
facebook,2026-05-05,Reel
facebook,2026-05-05,Photo
facebook,2026-05-05,Reel
facebook,2026-05-05,Photo
facebook,2026-05-04,Photo
facebook,2026-05-04,Photo
facebook,2026-05-04,Reel
facebook,2026-05-04,Photo
facebook,2026-05-04,Reel
facebook,2026-05-04,Reel
facebook,2026-05-04,Photo
facebook,2026-05-04,Reel
facebook,2026-05-04,Reel
facebook,2026-05-04,Reel
facebook,2026-05-04,Reel
facebook,2026-05-04,Photo
facebook,2026-05-04,Photo
facebook,2026-05-04,Photo
facebook,2026-05-04,Reel
facebook,2026-05-04,Reel
facebook,2026-05-04,Photo
facebook,2026-05-04,Reel
facebook,2026-05-04,Photo
facebook,2026-05-04,Reel
facebook,2026-05-04,Photo
facebook,2026-05-04,Photo
facebook,2026-05-04,Reel
facebook,2026-05-03,Reel
facebook,2026-05-03,Photo
facebook,2026-05-03,Reel
facebook,2026-05-03,Photo
facebook,2026-05-03,Photo
facebook,2026-05-03,Photo
facebook,2026-05-03,Photo
facebook,2026-05-03,Photo
facebook,2026-05-03,Photo
facebook,2026-05-03,Reel
facebook,2026-05-03,Photo
facebook,2026-05-03,Photo
facebook,2026-05-03,Photo
facebook,2026-05-03,Photo
facebook,2026-05-03,Photo
facebook,2026-05-03,Photo
facebook,2026-05-03,Photo
facebook,2026-05-03,Reel
facebook,2026-05-03,Photo
facebook,2026-05-03,Reel
facebook,2026-05-02,Reel
facebook,2026-05-02,Photo
facebook,2026-05-02,Photo
facebook,2026-05-02,Reel
facebook,2026-05-02,Photo
facebook,2026-05-02,Photo
facebook,2026-05-02,Reel
facebook,2026-05-02,Photo
facebook,2026-05-02,Reel
facebook,2026-05-02,Reel
facebook,2026-05-02,Photo
facebook,2026-05-02,Photo
facebook,2026-05-02,Reel
facebook,2026-05-02,Reel
facebook,2026-05-02,Photo
facebook,2026-05-02,Reel
facebook,2026-05-02,Photo
facebook,2026-05-02,Photo
facebook,2026-05-02,Reel
facebook,2026-05-02,Reel
facebook,2026-05-01,Reel
facebook,2026-05-01,Reel
facebook,2026-05-01,Photo
facebook,2026-05-01,Reel
facebook,2026-05-01,Reel
facebook,2026-05-01,Reel
facebook,2026-05-01,Photo
facebook,2026-05-01,Reel
facebook,2026-05-01,Photo
facebook,2026-05-01,Photo
facebook,2026-05-01,Reel
facebook,2026-05-01,Reel
facebook,2026-05-01,Reel
facebook,2026-05-01,Reel
facebook,2026-05-01,Reel
facebook,2026-05-01,Reel
facebook,2026-05-01,Reel
facebook,2026-04-30,Reel
facebook,2026-04-30,Reel
facebook,2026-04-30,Reel
facebook,2026-04-30,Photo
facebook,2026-04-30,Reel
facebook,2026-04-30,Photo
facebook,2026-04-30,Photo
facebook,2026-04-30,Reel
facebook,2026-04-30,Photo
facebook,2026-04-30,Photo
facebook,2026-04-30,Photo
facebook,2026-04-30,Photo
facebook,2026-04-30,Photo
facebook,2026-04-30,Reel
facebook,2026-04-30,Reel
facebook,2026-04-30,Reel
facebook,2026-04-30,Photo
facebook,2026-04-30,Photo
facebook,2026-04-30,Reel
facebook,2026-04-30,Reel
facebook,2026-04-30,Photo
facebook,2026-04-30,Reel
facebook,2026-04-30,Reel
facebook,2026-04-30,Photo
facebook,2026-04-30,Reel
facebook,2026-04-30,Photo
facebook,2026-04-30,Reel
facebook,2026-04-30,Reel
facebook,2026-04-29,Reel
facebook,2026-04-29,Reel
facebook,2026-04-29,Photo
facebook,2026-04-29,Photo
facebook,2026-04-29,Reel
facebook,2026-04-29,Reel
facebook,2026-04-29,Reel
facebook,2026-04-29,Reel
facebook,2026-04-29,Photo
facebook,2026-04-29,Status
facebook,2026-04-29,Photo
facebook,2026-04-29,Photo
facebook,2026-04-29,Reel
facebook,2026-04-29,Photo
facebook,2026-04-29,Reel
facebook,2026-04-29,Photo
facebook,2026-04-29,Reel
facebook,2026-04-29,Photo
facebook,2026-04-29,Reel
facebook,2026-04-29,Photo
facebook,2026-04-29,Photo
facebook,2026-04-29,Reel
facebook,2026-04-29,Reel
facebook,2026-04-29,Photo
facebook,2026-04-29,Reel
facebook,2026-04-28,Photo
facebook,2026-04-28,Photo
facebook,2026-04-28,Photo
facebook,2026-04-28,Reel
facebook,2026-04-28,Reel
facebook,2026-04-28,Reel
facebook,2026-04-28,Reel
facebook,2026-04-28,Reel
facebook,2026-04-28,Photo
facebook,2026-04-28,Reel
facebook,2026-04-28,Reel
facebook,2026-04-28,Photo
facebook,2026-04-28,Reel
facebook,2026-04-28,Reel
facebook,2026-04-28,Photo
facebook,2026-04-28,Reel
facebook,2026-04-28,Photo
facebook,2026-04-28,Photo
facebook,2026-04-28,Reel
facebook,2026-04-28,Photo
facebook,2026-04-28,Photo
facebook,2026-04-28,Reel
facebook,2026-04-28,Photo
facebook,2026-04-28,Photo
facebook,2026-04-28,Reel
facebook,2026-04-28,Photo
facebook,2026-04-28,Reel
facebook,2026-04-28,Reel
facebook,2026-04-27,Photo
facebook,2026-04-27,Photo
facebook,2026-04-27,Photo
facebook,2026-04-27,Photo
facebook,2026-04-27,Reel
facebook,2026-04-27,Reel
facebook,2026-04-27,Reel
facebook,2026-04-27,Reel
facebook,2026-04-27,Photo
facebook,2026-04-27,Reel
facebook,2026-04-27,Reel
facebook,2026-04-27,Reel
facebook,2026-04-27,Photo
facebook,2026-04-27,Reel
facebook,2026-04-27,Photo
facebook,2026-04-27,Reel
facebook,2026-04-27,Photo
facebook,2026-04-27,Reel
facebook,2026-04-27,Photo
facebook,2026-04-27,Reel
facebook,2026-04-27,Reel
facebook,2026-04-27,Reel
facebook,2026-04-27,Reel
facebook,2026-04-26,Reel
facebook,2026-04-26,Photo
facebook,2026-04-26,Reel
facebook,2026-04-26,Photo
facebook,2026-04-26,Photo
facebook,2026-04-26,Photo
facebook,2026-04-26,Photo
facebook,2026-04-26,Photo
facebook,2026-04-26,Photo
facebook,2026-04-26,Reel
facebook,2026-04-26,Reel
facebook,2026-04-26,Reel
facebook,2026-04-26,Photo
facebook,2026-04-26,Reel
facebook,2026-04-26,Reel
facebook,2026-04-26,Photo
facebook,2026-04-25,Reel
facebook,2026-04-25,Photo
facebook,2026-04-25,Photo
facebook,2026-04-25,Photo
facebook,2026-04-25,Photo
facebook,2026-04-25,Reel
facebook,2026-04-25,Photo
facebook,2026-04-25,Photo
facebook,2026-04-25,Photo
facebook,2026-04-25,Photo
facebook,2026-04-25,Photo
facebook,2026-04-25,Reel
facebook,2026-04-25,Reel
facebook,2026-04-25,Reel
facebook,2026-04-24,Reel
facebook,2026-04-24,Reel
facebook,2026-04-24,Reel
facebook,2026-04-24,Photo
facebook,2026-04-24,Reel
facebook,2026-04-24,Photo
facebook,2026-04-24,Photo
facebook,2026-04-24,Reel
facebook,2026-04-24,Reel
facebook,2026-04-24,Reel
facebook,2026-04-24,Photo
facebook,2026-04-24,Reel
facebook,2026-04-24,Photo
facebook,2026-04-24,Photo
facebook,2026-04-24,Reel
facebook,2026-04-24,Photo
facebook,2026-04-24,Reel
facebook,2026-04-24,Photo
facebook,2026-04-24,Reel
facebook,2026-04-23,Photo
facebook,2026-04-23,Reel
facebook,2026-04-23,Reel
facebook,2026-04-23,Reel
facebook,2026-04-23,Photo
facebook,2026-04-23,Photo
facebook,2026-04-23,Reel
facebook,2026-04-23,Reel
facebook,2026-04-23,Photo
facebook,2026-04-23,Photo
facebook,2026-04-23,Photo
facebook,2026-04-23,Reel
facebook,2026-04-23,Reel
facebook,2026-04-23,Reel
facebook,2026-04-23,Reel
facebook,2026-04-23,Reel
facebook,2026-04-23,Reel
facebook,2026-04-22,Photo
facebook,2026-04-22,Reel
facebook,2026-04-22,Photo
facebook,2026-04-22,Photo
facebook,2026-04-22,Photo
facebook,2026-04-22,Photo
facebook,2026-04-22,Photo
facebook,2026-04-22,Reel
facebook,2026-04-22,Reel
facebook,2026-04-22,Photo
facebook,2026-04-22,Photo
facebook,2026-04-22,Photo
facebook,2026-04-22,Photo
facebook,2026-04-22,Photo
facebook,2026-04-22,Photo
facebook,2026-04-22,Reel
facebook,2026-04-22,Photo
facebook,2026-04-22,Reel
facebook,2026-04-21,Photo
facebook,2026-04-21,Reel
facebook,2026-04-21,Reel
facebook,2026-04-21,Reel
facebook,2026-04-21,Photo
facebook,2026-04-21,Reel
facebook,2026-04-21,Photo
facebook,2026-04-21,Photo
facebook,2026-04-21,Reel
facebook,2026-04-21,Photo
facebook,2026-04-21,Reel
facebook,2026-04-21,Reel
facebook,2026-04-21,Photo
facebook,2026-04-21,Reel
facebook,2026-04-21,Photo
facebook,2026-04-21,Reel
facebook,2026-04-21,Reel
facebook,2026-04-21,Photo
facebook,2026-04-21,Photo
facebook,2026-04-21,Reel
facebook,2026-04-21,Reel
facebook,2026-04-21,Reel
facebook,2026-04-21,Reel
facebook,2026-04-20,Reel
facebook,2026-04-20,Reel
facebook,2026-04-20,Status
facebook,2026-04-20,Reel
facebook,2026-04-20,Photo
facebook,2026-04-20,Photo
facebook,2026-04-20,Photo
facebook,2026-04-20,Photo
facebook,2026-04-20,Reel
facebook,2026-04-20,Photo
facebook,2026-04-20,Photo
facebook,2026-04-20,Photo
facebook,2026-04-20,Reel
facebook,2026-04-20,Reel
facebook,2026-04-20,Photo
facebook,2026-04-20,Photo
facebook,2026-04-20,Reel
facebook,2026-04-20,Photo
facebook,2026-04-20,Reel
facebook,2026-04-20,Photo
facebook,2026-04-20,Photo
facebook,2026-04-20,Photo
facebook,2026-04-20,Reel
facebook,2026-04-19,Reel
facebook,2026-04-19,Photo
facebook,2026-04-19,Reel
facebook,2026-04-19,Reel
facebook,2026-04-19,Photo
facebook,2026-04-19,Photo
facebook,2026-04-19,Photo
facebook,2026-04-19,Photo
facebook,2026-04-19,Photo
facebook,2026-04-19,Photo
facebook,2026-04-19,Photo
facebook,2026-04-19,Reel
facebook,2026-04-19,Photo
facebook,2026-04-19,Reel
facebook,2026-04-18,Photo
facebook,2026-04-18,Reel
facebook,2026-04-18,Reel
facebook,2026-04-18,Photo
facebook,2026-04-18,Photo
facebook,2026-04-18,Photo
facebook,2026-04-18,Photo
facebook,2026-04-18,Reel
facebook,2026-04-18,Photo
facebook,2026-04-18,Reel
facebook,2026-04-18,Photo
facebook,2026-04-18,Reel
facebook,2026-04-18,Photo
facebook,2026-04-18,Photo
facebook,2026-04-18,Photo
facebook,2026-04-18,Photo
facebook,2026-04-18,Photo
facebook,2026-04-18,Reel
facebook,2026-04-18,Reel
facebook,2026-04-17,Reel
facebook,2026-04-17,Photo
facebook,2026-04-17,Photo
facebook,2026-04-17,Photo
facebook,2026-04-17,Reel
facebook,2026-04-17,Photo
facebook,2026-04-17,Photo
facebook,2026-04-17,Photo
facebook,2026-04-17,Reel
facebook,2026-04-17,Reel
facebook,2026-04-17,Reel
facebook,2026-04-17,Reel
facebook,2026-04-17,Photo
facebook,2026-04-17,Reel
facebook,2026-04-17,Reel
facebook,2026-04-16,Photo
facebook,2026-04-16,Photo
facebook,2026-04-16,Reel
facebook,2026-04-16,Reel
facebook,2026-04-16,Photo
facebook,2026-04-16,Reel
facebook,2026-04-16,Reel
facebook,2026-04-16,Reel
facebook,2026-04-16,Photo
facebook,2026-04-16,Photo
facebook,2026-04-16,Photo
facebook,2026-04-16,Reel
facebook,2026-04-16,Photo
facebook,2026-04-16,Photo
facebook,2026-04-16,Photo
facebook,2026-04-16,Photo
facebook,2026-04-16,Photo
facebook,2026-04-16,Photo
facebook,2026-04-16,Reel
facebook,2026-04-16,Photo
facebook,2026-04-16,Reel
facebook,2026-04-16,Photo
facebook,2026-04-16,Photo
facebook,2026-04-16,Reel
facebook,2026-04-16,Reel
facebook,2026-04-16,Photo
facebook,2026-04-16,Reel
facebook,2026-04-16,Reel
facebook,2026-04-16,Photo
facebook,2026-04-16,Reel
facebook,2026-04-15,Reel
facebook,2026-04-15,Reel
facebook,2026-04-15,Reel
facebook,2026-04-15,Reel
facebook,2026-04-15,Reel
facebook,2026-04-15,Reel
facebook,2026-04-15,Reel
facebook,2026-04-15,Photo
facebook,2026-04-15,Photo
facebook,2026-04-15,Reel
facebook,2026-04-15,Photo
facebook,2026-04-15,Photo
facebook,2026-04-15,Photo
facebook,2026-04-15,Photo
facebook,2026-04-15,Reel
facebook,2026-04-15,Photo
facebook,2026-04-15,Photo
facebook,2026-04-15,Photo
facebook,2026-04-15,Photo
facebook,2026-04-15,Reel
facebook,2026-04-15,Photo
facebook,2026-04-15,Reel
facebook,2026-04-15,Reel
facebook,2026-04-15,Photo
facebook,2026-04-15,Photo
facebook,2026-04-15,Reel
facebook,2026-04-14,Reel
facebook,2026-04-14,Reel
facebook,2026-04-14,Photo
facebook,2026-04-14,Photo
facebook,2026-04-14,Photo
facebook,2026-04-14,Reel
facebook,2026-04-14,Photo
facebook,2026-04-14,Reel
facebook,2026-04-14,Reel
facebook,2026-04-14,Photo
facebook,2026-04-14,Reel
facebook,2026-04-14,Photo
facebook,2026-04-14,Reel
facebook,2026-04-14,Photo
facebook,2026-04-14,Photo
facebook,2026-04-14,Photo
facebook,2026-04-14,Reel
facebook,2026-04-14,Photo
facebook,2026-04-14,Reel
facebook,2026-04-14,Photo
facebook,2026-04-14,Reel
facebook,2026-04-14,Photo
facebook,2026-04-13,Reel
facebook,2026-04-13,Reel
facebook,2026-04-13,Reel
facebook,2026-04-13,Photo
facebook,2026-04-13,Status
facebook,2026-04-13,Photo
facebook,2026-04-13,Photo
facebook,2026-04-13,Photo
facebook,2026-04-13,Photo
facebook,2026-04-13,Photo
facebook,2026-04-13,Reel
facebook,2026-04-13,Reel
facebook,2026-04-13,Reel
facebook,2026-04-13,Reel
facebook,2026-04-13,Photo
facebook,2026-04-13,Reel
facebook,2026-04-13,Reel
facebook,2026-04-13,Photo
facebook,2026-04-12,Reel
facebook,2026-04-12,Photo
facebook,2026-04-12,Photo
facebook,2026-04-12,Photo
facebook,2026-04-12,Reel
facebook,2026-04-12,Photo
facebook,2026-04-12,Reel
facebook,2026-04-12,Photo
facebook,2026-04-12,Photo
facebook,2026-04-12,Photo
facebook,2026-04-12,Photo
facebook,2026-04-12,Photo
facebook,2026-04-12,Photo
facebook,2026-04-12,Photo
facebook,2026-04-12,Reel
facebook,2026-04-12,Reel
facebook,2026-04-12,Reel
facebook,2026-04-12,Photo
facebook,2026-04-12,Reel
facebook,2026-04-12,Photo
facebook,2026-04-11,Photo
facebook,2026-04-11,Photo
facebook,2026-04-11,Reel
facebook,2026-04-11,Photo
facebook,2026-04-11,Reel
facebook,2026-04-11,Photo
facebook,2026-04-11,Reel
facebook,2026-04-10,Reel
facebook,2026-04-10,Reel
facebook,2026-04-10,Photo
facebook,2026-04-10,Photo
facebook,2026-04-10,Photo
facebook,2026-04-10,Reel
facebook,2026-04-10,Photo
facebook,2026-04-10,Reel
facebook,2026-04-10,Reel
facebook,2026-04-10,Photo
facebook,2026-04-10,Photo
facebook,2026-04-10,Reel
facebook,2026-04-10,Photo
facebook,2026-04-09,Photo
facebook,2026-04-09,Photo
facebook,2026-04-09,Photo
facebook,2026-04-09,Photo
facebook,2026-04-09,Reel
facebook,2026-04-09,Photo
facebook,2026-04-09,Photo
facebook,2026-04-09,Photo
facebook,2026-04-09,Reel
facebook,2026-04-09,Photo
facebook,2026-04-09,Photo
facebook,2026-04-09,Reel
facebook,2026-04-09,Photo
facebook,2026-04-09,Reel
facebook,2026-04-09,Reel
facebook,2026-04-09,Reel
facebook,2026-04-09,Reel
facebook,2026-04-08,Reel
facebook,2026-04-08,Reel
facebook,2026-04-08,Photo
facebook,2026-04-08,Photo
facebook,2026-04-08,Photo
facebook,2026-04-08,Photo
facebook,2026-04-08,Reel
facebook,2026-04-08,Reel
facebook,2026-04-08,Reel
facebook,2026-04-08,Photo
facebook,2026-04-08,Reel
facebook,2026-04-08,Photo
facebook,2026-04-08,Photo
facebook,2026-04-08,Photo
facebook,2026-04-08,Photo
facebook,2026-04-08,Photo
facebook,2026-04-08,Photo
facebook,2026-04-08,Photo
facebook,2026-04-08,Photo
facebook,2026-04-08,Photo
facebook,2026-04-08,Photo
facebook,2026-04-08,Photo
facebook,2026-04-07,Photo
facebook,2026-04-07,Photo
facebook,2026-04-07,Reel
facebook,2026-04-07,Photo
facebook,2026-04-07,Reel
facebook,2026-04-07,Photo
facebook,2026-04-07,Photo
facebook,2026-04-07,Photo
facebook,2026-04-07,Photo
facebook,2026-04-07,Photo
facebook,2026-04-07,Photo
facebook,2026-04-07,Photo
facebook,2026-04-07,Photo
facebook,2026-04-07,Photo
facebook,2026-04-07,Reel
facebook,2026-04-07,Photo
facebook,2026-04-07,Reel
facebook,2026-04-07,Photo
facebook,2026-04-07,Reel
facebook,2026-04-07,Reel
facebook,2026-04-07,Photo
facebook,2026-04-07,Reel
facebook,2026-04-07,Reel
facebook,2026-04-07,Photo
facebook,2026-04-07,Reel
facebook,2026-04-06,Reel
facebook,2026-04-06,Reel
facebook,2026-04-06,Photo
facebook,2026-04-06,Photo
facebook,2026-04-06,Photo
facebook,2026-04-06,Reel
facebook,2026-04-06,Photo
facebook,2026-04-06,Photo
facebook,2026-04-06,Reel
facebook,2026-04-06,Photo
facebook,2026-04-06,Photo
facebook,2026-04-06,Reel
facebook,2026-04-06,Photo
facebook,2026-04-06,Photo
facebook,2026-04-06,Photo
facebook,2026-04-06,Reel
facebook,2026-04-06,Reel
facebook,2026-04-06,Photo
facebook,2026-04-06,Reel
facebook,2026-04-06,Photo
facebook,2026-04-06,Reel
facebook,2026-04-06,Photo
facebook,2026-04-06,Photo
facebook,2026-04-05,Reel
facebook,2026-04-05,Reel
facebook,2026-04-05,Photo
facebook,2026-04-05,Photo
facebook,2026-04-05,Photo
facebook,2026-04-05,Reel
facebook,2026-04-05,Reel
facebook,2026-04-05,Reel
facebook,2026-04-05,Reel
facebook,2026-04-05,Photo
facebook,2026-04-05,Reel
facebook,2026-04-05,Reel
facebook,2026-04-05,Reel
facebook,2026-04-05,Photo
facebook,2026-04-05,Photo
facebook,2026-04-05,Reel
facebook,2026-04-05,Reel
facebook,2026-04-05,Reel
facebook,2026-04-05,Photo
facebook,2026-04-05,Photo
facebook,2026-04-05,Reel
facebook,2026-04-05,Reel
facebook,2026-04-05,Reel
facebook,2026-04-04,Reel
facebook,2026-04-04,Photo
facebook,2026-04-04,Reel
facebook,2026-04-04,Reel
facebook,2026-04-04,Photo
facebook,2026-04-04,Photo
facebook,2026-04-04,Reel
facebook,2026-04-04,Reel
facebook,2026-04-04,Reel
facebook,2026-04-04,Reel
facebook,2026-04-04,Reel
facebook,2026-04-04,Photo
facebook,2026-04-04,Photo
facebook,2026-04-04,Reel
facebook,2026-04-04,Reel
facebook,2026-04-04,Reel
facebook,2026-04-04,Photo
facebook,2026-04-04,Reel
facebook,2026-04-03,Photo
facebook,2026-04-03,Reel
facebook,2026-04-03,Photo
facebook,2026-04-03,Photo
facebook,2026-04-03,Reel
facebook,2026-04-03,Photo
facebook,2026-04-03,Photo
facebook,2026-04-03,Reel
facebook,2026-04-03,Photo
facebook,2026-04-03,Photo
facebook,2026-04-03,Photo
facebook,2026-04-03,Photo
facebook,2026-04-03,Photo
facebook,2026-04-03,Reel
facebook,2026-04-03,Reel
facebook,2026-04-03,Reel
facebook,2026-04-03,Photo
facebook,2026-04-03,Reel
facebook,2026-04-02,Reel
facebook,2026-04-02,Photo
facebook,2026-04-02,Photo
facebook,2026-04-02,Photo
facebook,2026-04-02,Photo
facebook,2026-04-02,Photo
facebook,2026-04-02,Photo
facebook,2026-04-02,Reel
facebook,2026-04-02,Photo
facebook,2026-04-02,Reel
facebook,2026-04-02,Reel
facebook,2026-04-02,Photo
facebook,2026-04-02,Photo
facebook,2026-04-01,Photo
facebook,2026-04-01,Reel
facebook,2026-04-01,Photo
facebook,2026-04-01,Reel
facebook,2026-04-01,Reel
facebook,2026-04-01,Reel
facebook,2026-04-01,Photo
facebook,2026-04-01,Reel
facebook,2026-04-01,Photo
facebook,2026-04-01,Reel
facebook,2026-04-01,Reel
facebook,2026-04-01,Reel
facebook,2026-04-01,Photo
facebook,2026-04-01,Reel
facebook,2026-03-31,Reel
facebook,2026-03-31,Photo
facebook,2026-03-31,Reel
facebook,2026-03-31,Reel
facebook,2026-03-31,Photo
facebook,2026-03-31,Photo
facebook,2026-03-31,Reel
facebook,2026-03-31,Reel
facebook,2026-03-31,Photo
facebook,2026-03-31,Reel
facebook,2026-03-31,Photo
facebook,2026-03-31,Reel
facebook,2026-03-31,Reel
facebook,2026-03-31,Photo
facebook,2026-03-31,Reel
facebook,2026-03-31,Photo
facebook,2026-03-31,Photo
facebook,2026-03-31,Reel
facebook,2026-03-31,Photo
facebook,2026-03-31,Reel
facebook,2026-03-31,Reel
facebook,2026-03-31,Reel
facebook,2026-03-31,Reel
facebook,2026-03-31,Photo
facebook,2026-03-30,Photo
facebook,2026-03-30,Photo
facebook,2026-03-30,Reel
facebook,2026-03-30,Photo
facebook,2026-03-30,Reel
facebook,2026-03-30,Photo
facebook,2026-03-30,Photo
facebook,2026-03-30,Reel
facebook,2026-03-30,Photo
facebook,2026-03-30,Photo
facebook,2026-03-30,Reel
facebook,2026-03-30,Reel
facebook,2026-03-30,Reel
facebook,2026-03-30,Photo
facebook,2026-03-30,Reel
facebook,2026-03-30,Photo
facebook,2026-03-30,Photo
facebook,2026-03-30,Reel
facebook,2026-03-30,Reel
facebook,2026-03-29,Reel
facebook,2026-03-29,Reel
facebook,2026-03-29,Reel
facebook,2026-03-29,Reel
facebook,2026-03-29,Photo
facebook,2026-03-29,Reel
facebook,2026-03-29,Photo
facebook,2026-03-29,Reel
facebook,2026-03-29,Reel
facebook,2026-03-29,Reel
facebook,2026-03-29,Reel
facebook,2026-03-29,Photo
facebook,2026-03-29,Photo
facebook,2026-03-29,Reel
facebook,2026-03-29,Reel
facebook,2026-03-29,Reel
facebook,2026-03-29,Reel
facebook,2026-03-29,Photo
facebook,2026-03-28,Reel
facebook,2026-03-28,Photo
facebook,2026-03-28,Reel
facebook,2026-03-28,Reel
facebook,2026-03-28,Reel
facebook,2026-03-28,Photo
facebook,2026-03-28,Reel
facebook,2026-03-28,Reel
facebook,2026-03-28,Photo
facebook,2026-03-28,Reel
facebook,2026-03-28,Photo
facebook,2026-03-28,Reel
facebook,2026-03-28,Photo
facebook,2026-03-28,Photo
facebook,2026-03-28,Reel
facebook,2026-03-28,Reel
facebook,2026-03-28,Photo
facebook,2026-03-28,Photo
facebook,2026-03-28,Reel
facebook,2026-03-28,Photo
facebook,2026-03-28,Photo
facebook,2026-03-28,Reel
facebook,2026-03-28,Photo
facebook,2026-03-28,Reel
facebook,2026-03-28,Reel
facebook,2026-03-28,Reel
facebook,2026-03-27,Reel
facebook,2026-03-27,Reel
facebook,2026-03-27,Reel
facebook,2026-03-27,Photo
facebook,2026-03-27,Photo
facebook,2026-03-27,Photo
facebook,2026-03-27,Reel
facebook,2026-03-27,Reel
facebook,2026-03-27,Photo
facebook,2026-03-27,Reel
facebook,2026-03-27,Photo
facebook,2026-03-27,Reel
facebook,2026-03-26,Photo
facebook,2026-03-26,Photo
facebook,2026-03-26,Photo
facebook,2026-03-26,Reel
facebook,2026-03-26,Reel
facebook,2026-03-26,Reel
facebook,2026-03-26,Reel
facebook,2026-03-26,Photo
facebook,2026-03-26,Reel
facebook,2026-03-26,Photo
facebook,2026-03-26,Photo
facebook,2026-03-26,Photo
facebook,2026-03-26,Reel
facebook,2026-03-26,Photo
facebook,2026-03-26,Photo
facebook,2026-03-26,Photo
facebook,2026-03-26,Reel
facebook,2026-03-26,Photo
facebook,2026-03-26,Reel
facebook,2026-03-26,Photo
facebook,2026-03-26,Reel
facebook,2026-03-26,Photo
facebook,2026-03-25,Photo
facebook,2026-03-25,Reel
facebook,2026-03-25,Reel
facebook,2026-03-25,Reel
facebook,2026-03-25,Photo
facebook,2026-03-25,Reel
facebook,2026-03-25,Reel
facebook,2026-03-25,Photo
facebook,2026-03-25,Photo
facebook,2026-03-25,Reel
facebook,2026-03-25,Reel
facebook,2026-03-25,Reel
facebook,2026-03-25,Photo
facebook,2026-03-25,Photo
facebook,2026-03-25,Photo
facebook,2026-03-25,Photo
facebook,2026-03-25,Reel
facebook,2026-03-25,Reel
facebook,2026-03-25,Reel
facebook,2026-03-24,Photo
facebook,2026-03-24,Reel
facebook,2026-03-24,Reel
facebook,2026-03-24,Photo
facebook,2026-03-24,Reel
facebook,2026-03-24,Reel
facebook,2026-03-24,Photo
facebook,2026-03-24,Photo
facebook,2026-03-24,Photo
facebook,2026-03-24,Reel
facebook,2026-03-24,Reel
facebook,2026-03-24,Reel
facebook,2026-03-24,Photo
facebook,2026-03-24,Photo
facebook,2026-03-24,Reel
facebook,2026-03-24,Reel
facebook,2026-03-24,Reel
facebook,2026-03-24,Photo
facebook,2026-03-24,Reel
facebook,2026-03-23,Reel
facebook,2026-03-23,Photo
facebook,2026-03-23,Reel
facebook,2026-03-23,Reel
facebook,2026-03-23,Reel
facebook,2026-03-23,Photo
facebook,2026-03-23,Reel
facebook,2026-03-23,Photo
facebook,2026-03-23,Photo
facebook,2026-03-23,Photo
facebook,2026-03-23,Photo
facebook,2026-03-23,Photo
facebook,2026-03-23,Photo
facebook,2026-03-23,Reel
facebook,2026-03-23,Reel
facebook,2026-03-23,Reel
facebook,2026-03-23,Photo
facebook,2026-03-23,Photo
facebook,2026-03-23,Reel
facebook,2026-03-23,Reel
facebook,2026-03-23,Photo
facebook,2026-03-23,Reel
facebook,2026-03-22,Reel
facebook,2026-03-22,Reel
facebook,2026-03-22,Photo
facebook,2026-03-22,Reel
facebook,2026-03-22,Photo
facebook,2026-03-22,Photo
facebook,2026-03-22,Photo
facebook,2026-03-22,Reel
facebook,2026-03-22,Reel
facebook,2026-03-22,Reel
facebook,2026-03-22,Reel
facebook,2026-03-22,Photo
facebook,2026-03-22,Reel
facebook,2026-03-22,Photo
facebook,2026-03-22,Reel
facebook,2026-03-22,Photo
facebook,2026-03-22,Reel
facebook,2026-03-22,Photo
facebook,2026-03-22,Photo
facebook,2026-03-22,Photo
facebook,2026-03-22,Reel
facebook,2026-03-21,Photo
facebook,2026-03-21,Reel
facebook,2026-03-21,Reel
facebook,2026-03-21,Reel
facebook,2026-03-21,Reel
facebook,2026-03-21,Reel
facebook,2026-03-21,Reel
facebook,2026-03-21,Reel
facebook,2026-03-21,Reel
facebook,2026-03-21,Photo
facebook,2026-03-21,Reel
facebook,2026-03-21,Reel
facebook,2026-03-21,Photo
facebook,2026-03-21,Reel
facebook,2026-03-21,Reel
facebook,2026-03-21,Reel
facebook,2026-03-21,Photo
facebook,2026-03-21,Photo
facebook,2026-03-21,Reel
facebook,2026-03-20,Reel
facebook,2026-03-20,Reel
facebook,2026-03-20,Reel
facebook,2026-03-20,Reel
facebook,2026-03-20,Reel
facebook,2026-03-20,Photo
facebook,2026-03-20,Reel
facebook,2026-03-20,Reel
facebook,2026-03-20,Photo
facebook,2026-03-20,Reel
facebook,2026-03-20,Reel
facebook,2026-03-20,Reel
facebook,2026-03-20,Reel
facebook,2026-03-20,Photo
facebook,2026-03-19,Photo
facebook,2026-03-19,Reel
facebook,2026-03-19,Photo
facebook,2026-03-19,Reel
facebook,2026-03-19,Reel
facebook,2026-03-19,Reel
facebook,2026-03-19,Photo
facebook,2026-03-19,Reel
facebook,2026-03-19,Photo
facebook,2026-03-19,Reel
facebook,2026-03-19,Reel
facebook,2026-03-19,Reel
facebook,2026-03-19,Photo
facebook,2026-03-19,Photo
facebook,2026-03-19,Photo
facebook,2026-03-19,Reel
facebook,2026-03-19,Photo
facebook,2026-03-19,Reel
facebook,2026-03-19,Photo
facebook,2026-03-18,Reel
facebook,2026-03-18,Reel
facebook,2026-03-18,Reel
facebook,2026-03-18,Reel
facebook,2026-03-18,Reel
facebook,2026-03-18,Photo
facebook,2026-03-18,Reel
facebook,2026-03-18,Reel
facebook,2026-03-18,Photo
facebook,2026-03-18,Reel
facebook,2026-03-18,Photo
facebook,2026-03-18,Photo
facebook,2026-03-18,Photo
facebook,2026-03-18,Photo
facebook,2026-03-18,Photo
facebook,2026-03-18,Photo
facebook,2026-03-18,Photo
facebook,2026-03-18,Photo
facebook,2026-03-18,Reel
facebook,2026-03-18,Reel
facebook,2026-03-18,Reel
facebook,2026-03-18,Reel
facebook,2026-03-18,Photo
facebook,2026-03-17,Reel
facebook,2026-03-17,Photo
facebook,2026-03-17,Reel
facebook,2026-03-17,Reel
facebook,2026-03-17,Reel
facebook,2026-03-17,Photo
facebook,2026-03-17,Reel
facebook,2026-03-17,Photo
facebook,2026-03-17,Photo
facebook,2026-03-17,Reel
facebook,2026-03-17,Reel
facebook,2026-03-17,Photo
facebook,2026-03-17,Photo
facebook,2026-03-17,Photo
facebook,2026-03-17,Photo
facebook,2026-03-17,Reel
facebook,2026-03-17,Reel
facebook,2026-03-17,Reel
facebook,2026-03-16,Reel
facebook,2026-03-16,Reel
facebook,2026-03-16,Reel
facebook,2026-03-16,Reel
facebook,2026-03-16,Photo
facebook,2026-03-16,Reel
facebook,2026-03-16,Reel
facebook,2026-03-16,Reel
facebook,2026-03-16,Reel
facebook,2026-03-16,Photo
facebook,2026-03-16,Photo
facebook,2026-03-16,Reel
facebook,2026-03-16,Photo
facebook,2026-03-16,Photo
facebook,2026-03-16,Photo
facebook,2026-03-16,Reel
facebook,2026-03-16,Photo
facebook,2026-03-16,Photo
facebook,2026-03-16,Reel
facebook,2026-03-16,Photo
facebook,2026-03-16,Photo
facebook,2026-03-16,Reel
facebook,2026-03-15,Reel
facebook,2026-03-15,Photo
facebook,2026-03-15,Photo
facebook,2026-03-15,Reel
facebook,2026-03-15,Photo
facebook,2026-03-15,Photo
facebook,2026-03-15,Photo
facebook,2026-03-15,Photo
facebook,2026-03-15,Reel
facebook,2026-03-15,Reel
facebook,2026-03-15,Reel
facebook,2026-03-15,Reel
facebook,2026-03-15,Photo
facebook,2026-03-15,Photo
facebook,2026-03-15,Photo
facebook,2026-03-15,Photo
facebook,2026-03-15,Photo
facebook,2026-03-15,Reel
facebook,2026-03-15,Reel
facebook,2026-03-15,Reel
facebook,2026-03-15,Photo
facebook,2026-03-15,Reel
facebook,2026-03-14,Photo
facebook,2026-03-14,Reel
facebook,2026-03-14,Reel
facebook,2026-03-14,Photo
facebook,2026-03-14,Photo
facebook,2026-03-14,Photo
facebook,2026-03-14,Photo
facebook,2026-03-14,Photo
facebook,2026-03-14,Photo
facebook,2026-03-14,Photo
facebook,2026-03-14,Reel
facebook,2026-03-14,Reel
facebook,2026-03-14,Photo
facebook,2026-03-14,Reel
facebook,2026-03-14,Reel
facebook,2026-03-14,Reel
facebook,2026-03-13,Reel
facebook,2026-03-13,Reel
facebook,2026-03-13,Reel
facebook,2026-03-13,Reel
facebook,2026-03-13,Reel
facebook,2026-03-13,Reel
facebook,2026-03-13,Photo
facebook,2026-03-13,Reel
facebook,2026-03-13,Reel
facebook,2026-03-13,Photo
facebook,2026-03-13,Reel
facebook,2026-03-13,Photo
facebook,2026-03-13,Photo
facebook,2026-03-13,Reel
facebook,2026-03-13,Reel
facebook,2026-03-13,Photo
facebook,2026-03-13,Reel
facebook,2026-03-13,Photo
facebook,2026-03-13,Reel
facebook,2026-03-13,Reel
facebook,2026-03-12,Photo
facebook,2026-03-12,Photo
facebook,2026-03-12,Photo
facebook,2026-03-12,Reel
facebook,2026-03-12,Photo
facebook,2026-03-12,Reel
facebook,2026-03-12,Reel
facebook,2026-03-12,Reel
facebook,2026-03-12,Photo
facebook,2026-03-12,Photo
facebook,2026-03-12,Photo
facebook,2026-03-12,Photo
facebook,2026-03-12,Photo
facebook,2026-03-12,Reel
facebook,2026-03-12,Reel
facebook,2026-03-12,Reel
facebook,2026-03-12,Reel
facebook,2026-03-12,Reel
facebook,2026-03-12,Reel
facebook,2026-03-12,Reel
facebook,2026-03-12,Reel
facebook,2026-03-12,Photo
facebook,2026-03-12,Reel
facebook,2026-03-12,Reel
facebook,2026-03-11,Photo
facebook,2026-03-11,Reel
facebook,2026-03-11,Reel
facebook,2026-03-11,Reel
facebook,2026-03-11,Reel
facebook,2026-03-11,Photo
facebook,2026-03-11,Photo
facebook,2026-03-11,Reel
facebook,2026-03-11,Photo
facebook,2026-03-11,Reel
facebook,2026-03-11,Photo
facebook,2026-03-11,Photo
facebook,2026-03-11,Reel
facebook,2026-03-11,Reel
facebook,2026-03-11,Reel
facebook,2026-03-11,Photo
facebook,2026-03-11,Photo
facebook,2026-03-11,Photo
facebook,2026-03-11,Reel
facebook,2026-03-11,Reel
facebook,2026-03-11,Reel
facebook,2026-03-11,Reel
facebook,2026-03-11,Reel
facebook,2026-03-10,Photo
facebook,2026-03-10,Reel
facebook,2026-03-10,Photo
facebook,2026-03-10,Photo
facebook,2026-03-10,Reel
facebook,2026-03-10,Reel
facebook,2026-03-10,Reel
facebook,2026-03-10,Reel
facebook,2026-03-10,Reel
facebook,2026-03-10,Reel
facebook,2026-03-10,Photo
facebook,2026-03-10,Reel
facebook,2026-03-10,Photo
facebook,2026-03-10,Reel
facebook,2026-03-10,Photo
facebook,2026-03-10,Photo
facebook,2026-03-10,Reel
facebook,2026-03-10,Reel
facebook,2026-03-09,Reel
facebook,2026-03-09,Photo
facebook,2026-03-09,Reel
facebook,2026-03-09,Reel
facebook,2026-03-09,Photo
facebook,2026-03-09,Reel
facebook,2026-03-09,Reel
facebook,2026-03-09,Reel
facebook,2026-03-09,Photo
facebook,2026-03-09,Photo
facebook,2026-03-09,Photo
facebook,2026-03-09,Reel
facebook,2026-03-09,Photo
facebook,2026-03-09,Photo
facebook,2026-03-09,Reel
facebook,2026-03-09,Reel
facebook,2026-03-09,Reel
facebook,2026-03-09,Photo
facebook,2026-03-09,Reel
facebook,2026-03-09,Reel
facebook,2026-03-09,Photo
facebook,2026-03-09,Reel
facebook,2026-03-08,Reel
facebook,2026-03-08,Photo
facebook,2026-03-08,Reel
facebook,2026-03-08,Photo
facebook,2026-03-08,Photo
facebook,2026-03-08,Reel
facebook,2026-03-08,Photo
facebook,2026-03-08,Photo
facebook,2026-03-08,Photo
facebook,2026-03-08,Photo
facebook,2026-03-08,Photo
facebook,2026-03-08,Photo
facebook,2026-03-08,Photo
facebook,2026-03-08,Reel
facebook,2026-03-08,Reel
facebook,2026-03-08,Photo
facebook,2026-03-08,Photo
facebook,2026-03-07,Reel
facebook,2026-03-07,Reel
facebook,2026-03-07,Photo
facebook,2026-03-07,Reel
facebook,2026-03-07,Photo
facebook,2026-03-07,Photo
facebook,2026-03-07,Reel
facebook,2026-03-07,Photo
facebook,2026-03-07,Photo
facebook,2026-03-07,Reel
facebook,2026-03-07,Photo
facebook,2026-03-07,Photo
facebook,2026-03-07,Photo
facebook,2026-03-07,Reel
facebook,2026-03-07,Reel
facebook,2026-03-07,Reel
facebook,2026-03-07,Photo
facebook,2026-03-07,Reel
facebook,2026-03-07,Reel
facebook,2026-03-07,Reel
facebook,2026-03-07,Reel
facebook,2026-03-06,Photo
facebook,2026-03-06,Reel
facebook,2026-03-06,Reel
facebook,2026-03-06,Reel
facebook,2026-03-06,Photo
facebook,2026-03-06,Photo
facebook,2026-03-06,Reel
facebook,2026-03-06,Reel
facebook,2026-03-06,Reel
facebook,2026-03-06,Reel
facebook,2026-03-06,Reel
facebook,2026-03-06,Photo
facebook,2026-03-06,Reel
facebook,2026-03-05,Reel
facebook,2026-03-05,Photo
facebook,2026-03-05,Reel
facebook,2026-03-05,Reel
facebook,2026-03-05,Reel
facebook,2026-03-05,Reel
facebook,2026-03-05,Photo
facebook,2026-03-05,Reel
facebook,2026-03-05,Reel
facebook,2026-03-05,Photo
facebook,2026-03-05,Reel
facebook,2026-03-05,Reel
facebook,2026-03-05,Reel
facebook,2026-03-05,Reel
facebook,2026-03-05,Reel
facebook,2026-03-04,Photo
facebook,2026-03-04,Reel
facebook,2026-03-04,Photo
facebook,2026-03-04,Reel
facebook,2026-03-04,Reel
facebook,2026-03-04,Reel
facebook,2026-03-04,Photo
facebook,2026-03-04,Reel
facebook,2026-03-04,Photo
facebook,2026-03-04,Reel
facebook,2026-03-04,Photo
facebook,2026-03-04,Photo
facebook,2026-03-04,Reel
facebook,2026-03-04,Reel
facebook,2026-03-04,Photo
facebook,2026-03-04,Photo
facebook,2026-03-04,Photo
facebook,2026-03-04,Reel
facebook,2026-03-03,Photo
facebook,2026-03-03,Reel
facebook,2026-03-03,Reel
facebook,2026-03-03,Reel
facebook,2026-03-03,Reel
facebook,2026-03-03,Photo
facebook,2026-03-03,Photo
facebook,2026-03-03,Photo
facebook,2026-03-03,Reel
facebook,2026-03-03,Reel
facebook,2026-03-03,Photo
facebook,2026-03-03,Reel
facebook,2026-03-03,Reel
facebook,2026-03-03,Reel
facebook,2026-03-03,Photo
facebook,2026-03-03,Reel
facebook,2026-03-03,Photo
facebook,2026-03-03,Photo
facebook,2026-03-03,Photo
facebook,2026-03-03,Photo
facebook,2026-03-03,Photo
facebook,2026-03-03,Photo
facebook,2026-03-03,Reel
facebook,2026-03-02,Reel
facebook,2026-03-02,Photo
facebook,2026-03-02,Reel
facebook,2026-03-02,Photo
facebook,2026-03-02,Photo
facebook,2026-03-02,Reel
facebook,2026-03-02,Reel
facebook,2026-03-02,Reel
facebook,2026-03-02,Photo
facebook,2026-03-02,Photo
facebook,2026-03-02,Reel
facebook,2026-03-02,Photo
facebook,2026-03-02,Reel
facebook,2026-03-02,Photo
facebook,2026-03-02,Reel
facebook,2026-03-02,Photo
facebook,2026-03-02,Photo
facebook,2026-03-02,Reel
facebook,2026-03-02,Photo
facebook,2026-03-02,Reel
facebook,2026-03-02,Reel
facebook,2026-03-02,Reel
facebook,2026-03-02,Photo
facebook,2026-03-02,Photo
facebook,2026-03-02,Photo
facebook,2026-03-02,Photo
facebook,2026-03-02,Reel
facebook,2026-03-02,Photo
facebook,2026-03-02,Photo
facebook,2026-03-01,Reel
facebook,2026-03-01,Reel
facebook,2026-03-01,Photo
facebook,2026-03-01,Photo
facebook,2026-03-01,Reel
facebook,2026-03-01,Photo
facebook,2026-03-01,Photo
facebook,2026-03-01,Photo
facebook,2026-03-01,Reel
facebook,2026-03-01,Photo
facebook,2026-03-01,Photo
facebook,2026-03-01,Photo
facebook,2026-03-01,Reel
facebook,2026-03-01,Photo
facebook,2026-03-01,Reel
facebook,2026-03-01,Reel
facebook,2026-03-01,Reel
facebook,2026-03-01,Photo
facebook,2026-03-01,Photo
facebook,2026-03-01,Photo
facebook,2026-03-01,Photo
facebook,2026-03-01,Reel
facebook,2026-03-01,Photo
facebook,2026-03-01,Reel
facebook,2026-03-01,Reel
facebook,2026-03-01,Photo
facebook,2026-03-01,Reel
facebook,2026-03-01,Photo
facebook,2026-02-28,Photo
facebook,2026-02-28,Reel
facebook,2026-02-28,Photo
facebook,2026-02-28,Reel
facebook,2026-02-28,Reel
facebook,2026-02-28,Photo
facebook,2026-02-28,Photo
facebook,2026-02-28,Reel
facebook,2026-02-28,Reel
facebook,2026-02-28,Photo
facebook,2026-02-28,Reel
facebook,2026-02-28,Reel
facebook,2026-02-28,Reel
facebook,2026-02-28,Photo
facebook,2026-02-28,Reel
facebook,2026-02-28,Reel
facebook,2026-02-28,Photo
facebook,2026-02-28,Photo
facebook,2026-02-28,Reel
facebook,2026-02-28,Reel
facebook,2026-02-28,Photo
facebook,2026-02-28,Photo
facebook,2026-02-28,Photo
facebook,2026-02-28,Reel
facebook,2026-02-28,Photo
facebook,2026-02-28,Photo
facebook,2026-02-28,Reel
facebook,2026-02-28,Photo
facebook,2026-02-28,Reel
facebook,2026-02-27,Reel
facebook,2026-02-27,Photo
facebook,2026-02-27,Reel
facebook,2026-02-27,Reel
facebook,2026-02-27,Reel
facebook,2026-02-27,Photo
facebook,2026-02-27,Reel
facebook,2026-02-27,Photo
facebook,2026-02-27,Reel
facebook,2026-02-27,Reel
facebook,2026-02-27,Reel
facebook,2026-02-27,Reel
facebook,2026-02-27,Reel
facebook,2026-02-27,Reel
facebook,2026-02-26,Reel
facebook,2026-02-26,Reel
facebook,2026-02-26,Reel
facebook,2026-02-26,Photo
facebook,2026-02-26,Photo
facebook,2026-02-26,Reel
facebook,2026-02-26,Photo
facebook,2026-02-26,Photo
facebook,2026-02-26,Photo
facebook,2026-02-26,Photo
facebook,2026-02-26,Reel
facebook,2026-02-26,Photo
facebook,2026-02-26,Reel
facebook,2026-02-26,Reel
facebook,2026-02-26,Reel
facebook,2026-02-26,Photo
facebook,2026-02-26,Reel
facebook,2026-02-26,Photo
facebook,2026-02-26,Reel
facebook,2026-02-25,Photo
facebook,2026-02-25,Reel
facebook,2026-02-25,Photo
facebook,2026-02-25,Reel
facebook,2026-02-25,Photo
facebook,2026-02-25,Photo
facebook,2026-02-25,Photo
facebook,2026-02-25,Reel
facebook,2026-02-25,Reel
facebook,2026-02-25,Reel
facebook,2026-02-25,Reel
facebook,2026-02-25,Photo
facebook,2026-02-25,Reel
facebook,2026-02-25,Photo
facebook,2026-02-25,Reel
facebook,2026-02-25,Photo
facebook,2026-02-25,Photo
facebook,2026-02-25,Reel
facebook,2026-02-25,Reel
facebook,2026-02-25,Photo
facebook,2026-02-25,Photo
facebook,2026-02-25,Reel
facebook,2026-02-25,Reel
facebook,2026-02-25,Photo
facebook,2026-02-25,Photo
facebook,2026-02-25,Reel
facebook,2026-02-24,Reel
facebook,2026-02-24,Reel
facebook,2026-02-24,Photo
facebook,2026-02-24,Photo
facebook,2026-02-24,Reel
facebook,2026-02-24,Reel
facebook,2026-02-24,Reel
facebook,2026-02-24,Reel
facebook,2026-02-24,Photo
facebook,2026-02-24,Reel
facebook,2026-02-24,Photo
facebook,2026-02-24,Reel
facebook,2026-02-24,Reel
facebook,2026-02-24,Reel
facebook,2026-02-24,Reel
facebook,2026-02-24,Reel
facebook,2026-02-24,Photo
facebook,2026-02-24,Reel
facebook,2026-02-23,Reel
facebook,2026-02-23,Photo
facebook,2026-02-23,Reel
facebook,2026-02-23,Reel
facebook,2026-02-23,Reel
facebook,2026-02-23,Photo
facebook,2026-02-23,Reel
facebook,2026-02-23,Reel
facebook,2026-02-23,Reel
facebook,2026-02-23,Reel
facebook,2026-02-23,Reel
facebook,2026-02-23,Photo
facebook,2026-02-23,Reel
facebook,2026-02-23,Reel
facebook,2026-02-23,Reel
facebook,2026-02-23,Reel
facebook,2026-02-23,Reel
facebook,2026-02-23,Photo
facebook,2026-02-23,Photo
facebook,2026-02-23,Reel
facebook,2026-02-22,Photo
facebook,2026-02-22,Reel
facebook,2026-02-22,Reel
facebook,2026-02-22,Photo
facebook,2026-02-22,Photo
facebook,2026-02-22,Reel
facebook,2026-02-22,Photo
facebook,2026-02-22,Reel
facebook,2026-02-22,Photo
facebook,2026-02-22,Reel
facebook,2026-02-22,Photo
facebook,2026-02-22,Photo
facebook,2026-02-22,Reel
facebook,2026-02-22,Reel
facebook,2026-02-22,Photo
facebook,2026-02-22,Reel
facebook,2026-02-22,Reel
facebook,2026-02-21,Reel
facebook,2026-02-21,Reel
facebook,2026-02-21,Reel
facebook,2026-02-21,Reel
facebook,2026-02-21,Photo
facebook,2026-02-21,Reel
facebook,2026-02-21,Photo
facebook,2026-02-21,Reel
facebook,2026-02-21,Photo
facebook,2026-02-21,Reel
facebook,2026-02-21,Reel
facebook,2026-02-21,Reel
facebook,2026-02-20,Reel
facebook,2026-02-20,Reel
facebook,2026-02-20,Photo
facebook,2026-02-20,Photo
facebook,2026-02-20,Photo
facebook,2026-02-20,Reel
facebook,2026-02-20,Photo
facebook,2026-02-20,Reel
facebook,2026-02-20,Photo
facebook,2026-02-20,Reel
facebook,2026-02-20,Reel
facebook,2026-02-20,Reel
facebook,2026-02-20,Reel
facebook,2026-02-20,Photo
facebook,2026-02-20,Photo
facebook,2026-02-20,Reel
facebook,2026-02-19,Reel
facebook,2026-02-19,Reel
facebook,2026-02-19,Photo
facebook,2026-02-19,Photo
facebook,2026-02-19,Photo
facebook,2026-02-19,Reel
facebook,2026-02-19,Reel
facebook,2026-02-19,Reel
facebook,2026-02-19,Reel
facebook,2026-02-19,Reel
facebook,2026-02-19,Reel
facebook,2026-02-19,Photo
facebook,2026-02-19,Photo
facebook,2026-02-19,Photo
facebook,2026-02-19,Reel
facebook,2026-02-19,Photo
facebook,2026-02-19,Reel
facebook,2026-02-18,Reel
facebook,2026-02-18,Reel
facebook,2026-02-18,Reel
facebook,2026-02-18,Photo
facebook,2026-02-18,Photo
facebook,2026-02-18,Photo
facebook,2026-02-18,Reel
facebook,2026-02-18,Photo
facebook,2026-02-18,Reel
facebook,2026-02-18,Reel
facebook,2026-02-18,Reel
facebook,2026-02-18,Photo
facebook,2026-02-18,Reel
facebook,2026-02-18,Reel
facebook,2026-02-18,Photo
facebook,2026-02-18,Reel
facebook,2026-02-18,Photo
facebook,2026-02-18,Photo
facebook,2026-02-18,Photo
facebook,2026-02-18,Reel
facebook,2026-02-18,Photo
facebook,2026-02-18,Reel
facebook,2026-02-18,Reel
facebook,2026-02-18,Photo
facebook,2026-02-18,Reel
facebook,2026-02-18,Photo
facebook,2026-02-18,Photo
facebook,2026-02-18,Reel
facebook,2026-02-17,Reel
facebook,2026-02-17,Photo
facebook,2026-02-17,Reel
facebook,2026-02-17,Photo
facebook,2026-02-17,Reel
facebook,2026-02-17,Reel
facebook,2026-02-17,Photo
facebook,2026-02-17,Reel
facebook,2026-02-17,Photo
facebook,2026-02-17,Reel
facebook,2026-02-17,Photo
facebook,2026-02-17,Photo
facebook,2026-02-17,Photo
facebook,2026-02-17,Photo
facebook,2026-02-17,Photo
facebook,2026-02-17,Reel
facebook,2026-02-17,Reel
facebook,2026-02-17,Reel
facebook,2026-02-17,Photo
facebook,2026-02-17,Photo
facebook,2026-02-17,Reel
facebook,2026-02-17,Photo
facebook,2026-02-17,Photo
facebook,2026-02-17,Reel
facebook,2026-02-16,Reel
facebook,2026-02-16,Photo
facebook,2026-02-16,Photo
facebook,2026-02-16,Photo
facebook,2026-02-16,Photo
facebook,2026-02-16,Reel
facebook,2026-02-16,Photo
facebook,2026-02-16,Photo
facebook,2026-02-16,Photo
facebook,2026-02-16,Photo
facebook,2026-02-16,Reel
facebook,2026-02-16,Photo
facebook,2026-02-16,Reel
facebook,2026-02-16,Photo
facebook,2026-02-16,Reel
facebook,2026-02-16,Photo
facebook,2026-02-16,Photo
facebook,2026-02-16,Reel
facebook,2026-02-16,Photo
facebook,2026-02-16,Photo
facebook,2026-02-16,Reel
facebook,2026-02-16,Reel
facebook,2026-02-15,Reel
facebook,2026-02-15,Reel
facebook,2026-02-15,Reel
facebook,2026-02-15,Reel
facebook,2026-02-15,Photo
facebook,2026-02-15,Photo
facebook,2026-02-15,Photo
facebook,2026-02-15,Reel
facebook,2026-02-15,Photo
facebook,2026-02-15,Photo
facebook,2026-02-15,Reel
facebook,2026-02-15,Photo
facebook,2026-02-15,Reel
facebook,2026-02-15,Photo
facebook,2026-02-15,Reel
facebook,2026-02-15,Reel
facebook,2026-02-15,Photo
facebook,2026-02-15,Photo
facebook,2026-02-14,Reel
facebook,2026-02-14,Reel
facebook,2026-02-14,Reel
facebook,2026-02-14,Photo
facebook,2026-02-14,Photo
facebook,2026-02-14,Photo
facebook,2026-02-14,Photo
facebook,2026-02-14,Photo
facebook,2026-02-14,Photo
facebook,2026-02-14,Photo
facebook,2026-02-14,Reel
facebook,2026-02-14,Photo
facebook,2026-02-14,Reel
facebook,2026-02-14,Reel
facebook,2026-02-14,Reel
facebook,2026-02-14,Reel
facebook,2026-02-14,Reel
facebook,2026-02-13,Reel
facebook,2026-02-13,Photo
facebook,2026-02-13,Reel
facebook,2026-02-13,Photo
facebook,2026-02-13,Reel
facebook,2026-02-13,Photo
facebook,2026-02-13,Reel
facebook,2026-02-13,Reel
facebook,2026-02-13,Reel
facebook,2026-02-13,Photo
facebook,2026-02-13,Photo
facebook,2026-02-13,Photo
facebook,2026-02-12,Reel
facebook,2026-02-12,Photo
facebook,2026-02-12,Reel
facebook,2026-02-12,Reel
facebook,2026-02-12,Reel
facebook,2026-02-12,Reel
facebook,2026-02-12,Photo
facebook,2026-02-12,Photo
facebook,2026-02-12,Reel
facebook,2026-02-12,Reel
facebook,2026-02-12,Reel
facebook,2026-02-12,Photo
facebook,2026-02-12,Reel
facebook,2026-02-12,Reel
facebook,2026-02-12,Reel
facebook,2026-02-12,Photo
facebook,2026-02-12,Reel
facebook,2026-02-12,Reel
facebook,2026-02-12,Photo
facebook,2026-02-12,Reel
facebook,2026-02-12,Reel
facebook,2026-02-12,Reel
facebook,2026-02-12,Photo
facebook,2026-02-12,Reel
facebook,2026-02-12,Photo
facebook,2026-02-12,Photo
facebook,2026-02-12,Photo
facebook,2026-02-12,Reel
facebook,2026-02-12,Reel
facebook,2026-02-12,Photo
facebook,2026-02-12,Reel
facebook,2026-02-11,Reel
facebook,2026-02-11,Photo
facebook,2026-02-11,Reel
facebook,2026-02-11,Photo
facebook,2026-02-11,Reel
facebook,2026-02-11,Photo
facebook,2026-02-11,Reel
facebook,2026-02-11,Photo
facebook,2026-02-11,Reel
facebook,2026-02-11,Reel
facebook,2026-02-11,Reel
facebook,2026-02-11,Reel
facebook,2026-02-11,Reel
facebook,2026-02-11,Reel
facebook,2026-02-11,Photo
facebook,2026-02-11,Reel
facebook,2026-02-11,Photo
facebook,2026-02-11,Photo
facebook,2026-02-11,Photo
facebook,2026-02-11,Photo
facebook,2026-02-11,Reel
facebook,2026-02-11,Photo
facebook,2026-02-11,Photo
facebook,2026-02-11,Photo
facebook,2026-02-11,Photo
facebook,2026-02-11,Reel
facebook,2026-02-11,Reel
facebook,2026-02-10,Reel
facebook,2026-02-10,Reel
facebook,2026-02-10,Photo
facebook,2026-02-10,Photo
facebook,2026-02-10,Photo
facebook,2026-02-10,Photo
facebook,2026-02-10,Photo
facebook,2026-02-10,Photo
facebook,2026-02-10,Reel
facebook,2026-02-10,Reel
facebook,2026-02-10,Photo
facebook,2026-02-10,Reel
facebook,2026-02-10,Reel
facebook,2026-02-10,Reel
facebook,2026-02-10,Reel
facebook,2026-02-09,Reel
facebook,2026-02-09,Reel
facebook,2026-02-09,Reel
facebook,2026-02-09,Reel
facebook,2026-02-09,Reel
facebook,2026-02-09,Photo
facebook,2026-02-09,Reel
facebook,2026-02-09,Reel
facebook,2026-02-09,Reel
facebook,2026-02-09,Photo
facebook,2026-02-09,Photo
facebook,2026-02-09,Reel
facebook,2026-02-09,Reel
facebook,2026-02-09,Photo
facebook,2026-02-09,Reel
facebook,2026-02-09,Reel
facebook,2026-02-09,Reel
facebook,2026-02-09,Photo
facebook,2026-02-09,Reel
facebook,2026-02-08,Reel
facebook,2026-02-08,Reel
facebook,2026-02-08,Reel
facebook,2026-02-08,Photo
facebook,2026-02-08,Reel
facebook,2026-02-08,Photo
facebook,2026-02-08,Reel
facebook,2026-02-08,Photo
facebook,2026-02-08,Photo
facebook,2026-02-08,Photo
facebook,2026-02-08,Photo
facebook,2026-02-08,Photo
facebook,2026-02-08,Photo
facebook,2026-02-08,Reel
facebook,2026-02-08,Reel
facebook,2026-02-08,Photo
facebook,2026-02-08,Reel
facebook,2026-02-08,Photo
facebook,2026-02-08,Photo
facebook,2026-02-08,Reel
facebook,2026-02-07,Reel
facebook,2026-02-07,Photo
facebook,2026-02-07,Photo
facebook,2026-02-07,Reel
facebook,2026-02-07,Reel
facebook,2026-02-07,Reel
facebook,2026-02-07,Reel
facebook,2026-02-07,Photo
facebook,2026-02-07,Reel
facebook,2026-02-07,Photo
facebook,2026-02-07,Reel
facebook,2026-02-07,Reel
facebook,2026-02-06,Reel
facebook,2026-02-06,Reel
facebook,2026-02-06,Photo
facebook,2026-02-06,Reel
facebook,2026-02-06,Photo
facebook,2026-02-06,Reel
facebook,2026-02-06,Photo
facebook,2026-02-06,Reel
facebook,2026-02-06,Reel
facebook,2026-02-06,Reel
facebook,2026-02-06,Photo
facebook,2026-02-06,Reel
facebook,2026-02-06,Photo
facebook,2026-02-06,Photo
facebook,2026-02-06,Photo
facebook,2026-02-06,Reel
facebook,2026-02-05,Reel
facebook,2026-02-05,Reel
facebook,2026-02-05,Photo
facebook,2026-02-05,Reel
facebook,2026-02-05,Reel
facebook,2026-02-05,Photo
facebook,2026-02-05,Photo
facebook,2026-02-05,Photo
facebook,2026-02-05,Photo
facebook,2026-02-05,Reel
facebook,2026-02-05,Reel
facebook,2026-02-05,Reel
facebook,2026-02-05,Reel
facebook,2026-02-04,Reel
facebook,2026-02-04,Photo
facebook,2026-02-04,Photo
facebook,2026-02-04,Photo
facebook,2026-02-04,Photo
facebook,2026-02-04,Photo
facebook,2026-02-04,Reel
facebook,2026-02-04,Photo
facebook,2026-02-04,Reel
facebook,2026-02-04,Photo
facebook,2026-02-04,Photo
facebook,2026-02-04,Photo
facebook,2026-02-04,Reel
facebook,2026-02-04,Photo
facebook,2026-02-04,Photo
facebook,2026-02-04,Photo
facebook,2026-02-04,Reel
facebook,2026-02-04,Photo
facebook,2026-02-04,Photo
facebook,2026-02-04,Photo
facebook,2026-02-04,Reel
facebook,2026-02-03,Photo
facebook,2026-02-03,Photo
facebook,2026-02-03,Photo
facebook,2026-02-03,Reel
facebook,2026-02-03,Photo
facebook,2026-02-03,Reel
facebook,2026-02-03,Reel
facebook,2026-02-03,Reel
facebook,2026-02-03,Reel
facebook,2026-02-03,Photo
facebook,2026-02-03,Reel
facebook,2026-02-03,Photo
facebook,2026-02-03,Photo
facebook,2026-02-03,Photo
facebook,2026-02-03,Reel
facebook,2026-02-03,Reel
facebook,2026-02-03,Reel
facebook,2026-02-03,Reel
facebook,2026-02-03,Photo
facebook,2026-02-03,Photo
facebook,2026-02-03,Reel
facebook,2026-02-03,Photo
facebook,2026-02-03,Photo
facebook,2026-02-03,Reel
facebook,2026-02-03,Reel
facebook,2026-02-03,Reel
facebook,2026-02-02,Photo
facebook,2026-02-02,Reel
facebook,2026-02-02,Photo
facebook,2026-02-02,Photo
facebook,2026-02-02,Photo
facebook,2026-02-02,Photo
facebook,2026-02-02,Photo
facebook,2026-02-02,Reel
facebook,2026-02-02,Photo
facebook,2026-02-02,Reel
facebook,2026-02-02,Reel
facebook,2026-02-02,Reel
facebook,2026-02-02,Photo
facebook,2026-02-02,Reel
facebook,2026-02-02,Reel
facebook,2026-02-02,Reel
facebook,2026-02-02,Reel
facebook,2026-02-02,Photo
facebook,2026-02-02,Photo
facebook,2026-02-01,Reel
facebook,2026-02-01,Photo
facebook,2026-02-01,Photo
facebook,2026-02-01,Reel
facebook,2026-02-01,Photo
facebook,2026-02-01,Photo
facebook,2026-02-01,Photo
facebook,2026-02-01,Photo
facebook,2026-02-01,Photo
facebook,2026-02-01,Photo
facebook,2026-02-01,Reel
facebook,2026-02-01,Photo
facebook,2026-02-01,Photo
facebook,2026-02-01,Reel
facebook,2026-02-01,Photo
facebook,2026-02-01,Reel
facebook,2026-02-01,Reel
facebook,2026-01-31,Photo
facebook,2026-01-31,Reel
facebook,2026-01-31,Reel
facebook,2026-01-31,Photo
facebook,2026-01-31,Reel
facebook,2026-01-31,Reel
facebook,2026-01-31,Photo
facebook,2026-01-31,Reel
facebook,2026-01-31,Reel
facebook,2026-01-31,Reel
facebook,2026-01-31,Reel
facebook,2026-01-31,Reel
facebook,2026-01-31,Reel
facebook,2026-01-30,Photo
facebook,2026-01-30,Reel
facebook,2026-01-30,Reel
facebook,2026-01-30,Reel
facebook,2026-01-30,Photo
facebook,2026-01-30,Photo
facebook,2026-01-30,Reel
facebook,2026-01-30,Reel
facebook,2026-01-30,Photo
facebook,2026-01-30,Photo
facebook,2026-01-30,Photo
facebook,2026-01-30,Reel
facebook,2026-01-30,Reel
facebook,2026-01-30,Reel
facebook,2026-01-30,Photo
facebook,2026-01-30,Photo
facebook,2026-01-29,Reel
facebook,2026-01-29,Reel
facebook,2026-01-29,Reel
facebook,2026-01-29,Reel
facebook,2026-01-29,Photo
facebook,2026-01-29,Reel
facebook,2026-01-29,Photo
facebook,2026-01-29,Photo
facebook,2026-01-29,Photo
facebook,2026-01-29,Reel
facebook,2026-01-29,Reel
facebook,2026-01-29,Reel
facebook,2026-01-29,Reel
facebook,2026-01-29,Reel
facebook,2026-01-29,Reel
facebook,2026-01-29,Reel
facebook,2026-01-29,Reel
facebook,2026-01-29,Reel
facebook,2026-01-29,Reel
facebook,2026-01-29,Reel
facebook,2026-01-29,Photo
facebook,2026-01-29,Reel
facebook,2026-01-28,Photo
facebook,2026-01-28,Reel
facebook,2026-01-28,Reel
facebook,2026-01-28,Photo
facebook,2026-01-28,Reel
facebook,2026-01-28,Reel
facebook,2026-01-28,Photo
facebook,2026-01-28,Reel
facebook,2026-01-28,Reel
facebook,2026-01-28,Reel
facebook,2026-01-28,Reel
facebook,2026-01-28,Photo
facebook,2026-01-28,Reel
facebook,2026-01-28,Reel
facebook,2026-01-28,Photo
facebook,2026-01-28,Reel
facebook,2026-01-28,Reel
facebook,2026-01-28,Reel
facebook,2026-01-28,Reel
facebook,2026-01-28,Reel
facebook,2026-01-28,Reel
facebook,2026-01-28,Reel
facebook,2026-01-28,Reel
facebook,2026-01-28,Reel
facebook,2026-01-28,Reel
facebook,2026-01-27,Reel
facebook,2026-01-27,Reel
facebook,2026-01-27,Photo
facebook,2026-01-27,Photo
facebook,2026-01-27,Reel
facebook,2026-01-27,Photo
facebook,2026-01-27,Photo
facebook,2026-01-27,Photo
facebook,2026-01-27,Photo
facebook,2026-01-27,Reel
facebook,2026-01-27,Photo
facebook,2026-01-27,Photo
facebook,2026-01-27,Photo
facebook,2026-01-27,Photo
facebook,2026-01-27,Photo
facebook,2026-01-27,Photo
facebook,2026-01-27,Reel
facebook,2026-01-27,Reel
facebook,2026-01-27,Reel
facebook,2026-01-27,Photo
facebook,2026-01-27,Reel
facebook,2026-01-27,Photo
facebook,2026-01-27,Reel
facebook,2026-01-27,Reel
facebook,2026-01-26,Reel
facebook,2026-01-26,Reel
facebook,2026-01-26,Photo
facebook,2026-01-26,Reel
facebook,2026-01-26,Reel
facebook,2026-01-26,Reel
facebook,2026-01-26,Reel
facebook,2026-01-26,Photo
facebook,2026-01-26,Reel
facebook,2026-01-26,Photo
facebook,2026-01-26,Photo
facebook,2026-01-26,Photo
facebook,2026-01-26,Photo
facebook,2026-01-26,Reel
facebook,2026-01-26,Photo
facebook,2026-01-26,Reel
facebook,2026-01-26,Photo
facebook,2026-01-26,Reel
facebook,2026-01-25,Reel
facebook,2026-01-25,Reel
facebook,2026-01-25,Reel
facebook,2026-01-25,Photo
facebook,2026-01-25,Photo
facebook,2026-01-25,Photo
facebook,2026-01-25,Photo
facebook,2026-01-25,Photo
facebook,2026-01-25,Reel
facebook,2026-01-25,Reel
facebook,2026-01-25,Reel
facebook,2026-01-25,Photo
facebook,2026-01-25,Photo
facebook,2026-01-25,Reel
facebook,2026-01-24,Reel
facebook,2026-01-24,Photo
facebook,2026-01-24,Photo
facebook,2026-01-24,Photo
facebook,2026-01-24,Photo
facebook,2026-01-24,Reel
facebook,2026-01-24,Reel
facebook,2026-01-24,Reel
facebook,2026-01-24,Reel
facebook,2026-01-24,Photo
facebook,2026-01-23,Reel
facebook,2026-01-23,Photo
facebook,2026-01-23,Reel
facebook,2026-01-23,Photo
facebook,2026-01-23,Reel
facebook,2026-01-23,Reel
facebook,2026-01-23,Reel
facebook,2026-01-23,Reel
facebook,2026-01-22,Reel
facebook,2026-01-22,Reel
facebook,2026-01-22,Reel
facebook,2026-01-22,Photo
facebook,2026-01-22,Reel
facebook,2026-01-22,Photo
facebook,2026-01-22,Photo
facebook,2026-01-22,Reel
facebook,2026-01-22,Photo
facebook,2026-01-22,Reel
facebook,2026-01-22,Photo
facebook,2026-01-22,Photo
facebook,2026-01-22,Reel
facebook,2026-01-22,Photo
facebook,2026-01-22,Photo
facebook,2026-01-22,Reel
facebook,2026-01-22,Reel
facebook,2026-01-21,Reel
facebook,2026-01-21,Reel
facebook,2026-01-21,Reel
facebook,2026-01-21,Photo
facebook,2026-01-21,Reel
facebook,2026-01-21,Photo
facebook,2026-01-21,Reel
facebook,2026-01-21,Reel
facebook,2026-01-21,Reel
facebook,2026-01-21,Photo
facebook,2026-01-21,Reel
facebook,2026-01-21,Reel
facebook,2026-01-21,Photo
facebook,2026-01-21,Reel
facebook,2026-01-21,Photo
facebook,2026-01-21,Reel
facebook,2026-01-21,Photo
facebook,2026-01-21,Reel
facebook,2026-01-21,Photo
facebook,2026-01-21,Reel
facebook,2026-01-20,Photo
facebook,2026-01-20,Photo
facebook,2026-01-20,Reel
facebook,2026-01-20,Photo
facebook,2026-01-20,Reel
facebook,2026-01-20,Photo
facebook,2026-01-20,Reel
facebook,2026-01-20,Reel
facebook,2026-01-20,Reel
facebook,2026-01-20,Photo
facebook,2026-01-20,Photo
facebook,2026-01-20,Photo
facebook,2026-01-20,Reel
facebook,2026-01-20,Reel
facebook,2026-01-20,Reel
facebook,2026-01-20,Photo
facebook,2026-01-20,Reel
facebook,2026-01-20,Photo
facebook,2026-01-20,Photo
facebook,2026-01-19,Reel
facebook,2026-01-19,Reel
facebook,2026-01-19,Photo
facebook,2026-01-19,Photo
facebook,2026-01-19,Photo
facebook,2026-01-19,Photo
facebook,2026-01-19,Reel
facebook,2026-01-19,Photo
facebook,2026-01-19,Photo
facebook,2026-01-19,Photo
facebook,2026-01-19,Photo
facebook,2026-01-19,Reel
facebook,2026-01-19,Reel
facebook,2026-01-19,Photo
facebook,2026-01-19,Reel
facebook,2026-01-19,Reel
facebook,2026-01-19,Reel
facebook,2026-01-18,Reel
facebook,2026-01-18,Reel
facebook,2026-01-18,Photo
facebook,2026-01-18,Photo
facebook,2026-01-18,Reel
facebook,2026-01-18,Reel
facebook,2026-01-18,Reel
facebook,2026-01-18,Photo
facebook,2026-01-18,Photo
facebook,2026-01-18,Photo
facebook,2026-01-18,Photo
facebook,2026-01-18,Reel
facebook,2026-01-18,Photo
facebook,2026-01-18,Reel
facebook,2026-01-18,Reel
facebook,2026-01-17,Reel
facebook,2026-01-17,Photo
facebook,2026-01-17,Reel
facebook,2026-01-17,Photo
facebook,2026-01-17,Photo
facebook,2026-01-17,Reel
facebook,2026-01-17,Reel
facebook,2026-01-17,Reel
facebook,2026-01-17,Reel
facebook,2026-01-17,Photo
facebook,2026-01-17,Reel
facebook,2026-01-16,Photo
facebook,2026-01-16,Reel
facebook,2026-01-16,Photo
facebook,2026-01-16,Reel
facebook,2026-01-16,Photo
facebook,2026-01-16,Photo
facebook,2026-01-16,Photo
facebook,2026-01-16,Reel
facebook,2026-01-16,Photo
facebook,2026-01-16,Reel
facebook,2026-01-16,Photo
facebook,2026-01-16,Reel
facebook,2026-01-16,Photo
facebook,2026-01-16,Reel
facebook,2026-01-15,Reel
facebook,2026-01-15,Reel
facebook,2026-01-15,Reel
facebook,2026-01-15,Photo
facebook,2026-01-15,Photo
facebook,2026-01-15,Photo
facebook,2026-01-15,Reel
facebook,2026-01-15,Photo
facebook,2026-01-15,Reel
facebook,2026-01-15,Photo
facebook,2026-01-15,Photo
facebook,2026-01-15,Reel
facebook,2026-01-15,Reel
facebook,2026-01-15,Photo
facebook,2026-01-15,Reel
facebook,2026-01-15,Photo
facebook,2026-01-15,Reel
facebook,2026-01-14,Photo
facebook,2026-01-14,Reel
facebook,2026-01-14,Photo
facebook,2026-01-14,Reel
facebook,2026-01-14,Photo
facebook,2026-01-14,Reel
facebook,2026-01-14,Reel
facebook,2026-01-14,Photo
facebook,2026-01-14,Photo
facebook,2026-01-14,Reel
facebook,2026-01-14,Photo
facebook,2026-01-14,Reel
facebook,2026-01-14,Photo
facebook,2026-01-14,Photo
facebook,2026-01-14,Reel
facebook,2026-01-14,Reel
facebook,2026-01-13,Reel
facebook,2026-01-13,Reel
facebook,2026-01-13,Reel
facebook,2026-01-13,Photo
facebook,2026-01-13,Reel
facebook,2026-01-13,Reel
facebook,2026-01-13,Reel
facebook,2026-01-13,Reel
facebook,2026-01-13,Reel
facebook,2026-01-13,Photo
facebook,2026-01-13,Reel
facebook,2026-01-13,Photo
facebook,2026-01-13,Photo
facebook,2026-01-13,Reel
facebook,2026-01-12,Reel
facebook,2026-01-12,Photo
facebook,2026-01-12,Photo
facebook,2026-01-12,Photo
facebook,2026-01-12,Reel
facebook,2026-01-12,Photo
facebook,2026-01-12,Photo
facebook,2026-01-12,Reel
facebook,2026-01-12,Photo
facebook,2026-01-12,Photo
facebook,2026-01-12,Reel
facebook,2026-01-12,Photo
facebook,2026-01-12,Photo
facebook,2026-01-12,Reel
facebook,2026-01-12,Reel
facebook,2026-01-12,Reel
facebook,2026-01-12,Photo
facebook,2026-01-12,Reel
facebook,2026-01-12,Reel
facebook,2026-01-11,Reel
facebook,2026-01-11,Reel
facebook,2026-01-11,Photo
facebook,2026-01-11,Reel
facebook,2026-01-11,Reel
facebook,2026-01-11,Photo
facebook,2026-01-11,Photo
facebook,2026-01-11,Reel
facebook,2026-01-11,Photo
facebook,2026-01-11,Reel
facebook,2026-01-11,Photo
facebook,2026-01-11,Reel
facebook,2026-01-11,Photo
facebook,2026-01-11,Reel
facebook,2026-01-10,Photo
facebook,2026-01-10,Reel
facebook,2026-01-10,Photo
facebook,2026-01-10,Photo
facebook,2026-01-10,Photo
facebook,2026-01-10,Reel
facebook,2026-01-10,Photo
facebook,2026-01-10,Reel
facebook,2026-01-10,Reel
facebook,2026-01-10,Reel
facebook,2026-01-10,Reel
facebook,2026-01-10,Reel
facebook,2026-01-09,Reel
facebook,2026-01-09,Reel
facebook,2026-01-09,Reel
facebook,2026-01-09,Reel
facebook,2026-01-09,Photo
facebook,2026-01-09,Photo
facebook,2026-01-09,Reel
facebook,2026-01-09,Photo
facebook,2026-01-09,Reel
facebook,2026-01-09,Photo
facebook,2026-01-09,Reel
facebook,2026-01-09,Reel
facebook,2026-01-09,Reel
facebook,2026-01-09,Reel
facebook,2026-01-09,Photo
facebook,2026-01-09,Reel
facebook,2026-01-08,Photo
facebook,2026-01-08,Reel
facebook,2026-01-08,Reel
facebook,2026-01-08,Photo
facebook,2026-01-08,Photo
facebook,2026-01-08,Reel
facebook,2026-01-08,Reel
facebook,2026-01-08,Reel
facebook,2026-01-08,Reel
facebook,2026-01-08,Reel
facebook,2026-01-08,Reel
facebook,2026-01-08,Photo
facebook,2026-01-08,Reel
facebook,2026-01-08,Reel
facebook,2026-01-08,Reel
facebook,2026-01-08,Photo
facebook,2026-01-08,Reel
facebook,2026-01-08,Photo
facebook,2026-01-08,Photo
facebook,2026-01-08,Reel
facebook,2026-01-07,Reel
facebook,2026-01-07,Photo
facebook,2026-01-07,Reel
facebook,2026-01-07,Photo
facebook,2026-01-07,Photo
facebook,2026-01-07,Reel
facebook,2026-01-07,Photo
facebook,2026-01-07,Reel
facebook,2026-01-07,Photo
facebook,2026-01-07,Photo
facebook,2026-01-07,Photo
facebook,2026-01-07,Reel
facebook,2026-01-07,Reel
facebook,2026-01-07,Reel
facebook,2026-01-06,Reel
facebook,2026-01-06,Reel
facebook,2026-01-06,Reel
facebook,2026-01-06,Reel
facebook,2026-01-06,Reel
facebook,2026-01-06,Photo
facebook,2026-01-06,Reel
facebook,2026-01-06,Photo
facebook,2026-01-06,Reel
facebook,2026-01-06,Reel
facebook,2026-01-06,Reel
facebook,2026-01-05,Photo
facebook,2026-01-05,Reel
facebook,2026-01-05,Photo
facebook,2026-01-05,Photo
facebook,2026-01-05,Photo
facebook,2026-01-05,Reel
facebook,2026-01-05,Reel
facebook,2026-01-05,Reel
facebook,2026-01-05,Photo
facebook,2026-01-05,Photo
facebook,2026-01-05,Reel
facebook,2026-01-04,Reel
facebook,2026-01-04,Reel
facebook,2026-01-04,Photo
facebook,2026-01-04,Reel
facebook,2026-01-04,Reel
facebook,2026-01-04,Photo
facebook,2026-01-04,Photo
facebook,2026-01-04,Reel
facebook,2026-01-04,Reel
facebook,2026-01-04,Photo
facebook,2026-01-04,Reel
facebook,2026-01-04,Photo
facebook,2026-01-04,Photo
facebook,2026-01-04,Reel
facebook,2026-01-04,Reel
facebook,2026-01-04,Photo
facebook,2026-01-04,Photo
facebook,2026-01-04,Reel
facebook,2026-01-03,Reel
facebook,2026-01-03,Photo
facebook,2026-01-03,Photo
facebook,2026-01-03,Reel
facebook,2026-01-03,Reel
facebook,2026-01-03,Photo
facebook,2026-01-03,Reel
facebook,2026-01-03,Photo
facebook,2026-01-03,Photo
facebook,2026-01-03,Photo
facebook,2026-01-03,Reel
facebook,2026-01-03,Photo
facebook,2026-01-03,Reel
facebook,2026-01-03,Reel
facebook,2026-01-02,Reel
facebook,2026-01-02,Photo
facebook,2026-01-02,Reel
facebook,2026-01-02,Reel
facebook,2026-01-02,Photo
facebook,2026-01-02,Photo
facebook,2026-01-02,Reel
facebook,2026-01-02,Reel
facebook,2026-01-02,Reel
facebook,2026-01-02,Photo
facebook,2026-01-02,Photo
facebook,2026-01-02,Reel
facebook,2026-01-02,Reel
facebook,2026-01-02,Reel
facebook,2026-01-02,Reel
facebook,2026-01-01,Reel
facebook,2026-01-01,Reel
facebook,2026-01-01,Reel
facebook,2026-01-01,Reel
facebook,2026-01-01,Photo
facebook,2026-01-01,Reel
facebook,2026-01-01,Reel
facebook,2026-01-01,Reel
facebook,2026-01-01,Photo
facebook,2026-01-01,Photo
facebook,2026-01-01,Reel
facebook,2026-01-01,Photo
facebook,2026-01-01,Photo
facebook,2026-01-01,Photo
facebook,2026-01-01,Reel
facebook,2026-01-01,Reel
facebook,2025-12-31,Reel
facebook,2025-12-31,Photo
facebook,2025-12-31,Reel
facebook,2025-12-31,Reel
facebook,2025-12-31,Reel
facebook,2025-12-31,Reel
facebook,2025-12-31,Reel
facebook,2025-12-31,Photo
facebook,2025-12-31,Reel
facebook,2025-12-31,Reel
facebook,2025-12-31,Photo
facebook,2025-12-31,Reel
facebook,2025-12-30,Reel
facebook,2025-12-30,Photo
facebook,2025-12-30,Photo
facebook,2025-12-30,Photo
facebook,2025-12-30,Reel
facebook,2025-12-30,Reel
facebook,2025-12-30,Photo
facebook,2025-12-30,Reel
facebook,2025-12-30,Photo
facebook,2025-12-30,Photo
facebook,2025-12-30,Reel
facebook,2025-12-30,Photo
facebook,2025-12-30,Photo
facebook,2025-12-30,Reel
facebook,2025-12-29,Photo
facebook,2025-12-29,Photo
facebook,2025-12-29,Reel
facebook,2025-12-29,Photo
facebook,2025-12-29,Photo
facebook,2025-12-29,Photo
facebook,2025-12-29,Reel
facebook,2025-12-29,Reel
facebook,2025-12-29,Photo
facebook,2025-12-29,Photo
facebook,2025-12-29,Reel
facebook,2025-12-29,Photo
facebook,2025-12-29,Reel
facebook,2025-12-29,Photo
facebook,2025-12-29,Photo
facebook,2025-12-29,Reel
facebook,2025-12-29,Reel
facebook,2025-12-29,Reel
facebook,2025-12-29,Photo
facebook,2025-12-29,Reel
facebook,2025-12-28,Reel
facebook,2025-12-28,Reel
facebook,2025-12-28,Reel
facebook,2025-12-28,Reel
facebook,2025-12-28,Photo
facebook,2025-12-28,Reel
facebook,2025-12-28,Reel
facebook,2025-12-28,Reel
facebook,2025-12-28,Photo
facebook,2025-12-28,Photo
facebook,2025-12-28,Reel
facebook,2025-12-28,Reel
facebook,2025-12-28,Reel
facebook,2025-12-28,Photo
facebook,2025-12-28,Reel
facebook,2025-12-27,Reel
facebook,2025-12-27,Photo
facebook,2025-12-27,Photo
facebook,2025-12-27,Photo
facebook,2025-12-27,Photo
facebook,2025-12-27,Reel
facebook,2025-12-27,Reel
facebook,2025-12-27,Reel
facebook,2025-12-26,Reel
facebook,2025-12-26,Reel
facebook,2025-12-26,Reel
facebook,2025-12-26,Reel
facebook,2025-12-26,Photo
facebook,2025-12-26,Photo
facebook,2025-12-26,Reel
facebook,2025-12-26,Photo
facebook,2025-12-26,Reel
facebook,2025-12-26,Reel
facebook,2025-12-25,Reel
facebook,2025-12-25,Reel
facebook,2025-12-25,Photo
facebook,2025-12-25,Photo
facebook,2025-12-25,Reel
facebook,2025-12-25,Photo
facebook,2025-12-25,Reel
facebook,2025-12-25,Reel
facebook,2025-12-25,Photo
facebook,2025-12-25,Photo
facebook,2025-12-25,Photo
facebook,2025-12-25,Photo
facebook,2025-12-25,Photo
facebook,2025-12-25,Reel
facebook,2025-12-25,Reel
facebook,2025-12-25,Reel
facebook,2025-12-25,Photo
facebook,2025-12-25,Photo
facebook,2025-12-25,Reel
facebook,2025-12-25,Photo
facebook,2025-12-25,Reel
facebook,2025-12-24,Reel
facebook,2025-12-24,Reel
facebook,2025-12-24,Reel
facebook,2025-12-24,Photo
facebook,2025-12-24,Reel
facebook,2025-12-24,Photo
facebook,2025-12-24,Reel
facebook,2025-12-24,Photo
facebook,2025-12-24,Reel
facebook,2025-12-24,Photo
facebook,2025-12-24,Reel
facebook,2025-12-24,Reel
facebook,2025-12-24,Photo
facebook,2025-12-24,Photo
facebook,2025-12-24,Reel
facebook,2025-12-23,Reel
facebook,2025-12-23,Photo
facebook,2025-12-23,Photo
facebook,2025-12-23,Reel
facebook,2025-12-23,Photo
facebook,2025-12-23,Reel
facebook,2025-12-23,Photo
facebook,2025-12-23,Reel
facebook,2025-12-23,Reel
facebook,2025-12-23,Reel
facebook,2025-12-23,Reel
facebook,2025-12-23,Reel
facebook,2025-12-23,Photo
facebook,2025-12-23,Reel
facebook,2025-12-23,Reel
facebook,2025-12-23,Photo
facebook,2025-12-23,Reel
facebook,2025-12-22,Reel
facebook,2025-12-22,Photo
facebook,2025-12-22,Reel
facebook,2025-12-22,Photo
facebook,2025-12-22,Photo
facebook,2025-12-22,Reel
facebook,2025-12-22,Reel
facebook,2025-12-21,Photo
facebook,2025-12-21,Reel
facebook,2025-12-21,Reel
facebook,2025-12-21,Reel
facebook,2025-12-21,Photo
facebook,2025-12-21,Reel
facebook,2025-12-21,Reel
facebook,2025-12-21,Reel
facebook,2025-12-21,Photo
facebook,2025-12-21,Reel
facebook,2025-12-21,Photo
facebook,2025-12-21,Reel
facebook,2025-12-21,Reel
facebook,2025-12-20,Reel
facebook,2025-12-20,Reel
facebook,2025-12-20,Reel
facebook,2025-12-20,Reel
facebook,2025-12-20,Photo
facebook,2025-12-20,Reel
facebook,2025-12-20,Reel
facebook,2025-12-20,Reel
facebook,2025-12-20,Photo
facebook,2025-12-20,Photo
facebook,2025-12-20,Photo
facebook,2025-12-20,Reel
facebook,2025-12-20,Reel
facebook,2025-12-20,Reel
facebook,2025-12-20,Reel
facebook,2025-12-19,Photo
facebook,2025-12-19,Photo
facebook,2025-12-19,Photo
facebook,2025-12-19,Reel
facebook,2025-12-19,Photo
facebook,2025-12-19,Reel
facebook,2025-12-19,Reel
facebook,2025-12-19,Reel
facebook,2025-12-19,Reel
facebook,2025-12-19,Reel
facebook,2025-12-19,Reel
facebook,2025-12-18,Photo
facebook,2025-12-18,Photo
facebook,2025-12-18,Reel
facebook,2025-12-18,Photo
facebook,2025-12-18,Reel
facebook,2025-12-18,Reel
facebook,2025-12-18,Photo
facebook,2025-12-18,Reel
facebook,2025-12-18,Reel
facebook,2025-12-18,Reel
facebook,2025-12-18,Reel
facebook,2025-12-18,Reel
facebook,2025-12-18,Reel
facebook,2025-12-18,Photo
facebook,2025-12-18,Reel
facebook,2025-12-18,Photo
facebook,2025-12-18,Reel
facebook,2025-12-18,Reel
facebook,2025-12-18,Photo
facebook,2025-12-18,Photo
facebook,2025-12-18,Reel
facebook,2025-12-17,Photo
facebook,2025-12-17,Reel
facebook,2025-12-17,Photo
facebook,2025-12-17,Photo
facebook,2025-12-17,Photo
facebook,2025-12-17,Reel
facebook,2025-12-17,Photo
facebook,2025-12-17,Photo
facebook,2025-12-17,Reel
facebook,2025-12-16,Reel
facebook,2025-12-16,Photo
facebook,2025-12-16,Reel
facebook,2025-12-16,Reel
facebook,2025-12-16,Reel
facebook,2025-12-16,Reel
facebook,2025-12-16,Reel
facebook,2025-12-16,Reel
facebook,2025-12-16,Photo
facebook,2025-12-16,Photo
facebook,2025-12-16,Photo
facebook,2025-12-16,Reel
facebook,2025-12-16,Reel
facebook,2025-12-16,Reel
facebook,2025-12-16,Photo
facebook,2025-12-16,Reel
facebook,2025-12-16,Reel
facebook,2025-12-15,Reel
facebook,2025-12-15,Reel
facebook,2025-12-15,Photo
facebook,2025-12-15,Photo
facebook,2025-12-15,Photo
facebook,2025-12-15,Reel
facebook,2025-12-15,Photo
facebook,2025-12-15,Photo
facebook,2025-12-15,Photo
facebook,2025-12-15,Reel
facebook,2025-12-15,Reel
facebook,2025-12-14,Reel
facebook,2025-12-14,Reel
facebook,2025-12-14,Photo
facebook,2025-12-14,Photo
facebook,2025-12-14,Reel
facebook,2025-12-14,Photo
facebook,2025-12-14,Reel
facebook,2025-12-14,Reel
facebook,2025-12-14,Reel
facebook,2025-12-14,Photo
facebook,2025-12-14,Photo
facebook,2025-12-14,Photo
facebook,2025-12-14,Photo
facebook,2025-12-14,Reel
facebook,2025-12-14,Reel
facebook,2025-12-14,Photo
facebook,2025-12-14,Reel
facebook,2025-12-14,Photo
facebook,2025-12-14,Reel
facebook,2025-12-14,Photo
facebook,2025-12-14,Reel
facebook,2025-12-13,Reel
facebook,2025-12-13,Reel
facebook,2025-12-13,Reel
facebook,2025-12-13,Photo
facebook,2025-12-13,Reel
facebook,2025-12-13,Reel
facebook,2025-12-13,Photo
facebook,2025-12-13,Reel
facebook,2025-12-13,Reel
facebook,2025-12-13,Reel
facebook,2025-12-12,Reel
facebook,2025-12-12,Reel
facebook,2025-12-12,Photo
facebook,2025-12-12,Photo
facebook,2025-12-12,Reel
facebook,2025-12-12,Photo
facebook,2025-12-12,Reel
facebook,2025-12-12,Reel
facebook,2025-12-12,Reel
facebook,2025-12-12,Photo
facebook,2025-12-12,Reel
facebook,2025-12-11,Reel
facebook,2025-12-11,Reel
facebook,2025-12-11,Reel
facebook,2025-12-11,Reel
facebook,2025-12-11,Reel
facebook,2025-12-11,Reel
facebook,2025-12-11,Reel
facebook,2025-12-11,Reel
facebook,2025-12-11,Reel
facebook,2025-12-11,Photo
facebook,2025-12-11,Photo
facebook,2025-12-11,Photo
facebook,2025-12-10,Reel
facebook,2025-12-10,Reel
facebook,2025-12-10,Photo
facebook,2025-12-10,Photo
facebook,2025-12-10,Reel
facebook,2025-12-10,Photo
facebook,2025-12-10,Photo
facebook,2025-12-10,Reel
facebook,2025-12-10,Reel
facebook,2025-12-10,Photo
facebook,2025-12-10,Photo
facebook,2025-12-10,Photo
facebook,2025-12-10,Reel
facebook,2025-12-10,Reel
facebook,2025-12-10,Reel
facebook,2025-12-10,Reel
facebook,2025-12-10,Reel
facebook,2025-12-09,Photo
facebook,2025-12-09,Reel
facebook,2025-12-09,Photo
facebook,2025-12-09,Reel
facebook,2025-12-09,Photo
facebook,2025-12-09,Reel
facebook,2025-12-09,Reel
facebook,2025-12-09,Reel
facebook,2025-12-09,Reel
facebook,2025-12-09,Photo
facebook,2025-12-09,Reel
facebook,2025-12-09,Reel
facebook,2025-12-09,Photo
facebook,2025-12-09,Reel
facebook,2025-12-08,Reel
facebook,2025-12-08,Reel
facebook,2025-12-08,Reel
facebook,2025-12-08,Photo
facebook,2025-12-08,Photo
facebook,2025-12-08,Photo
facebook,2025-12-08,Reel
facebook,2025-12-08,Reel
facebook,2025-12-08,Reel
facebook,2025-12-07,Reel
facebook,2025-12-07,Photo
facebook,2025-12-07,Reel
facebook,2025-12-07,Photo
facebook,2025-12-07,Reel
facebook,2025-12-07,Photo
facebook,2025-12-07,Photo
facebook,2025-12-07,Reel
facebook,2025-12-07,Reel
facebook,2025-12-06,Reel
facebook,2025-12-06,Photo
facebook,2025-12-06,Reel
facebook,2025-12-06,Reel
facebook,2025-12-06,Reel
facebook,2025-12-06,Reel
facebook,2025-12-06,Reel
facebook,2025-12-06,Reel
facebook,2025-12-06,Reel
facebook,2025-12-06,Reel
facebook,2025-12-06,Photo
facebook,2025-12-06,Photo
facebook,2025-12-06,Reel
facebook,2025-12-06,Reel
facebook,2025-12-06,Reel
facebook,2025-12-06,Photo
facebook,2025-12-05,Reel
facebook,2025-12-05,Reel
facebook,2025-12-05,Photo
facebook,2025-12-05,Photo
facebook,2025-12-05,Photo
facebook,2025-12-05,Photo
facebook,2025-12-05,Reel
facebook,2025-12-05,Photo
facebook,2025-12-05,Reel
facebook,2025-12-05,Reel
facebook,2025-12-04,Reel
facebook,2025-12-04,Reel
facebook,2025-12-04,Reel
facebook,2025-12-04,Photo
facebook,2025-12-04,Photo
facebook,2025-12-04,Photo
facebook,2025-12-04,Reel
facebook,2025-12-04,Reel
facebook,2025-12-04,Reel
facebook,2025-12-04,Reel
facebook,2025-12-04,Reel
facebook,2025-12-04,Photo
facebook,2025-12-04,Reel
facebook,2025-12-04,Reel
facebook,2025-12-04,Photo
facebook,2025-12-04,Reel
facebook,2025-12-04,Photo
facebook,2025-12-04,Reel
facebook,2025-12-03,Reel
facebook,2025-12-03,Photo
facebook,2025-12-03,Photo
facebook,2025-12-03,Photo
facebook,2025-12-03,Reel
facebook,2025-12-03,Photo
facebook,2025-12-03,Reel
facebook,2025-12-03,Reel
facebook,2025-12-03,Reel
facebook,2025-12-03,Photo
facebook,2025-12-03,Reel
facebook,2025-12-03,Photo
facebook,2025-12-03,Reel
facebook,2025-12-03,Reel
facebook,2025-12-03,Reel
facebook,2025-12-03,Reel
facebook,2025-12-03,Photo
facebook,2025-12-03,Photo
facebook,2025-12-03,Reel
facebook,2025-12-03,Reel
facebook,2025-12-02,Reel
facebook,2025-12-02,Photo
facebook,2025-12-02,Reel
facebook,2025-12-02,Photo
facebook,2025-12-02,Reel
facebook,2025-12-02,Reel
facebook,2025-12-02,Reel
facebook,2025-12-02,Photo
facebook,2025-12-02,Reel
facebook,2025-12-02,Reel
facebook,2025-12-02,Reel
facebook,2025-12-02,Photo
facebook,2025-12-02,Reel
facebook,2025-12-01,Reel
facebook,2025-12-01,Reel
facebook,2025-12-01,Photo
facebook,2025-12-01,Photo
facebook,2025-12-01,Reel
facebook,2025-12-01,Photo
facebook,2025-12-01,Reel
facebook,2025-12-01,Reel
facebook,2025-11-30,Reel
facebook,2025-11-30,Photo
facebook,2025-11-30,Photo
facebook,2025-11-30,Photo
facebook,2025-11-30,Reel
facebook,2025-11-30,Reel
facebook,2025-11-30,Photo
facebook,2025-11-30,Photo
facebook,2025-11-30,Reel
facebook,2025-11-30,Photo
facebook,2025-11-30,Reel
facebook,2025-11-30,Reel
facebook,2025-11-30,Photo
facebook,2025-11-30,Photo
facebook,2025-11-30,Reel
facebook,2025-11-30,Reel
facebook,2025-11-29,Reel
facebook,2025-11-29,Reel
facebook,2025-11-29,Photo
facebook,2025-11-29,Photo
facebook,2025-11-29,Reel
facebook,2025-11-29,Reel
facebook,2025-11-29,Reel
facebook,2025-11-29,Reel
facebook,2025-11-29,Reel
facebook,2025-11-29,Reel
facebook,2025-11-28,Reel
facebook,2025-11-28,Reel
facebook,2025-11-28,Photo
facebook,2025-11-28,Reel
facebook,2025-11-28,Photo
facebook,2025-11-28,Reel
facebook,2025-11-28,Reel
facebook,2025-11-28,Reel
facebook,2025-11-28,Reel
facebook,2025-11-28,Reel
facebook,2025-11-28,Reel
facebook,2025-11-28,Reel
facebook,2025-11-28,Photo
facebook,2025-11-28,Reel
facebook,2025-11-27,Reel
facebook,2025-11-27,Reel
facebook,2025-11-27,Reel
facebook,2025-11-27,Reel
facebook,2025-11-27,Reel
facebook,2025-11-27,Reel
facebook,2025-11-27,Reel
facebook,2025-11-27,Photo
facebook,2025-11-27,Reel
facebook,2025-11-27,Reel
facebook,2025-11-27,Photo
facebook,2025-11-27,Reel
facebook,2025-11-27,Photo
facebook,2025-11-27,Reel
facebook,2025-11-27,Reel
facebook,2025-11-27,Reel
facebook,2025-11-27,Photo
facebook,2025-11-27,Reel
facebook,2025-11-27,Reel
facebook,2025-11-27,Reel
facebook,2025-11-27,Reel
facebook,2025-11-26,Photo
facebook,2025-11-26,Reel
facebook,2025-11-26,Reel
facebook,2025-11-26,Reel
facebook,2025-11-26,Photo
facebook,2025-11-26,Reel
facebook,2025-11-26,Photo
facebook,2025-11-26,Photo
facebook,2025-11-26,Photo
facebook,2025-11-26,Reel
facebook,2025-11-26,Photo
facebook,2025-11-26,Reel
facebook,2025-11-26,Photo
facebook,2025-11-26,Reel
facebook,2025-11-26,Photo
facebook,2025-11-26,Reel
facebook,2025-11-25,Reel
facebook,2025-11-25,Photo
facebook,2025-11-25,Reel
facebook,2025-11-25,Photo
facebook,2025-11-25,Photo
facebook,2025-11-25,Photo
facebook,2025-11-25,Reel
facebook,2025-11-25,Photo
facebook,2025-11-25,Reel
facebook,2025-11-25,Reel
facebook,2025-11-25,Reel
facebook,2025-11-25,Reel
facebook,2025-11-25,Photo
facebook,2025-11-25,Reel
facebook,2025-11-25,Reel
facebook,2025-11-25,Reel
facebook,2025-11-25,Reel
facebook,2025-11-25,Reel
facebook,2025-11-25,Reel
facebook,2025-11-24,Photo
facebook,2025-11-24,Reel
facebook,2025-11-24,Photo
facebook,2025-11-24,Reel
facebook,2025-11-24,Photo
facebook,2025-11-24,Photo
facebook,2025-11-24,Photo
facebook,2025-11-24,Reel
facebook,2025-11-24,Reel
facebook,2025-11-24,Photo
facebook,2025-11-24,Reel
facebook,2025-11-24,Reel
facebook,2025-11-24,Reel
facebook,2025-11-24,Photo
facebook,2025-11-23,Photo
facebook,2025-11-23,Photo
facebook,2025-11-23,Reel
facebook,2025-11-23,Reel
facebook,2025-11-23,Photo
facebook,2025-11-23,Reel
facebook,2025-11-23,Photo
facebook,2025-11-23,Photo
facebook,2025-11-23,Photo
facebook,2025-11-23,Reel
facebook,2025-11-23,Photo
facebook,2025-11-23,Reel
facebook,2025-11-23,Photo
facebook,2025-11-23,Photo
facebook,2025-11-23,Reel
facebook,2025-11-23,Reel
facebook,2025-11-23,Reel
facebook,2025-11-23,Reel
facebook,2025-11-23,Reel
facebook,2025-11-22,Reel
facebook,2025-11-22,Photo
facebook,2025-11-22,Reel
facebook,2025-11-22,Reel
facebook,2025-11-22,Reel
facebook,2025-11-22,Reel
facebook,2025-11-21,Reel
facebook,2025-11-21,Reel
facebook,2025-11-21,Reel
facebook,2025-11-21,Photo
facebook,2025-11-21,Photo
facebook,2025-11-21,Photo
facebook,2025-11-21,Photo
facebook,2025-11-21,Reel
facebook,2025-11-21,Reel
facebook,2025-11-21,Photo
facebook,2025-11-21,Reel
facebook,2025-11-21,Photo
facebook,2025-11-21,Reel
facebook,2025-11-21,Reel
facebook,2025-11-21,Reel
facebook,2025-11-20,Reel
facebook,2025-11-20,Photo
facebook,2025-11-20,Reel
facebook,2025-11-20,Reel
facebook,2025-11-20,Photo
facebook,2025-11-20,Reel
facebook,2025-11-20,Photo
facebook,2025-11-20,Reel
facebook,2025-11-20,Reel
facebook,2025-11-20,Reel
facebook,2025-11-20,Reel
facebook,2025-11-20,Reel
facebook,2025-11-20,Photo
facebook,2025-11-20,Photo
facebook,2025-11-20,Reel
facebook,2025-11-20,Photo
facebook,2025-11-20,Reel
facebook,2025-11-20,Reel
facebook,2025-11-20,Photo
facebook,2025-11-20,Photo
facebook,2025-11-20,Reel
facebook,2025-11-20,Reel
facebook,2025-11-20,Photo
facebook,2025-11-20,Reel
facebook,2025-11-19,Reel
facebook,2025-11-19,Reel
facebook,2025-11-19,Photo
facebook,2025-11-19,Reel
facebook,2025-11-19,Photo
facebook,2025-11-19,Reel
facebook,2025-11-19,Reel
facebook,2025-11-19,Reel
facebook,2025-11-19,Photo
facebook,2025-11-19,Reel
facebook,2025-11-19,Photo
facebook,2025-11-19,Photo
facebook,2025-11-19,Photo
facebook,2025-11-19,Reel
facebook,2025-11-19,Reel
facebook,2025-11-19,Reel
facebook,2025-11-19,Reel
facebook,2025-11-19,Photo
facebook,2025-11-19,Reel
facebook,2025-11-18,Reel
facebook,2025-11-18,Photo
facebook,2025-11-18,Photo
facebook,2025-11-18,Photo
facebook,2025-11-18,Reel
facebook,2025-11-18,Reel
facebook,2025-11-18,Photo
facebook,2025-11-18,Photo
facebook,2025-11-18,Reel
facebook,2025-11-18,Photo
facebook,2025-11-18,Photo
facebook,2025-11-18,Reel
facebook,2025-11-18,Reel
facebook,2025-11-18,Reel
facebook,2025-11-18,Photo
facebook,2025-11-18,Reel
facebook,2025-11-18,Photo
facebook,2025-11-18,Reel
facebook,2025-11-18,Photo
facebook,2025-11-18,Reel
facebook,2025-11-18,Reel
facebook,2025-11-18,Photo
facebook,2025-11-18,Reel
facebook,2025-11-17,Photo
facebook,2025-11-17,Reel
facebook,2025-11-17,Reel
facebook,2025-11-17,Photo
facebook,2025-11-17,Photo
facebook,2025-11-17,Reel
facebook,2025-11-17,Reel
facebook,2025-11-17,Reel
facebook,2025-11-17,Photo
facebook,2025-11-17,Reel
facebook,2025-11-17,Photo
facebook,2025-11-17,Reel
facebook,2025-11-16,Photo
facebook,2025-11-16,Reel
facebook,2025-11-16,Reel
facebook,2025-11-16,Reel
facebook,2025-11-16,Reel
facebook,2025-11-16,Reel
facebook,2025-11-16,Photo
facebook,2025-11-16,Reel
facebook,2025-11-16,Reel
facebook,2025-11-16,Reel
facebook,2025-11-16,Reel
facebook,2025-11-16,Photo
facebook,2025-11-16,Photo
facebook,2025-11-16,Reel
facebook,2025-11-16,Reel
facebook,2025-11-15,Reel
facebook,2025-11-15,Photo
facebook,2025-11-15,Reel
facebook,2025-11-15,Reel
facebook,2025-11-15,Photo
facebook,2025-11-15,Photo
facebook,2025-11-15,Reel
facebook,2025-11-15,Reel
facebook,2025-11-15,Photo
facebook,2025-11-15,Reel
facebook,2025-11-15,Reel
facebook,2025-11-15,Photo
facebook,2025-11-15,Reel
facebook,2025-11-15,Reel
facebook,2025-11-15,Reel
facebook,2025-11-15,Reel
facebook,2025-11-14,Photo
facebook,2025-11-14,Reel
facebook,2025-11-14,Reel
facebook,2025-11-14,Reel
facebook,2025-11-14,Reel
facebook,2025-11-14,Reel
facebook,2025-11-14,Reel
facebook,2025-11-14,Reel
facebook,2025-11-14,Reel
facebook,2025-11-14,Photo
facebook,2025-11-14,Photo
facebook,2025-11-14,Reel
facebook,2025-11-13,Photo
facebook,2025-11-13,Reel
facebook,2025-11-13,Reel
facebook,2025-11-13,Photo
facebook,2025-11-13,Reel
facebook,2025-11-13,Photo
facebook,2025-11-13,Reel
facebook,2025-11-13,Reel
facebook,2025-11-13,Reel
facebook,2025-11-13,Photo
facebook,2025-11-13,Reel
facebook,2025-11-13,Reel
facebook,2025-11-13,Reel
facebook,2025-11-13,Reel
facebook,2025-11-13,Reel
facebook,2025-11-12,Photo
facebook,2025-11-12,Photo
facebook,2025-11-12,Photo
facebook,2025-11-12,Photo
facebook,2025-11-12,Reel
facebook,2025-11-12,Photo
facebook,2025-11-12,Reel
facebook,2025-11-12,Reel
facebook,2025-11-12,Photo
facebook,2025-11-12,Reel
facebook,2025-11-12,Photo
facebook,2025-11-12,Photo
facebook,2025-11-12,Reel
facebook,2025-11-12,Reel
facebook,2025-11-12,Photo
facebook,2025-11-12,Reel
facebook,2025-11-12,Photo
facebook,2025-11-12,Photo
facebook,2025-11-12,Reel
facebook,2025-11-11,Reel
facebook,2025-11-11,Photo
facebook,2025-11-11,Reel
facebook,2025-11-11,Reel
facebook,2025-11-11,Reel
facebook,2025-11-11,Reel
facebook,2025-11-11,Reel
facebook,2025-11-11,Photo
facebook,2025-11-11,Reel
facebook,2025-11-11,Reel
facebook,2025-11-11,Reel
facebook,2025-11-11,Reel
facebook,2025-11-11,Reel
facebook,2025-11-11,Reel
facebook,2025-11-10,Reel
facebook,2025-11-10,Photo
facebook,2025-11-10,Reel
facebook,2025-11-10,Photo
facebook,2025-11-10,Photo
facebook,2025-11-10,Reel
facebook,2025-11-10,Photo
facebook,2025-11-10,Reel
facebook,2025-11-10,Reel
facebook,2025-11-10,Reel
facebook,2025-11-10,Reel
facebook,2025-11-10,Reel
facebook,2025-11-09,Reel
facebook,2025-11-09,Reel
facebook,2025-11-09,Photo
facebook,2025-11-09,Reel
facebook,2025-11-09,Reel
facebook,2025-11-09,Photo
facebook,2025-11-09,Reel
facebook,2025-11-09,Photo
facebook,2025-11-09,Reel
facebook,2025-11-09,Photo
facebook,2025-11-09,Reel
facebook,2025-11-09,Reel
facebook,2025-11-09,Photo
facebook,2025-11-09,Photo
facebook,2025-11-09,Reel
facebook,2025-11-08,Reel
facebook,2025-11-08,Photo
facebook,2025-11-08,Reel
facebook,2025-11-08,Reel
facebook,2025-11-08,Photo
facebook,2025-11-08,Photo
facebook,2025-11-08,Reel
facebook,2025-11-08,Photo
facebook,2025-11-08,Reel
facebook,2025-11-08,Photo
facebook,2025-11-08,Reel
facebook,2025-11-08,Reel
facebook,2025-11-08,Photo
facebook,2025-11-07,Reel
facebook,2025-11-07,Reel
facebook,2025-11-07,Photo
facebook,2025-11-07,Reel
facebook,2025-11-07,Reel
facebook,2025-11-07,Reel
facebook,2025-11-07,Photo
facebook,2025-11-07,Reel
facebook,2025-11-07,Photo
facebook,2025-11-07,Reel
facebook,2025-11-07,Reel
facebook,2025-11-06,Photo
facebook,2025-11-06,Reel
facebook,2025-11-06,Reel
facebook,2025-11-06,Reel
facebook,2025-11-06,Photo
facebook,2025-11-06,Photo
facebook,2025-11-06,Reel
facebook,2025-11-06,Reel
facebook,2025-11-06,Reel
facebook,2025-11-06,Reel
facebook,2025-11-06,Reel
facebook,2025-11-06,Photo
facebook,2025-11-06,Reel
facebook,2025-11-06,Reel
facebook,2025-11-06,Photo
facebook,2025-11-06,Reel
facebook,2025-11-06,Photo
facebook,2025-11-06,Reel
facebook,2025-11-06,Reel
facebook,2025-11-06,Reel
facebook,2025-11-05,Photo
facebook,2025-11-05,Photo
facebook,2025-11-05,Photo
facebook,2025-11-05,Photo
facebook,2025-11-05,Reel
facebook,2025-11-05,Reel
facebook,2025-11-05,Photo
facebook,2025-11-05,Reel
facebook,2025-11-05,Reel
facebook,2025-11-05,Photo
facebook,2025-11-05,Reel
facebook,2025-11-05,Photo
facebook,2025-11-05,Reel
facebook,2025-11-05,Photo
facebook,2025-11-05,Photo
facebook,2025-11-05,Reel
facebook,2025-11-05,Reel
facebook,2025-11-05,Photo
facebook,2025-11-05,Reel
facebook,2025-11-05,Reel
facebook,2025-11-05,Reel
facebook,2025-11-05,Photo
facebook,2025-11-05,Photo
facebook,2025-11-04,Reel
facebook,2025-11-04,Photo
facebook,2025-11-04,Photo
facebook,2025-11-04,Reel
facebook,2025-11-04,Reel
facebook,2025-11-04,Photo
facebook,2025-11-04,Reel
facebook,2025-11-04,Photo
facebook,2025-11-04,Reel
facebook,2025-11-04,Reel
facebook,2025-11-04,Photo
facebook,2025-11-04,Reel
facebook,2025-11-04,Reel
facebook,2025-11-04,Reel
facebook,2025-11-03,Reel
facebook,2025-11-03,Reel
facebook,2025-11-03,Reel
facebook,2025-11-03,Reel
facebook,2025-11-03,Reel
facebook,2025-11-03,Photo
facebook,2025-11-03,Photo
facebook,2025-11-03,Reel
facebook,2025-11-03,Reel
facebook,2025-11-03,Reel
facebook,2025-11-03,Photo
facebook,2025-11-03,Photo
facebook,2025-11-03,Reel
facebook,2025-11-03,Photo
facebook,2025-11-02,Photo
facebook,2025-11-02,Reel
facebook,2025-11-02,Photo
facebook,2025-11-02,Reel
facebook,2025-11-02,Reel
facebook,2025-11-02,Photo
facebook,2025-11-02,Photo
facebook,2025-11-02,Photo
facebook,2025-11-02,Reel
facebook,2025-11-02,Reel
facebook,2025-11-02,Photo
facebook,2025-11-02,Reel
facebook,2025-11-02,Reel
facebook,2025-11-02,Photo
facebook,2025-11-02,Photo
facebook,2025-11-02,Photo
facebook,2025-11-02,Reel
facebook,2025-11-02,Reel
facebook,2025-11-02,Reel
facebook,2025-11-02,Photo
facebook,2025-11-02,Reel
facebook,2025-11-01,Photo
facebook,2025-11-01,Reel
facebook,2025-11-01,Reel
facebook,2025-11-01,Reel
facebook,2025-11-01,Photo
facebook,2025-11-01,Reel
facebook,2025-10-31,Reel
facebook,2025-10-31,Reel
facebook,2025-10-31,Reel
facebook,2025-10-31,Photo
facebook,2025-10-31,Reel
facebook,2025-10-31,Reel
facebook,2025-10-31,Reel
facebook,2025-10-31,Reel
facebook,2025-10-31,Reel
facebook,2025-10-31,Photo
facebook,2025-10-31,Reel
facebook,2025-10-31,Reel
facebook,2025-10-31,Photo
facebook,2025-10-31,Reel
facebook,2025-10-30,Reel
facebook,2025-10-30,Photo
facebook,2025-10-30,Photo
facebook,2025-10-30,Reel
facebook,2025-10-30,Reel
facebook,2025-10-30,Reel
facebook,2025-10-30,Photo
facebook,2025-10-30,Reel
facebook,2025-10-30,Photo
facebook,2025-10-30,Reel
facebook,2025-10-30,Reel
facebook,2025-10-30,Photo
facebook,2025-10-30,Photo
facebook,2025-10-30,Photo
facebook,2025-10-30,Reel
facebook,2025-10-30,Reel
facebook,2025-10-30,Reel
facebook,2025-10-30,Reel
facebook,2025-10-30,Reel
facebook,2025-10-30,Photo
facebook,2025-10-30,Reel
facebook,2025-10-30,Photo
facebook,2025-10-30,Reel
facebook,2025-10-30,Reel
facebook,2025-10-29,Reel
facebook,2025-10-29,Reel
facebook,2025-10-29,Reel
facebook,2025-10-29,Reel
facebook,2025-10-29,Photo
facebook,2025-10-29,Reel
facebook,2025-10-29,Photo
facebook,2025-10-29,Reel
facebook,2025-10-29,Reel
facebook,2025-10-29,Reel
facebook,2025-10-29,Photo
facebook,2025-10-29,Reel
facebook,2025-10-28,Reel
facebook,2025-10-28,Photo
facebook,2025-10-28,Reel
facebook,2025-10-28,Reel
facebook,2025-10-28,Photo
facebook,2025-10-28,Reel
facebook,2025-10-28,Photo
facebook,2025-10-28,Reel
facebook,2025-10-28,Photo
facebook,2025-10-28,Reel
facebook,2025-10-28,Photo
facebook,2025-10-28,Photo
facebook,2025-10-28,Photo
facebook,2025-10-28,Photo
facebook,2025-10-28,Reel
facebook,2025-10-28,Photo
facebook,2025-10-28,Reel
facebook,2025-10-27,Reel
facebook,2025-10-27,Reel
facebook,2025-10-27,Reel
facebook,2025-10-27,Reel
facebook,2025-10-27,Reel
facebook,2025-10-27,Reel
facebook,2025-10-27,Reel
facebook,2025-10-27,Photo
facebook,2025-10-27,Reel
facebook,2025-10-27,Reel
facebook,2025-10-27,Reel
facebook,2025-10-27,Photo
facebook,2025-10-27,Reel
facebook,2025-10-26,Photo
facebook,2025-10-26,Photo
facebook,2025-10-26,Reel
facebook,2025-10-26,Reel
facebook,2025-10-26,Reel
facebook,2025-10-26,Reel
facebook,2025-10-26,Reel
facebook,2025-10-26,Reel
facebook,2025-10-26,Photo
facebook,2025-10-26,Reel
facebook,2025-10-26,Reel
facebook,2025-10-26,Reel
facebook,2025-10-26,Reel
facebook,2025-10-26,Reel
facebook,2025-10-26,Reel
facebook,2025-10-26,Status
facebook,2025-10-25,Photo
facebook,2025-10-25,Reel
facebook,2025-10-25,Reel
facebook,2025-10-25,Photo
facebook,2025-10-25,Photo
facebook,2025-10-25,Reel
facebook,2025-10-25,Photo
facebook,2025-10-25,Reel
facebook,2025-10-25,Reel
facebook,2025-10-25,Photo
facebook,2025-10-25,Reel
facebook,2025-10-25,Photo
facebook,2025-10-25,Reel
facebook,2025-10-25,Reel
facebook,2025-10-25,Reel
facebook,2025-10-24,Photo
facebook,2025-10-24,Photo
facebook,2025-10-24,Reel
facebook,2025-10-24,Photo
facebook,2025-10-24,Reel
facebook,2025-10-24,Reel
facebook,2025-10-24,Reel
facebook,2025-10-24,Reel
facebook,2025-10-24,Reel
facebook,2025-10-24,Reel
facebook,2025-10-24,Reel
facebook,2025-10-24,Reel
facebook,2025-10-24,Reel
facebook,2025-10-24,Reel
facebook,2025-10-24,Photo
facebook,2025-10-24,Reel
facebook,2025-10-23,Reel
facebook,2025-10-23,Reel
facebook,2025-10-23,Photo
facebook,2025-10-23,Reel
facebook,2025-10-23,Photo
facebook,2025-10-23,Reel
facebook,2025-10-23,Reel
facebook,2025-10-23,Reel
facebook,2025-10-23,Photo
facebook,2025-10-23,Reel
facebook,2025-10-23,Photo
facebook,2025-10-23,Reel
facebook,2025-10-23,Reel
facebook,2025-10-23,Reel
facebook,2025-10-23,Reel
facebook,2025-10-23,Photo
facebook,2025-10-23,Photo
facebook,2025-10-23,Reel
facebook,2025-10-23,Reel
facebook,2025-10-22,Reel
facebook,2025-10-22,Photo
facebook,2025-10-22,Reel
facebook,2025-10-22,Photo
facebook,2025-10-22,Reel
facebook,2025-10-22,Reel
facebook,2025-10-22,Photo
facebook,2025-10-22,Reel
facebook,2025-10-22,Reel
facebook,2025-10-22,Reel
facebook,2025-10-22,Reel
facebook,2025-10-22,Reel
facebook,2025-10-22,Photo
facebook,2025-10-21,Reel
facebook,2025-10-21,Reel
facebook,2025-10-21,Photo
facebook,2025-10-21,Reel
facebook,2025-10-21,Photo
facebook,2025-10-21,Reel
facebook,2025-10-21,Photo
facebook,2025-10-21,Photo
facebook,2025-10-21,Photo
facebook,2025-10-21,Reel
facebook,2025-10-21,Photo
facebook,2025-10-21,Reel
facebook,2025-10-21,Photo
facebook,2025-10-21,Photo
facebook,2025-10-21,Photo
facebook,2025-10-21,Photo
facebook,2025-10-21,Photo
facebook,2025-10-21,Reel
facebook,2025-10-21,Reel
facebook,2025-10-21,Photo
facebook,2025-10-21,Photo
facebook,2025-10-21,Reel
facebook,2025-10-20,Reel
facebook,2025-10-20,Reel
facebook,2025-10-20,Photo
facebook,2025-10-20,Photo
facebook,2025-10-20,Reel
facebook,2025-10-20,Reel
facebook,2025-10-20,Reel
facebook,2025-10-20,Reel
facebook,2025-10-20,Reel
facebook,2025-10-20,Photo
facebook,2025-10-20,Reel
facebook,2025-10-20,Reel
facebook,2025-10-20,Reel
facebook,2025-10-20,Photo
facebook,2025-10-20,Reel
facebook,2025-10-20,Reel
facebook,2025-10-20,Reel
facebook,2025-10-20,Photo
facebook,2025-10-20,Reel
facebook,2025-10-19,Reel
facebook,2025-10-19,Photo
facebook,2025-10-19,Reel
facebook,2025-10-19,Photo
facebook,2025-10-19,Reel
facebook,2025-10-19,Photo
facebook,2025-10-19,Reel
facebook,2025-10-19,Reel
facebook,2025-10-19,Reel
facebook,2025-10-19,Photo
facebook,2025-10-19,Reel
facebook,2025-10-19,Reel
facebook,2025-10-19,Reel
facebook,2025-10-19,Photo
facebook,2025-10-19,Photo
facebook,2025-10-19,Reel
facebook,2025-10-19,Reel
facebook,2025-10-19,Photo
facebook,2025-10-19,Photo
facebook,2025-10-19,Reel
facebook,2025-10-19,Photo
facebook,2025-10-19,Photo
facebook,2025-10-19,Reel
facebook,2025-10-19,Photo
facebook,2025-10-19,Reel
facebook,2025-10-18,Reel
facebook,2025-10-18,Reel
facebook,2025-10-18,Photo
facebook,2025-10-18,Photo
facebook,2025-10-18,Reel
facebook,2025-10-18,Photo
facebook,2025-10-18,Reel
facebook,2025-10-18,Photo
facebook,2025-10-18,Reel
facebook,2025-10-18,Reel
facebook,2025-10-18,Reel
facebook,2025-10-18,Reel
facebook,2025-10-18,Reel
facebook,2025-10-18,Photo
facebook,2025-10-17,Photo
facebook,2025-10-17,Reel
facebook,2025-10-17,Photo
facebook,2025-10-17,Reel
facebook,2025-10-17,Photo
facebook,2025-10-17,Photo
facebook,2025-10-17,Reel
facebook,2025-10-17,Reel
facebook,2025-10-17,Reel
facebook,2025-10-17,Photo
facebook,2025-10-17,Photo
facebook,2025-10-17,Reel
facebook,2025-10-17,Reel
facebook,2025-10-17,Reel
facebook,2025-10-17,Reel
facebook,2025-10-17,Reel
facebook,2025-10-17,Reel
facebook,2025-10-17,Reel
facebook,2025-10-17,Photo
facebook,2025-10-17,Photo
facebook,2025-10-17,Reel
facebook,2025-10-17,Photo
facebook,2025-10-17,Photo
facebook,2025-10-17,Reel
facebook,2025-10-17,Reel
facebook,2025-10-17,Reel
facebook,2025-10-17,Photo
facebook,2025-10-17,Reel
facebook,2025-10-17,Reel
facebook,2025-10-16,Reel
facebook,2025-10-16,Reel
facebook,2025-10-16,Photo
facebook,2025-10-16,Photo
facebook,2025-10-16,Reel
facebook,2025-10-16,Photo
facebook,2025-10-16,Photo
facebook,2025-10-16,Reel
facebook,2025-10-16,Reel
facebook,2025-10-16,Photo
facebook,2025-10-16,Photo
facebook,2025-10-16,Photo
facebook,2025-10-16,Reel
facebook,2025-10-16,Photo
facebook,2025-10-16,Photo
facebook,2025-10-16,Photo
facebook,2025-10-16,Reel
facebook,2025-10-16,Reel
facebook,2025-10-16,Photo
facebook,2025-10-15,Reel
facebook,2025-10-15,Reel
facebook,2025-10-15,Photo
facebook,2025-10-15,Reel
facebook,2025-10-15,Reel
facebook,2025-10-15,Reel
facebook,2025-10-15,Reel
facebook,2025-10-15,Reel
facebook,2025-10-15,Reel
facebook,2025-10-15,Reel
facebook,2025-10-15,Photo
facebook,2025-10-15,Photo
facebook,2025-10-15,Reel
facebook,2025-10-15,Photo
facebook,2025-10-15,Reel
facebook,2025-10-15,Photo
facebook,2025-10-15,Photo
facebook,2025-10-15,Reel
facebook,2025-10-15,Photo
facebook,2025-10-15,Reel
facebook,2025-10-15,Photo
facebook,2025-10-15,Photo
facebook,2025-10-15,Photo
facebook,2025-10-15,Photo
facebook,2025-10-15,Photo
facebook,2025-10-15,Photo
facebook,2025-10-15,Photo
facebook,2025-10-15,Reel
facebook,2025-10-14,Photo
facebook,2025-10-14,Reel
facebook,2025-10-14,Reel
facebook,2025-10-14,Photo
facebook,2025-10-14,Photo
facebook,2025-10-14,Photo
facebook,2025-10-14,Photo
facebook,2025-10-14,Photo
facebook,2025-10-14,Reel
facebook,2025-10-14,Photo
facebook,2025-10-14,Photo
facebook,2025-10-14,Photo
facebook,2025-10-14,Reel
facebook,2025-10-14,Reel
facebook,2025-10-14,Reel
facebook,2025-10-14,Reel
facebook,2025-10-14,Photo
facebook,2025-10-14,Photo
facebook,2025-10-14,Reel
facebook,2025-10-14,Photo
facebook,2025-10-13,Reel
facebook,2025-10-13,Reel
facebook,2025-10-13,Photo
facebook,2025-10-13,Photo
facebook,2025-10-13,Reel
facebook,2025-10-13,Reel
facebook,2025-10-13,Reel
facebook,2025-10-13,Reel
facebook,2025-10-13,Reel
facebook,2025-10-13,Reel
facebook,2025-10-13,Reel
facebook,2025-10-13,Reel
facebook,2025-10-13,Reel
facebook,2025-10-13,Reel
facebook,2025-10-13,Reel
facebook,2025-10-13,Photo
facebook,2025-10-13,Photo
facebook,2025-10-13,Photo
facebook,2025-10-13,Photo
facebook,2025-10-13,Reel
facebook,2025-10-13,Photo
facebook,2025-10-13,Reel
facebook,2025-10-13,Photo
facebook,2025-10-13,Reel
facebook,2025-10-13,Reel
facebook,2025-10-13,Reel
facebook,2025-10-13,Photo
facebook,2025-10-13,Reel
facebook,2025-10-13,Reel
facebook,2025-10-13,Reel
facebook,2025-10-13,Photo
facebook,2025-10-13,Reel
facebook,2025-10-13,Photo
facebook,2025-10-13,Photo
facebook,2025-10-13,Photo
facebook,2025-10-13,Photo
facebook,2025-10-13,Photo
facebook,2025-10-13,Photo
facebook,2025-10-13,Photo
facebook,2025-10-13,Reel
facebook,2025-10-13,Reel
facebook,2025-10-13,Reel
facebook,2025-10-13,Photo
facebook,2025-10-13,Reel
facebook,2025-10-13,Reel
facebook,2025-10-13,Photo
facebook,2025-10-13,Photo
facebook,2025-10-13,Photo
facebook,2025-10-13,Photo
facebook,2025-10-13,Photo
facebook,2025-10-13,Photo
facebook,2025-10-13,Photo
facebook,2025-10-13,Photo
facebook,2025-10-13,Photo
facebook,2025-10-13,Photo
facebook,2025-10-13,Reel
facebook,2025-10-13,Photo
facebook,2025-10-13,Reel
facebook,2025-10-13,Reel
facebook,2025-10-13,Photo
facebook,2025-10-13,Photo
facebook,2025-10-13,Photo
facebook,2025-10-13,Photo
facebook,2025-10-13,Reel
facebook,2025-10-13,Photo
facebook,2025-10-13,Reel
facebook,2025-10-13,Photo
facebook,2025-10-13,Photo
facebook,2025-10-13,Photo
facebook,2025-10-13,Photo
facebook,2025-10-13,Reel
facebook,2025-10-13,Reel
facebook,2025-10-13,Photo
facebook,2025-10-13,Reel
facebook,2025-10-13,Photo
facebook,2025-10-13,Reel
facebook,2025-10-13,Photo
facebook,2025-10-13,Photo
facebook,2025-10-13,Photo
facebook,2025-10-13,Photo
facebook,2025-10-13,Photo
facebook,2025-10-13,Photo
facebook,2025-10-13,Photo
facebook,2025-10-13,Photo
facebook,2025-10-13,Photo
facebook,2025-10-13,Reel
facebook,2025-10-13,Reel
facebook,2025-10-13,Reel
facebook,2025-10-13,Photo
facebook,2025-10-13,Reel
facebook,2025-10-13,Reel
facebook,2025-10-13,Reel
facebook,2025-10-13,Reel
facebook,2025-10-13,Reel
facebook,2025-10-13,Reel
facebook,2025-10-13,Photo
facebook,2025-10-13,Reel
facebook,2025-10-13,Photo
facebook,2025-10-13,Reel
facebook,2025-10-13,Reel
facebook,2025-10-13,Photo
facebook,2025-10-13,Reel
facebook,2025-10-13,Reel
facebook,2025-10-13,Photo
facebook,2025-10-13,Photo
facebook,2025-10-13,Photo
facebook,2025-10-13,Photo
facebook,2025-10-13,Reel
facebook,2025-10-13,Reel
facebook,2025-10-13,Reel
facebook,2025-10-13,Reel
facebook,2025-10-12,Photo
facebook,2025-10-12,Photo
facebook,2025-10-12,Reel
facebook,2025-10-12,Reel
facebook,2025-10-12,Photo
facebook,2025-10-12,Reel
facebook,2025-10-12,Reel
facebook,2025-10-12,Photo
facebook,2025-10-12,Reel
facebook,2025-10-12,Reel
facebook,2025-10-12,Reel
facebook,2025-10-12,Reel
facebook,2025-10-12,Photo
facebook,2025-10-12,Photo
facebook,2025-10-12,Reel
facebook,2025-10-12,Photo
facebook,2025-10-12,Reel
facebook,2025-10-12,Photo
facebook,2025-10-12,Reel
facebook,2025-10-12,Reel
facebook,2025-10-12,Photo
facebook,2025-10-12,Reel
facebook,2025-10-12,Reel
facebook,2025-10-11,Reel
facebook,2025-10-11,Photo
facebook,2025-10-11,Reel
facebook,2025-10-11,Photo
facebook,2025-10-11,Photo
facebook,2025-10-11,Photo
facebook,2025-10-11,Reel
facebook,2025-10-11,Photo
facebook,2025-10-11,Photo
facebook,2025-10-11,Photo
facebook,2025-10-11,Reel
facebook,2025-10-11,Reel
facebook,2025-10-11,Reel
facebook,2025-10-11,Reel
facebook,2025-10-10,Reel
facebook,2025-10-10,Photo
facebook,2025-10-10,Reel
facebook,2025-10-10,Photo
facebook,2025-10-10,Photo
facebook,2025-10-10,Reel
facebook,2025-10-10,Photo
facebook,2025-10-10,Reel
facebook,2025-10-10,Reel
facebook,2025-10-10,Photo
facebook,2025-10-10,Photo
facebook,2025-10-10,Reel
facebook,2025-10-10,Reel
facebook,2025-10-10,Reel
facebook,2025-10-10,Reel
facebook,2025-10-10,Reel
facebook,2025-10-10,Reel
facebook,2025-10-10,Photo
facebook,2025-10-10,Photo
facebook,2025-10-10,Photo
facebook,2025-10-09,Reel
facebook,2025-10-09,Photo
facebook,2025-10-09,Reel
facebook,2025-10-09,Reel
facebook,2025-10-09,Reel
facebook,2025-10-09,Photo
facebook,2025-10-09,Photo
facebook,2025-10-09,Reel
facebook,2025-10-09,Reel
facebook,2025-10-09,Reel
facebook,2025-10-09,Photo
facebook,2025-10-09,Reel
facebook,2025-10-09,Reel
facebook,2025-10-09,Reel
facebook,2025-10-09,Reel
facebook,2025-10-09,Reel
facebook,2025-10-09,Reel
facebook,2025-10-09,Reel
facebook,2025-10-09,Reel
facebook,2025-10-09,Reel
facebook,2025-10-09,Reel
facebook,2025-10-09,Reel
facebook,2025-10-09,Reel
facebook,2025-10-09,Photo
facebook,2025-10-09,Reel
facebook,2025-10-09,Photo
facebook,2025-10-09,Photo
facebook,2025-10-09,Reel
facebook,2025-10-09,Reel
facebook,2025-10-09,Reel
facebook,2025-10-09,Reel
facebook,2025-10-09,Reel
facebook,2025-10-09,Photo
facebook,2025-10-09,Photo
facebook,2025-10-09,Reel
facebook,2025-10-09,Photo
facebook,2025-10-09,Photo
facebook,2025-10-09,Photo
facebook,2025-10-09,Photo
facebook,2025-10-08,Photo
facebook,2025-10-08,Photo
facebook,2025-10-08,Photo
facebook,2025-10-08,Reel
facebook,2025-10-08,Reel
facebook,2025-10-08,Reel
facebook,2025-10-08,Reel
facebook,2025-10-08,Photo
facebook,2025-10-08,Photo
facebook,2025-10-08,Photo
facebook,2025-10-08,Photo
facebook,2025-10-08,Reel
facebook,2025-10-08,Reel
facebook,2025-10-08,Photo
facebook,2025-10-08,Reel
facebook,2025-10-08,Photo
facebook,2025-10-08,Reel
facebook,2025-10-07,Reel
facebook,2025-10-07,Photo
facebook,2025-10-07,Reel
facebook,2025-10-07,Reel
facebook,2025-10-07,Photo
facebook,2025-10-07,Reel
facebook,2025-10-07,Reel
facebook,2025-10-07,Reel
facebook,2025-10-07,Photo
facebook,2025-10-07,Reel
facebook,2025-10-07,Reel
facebook,2025-10-07,Reel
facebook,2025-10-07,Reel
facebook,2025-10-07,Reel
facebook,2025-10-07,Photo
facebook,2025-10-07,Reel
facebook,2025-10-07,Photo
facebook,2025-10-07,Reel
facebook,2025-10-07,Reel
facebook,2025-10-07,Photo
facebook,2025-10-07,Reel
facebook,2025-10-07,Reel
facebook,2025-10-07,Reel
facebook,2025-10-06,Reel
facebook,2025-10-06,Photo
facebook,2025-10-06,Photo
facebook,2025-10-06,Photo
facebook,2025-10-06,Photo
facebook,2025-10-06,Reel
facebook,2025-10-06,Photo
facebook,2025-10-06,Photo
facebook,2025-10-06,Reel
facebook,2025-10-06,Reel
facebook,2025-10-05,Reel
facebook,2025-10-05,Photo
facebook,2025-10-05,Photo
facebook,2025-10-05,Reel
facebook,2025-10-05,Reel
facebook,2025-10-05,Reel
facebook,2025-10-05,Photo
facebook,2025-10-05,Reel
facebook,2025-10-05,Photo
facebook,2025-10-05,Reel
facebook,2025-10-05,Reel
facebook,2025-10-05,Photo
facebook,2025-10-05,Photo
facebook,2025-10-05,Reel
facebook,2025-10-04,Reel
facebook,2025-10-04,Reel
facebook,2025-10-04,Reel
facebook,2025-10-04,Photo
facebook,2025-10-04,Photo
facebook,2025-10-04,Reel
facebook,2025-10-04,Photo
facebook,2025-10-04,Reel
facebook,2025-10-04,Photo
facebook,2025-10-04,Reel
facebook,2025-10-04,Photo
facebook,2025-10-04,Photo
facebook,2025-10-03,Photo
facebook,2025-10-03,Reel
facebook,2025-10-03,Photo
facebook,2025-10-03,Photo
facebook,2025-10-03,Photo
facebook,2025-10-03,Reel
facebook,2025-10-03,Reel
facebook,2025-10-03,Photo
facebook,2025-10-03,Reel
facebook,2025-10-03,Photo
facebook,2025-10-03,Reel
facebook,2025-10-03,Photo
facebook,2025-10-03,Photo
facebook,2025-10-03,Reel
facebook,2025-10-03,Reel
facebook,2025-10-03,Reel
facebook,2025-10-03,Photo
facebook,2025-10-03,Photo
facebook,2025-10-03,Reel
facebook,2025-10-03,Photo
facebook,2025-10-03,Reel
facebook,2025-10-03,Reel
facebook,2025-10-02,Photo
facebook,2025-10-02,Reel
facebook,2025-10-02,Reel
facebook,2025-10-02,Photo
facebook,2025-10-02,Reel
facebook,2025-10-02,Photo
facebook,2025-10-02,Photo
facebook,2025-10-01,Photo
facebook,2025-10-01,Photo
facebook,2025-10-01,Photo
facebook,2025-10-01,Photo
facebook,2025-10-01,Video
facebook,2025-10-01,Photo
facebook,2025-10-01,Video
facebook,2025-10-01,Photo
facebook,2025-10-01,Video
facebook,2025-09-30,Photo
facebook,2025-09-30,Video
facebook,2025-09-30,Photo
facebook,2025-09-30,Photo
facebook,2025-09-30,Photo
facebook,2025-09-30,Photo
facebook,2025-09-29,Photo
facebook,2025-09-29,Photo
facebook,2025-09-29,Photo
facebook,2025-09-29,Photo
facebook,2025-09-29,Photo
facebook,2025-09-29,Photo
facebook,2025-09-29,Photo
facebook,2025-09-29,Video
facebook,2025-09-29,Video
facebook,2025-09-28,Photo
facebook,2025-09-28,Photo
facebook,2025-09-28,Video
facebook,2025-09-28,Photo
facebook,2025-09-28,Photo
facebook,2025-09-28,Photo
facebook,2025-09-28,Video
facebook,2025-09-28,Photo
facebook,2025-09-28,Photo
facebook,2025-09-28,Video
facebook,2025-09-28,Photo
facebook,2025-09-28,Photo
facebook,2025-09-28,Video
facebook,2025-09-28,Photo
facebook,2025-09-28,Video
facebook,2025-09-28,Video
facebook,2025-09-28,Video
facebook,2025-09-27,Photo
facebook,2025-09-27,Video
facebook,2025-09-27,Video
facebook,2025-09-27,Photo
facebook,2025-09-27,Photo
facebook,2025-09-27,Video
facebook,2025-09-27,Video
facebook,2025-09-27,Photo
facebook,2025-09-26,Photo
facebook,2025-09-26,Photo
facebook,2025-09-26,Photo
facebook,2025-09-26,Photo
facebook,2025-09-26,Photo
facebook,2025-09-26,Photo
facebook,2025-09-26,Photo
facebook,2025-09-26,Photo
facebook,2025-09-26,Video
facebook,2025-09-26,Video
facebook,2025-09-26,Photo
facebook,2025-09-25,Photo
facebook,2025-09-25,Video
facebook,2025-09-25,Photo
facebook,2025-09-25,Photo
facebook,2025-09-25,Photo
facebook,2025-09-25,Photo
facebook,2025-09-25,Photo
facebook,2025-09-25,Photo
facebook,2025-09-25,Photo
facebook,2025-09-25,Photo
facebook,2025-09-25,Video
facebook,2025-09-25,Photo
facebook,2025-09-25,Video
facebook,2025-09-25,Photo
facebook,2025-09-25,Video
facebook,2025-09-25,Photo
facebook,2025-09-24,Video
facebook,2025-09-24,Photo
facebook,2025-09-24,Photo
facebook,2025-09-24,Photo
facebook,2025-09-24,Photo
facebook,2025-09-24,Photo
facebook,2025-09-24,Photo
facebook,2025-09-24,Photo
facebook,2025-09-23,Photo
facebook,2025-09-23,Photo
facebook,2025-09-23,Photo
facebook,2025-09-23,Photo
facebook,2025-09-23,Photo
facebook,2025-09-23,Photo
facebook,2025-09-22,Photo
facebook,2025-09-22,Photo
facebook,2025-09-22,Photo
facebook,2025-09-22,Video
facebook,2025-09-22,Photo
facebook,2025-09-22,Photo
facebook,2025-09-22,Video
facebook,2025-09-22,Photo
facebook,2025-09-22,Video
facebook,2025-09-21,Photo
facebook,2025-09-21,Photo
facebook,2025-09-21,Video
facebook,2025-09-21,Photo
facebook,2025-09-21,Video
facebook,2025-09-21,Photo
facebook,2025-09-21,Photo
facebook,2025-09-20,Photo
facebook,2025-09-20,Photo
facebook,2025-09-20,Photo
facebook,2025-09-20,Photo
facebook,2025-09-20,Video
facebook,2025-09-20,Video
facebook,2025-09-20,Photo
facebook,2025-09-19,Video
facebook,2025-09-19,Photo
facebook,2025-09-19,Video
facebook,2025-09-19,Video
facebook,2025-09-19,Photo
facebook,2025-09-19,Video
facebook,2025-09-19,Video
facebook,2025-09-19,Video
facebook,2025-09-18,Video
facebook,2025-09-18,Photo
facebook,2025-09-18,Photo
facebook,2025-09-18,Photo
facebook,2025-09-18,Photo
facebook,2025-09-18,Photo
facebook,2025-09-18,Photo
facebook,2025-09-18,Photo
facebook,2025-09-18,Photo
facebook,2025-09-18,Photo
facebook,2025-09-18,Video
facebook,2025-09-18,Photo
facebook,2025-09-18,Photo
facebook,2025-09-18,Video
facebook,2025-09-18,Photo
facebook,2025-09-18,Photo
facebook,2025-09-18,Video
facebook,2025-09-17,Video
facebook,2025-09-17,Photo
facebook,2025-09-17,Photo
facebook,2025-09-17,Photo
facebook,2025-09-17,Photo
facebook,2025-09-17,Photo
facebook,2025-09-17,Photo
facebook,2025-09-17,Photo
facebook,2025-09-17,Photo
facebook,2025-09-17,Photo
facebook,2025-09-17,Photo
facebook,2025-09-17,Photo
facebook,2025-09-17,Photo
facebook,2025-09-17,Photo
facebook,2025-09-17,Video
facebook,2025-09-17,Photo
facebook,2025-09-17,Video
facebook,2025-09-16,Photo
facebook,2025-09-16,Video
facebook,2025-09-16,Photo
facebook,2025-09-16,Photo
facebook,2025-09-16,Photo
facebook,2025-09-16,Photo
facebook,2025-09-16,Photo
facebook,2025-09-16,Photo
facebook,2025-09-15,Photo
facebook,2025-09-15,Photo
facebook,2025-09-15,Photo
facebook,2025-09-15,Photo
facebook,2025-09-15,Video
facebook,2025-09-15,Photo
facebook,2025-09-15,Photo
facebook,2025-09-15,Photo
facebook,2025-09-15,Photo
facebook,2025-09-15,Photo
facebook,2025-09-15,Photo
facebook,2025-09-15,Photo
facebook,2025-09-15,Photo
facebook,2025-09-15,Photo
facebook,2025-09-15,Photo
facebook,2025-09-14,Photo
facebook,2025-09-14,Photo
facebook,2025-09-14,Video
facebook,2025-09-14,Photo
facebook,2025-09-14,Photo
facebook,2025-09-14,Photo
facebook,2025-09-14,Photo
facebook,2025-09-14,Photo
facebook,2025-09-14,Video
facebook,2025-09-14,Photo
facebook,2025-09-14,Video
facebook,2025-09-14,Video
facebook,2025-09-13,Video
facebook,2025-09-13,Photo
facebook,2025-09-13,Video
facebook,2025-09-13,Photo
facebook,2025-09-12,Photo
facebook,2025-09-12,Photo
facebook,2025-09-12,Photo
facebook,2025-09-12,Photo
facebook,2025-09-12,Video
facebook,2025-09-12,Video
facebook,2025-09-12,Video
facebook,2025-09-11,Photo
facebook,2025-09-11,Photo
facebook,2025-09-11,Photo
facebook,2025-09-11,Photo
facebook,2025-09-11,Video
facebook,2025-09-11,Video
facebook,2025-09-11,Photo
facebook,2025-09-11,Video
facebook,2025-09-11,Photo
facebook,2025-09-11,Video
facebook,2025-09-11,Photo
facebook,2025-09-11,Photo
facebook,2025-09-11,Video
facebook,2025-09-11,Status
facebook,2025-09-10,Photo
facebook,2025-09-10,Photo
facebook,2025-09-10,Video
facebook,2025-09-10,Photo
facebook,2025-09-10,Photo
facebook,2025-09-10,Photo
facebook,2025-09-10,Photo
facebook,2025-09-10,Photo
facebook,2025-09-10,Photo
facebook,2025-09-10,Photo
facebook,2025-09-10,Video
facebook,2025-09-10,Photo
facebook,2025-09-10,Video
facebook,2025-09-10,Photo
facebook,2025-09-10,Photo
facebook,2025-09-09,Photo
facebook,2025-09-09,Video
facebook,2025-09-09,Video
facebook,2025-09-09,Photo
facebook,2025-09-09,Photo
facebook,2025-09-09,Video
facebook,2025-09-09,Photo
facebook,2025-09-09,Photo
facebook,2025-09-09,Video
facebook,2025-09-09,Video
facebook,2025-09-09,Photo
facebook,2025-09-08,Photo
facebook,2025-09-08,Video
facebook,2025-09-08,Video
facebook,2025-09-08,Photo
facebook,2025-09-08,Photo
facebook,2025-09-08,Photo
facebook,2025-09-08,Photo
facebook,2025-09-08,Photo
facebook,2025-09-08,Photo
facebook,2025-09-08,Photo
facebook,2025-09-08,Photo
facebook,2025-09-08,Photo
facebook,2025-09-08,Video
facebook,2025-09-08,Video
facebook,2025-09-08,Photo
facebook,2025-09-08,Photo
facebook,2025-09-08,Photo
facebook,2025-09-08,Video
facebook,2025-09-08,Video
facebook,2025-09-07,Photo
facebook,2025-09-07,Video
facebook,2025-09-07,Photo
facebook,2025-09-07,Photo
facebook,2025-09-07,Photo
facebook,2025-09-07,Photo
facebook,2025-09-07,Photo
facebook,2025-09-07,Photo
facebook,2025-09-07,Video
facebook,2025-09-07,Video
facebook,2025-09-07,Photo
facebook,2025-09-07,Photo
facebook,2025-09-07,Video
facebook,2025-09-07,Video
facebook,2025-09-06,Video
facebook,2025-09-06,Video
facebook,2025-09-06,Photo
facebook,2025-09-06,Photo
facebook,2025-09-06,Video
facebook,2025-09-06,Video
facebook,2025-09-06,Video
facebook,2025-09-06,Video
facebook,2025-09-06,Photo
facebook,2025-09-05,Photo
facebook,2025-09-05,Video
facebook,2025-09-05,Video
facebook,2025-09-05,Photo
facebook,2025-09-05,Photo
facebook,2025-09-05,Video
facebook,2025-09-05,Photo
facebook,2025-09-05,Video
facebook,2025-09-05,Video
facebook,2025-09-04,Video
facebook,2025-09-04,Video
facebook,2025-09-04,Video
facebook,2025-09-04,Photo
facebook,2025-09-04,Photo
facebook,2025-09-04,Photo
facebook,2025-09-04,Video
facebook,2025-09-04,Photo
facebook,2025-09-04,Video
facebook,2025-09-04,Video
facebook,2025-09-03,Photo
facebook,2025-09-03,Photo
facebook,2025-09-03,Video
facebook,2025-09-03,Photo
facebook,2025-09-03,Photo
facebook,2025-09-03,Photo
facebook,2025-09-03,Photo
facebook,2025-09-03,Video
facebook,2025-09-03,Photo
facebook,2025-09-03,Video
facebook,2025-09-03,Video
facebook,2025-09-02,Video
facebook,2025-09-02,Photo
facebook,2025-09-02,Video
facebook,2025-09-02,Photo
facebook,2025-09-02,Video
facebook,2025-09-02,Photo
facebook,2025-09-02,Photo
facebook,2025-09-02,Video
facebook,2025-09-02,Video
facebook,2025-09-02,Photo
facebook,2025-09-02,Video
facebook,2025-09-01,Photo
facebook,2025-09-01,Video
facebook,2025-09-01,Photo
facebook,2025-09-01,Photo
facebook,2025-09-01,Photo
facebook,2025-09-01,Photo
facebook,2025-09-01,Photo
facebook,2025-09-01,Photo
facebook,2025-09-01,Video
facebook,2025-09-01,Video
facebook,2025-09-01,Photo
facebook,2025-09-01,Photo
facebook,2025-09-01,Video
facebook,2025-09-01,Photo
facebook,2025-09-01,Video
facebook,2025-09-01,Video
facebook,2025-08-31,Video
facebook,2025-08-31,Photo
facebook,2025-08-31,Photo
facebook,2025-08-31,Video
facebook,2025-08-31,Photo
facebook,2025-08-31,Photo
facebook,2025-08-31,Photo
facebook,2025-08-31,Video
facebook,2025-08-31,Video
facebook,2025-08-31,Video
facebook,2025-08-31,Video
facebook,2025-08-31,Photo
facebook,2025-08-31,Photo
facebook,2025-08-31,Photo
facebook,2025-08-31,Video
facebook,2025-08-31,Video
facebook,2025-08-30,Photo
facebook,2025-08-30,Video
facebook,2025-08-30,Photo
facebook,2025-08-30,Photo
facebook,2025-08-30,Photo
facebook,2025-08-30,Photo
facebook,2025-08-30,Photo
facebook,2025-08-30,Video
facebook,2025-08-29,Photo
facebook,2025-08-29,Photo
facebook,2025-08-29,Photo
facebook,2025-08-29,Photo
facebook,2025-08-29,Video
facebook,2025-08-29,Video
facebook,2025-08-29,Photo
facebook,2025-08-29,Photo
facebook,2025-08-29,Video
facebook,2025-08-29,Photo
facebook,2025-08-29,Video
facebook,2025-08-29,Video
facebook,2025-08-28,Video
facebook,2025-08-28,Photo
facebook,2025-08-28,Photo
facebook,2025-08-28,Video
facebook,2025-08-28,Photo
facebook,2025-08-28,Video
facebook,2025-08-28,Video
facebook,2025-08-28,Photo
facebook,2025-08-28,Video
facebook,2025-08-27,Video
facebook,2025-08-27,Video
facebook,2025-08-27,Photo
facebook,2025-08-27,Photo
facebook,2025-08-27,Video
facebook,2025-08-27,Video
facebook,2025-08-27,Video
facebook,2025-08-27,Photo
facebook,2025-08-26,Video
facebook,2025-08-26,Photo
facebook,2025-08-26,Photo
facebook,2025-08-26,Photo
facebook,2025-08-26,Photo
facebook,2025-08-26,Photo
facebook,2025-08-26,Video
facebook,2025-08-26,Video
facebook,2025-08-25,Photo
facebook,2025-08-25,Photo
facebook,2025-08-25,Photo
facebook,2025-08-25,Photo
facebook,2025-08-25,Video
facebook,2025-08-25,Photo
facebook,2025-08-25,Video
facebook,2025-08-25,Video
facebook,2025-08-24,Video
facebook,2025-08-24,Video
facebook,2025-08-24,Photo
facebook,2025-08-24,Photo
facebook,2025-08-24,Photo
facebook,2025-08-24,Photo
facebook,2025-08-24,Video
facebook,2025-08-24,Photo
facebook,2025-08-24,Video
facebook,2025-08-24,Photo
facebook,2025-08-24,Photo
facebook,2025-08-24,Video
facebook,2025-08-24,Video
facebook,2025-08-23,Video
facebook,2025-08-23,Photo
facebook,2025-08-23,Video
facebook,2025-08-23,Photo
facebook,2025-08-23,Video
facebook,2025-08-23,Video
facebook,2025-08-22,Video
facebook,2025-08-22,Photo
facebook,2025-08-22,Video
facebook,2025-08-22,Video
facebook,2025-08-22,Video
facebook,2025-08-22,Photo
facebook,2025-08-22,Photo
facebook,2025-08-22,Video
facebook,2025-08-22,Video
facebook,2025-08-22,Video
facebook,2025-08-22,Photo
facebook,2025-08-22,Video
facebook,2025-08-21,Video
facebook,2025-08-21,Photo
facebook,2025-08-21,Photo
facebook,2025-08-21,Photo
facebook,2025-08-21,Photo
facebook,2025-08-21,Video
facebook,2025-08-21,Video
facebook,2025-08-21,Video
facebook,2025-08-21,Photo
facebook,2025-08-21,Video
facebook,2025-08-20,Photo
facebook,2025-08-20,Video
facebook,2025-08-20,Photo
facebook,2025-08-20,Photo
facebook,2025-08-20,Photo
facebook,2025-08-20,Photo
facebook,2025-08-20,Photo
facebook,2025-08-20,Video
facebook,2025-08-20,Photo
facebook,2025-08-20,Photo
facebook,2025-08-20,Video
facebook,2025-08-20,Photo
facebook,2025-08-20,Photo
facebook,2025-08-20,Video
facebook,2025-08-19,Photo
facebook,2025-08-19,Video
facebook,2025-08-19,Photo
facebook,2025-08-19,Video
facebook,2025-08-19,Video
facebook,2025-08-18,Photo
facebook,2025-08-18,Video
facebook,2025-08-18,Photo
facebook,2025-08-18,Photo
facebook,2025-08-18,Photo
facebook,2025-08-18,Photo
facebook,2025-08-18,Photo
facebook,2025-08-18,Video
facebook,2025-08-18,Video
facebook,2025-08-17,Video
facebook,2025-08-17,Video
facebook,2025-08-17,Photo
facebook,2025-08-17,Photo
facebook,2025-08-17,Photo
facebook,2025-08-17,Photo
facebook,2025-08-17,Photo
facebook,2025-08-17,Video
facebook,2025-08-16,Photo
facebook,2025-08-16,Video
facebook,2025-08-16,Photo
facebook,2025-08-16,Photo
facebook,2025-08-16,Video
facebook,2025-08-16,Video
facebook,2025-08-16,Photo
facebook,2025-08-16,Photo
facebook,2025-08-16,Video
facebook,2025-08-16,Video
facebook,2025-08-16,Photo
facebook,2025-08-15,Photo
facebook,2025-08-15,Video
facebook,2025-08-15,Video
facebook,2025-08-15,Photo
facebook,2025-08-15,Video
facebook,2025-08-15,Photo
facebook,2025-08-14,Photo
facebook,2025-08-14,Video
facebook,2025-08-14,Photo
facebook,2025-08-14,Photo
facebook,2025-08-14,Photo
facebook,2025-08-14,Video
facebook,2025-08-14,Photo
facebook,2025-08-14,Video
facebook,2025-08-14,Video
facebook,2025-08-13,Video
facebook,2025-08-13,Photo
facebook,2025-08-13,Photo
facebook,2025-08-13,Photo
facebook,2025-08-13,Video
facebook,2025-08-13,Photo
facebook,2025-08-13,Photo
facebook,2025-08-13,Video
facebook,2025-08-13,Video
facebook,2025-08-13,Photo
facebook,2025-08-13,Video
facebook,2025-08-13,Photo
facebook,2025-08-13,Video
facebook,2025-08-13,Photo
facebook,2025-08-13,Video
facebook,2025-08-12,Photo
facebook,2025-08-12,Video
facebook,2025-08-12,Photo
facebook,2025-08-12,Photo
facebook,2025-08-12,Photo
facebook,2025-08-12,Photo
facebook,2025-08-12,Video
facebook,2025-08-12,Photo
facebook,2025-08-12,Video
facebook,2025-08-12,Video
facebook,2025-08-11,Photo
facebook,2025-08-11,Video
facebook,2025-08-11,Video
facebook,2025-08-11,Photo
facebook,2025-08-11,Video
facebook,2025-08-11,Photo
facebook,2025-08-11,Video
facebook,2025-08-11,Photo
facebook,2025-08-11,Video
facebook,2025-08-10,Video
facebook,2025-08-10,Photo
facebook,2025-08-10,Photo
facebook,2025-08-10,Photo
facebook,2025-08-10,Photo
facebook,2025-08-10,Video
facebook,2025-08-10,Video
facebook,2025-08-09,Video
facebook,2025-08-09,Photo
facebook,2025-08-09,Video
facebook,2025-08-09,Video
facebook,2025-08-09,Photo
facebook,2025-08-09,Video
facebook,2025-08-09,Video
facebook,2025-08-09,Video
facebook,2025-08-08,Video
facebook,2025-08-08,Photo
facebook,2025-08-08,Video
facebook,2025-08-08,Photo
facebook,2025-08-08,Video
facebook,2025-08-08,Photo
facebook,2025-08-08,Video
facebook,2025-08-08,Video
facebook,2025-08-08,Photo
facebook,2025-08-08,Photo
facebook,2025-08-08,Video
facebook,2025-08-07,Video
facebook,2025-08-07,Photo
facebook,2025-08-07,Photo
facebook,2025-08-07,Video
facebook,2025-08-07,Video
facebook,2025-08-07,Photo
facebook,2025-08-07,Video
facebook,2025-08-07,Video
facebook,2025-08-06,Video
facebook,2025-08-06,Photo
facebook,2025-08-06,Photo
facebook,2025-08-06,Video
facebook,2025-08-06,Video
facebook,2025-08-06,Video
facebook,2025-08-06,Video
facebook,2025-08-06,Video
facebook,2025-08-06,Video
facebook,2025-08-06,Video
facebook,2025-08-06,Video
facebook,2025-08-06,Video
facebook,2025-08-06,Video
facebook,2025-08-05,Video
facebook,2025-08-05,Video
facebook,2025-08-05,Video
facebook,2025-08-05,Photo
facebook,2025-08-05,Photo
facebook,2025-08-05,Photo
facebook,2025-08-05,Photo
facebook,2025-08-05,Photo
facebook,2025-08-05,Video
facebook,2025-08-05,Photo
facebook,2025-08-05,Photo
facebook,2025-08-05,Video
facebook,2025-08-05,Photo
facebook,2025-08-05,Video
facebook,2025-08-05,Video
facebook,2025-08-04,Photo
facebook,2025-08-04,Video
facebook,2025-08-04,Video
facebook,2025-08-04,Photo
facebook,2025-08-04,Photo
facebook,2025-08-04,Photo
facebook,2025-08-04,Photo
facebook,2025-08-04,Video
facebook,2025-08-03,Video
facebook,2025-08-03,Video
facebook,2025-08-03,Video
facebook,2025-08-03,Video
facebook,2025-08-03,Video
facebook,2025-08-03,Video
facebook,2025-08-03,Photo
facebook,2025-08-03,Photo
facebook,2025-08-03,Photo
facebook,2025-08-03,Photo
facebook,2025-08-03,Video
facebook,2025-08-03,Video
facebook,2025-08-03,Photo
facebook,2025-08-03,Video
facebook,2025-08-03,Video
facebook,2025-08-02,Video
facebook,2025-08-02,Video
facebook,2025-08-02,Photo
facebook,2025-08-02,Video
facebook,2025-08-02,Photo
facebook,2025-08-02,Video
facebook,2025-08-02,Video
facebook,2025-08-02,Photo
facebook,2025-08-02,Video
facebook,2025-08-02,Video
facebook,2025-08-01,Video
facebook,2025-08-01,Photo
facebook,2025-08-01,Photo
facebook,2025-08-01,Photo
facebook,2025-08-01,Video
facebook,2025-08-01,Photo
facebook,2025-08-01,Video
facebook,2025-08-01,Photo
facebook,2025-08-01,Photo
facebook,2025-08-01,Photo
facebook,2025-08-01,Video
facebook,2025-08-01,Video
facebook,2025-07-31,Photo
facebook,2025-07-31,Video
facebook,2025-07-31,Photo
facebook,2025-07-31,Video
facebook,2025-07-31,Photo
facebook,2025-07-31,Video
facebook,2025-07-31,Photo
facebook,2025-07-31,Photo
facebook,2025-07-31,Photo
facebook,2025-07-31,Photo
facebook,2025-07-31,Video
facebook,2025-07-31,Video
facebook,2025-07-30,Photo
facebook,2025-07-30,Video
facebook,2025-07-30,Photo
facebook,2025-07-30,Photo
facebook,2025-07-30,Photo
facebook,2025-07-30,Photo
facebook,2025-07-30,Video
facebook,2025-07-30,Video
facebook,2025-07-30,Photo
facebook,2025-07-30,Video
facebook,2025-07-30,Video
facebook,2025-07-29,Video
facebook,2025-07-29,Photo
facebook,2025-07-29,Photo
facebook,2025-07-29,Photo
facebook,2025-07-29,Photo
facebook,2025-07-29,Photo
facebook,2025-07-29,Photo
facebook,2025-07-29,Video
facebook,2025-07-29,Photo
facebook,2025-07-29,Video
facebook,2025-07-28,Photo
facebook,2025-07-28,Video
facebook,2025-07-28,Video
facebook,2025-07-28,Photo
facebook,2025-07-28,Photo
facebook,2025-07-28,Video
facebook,2025-07-28,Video
facebook,2025-07-28,Photo
facebook,2025-07-28,Photo
facebook,2025-07-28,Video
facebook,2025-07-28,Photo
facebook,2025-07-28,Photo
facebook,2025-07-28,Photo
facebook,2025-07-28,Video
facebook,2025-07-28,Photo
facebook,2025-07-28,Video
facebook,2025-07-27,Video
facebook,2025-07-27,Photo
facebook,2025-07-27,Video
facebook,2025-07-27,Photo
facebook,2025-07-27,Video
facebook,2025-07-27,Photo
facebook,2025-07-27,Photo
facebook,2025-07-27,Video
facebook,2025-07-27,Photo
facebook,2025-07-27,Photo
facebook,2025-07-27,Video
facebook,2025-07-27,Photo
facebook,2025-07-27,Photo
facebook,2025-07-27,Video
facebook,2025-07-27,Video
facebook,2025-07-26,Photo
facebook,2025-07-26,Photo
facebook,2025-07-26,Video
facebook,2025-07-26,Photo
facebook,2025-07-26,Video
facebook,2025-07-26,Photo
facebook,2025-07-26,Video
facebook,2025-07-26,Video
facebook,2025-07-26,Photo
facebook,2025-07-26,Video
facebook,2025-07-26,Video
facebook,2025-07-25,Photo
facebook,2025-07-25,Video
facebook,2025-07-25,Video
facebook,2025-07-25,Video
facebook,2025-07-25,Photo
facebook,2025-07-25,Photo
facebook,2025-07-25,Photo
facebook,2025-07-25,Video
facebook,2025-07-25,Video
facebook,2025-07-25,Video
facebook,2025-07-24,Photo
facebook,2025-07-24,Photo
facebook,2025-07-24,Photo
facebook,2025-07-24,Photo
facebook,2025-07-24,Photo
facebook,2025-07-24,Video
facebook,2025-07-24,Photo
facebook,2025-07-24,Photo
facebook,2025-07-24,Photo
facebook,2025-07-24,Photo
facebook,2025-07-24,Photo
facebook,2025-07-24,Video
facebook,2025-07-24,Video
facebook,2025-07-24,Video
facebook,2025-07-24,Photo
facebook,2025-07-24,Video
facebook,2025-07-23,Photo
facebook,2025-07-23,Video
facebook,2025-07-23,Photo
facebook,2025-07-23,Photo
facebook,2025-07-23,Photo
facebook,2025-07-23,Photo
facebook,2025-07-23,Photo
facebook,2025-07-23,Photo
facebook,2025-07-23,Video
facebook,2025-07-23,Video
facebook,2025-07-23,Photo
facebook,2025-07-23,Photo
facebook,2025-07-23,Video
facebook,2025-07-22,Video
facebook,2025-07-22,Photo
facebook,2025-07-22,Photo
facebook,2025-07-22,Photo
facebook,2025-07-22,Photo
facebook,2025-07-22,Video
facebook,2025-07-22,Photo
facebook,2025-07-22,Video
facebook,2025-07-22,Photo
facebook,2025-07-22,Video
facebook,2025-07-22,Photo
facebook,2025-07-21,Photo
facebook,2025-07-21,Photo
facebook,2025-07-21,Photo
facebook,2025-07-21,Photo
facebook,2025-07-21,Photo
facebook,2025-07-21,Photo
facebook,2025-07-21,Photo
facebook,2025-07-21,Photo
facebook,2025-07-21,Photo
facebook,2025-07-21,Video
facebook,2025-07-21,Video
facebook,2025-07-20,Video
facebook,2025-07-20,Video
facebook,2025-07-20,Video
facebook,2025-07-20,Video
facebook,2025-07-20,Photo
facebook,2025-07-20,Photo
facebook,2025-07-20,Photo
facebook,2025-07-20,Video
facebook,2025-07-20,Video
facebook,2025-07-20,Photo
facebook,2025-07-20,Video
facebook,2025-07-20,Video
facebook,2025-07-19,Video
facebook,2025-07-19,Video
facebook,2025-07-19,Photo
facebook,2025-07-19,Photo
facebook,2025-07-19,Video
facebook,2025-07-19,Video
facebook,2025-07-19,Video
facebook,2025-07-18,Video
facebook,2025-07-18,Video
facebook,2025-07-18,Photo
facebook,2025-07-18,Video
facebook,2025-07-18,Video
facebook,2025-07-17,Video
facebook,2025-07-17,Video
facebook,2025-07-17,Photo
facebook,2025-07-17,Video
facebook,2025-07-17,Photo
facebook,2025-07-17,Photo
facebook,2025-07-17,Photo
facebook,2025-07-17,Photo
facebook,2025-07-17,Photo
facebook,2025-07-17,Video
facebook,2025-07-17,Photo
facebook,2025-07-17,Video
facebook,2025-07-17,Photo
facebook,2025-07-17,Video
facebook,2025-07-16,Video
facebook,2025-07-16,Photo
facebook,2025-07-16,Photo
facebook,2025-07-16,Photo
facebook,2025-07-16,Photo
facebook,2025-07-16,Photo
facebook,2025-07-16,Photo
facebook,2025-07-16,Video
facebook,2025-07-16,Video
facebook,2025-07-16,Photo
facebook,2025-07-16,Video
facebook,2025-07-16,Photo
facebook,2025-07-16,Video
facebook,2025-07-15,Video
facebook,2025-07-15,Video
facebook,2025-07-15,Video
facebook,2025-07-15,Photo
facebook,2025-07-15,Photo
facebook,2025-07-15,Photo
facebook,2025-07-15,Photo
facebook,2025-07-15,Video
facebook,2025-07-15,Photo
facebook,2025-07-15,Photo
facebook,2025-07-15,Photo
facebook,2025-07-15,Video
facebook,2025-07-14,Photo
facebook,2025-07-14,Video
facebook,2025-07-14,Photo
facebook,2025-07-14,Photo
facebook,2025-07-14,Photo
facebook,2025-07-14,Video
facebook,2025-07-14,Photo
facebook,2025-07-14,Photo
facebook,2025-07-14,Photo
facebook,2025-07-14,Photo
facebook,2025-07-14,Photo
facebook,2025-07-14,Video
facebook,2025-07-14,Photo
facebook,2025-07-14,Video
facebook,2025-07-13,Video
facebook,2025-07-13,Photo
facebook,2025-07-13,Photo
facebook,2025-07-13,Photo
facebook,2025-07-13,Photo
facebook,2025-07-13,Photo
facebook,2025-07-13,Photo
facebook,2025-07-13,Video
facebook,2025-07-13,Photo
facebook,2025-07-13,Video
facebook,2025-07-13,Video
facebook,2025-07-13,Video
facebook,2025-07-12,Photo
facebook,2025-07-12,Photo
facebook,2025-07-12,Photo
facebook,2025-07-12,Video
facebook,2025-07-12,Video
facebook,2025-07-12,Video
facebook,2025-07-11,Photo
facebook,2025-07-11,Photo
facebook,2025-07-11,Video
facebook,2025-07-11,Video
facebook,2025-07-11,Video
facebook,2025-07-11,Photo
facebook,2025-07-11,Photo
facebook,2025-07-11,Photo
facebook,2025-07-11,Video
facebook,2025-07-11,Video
facebook,2025-07-11,Photo
facebook,2025-07-10,Photo
facebook,2025-07-10,Photo
facebook,2025-07-10,Photo
facebook,2025-07-10,Video
facebook,2025-07-10,Photo
facebook,2025-07-10,Video
facebook,2025-07-10,Photo
facebook,2025-07-10,Photo
facebook,2025-07-10,Video
facebook,2025-07-10,Photo
facebook,2025-07-10,Photo
facebook,2025-07-10,Photo
facebook,2025-07-10,Photo
facebook,2025-07-10,Video
facebook,2025-07-10,Photo
facebook,2025-07-10,Photo
facebook,2025-07-10,Video
facebook,2025-07-10,Photo
facebook,2025-07-09,Photo
facebook,2025-07-09,Video
facebook,2025-07-09,Video
facebook,2025-07-09,Photo
facebook,2025-07-09,Photo
facebook,2025-07-09,Video
facebook,2025-07-09,Photo
facebook,2025-07-09,Photo
facebook,2025-07-09,Video
facebook,2025-07-09,Video
facebook,2025-07-08,Video
facebook,2025-07-08,Photo
facebook,2025-07-08,Photo
facebook,2025-07-08,Photo
facebook,2025-07-08,Photo
facebook,2025-07-08,Video
facebook,2025-07-08,Photo
facebook,2025-07-08,Video
facebook,2025-07-08,Photo
facebook,2025-07-08,Photo
facebook,2025-07-08,Photo
facebook,2025-07-08,Photo
facebook,2025-07-08,Photo
facebook,2025-07-07,Video
facebook,2025-07-07,Video
facebook,2025-07-07,Photo
facebook,2025-07-07,Video
facebook,2025-07-07,Photo
facebook,2025-07-07,Photo
facebook,2025-07-07,Photo
facebook,2025-07-07,Photo
facebook,2025-07-07,Video
facebook,2025-07-07,Photo
facebook,2025-07-07,Photo
facebook,2025-07-07,Video
facebook,2025-07-07,Photo
facebook,2025-07-07,Video
facebook,2025-07-07,Photo
facebook,2025-07-07,Video
facebook,2025-07-06,Photo
facebook,2025-07-06,Video
facebook,2025-07-06,Photo
facebook,2025-07-06,Video
facebook,2025-07-06,Photo
facebook,2025-07-06,Photo
facebook,2025-07-06,Photo
facebook,2025-07-06,Photo
facebook,2025-07-06,Video
facebook,2025-07-06,Photo
facebook,2025-07-06,Video
facebook,2025-07-06,Photo
facebook,2025-07-06,Video
facebook,2025-07-06,Photo
facebook,2025-07-05,Photo
facebook,2025-07-05,Photo
facebook,2025-07-05,Video
facebook,2025-07-05,Video
facebook,2025-07-05,Photo
facebook,2025-07-05,Video
facebook,2025-07-05,Video
facebook,2025-07-04,Photo
facebook,2025-07-04,Photo
facebook,2025-07-04,Video
facebook,2025-07-04,Video
facebook,2025-07-04,Video
facebook,2025-07-04,Photo
facebook,2025-07-04,Photo
facebook,2025-07-04,Photo
facebook,2025-07-04,Video
facebook,2025-07-04,Video
facebook,2025-07-04,Photo
facebook,2025-07-04,Video
facebook,2025-07-04,Video
facebook,2025-07-03,Video
facebook,2025-07-03,Video
facebook,2025-07-03,Photo
facebook,2025-07-03,Photo
facebook,2025-07-03,Photo
facebook,2025-07-03,Photo
facebook,2025-07-03,Photo
facebook,2025-07-03,Photo
facebook,2025-07-03,Photo
facebook,2025-07-03,Video
facebook,2025-07-03,Photo
facebook,2025-07-03,Photo
facebook,2025-07-03,Video
facebook,2025-07-03,Photo
facebook,2025-07-02,Video
facebook,2025-07-02,Photo
facebook,2025-07-02,Photo
facebook,2025-07-02,Photo
facebook,2025-07-02,Photo
facebook,2025-07-02,Photo
facebook,2025-07-02,Photo
facebook,2025-07-02,Video
facebook,2025-07-02,Photo
facebook,2025-07-02,Video
facebook,2025-07-02,Photo
facebook,2025-07-02,Video
facebook,2025-07-02,Photo
facebook,2025-07-02,Video
facebook,2025-07-02,Photo
facebook,2025-07-01,Video
facebook,2025-07-01,Video
facebook,2025-07-01,Photo
facebook,2025-07-01,Photo
facebook,2025-07-01,Video
facebook,2025-07-01,Photo
facebook,2025-07-01,Photo
facebook,2025-07-01,Video
facebook,2025-07-01,Photo
facebook,2025-07-01,Photo
facebook,2025-07-01,Video
facebook,2025-07-01,Video
facebook,2025-07-01,Photo
facebook,2025-07-01,Video
facebook,2025-06-30,Photo
facebook,2025-06-30,Photo
facebook,2025-06-30,Photo
facebook,2025-06-30,Photo
facebook,2025-06-30,Photo
facebook,2025-06-30,Photo
facebook,2025-06-30,Photo
facebook,2025-06-30,Video
facebook,2025-06-30,Photo
facebook,2025-06-30,Photo
facebook,2025-06-30,Video
facebook,2025-06-30,Photo
facebook,2025-06-30,Video
facebook,2025-06-30,Photo
facebook,2025-06-30,Video
facebook,2025-06-29,Video
facebook,2025-06-29,Photo
facebook,2025-06-29,Video
facebook,2025-06-29,Photo
facebook,2025-06-29,Photo
facebook,2025-06-29,Photo
facebook,2025-06-29,Photo
facebook,2025-06-29,Photo
facebook,2025-06-29,Photo
facebook,2025-06-29,Video
facebook,2025-06-29,Video
facebook,2025-06-29,Photo
facebook,2025-06-29,Photo
facebook,2025-06-29,Video
facebook,2025-06-28,Video
facebook,2025-06-28,Photo
facebook,2025-06-28,Video
facebook,2025-06-28,Photo
facebook,2025-06-28,Photo
facebook,2025-06-28,Video
facebook,2025-06-28,Video
facebook,2025-06-28,Video
facebook,2025-06-28,Photo
facebook,2025-06-27,Photo
facebook,2025-06-27,Video
facebook,2025-06-27,Video
facebook,2025-06-27,Photo
facebook,2025-06-27,Video
facebook,2025-06-27,Video
facebook,2025-06-27,Photo
facebook,2025-06-27,Video
facebook,2025-06-27,Photo
facebook,2025-06-27,Photo
facebook,2025-06-27,Video
facebook,2025-06-26,Video
facebook,2025-06-26,Photo
facebook,2025-06-26,Photo
facebook,2025-06-26,Photo
facebook,2025-06-26,Video
facebook,2025-06-26,Photo
facebook,2025-06-26,Video
facebook,2025-06-26,Photo
facebook,2025-06-26,Photo
facebook,2025-06-26,Video
facebook,2025-06-25,Photo
facebook,2025-06-25,Video
facebook,2025-06-25,Photo
facebook,2025-06-25,Photo
facebook,2025-06-25,Photo
facebook,2025-06-25,Photo
facebook,2025-06-25,Photo
facebook,2025-06-25,Photo
facebook,2025-06-25,Photo
facebook,2025-06-25,Photo
facebook,2025-06-25,Video
facebook,2025-06-25,Photo
facebook,2025-06-25,Video
facebook,2025-06-25,Photo
facebook,2025-06-25,Photo
facebook,2025-06-24,Photo
facebook,2025-06-24,Photo
facebook,2025-06-24,Video
facebook,2025-06-24,Photo
facebook,2025-06-24,Photo
facebook,2025-06-24,Photo
facebook,2025-06-24,Photo
facebook,2025-06-24,Photo
facebook,2025-06-24,Photo
facebook,2025-06-24,Photo
facebook,2025-06-24,Photo
facebook,2025-06-24,Photo
facebook,2025-06-24,Video
facebook,2025-06-24,Photo
facebook,2025-06-24,Video
facebook,2025-06-24,Photo
facebook,2025-06-24,Photo
facebook,2025-06-24,Photo
facebook,2025-06-24,Photo
facebook,2025-06-24,Photo
facebook,2025-06-24,Photo
facebook,2025-06-24,Video
facebook,2025-06-24,Photo
facebook,2025-06-24,Photo
facebook,2025-06-24,Photo
facebook,2025-06-23,Photo
facebook,2025-06-23,Photo
facebook,2025-06-23,Video
facebook,2025-06-23,Photo
facebook,2025-06-23,Video
facebook,2025-06-23,Photo
facebook,2025-06-23,Photo
facebook,2025-06-23,Photo
facebook,2025-06-23,Photo
facebook,2025-06-23,Video
facebook,2025-06-23,Photo
facebook,2025-06-23,Video
facebook,2025-06-23,Photo
facebook,2025-06-23,Photo
facebook,2025-06-23,Video
facebook,2025-06-23,Photo
facebook,2025-06-22,Video
facebook,2025-06-22,Video
facebook,2025-06-22,Video
facebook,2025-06-22,Photo
facebook,2025-06-22,Photo
facebook,2025-06-22,Photo
facebook,2025-06-22,Photo
facebook,2025-06-22,Photo
facebook,2025-06-22,Video
facebook,2025-06-22,Photo
facebook,2025-06-22,Photo
facebook,2025-06-22,Photo
facebook,2025-06-22,Status
facebook,2025-06-22,Video
facebook,2025-06-22,Video
facebook,2025-06-22,Photo
facebook,2025-06-22,Photo
facebook,2025-06-22,Photo
facebook,2025-06-22,Photo
facebook,2025-06-21,Video
facebook,2025-06-21,Video
facebook,2025-06-21,Photo
facebook,2025-06-21,Photo
facebook,2025-06-21,Photo
facebook,2025-06-21,Photo
facebook,2025-06-21,Video
facebook,2025-06-21,Video
facebook,2025-06-21,Video
facebook,2025-06-20,Video
facebook,2025-06-20,Photo
facebook,2025-06-20,Photo
facebook,2025-06-20,Photo
facebook,2025-06-20,Photo
facebook,2025-06-20,Photo
facebook,2025-06-20,Photo
facebook,2025-06-20,Photo
facebook,2025-06-20,Photo
facebook,2025-06-19,Video
facebook,2025-06-19,Photo
facebook,2025-06-19,Video
facebook,2025-06-19,Photo
facebook,2025-06-19,Video
facebook,2025-06-19,Photo
facebook,2025-06-19,Video
facebook,2025-06-19,Photo
facebook,2025-06-19,Photo
facebook,2025-06-19,Video
facebook,2025-06-19,Photo
facebook,2025-06-19,Photo
facebook,2025-06-19,Photo
facebook,2025-06-19,Photo
facebook,2025-06-18,Photo
facebook,2025-06-18,Photo
facebook,2025-06-18,Photo
facebook,2025-06-18,Photo
facebook,2025-06-18,Photo
facebook,2025-06-18,Photo
facebook,2025-06-18,Photo
facebook,2025-06-18,Photo
facebook,2025-06-18,Photo
facebook,2025-06-18,Photo
facebook,2025-06-18,Photo
facebook,2025-06-18,Photo
facebook,2025-06-18,Status
facebook,2025-06-17,Photo
facebook,2025-06-17,Photo
facebook,2025-06-17,Photo
facebook,2025-06-17,Photo
facebook,2025-06-17,Photo
facebook,2025-06-17,Status
facebook,2025-06-17,Photo
facebook,2025-06-17,Photo
facebook,2025-06-17,Photo
facebook,2025-06-17,Photo
facebook,2025-06-16,Photo
facebook,2025-06-16,Video
facebook,2025-06-16,Photo
facebook,2025-06-16,Photo
facebook,2025-06-16,Photo
facebook,2025-06-16,Photo
facebook,2025-06-16,Photo
facebook,2025-06-16,Photo
facebook,2025-06-16,Photo
facebook,2025-06-16,Photo
facebook,2025-06-16,Photo
facebook,2025-06-16,Photo
facebook,2025-06-16,Status
facebook,2025-06-16,Photo
facebook,2025-06-16,Photo
facebook,2025-06-16,Photo
facebook,2025-06-16,Photo
facebook,2025-06-15,Video
facebook,2025-06-15,Video
facebook,2025-06-15,Photo
facebook,2025-06-15,Photo
facebook,2025-06-15,Status
facebook,2025-06-15,Photo
facebook,2025-06-15,Photo
facebook,2025-06-15,Photo
facebook,2025-06-15,Photo
facebook,2025-06-15,Status
facebook,2025-06-15,Photo
facebook,2025-06-15,Photo
facebook,2025-06-15,Photo
facebook,2025-06-15,Video
facebook,2025-06-15,Status
facebook,2025-06-15,Video
facebook,2025-06-15,Photo
facebook,2025-06-15,Photo
facebook,2025-06-15,Photo
facebook,2025-06-15,Photo
facebook,2025-06-15,Photo
facebook,2025-06-15,Photo
facebook,2025-06-15,Photo
facebook,2025-06-15,Photo
facebook,2025-06-15,Photo
facebook,2025-06-15,Photo
facebook,2025-06-14,Photo
facebook,2025-06-14,Photo
facebook,2025-06-14,Photo
facebook,2025-06-14,Photo
facebook,2025-06-14,Photo
facebook,2025-06-14,Photo
facebook,2025-06-14,Photo
facebook,2025-06-14,Photo
facebook,2025-06-14,Photo
facebook,2025-06-14,Photo
facebook,2025-06-14,Photo
facebook,2025-06-14,Photo
facebook,2025-06-14,Photo
facebook,2025-06-14,Status
facebook,2025-06-14,Photo
facebook,2025-06-14,Photo
facebook,2025-06-14,Photo
facebook,2025-06-13,Photo
facebook,2025-06-13,Photo
facebook,2025-06-13,Photo
facebook,2025-06-13,Status
facebook,2025-06-13,Photo
facebook,2025-06-13,Photo
facebook,2025-06-13,Status
facebook,2025-06-13,Photo
facebook,2025-06-13,Photo
facebook,2025-06-13,Photo
facebook,2025-06-13,Photo
facebook,2025-06-13,Photo
facebook,2025-06-13,Photo
facebook,2025-06-13,Photo
facebook,2025-06-13,Video
facebook,2025-06-13,Video
facebook,2025-06-13,Photo
facebook,2025-06-13,Photo
facebook,2025-06-13,Photo
facebook,2025-06-13,Status
facebook,2025-06-13,Photo
facebook,2025-06-13,Video
facebook,2025-06-13,Photo
facebook,2025-06-13,Photo
facebook,2025-06-13,Video
facebook,2025-06-13,Photo
facebook,2025-06-13,Photo
facebook,2025-06-13,Photo
facebook,2025-06-13,Photo
facebook,2025-06-13,Status
facebook,2025-06-13,Photo
facebook,2025-06-12,Video
facebook,2025-06-12,Video
facebook,2025-06-12,Video
facebook,2025-06-12,Photo
facebook,2025-06-12,Photo
facebook,2025-06-12,Photo
facebook,2025-06-12,Photo
facebook,2025-06-12,Video
facebook,2025-06-12,Video
facebook,2025-06-12,Photo
facebook,2025-06-12,Photo
facebook,2025-06-11,Video
facebook,2025-06-11,Photo
facebook,2025-06-11,Photo
facebook,2025-06-11,Photo
facebook,2025-06-11,Photo
facebook,2025-06-11,Photo
facebook,2025-06-11,Video
facebook,2025-06-11,Photo
facebook,2025-06-11,Video
facebook,2025-06-11,Video
facebook,2025-06-10,Video
facebook,2025-06-10,Video
facebook,2025-06-10,Photo
facebook,2025-06-10,Video
facebook,2025-06-10,Photo
facebook,2025-06-10,Video
facebook,2025-06-10,Video
facebook,2025-06-10,Photo
facebook,2025-06-10,Photo
facebook,2025-06-10,Photo
facebook,2025-06-10,Photo
facebook,2025-06-10,Photo
facebook,2025-06-10,Video
facebook,2025-06-10,Photo
facebook,2025-06-10,Photo
facebook,2025-06-10,Video
facebook,2025-06-09,Photo
facebook,2025-06-09,Video
facebook,2025-06-09,Photo
facebook,2025-06-09,Photo
facebook,2025-06-09,Photo
facebook,2025-06-09,Video
facebook,2025-06-09,Photo
facebook,2025-06-09,Video
facebook,2025-06-09,Video
facebook,2025-06-09,Photo
facebook,2025-06-08,Photo
facebook,2025-06-08,Video
facebook,2025-06-08,Photo
facebook,2025-06-08,Photo
facebook,2025-06-08,Photo
facebook,2025-06-08,Video
facebook,2025-06-08,Photo
facebook,2025-06-08,Photo
facebook,2025-06-08,Photo
facebook,2025-06-08,Photo
facebook,2025-06-08,Photo
facebook,2025-06-08,Photo
facebook,2025-06-08,Photo
facebook,2025-06-08,Video
facebook,2025-06-07,Photo
facebook,2025-06-07,Video
facebook,2025-06-07,Photo
facebook,2025-06-07,Photo
facebook,2025-06-07,Photo
facebook,2025-06-07,Photo
facebook,2025-06-07,Video
facebook,2025-06-07,Photo
facebook,2025-06-07,Photo
facebook,2025-06-07,Video
facebook,2025-06-07,Video
facebook,2025-06-07,Video
facebook,2025-06-07,Photo
facebook,2025-06-07,Video
facebook,2025-06-07,Video
facebook,2025-06-06,Photo
facebook,2025-06-06,Video
facebook,2025-06-06,Photo
facebook,2025-06-06,Video
facebook,2025-06-06,Video
facebook,2025-06-06,Video
facebook,2025-06-06,Photo
facebook,2025-06-06,Photo
facebook,2025-06-06,Photo
facebook,2025-06-05,Photo
facebook,2025-06-05,Photo
facebook,2025-06-05,Photo
facebook,2025-06-05,Photo
facebook,2025-06-05,Video
facebook,2025-06-05,Photo
facebook,2025-06-05,Photo
facebook,2025-06-05,Photo
facebook,2025-06-05,Photo
facebook,2025-06-05,Photo
facebook,2025-06-05,Photo
facebook,2025-06-05,Video
facebook,2025-06-05,Photo
facebook,2025-06-05,Photo
facebook,2025-06-05,Video
facebook,2025-06-04,Video
facebook,2025-06-04,Video
facebook,2025-06-04,Photo
facebook,2025-06-04,Video
facebook,2025-06-04,Photo
facebook,2025-06-04,Photo
facebook,2025-06-04,Photo
facebook,2025-06-04,Photo
facebook,2025-06-04,Video
facebook,2025-06-04,Video
facebook,2025-06-04,Video
facebook,2025-06-04,Photo
facebook,2025-06-04,Video
facebook,2025-06-03,Video
facebook,2025-06-03,Status
facebook,2025-06-03,Photo
facebook,2025-06-03,Photo
facebook,2025-06-03,Photo
facebook,2025-06-03,Photo
facebook,2025-06-03,Photo
facebook,2025-06-03,Video
facebook,2025-06-03,Photo
facebook,2025-06-03,Video
facebook,2025-06-03,Photo
facebook,2025-06-02,Photo
facebook,2025-06-02,Photo
facebook,2025-06-02,Photo
facebook,2025-06-02,Photo
facebook,2025-06-02,Photo
facebook,2025-06-02,Photo
facebook,2025-06-01,Photo
facebook,2025-06-01,Photo
facebook,2025-06-01,Video
facebook,2025-06-01,Video
facebook,2025-06-01,Photo
facebook,2025-06-01,Photo
facebook,2025-06-01,Video
facebook,2025-06-01,Video
facebook,2025-06-01,Photo
facebook,2025-05-31,Photo
facebook,2025-05-31,Photo
facebook,2025-05-31,Photo
facebook,2025-05-31,Photo
facebook,2025-05-31,Video
facebook,2025-05-31,Video
facebook,2025-05-30,Photo
facebook,2025-05-30,Photo
facebook,2025-05-30,Photo
facebook,2025-05-30,Photo
facebook,2025-05-30,Video
facebook,2025-05-30,Video
facebook,2025-05-30,Video
facebook,2025-05-30,Video
facebook,2025-05-29,Video
facebook,2025-05-29,Photo
facebook,2025-05-29,Photo
facebook,2025-05-29,Photo
facebook,2025-05-29,Photo
facebook,2025-05-29,Photo
facebook,2025-05-29,Photo
facebook,2025-05-29,Video
facebook,2025-05-29,Photo
facebook,2025-05-29,Photo
facebook,2025-05-29,Photo
facebook,2025-05-29,Photo
facebook,2025-05-29,Video
facebook,2025-05-29,Photo
facebook,2025-05-29,Video
facebook,2025-05-28,Video
facebook,2025-05-28,Photo
facebook,2025-05-28,Video
facebook,2025-05-28,Photo
facebook,2025-05-28,Video
facebook,2025-05-28,Video
facebook,2025-05-27,Video
facebook,2025-05-27,Photo
facebook,2025-05-27,Photo
facebook,2025-05-27,Photo
facebook,2025-05-27,Photo
facebook,2025-05-27,Photo
facebook,2025-05-27,Photo
facebook,2025-05-27,Video
facebook,2025-05-27,Video
facebook,2025-05-26,Photo
facebook,2025-05-26,Video
facebook,2025-05-26,Photo
facebook,2025-05-26,Photo
facebook,2025-05-26,Video
facebook,2025-05-26,Photo
facebook,2025-05-26,Video
facebook,2025-05-26,Video
facebook,2025-05-26,Video
facebook,2025-05-26,Video
facebook,2025-05-26,Photo
facebook,2025-05-26,Video
facebook,2025-05-25,Video
facebook,2025-05-25,Video
facebook,2025-05-25,Photo
facebook,2025-05-25,Photo
facebook,2025-05-25,Photo
facebook,2025-05-25,Video
facebook,2025-05-25,Photo
facebook,2025-05-25,Photo
facebook,2025-05-25,Photo
facebook,2025-05-25,Video
facebook,2025-05-25,Photo
facebook,2025-05-25,Video
facebook,2025-05-25,Photo
facebook,2025-05-25,Photo
facebook,2025-05-25,Photo
facebook,2025-05-25,Video
facebook,2025-05-25,Photo
facebook,2025-05-25,Video
facebook,2025-05-24,Photo
facebook,2025-05-24,Video
facebook,2025-05-24,Photo
facebook,2025-05-24,Photo
facebook,2025-05-24,Video
facebook,2025-05-24,Video
facebook,2025-05-23,Video
facebook,2025-05-23,Video
facebook,2025-05-23,Photo
facebook,2025-05-23,Video
facebook,2025-05-23,Video
facebook,2025-05-23,Video
facebook,2025-05-23,Photo
facebook,2025-05-22,Photo
facebook,2025-05-22,Photo
facebook,2025-05-22,Photo
facebook,2025-05-22,Photo
facebook,2025-05-22,Photo
facebook,2025-05-22,Video
facebook,2025-05-22,Photo
facebook,2025-05-22,Photo
facebook,2025-05-21,Photo
facebook,2025-05-21,Photo
facebook,2025-05-21,Photo
facebook,2025-05-21,Photo
facebook,2025-05-21,Photo
facebook,2025-05-21,Photo
facebook,2025-05-21,Photo
facebook,2025-05-21,Video
facebook,2025-05-21,Photo
facebook,2025-05-21,Photo
facebook,2025-05-21,Video
facebook,2025-05-21,Video
facebook,2025-05-21,Photo
facebook,2025-05-20,Video
facebook,2025-05-20,Photo
facebook,2025-05-20,Photo
facebook,2025-05-20,Photo
facebook,2025-05-20,Photo
facebook,2025-05-20,Video
facebook,2025-05-20,Photo
facebook,2025-05-20,Photo
facebook,2025-05-20,Photo
facebook,2025-05-20,Video
facebook,2025-05-20,Photo
facebook,2025-05-20,Video
facebook,2025-05-20,Photo
facebook,2025-05-20,Photo
facebook,2025-05-20,Video
facebook,2025-05-20,Video
facebook,2025-05-19,Photo
facebook,2025-05-19,Photo
facebook,2025-05-19,Photo
facebook,2025-05-19,Photo
facebook,2025-05-19,Photo
facebook,2025-05-19,Photo
facebook,2025-05-19,Photo
facebook,2025-05-19,Photo
facebook,2025-05-19,Video
facebook,2025-05-19,Video
facebook,2025-05-19,Photo
facebook,2025-05-19,Video
facebook,2025-05-19,Photo
facebook,2025-05-19,Photo
facebook,2025-05-19,Video
facebook,2025-05-19,Photo
facebook,2025-05-18,Photo
facebook,2025-05-18,Photo
facebook,2025-05-18,Video
facebook,2025-05-18,Photo
facebook,2025-05-18,Photo
facebook,2025-05-18,Photo
facebook,2025-05-18,Photo
facebook,2025-05-18,Photo
facebook,2025-05-18,Photo
facebook,2025-05-18,Video
facebook,2025-05-18,Photo
facebook,2025-05-18,Video
facebook,2025-05-18,Photo
facebook,2025-05-18,Video
facebook,2025-05-18,Photo
facebook,2025-05-18,Photo
facebook,2025-05-18,Photo
facebook,2025-05-18,Photo
facebook,2025-05-18,Photo
facebook,2025-05-18,Photo
facebook,2025-05-17,Photo
facebook,2025-05-17,Photo
facebook,2025-05-17,Photo
facebook,2025-05-17,Video
facebook,2025-05-17,Video
facebook,2025-05-17,Photo
facebook,2025-05-17,Photo
facebook,2025-05-17,Photo
facebook,2025-05-17,Photo
facebook,2025-05-17,Video
facebook,2025-05-17,Photo
facebook,2025-05-17,Photo
facebook,2025-05-17,Video
facebook,2025-05-17,Video
facebook,2025-05-16,Photo
facebook,2025-05-16,Photo
facebook,2025-05-16,Photo
facebook,2025-05-16,Photo
facebook,2025-05-16,Photo
facebook,2025-05-16,Photo
facebook,2025-05-16,Video
facebook,2025-05-16,Video
facebook,2025-05-16,Video
facebook,2025-05-16,Photo
facebook,2025-05-16,Video
facebook,2025-05-16,Photo
facebook,2025-05-16,Video
facebook,2025-05-15,Photo
facebook,2025-05-15,Photo
facebook,2025-05-15,Video
facebook,2025-05-15,Photo
facebook,2025-05-15,Photo
facebook,2025-05-15,Photo
facebook,2025-05-15,Video
facebook,2025-05-15,Photo
facebook,2025-05-15,Video
facebook,2025-05-15,Photo
facebook,2025-05-15,Video
facebook,2025-05-15,Photo
facebook,2025-05-14,Photo
facebook,2025-05-14,Photo
facebook,2025-05-14,Photo
facebook,2025-05-14,Photo
facebook,2025-05-14,Photo
facebook,2025-05-14,Video
facebook,2025-05-14,Video
facebook,2025-05-14,Photo
facebook,2025-05-14,Photo
facebook,2025-05-14,Video
facebook,2025-05-14,Video
facebook,2025-05-14,Video
facebook,2025-05-14,Status
facebook,2025-05-14,Video
facebook,2025-05-13,Photo
facebook,2025-05-13,Photo
facebook,2025-05-13,Status
facebook,2025-05-13,Photo
facebook,2025-05-13,Photo
facebook,2025-05-13,Photo
facebook,2025-05-13,Photo
facebook,2025-05-13,Photo
facebook,2025-05-13,Video
facebook,2025-05-13,Video
facebook,2025-05-13,Photo
facebook,2025-05-13,Photo
facebook,2025-05-13,Video
facebook,2025-05-13,Photo
facebook,2025-05-13,Photo
facebook,2025-05-13,Video
facebook,2025-05-13,Photo
facebook,2025-05-13,Video
facebook,2025-05-12,Photo
facebook,2025-05-12,Photo
facebook,2025-05-12,Photo
facebook,2025-05-12,Photo
facebook,2025-05-12,Photo
facebook,2025-05-12,Photo
facebook,2025-05-12,Photo
facebook,2025-05-12,Photo
facebook,2025-05-12,Photo
facebook,2025-05-12,Photo
facebook,2025-05-12,Video
facebook,2025-05-12,Video
facebook,2025-05-12,Photo
facebook,2025-05-11,Photo
facebook,2025-05-11,Photo
facebook,2025-05-11,Photo
facebook,2025-05-11,Photo
facebook,2025-05-11,Photo
facebook,2025-05-11,Photo
facebook,2025-05-11,Photo
facebook,2025-05-11,Photo
facebook,2025-05-11,Photo
facebook,2025-05-11,Photo
facebook,2025-05-11,Photo
facebook,2025-05-11,Photo
facebook,2025-05-11,Video
facebook,2025-05-11,Video
facebook,2025-05-11,Photo
facebook,2025-05-10,Video
facebook,2025-05-10,Photo
facebook,2025-05-10,Photo
facebook,2025-05-10,Photo
facebook,2025-05-10,Video
facebook,2025-05-10,Video
facebook,2025-05-10,Video
facebook,2025-05-10,Video
facebook,2025-05-09,Photo
facebook,2025-05-09,Photo
facebook,2025-05-09,Photo
facebook,2025-05-09,Status
facebook,2025-05-09,Video
facebook,2025-05-09,Video
facebook,2025-05-09,Photo
facebook,2025-05-09,Photo
facebook,2025-05-09,Photo
facebook,2025-05-08,Video
facebook,2025-05-08,Video
facebook,2025-05-08,Photo
facebook,2025-05-08,Video
facebook,2025-05-08,Photo
facebook,2025-05-08,Video
facebook,2025-05-08,Photo
facebook,2025-05-08,Photo
facebook,2025-05-08,Photo
facebook,2025-05-08,Video
facebook,2025-05-08,Photo
facebook,2025-05-08,Video
facebook,2025-05-08,Video
facebook,2025-05-07,Video
facebook,2025-05-07,Video
facebook,2025-05-07,Photo
facebook,2025-05-07,Video
facebook,2025-05-07,Photo
facebook,2025-05-07,Photo
facebook,2025-05-07,Video
facebook,2025-05-07,Photo
facebook,2025-05-07,Video
facebook,2025-05-07,Photo
facebook,2025-05-07,Video
facebook,2025-05-06,Video
facebook,2025-05-06,Photo
facebook,2025-05-06,Photo
facebook,2025-05-06,Photo
facebook,2025-05-06,Photo
facebook,2025-05-06,Photo
facebook,2025-05-06,Photo
facebook,2025-05-06,Photo
facebook,2025-05-06,Photo
facebook,2025-05-06,Photo
facebook,2025-05-06,Video
facebook,2025-05-06,Video
facebook,2025-05-05,Photo
facebook,2025-05-05,Photo
facebook,2025-05-05,Photo
facebook,2025-05-05,Video
facebook,2025-05-05,Photo
facebook,2025-05-05,Photo
facebook,2025-05-05,Video
facebook,2025-05-05,Photo
facebook,2025-05-05,Photo
facebook,2025-05-05,Video
facebook,2025-05-05,Photo
facebook,2025-05-04,Video
facebook,2025-05-04,Video
facebook,2025-05-04,Photo
facebook,2025-05-04,Photo
facebook,2025-05-04,Photo
facebook,2025-05-04,Video
facebook,2025-05-04,Photo
facebook,2025-05-04,Video
facebook,2025-05-04,Video
facebook,2025-05-04,Photo
facebook,2025-05-04,Video
facebook,2025-05-04,Photo
facebook,2025-05-04,Photo
facebook,2025-05-04,Video
facebook,2025-05-04,Video
facebook,2025-05-04,Photo
facebook,2025-05-04,Photo
facebook,2025-05-04,Photo
facebook,2025-05-04,Video
facebook,2025-05-04,Photo
facebook,2025-05-03,Video
facebook,2025-05-03,Photo
facebook,2025-05-03,Photo
facebook,2025-05-02,Video
facebook,2025-05-02,Photo
facebook,2025-05-02,Video
facebook,2025-05-02,Photo
facebook,2025-05-02,Video
facebook,2025-05-02,Photo
facebook,2025-05-02,Video
facebook,2025-05-02,Video
facebook,2025-05-01,Video
facebook,2025-05-01,Photo
facebook,2025-05-01,Video
facebook,2025-05-01,Photo
facebook,2025-05-01,Video
facebook,2025-05-01,Photo
facebook,2025-05-01,Photo
facebook,2025-04-30,Photo
facebook,2025-04-30,Photo
facebook,2025-04-30,Photo
facebook,2025-04-30,Photo
facebook,2025-04-30,Video
facebook,2025-04-30,Photo
facebook,2025-04-30,Photo
facebook,2025-04-30,Photo
facebook,2025-04-30,Photo
facebook,2025-04-30,Photo
facebook,2025-04-30,Video
facebook,2025-04-30,Photo
facebook,2025-04-30,Video
facebook,2025-04-29,Photo
facebook,2025-04-29,Video
facebook,2025-04-29,Video
facebook,2025-04-29,Photo
facebook,2025-04-29,Photo
facebook,2025-04-29,Photo
facebook,2025-04-29,Video
facebook,2025-04-29,Photo
facebook,2025-04-29,Photo
facebook,2025-04-29,Photo
facebook,2025-04-29,Video
facebook,2025-04-29,Video
facebook,2025-04-28,Video
facebook,2025-04-28,Photo
facebook,2025-04-28,Photo
facebook,2025-04-28,Photo
facebook,2025-04-28,Photo
facebook,2025-04-28,Photo
facebook,2025-04-28,Photo
facebook,2025-04-28,Photo
facebook,2025-04-28,Photo
facebook,2025-04-28,Photo
facebook,2025-04-28,Photo
facebook,2025-04-28,Video
facebook,2025-04-28,Video
facebook,2025-04-28,Video
facebook,2025-04-27,Photo
facebook,2025-04-27,Photo
facebook,2025-04-27,Photo
facebook,2025-04-27,Photo
facebook,2025-04-27,Video
facebook,2025-04-27,Photo
facebook,2025-04-27,Video
facebook,2025-04-27,Video
facebook,2025-04-26,Photo
facebook,2025-04-26,Video
facebook,2025-04-26,Photo
facebook,2025-04-26,Photo
facebook,2025-04-26,Photo
facebook,2025-04-26,Video
facebook,2025-04-25,Photo
facebook,2025-04-25,Video
facebook,2025-04-25,Photo
facebook,2025-04-25,Video
facebook,2025-04-25,Video
facebook,2025-04-25,Video
facebook,2025-04-25,Video
facebook,2025-04-25,Photo
facebook,2025-04-24,Photo
facebook,2025-04-24,Photo
facebook,2025-04-24,Video
facebook,2025-04-24,Video
facebook,2025-04-24,Video
facebook,2025-04-24,Photo
facebook,2025-04-24,Video
facebook,2025-04-24,Video
facebook,2025-04-23,Video
facebook,2025-04-23,Photo
facebook,2025-04-23,Photo
facebook,2025-04-23,Photo
facebook,2025-04-23,Photo
facebook,2025-04-23,Photo
facebook,2025-04-23,Photo
facebook,2025-04-23,Photo
facebook,2025-04-23,Photo
facebook,2025-04-23,Photo
facebook,2025-04-23,Photo
facebook,2025-04-23,Video
facebook,2025-04-23,Photo
facebook,2025-04-23,Video
facebook,2025-04-23,Photo
facebook,2025-04-23,Video
facebook,2025-04-23,Photo
facebook,2025-04-23,Photo
facebook,2025-04-23,Video
facebook,2025-04-22,Video
facebook,2025-04-22,Photo
facebook,2025-04-22,Photo
facebook,2025-04-22,Video
facebook,2025-04-22,Video
facebook,2025-04-22,Photo
facebook,2025-04-22,Photo
facebook,2025-04-22,Video
facebook,2025-04-22,Photo
facebook,2025-04-22,Video
facebook,2025-04-21,Video
facebook,2025-04-21,Photo
facebook,2025-04-21,Photo
facebook,2025-04-21,Photo
facebook,2025-04-21,Video
facebook,2025-04-21,Photo
facebook,2025-04-21,Video
facebook,2025-04-21,Photo
facebook,2025-04-21,Video
facebook,2025-04-21,Photo
facebook,2025-04-21,Photo
facebook,2025-04-21,Video
facebook,2025-04-20,Video
facebook,2025-04-20,Photo
facebook,2025-04-20,Photo
facebook,2025-04-20,Photo
facebook,2025-04-20,Photo
facebook,2025-04-20,Photo
facebook,2025-04-20,Photo
facebook,2025-04-20,Video
facebook,2025-04-20,Photo
facebook,2025-04-20,Video
facebook,2025-04-19,Photo
facebook,2025-04-19,Photo
facebook,2025-04-19,Video
facebook,2025-04-19,Photo
facebook,2025-04-19,Photo
facebook,2025-04-19,Photo
facebook,2025-04-19,Video
facebook,2025-04-18,Photo
facebook,2025-04-18,Video
facebook,2025-04-18,Photo
facebook,2025-04-18,Video
facebook,2025-04-18,Photo
facebook,2025-04-18,Video
facebook,2025-04-18,Video
facebook,2025-04-18,Status
facebook,2025-04-17,Photo
facebook,2025-04-17,Photo
facebook,2025-04-17,Photo
facebook,2025-04-17,Video
facebook,2025-04-17,Photo
facebook,2025-04-17,Photo
facebook,2025-04-17,Video
facebook,2025-04-17,Video
facebook,2025-04-17,Photo
facebook,2025-04-16,Video
facebook,2025-04-16,Photo
facebook,2025-04-16,Video
facebook,2025-04-16,Photo
facebook,2025-04-16,Video
facebook,2025-04-16,Video
facebook,2025-04-16,Video
facebook,2025-04-16,Video
facebook,2025-04-16,Photo
facebook,2025-04-16,Photo
facebook,2025-04-16,Video
facebook,2025-04-16,Photo
facebook,2025-04-15,Photo
facebook,2025-04-15,Video
facebook,2025-04-15,Video
facebook,2025-04-15,Photo
facebook,2025-04-15,Photo
facebook,2025-04-15,Link
facebook,2025-04-15,Video
facebook,2025-04-15,Video
facebook,2025-04-15,Video
facebook,2025-04-15,Photo
facebook,2025-04-15,Photo
facebook,2025-04-15,Video
facebook,2025-04-14,Photo
facebook,2025-04-14,Video
facebook,2025-04-14,Video
facebook,2025-04-14,Photo
facebook,2025-04-14,Video
facebook,2025-04-14,Photo
facebook,2025-04-13,Photo
facebook,2025-04-13,Photo
facebook,2025-04-13,Video
facebook,2025-04-13,Photo
facebook,2025-04-13,Video
facebook,2025-04-13,Status
facebook,2025-04-13,Video
facebook,2025-04-13,Video
facebook,2025-04-13,Photo
facebook,2025-04-12,Video
facebook,2025-04-12,Photo
facebook,2025-04-12,Photo
facebook,2025-04-12,Photo
facebook,2025-04-12,Photo
facebook,2025-04-12,Photo
facebook,2025-04-12,Video
facebook,2025-04-12,Video
facebook,2025-04-12,Video
facebook,2025-04-12,Photo
facebook,2025-04-11,Video
facebook,2025-04-11,Video
facebook,2025-04-11,Photo
facebook,2025-04-11,Photo
facebook,2025-04-11,Photo
facebook,2025-04-11,Video
facebook,2025-04-11,Photo
facebook,2025-04-11,Video
facebook,2025-04-11,Video
facebook,2025-04-11,Photo
facebook,2025-04-11,Video
facebook,2025-04-11,Photo
facebook,2025-04-11,Video
facebook,2025-04-10,Video
facebook,2025-04-10,Photo
facebook,2025-04-10,Photo
facebook,2025-04-10,Photo
facebook,2025-04-10,Photo
facebook,2025-04-10,Video
facebook,2025-04-10,Video
facebook,2025-04-10,Photo
facebook,2025-04-10,Video
facebook,2025-04-10,Photo
facebook,2025-04-10,Photo
facebook,2025-04-10,Video
facebook,2025-04-10,Photo
facebook,2025-04-10,Photo
facebook,2025-04-10,Photo
facebook,2025-04-09,Photo
facebook,2025-04-09,Photo
facebook,2025-04-09,Photo
facebook,2025-04-09,Video
facebook,2025-04-09,Photo
facebook,2025-04-09,Photo
facebook,2025-04-09,Video
facebook,2025-04-09,Photo
facebook,2025-04-09,Video
facebook,2025-04-09,Photo
facebook,2025-04-09,Photo
facebook,2025-04-09,Video
facebook,2025-04-09,Photo
facebook,2025-04-09,Photo
facebook,2025-04-09,Video
facebook,2025-04-09,Photo
facebook,2025-04-09,Photo
facebook,2025-04-09,Video
facebook,2025-04-09,Photo
facebook,2025-04-09,Video
facebook,2025-04-08,Video
facebook,2025-04-08,Video
facebook,2025-04-08,Photo
facebook,2025-04-08,Photo
facebook,2025-04-08,Photo
facebook,2025-04-08,Photo
facebook,2025-04-08,Photo
facebook,2025-04-08,Photo
facebook,2025-04-08,Photo
facebook,2025-04-08,Video
facebook,2025-04-08,Video
facebook,2025-04-07,Photo
facebook,2025-04-07,Photo
facebook,2025-04-07,Photo
facebook,2025-04-07,Video
facebook,2025-04-07,Video
facebook,2025-04-07,Photo
facebook,2025-04-07,Video
facebook,2025-04-06,Video
facebook,2025-04-06,Photo
facebook,2025-04-06,Photo
facebook,2025-04-06,Photo
facebook,2025-04-06,Video
facebook,2025-04-06,Photo
facebook,2025-04-06,Photo
facebook,2025-04-06,Photo
facebook,2025-04-06,Photo
facebook,2025-04-06,Photo
facebook,2025-04-06,Video
facebook,2025-04-06,Video
facebook,2025-04-06,Video
facebook,2025-04-05,Video
facebook,2025-04-05,Video
facebook,2025-04-05,Photo
facebook,2025-04-05,Photo
facebook,2025-04-05,Video
facebook,2025-04-05,Video
facebook,2025-04-05,Photo
facebook,2025-04-04,Photo
facebook,2025-04-04,Photo
facebook,2025-04-04,Photo
facebook,2025-04-04,Photo
facebook,2025-04-04,Video
facebook,2025-04-04,Photo
facebook,2025-04-04,Photo
facebook,2025-04-04,Photo
facebook,2025-04-03,Photo
facebook,2025-04-03,Photo
facebook,2025-04-03,Video
facebook,2025-04-03,Photo
facebook,2025-04-03,Video
facebook,2025-04-03,Video
facebook,2025-04-03,Photo
facebook,2025-04-03,Video
facebook,2025-04-03,Video
facebook,2025-04-03,Video
facebook,2025-04-02,Photo
facebook,2025-04-02,Photo
facebook,2025-04-02,Video
facebook,2025-04-02,Video
facebook,2025-04-02,Video
facebook,2025-04-02,Photo
facebook,2025-04-02,Video
facebook,2025-04-02,Photo
facebook,2025-04-02,Video
facebook,2025-04-02,Photo
facebook,2025-04-02,Video
facebook,2025-04-02,Photo
facebook,2025-04-02,Video
facebook,2025-04-01,Video
facebook,2025-04-01,Photo
facebook,2025-04-01,Photo
facebook,2025-04-01,Photo
facebook,2025-04-01,Video
facebook,2025-04-01,Photo
facebook,2025-04-01,Video
facebook,2025-04-01,Video
facebook,2025-04-01,Status
facebook,2025-04-01,Photo
facebook,2025-04-01,Video
facebook,2025-03-31,Photo
facebook,2025-03-31,Photo
facebook,2025-03-31,Video
facebook,2025-03-31,Photo
facebook,2025-03-31,Photo
facebook,2025-03-31,Video
facebook,2025-03-31,Photo
facebook,2025-03-31,Video
facebook,2025-03-31,Photo
facebook,2025-03-31,Photo
facebook,2025-03-30,Video
facebook,2025-03-30,Video
facebook,2025-03-30,Photo
facebook,2025-03-30,Photo
facebook,2025-03-30,Video
facebook,2025-03-30,Photo
facebook,2025-03-30,Video
facebook,2025-03-30,Photo
facebook,2025-03-30,Video
facebook,2025-03-30,Photo
facebook,2025-03-30,Status
facebook,2025-03-30,Photo
facebook,2025-03-30,Video
facebook,2025-03-29,Video
facebook,2025-03-29,Photo
facebook,2025-03-29,Photo
facebook,2025-03-29,Photo
facebook,2025-03-29,Video
facebook,2025-03-29,Video
facebook,2025-03-29,Video
facebook,2025-03-29,Video
facebook,2025-03-28,Photo
facebook,2025-03-28,Video
facebook,2025-03-28,Photo
facebook,2025-03-28,Video
facebook,2025-03-28,Photo
facebook,2025-03-28,Video
facebook,2025-03-27,Photo
facebook,2025-03-27,Photo
facebook,2025-03-27,Photo
facebook,2025-03-27,Status
facebook,2025-03-27,Video
facebook,2025-03-27,Video
facebook,2025-03-27,Video
facebook,2025-03-27,Video
facebook,2025-03-27,Photo
facebook,2025-03-27,Video
facebook,2025-03-27,Photo
facebook,2025-03-26,Video
facebook,2025-03-26,Video
facebook,2025-03-26,Video
facebook,2025-03-26,Status
facebook,2025-03-26,Photo
facebook,2025-03-26,Photo
facebook,2025-03-26,Photo
facebook,2025-03-26,Video
facebook,2025-03-26,Photo
facebook,2025-03-26,Video
facebook,2025-03-25,Photo
facebook,2025-03-25,Photo
facebook,2025-03-25,Photo
facebook,2025-03-25,Photo
facebook,2025-03-25,Photo
facebook,2025-03-25,Photo
facebook,2025-03-25,Photo
facebook,2025-03-25,Video
facebook,2025-03-25,Video
facebook,2025-03-25,Video
facebook,2025-03-25,Photo
facebook,2025-03-24,Photo
facebook,2025-03-24,Status
facebook,2025-03-24,Status
facebook,2025-03-24,Photo
facebook,2025-03-24,Photo
facebook,2025-03-24,Photo
facebook,2025-03-24,Video
facebook,2025-03-24,Photo
facebook,2025-03-24,Photo
facebook,2025-03-24,Photo
facebook,2025-03-24,Photo
facebook,2025-03-24,Video
facebook,2025-03-24,Video
facebook,2025-03-24,Photo
facebook,2025-03-24,Photo
facebook,2025-03-24,Video
facebook,2025-03-23,Photo
facebook,2025-03-23,Photo
facebook,2025-03-23,Photo
facebook,2025-03-23,Video
facebook,2025-03-23,Photo
facebook,2025-03-23,Photo
facebook,2025-03-23,Photo
facebook,2025-03-23,Video
facebook,2025-03-23,Photo
facebook,2025-03-23,Photo
facebook,2025-03-23,Video
facebook,2025-03-23,Photo
facebook,2025-03-22,Photo
facebook,2025-03-22,Photo
facebook,2025-03-22,Photo
facebook,2025-03-22,Photo
facebook,2025-03-22,Video
facebook,2025-03-22,Video
facebook,2025-03-22,Status
facebook,2025-03-22,Video
facebook,2025-03-21,Video
facebook,2025-03-21,Status
facebook,2025-03-21,Photo
facebook,2025-03-21,Photo
facebook,2025-03-21,Video
facebook,2025-03-21,Photo
facebook,2025-03-21,Video
facebook,2025-03-21,Video
facebook,2025-03-21,Video
facebook,2025-03-21,Photo
facebook,2025-03-20,Photo
facebook,2025-03-20,Video
facebook,2025-03-20,Photo
facebook,2025-03-20,Video
facebook,2025-03-20,Photo
facebook,2025-03-20,Photo
facebook,2025-03-20,Photo
facebook,2025-03-20,Photo
facebook,2025-03-20,Video
facebook,2025-03-20,Video
facebook,2025-03-20,Video
facebook,2025-03-20,Status
facebook,2025-03-20,Video
facebook,2025-03-19,Photo
facebook,2025-03-19,Photo
facebook,2025-03-19,Photo
facebook,2025-03-19,Photo
facebook,2025-03-19,Video
facebook,2025-03-19,Photo
facebook,2025-03-19,Photo
facebook,2025-03-19,Video
facebook,2025-03-18,Photo
facebook,2025-03-18,Video
facebook,2025-03-18,Status
facebook,2025-03-18,Photo
facebook,2025-03-18,Photo
facebook,2025-03-18,Photo
facebook,2025-03-18,Photo
facebook,2025-03-18,Photo
facebook,2025-03-18,Photo
facebook,2025-03-18,Photo
facebook,2025-03-18,Photo
facebook,2025-03-18,Photo
facebook,2025-03-18,Photo
facebook,2025-03-18,Video
facebook,2025-03-18,Photo
facebook,2025-03-18,Video
facebook,2025-03-18,Photo
facebook,2025-03-18,Status
facebook,2025-03-18,Photo
facebook,2025-03-18,Photo
facebook,2025-03-18,Photo
facebook,2025-03-18,Photo
facebook,2025-03-18,Photo
facebook,2025-03-17,Photo
facebook,2025-03-17,Photo
facebook,2025-03-17,Photo
facebook,2025-03-17,Video
facebook,2025-03-17,Video
facebook,2025-03-17,Photo
facebook,2025-03-17,Photo
facebook,2025-03-17,Video
facebook,2025-03-17,Photo
facebook,2025-03-17,Video
facebook,2025-03-17,Photo
facebook,2025-03-17,Video
facebook,2025-03-16,Video
facebook,2025-03-16,Photo
facebook,2025-03-16,Video
facebook,2025-03-16,Photo
facebook,2025-03-16,Photo
facebook,2025-03-16,Photo
facebook,2025-03-16,Photo
facebook,2025-03-16,Photo
facebook,2025-03-16,Video
facebook,2025-03-16,Photo
facebook,2025-03-16,Video
facebook,2025-03-15,Photo
facebook,2025-03-15,Photo
facebook,2025-03-15,Video
facebook,2025-03-15,Video
facebook,2025-03-15,Video
facebook,2025-03-15,Video
facebook,2025-03-15,Video
facebook,2025-03-15,Video
facebook,2025-03-14,Photo
facebook,2025-03-14,Video
facebook,2025-03-14,Photo
facebook,2025-03-14,Photo
facebook,2025-03-14,Video
facebook,2025-03-14,Photo
facebook,2025-03-14,Video
facebook,2025-03-14,Video
facebook,2025-03-14,Photo
facebook,2025-03-13,Photo
facebook,2025-03-13,Photo
facebook,2025-03-13,Photo
facebook,2025-03-13,Video
facebook,2025-03-13,Video
facebook,2025-03-13,Photo
facebook,2025-03-13,Video
facebook,2025-03-12,Photo
facebook,2025-03-12,Status
facebook,2025-03-12,Photo
facebook,2025-03-12,Video
facebook,2025-03-12,Photo
facebook,2025-03-12,Photo
facebook,2025-03-12,Video
facebook,2025-03-12,Photo
facebook,2025-03-12,Photo
facebook,2025-03-12,Video
facebook,2025-03-12,Photo
facebook,2025-03-12,Video
facebook,2025-03-11,Video
facebook,2025-03-11,Video
facebook,2025-03-11,Photo
facebook,2025-03-11,Photo
facebook,2025-03-11,Photo
facebook,2025-03-11,Photo
facebook,2025-03-11,Photo
facebook,2025-03-11,Video
facebook,2025-03-11,Photo
facebook,2025-03-11,Video
facebook,2025-03-11,Video
facebook,2025-03-11,Video
facebook,2025-03-10,Photo
facebook,2025-03-10,Photo
facebook,2025-03-10,Photo
facebook,2025-03-10,Video
facebook,2025-03-10,Photo
facebook,2025-03-10,Photo
facebook,2025-03-10,Photo
facebook,2025-03-10,Video
facebook,2025-03-10,Photo
facebook,2025-03-10,Photo
facebook,2025-03-10,Photo
facebook,2025-03-09,Photo
facebook,2025-03-09,Photo
facebook,2025-03-09,Video
facebook,2025-03-09,Photo
facebook,2025-03-09,Photo
facebook,2025-03-09,Photo
facebook,2025-03-09,Photo
facebook,2025-03-09,Photo
facebook,2025-03-09,Video
facebook,2025-03-09,Photo
facebook,2025-03-09,Photo
facebook,2025-03-09,Video
facebook,2025-03-09,Photo
facebook,2025-03-09,Video
facebook,2025-03-09,Photo
facebook,2025-03-09,Video
facebook,2025-03-09,Video
facebook,2025-03-08,Video
facebook,2025-03-08,Video
facebook,2025-03-08,Video
facebook,2025-03-08,Photo
facebook,2025-03-08,Photo
facebook,2025-03-08,Photo
facebook,2025-03-08,Photo
facebook,2025-03-08,Photo
facebook,2025-03-08,Video
facebook,2025-03-08,Video
facebook,2025-03-08,Video
facebook,2025-03-07,Video
facebook,2025-03-07,Photo
facebook,2025-03-07,Video
facebook,2025-03-07,Photo
facebook,2025-03-07,Photo
facebook,2025-03-07,Photo
facebook,2025-03-07,Photo
facebook,2025-03-07,Photo
facebook,2025-03-07,Photo
facebook,2025-03-07,Video
facebook,2025-03-07,Video
facebook,2025-03-07,Photo
facebook,2025-03-06,Photo
facebook,2025-03-06,Photo
facebook,2025-03-06,Photo
facebook,2025-03-06,Photo
facebook,2025-03-06,Video
facebook,2025-03-06,Photo
facebook,2025-03-06,Photo
facebook,2025-03-06,Photo
facebook,2025-03-06,Photo
facebook,2025-03-06,Photo
facebook,2025-03-06,Photo
facebook,2025-03-06,Video
facebook,2025-03-06,Video
facebook,2025-03-06,Photo
facebook,2025-03-06,Photo
facebook,2025-03-05,Photo
facebook,2025-03-05,Photo
facebook,2025-03-05,Video
facebook,2025-03-05,Photo
facebook,2025-03-05,Photo
facebook,2025-03-05,Video
facebook,2025-03-05,Photo
facebook,2025-03-05,Photo
facebook,2025-03-05,Video
facebook,2025-03-05,Video
facebook,2025-03-05,Photo
facebook,2025-03-04,Video
facebook,2025-03-04,Photo
facebook,2025-03-04,Photo
facebook,2025-03-04,Photo
facebook,2025-03-04,Photo
facebook,2025-03-04,Video
facebook,2025-03-04,Photo
facebook,2025-03-04,Photo
facebook,2025-03-04,Photo
facebook,2025-03-04,Photo
facebook,2025-03-04,Video
facebook,2025-03-04,Video
facebook,2025-03-03,Photo
facebook,2025-03-03,Video
facebook,2025-03-03,Photo
facebook,2025-03-03,Photo
facebook,2025-03-03,Photo
facebook,2025-03-03,Photo
facebook,2025-03-03,Photo
facebook,2025-03-03,Video
facebook,2025-03-03,Photo
facebook,2025-03-03,Photo
facebook,2025-03-03,Photo
facebook,2025-03-03,Photo
facebook,2025-03-03,Photo
facebook,2025-03-03,Photo
facebook,2025-03-03,Video
facebook,2025-03-03,Photo
facebook,2025-03-03,Photo
facebook,2025-03-02,Photo
facebook,2025-03-02,Photo
facebook,2025-03-02,Video
facebook,2025-03-02,Photo
facebook,2025-03-02,Photo
facebook,2025-03-02,Photo
facebook,2025-03-02,Photo
facebook,2025-03-02,Photo
facebook,2025-03-02,Photo
facebook,2025-03-02,Video
facebook,2025-03-02,Photo
facebook,2025-03-02,Video
facebook,2025-03-02,Photo
facebook,2025-03-01,Photo
facebook,2025-03-01,Photo
facebook,2025-03-01,Video
facebook,2025-03-01,Photo
facebook,2025-03-01,Photo
facebook,2025-03-01,Photo
facebook,2025-03-01,Video
facebook,2025-03-01,Video
facebook,2025-03-01,Video
facebook,2025-03-01,Video
facebook,2025-02-28,Video
facebook,2025-02-28,Photo
facebook,2025-02-28,Photo
facebook,2025-02-28,Photo
facebook,2025-02-28,Video
facebook,2025-02-27,Photo
facebook,2025-02-27,Photo
facebook,2025-02-27,Photo
facebook,2025-02-27,Photo
facebook,2025-02-27,Status
facebook,2025-02-27,Photo
facebook,2025-02-27,Photo
facebook,2025-02-27,Photo
facebook,2025-02-27,Video
facebook,2025-02-27,Photo
facebook,2025-02-27,Photo
facebook,2025-02-27,Photo
facebook,2025-02-27,Photo
facebook,2025-02-27,Photo
facebook,2025-02-27,Photo
facebook,2025-02-27,Photo
facebook,2025-02-27,Photo
facebook,2025-02-27,Photo
facebook,2025-02-27,Video
facebook,2025-02-26,Photo
facebook,2025-02-26,Photo
facebook,2025-02-26,Photo
facebook,2025-02-26,Photo
facebook,2025-02-26,Photo
facebook,2025-02-26,Photo
facebook,2025-02-26,Video
facebook,2025-02-26,Video
facebook,2025-02-26,Photo
facebook,2025-02-26,Photo
facebook,2025-02-26,Video
facebook,2025-02-26,Photo
facebook,2025-02-26,Photo
facebook,2025-02-26,Photo
facebook,2025-02-26,Video
facebook,2025-02-26,Photo
facebook,2025-02-26,Video
facebook,2025-02-26,Photo
facebook,2025-02-26,Photo
facebook,2025-02-26,Video
facebook,2025-02-25,Photo
facebook,2025-02-25,Photo
facebook,2025-02-25,Photo
facebook,2025-02-25,Photo
facebook,2025-02-25,Link
facebook,2025-02-25,Photo
facebook,2025-02-25,Photo
facebook,2025-02-25,Photo
facebook,2025-02-25,Photo
facebook,2025-02-25,Photo
facebook,2025-02-25,Video
facebook,2025-02-25,Photo
facebook,2025-02-25,Video
facebook,2025-02-24,Video
facebook,2025-02-24,Photo
facebook,2025-02-24,Photo
facebook,2025-02-24,Photo
facebook,2025-02-24,Video
facebook,2025-02-24,Status
facebook,2025-02-24,Photo
facebook,2025-02-24,Video
facebook,2025-02-24,Photo
facebook,2025-02-24,Photo
facebook,2025-02-24,Video
facebook,2025-02-24,Photo
facebook,2025-02-24,Video
facebook,2025-02-23,Photo
facebook,2025-02-23,Photo
facebook,2025-02-23,Photo
facebook,2025-02-23,Photo
facebook,2025-02-23,Photo
facebook,2025-02-23,Video
facebook,2025-02-23,Photo
facebook,2025-02-23,Photo
facebook,2025-02-23,Photo
facebook,2025-02-23,Photo
facebook,2025-02-23,Photo
facebook,2025-02-23,Photo
facebook,2025-02-23,Photo
facebook,2025-02-23,Video
facebook,2025-02-23,Photo
facebook,2025-02-23,Photo
facebook,2025-02-23,Video
facebook,2025-02-23,Photo
facebook,2025-02-22,Photo
facebook,2025-02-22,Photo
facebook,2025-02-22,Photo
facebook,2025-02-22,Photo
facebook,2025-02-22,Photo
facebook,2025-02-22,Photo
facebook,2025-02-22,Photo
facebook,2025-02-22,Photo
facebook,2025-02-22,Photo
facebook,2025-02-22,Photo
facebook,2025-02-22,Photo
facebook,2025-02-22,Photo
facebook,2025-02-22,Photo
facebook,2025-02-22,Photo
facebook,2025-02-22,Photo
facebook,2025-02-22,Photo
facebook,2025-02-22,Photo
facebook,2025-02-22,Photo
facebook,2025-02-22,Photo
facebook,2025-02-22,Photo
facebook,2025-02-21,Video
facebook,2025-02-21,Photo
facebook,2025-02-21,Status
facebook,2025-02-21,Photo
facebook,2025-02-21,Photo
facebook,2025-02-21,Photo
facebook,2025-02-21,Photo
facebook,2025-02-21,Photo
facebook,2025-02-21,Photo
facebook,2025-02-21,Video
facebook,2025-02-21,Video
facebook,2025-02-21,Photo
facebook,2025-02-21,Photo
facebook,2025-02-21,Photo
facebook,2025-02-20,Photo
facebook,2025-02-20,Photo
facebook,2025-02-20,Photo
facebook,2025-02-20,Photo
facebook,2025-02-20,Photo
facebook,2025-02-20,Photo
facebook,2025-02-20,Photo
facebook,2025-02-20,Photo
facebook,2025-02-20,Photo
facebook,2025-02-20,Photo
facebook,2025-02-20,Photo
facebook,2025-02-20,Photo
facebook,2025-02-20,Photo
facebook,2025-02-20,Photo
facebook,2025-02-20,Video
facebook,2025-02-20,Video
facebook,2025-02-20,Photo
facebook,2025-02-20,Photo
facebook,2025-02-19,Photo
facebook,2025-02-19,Photo
facebook,2025-02-19,Photo
facebook,2025-02-19,Video
facebook,2025-02-19,Photo
facebook,2025-02-19,Photo
facebook,2025-02-19,Photo
facebook,2025-02-19,Video
facebook,2025-02-19,Photo
facebook,2025-02-19,Video
facebook,2025-02-19,Photo
facebook,2025-02-18,Photo
facebook,2025-02-18,Photo
facebook,2025-02-18,Photo
facebook,2025-02-18,Photo
facebook,2025-02-18,Photo
facebook,2025-02-18,Photo
facebook,2025-02-18,Photo
facebook,2025-02-18,Photo
facebook,2025-02-18,Photo
facebook,2025-02-18,Video
facebook,2025-02-18,Photo
facebook,2025-02-18,Photo
facebook,2025-02-18,Video
facebook,2025-02-18,Video
facebook,2025-02-18,Photo
facebook,2025-02-18,Video
facebook,2025-02-17,Photo
facebook,2025-02-17,Photo
facebook,2025-02-17,Photo
facebook,2025-02-17,Video
facebook,2025-02-17,Photo
facebook,2025-02-17,Photo
facebook,2025-02-17,Photo
facebook,2025-02-17,Photo
facebook,2025-02-17,Photo
facebook,2025-02-17,Video
facebook,2025-02-17,Video
facebook,2025-02-16,Video
facebook,2025-02-16,Video
facebook,2025-02-16,Photo
facebook,2025-02-16,Photo
facebook,2025-02-16,Photo
facebook,2025-02-16,Photo
facebook,2025-02-16,Video
facebook,2025-02-16,Photo
facebook,2025-02-16,Photo
facebook,2025-02-16,Video
facebook,2025-02-15,Video
facebook,2025-02-15,Video
facebook,2025-02-15,Photo
facebook,2025-02-15,Photo
facebook,2025-02-15,Photo
facebook,2025-02-15,Photo
facebook,2025-02-15,Photo
facebook,2025-02-15,Photo
facebook,2025-02-15,Photo
facebook,2025-02-15,Photo
facebook,2025-02-15,Photo
facebook,2025-02-15,Photo
facebook,2025-02-15,Photo
facebook,2025-02-15,Photo
facebook,2025-02-15,Photo
facebook,2025-02-15,Photo
facebook,2025-02-15,Photo
facebook,2025-02-15,Photo
facebook,2025-02-15,Photo
facebook,2025-02-15,Video
facebook,2025-02-14,Video
facebook,2025-02-14,Video
facebook,2025-02-14,Video
facebook,2025-02-14,Photo
facebook,2025-02-14,Photo
facebook,2025-02-14,Photo
facebook,2025-02-14,Photo
facebook,2025-02-14,Photo
facebook,2025-02-14,Photo
facebook,2025-02-14,Photo
facebook,2025-02-14,Photo
facebook,2025-02-14,Video
facebook,2025-02-14,Photo
facebook,2025-02-14,Video
facebook,2025-02-14,Video
facebook,2025-02-13,Photo
facebook,2025-02-13,Photo
facebook,2025-02-13,Photo
facebook,2025-02-13,Video
facebook,2025-02-13,Photo
facebook,2025-02-13,Photo
facebook,2025-02-13,Photo
facebook,2025-02-13,Photo
facebook,2025-02-13,Photo
facebook,2025-02-13,Photo
facebook,2025-02-13,Photo
facebook,2025-02-13,Photo
facebook,2025-02-13,Photo
facebook,2025-02-13,Photo
facebook,2025-02-13,Video
facebook,2025-02-13,Video
facebook,2025-02-13,Video
facebook,2025-02-12,Photo
facebook,2025-02-12,Photo
facebook,2025-02-12,Photo
facebook,2025-02-12,Photo
facebook,2025-02-12,Video
facebook,2025-02-12,Video
facebook,2025-02-12,Photo
facebook,2025-02-12,Photo
facebook,2025-02-12,Photo
facebook,2025-02-12,Video
facebook,2025-02-12,Photo
facebook,2025-02-12,Video
facebook,2025-02-11,Photo
facebook,2025-02-11,Photo
facebook,2025-02-11,Photo
facebook,2025-02-11,Photo
facebook,2025-02-11,Photo
facebook,2025-02-11,Photo
facebook,2025-02-11,Photo
facebook,2025-02-11,Photo
facebook,2025-02-11,Photo
facebook,2025-02-11,Video
facebook,2025-02-11,Photo
facebook,2025-02-11,Photo
facebook,2025-02-11,Photo
facebook,2025-02-11,Video
facebook,2025-02-10,Video
facebook,2025-02-10,Photo
facebook,2025-02-10,Video
facebook,2025-02-10,Photo
facebook,2025-02-10,Photo
facebook,2025-02-10,Photo
facebook,2025-02-10,Photo
facebook,2025-02-10,Video
facebook,2025-02-10,Video
facebook,2025-02-10,Photo
facebook,2025-02-10,Photo
facebook,2025-02-10,Photo
facebook,2025-02-10,Photo
facebook,2025-02-10,Video
facebook,2025-02-09,Video
facebook,2025-02-09,Photo
facebook,2025-02-09,Photo
facebook,2025-02-09,Photo
facebook,2025-02-09,Photo
facebook,2025-02-09,Video
facebook,2025-02-09,Video
facebook,2025-02-09,Video
facebook,2025-02-09,Photo
facebook,2025-02-09,Photo
facebook,2025-02-09,Video
facebook,2025-02-09,Photo
facebook,2025-02-09,Video
facebook,2025-02-08,Photo
facebook,2025-02-08,Video
facebook,2025-02-08,Video
facebook,2025-02-08,Photo
facebook,2025-02-08,Video
facebook,2025-02-08,Video
facebook,2025-02-08,Photo
facebook,2025-02-08,Photo
facebook,2025-02-08,Photo
facebook,2025-02-08,Video
facebook,2025-02-08,Photo
facebook,2025-02-08,Video
facebook,2025-02-08,Photo
facebook,2025-02-08,Video
facebook,2025-02-08,Photo
facebook,2025-02-08,Photo
facebook,2025-02-08,Photo
facebook,2025-02-08,Photo
facebook,2025-02-08,Photo
facebook,2025-02-08,Photo
facebook,2025-02-08,Photo
facebook,2025-02-08,Photo
facebook,2025-02-08,Photo
facebook,2025-02-08,Photo
facebook,2025-02-08,Video
facebook,2025-02-07,Photo
facebook,2025-02-07,Video
facebook,2025-02-07,Video
facebook,2025-02-07,Video
facebook,2025-02-07,Photo
facebook,2025-02-07,Photo
facebook,2025-02-07,Photo
facebook,2025-02-07,Video
facebook,2025-02-07,Video
facebook,2025-02-06,Video
facebook,2025-02-06,Photo
facebook,2025-02-06,Photo
facebook,2025-02-06,Photo
facebook,2025-02-06,Photo
facebook,2025-02-06,Photo
facebook,2025-02-06,Photo
facebook,2025-02-06,Photo
facebook,2025-02-06,Photo
facebook,2025-02-06,Photo
facebook,2025-02-06,Photo
facebook,2025-02-06,Video
facebook,2025-02-05,Photo
facebook,2025-02-05,Video
facebook,2025-02-05,Photo
facebook,2025-02-05,Photo
facebook,2025-02-05,Video
facebook,2025-02-05,Video
facebook,2025-02-05,Video
facebook,2025-02-05,Photo
facebook,2025-02-05,Video
facebook,2025-02-05,Video
facebook,2025-02-05,Photo
facebook,2025-02-04,Photo
facebook,2025-02-04,Video
facebook,2025-02-04,Video
facebook,2025-02-04,Photo
facebook,2025-02-04,Video
facebook,2025-02-04,Photo
facebook,2025-02-04,Photo
facebook,2025-02-04,Video
facebook,2025-02-04,Photo
facebook,2025-02-04,Status
facebook,2025-02-03,Video
facebook,2025-02-03,Photo
facebook,2025-02-03,Video
facebook,2025-02-03,Photo
facebook,2025-02-03,Photo
facebook,2025-02-03,Photo
facebook,2025-02-03,Photo
facebook,2025-02-03,Photo
facebook,2025-02-03,Photo
facebook,2025-02-03,Video
facebook,2025-02-03,Photo
facebook,2025-02-03,Video
facebook,2025-02-02,Video
facebook,2025-02-02,Photo
facebook,2025-02-02,Photo
facebook,2025-02-02,Photo
facebook,2025-02-02,Photo
facebook,2025-02-02,Photo
facebook,2025-02-02,Photo
facebook,2025-02-02,Photo
facebook,2025-02-02,Photo
facebook,2025-02-02,Photo
facebook,2025-02-02,Photo
facebook,2025-02-02,Photo
facebook,2025-02-02,Photo
facebook,2025-02-02,Video
facebook,2025-02-02,Video
facebook,2025-02-02,Video
facebook,2025-02-01,Photo
facebook,2025-02-01,Photo
facebook,2025-02-01,Video
facebook,2025-02-01,Photo
facebook,2025-02-01,Video
facebook,2025-02-01,Photo
facebook,2025-02-01,Video
facebook,2025-02-01,Photo
facebook,2025-02-01,Video
facebook,2025-02-01,Photo
facebook,2025-02-01,Video
facebook,2025-02-01,Photo
facebook,2025-02-01,Photo
facebook,2025-02-01,Photo
facebook,2025-02-01,Photo
facebook,2025-02-01,Photo
facebook,2025-02-01,Photo
facebook,2025-02-01,Photo
facebook,2025-02-01,Photo
facebook,2025-02-01,Photo
facebook,2025-02-01,Video
facebook,2025-01-31,Video
facebook,2025-01-31,Video
facebook,2025-01-31,Photo
facebook,2025-01-31,Video
facebook,2025-01-31,Photo
facebook,2025-01-31,Photo
facebook,2025-01-31,Photo
facebook,2025-01-31,Video
facebook,2025-01-31,Photo
facebook,2025-01-31,Video
facebook,2025-01-30,Photo
facebook,2025-01-30,Photo
facebook,2025-01-30,Video
facebook,2025-01-30,Photo
facebook,2025-01-30,Photo
facebook,2025-01-30,Photo
facebook,2025-01-30,Photo
facebook,2025-01-30,Photo
facebook,2025-01-30,Photo
facebook,2025-01-30,Photo
facebook,2025-01-30,Photo
facebook,2025-01-30,Photo
facebook,2025-01-30,Photo
facebook,2025-01-30,Photo
facebook,2025-01-30,Photo
facebook,2025-01-30,Photo
facebook,2025-01-30,Photo
facebook,2025-01-30,Video
facebook,2025-01-30,Status
facebook,2025-01-30,Photo
facebook,2025-01-30,Status
facebook,2025-01-30,Photo
facebook,2025-01-30,Photo
facebook,2025-01-30,Photo
facebook,2025-01-30,Photo
facebook,2025-01-30,Status
facebook,2025-01-30,Video
facebook,2025-01-30,Photo
facebook,2025-01-30,Photo
facebook,2025-01-30,Photo
facebook,2025-01-30,Photo
facebook,2025-01-30,Photo
facebook,2025-01-30,Video
facebook,2025-01-30,Photo
facebook,2025-01-30,Video
facebook,2025-01-30,Photo
facebook,2025-01-30,Photo
facebook,2025-01-30,Photo
facebook,2025-01-30,Status
facebook,2025-01-29,Photo
facebook,2025-01-29,Photo
facebook,2025-01-29,Photo
facebook,2025-01-29,Photo
facebook,2025-01-29,Photo
facebook,2025-01-29,Photo
facebook,2025-01-29,Photo
facebook,2025-01-29,Photo
facebook,2025-01-29,Video
facebook,2025-01-29,Video
facebook,2025-01-28,Video
facebook,2025-01-28,Photo
facebook,2025-01-28,Photo
facebook,2025-01-28,Photo
facebook,2025-01-28,Photo
facebook,2025-01-28,Photo
facebook,2025-01-28,Video
facebook,2025-01-28,Video
facebook,2025-01-28,Photo
facebook,2025-01-28,Video
facebook,2025-01-27,Video
facebook,2025-01-27,Photo
facebook,2025-01-27,Photo
facebook,2025-01-27,Photo
facebook,2025-01-27,Photo
facebook,2025-01-27,Photo
facebook,2025-01-27,Video
facebook,2025-01-27,Photo
facebook,2025-01-27,Photo
facebook,2025-01-27,Video
facebook,2025-01-27,Photo
facebook,2025-01-27,Photo
facebook,2025-01-27,Photo
facebook,2025-01-26,Video
facebook,2025-01-26,Photo
facebook,2025-01-26,Video
facebook,2025-01-26,Photo
facebook,2025-01-26,Video
facebook,2025-01-26,Status
facebook,2025-01-26,Video
facebook,2025-01-26,Video
facebook,2025-01-25,Photo
facebook,2025-01-25,Photo
facebook,2025-01-25,Photo
facebook,2025-01-25,Photo
facebook,2025-01-25,Photo
facebook,2025-01-25,Video
facebook,2025-01-25,Photo
facebook,2025-01-25,Video
facebook,2025-01-25,Video
facebook,2025-01-25,Photo
facebook,2025-01-25,Photo
facebook,2025-01-25,Photo
facebook,2025-01-25,Video
facebook,2025-01-24,Video
facebook,2025-01-24,Photo
facebook,2025-01-24,Status
facebook,2025-01-24,Photo
facebook,2025-01-24,Video
facebook,2025-01-24,Video
facebook,2025-01-23,Photo
facebook,2025-01-23,Photo
facebook,2025-01-23,Photo
facebook,2025-01-23,Photo
facebook,2025-01-23,Video
facebook,2025-01-23,Video
facebook,2025-01-23,Photo
facebook,2025-01-23,Photo
facebook,2025-01-23,Video
facebook,2025-01-23,Video
facebook,2025-01-23,Photo
facebook,2025-01-23,Video
facebook,2025-01-22,Photo
facebook,2025-01-22,Photo
facebook,2025-01-22,Video
facebook,2025-01-22,Photo
facebook,2025-01-22,Photo
facebook,2025-01-22,Photo
facebook,2025-01-22,Video
facebook,2025-01-22,Photo
facebook,2025-01-22,Video
facebook,2025-01-22,Photo
facebook,2025-01-22,Photo
facebook,2025-01-21,Photo
facebook,2025-01-21,Photo
facebook,2025-01-21,Photo
facebook,2025-01-21,Photo
facebook,2025-01-21,Photo
facebook,2025-01-21,Photo
facebook,2025-01-21,Photo
facebook,2025-01-21,Photo
facebook,2025-01-21,Video
facebook,2025-01-21,Video
facebook,2025-01-21,Photo
facebook,2025-01-21,Photo
facebook,2025-01-21,Photo
facebook,2025-01-21,Video
facebook,2025-01-20,Photo
facebook,2025-01-20,Photo
facebook,2025-01-20,Video
facebook,2025-01-20,Photo
facebook,2025-01-20,Photo
facebook,2025-01-20,Photo
facebook,2025-01-20,Photo
facebook,2025-01-20,Video
facebook,2025-01-20,Photo
facebook,2025-01-20,Photo
facebook,2025-01-20,Photo
facebook,2025-01-20,Photo
facebook,2025-01-20,Photo
facebook,2025-01-20,Photo
facebook,2025-01-20,Photo
facebook,2025-01-20,Video
facebook,2025-01-19,Video
facebook,2025-01-19,Photo
facebook,2025-01-19,Photo
facebook,2025-01-19,Photo
facebook,2025-01-19,Video
facebook,2025-01-19,Video
facebook,2025-01-19,Photo
facebook,2025-01-19,Photo
facebook,2025-01-19,Photo
facebook,2025-01-19,Photo
facebook,2025-01-19,Photo
facebook,2025-01-19,Photo
facebook,2025-01-19,Photo
facebook,2025-01-19,Photo
facebook,2025-01-19,Status
facebook,2025-01-19,Photo
facebook,2025-01-19,Status
facebook,2025-01-19,Photo
facebook,2025-01-19,Video
facebook,2025-01-19,Photo
facebook,2025-01-19,Photo
facebook,2025-01-19,Photo
facebook,2025-01-19,Photo
facebook,2025-01-19,Video
facebook,2025-01-18,Photo
facebook,2025-01-18,Photo
facebook,2025-01-18,Photo
facebook,2025-01-18,Photo
facebook,2025-01-18,Video
facebook,2025-01-18,Photo
facebook,2025-01-18,Status
facebook,2025-01-18,Status
facebook,2025-01-18,Video
facebook,2025-01-18,Video
facebook,2025-01-18,Photo
facebook,2025-01-18,Photo
facebook,2025-01-17,Video
facebook,2025-01-17,Video
facebook,2025-01-17,Photo
facebook,2025-01-17,Photo
facebook,2025-01-17,Video
facebook,2025-01-17,Video
facebook,2025-01-17,Photo
facebook,2025-01-17,Photo
facebook,2025-01-17,Video
facebook,2025-01-17,Photo
facebook,2025-01-17,Video
facebook,2025-01-16,Photo
facebook,2025-01-16,Photo
facebook,2025-01-16,Photo
facebook,2025-01-16,Photo
facebook,2025-01-16,Photo
facebook,2025-01-16,Photo
facebook,2025-01-16,Photo
facebook,2025-01-16,Status
facebook,2025-01-15,Video
facebook,2025-01-15,Video
facebook,2025-01-15,Video
facebook,2025-01-15,Photo
facebook,2025-01-15,Photo
facebook,2025-01-15,Video
facebook,2025-01-15,Photo
facebook,2025-01-15,Photo
facebook,2025-01-15,Photo
facebook,2025-01-15,Photo
facebook,2025-01-15,Photo
facebook,2025-01-15,Video
facebook,2025-01-15,Video
facebook,2025-01-15,Video
facebook,2025-01-14,Photo
facebook,2025-01-14,Video
facebook,2025-01-14,Video
facebook,2025-01-14,Photo
facebook,2025-01-14,Photo
facebook,2025-01-14,Photo
facebook,2025-01-14,Photo
facebook,2025-01-14,Video
facebook,2025-01-14,Status
facebook,2025-01-13,Video
facebook,2025-01-13,Photo
facebook,2025-01-13,Status
facebook,2025-01-13,Photo
facebook,2025-01-13,Photo
facebook,2025-01-13,Photo
facebook,2025-01-13,Photo
facebook,2025-01-13,Photo
facebook,2025-01-13,Video
facebook,2025-01-13,Video
facebook,2025-01-13,Photo
facebook,2025-01-13,Video
facebook,2025-01-13,Status
facebook,2025-01-12,Video
facebook,2025-01-12,Photo
facebook,2025-01-12,Photo
facebook,2025-01-12,Video
facebook,2025-01-12,Video
facebook,2025-01-12,Video
facebook,2025-01-12,Photo
facebook,2025-01-12,Photo
facebook,2025-01-12,Photo
facebook,2025-01-12,Video
facebook,2025-01-12,Video
facebook,2025-01-12,Video
facebook,2025-01-12,Video
facebook,2025-01-12,Status
facebook,2025-01-11,Video
facebook,2025-01-11,Photo
facebook,2025-01-11,Video
facebook,2025-01-11,Video
facebook,2025-01-11,Video
facebook,2025-01-11,Video
facebook,2025-01-11,Video
facebook,2025-01-10,Photo
facebook,2025-01-10,Photo
facebook,2025-01-10,Photo
facebook,2025-01-10,Video
facebook,2025-01-10,Photo
facebook,2025-01-09,Video
facebook,2025-01-09,Photo
facebook,2025-01-09,Video
facebook,2025-01-09,Video
facebook,2025-01-09,Video
facebook,2025-01-08,Photo
facebook,2025-01-08,Photo
facebook,2025-01-08,Photo
facebook,2025-01-08,Photo
facebook,2025-01-08,Video
facebook,2025-01-08,Photo
facebook,2025-01-08,Photo
facebook,2025-01-08,Photo
facebook,2025-01-08,Video
facebook,2025-01-08,Photo
facebook,2025-01-08,Video
facebook,2025-01-07,Photo
facebook,2025-01-07,Video
facebook,2025-01-07,Photo
facebook,2025-01-07,Video
facebook,2025-01-07,Photo
facebook,2025-01-07,Photo
facebook,2025-01-07,Video
facebook,2025-01-07,Photo
facebook,2025-01-07,Video
facebook,2025-01-07,Photo
facebook,2025-01-07,Video
facebook,2025-01-06,Photo
facebook,2025-01-06,Photo
facebook,2025-01-06,Photo
facebook,2025-01-06,Photo
facebook,2025-01-06,Photo
facebook,2025-01-06,Video
facebook,2025-01-06,Photo
facebook,2025-01-06,Video
facebook,2025-01-06,Photo
facebook,2025-01-06,Video
facebook,2025-01-05,Photo
facebook,2025-01-05,Photo
facebook,2025-01-05,Photo
facebook,2025-01-05,Video
facebook,2025-01-05,Video
facebook,2025-01-05,Photo
facebook,2025-01-05,Video
facebook,2025-01-05,Photo
facebook,2025-01-05,Video
facebook,2025-01-05,Photo
facebook,2025-01-05,Video
facebook,2025-01-05,Photo
facebook,2025-01-05,Video
facebook,2025-01-05,Status
facebook,2025-01-05,Photo
facebook,2025-01-04,Photo
facebook,2025-01-04,Photo
facebook,2025-01-04,Photo
facebook,2025-01-04,Photo
facebook,2025-01-04,Photo
facebook,2025-01-04,Photo
facebook,2025-01-04,Video
facebook,2025-01-04,Video
facebook,2025-01-04,Video
facebook,2025-01-03,Video
facebook,2025-01-03,Video
facebook,2025-01-03,Video
facebook,2025-01-03,Video
facebook,2025-01-03,Video
facebook,2025-01-03,Video
facebook,2025-01-03,Video
facebook,2025-01-03,Status
facebook,2025-01-02,Video
facebook,2025-01-02,Photo
facebook,2025-01-02,Photo
facebook,2025-01-02,Photo
facebook,2025-01-02,Photo
facebook,2025-01-02,Video
facebook,2025-01-02,Video
facebook,2025-01-01,Photo
facebook,2025-01-01,Photo
facebook,2025-01-01,Photo
facebook,2025-01-01,Photo
facebook,2025-01-01,Photo
facebook,2025-01-01,Video
facebook,2025-01-01,Video
instagram,2026-08-10,Reel
instagram,2026-08-10,Reel
instagram,2026-08-10,Reel
instagram,2026-08-10,Photo
instagram,2026-08-10,Photo
instagram,2026-08-10,Reel
instagram,2026-08-10,Photo
instagram,2026-08-10,Photo
instagram,2026-08-10,Photo
instagram,2026-08-10,Photo
instagram,2026-08-10,Reel
instagram,2026-08-10,Reel
instagram,2026-08-10,Carousel
instagram,2026-08-09,Reel
instagram,2026-08-09,Carousel
instagram,2026-08-09,Photo
instagram,2026-08-09,Photo
instagram,2026-08-09,Photo
instagram,2026-08-09,Photo
instagram,2026-08-09,Photo
instagram,2026-08-09,Photo
instagram,2026-08-09,Photo
instagram,2026-08-09,Photo
instagram,2026-08-09,Photo
instagram,2026-08-08,Reel
instagram,2026-08-08,Reel
instagram,2026-08-08,Reel
instagram,2026-08-08,Reel
instagram,2026-08-08,Reel
instagram,2026-08-08,Reel
instagram,2026-08-08,Reel
instagram,2026-08-08,Photo
instagram,2026-08-08,Carousel
instagram,2026-08-08,Photo
instagram,2026-08-08,Reel
instagram,2026-08-07,Reel
instagram,2026-08-07,Reel
instagram,2026-08-07,Reel
instagram,2026-08-07,Photo
instagram,2026-08-07,Photo
instagram,2026-08-07,Photo
instagram,2026-08-06,Reel
instagram,2026-08-06,Carousel
instagram,2026-08-06,Reel
instagram,2026-08-06,Photo
instagram,2026-08-06,Reel
instagram,2026-08-06,Photo
instagram,2026-08-06,Photo
instagram,2026-08-06,Photo
instagram,2026-08-06,Reel
instagram,2026-08-06,Reel
instagram,2026-08-06,Reel
instagram,2026-08-06,Reel
instagram,2026-08-06,Reel
instagram,2026-08-06,Photo
instagram,2026-08-06,Photo
instagram,2026-08-06,Photo
instagram,2026-08-06,Photo
instagram,2026-08-05,Photo
instagram,2026-08-05,Reel
instagram,2026-08-05,Carousel
instagram,2026-08-05,Carousel
instagram,2026-08-05,Reel
instagram,2026-08-05,Photo
instagram,2026-08-05,Photo
instagram,2026-08-05,Reel
instagram,2026-08-05,Photo
instagram,2026-08-05,Photo
instagram,2026-08-05,Photo
instagram,2026-08-04,Reel
instagram,2026-08-04,Reel
instagram,2026-08-04,Reel
instagram,2026-08-04,Reel
instagram,2026-08-04,Photo
instagram,2026-08-04,Reel
instagram,2026-08-04,Photo
instagram,2026-08-04,Reel
instagram,2026-08-04,Reel
instagram,2026-08-03,Reel
instagram,2026-08-03,Photo
instagram,2026-08-03,Reel
instagram,2026-08-03,Photo
instagram,2026-08-03,Reel
instagram,2026-08-03,Photo
instagram,2026-08-03,Photo
instagram,2026-08-03,Carousel
instagram,2026-08-02,Photo
instagram,2026-08-02,Reel
instagram,2026-08-02,Carousel
instagram,2026-08-02,Reel
instagram,2026-08-02,Carousel
instagram,2026-08-02,Photo
instagram,2026-08-02,Reel
instagram,2026-08-02,Photo
instagram,2026-08-01,Reel
instagram,2026-08-01,Photo
instagram,2026-08-01,Carousel
instagram,2026-08-01,Reel
instagram,2026-08-01,Reel
instagram,2026-08-01,Reel
instagram,2026-08-01,Carousel
instagram,2026-08-01,Reel
instagram,2026-08-01,Reel
instagram,2026-08-01,Photo
instagram,2026-08-01,Reel
instagram,2026-07-31,Carousel
instagram,2026-07-31,Photo
instagram,2026-07-31,Reel
instagram,2026-07-31,Reel
instagram,2026-07-31,Reel
instagram,2026-07-31,Photo
instagram,2026-07-30,Photo
instagram,2026-07-30,Reel
instagram,2026-07-30,Reel
instagram,2026-07-30,Photo
instagram,2026-07-30,Reel
instagram,2026-07-30,Photo
instagram,2026-07-30,Reel
instagram,2026-07-30,Reel
instagram,2026-07-30,Photo
instagram,2026-07-30,Photo
instagram,2026-07-30,Reel
instagram,2026-07-29,Reel
instagram,2026-07-29,Reel
instagram,2026-07-29,Photo
instagram,2026-07-29,Reel
instagram,2026-07-29,Reel
instagram,2026-07-29,Photo
instagram,2026-07-29,Reel
instagram,2026-07-29,Photo
instagram,2026-07-29,Reel
instagram,2026-07-29,Reel
instagram,2026-07-29,Reel
instagram,2026-07-28,Reel
instagram,2026-07-28,Reel
instagram,2026-07-28,Reel
instagram,2026-07-28,Reel
instagram,2026-07-28,Carousel
instagram,2026-07-28,Reel
instagram,2026-07-28,Reel
instagram,2026-07-28,Photo
instagram,2026-07-28,Photo
instagram,2026-07-28,Photo
instagram,2026-07-28,Photo
instagram,2026-07-28,Reel
instagram,2026-07-27,Photo
instagram,2026-07-27,Photo
instagram,2026-07-27,Reel
instagram,2026-07-27,Reel
instagram,2026-07-27,Photo
instagram,2026-07-27,Reel
instagram,2026-07-27,Carousel
instagram,2026-07-27,Reel
instagram,2026-07-27,Reel
instagram,2026-07-27,Reel
instagram,2026-07-27,Reel
instagram,2026-07-27,Reel
instagram,2026-07-27,Photo
instagram,2026-07-27,Carousel
instagram,2026-07-26,Carousel
instagram,2026-07-26,Reel
instagram,2026-07-26,Reel
instagram,2026-07-26,Reel
instagram,2026-07-26,Reel
instagram,2026-07-26,Photo
instagram,2026-07-26,Reel
instagram,2026-07-26,Reel
instagram,2026-07-26,Photo
instagram,2026-07-25,Photo
instagram,2026-07-25,Reel
instagram,2026-07-25,Reel
instagram,2026-07-25,Photo
instagram,2026-07-25,Reel
instagram,2026-07-25,Reel
instagram,2026-07-24,Reel
instagram,2026-07-24,Photo
instagram,2026-07-24,Reel
instagram,2026-07-24,Reel
instagram,2026-07-24,Reel
instagram,2026-07-24,Reel
instagram,2026-07-24,Reel
instagram,2026-07-24,Photo
instagram,2026-07-24,Carousel
instagram,2026-07-24,Reel
instagram,2026-07-24,Photo
instagram,2026-07-24,Reel
instagram,2026-07-24,Carousel
instagram,2026-07-24,Photo
instagram,2026-07-23,Photo
instagram,2026-07-23,Photo
instagram,2026-07-23,Carousel
instagram,2026-07-23,Photo
instagram,2026-07-23,Reel
instagram,2026-07-23,Reel
instagram,2026-07-23,Photo
instagram,2026-07-23,Photo
instagram,2026-07-23,Photo
instagram,2026-07-23,Reel
instagram,2026-07-23,Photo
instagram,2026-07-23,Carousel
instagram,2026-07-23,Photo
instagram,2026-07-23,Photo
instagram,2026-07-23,Reel
instagram,2026-07-22,Reel
instagram,2026-07-22,Reel
instagram,2026-07-22,Photo
instagram,2026-07-22,Photo
instagram,2026-07-22,Photo
instagram,2026-07-22,Reel
instagram,2026-07-22,Carousel
instagram,2026-07-22,Photo
instagram,2026-07-22,Reel
instagram,2026-07-22,Reel
instagram,2026-07-22,Reel
instagram,2026-07-21,Photo
instagram,2026-07-21,Photo
instagram,2026-07-21,Reel
instagram,2026-07-21,Reel
instagram,2026-07-21,Photo
instagram,2026-07-21,Reel
instagram,2026-07-21,Photo
instagram,2026-07-21,Reel
instagram,2026-07-20,Photo
instagram,2026-07-20,Carousel
instagram,2026-07-20,Photo
instagram,2026-07-20,Reel
instagram,2026-07-20,Photo
instagram,2026-07-20,Photo
instagram,2026-07-20,Reel
instagram,2026-07-20,Photo
instagram,2026-07-20,Carousel
instagram,2026-07-20,Photo
instagram,2026-07-20,Photo
instagram,2026-07-19,Reel
instagram,2026-07-19,Photo
instagram,2026-07-19,Carousel
instagram,2026-07-19,Reel
instagram,2026-07-19,Reel
instagram,2026-07-19,Reel
instagram,2026-07-19,Photo
instagram,2026-07-19,Photo
instagram,2026-07-19,Reel
instagram,2026-07-19,Photo
instagram,2026-07-19,Carousel
instagram,2026-07-19,Reel
instagram,2026-07-18,Carousel
instagram,2026-07-18,Reel
instagram,2026-07-18,Reel
instagram,2026-07-18,Reel
instagram,2026-07-18,Reel
instagram,2026-07-18,Reel
instagram,2026-07-17,Reel
instagram,2026-07-17,Carousel
instagram,2026-07-17,Photo
instagram,2026-07-17,Photo
instagram,2026-07-17,Carousel
instagram,2026-07-16,Reel
instagram,2026-07-16,Reel
instagram,2026-07-16,Photo
instagram,2026-07-16,Reel
instagram,2026-07-16,Photo
instagram,2026-07-16,Reel
instagram,2026-07-16,Reel
instagram,2026-07-16,Reel
instagram,2026-07-16,Reel
instagram,2026-07-16,Reel
instagram,2026-07-16,Photo
instagram,2026-07-16,Photo
instagram,2026-07-16,Reel
instagram,2026-07-16,Photo
instagram,2026-07-15,Reel
instagram,2026-07-15,Photo
instagram,2026-07-15,Photo
instagram,2026-07-15,Photo
instagram,2026-07-15,Reel
instagram,2026-07-15,Reel
instagram,2026-07-15,Photo
instagram,2026-07-15,Photo
instagram,2026-07-15,Reel
instagram,2026-07-15,Reel
instagram,2026-07-15,Photo
instagram,2026-07-15,Photo
instagram,2026-07-14,Reel
instagram,2026-07-14,Photo
instagram,2026-07-14,Reel
instagram,2026-07-14,Reel
instagram,2026-07-14,Reel
instagram,2026-07-14,Photo
instagram,2026-07-14,Reel
instagram,2026-07-14,Photo
instagram,2026-07-14,Photo
instagram,2026-07-14,Photo
instagram,2026-07-14,Photo
instagram,2026-07-14,Reel
instagram,2026-07-14,Photo
instagram,2026-07-13,Photo
instagram,2026-07-13,Reel
instagram,2026-07-13,Photo
instagram,2026-07-13,Photo
instagram,2026-07-13,Photo
instagram,2026-07-13,Photo
instagram,2026-07-12,Reel
instagram,2026-07-12,Photo
instagram,2026-07-12,Carousel
instagram,2026-07-12,Carousel
instagram,2026-07-12,Reel
instagram,2026-07-12,Reel
instagram,2026-07-12,Reel
instagram,2026-07-12,Photo
instagram,2026-07-12,Reel
instagram,2026-07-12,Carousel
instagram,2026-07-12,Photo
instagram,2026-07-12,Reel
instagram,2026-07-12,Photo
instagram,2026-07-12,Photo
instagram,2026-07-12,Carousel
instagram,2026-07-11,Reel
instagram,2026-07-11,Carousel
instagram,2026-07-11,Photo
instagram,2026-07-11,Reel
instagram,2026-07-11,Photo
instagram,2026-07-11,Photo
instagram,2026-07-11,Reel
instagram,2026-07-11,Photo
instagram,2026-07-10,Reel
instagram,2026-07-10,Photo
instagram,2026-07-10,Reel
instagram,2026-07-10,Reel
instagram,2026-07-10,Reel
instagram,2026-07-10,Reel
instagram,2026-07-10,Carousel
instagram,2026-07-10,Photo
instagram,2026-07-09,Photo
instagram,2026-07-09,Reel
instagram,2026-07-09,Photo
instagram,2026-07-09,Photo
instagram,2026-07-09,Photo
instagram,2026-07-09,Photo
instagram,2026-07-09,Photo
instagram,2026-07-08,Reel
instagram,2026-07-08,Photo
instagram,2026-07-08,Photo
instagram,2026-07-08,Photo
instagram,2026-07-08,Photo
instagram,2026-07-08,Carousel
instagram,2026-07-08,Reel
instagram,2026-07-08,Photo
instagram,2026-07-08,Reel
instagram,2026-07-08,Carousel
instagram,2026-07-08,Reel
instagram,2026-07-08,Reel
instagram,2026-07-08,Carousel
instagram,2026-07-07,Reel
instagram,2026-07-07,Reel
instagram,2026-07-07,Photo
instagram,2026-07-07,Reel
instagram,2026-07-07,Reel
instagram,2026-07-07,Carousel
instagram,2026-07-07,Carousel
instagram,2026-07-06,Reel
instagram,2026-07-06,Reel
instagram,2026-07-06,Reel
instagram,2026-07-06,Reel
instagram,2026-07-06,Reel
instagram,2026-07-06,Carousel
instagram,2026-07-06,Photo
instagram,2026-07-06,Reel
instagram,2026-07-05,Photo
instagram,2026-07-05,Reel
instagram,2026-07-05,Carousel
instagram,2026-07-05,Reel
instagram,2026-07-05,Photo
instagram,2026-07-05,Reel
instagram,2026-07-05,Photo
instagram,2026-07-05,Carousel
instagram,2026-07-05,Reel
instagram,2026-07-05,Reel
instagram,2026-07-05,Reel
instagram,2026-07-05,Reel
instagram,2026-07-04,Reel
instagram,2026-07-04,Photo
instagram,2026-07-04,Reel
instagram,2026-07-04,Photo
instagram,2026-07-04,Reel
instagram,2026-07-04,Reel
instagram,2026-07-04,Photo
instagram,2026-07-03,Reel
instagram,2026-07-03,Photo
instagram,2026-07-03,Photo
instagram,2026-07-03,Reel
instagram,2026-07-03,Photo
instagram,2026-07-03,Photo
instagram,2026-07-03,Reel
instagram,2026-07-03,Reel
instagram,2026-07-02,Carousel
instagram,2026-07-02,Reel
instagram,2026-07-02,Photo
instagram,2026-07-02,Reel
instagram,2026-07-02,Photo
instagram,2026-07-02,Photo
instagram,2026-07-02,Carousel
instagram,2026-07-02,Photo
instagram,2026-07-02,Photo
instagram,2026-07-02,Carousel
instagram,2026-07-02,Photo
instagram,2026-07-02,Carousel
instagram,2026-07-01,Reel
instagram,2026-07-01,Reel
instagram,2026-07-01,Photo
instagram,2026-07-01,Photo
instagram,2026-07-01,Reel
instagram,2026-07-01,Photo
instagram,2026-07-01,Reel
instagram,2026-07-01,Photo
instagram,2026-07-01,Photo
instagram,2026-07-01,Reel
instagram,2026-07-01,Photo
instagram,2026-07-01,Photo
instagram,2026-07-01,Photo
instagram,2026-06-30,Photo
instagram,2026-06-30,Photo
instagram,2026-06-30,Photo
instagram,2026-06-30,Reel
instagram,2026-06-30,Reel
instagram,2026-06-30,Photo
instagram,2026-06-30,Reel
instagram,2026-06-30,Photo
instagram,2026-06-30,Photo
instagram,2026-06-29,Reel
instagram,2026-06-29,Reel
instagram,2026-06-29,Photo
instagram,2026-06-29,Reel
instagram,2026-06-29,Carousel
instagram,2026-06-29,Reel
instagram,2026-06-29,Photo
instagram,2026-06-29,Reel
instagram,2026-06-29,Photo
instagram,2026-06-28,Photo
instagram,2026-06-28,Reel
instagram,2026-06-28,Reel
instagram,2026-06-28,Reel
instagram,2026-06-28,Reel
instagram,2026-06-28,Reel
instagram,2026-06-28,Reel
instagram,2026-06-28,Reel
instagram,2026-06-28,Reel
instagram,2026-06-28,Reel
instagram,2026-06-28,Photo
instagram,2026-06-28,Photo
instagram,2026-06-28,Carousel
instagram,2026-06-28,Reel
instagram,2026-06-27,Photo
instagram,2026-06-27,Photo
instagram,2026-06-27,Reel
instagram,2026-06-27,Photo
instagram,2026-06-27,Carousel
instagram,2026-06-27,Reel
instagram,2026-06-27,Reel
instagram,2026-06-26,Reel
instagram,2026-06-26,Reel
instagram,2026-06-26,Photo
instagram,2026-06-26,Reel
instagram,2026-06-26,Photo
instagram,2026-06-26,Reel
instagram,2026-06-26,Carousel
instagram,2026-06-26,Reel
instagram,2026-06-26,Reel
instagram,2026-06-26,Reel
instagram,2026-06-25,Carousel
instagram,2026-06-25,Carousel
instagram,2026-06-25,Photo
instagram,2026-06-25,Reel
instagram,2026-06-25,Carousel
instagram,2026-06-25,Photo
instagram,2026-06-25,Photo
instagram,2026-06-25,Reel
instagram,2026-06-25,Photo
instagram,2026-06-25,Reel
instagram,2026-06-24,Photo
instagram,2026-06-24,Photo
instagram,2026-06-24,Carousel
instagram,2026-06-24,Photo
instagram,2026-06-24,Reel
instagram,2026-06-24,Reel
instagram,2026-06-24,Photo
instagram,2026-06-24,Carousel
instagram,2026-06-24,Carousel
instagram,2026-06-23,Photo
instagram,2026-06-23,Reel
instagram,2026-06-23,Carousel
instagram,2026-06-23,Photo
instagram,2026-06-23,Photo
instagram,2026-06-23,Carousel
instagram,2026-06-23,Photo
instagram,2026-06-23,Photo
instagram,2026-06-22,Carousel
instagram,2026-06-22,Photo
instagram,2026-06-22,Reel
instagram,2026-06-22,Reel
instagram,2026-06-22,Photo
instagram,2026-06-22,Photo
instagram,2026-06-22,Photo
instagram,2026-06-22,Photo
instagram,2026-06-22,Photo
instagram,2026-06-21,Photo
instagram,2026-06-21,Reel
instagram,2026-06-21,Reel
instagram,2026-06-21,Reel
instagram,2026-06-21,Reel
instagram,2026-06-21,Reel
instagram,2026-06-21,Photo
instagram,2026-06-21,Reel
instagram,2026-06-21,Photo
instagram,2026-06-21,Reel
instagram,2026-06-21,Carousel
instagram,2026-06-21,Photo
instagram,2026-06-21,Photo
instagram,2026-06-21,Photo
instagram,2026-06-20,Carousel
instagram,2026-06-20,Photo
instagram,2026-06-20,Carousel
instagram,2026-06-20,Photo
instagram,2026-06-20,Reel
instagram,2026-06-20,Photo
instagram,2026-06-20,Carousel
instagram,2026-06-19,Photo
instagram,2026-06-19,Reel
instagram,2026-06-19,Reel
instagram,2026-06-19,Photo
instagram,2026-06-19,Photo
instagram,2026-06-19,Photo
instagram,2026-06-19,Reel
instagram,2026-06-19,Photo
instagram,2026-06-18,Reel
instagram,2026-06-18,Reel
instagram,2026-06-18,Reel
instagram,2026-06-18,Reel
instagram,2026-06-18,Reel
instagram,2026-06-18,Photo
instagram,2026-06-18,Photo
instagram,2026-06-18,Reel
instagram,2026-06-18,Reel
instagram,2026-06-18,Reel
instagram,2026-06-18,Reel
instagram,2026-06-18,Photo
instagram,2026-06-18,Photo
instagram,2026-06-17,Carousel
instagram,2026-06-17,Photo
instagram,2026-06-17,Reel
instagram,2026-06-17,Reel
instagram,2026-06-17,Reel
instagram,2026-06-17,Photo
instagram,2026-06-17,Reel
instagram,2026-06-17,Photo
instagram,2026-06-17,Photo
instagram,2026-06-17,Photo
instagram,2026-06-17,Photo
instagram,2026-06-17,Reel
instagram,2026-06-17,Photo
instagram,2026-06-17,Reel
instagram,2026-06-16,Reel
instagram,2026-06-16,Reel
instagram,2026-06-16,Reel
instagram,2026-06-16,Carousel
instagram,2026-06-16,Reel
instagram,2026-06-16,Photo
instagram,2026-06-16,Photo
instagram,2026-06-16,Reel
instagram,2026-06-16,Photo
instagram,2026-06-16,Photo
instagram,2026-06-16,Photo
instagram,2026-06-16,Photo
instagram,2026-06-15,Reel
instagram,2026-06-15,Reel
instagram,2026-06-15,Carousel
instagram,2026-06-15,Carousel
instagram,2026-06-15,Photo
instagram,2026-06-15,Carousel
instagram,2026-06-15,Photo
instagram,2026-06-15,Photo
instagram,2026-06-15,Carousel
instagram,2026-06-15,Photo
instagram,2026-06-15,Reel
instagram,2026-06-15,Photo
instagram,2026-06-15,Photo
instagram,2026-06-15,Reel
instagram,2026-06-15,Photo
instagram,2026-06-14,Photo
instagram,2026-06-14,Photo
instagram,2026-06-14,Photo
instagram,2026-06-14,Photo
instagram,2026-06-14,Photo
instagram,2026-06-14,Reel
instagram,2026-06-14,Carousel
instagram,2026-06-14,Photo
instagram,2026-06-14,Reel
instagram,2026-06-14,Photo
instagram,2026-06-14,Reel
instagram,2026-06-14,Photo
instagram,2026-06-14,Carousel
instagram,2026-06-14,Photo
instagram,2026-06-13,Reel
instagram,2026-06-13,Carousel
instagram,2026-06-13,Reel
instagram,2026-06-13,Photo
instagram,2026-06-13,Reel
instagram,2026-06-13,Reel
instagram,2026-06-13,Carousel
instagram,2026-06-13,Photo
instagram,2026-06-12,Reel
instagram,2026-06-12,Photo
instagram,2026-06-12,Photo
instagram,2026-06-12,Carousel
instagram,2026-06-12,Reel
instagram,2026-06-12,Reel
instagram,2026-06-12,Reel
instagram,2026-06-12,Reel
instagram,2026-06-11,Photo
instagram,2026-06-11,Photo
instagram,2026-06-11,Reel
instagram,2026-06-11,Photo
instagram,2026-06-11,Reel
instagram,2026-06-11,Reel
instagram,2026-06-11,Photo
instagram,2026-06-11,Reel
instagram,2026-06-11,Photo
instagram,2026-06-11,Photo
instagram,2026-06-11,Carousel
instagram,2026-06-11,Photo
instagram,2026-06-11,Photo
instagram,2026-06-11,Photo
instagram,2026-06-11,Photo
instagram,2026-06-10,Photo
instagram,2026-06-10,Photo
instagram,2026-06-10,Photo
instagram,2026-06-10,Reel
instagram,2026-06-10,Carousel
instagram,2026-06-10,Reel
instagram,2026-06-10,Photo
instagram,2026-06-10,Photo
instagram,2026-06-10,Photo
instagram,2026-06-10,Photo
instagram,2026-06-09,Photo
instagram,2026-06-09,Reel
instagram,2026-06-09,Photo
instagram,2026-06-09,Reel
instagram,2026-06-09,Reel
instagram,2026-06-09,Photo
instagram,2026-06-09,Reel
instagram,2026-06-09,Reel
instagram,2026-06-09,Photo
instagram,2026-06-09,Reel
instagram,2026-06-09,Photo
instagram,2026-06-08,Reel
instagram,2026-06-08,Photo
instagram,2026-06-08,Reel
instagram,2026-06-08,Reel
instagram,2026-06-08,Reel
instagram,2026-06-08,Photo
instagram,2026-06-08,Photo
instagram,2026-06-08,Reel
instagram,2026-06-08,Photo
instagram,2026-06-08,Photo
instagram,2026-06-08,Photo
instagram,2026-06-08,Photo
instagram,2026-06-08,Photo
instagram,2026-06-08,Photo
instagram,2026-06-08,Reel
instagram,2026-06-07,Photo
instagram,2026-06-07,Photo
instagram,2026-06-07,Photo
instagram,2026-06-07,Reel
instagram,2026-06-07,Photo
instagram,2026-06-07,Reel
instagram,2026-06-07,Reel
instagram,2026-06-07,Photo
instagram,2026-06-07,Photo
instagram,2026-06-07,Reel
instagram,2026-06-07,Photo
instagram,2026-06-07,Photo
instagram,2026-06-07,Reel
instagram,2026-06-07,Reel
instagram,2026-06-07,Photo
instagram,2026-06-06,Photo
instagram,2026-06-06,Photo
instagram,2026-06-06,Photo
instagram,2026-06-06,Reel
instagram,2026-06-06,Photo
instagram,2026-06-06,Reel
instagram,2026-06-06,Photo
instagram,2026-06-06,Carousel
instagram,2026-06-06,Reel
instagram,2026-06-05,Reel
instagram,2026-06-05,Carousel
instagram,2026-06-05,Reel
instagram,2026-06-05,Photo
instagram,2026-06-05,Reel
instagram,2026-06-05,Photo
instagram,2026-06-04,Carousel
instagram,2026-06-04,Photo
instagram,2026-06-04,Photo
instagram,2026-06-04,Photo
instagram,2026-06-04,Reel
instagram,2026-06-04,Reel
instagram,2026-06-04,Photo
instagram,2026-06-04,Photo
instagram,2026-06-04,Photo
instagram,2026-06-04,Reel
instagram,2026-06-04,Photo
instagram,2026-06-04,Reel
instagram,2026-06-04,Photo
instagram,2026-06-03,Reel
instagram,2026-06-03,Reel
instagram,2026-06-03,Reel
instagram,2026-06-03,Reel
instagram,2026-06-03,Carousel
instagram,2026-06-03,Photo
instagram,2026-06-03,Reel
instagram,2026-06-03,Photo
instagram,2026-06-03,Reel
instagram,2026-06-03,Photo
instagram,2026-06-03,Reel
instagram,2026-06-03,Photo
instagram,2026-06-03,Reel
instagram,2026-06-03,Photo
instagram,2026-06-02,Carousel
instagram,2026-06-02,Reel
instagram,2026-06-02,Photo
instagram,2026-06-02,Photo
instagram,2026-06-02,Reel
instagram,2026-06-02,Reel
instagram,2026-06-02,Reel
instagram,2026-06-02,Photo
instagram,2026-06-01,Photo
instagram,2026-06-01,Photo
instagram,2026-06-01,Reel
instagram,2026-06-01,Reel
instagram,2026-06-01,Photo
instagram,2026-06-01,Photo
instagram,2026-06-01,Photo
instagram,2026-06-01,Photo
instagram,2026-06-01,Photo
instagram,2026-06-01,Photo
instagram,2026-06-01,Photo
instagram,2026-06-01,Photo
instagram,2026-06-01,Reel
instagram,2026-06-01,Reel
instagram,2026-05-31,Carousel
instagram,2026-05-31,Reel
instagram,2026-05-31,Reel
instagram,2026-05-31,Reel
instagram,2026-05-31,Reel
instagram,2026-05-31,Reel
instagram,2026-05-31,Reel
instagram,2026-05-31,Reel
instagram,2026-05-31,Reel
instagram,2026-05-31,Photo
instagram,2026-05-31,Reel
instagram,2026-05-31,Carousel
instagram,2026-05-31,Photo
instagram,2026-05-30,Photo
instagram,2026-05-30,Photo
instagram,2026-05-30,Photo
instagram,2026-05-30,Reel
instagram,2026-05-30,Reel
instagram,2026-05-30,Reel
instagram,2026-05-30,Photo
instagram,2026-05-30,Reel
instagram,2026-05-30,Photo
instagram,2026-05-29,Reel
instagram,2026-05-29,Reel
instagram,2026-05-29,Reel
instagram,2026-05-29,Reel
instagram,2026-05-29,Photo
instagram,2026-05-29,Reel
instagram,2026-05-29,Photo
instagram,2026-05-29,Photo
instagram,2026-05-29,Carousel
instagram,2026-05-28,Reel
instagram,2026-05-28,Photo
instagram,2026-05-28,Photo
instagram,2026-05-28,Reel
instagram,2026-05-28,Reel
instagram,2026-05-28,Reel
instagram,2026-05-28,Carousel
instagram,2026-05-28,Photo
instagram,2026-05-28,Photo
instagram,2026-05-28,Photo
instagram,2026-05-27,Photo
instagram,2026-05-27,Reel
instagram,2026-05-27,Photo
instagram,2026-05-27,Reel
instagram,2026-05-27,Photo
instagram,2026-05-27,Reel
instagram,2026-05-27,Photo
instagram,2026-05-27,Photo
instagram,2026-05-27,Reel
instagram,2026-05-27,Photo
instagram,2026-05-27,Photo
instagram,2026-05-27,Reel
instagram,2026-05-27,Reel
instagram,2026-05-26,Photo
instagram,2026-05-26,Photo
instagram,2026-05-26,Reel
instagram,2026-05-26,Photo
instagram,2026-05-26,Reel
instagram,2026-05-26,Photo
instagram,2026-05-26,Photo
instagram,2026-05-26,Photo
instagram,2026-05-26,Carousel
instagram,2026-05-26,Reel
instagram,2026-05-26,Reel
instagram,2026-05-26,Photo
instagram,2026-05-26,Photo
instagram,2026-05-25,Photo
instagram,2026-05-25,Reel
instagram,2026-05-25,Reel
instagram,2026-05-25,Reel
instagram,2026-05-25,Carousel
instagram,2026-05-25,Reel
instagram,2026-05-25,Carousel
instagram,2026-05-25,Reel
instagram,2026-05-25,Photo
instagram,2026-05-25,Photo
instagram,2026-05-25,Reel
instagram,2026-05-25,Photo
instagram,2026-05-25,Photo
instagram,2026-05-24,Photo
instagram,2026-05-24,Carousel
instagram,2026-05-24,Reel
instagram,2026-05-24,Photo
instagram,2026-05-24,Photo
instagram,2026-05-24,Photo
instagram,2026-05-24,Photo
instagram,2026-05-24,Reel
instagram,2026-05-24,Reel
instagram,2026-05-24,Reel
instagram,2026-05-24,Reel
instagram,2026-05-24,Carousel
instagram,2026-05-24,Photo
instagram,2026-05-24,Photo
instagram,2026-05-24,Photo
instagram,2026-05-24,Photo
instagram,2026-05-24,Photo
instagram,2026-05-23,Photo
instagram,2026-05-23,Reel
instagram,2026-05-23,Carousel
instagram,2026-05-23,Reel
instagram,2026-05-23,Photo
instagram,2026-05-23,Reel
instagram,2026-05-23,Reel
instagram,2026-05-23,Photo
instagram,2026-05-23,Reel
instagram,2026-05-23,Photo
instagram,2026-05-23,Photo
instagram,2026-05-23,Photo
instagram,2026-05-22,Photo
instagram,2026-05-22,Photo
instagram,2026-05-22,Photo
instagram,2026-05-22,Photo
instagram,2026-05-22,Photo
instagram,2026-05-22,Photo
instagram,2026-05-22,Photo
instagram,2026-05-22,Reel
instagram,2026-05-21,Photo
instagram,2026-05-21,Photo
instagram,2026-05-21,Photo
instagram,2026-05-21,Reel
instagram,2026-05-21,Carousel
instagram,2026-05-21,Photo
instagram,2026-05-21,Photo
instagram,2026-05-21,Photo
instagram,2026-05-20,Photo
instagram,2026-05-20,Photo
instagram,2026-05-20,Photo
instagram,2026-05-20,Reel
instagram,2026-05-20,Photo
instagram,2026-05-20,Reel
instagram,2026-05-20,Reel
instagram,2026-05-20,Reel
instagram,2026-05-20,Photo
instagram,2026-05-20,Reel
instagram,2026-05-20,Carousel
instagram,2026-05-20,Carousel
instagram,2026-05-20,Photo
instagram,2026-05-20,Reel
instagram,2026-05-20,Photo
instagram,2026-05-20,Photo
instagram,2026-05-19,Photo
instagram,2026-05-19,Photo
instagram,2026-05-19,Photo
instagram,2026-05-19,Reel
instagram,2026-05-19,Photo
instagram,2026-05-19,Photo
instagram,2026-05-19,Reel
instagram,2026-05-19,Photo
instagram,2026-05-19,Photo
instagram,2026-05-19,Reel
instagram,2026-05-19,Photo
instagram,2026-05-18,Photo
instagram,2026-05-18,Photo
instagram,2026-05-18,Photo
instagram,2026-05-18,Reel
instagram,2026-05-18,Reel
instagram,2026-05-18,Reel
instagram,2026-05-18,Photo
instagram,2026-05-18,Photo
instagram,2026-05-18,Carousel
instagram,2026-05-18,Reel
instagram,2026-05-18,Reel
instagram,2026-05-18,Photo
instagram,2026-05-17,Reel
instagram,2026-05-17,Photo
instagram,2026-05-17,Photo
instagram,2026-05-17,Reel
instagram,2026-05-17,Reel
instagram,2026-05-17,Reel
instagram,2026-05-17,Photo
instagram,2026-05-17,Photo
instagram,2026-05-17,Reel
instagram,2026-05-17,Photo
instagram,2026-05-17,Photo
instagram,2026-05-17,Carousel
instagram,2026-05-17,Reel
instagram,2026-05-17,Reel
instagram,2026-05-17,Reel
instagram,2026-05-17,Photo
instagram,2026-05-17,Reel
instagram,2026-05-17,Photo
instagram,2026-05-16,Reel
instagram,2026-05-16,Photo
instagram,2026-05-16,Photo
instagram,2026-05-16,Reel
instagram,2026-05-16,Photo
instagram,2026-05-16,Reel
instagram,2026-05-16,Reel
instagram,2026-05-16,Reel
instagram,2026-05-16,Carousel
instagram,2026-05-16,Photo
instagram,2026-05-15,Reel
instagram,2026-05-15,Photo
instagram,2026-05-15,Photo
instagram,2026-05-15,Photo
instagram,2026-05-15,Reel
instagram,2026-05-15,Reel
instagram,2026-05-15,Reel
instagram,2026-05-15,Reel
instagram,2026-05-15,Reel
instagram,2026-05-15,Photo
instagram,2026-05-14,Photo
instagram,2026-05-14,Carousel
instagram,2026-05-14,Carousel
instagram,2026-05-14,Photo
instagram,2026-05-14,Photo
instagram,2026-05-14,Carousel
instagram,2026-05-14,Photo
instagram,2026-05-14,Reel
instagram,2026-05-14,Photo
instagram,2026-05-14,Reel
instagram,2026-05-14,Carousel
instagram,2026-05-14,Photo
instagram,2026-05-14,Carousel
instagram,2026-05-13,Photo
instagram,2026-05-13,Photo
instagram,2026-05-13,Reel
instagram,2026-05-13,Photo
instagram,2026-05-13,Photo
instagram,2026-05-13,Photo
instagram,2026-05-13,Reel
instagram,2026-05-13,Reel
instagram,2026-05-13,Photo
instagram,2026-05-13,Photo
instagram,2026-05-13,Carousel
instagram,2026-05-13,Photo
instagram,2026-05-13,Carousel
instagram,2026-05-13,Reel
instagram,2026-05-13,Photo
instagram,2026-05-13,Photo
instagram,2026-05-12,Reel
instagram,2026-05-12,Reel
instagram,2026-05-12,Reel
instagram,2026-05-12,Reel
instagram,2026-05-12,Carousel
instagram,2026-05-12,Carousel
instagram,2026-05-12,Reel
instagram,2026-05-12,Photo
instagram,2026-05-12,Photo
instagram,2026-05-11,Reel
instagram,2026-05-11,Reel
instagram,2026-05-11,Photo
instagram,2026-05-11,Photo
instagram,2026-05-11,Photo
instagram,2026-05-11,Reel
instagram,2026-05-11,Photo
instagram,2026-05-11,Photo
instagram,2026-05-11,Photo
instagram,2026-05-10,Photo
instagram,2026-05-10,Reel
instagram,2026-05-10,Reel
instagram,2026-05-10,Reel
instagram,2026-05-10,Photo
instagram,2026-05-10,Reel
instagram,2026-05-10,Photo
instagram,2026-05-10,Reel
instagram,2026-05-10,Photo
instagram,2026-05-10,Reel
instagram,2026-05-10,Reel
instagram,2026-05-10,Photo
instagram,2026-05-10,Photo
instagram,2026-05-09,Reel
instagram,2026-05-09,Reel
instagram,2026-05-09,Reel
instagram,2026-05-09,Reel
instagram,2026-05-09,Carousel
instagram,2026-05-09,Photo
instagram,2026-05-09,Reel
instagram,2026-05-08,Reel
instagram,2026-05-08,Carousel
instagram,2026-05-08,Carousel
instagram,2026-05-08,Reel
instagram,2026-05-08,Photo
instagram,2026-05-08,Photo
instagram,2026-05-07,Reel
instagram,2026-05-07,Carousel
instagram,2026-05-07,Photo
instagram,2026-05-07,Photo
instagram,2026-05-07,Photo
instagram,2026-05-07,Photo
instagram,2026-05-07,Photo
instagram,2026-05-07,Reel
instagram,2026-05-07,Carousel
instagram,2026-05-06,Reel
instagram,2026-05-06,Reel
instagram,2026-05-06,Reel
instagram,2026-05-06,Carousel
instagram,2026-05-06,Photo
instagram,2026-05-06,Reel
instagram,2026-05-06,Carousel
instagram,2026-05-06,Reel
instagram,2026-05-06,Reel
instagram,2026-05-06,Photo
instagram,2026-05-06,Reel
instagram,2026-05-06,Reel
instagram,2026-05-06,Photo
instagram,2026-05-06,Reel
instagram,2026-05-06,Carousel
instagram,2026-05-05,Reel
instagram,2026-05-05,Photo
instagram,2026-05-05,Carousel
instagram,2026-05-05,Reel
instagram,2026-05-05,Reel
instagram,2026-05-05,Carousel
instagram,2026-05-05,Reel
instagram,2026-05-05,Photo
instagram,2026-05-05,Reel
instagram,2026-05-05,Photo
instagram,2026-05-05,Photo
instagram,2026-05-05,Photo
instagram,2026-05-04,Photo
instagram,2026-05-04,Photo
instagram,2026-05-04,Reel
instagram,2026-05-04,Reel
instagram,2026-05-04,Photo
instagram,2026-05-04,Reel
instagram,2026-05-04,Reel
instagram,2026-05-04,Carousel
instagram,2026-05-04,Reel
instagram,2026-05-04,Photo
instagram,2026-05-04,Carousel
instagram,2026-05-04,Photo
instagram,2026-05-03,Photo
instagram,2026-05-03,Photo
instagram,2026-05-03,Photo
instagram,2026-05-03,Photo
instagram,2026-05-03,Reel
instagram,2026-05-03,Photo
instagram,2026-05-03,Carousel
instagram,2026-05-03,Carousel
instagram,2026-05-03,Photo
instagram,2026-05-02,Photo
instagram,2026-05-02,Photo
instagram,2026-05-02,Reel
instagram,2026-05-02,Photo
instagram,2026-05-02,Reel
instagram,2026-05-02,Photo
instagram,2026-05-02,Reel
instagram,2026-05-02,Reel
instagram,2026-05-02,Carousel
instagram,2026-05-02,Photo
instagram,2026-05-02,Reel
instagram,2026-05-02,Photo
instagram,2026-05-02,Carousel
instagram,2026-05-02,Carousel
instagram,2026-05-01,Reel
instagram,2026-05-01,Reel
instagram,2026-05-01,Photo
instagram,2026-05-01,Reel
instagram,2026-05-01,Photo
instagram,2026-05-01,Reel
instagram,2026-05-01,Reel
instagram,2026-05-01,Reel
instagram,2026-05-01,Reel
instagram,2026-04-30,Reel
instagram,2026-04-30,Photo
instagram,2026-04-30,Reel
instagram,2026-04-30,Photo
instagram,2026-04-30,Photo
instagram,2026-04-30,Photo
instagram,2026-04-30,Reel
instagram,2026-04-30,Carousel
instagram,2026-04-30,Carousel
instagram,2026-04-30,Photo
instagram,2026-04-30,Photo
instagram,2026-04-30,Reel
instagram,2026-04-30,Carousel
instagram,2026-04-30,Photo
instagram,2026-04-30,Reel
instagram,2026-04-30,Reel
instagram,2026-04-30,Reel
instagram,2026-04-30,Reel
instagram,2026-04-29,Photo
instagram,2026-04-29,Photo
instagram,2026-04-29,Reel
instagram,2026-04-29,Reel
instagram,2026-04-29,Reel
instagram,2026-04-29,Photo
instagram,2026-04-29,Photo
instagram,2026-04-29,Photo
instagram,2026-04-29,Reel
instagram,2026-04-29,Reel
instagram,2026-04-29,Photo
instagram,2026-04-29,Reel
instagram,2026-04-29,Photo
instagram,2026-04-29,Photo
instagram,2026-04-29,Photo
instagram,2026-04-28,Photo
instagram,2026-04-28,Photo
instagram,2026-04-28,Reel
instagram,2026-04-28,Reel
instagram,2026-04-28,Reel
instagram,2026-04-28,Reel
instagram,2026-04-28,Reel
instagram,2026-04-28,Photo
instagram,2026-04-28,Reel
instagram,2026-04-28,Photo
instagram,2026-04-28,Photo
instagram,2026-04-28,Carousel
instagram,2026-04-28,Photo
instagram,2026-04-28,Reel
instagram,2026-04-28,Photo
instagram,2026-04-28,Photo
instagram,2026-04-27,Photo
instagram,2026-04-27,Carousel
instagram,2026-04-27,Photo
instagram,2026-04-27,Photo
instagram,2026-04-27,Reel
instagram,2026-04-27,Reel
instagram,2026-04-27,Photo
instagram,2026-04-27,Reel
instagram,2026-04-27,Photo
instagram,2026-04-27,Photo
instagram,2026-04-27,Reel
instagram,2026-04-27,Reel
instagram,2026-04-26,Reel
instagram,2026-04-26,Reel
instagram,2026-04-26,Photo
instagram,2026-04-26,Photo
instagram,2026-04-26,Photo
instagram,2026-04-26,Photo
instagram,2026-04-26,Photo
instagram,2026-04-26,Photo
instagram,2026-04-26,Reel
instagram,2026-04-26,Photo
instagram,2026-04-26,Reel
instagram,2026-04-26,Carousel
instagram,2026-04-25,Photo
instagram,2026-04-25,Photo
instagram,2026-04-25,Photo
instagram,2026-04-25,Photo
instagram,2026-04-25,Reel
instagram,2026-04-25,Photo
instagram,2026-04-25,Photo
instagram,2026-04-25,Photo
instagram,2026-04-25,Carousel
instagram,2026-04-24,Photo
instagram,2026-04-24,Carousel
instagram,2026-04-24,Photo
instagram,2026-04-24,Reel
instagram,2026-04-24,Photo
instagram,2026-04-24,Reel
instagram,2026-04-24,Photo
instagram,2026-04-24,Photo
instagram,2026-04-23,Photo
instagram,2026-04-23,Reel
instagram,2026-04-23,Reel
instagram,2026-04-23,Photo
instagram,2026-04-23,Photo
instagram,2026-04-23,Reel
instagram,2026-04-23,Photo
instagram,2026-04-23,Photo
instagram,2026-04-23,Reel
instagram,2026-04-23,Reel
instagram,2026-04-23,Carousel
instagram,2026-04-22,Carousel
instagram,2026-04-22,Reel
instagram,2026-04-22,Carousel
instagram,2026-04-22,Photo
instagram,2026-04-22,Photo
instagram,2026-04-22,Photo
instagram,2026-04-22,Photo
instagram,2026-04-22,Reel
instagram,2026-04-22,Photo
instagram,2026-04-22,Photo
instagram,2026-04-22,Photo
instagram,2026-04-22,Photo
instagram,2026-04-22,Photo
instagram,2026-04-21,Photo
instagram,2026-04-21,Reel
instagram,2026-04-21,Reel
instagram,2026-04-21,Photo
instagram,2026-04-21,Photo
instagram,2026-04-21,Photo
instagram,2026-04-21,Reel
instagram,2026-04-21,Reel
instagram,2026-04-21,Carousel
instagram,2026-04-21,Reel
instagram,2026-04-21,Carousel
instagram,2026-04-21,Reel
instagram,2026-04-21,Reel
instagram,2026-04-21,Carousel
instagram,2026-04-21,Carousel
instagram,2026-04-20,Reel
instagram,2026-04-20,Reel
instagram,2026-04-20,Photo
instagram,2026-04-20,Photo
instagram,2026-04-20,Photo
instagram,2026-04-20,Photo
instagram,2026-04-20,Photo
instagram,2026-04-20,Photo
instagram,2026-04-20,Photo
instagram,2026-04-20,Photo
instagram,2026-04-20,Photo
instagram,2026-04-19,Carousel
instagram,2026-04-19,Reel
instagram,2026-04-19,Photo
instagram,2026-04-19,Photo
instagram,2026-04-19,Photo
instagram,2026-04-19,Photo
instagram,2026-04-19,Photo
instagram,2026-04-19,Photo
instagram,2026-04-18,Photo
instagram,2026-04-18,Reel
instagram,2026-04-18,Reel
instagram,2026-04-18,Photo
instagram,2026-04-18,Photo
instagram,2026-04-18,Photo
instagram,2026-04-18,Reel
instagram,2026-04-18,Reel
instagram,2026-04-18,Reel
instagram,2026-04-18,Photo
instagram,2026-04-18,Photo
instagram,2026-04-18,Photo
instagram,2026-04-17,Photo
instagram,2026-04-17,Carousel
instagram,2026-04-17,Carousel
instagram,2026-04-17,Photo
instagram,2026-04-17,Carousel
instagram,2026-04-17,Carousel
instagram,2026-04-17,Carousel
instagram,2026-04-16,Photo
instagram,2026-04-16,Reel
instagram,2026-04-16,Reel
instagram,2026-04-16,Carousel
instagram,2026-04-16,Photo
instagram,2026-04-16,Photo
instagram,2026-04-16,Carousel
instagram,2026-04-16,Photo
instagram,2026-04-16,Photo
instagram,2026-04-16,Reel
instagram,2026-04-16,Photo
instagram,2026-04-16,Photo
instagram,2026-04-16,Reel
instagram,2026-04-16,Photo
instagram,2026-04-16,Photo
instagram,2026-04-15,Reel
instagram,2026-04-15,Reel
instagram,2026-04-15,Reel
instagram,2026-04-15,Reel
instagram,2026-04-15,Reel
instagram,2026-04-15,Reel
instagram,2026-04-15,Reel
instagram,2026-04-15,Photo
instagram,2026-04-15,Photo
instagram,2026-04-15,Photo
instagram,2026-04-15,Reel
instagram,2026-04-15,Photo
instagram,2026-04-15,Photo
instagram,2026-04-15,Photo
instagram,2026-04-15,Photo
instagram,2026-04-14,Reel
instagram,2026-04-14,Photo
instagram,2026-04-14,Photo
instagram,2026-04-14,Reel
instagram,2026-04-14,Reel
instagram,2026-04-14,Reel
instagram,2026-04-14,Reel
instagram,2026-04-14,Reel
instagram,2026-04-14,Photo
instagram,2026-04-14,Photo
instagram,2026-04-14,Carousel
instagram,2026-04-14,Photo
instagram,2026-04-14,Photo
instagram,2026-04-14,Photo
instagram,2026-04-13,Reel
instagram,2026-04-13,Reel
instagram,2026-04-13,Carousel
instagram,2026-04-13,Photo
instagram,2026-04-13,Photo
instagram,2026-04-13,Carousel
instagram,2026-04-13,Carousel
instagram,2026-04-13,Reel
instagram,2026-04-13,Photo
instagram,2026-04-13,Photo
instagram,2026-04-12,Photo
instagram,2026-04-12,Photo
instagram,2026-04-12,Photo
instagram,2026-04-12,Photo
instagram,2026-04-12,Carousel
instagram,2026-04-12,Photo
instagram,2026-04-12,Photo
instagram,2026-04-12,Photo
instagram,2026-04-12,Photo
instagram,2026-04-12,Carousel
instagram,2026-04-12,Photo
instagram,2026-04-11,Photo
instagram,2026-04-11,Reel
instagram,2026-04-11,Photo
instagram,2026-04-11,Photo
instagram,2026-04-10,Reel
instagram,2026-04-10,Photo
instagram,2026-04-10,Photo
instagram,2026-04-10,Photo
instagram,2026-04-10,Photo
instagram,2026-04-10,Photo
instagram,2026-04-10,Reel
instagram,2026-04-10,Photo
instagram,2026-04-09,Photo
instagram,2026-04-09,Photo
instagram,2026-04-09,Photo
instagram,2026-04-09,Photo
instagram,2026-04-09,Reel
instagram,2026-04-09,Photo
instagram,2026-04-09,Photo
instagram,2026-04-09,Photo
instagram,2026-04-09,Carousel
instagram,2026-04-09,Reel
instagram,2026-04-09,Carousel
instagram,2026-04-08,Reel
instagram,2026-04-08,Photo
instagram,2026-04-08,Photo
instagram,2026-04-08,Photo
instagram,2026-04-08,Photo
instagram,2026-04-08,Reel
instagram,2026-04-08,Reel
instagram,2026-04-08,Photo
instagram,2026-04-08,Reel
instagram,2026-04-08,Photo
instagram,2026-04-08,Carousel
instagram,2026-04-08,Photo
instagram,2026-04-08,Photo
instagram,2026-04-08,Photo
instagram,2026-04-08,Photo
instagram,2026-04-08,Photo
instagram,2026-04-08,Photo
instagram,2026-04-07,Photo
instagram,2026-04-07,Photo
instagram,2026-04-07,Reel
instagram,2026-04-07,Photo
instagram,2026-04-07,Reel
instagram,2026-04-07,Carousel
instagram,2026-04-07,Photo
instagram,2026-04-07,Photo
instagram,2026-04-07,Photo
instagram,2026-04-07,Carousel
instagram,2026-04-07,Photo
instagram,2026-04-07,Photo
instagram,2026-04-07,Photo
instagram,2026-04-07,Reel
instagram,2026-04-07,Reel
instagram,2026-04-07,Reel
instagram,2026-04-07,Photo
instagram,2026-04-06,Photo
instagram,2026-04-06,Photo
instagram,2026-04-06,Reel
instagram,2026-04-06,Photo
instagram,2026-04-06,Photo
instagram,2026-04-06,Reel
instagram,2026-04-06,Photo
instagram,2026-04-06,Photo
instagram,2026-04-06,Reel
instagram,2026-04-06,Photo
instagram,2026-04-06,Photo
instagram,2026-04-06,Carousel
instagram,2026-04-06,Photo
instagram,2026-04-05,Reel
instagram,2026-04-05,Carousel
instagram,2026-04-05,Photo
instagram,2026-04-05,Photo
instagram,2026-04-05,Reel
instagram,2026-04-05,Reel
instagram,2026-04-05,Reel
instagram,2026-04-05,Reel
instagram,2026-04-05,Photo
instagram,2026-04-05,Reel
instagram,2026-04-05,Reel
instagram,2026-04-05,Reel
instagram,2026-04-05,Photo
instagram,2026-04-05,Carousel
instagram,2026-04-05,Reel
instagram,2026-04-05,Photo
instagram,2026-04-05,Reel
instagram,2026-04-05,Carousel
instagram,2026-04-05,Reel
instagram,2026-04-04,Photo
instagram,2026-04-04,Reel
instagram,2026-04-04,Reel
instagram,2026-04-04,Photo
instagram,2026-04-04,Photo
instagram,2026-04-04,Reel
instagram,2026-04-04,Reel
instagram,2026-04-04,Reel
instagram,2026-04-04,Photo
instagram,2026-04-04,Reel
instagram,2026-04-04,Photo
instagram,2026-04-03,Photo
instagram,2026-04-03,Reel
instagram,2026-04-03,Photo
instagram,2026-04-03,Photo
instagram,2026-04-03,Reel
instagram,2026-04-03,Photo
instagram,2026-04-03,Photo
instagram,2026-04-03,Reel
instagram,2026-04-03,Carousel
instagram,2026-04-03,Photo
instagram,2026-04-03,Carousel
instagram,2026-04-03,Photo
instagram,2026-04-02,Photo
instagram,2026-04-02,Photo
instagram,2026-04-02,Photo
instagram,2026-04-02,Photo
instagram,2026-04-02,Reel
instagram,2026-04-02,Photo
instagram,2026-04-02,Reel
instagram,2026-04-02,Reel
instagram,2026-04-02,Photo
instagram,2026-04-01,Photo
instagram,2026-04-01,Reel
instagram,2026-04-01,Photo
instagram,2026-04-01,Reel
instagram,2026-04-01,Reel
instagram,2026-04-01,Carousel
instagram,2026-04-01,Carousel
instagram,2026-04-01,Reel
instagram,2026-04-01,Reel
instagram,2026-04-01,Photo
instagram,2026-03-31,Photo
instagram,2026-03-31,Reel
instagram,2026-03-31,Photo
instagram,2026-03-31,Reel
instagram,2026-03-31,Reel
instagram,2026-03-31,Photo
instagram,2026-03-31,Reel
instagram,2026-03-31,Carousel
instagram,2026-03-31,Reel
instagram,2026-03-31,Photo
instagram,2026-03-31,Photo
instagram,2026-03-31,Photo
instagram,2026-03-31,Reel
instagram,2026-03-31,Reel
instagram,2026-03-31,Carousel
instagram,2026-03-30,Photo
instagram,2026-03-30,Reel
instagram,2026-03-30,Photo
instagram,2026-03-30,Reel
instagram,2026-03-30,Photo
instagram,2026-03-30,Photo
instagram,2026-03-30,Reel
instagram,2026-03-30,Reel
instagram,2026-03-30,Photo
instagram,2026-03-30,Photo
instagram,2026-03-30,Reel
instagram,2026-03-29,Reel
instagram,2026-03-29,Reel
instagram,2026-03-29,Photo
instagram,2026-03-29,Reel
instagram,2026-03-29,Reel
instagram,2026-03-29,Reel
instagram,2026-03-29,Carousel
instagram,2026-03-29,Reel
instagram,2026-03-29,Photo
instagram,2026-03-28,Reel
instagram,2026-03-28,Photo
instagram,2026-03-28,Reel
instagram,2026-03-28,Reel
instagram,2026-03-28,Reel
instagram,2026-03-28,Photo
instagram,2026-03-28,Reel
instagram,2026-03-28,Reel
instagram,2026-03-28,Reel
instagram,2026-03-28,Photo
instagram,2026-03-28,Reel
instagram,2026-03-28,Photo
instagram,2026-03-28,Photo
instagram,2026-03-28,Reel
instagram,2026-03-28,Photo
instagram,2026-03-28,Reel
instagram,2026-03-28,Reel
instagram,2026-03-27,Carousel
instagram,2026-03-27,Reel
instagram,2026-03-27,Carousel
instagram,2026-03-27,Carousel
instagram,2026-03-27,Photo
instagram,2026-03-27,Reel
instagram,2026-03-27,Reel
instagram,2026-03-27,Photo
instagram,2026-03-27,Photo
instagram,2026-03-26,Photo
instagram,2026-03-26,Photo
instagram,2026-03-26,Reel
instagram,2026-03-26,Reel
instagram,2026-03-26,Photo
instagram,2026-03-26,Photo
instagram,2026-03-26,Photo
instagram,2026-03-26,Reel
instagram,2026-03-26,Photo
instagram,2026-03-26,Carousel
instagram,2026-03-26,Photo
instagram,2026-03-26,Photo
instagram,2026-03-26,Photo
instagram,2026-03-25,Photo
instagram,2026-03-25,Reel
instagram,2026-03-25,Reel
instagram,2026-03-25,Reel
instagram,2026-03-25,Reel
instagram,2026-03-25,Reel
instagram,2026-03-25,Reel
instagram,2026-03-25,Photo
instagram,2026-03-25,Photo
instagram,2026-03-24,Photo
instagram,2026-03-24,Reel
instagram,2026-03-24,Reel
instagram,2026-03-24,Photo
instagram,2026-03-24,Reel
instagram,2026-03-24,Reel
instagram,2026-03-24,Photo
instagram,2026-03-24,Photo
instagram,2026-03-24,Reel
instagram,2026-03-24,Reel
instagram,2026-03-24,Photo
instagram,2026-03-24,Reel
instagram,2026-03-24,Photo
instagram,2026-03-23,Reel
instagram,2026-03-23,Photo
instagram,2026-03-23,Carousel
instagram,2026-03-23,Reel
instagram,2026-03-23,Reel
instagram,2026-03-23,Reel
instagram,2026-03-23,Photo
instagram,2026-03-23,Photo
instagram,2026-03-23,Photo
instagram,2026-03-23,Carousel
instagram,2026-03-23,Reel
instagram,2026-03-23,Photo
instagram,2026-03-22,Reel
instagram,2026-03-22,Photo
instagram,2026-03-22,Photo
instagram,2026-03-22,Reel
instagram,2026-03-22,Carousel
instagram,2026-03-22,Reel
instagram,2026-03-22,Reel
instagram,2026-03-22,Reel
instagram,2026-03-22,Reel
instagram,2026-03-22,Reel
instagram,2026-03-22,Photo
instagram,2026-03-22,Photo
instagram,2026-03-22,Photo
instagram,2026-03-22,Photo
instagram,2026-03-22,Reel
instagram,2026-03-21,Photo
instagram,2026-03-21,Reel
instagram,2026-03-21,Reel
instagram,2026-03-21,Reel
instagram,2026-03-21,Reel
instagram,2026-03-21,Reel
instagram,2026-03-21,Reel
instagram,2026-03-21,Reel
instagram,2026-03-21,Photo
instagram,2026-03-21,Reel
instagram,2026-03-21,Photo
instagram,2026-03-21,Photo
instagram,2026-03-20,Reel
instagram,2026-03-20,Reel
instagram,2026-03-20,Reel
instagram,2026-03-20,Reel
instagram,2026-03-20,Photo
instagram,2026-03-20,Reel
instagram,2026-03-20,Reel
instagram,2026-03-20,Photo
instagram,2026-03-20,Reel
instagram,2026-03-20,Reel
instagram,2026-03-20,Photo
instagram,2026-03-20,Carousel
instagram,2026-03-19,Photo
instagram,2026-03-19,Reel
instagram,2026-03-19,Photo
instagram,2026-03-19,Reel
instagram,2026-03-19,Reel
instagram,2026-03-19,Reel
instagram,2026-03-19,Photo
instagram,2026-03-19,Reel
instagram,2026-03-19,Reel
instagram,2026-03-19,Photo
instagram,2026-03-19,Photo
instagram,2026-03-19,Photo
instagram,2026-03-19,Reel
instagram,2026-03-19,Photo
instagram,2026-03-18,Reel
instagram,2026-03-18,Photo
instagram,2026-03-18,Reel
instagram,2026-03-18,Reel
instagram,2026-03-18,Photo
instagram,2026-03-18,Reel
instagram,2026-03-18,Photo
instagram,2026-03-18,Reel
instagram,2026-03-18,Reel
instagram,2026-03-18,Photo
instagram,2026-03-17,Reel
instagram,2026-03-17,Carousel
instagram,2026-03-17,Reel
instagram,2026-03-17,Reel
instagram,2026-03-17,Carousel
instagram,2026-03-17,Reel
instagram,2026-03-17,Photo
instagram,2026-03-17,Photo
instagram,2026-03-17,Reel
instagram,2026-03-17,Carousel
instagram,2026-03-17,Photo
instagram,2026-03-17,Photo
instagram,2026-03-17,Photo
instagram,2026-03-17,Reel
instagram,2026-03-16,Reel
instagram,2026-03-16,Reel
instagram,2026-03-16,Carousel
instagram,2026-03-16,Reel
instagram,2026-03-16,Carousel
instagram,2026-03-16,Reel
instagram,2026-03-16,Reel
instagram,2026-03-16,Photo
instagram,2026-03-16,Reel
instagram,2026-03-16,Carousel
instagram,2026-03-16,Reel
instagram,2026-03-16,Photo
instagram,2026-03-16,Reel
instagram,2026-03-16,Photo
instagram,2026-03-16,Photo
instagram,2026-03-16,Reel
instagram,2026-03-15,Reel
instagram,2026-03-15,Carousel
instagram,2026-03-15,Carousel
instagram,2026-03-15,Reel
instagram,2026-03-15,Photo
instagram,2026-03-15,Photo
instagram,2026-03-15,Reel
instagram,2026-03-15,Reel
instagram,2026-03-15,Reel
instagram,2026-03-15,Carousel
instagram,2026-03-15,Photo
instagram,2026-03-14,Photo
instagram,2026-03-14,Reel
instagram,2026-03-14,Photo
instagram,2026-03-14,Photo
instagram,2026-03-14,Carousel
instagram,2026-03-14,Photo
instagram,2026-03-14,Photo
instagram,2026-03-14,Reel
instagram,2026-03-14,Reel
instagram,2026-03-13,Reel
instagram,2026-03-13,Reel
instagram,2026-03-13,Reel
instagram,2026-03-13,Reel
instagram,2026-03-13,Reel
instagram,2026-03-13,Photo
instagram,2026-03-13,Reel
instagram,2026-03-13,Reel
instagram,2026-03-13,Reel
instagram,2026-03-13,Photo
instagram,2026-03-13,Reel
instagram,2026-03-13,Carousel
instagram,2026-03-13,Photo
instagram,2026-03-13,Reel
instagram,2026-03-12,Photo
instagram,2026-03-12,Reel
instagram,2026-03-12,Reel
instagram,2026-03-12,Reel
instagram,2026-03-12,Photo
instagram,2026-03-12,Photo
instagram,2026-03-12,Photo
instagram,2026-03-12,Photo
instagram,2026-03-12,Reel
instagram,2026-03-12,Reel
instagram,2026-03-12,Reel
instagram,2026-03-12,Reel
instagram,2026-03-12,Reel
instagram,2026-03-12,Photo
instagram,2026-03-12,Reel
instagram,2026-03-11,Photo
instagram,2026-03-11,Reel
instagram,2026-03-11,Carousel
instagram,2026-03-11,Reel
instagram,2026-03-11,Photo
instagram,2026-03-11,Reel
instagram,2026-03-11,Photo
instagram,2026-03-11,Reel
instagram,2026-03-11,Reel
instagram,2026-03-11,Reel
instagram,2026-03-11,Reel
instagram,2026-03-11,Photo
instagram,2026-03-11,Reel
instagram,2026-03-11,Photo
instagram,2026-03-11,Reel
instagram,2026-03-10,Reel
instagram,2026-03-10,Photo
instagram,2026-03-10,Carousel
instagram,2026-03-10,Reel
instagram,2026-03-10,Reel
instagram,2026-03-10,Reel
instagram,2026-03-10,Reel
instagram,2026-03-10,Reel
instagram,2026-03-10,Photo
instagram,2026-03-10,Photo
instagram,2026-03-10,Photo
instagram,2026-03-10,Reel
instagram,2026-03-10,Photo
instagram,2026-03-10,Photo
instagram,2026-03-10,Reel
instagram,2026-03-09,Reel
instagram,2026-03-09,Reel
instagram,2026-03-09,Reel
instagram,2026-03-09,Photo
instagram,2026-03-09,Reel
instagram,2026-03-09,Reel
instagram,2026-03-09,Photo
instagram,2026-03-09,Photo
instagram,2026-03-09,Reel
instagram,2026-03-09,Photo
instagram,2026-03-09,Photo
instagram,2026-03-09,Reel
instagram,2026-03-09,Reel
instagram,2026-03-09,Photo
instagram,2026-03-09,Reel
instagram,2026-03-09,Reel
instagram,2026-03-09,Photo
instagram,2026-03-09,Reel
instagram,2026-03-08,Reel
instagram,2026-03-08,Photo
instagram,2026-03-08,Photo
instagram,2026-03-08,Photo
instagram,2026-03-08,Reel
instagram,2026-03-08,Carousel
instagram,2026-03-08,Photo
instagram,2026-03-08,Photo
instagram,2026-03-08,Photo
instagram,2026-03-08,Photo
instagram,2026-03-08,Reel
instagram,2026-03-08,Carousel
instagram,2026-03-08,Photo
instagram,2026-03-07,Reel
instagram,2026-03-07,Reel
instagram,2026-03-07,Photo
instagram,2026-03-07,Reel
instagram,2026-03-07,Photo
instagram,2026-03-07,Reel
instagram,2026-03-07,Photo
instagram,2026-03-07,Photo
instagram,2026-03-07,Reel
instagram,2026-03-07,Carousel
instagram,2026-03-07,Photo
instagram,2026-03-07,Photo
instagram,2026-03-07,Reel
instagram,2026-03-07,Reel
instagram,2026-03-07,Photo
instagram,2026-03-06,Photo
instagram,2026-03-06,Carousel
instagram,2026-03-06,Reel
instagram,2026-03-06,Photo
instagram,2026-03-06,Photo
instagram,2026-03-06,Reel
instagram,2026-03-06,Reel
instagram,2026-03-06,Carousel
instagram,2026-03-06,Reel
instagram,2026-03-05,Reel
instagram,2026-03-05,Photo
instagram,2026-03-05,Reel
instagram,2026-03-05,Reel
instagram,2026-03-05,Reel
instagram,2026-03-05,Reel
instagram,2026-03-05,Photo
instagram,2026-03-05,Photo
instagram,2026-03-05,Reel
instagram,2026-03-05,Reel
instagram,2026-03-04,Photo
instagram,2026-03-04,Reel
instagram,2026-03-04,Reel
instagram,2026-03-04,Reel
instagram,2026-03-04,Reel
instagram,2026-03-04,Photo
instagram,2026-03-04,Photo
instagram,2026-03-04,Photo
instagram,2026-03-04,Reel
instagram,2026-03-04,Reel
instagram,2026-03-04,Reel
instagram,2026-03-04,Reel
instagram,2026-03-04,Photo
instagram,2026-03-04,Photo
instagram,2026-03-04,Reel
instagram,2026-03-03,Photo
instagram,2026-03-03,Reel
instagram,2026-03-03,Reel
instagram,2026-03-03,Photo
instagram,2026-03-03,Reel
instagram,2026-03-03,Reel
instagram,2026-03-03,Reel
instagram,2026-03-03,Reel
instagram,2026-03-03,Reel
instagram,2026-03-03,Reel
instagram,2026-03-03,Carousel
instagram,2026-03-03,Photo
instagram,2026-03-03,Photo
instagram,2026-03-03,Photo
instagram,2026-03-03,Photo
instagram,2026-03-03,Reel
instagram,2026-03-02,Reel
instagram,2026-03-02,Reel
instagram,2026-03-02,Photo
instagram,2026-03-02,Photo
instagram,2026-03-02,Reel
instagram,2026-03-02,Reel
instagram,2026-03-02,Reel
instagram,2026-03-02,Photo
instagram,2026-03-02,Photo
instagram,2026-03-02,Reel
instagram,2026-03-02,Photo
instagram,2026-03-02,Reel
instagram,2026-03-02,Carousel
instagram,2026-03-02,Reel
instagram,2026-03-02,Photo
instagram,2026-03-02,Reel
instagram,2026-03-02,Photo
instagram,2026-03-02,Reel
instagram,2026-03-02,Reel
instagram,2026-03-02,Photo
instagram,2026-03-02,Photo
instagram,2026-03-02,Reel
instagram,2026-03-02,Photo
instagram,2026-03-02,Photo
instagram,2026-03-02,Reel
instagram,2026-03-02,Photo
instagram,2026-03-02,Photo
instagram,2026-03-01,Reel
instagram,2026-03-01,Reel
instagram,2026-03-01,Photo
instagram,2026-03-01,Photo
instagram,2026-03-01,Carousel
instagram,2026-03-01,Reel
instagram,2026-03-01,Carousel
instagram,2026-03-01,Photo
instagram,2026-03-01,Reel
instagram,2026-03-01,Photo
instagram,2026-03-01,Photo
instagram,2026-03-01,Photo
instagram,2026-03-01,Reel
instagram,2026-03-01,Reel
instagram,2026-03-01,Reel
instagram,2026-03-01,Reel
instagram,2026-03-01,Photo
instagram,2026-03-01,Photo
instagram,2026-03-01,Photo
instagram,2026-03-01,Reel
instagram,2026-03-01,Photo
instagram,2026-03-01,Reel
instagram,2026-03-01,Reel
instagram,2026-03-01,Photo
instagram,2026-03-01,Reel
instagram,2026-03-01,Photo
instagram,2026-02-28,Photo
instagram,2026-02-28,Reel
instagram,2026-02-28,Photo
instagram,2026-02-28,Reel
instagram,2026-02-28,Reel
instagram,2026-02-28,Photo
instagram,2026-02-28,Reel
instagram,2026-02-28,Photo
instagram,2026-02-28,Photo
instagram,2026-02-28,Reel
instagram,2026-02-28,Photo
instagram,2026-02-28,Reel
instagram,2026-02-28,Reel
instagram,2026-02-28,Reel
instagram,2026-02-28,Photo
instagram,2026-02-28,Reel
instagram,2026-02-28,Reel
instagram,2026-02-28,Photo
instagram,2026-02-28,Carousel
instagram,2026-02-28,Reel
instagram,2026-02-28,Reel
instagram,2026-02-28,Photo
instagram,2026-02-28,Photo
instagram,2026-02-28,Photo
instagram,2026-02-28,Reel
instagram,2026-02-28,Carousel
instagram,2026-02-28,Photo
instagram,2026-02-28,Photo
instagram,2026-02-28,Reel
instagram,2026-02-28,Photo
instagram,2026-02-27,Photo
instagram,2026-02-27,Reel
instagram,2026-02-27,Reel
instagram,2026-02-27,Reel
instagram,2026-02-27,Photo
instagram,2026-02-27,Reel
instagram,2026-02-27,Reel
instagram,2026-02-27,Reel
instagram,2026-02-26,Reel
instagram,2026-02-26,Reel
instagram,2026-02-26,Reel
instagram,2026-02-26,Photo
instagram,2026-02-26,Photo
instagram,2026-02-26,Photo
instagram,2026-02-26,Carousel
instagram,2026-02-26,Reel
instagram,2026-02-26,Carousel
instagram,2026-02-26,Photo
instagram,2026-02-25,Carousel
instagram,2026-02-25,Reel
instagram,2026-02-25,Carousel
instagram,2026-02-25,Photo
instagram,2026-02-25,Photo
instagram,2026-02-25,Photo
instagram,2026-02-25,Reel
instagram,2026-02-25,Reel
instagram,2026-02-25,Reel
instagram,2026-02-25,Photo
instagram,2026-02-25,Reel
instagram,2026-02-25,Photo
instagram,2026-02-25,Photo
instagram,2026-02-25,Reel
instagram,2026-02-25,Reel
instagram,2026-02-25,Photo
instagram,2026-02-25,Photo
instagram,2026-02-24,Photo
instagram,2026-02-24,Reel
instagram,2026-02-24,Reel
instagram,2026-02-24,Reel
instagram,2026-02-24,Reel
instagram,2026-02-24,Reel
instagram,2026-02-24,Photo
instagram,2026-02-23,Photo
instagram,2026-02-23,Carousel
instagram,2026-02-23,Reel
instagram,2026-02-23,Reel
instagram,2026-02-23,Reel
instagram,2026-02-23,Photo
instagram,2026-02-23,Reel
instagram,2026-02-23,Reel
instagram,2026-02-23,Reel
instagram,2026-02-23,Photo
instagram,2026-02-23,Carousel
instagram,2026-02-22,Photo
instagram,2026-02-22,Reel
instagram,2026-02-22,Photo
instagram,2026-02-22,Carousel
instagram,2026-02-22,Photo
instagram,2026-02-22,Reel
instagram,2026-02-22,Photo
instagram,2026-02-22,Reel
instagram,2026-02-22,Photo
instagram,2026-02-22,Photo
instagram,2026-02-22,Photo
instagram,2026-02-22,Reel
instagram,2026-02-21,Reel
instagram,2026-02-21,Carousel
instagram,2026-02-21,Carousel
instagram,2026-02-21,Photo
instagram,2026-02-21,Reel
instagram,2026-02-20,Reel
instagram,2026-02-20,Reel
instagram,2026-02-20,Photo
instagram,2026-02-20,Photo
instagram,2026-02-20,Photo
instagram,2026-02-20,Reel
instagram,2026-02-20,Photo
instagram,2026-02-20,Reel
instagram,2026-02-20,Reel
instagram,2026-02-20,Photo
instagram,2026-02-20,Photo
instagram,2026-02-19,Reel
instagram,2026-02-19,Photo
instagram,2026-02-19,Photo
instagram,2026-02-19,Photo
instagram,2026-02-19,Reel
instagram,2026-02-19,Reel
instagram,2026-02-19,Reel
instagram,2026-02-19,Photo
instagram,2026-02-19,Photo
instagram,2026-02-19,Photo
instagram,2026-02-18,Reel
instagram,2026-02-18,Reel
instagram,2026-02-18,Carousel
instagram,2026-02-18,Reel
instagram,2026-02-18,Reel
instagram,2026-02-18,Reel
instagram,2026-02-18,Photo
instagram,2026-02-18,Reel
instagram,2026-02-18,Reel
instagram,2026-02-18,Photo
instagram,2026-02-18,Reel
instagram,2026-02-18,Photo
instagram,2026-02-18,Reel
instagram,2026-02-18,Reel
instagram,2026-02-18,Photo
instagram,2026-02-18,Carousel
instagram,2026-02-17,Photo
instagram,2026-02-17,Photo
instagram,2026-02-17,Reel
instagram,2026-02-17,Carousel
instagram,2026-02-17,Reel
instagram,2026-02-17,Photo
instagram,2026-02-17,Reel
instagram,2026-02-17,Photo
instagram,2026-02-17,Photo
instagram,2026-02-17,Reel
instagram,2026-02-17,Reel
instagram,2026-02-17,Photo
instagram,2026-02-17,Photo
instagram,2026-02-16,Photo
instagram,2026-02-16,Photo
instagram,2026-02-16,Photo
instagram,2026-02-16,Photo
instagram,2026-02-16,Reel
instagram,2026-02-16,Photo
instagram,2026-02-16,Photo
instagram,2026-02-16,Photo
instagram,2026-02-16,Photo
instagram,2026-02-16,Reel
instagram,2026-02-16,Photo
instagram,2026-02-16,Reel
instagram,2026-02-15,Reel
instagram,2026-02-15,Reel
instagram,2026-02-15,Photo
instagram,2026-02-15,Carousel
instagram,2026-02-15,Reel
instagram,2026-02-15,Photo
instagram,2026-02-15,Photo
instagram,2026-02-15,Reel
instagram,2026-02-15,Photo
instagram,2026-02-15,Photo
instagram,2026-02-15,Photo
instagram,2026-02-14,Reel
instagram,2026-02-14,Reel
instagram,2026-02-14,Photo
instagram,2026-02-14,Photo
instagram,2026-02-14,Photo
instagram,2026-02-14,Photo
instagram,2026-02-14,Photo
instagram,2026-02-14,Photo
instagram,2026-02-14,Reel
instagram,2026-02-14,Reel
instagram,2026-02-14,Carousel
instagram,2026-02-13,Reel
instagram,2026-02-13,Carousel
instagram,2026-02-13,Photo
instagram,2026-02-13,Photo
instagram,2026-02-13,Reel
instagram,2026-02-13,Photo
instagram,2026-02-13,Photo
instagram,2026-02-12,Reel
instagram,2026-02-12,Reel
instagram,2026-02-12,Reel
instagram,2026-02-12,Photo
instagram,2026-02-12,Reel
instagram,2026-02-12,Photo
instagram,2026-02-12,Reel
instagram,2026-02-12,Reel
instagram,2026-02-12,Reel
instagram,2026-02-12,Photo
instagram,2026-02-12,Reel
instagram,2026-02-12,Photo
instagram,2026-02-12,Photo
instagram,2026-02-12,Photo
instagram,2026-02-11,Photo
instagram,2026-02-11,Reel
instagram,2026-02-11,Photo
instagram,2026-02-11,Reel
instagram,2026-02-11,Reel
instagram,2026-02-11,Photo
instagram,2026-02-11,Reel
instagram,2026-02-11,Reel
instagram,2026-02-11,Reel
instagram,2026-02-11,Reel
instagram,2026-02-11,Carousel
instagram,2026-02-11,Carousel
instagram,2026-02-11,Photo
instagram,2026-02-11,Photo
instagram,2026-02-11,Photo
instagram,2026-02-11,Photo
instagram,2026-02-10,Reel
instagram,2026-02-10,Carousel
instagram,2026-02-10,Photo
instagram,2026-02-10,Photo
instagram,2026-02-10,Photo
instagram,2026-02-10,Reel
instagram,2026-02-10,Carousel
instagram,2026-02-10,Photo
instagram,2026-02-10,Reel
instagram,2026-02-10,Reel
instagram,2026-02-09,Reel
instagram,2026-02-09,Reel
instagram,2026-02-09,Reel
instagram,2026-02-09,Reel
instagram,2026-02-09,Photo
instagram,2026-02-09,Reel
instagram,2026-02-09,Carousel
instagram,2026-02-08,Reel
instagram,2026-02-08,Reel
instagram,2026-02-08,Reel
instagram,2026-02-08,Photo
instagram,2026-02-08,Photo
instagram,2026-02-08,Carousel
instagram,2026-02-08,Photo
instagram,2026-02-08,Photo
instagram,2026-02-08,Photo
instagram,2026-02-08,Photo
instagram,2026-02-08,Photo
instagram,2026-02-08,Photo
instagram,2026-02-07,Photo
instagram,2026-02-07,Photo
instagram,2026-02-07,Reel
instagram,2026-02-07,Photo
instagram,2026-02-07,Reel
instagram,2026-02-07,Reel
instagram,2026-02-07,Photo
instagram,2026-02-06,Reel
instagram,2026-02-06,Reel
instagram,2026-02-06,Photo
instagram,2026-02-06,Reel
instagram,2026-02-06,Reel
instagram,2026-02-06,Photo
instagram,2026-02-06,Carousel
instagram,2026-02-05,Photo
instagram,2026-02-05,Reel
instagram,2026-02-05,Photo
instagram,2026-02-05,Carousel
instagram,2026-02-05,Photo
instagram,2026-02-05,Photo
instagram,2026-02-05,Carousel
instagram,2026-02-04,Photo
instagram,2026-02-04,Photo
instagram,2026-02-04,Photo
instagram,2026-02-04,Photo
instagram,2026-02-04,Photo
instagram,2026-02-04,Carousel
instagram,2026-02-04,Carousel
instagram,2026-02-04,Photo
instagram,2026-02-04,Photo
instagram,2026-02-04,Reel
instagram,2026-02-04,Photo
instagram,2026-02-04,Photo
instagram,2026-02-03,Photo
instagram,2026-02-03,Photo
instagram,2026-02-03,Photo
instagram,2026-02-03,Carousel
instagram,2026-02-03,Reel
instagram,2026-02-03,Reel
instagram,2026-02-03,Reel
instagram,2026-02-03,Reel
instagram,2026-02-03,Photo
instagram,2026-02-03,Reel
instagram,2026-02-03,Photo
instagram,2026-02-03,Photo
instagram,2026-02-03,Reel
instagram,2026-02-03,Photo
instagram,2026-02-03,Photo
instagram,2026-02-03,Carousel
instagram,2026-02-03,Carousel
instagram,2026-02-02,Photo
instagram,2026-02-02,Photo
instagram,2026-02-02,Carousel
instagram,2026-02-02,Reel
instagram,2026-02-02,Reel
instagram,2026-02-02,Photo
instagram,2026-02-02,Photo
instagram,2026-02-01,Reel
instagram,2026-02-01,Photo
instagram,2026-02-01,Photo
instagram,2026-02-01,Reel
instagram,2026-02-01,Carousel
instagram,2026-02-01,Photo
instagram,2026-02-01,Photo
instagram,2026-02-01,Photo
instagram,2026-02-01,Photo
instagram,2026-02-01,Photo
instagram,2026-02-01,Photo
instagram,2026-01-31,Photo
instagram,2026-01-31,Reel
instagram,2026-01-31,Carousel
instagram,2026-01-31,Reel
instagram,2026-01-31,Carousel
instagram,2026-01-31,Reel
instagram,2026-01-31,Reel
instagram,2026-01-31,Reel
instagram,2026-01-30,Photo
instagram,2026-01-30,Reel
instagram,2026-01-30,Reel
instagram,2026-01-30,Photo
instagram,2026-01-30,Photo
instagram,2026-01-30,Photo
instagram,2026-01-30,Carousel
instagram,2026-01-29,Reel
instagram,2026-01-29,Reel
instagram,2026-01-29,Photo
instagram,2026-01-29,Reel
instagram,2026-01-29,Photo
instagram,2026-01-29,Photo
instagram,2026-01-29,Reel
instagram,2026-01-29,Reel
instagram,2026-01-29,Reel
instagram,2026-01-29,Reel
instagram,2026-01-29,Reel
instagram,2026-01-29,Carousel
instagram,2026-01-28,Reel
instagram,2026-01-28,Carousel
instagram,2026-01-28,Reel
instagram,2026-01-28,Photo
instagram,2026-01-28,Reel
instagram,2026-01-28,Reel
instagram,2026-01-28,Reel
instagram,2026-01-28,Reel
instagram,2026-01-28,Photo
instagram,2026-01-28,Reel
instagram,2026-01-28,Reel
instagram,2026-01-28,Carousel
instagram,2026-01-28,Reel
instagram,2026-01-28,Reel
instagram,2026-01-28,Reel
instagram,2026-01-28,Reel
instagram,2026-01-28,Reel
instagram,2026-01-27,Photo
instagram,2026-01-27,Photo
instagram,2026-01-27,Reel
instagram,2026-01-27,Photo
instagram,2026-01-27,Carousel
instagram,2026-01-27,Photo
instagram,2026-01-27,Reel
instagram,2026-01-27,Photo
instagram,2026-01-26,Reel
instagram,2026-01-26,Photo
instagram,2026-01-26,Reel
instagram,2026-01-26,Reel
instagram,2026-01-26,Reel
instagram,2026-01-26,Reel
instagram,2026-01-26,Carousel
instagram,2026-01-26,Reel
instagram,2026-01-26,Photo
instagram,2026-01-26,Photo
instagram,2026-01-26,Photo
instagram,2026-01-26,Photo
instagram,2026-01-26,Reel
instagram,2026-01-26,Photo
instagram,2026-01-26,Photo
instagram,2026-01-26,Photo
instagram,2026-01-25,Reel
instagram,2026-01-25,Photo
instagram,2026-01-25,Carousel
instagram,2026-01-25,Photo
instagram,2026-01-25,Carousel
instagram,2026-01-25,Photo
instagram,2026-01-25,Reel
instagram,2026-01-24,Carousel
instagram,2026-01-24,Photo
instagram,2026-01-24,Photo
instagram,2026-01-24,Photo
instagram,2026-01-24,Photo
instagram,2026-01-24,Reel
instagram,2026-01-24,Photo
instagram,2026-01-23,Photo
instagram,2026-01-23,Reel
instagram,2026-01-23,Photo
instagram,2026-01-23,Reel
instagram,2026-01-23,Carousel
instagram,2026-01-22,Reel
instagram,2026-01-22,Carousel
instagram,2026-01-22,Reel
instagram,2026-01-22,Photo
instagram,2026-01-22,Photo
instagram,2026-01-22,Reel
instagram,2026-01-22,Reel
instagram,2026-01-22,Photo
instagram,2026-01-22,Photo
instagram,2026-01-22,Carousel
instagram,2026-01-22,Reel
instagram,2026-01-21,Carousel
instagram,2026-01-21,Reel
instagram,2026-01-21,Reel
instagram,2026-01-21,Carousel
instagram,2026-01-21,Photo
instagram,2026-01-21,Reel
instagram,2026-01-21,Reel
instagram,2026-01-21,Reel
instagram,2026-01-21,Photo
instagram,2026-01-21,Reel
instagram,2026-01-21,Photo
instagram,2026-01-21,Reel
instagram,2026-01-21,Carousel
instagram,2026-01-21,Photo
instagram,2026-01-20,Photo
instagram,2026-01-20,Carousel
instagram,2026-01-20,Photo
instagram,2026-01-20,Carousel
instagram,2026-01-20,Reel
instagram,2026-01-20,Carousel
instagram,2026-01-20,Photo
instagram,2026-01-20,Reel
instagram,2026-01-20,Photo
instagram,2026-01-20,Carousel
instagram,2026-01-20,Reel
instagram,2026-01-20,Carousel
instagram,2026-01-20,Carousel
instagram,2026-01-19,Reel
instagram,2026-01-19,Photo
instagram,2026-01-19,Carousel
instagram,2026-01-19,Reel
instagram,2026-01-19,Photo
instagram,2026-01-19,Photo
instagram,2026-01-19,Photo
instagram,2026-01-19,Photo
instagram,2026-01-19,Photo
instagram,2026-01-19,Reel
instagram,2026-01-18,Reel
instagram,2026-01-18,Carousel
instagram,2026-01-18,Photo
instagram,2026-01-18,Photo
instagram,2026-01-18,Reel
instagram,2026-01-18,Reel
instagram,2026-01-18,Photo
instagram,2026-01-18,Carousel
instagram,2026-01-17,Photo
instagram,2026-01-17,Reel
instagram,2026-01-17,Photo
instagram,2026-01-17,Photo
instagram,2026-01-17,Reel
instagram,2026-01-16,Photo
instagram,2026-01-16,Photo
instagram,2026-01-16,Reel
instagram,2026-01-16,Photo
instagram,2026-01-16,Carousel
instagram,2026-01-16,Photo
instagram,2026-01-16,Carousel
instagram,2026-01-16,Reel
instagram,2026-01-16,Photo
instagram,2026-01-16,Reel
instagram,2026-01-16,Photo
instagram,2026-01-15,Carousel
instagram,2026-01-15,Reel
instagram,2026-01-15,Reel
instagram,2026-01-15,Photo
instagram,2026-01-15,Carousel
instagram,2026-01-15,Photo
instagram,2026-01-15,Reel
instagram,2026-01-15,Carousel
instagram,2026-01-15,Reel
instagram,2026-01-15,Photo
instagram,2026-01-15,Photo
instagram,2026-01-15,Reel
instagram,2026-01-15,Carousel
instagram,2026-01-14,Photo
instagram,2026-01-14,Photo
instagram,2026-01-14,Reel
instagram,2026-01-14,Photo
instagram,2026-01-14,Reel
instagram,2026-01-14,Photo
instagram,2026-01-14,Reel
instagram,2026-01-14,Photo
instagram,2026-01-14,Carousel
instagram,2026-01-13,Reel
instagram,2026-01-13,Carousel
instagram,2026-01-13,Photo
instagram,2026-01-13,Reel
instagram,2026-01-13,Reel
instagram,2026-01-13,Reel
instagram,2026-01-13,Photo
instagram,2026-01-13,Carousel
instagram,2026-01-12,Carousel
instagram,2026-01-12,Photo
instagram,2026-01-12,Photo
instagram,2026-01-12,Reel
instagram,2026-01-12,Photo
instagram,2026-01-12,Photo
instagram,2026-01-12,Reel
instagram,2026-01-12,Photo
instagram,2026-01-12,Photo
instagram,2026-01-11,Reel
instagram,2026-01-11,Carousel
instagram,2026-01-11,Reel
instagram,2026-01-11,Photo
instagram,2026-01-11,Reel
instagram,2026-01-11,Photo
instagram,2026-01-11,Photo
instagram,2026-01-11,Photo
instagram,2026-01-11,Photo
instagram,2026-01-10,Photo
instagram,2026-01-10,Reel
instagram,2026-01-10,Carousel
instagram,2026-01-10,Photo
instagram,2026-01-10,Photo
instagram,2026-01-10,Reel
instagram,2026-01-10,Carousel
instagram,2026-01-09,Reel
instagram,2026-01-09,Reel
instagram,2026-01-09,Reel
instagram,2026-01-09,Carousel
instagram,2026-01-09,Photo
instagram,2026-01-09,Reel
instagram,2026-01-09,Photo
instagram,2026-01-09,Photo
instagram,2026-01-09,Carousel
instagram,2026-01-08,Photo
instagram,2026-01-08,Reel
instagram,2026-01-08,Reel
instagram,2026-01-08,Carousel
instagram,2026-01-08,Carousel
instagram,2026-01-08,Reel
instagram,2026-01-08,Reel
instagram,2026-01-08,Reel
instagram,2026-01-08,Photo
instagram,2026-01-08,Photo
instagram,2026-01-07,Photo
instagram,2026-01-07,Carousel
instagram,2026-01-07,Photo
instagram,2026-01-07,Reel
instagram,2026-01-07,Photo
instagram,2026-01-07,Photo
instagram,2026-01-07,Photo
instagram,2026-01-07,Photo
instagram,2026-01-07,Reel
instagram,2026-01-07,Reel
instagram,2026-01-06,Reel
instagram,2026-01-06,Reel
instagram,2026-01-06,Carousel
instagram,2026-01-06,Reel
instagram,2026-01-06,Carousel
instagram,2026-01-06,Reel
instagram,2026-01-06,Reel
instagram,2026-01-06,Photo
instagram,2026-01-05,Photo
instagram,2026-01-05,Photo
instagram,2026-01-05,Carousel
instagram,2026-01-05,Photo
instagram,2026-01-05,Reel
instagram,2026-01-05,Photo
instagram,2026-01-05,Photo
instagram,2026-01-04,Reel
instagram,2026-01-04,Photo
instagram,2026-01-04,Photo
instagram,2026-01-04,Photo
instagram,2026-01-04,Reel
instagram,2026-01-04,Carousel
instagram,2026-01-04,Reel
instagram,2026-01-04,Photo
instagram,2026-01-04,Reel
instagram,2026-01-04,Photo
instagram,2026-01-04,Carousel
instagram,2026-01-04,Photo
instagram,2026-01-04,Photo
instagram,2026-01-04,Reel
instagram,2026-01-03,Photo
instagram,2026-01-03,Photo
instagram,2026-01-03,Carousel
instagram,2026-01-03,Photo
instagram,2026-01-03,Photo
instagram,2026-01-03,Carousel
instagram,2026-01-03,Photo
instagram,2026-01-03,Reel
instagram,2026-01-02,Reel
instagram,2026-01-02,Reel
instagram,2026-01-02,Photo
instagram,2026-01-02,Reel
instagram,2026-01-02,Reel
instagram,2026-01-02,Reel
instagram,2026-01-02,Photo
instagram,2026-01-02,Carousel
instagram,2026-01-02,Reel
instagram,2026-01-02,Reel
instagram,2026-01-01,Reel
instagram,2026-01-01,Reel
instagram,2026-01-01,Carousel
instagram,2026-01-01,Carousel
instagram,2026-01-01,Reel
instagram,2026-01-01,Reel
instagram,2026-01-01,Reel
instagram,2026-01-01,Photo
instagram,2026-01-01,Reel
instagram,2026-01-01,Photo
instagram,2026-01-01,Carousel
instagram,2026-01-01,Reel
instagram,2025-12-31,Reel
instagram,2025-12-31,Photo
instagram,2025-12-31,Carousel
instagram,2025-12-31,Reel
instagram,2025-12-31,Reel
instagram,2025-12-31,Reel
instagram,2025-12-31,Reel
instagram,2025-12-30,Photo
instagram,2025-12-30,Carousel
instagram,2025-12-30,Reel
instagram,2025-12-30,Photo
instagram,2025-12-30,Photo
instagram,2025-12-29,Photo
instagram,2025-12-29,Photo
instagram,2025-12-29,Carousel
instagram,2025-12-29,Carousel
instagram,2025-12-29,Photo
instagram,2025-12-29,Reel
instagram,2025-12-29,Reel
instagram,2025-12-29,Photo
instagram,2025-12-29,Photo
instagram,2025-12-29,Photo
instagram,2025-12-29,Photo
instagram,2025-12-29,Reel
instagram,2025-12-29,Photo
instagram,2025-12-29,Reel
instagram,2025-12-28,Reel
instagram,2025-12-28,Reel
instagram,2025-12-28,Photo
instagram,2025-12-28,Reel
instagram,2025-12-28,Reel
instagram,2025-12-28,Reel
instagram,2025-12-28,Photo
instagram,2025-12-28,Photo
instagram,2025-12-28,Reel
instagram,2025-12-27,Photo
instagram,2025-12-27,Photo
instagram,2025-12-27,Carousel
instagram,2025-12-27,Carousel
instagram,2025-12-26,Reel
instagram,2025-12-26,Reel
instagram,2025-12-26,Reel
instagram,2025-12-26,Photo
instagram,2025-12-26,Photo
instagram,2025-12-26,Reel
instagram,2025-12-26,Photo
instagram,2025-12-26,Carousel
instagram,2025-12-25,Reel
instagram,2025-12-25,Reel
instagram,2025-12-25,Carousel
instagram,2025-12-25,Photo
instagram,2025-12-25,Reel
instagram,2025-12-25,Carousel
instagram,2025-12-25,Reel
instagram,2025-12-25,Reel
instagram,2025-12-25,Photo
instagram,2025-12-25,Carousel
instagram,2025-12-25,Photo
instagram,2025-12-25,Reel
instagram,2025-12-25,Photo
instagram,2025-12-25,Photo
instagram,2025-12-24,Reel
instagram,2025-12-24,Photo
instagram,2025-12-24,Reel
instagram,2025-12-24,Photo
instagram,2025-12-24,Carousel
instagram,2025-12-24,Photo
instagram,2025-12-24,Photo
instagram,2025-12-24,Photo
instagram,2025-12-23,Photo
instagram,2025-12-23,Carousel
instagram,2025-12-23,Reel
instagram,2025-12-23,Photo
instagram,2025-12-23,Reel
instagram,2025-12-23,Reel
instagram,2025-12-23,Photo
instagram,2025-12-23,Reel
instagram,2025-12-23,Photo
instagram,2025-12-22,Photo
instagram,2025-12-22,Reel
instagram,2025-12-22,Photo
instagram,2025-12-22,Carousel
instagram,2025-12-21,Reel
instagram,2025-12-21,Reel
instagram,2025-12-21,Carousel
instagram,2025-12-21,Reel
instagram,2025-12-21,Reel
instagram,2025-12-21,Photo
instagram,2025-12-21,Reel
instagram,2025-12-21,Photo
instagram,2025-12-20,Reel
instagram,2025-12-20,Reel
instagram,2025-12-20,Reel
instagram,2025-12-20,Carousel
instagram,2025-12-20,Carousel
instagram,2025-12-20,Reel
instagram,2025-12-20,Photo
instagram,2025-12-20,Photo
instagram,2025-12-20,Photo
instagram,2025-12-20,Reel
instagram,2025-12-20,Photo
instagram,2025-12-19,Carousel
instagram,2025-12-19,Photo
instagram,2025-12-19,Photo
instagram,2025-12-19,Photo
instagram,2025-12-19,Reel
instagram,2025-12-19,Reel
instagram,2025-12-18,Photo
instagram,2025-12-18,Reel
instagram,2025-12-18,Photo
instagram,2025-12-18,Reel
instagram,2025-12-18,Reel
instagram,2025-12-18,Photo
instagram,2025-12-18,Reel
instagram,2025-12-18,Reel
instagram,2025-12-18,Reel
instagram,2025-12-18,Reel
instagram,2025-12-18,Photo
instagram,2025-12-18,Reel
instagram,2025-12-18,Photo
instagram,2025-12-17,Photo
instagram,2025-12-17,Photo
instagram,2025-12-17,Photo
instagram,2025-12-17,Photo
instagram,2025-12-17,Photo
instagram,2025-12-17,Photo
instagram,2025-12-16,Photo
instagram,2025-12-16,Reel
instagram,2025-12-16,Reel
instagram,2025-12-16,Reel
instagram,2025-12-16,Reel
instagram,2025-12-16,Reel
instagram,2025-12-16,Carousel
instagram,2025-12-16,Reel
instagram,2025-12-16,Reel
instagram,2025-12-16,Carousel
instagram,2025-12-15,Carousel
instagram,2025-12-15,Photo
instagram,2025-12-15,Carousel
instagram,2025-12-15,Photo
instagram,2025-12-15,Carousel
instagram,2025-12-15,Reel
instagram,2025-12-15,Carousel
instagram,2025-12-15,Photo
instagram,2025-12-15,Photo
instagram,2025-12-14,Reel
instagram,2025-12-14,Photo
instagram,2025-12-14,Photo
instagram,2025-12-14,Photo
instagram,2025-12-14,Reel
instagram,2025-12-14,Carousel
instagram,2025-12-14,Photo
instagram,2025-12-14,Reel
instagram,2025-12-14,Reel
instagram,2025-12-14,Reel
instagram,2025-12-14,Photo
instagram,2025-12-14,Photo
instagram,2025-12-14,Photo
instagram,2025-12-14,Reel
instagram,2025-12-14,Reel
instagram,2025-12-14,Photo
instagram,2025-12-13,Reel
instagram,2025-12-13,Photo
instagram,2025-12-13,Reel
instagram,2025-12-13,Photo
instagram,2025-12-13,Reel
instagram,2025-12-12,Reel
instagram,2025-12-12,Photo
instagram,2025-12-12,Photo
instagram,2025-12-12,Reel
instagram,2025-12-12,Photo
instagram,2025-12-12,Reel
instagram,2025-12-12,Photo
instagram,2025-12-11,Reel
instagram,2025-12-11,Reel
instagram,2025-12-11,Reel
instagram,2025-12-11,Reel
instagram,2025-12-11,Photo
instagram,2025-12-11,Reel
instagram,2025-12-11,Photo
instagram,2025-12-11,Photo
instagram,2025-12-10,Reel
instagram,2025-12-10,Photo
instagram,2025-12-10,Photo
instagram,2025-12-10,Reel
instagram,2025-12-10,Reel
instagram,2025-12-10,Photo
instagram,2025-12-10,Carousel
instagram,2025-12-10,Reel
instagram,2025-12-10,Reel
instagram,2025-12-10,Reel
instagram,2025-12-09,Photo
instagram,2025-12-09,Photo
instagram,2025-12-09,Reel
instagram,2025-12-09,Photo
instagram,2025-12-09,Reel
instagram,2025-12-09,Photo
instagram,2025-12-09,Carousel
instagram,2025-12-09,Reel
instagram,2025-12-09,Reel
instagram,2025-12-09,Photo
instagram,2025-12-09,Photo
instagram,2025-12-08,Reel
instagram,2025-12-08,Photo
instagram,2025-12-08,Photo
instagram,2025-12-08,Photo
instagram,2025-12-08,Reel
instagram,2025-12-07,Photo
instagram,2025-12-07,Reel
instagram,2025-12-07,Photo
instagram,2025-12-07,Photo
instagram,2025-12-07,Reel
instagram,2025-12-06,Reel
instagram,2025-12-06,Reel
instagram,2025-12-06,Reel
instagram,2025-12-06,Reel
instagram,2025-12-06,Reel
instagram,2025-12-06,Reel
instagram,2025-12-06,Photo
instagram,2025-12-06,Photo
instagram,2025-12-06,Reel
instagram,2025-12-06,Photo
instagram,2025-12-05,Carousel
instagram,2025-12-05,Photo
instagram,2025-12-05,Photo
instagram,2025-12-05,Photo
instagram,2025-12-05,Photo
instagram,2025-12-04,Photo
instagram,2025-12-04,Photo
instagram,2025-12-04,Reel
instagram,2025-12-04,Reel
instagram,2025-12-04,Carousel
instagram,2025-12-04,Photo
instagram,2025-12-04,Photo
instagram,2025-12-03,Carousel
instagram,2025-12-03,Photo
instagram,2025-12-03,Photo
instagram,2025-12-03,Reel
instagram,2025-12-03,Photo
instagram,2025-12-03,Reel
instagram,2025-12-03,Reel
instagram,2025-12-03,Carousel
instagram,2025-12-03,Carousel
instagram,2025-12-03,Reel
instagram,2025-12-03,Photo
instagram,2025-12-02,Photo
instagram,2025-12-02,Carousel
instagram,2025-12-02,Photo
instagram,2025-12-02,Reel
instagram,2025-12-02,Photo
instagram,2025-12-02,Reel
instagram,2025-12-02,Photo
instagram,2025-12-01,Reel
instagram,2025-12-01,Photo
instagram,2025-12-01,Photo
instagram,2025-11-30,Carousel
instagram,2025-11-30,Photo
instagram,2025-11-30,Photo
instagram,2025-11-30,Carousel
instagram,2025-11-30,Reel
instagram,2025-11-30,Photo
instagram,2025-11-30,Reel
instagram,2025-11-30,Photo
instagram,2025-11-30,Carousel
instagram,2025-11-30,Reel
instagram,2025-11-29,Reel
instagram,2025-11-29,Photo
instagram,2025-11-29,Carousel
instagram,2025-11-29,Reel
instagram,2025-11-29,Reel
instagram,2025-11-29,Reel
instagram,2025-11-29,Reel
instagram,2025-11-28,Reel
instagram,2025-11-28,Reel
instagram,2025-11-28,Photo
instagram,2025-11-28,Reel
instagram,2025-11-28,Reel
instagram,2025-11-28,Reel
instagram,2025-11-28,Photo
instagram,2025-11-27,Reel
instagram,2025-11-27,Reel
instagram,2025-11-27,Reel
instagram,2025-11-27,Reel
instagram,2025-11-27,Reel
instagram,2025-11-27,Photo
instagram,2025-11-27,Reel
instagram,2025-11-27,Reel
instagram,2025-11-27,Photo
instagram,2025-11-27,Reel
instagram,2025-11-26,Photo
instagram,2025-11-26,Reel
instagram,2025-11-26,Photo
instagram,2025-11-26,Carousel
instagram,2025-11-26,Photo
instagram,2025-11-26,Photo
instagram,2025-11-26,Photo
instagram,2025-11-26,Photo
instagram,2025-11-26,Photo
instagram,2025-11-25,Carousel
instagram,2025-11-25,Reel
instagram,2025-11-25,Photo
instagram,2025-11-25,Carousel
instagram,2025-11-25,Photo
instagram,2025-11-25,Photo
instagram,2025-11-25,Carousel
instagram,2025-11-25,Photo
instagram,2025-11-25,Reel
instagram,2025-11-25,Reel
instagram,2025-11-25,Reel
instagram,2025-11-25,Reel
instagram,2025-11-24,Photo
instagram,2025-11-24,Reel
instagram,2025-11-24,Carousel
instagram,2025-11-24,Photo
instagram,2025-11-24,Reel
instagram,2025-11-23,Carousel
instagram,2025-11-23,Photo
instagram,2025-11-23,Reel
instagram,2025-11-23,Carousel
instagram,2025-11-23,Carousel
instagram,2025-11-23,Reel
instagram,2025-11-23,Carousel
instagram,2025-11-23,Reel
instagram,2025-11-23,Photo
instagram,2025-11-23,Reel
instagram,2025-11-23,Photo
instagram,2025-11-23,Reel
instagram,2025-11-23,Photo
instagram,2025-11-23,Carousel
instagram,2025-11-22,Photo
instagram,2025-11-22,Reel
instagram,2025-11-22,Reel
instagram,2025-11-22,Carousel
instagram,2025-11-22,Reel
instagram,2025-11-21,Reel
instagram,2025-11-21,Reel
instagram,2025-11-21,Reel
instagram,2025-11-21,Photo
instagram,2025-11-21,Carousel
instagram,2025-11-21,Photo
instagram,2025-11-21,Photo
instagram,2025-11-21,Photo
instagram,2025-11-21,Carousel
instagram,2025-11-21,Reel
instagram,2025-11-20,Reel
instagram,2025-11-20,Reel
instagram,2025-11-20,Carousel
instagram,2025-11-20,Reel
instagram,2025-11-20,Carousel
instagram,2025-11-20,Reel
instagram,2025-11-20,Reel
instagram,2025-11-20,Carousel
instagram,2025-11-20,Reel
instagram,2025-11-20,Photo
instagram,2025-11-20,Carousel
instagram,2025-11-20,Photo
instagram,2025-11-20,Photo
instagram,2025-11-20,Photo
instagram,2025-11-19,Reel
instagram,2025-11-19,Reel
instagram,2025-11-19,Carousel
instagram,2025-11-19,Reel
instagram,2025-11-19,Photo
instagram,2025-11-19,Reel
instagram,2025-11-19,Reel
instagram,2025-11-19,Photo
instagram,2025-11-19,Reel
instagram,2025-11-19,Photo
instagram,2025-11-19,Carousel
instagram,2025-11-19,Carousel
instagram,2025-11-19,Reel
instagram,2025-11-19,Reel
instagram,2025-11-19,Carousel
instagram,2025-11-18,Carousel
instagram,2025-11-18,Photo
instagram,2025-11-18,Carousel
instagram,2025-11-18,Photo
instagram,2025-11-18,Reel
instagram,2025-11-18,Reel
instagram,2025-11-18,Photo
instagram,2025-11-18,Photo
instagram,2025-11-18,Photo
instagram,2025-11-18,Reel
instagram,2025-11-18,Reel
instagram,2025-11-18,Photo
instagram,2025-11-17,Carousel
instagram,2025-11-17,Carousel
instagram,2025-11-17,Photo
instagram,2025-11-17,Photo
instagram,2025-11-17,Reel
instagram,2025-11-17,Carousel
instagram,2025-11-16,Photo
instagram,2025-11-16,Carousel
instagram,2025-11-16,Reel
instagram,2025-11-16,Reel
instagram,2025-11-16,Photo
instagram,2025-11-16,Reel
instagram,2025-11-16,Photo
instagram,2025-11-16,Photo
instagram,2025-11-15,Reel
instagram,2025-11-15,Carousel
instagram,2025-11-15,Photo
instagram,2025-11-15,Photo
instagram,2025-11-15,Reel
instagram,2025-11-15,Reel
instagram,2025-11-15,Photo
instagram,2025-11-15,Carousel
instagram,2025-11-15,Reel
instagram,2025-11-15,Photo
instagram,2025-11-15,Reel
instagram,2025-11-14,Carousel
instagram,2025-11-14,Reel
instagram,2025-11-14,Reel
instagram,2025-11-14,Reel
instagram,2025-11-14,Carousel
instagram,2025-11-14,Photo
instagram,2025-11-13,Carousel
instagram,2025-11-13,Photo
instagram,2025-11-13,Reel
instagram,2025-11-13,Photo
instagram,2025-11-13,Photo
instagram,2025-11-13,Carousel
instagram,2025-11-13,Reel
instagram,2025-11-13,Reel
instagram,2025-11-13,Photo
instagram,2025-11-13,Carousel
instagram,2025-11-13,Reel
instagram,2025-11-13,Carousel
instagram,2025-11-12,Photo
instagram,2025-11-12,Photo
instagram,2025-11-12,Carousel
instagram,2025-11-12,Photo
instagram,2025-11-12,Photo
instagram,2025-11-12,Reel
instagram,2025-11-12,Photo
instagram,2025-11-12,Reel
instagram,2025-11-12,Photo
instagram,2025-11-12,Photo
instagram,2025-11-12,Reel
instagram,2025-11-12,Carousel
instagram,2025-11-12,Photo
instagram,2025-11-11,Reel
instagram,2025-11-11,Carousel
instagram,2025-11-11,Reel
instagram,2025-11-11,Reel
instagram,2025-11-11,Photo
instagram,2025-11-11,Reel
instagram,2025-11-11,Reel
instagram,2025-11-11,Reel
instagram,2025-11-10,Reel
instagram,2025-11-10,Carousel
instagram,2025-11-10,Photo
instagram,2025-11-10,Reel
instagram,2025-11-10,Photo
instagram,2025-11-09,Reel
instagram,2025-11-09,Carousel
instagram,2025-11-09,Photo
instagram,2025-11-09,Reel
instagram,2025-11-09,Photo
instagram,2025-11-09,Reel
instagram,2025-11-09,Reel
instagram,2025-11-09,Photo
instagram,2025-11-09,Photo
instagram,2025-11-09,Photo
instagram,2025-11-09,Photo
instagram,2025-11-08,Photo
instagram,2025-11-08,Reel
instagram,2025-11-08,Reel
instagram,2025-11-08,Photo
instagram,2025-11-08,Carousel
instagram,2025-11-08,Photo
instagram,2025-11-08,Photo
instagram,2025-11-08,Reel
instagram,2025-11-08,Photo
instagram,2025-11-07,Reel
instagram,2025-11-07,Photo
instagram,2025-11-07,Reel
instagram,2025-11-07,Reel
instagram,2025-11-07,Reel
instagram,2025-11-07,Reel
instagram,2025-11-07,Photo
instagram,2025-11-06,Carousel
instagram,2025-11-06,Reel
instagram,2025-11-06,Reel
instagram,2025-11-06,Photo
instagram,2025-11-06,Photo
instagram,2025-11-06,Reel
instagram,2025-11-06,Reel
instagram,2025-11-06,Photo
instagram,2025-11-06,Photo
instagram,2025-11-06,Photo
instagram,2025-11-06,Reel
instagram,2025-11-05,Photo
instagram,2025-11-05,Photo
instagram,2025-11-05,Photo
instagram,2025-11-05,Reel
instagram,2025-11-05,Photo
instagram,2025-11-05,Reel
instagram,2025-11-05,Photo
instagram,2025-11-05,Reel
instagram,2025-11-05,Reel
instagram,2025-11-05,Carousel
instagram,2025-11-05,Photo
instagram,2025-11-05,Reel
instagram,2025-11-05,Photo
instagram,2025-11-05,Photo
instagram,2025-11-05,Reel
instagram,2025-11-05,Carousel
instagram,2025-11-05,Reel
instagram,2025-11-05,Carousel
instagram,2025-11-05,Photo
instagram,2025-11-04,Carousel
instagram,2025-11-04,Photo
instagram,2025-11-04,Reel
instagram,2025-11-04,Photo
instagram,2025-11-04,Reel
instagram,2025-11-04,Photo
instagram,2025-11-04,Carousel
instagram,2025-11-04,Reel
instagram,2025-11-04,Reel
instagram,2025-11-04,Photo
instagram,2025-11-04,Reel
instagram,2025-11-03,Reel
instagram,2025-11-03,Photo
instagram,2025-11-03,Carousel
instagram,2025-11-03,Reel
instagram,2025-11-03,Photo
instagram,2025-11-03,Photo
instagram,2025-11-03,Photo
instagram,2025-11-02,Carousel
instagram,2025-11-02,Photo
instagram,2025-11-02,Reel
instagram,2025-11-02,Photo
instagram,2025-11-02,Photo
instagram,2025-11-02,Photo
instagram,2025-11-02,Reel
instagram,2025-11-02,Photo
instagram,2025-11-02,Photo
instagram,2025-11-02,Photo
instagram,2025-11-01,Photo
instagram,2025-11-01,Carousel
instagram,2025-11-01,Reel
instagram,2025-11-01,Photo
instagram,2025-10-31,Reel
instagram,2025-10-31,Reel
instagram,2025-10-31,Carousel
instagram,2025-10-31,Reel
instagram,2025-10-31,Reel
instagram,2025-10-31,Photo
instagram,2025-10-31,Reel
instagram,2025-10-31,Photo
instagram,2025-10-30,Photo
instagram,2025-10-30,Photo
instagram,2025-10-30,Reel
instagram,2025-10-30,Carousel
instagram,2025-10-30,Carousel
instagram,2025-10-30,Reel
instagram,2025-10-30,Reel
instagram,2025-10-30,Photo
instagram,2025-10-30,Photo
instagram,2025-10-30,Photo
instagram,2025-10-30,Reel
instagram,2025-10-30,Reel
instagram,2025-10-30,Reel
instagram,2025-10-30,Photo
instagram,2025-10-30,Reel
instagram,2025-10-30,Photo
instagram,2025-10-29,Reel
instagram,2025-10-29,Photo
instagram,2025-10-29,Reel
instagram,2025-10-29,Reel
instagram,2025-10-29,Reel
instagram,2025-10-29,Photo
instagram,2025-10-28,Reel
instagram,2025-10-28,Photo
instagram,2025-10-28,Photo
instagram,2025-10-28,Carousel
instagram,2025-10-28,Carousel
instagram,2025-10-28,Carousel
instagram,2025-10-28,Photo
instagram,2025-10-28,Photo
instagram,2025-10-28,Carousel
instagram,2025-10-28,Photo
instagram,2025-10-28,Photo
instagram,2025-10-28,Photo
instagram,2025-10-27,Reel
instagram,2025-10-27,Reel
instagram,2025-10-27,Photo
instagram,2025-10-27,Carousel
instagram,2025-10-27,Reel
instagram,2025-10-27,Reel
instagram,2025-10-27,Photo
instagram,2025-10-27,Photo
instagram,2025-10-27,Reel
instagram,2025-10-27,Reel
instagram,2025-10-27,Photo
instagram,2025-10-26,Carousel
instagram,2025-10-26,Carousel
instagram,2025-10-26,Carousel
instagram,2025-10-26,Reel
instagram,2025-10-26,Reel
instagram,2025-10-26,Carousel
instagram,2025-10-26,Reel
instagram,2025-10-26,Reel
instagram,2025-10-26,Reel
instagram,2025-10-26,Photo
instagram,2025-10-26,Reel
instagram,2025-10-26,Reel
instagram,2025-10-25,Photo
instagram,2025-10-25,Reel
instagram,2025-10-25,Reel
instagram,2025-10-25,Photo
instagram,2025-10-25,Reel
instagram,2025-10-25,Reel
instagram,2025-10-25,Reel
instagram,2025-10-25,Photo
instagram,2025-10-25,Carousel
instagram,2025-10-24,Photo
instagram,2025-10-24,Photo
instagram,2025-10-24,Carousel
instagram,2025-10-24,Reel
instagram,2025-10-24,Reel
instagram,2025-10-24,Reel
instagram,2025-10-24,Reel
instagram,2025-10-24,Reel
instagram,2025-10-24,Reel
instagram,2025-10-24,Photo
instagram,2025-10-23,Carousel
instagram,2025-10-23,Reel
instagram,2025-10-23,Carousel
instagram,2025-10-23,Reel
instagram,2025-10-23,Reel
instagram,2025-10-23,Reel
instagram,2025-10-23,Carousel
instagram,2025-10-23,Reel
instagram,2025-10-23,Reel
instagram,2025-10-23,Photo
instagram,2025-10-22,Carousel
instagram,2025-10-22,Reel
instagram,2025-10-22,Carousel
instagram,2025-10-22,Reel
instagram,2025-10-22,Reel
instagram,2025-10-22,Reel
instagram,2025-10-22,Photo
instagram,2025-10-21,Photo
instagram,2025-10-21,Carousel
instagram,2025-10-21,Carousel
instagram,2025-10-21,Photo
instagram,2025-10-21,Photo
instagram,2025-10-21,Carousel
instagram,2025-10-21,Reel
instagram,2025-10-21,Photo
instagram,2025-10-21,Reel
instagram,2025-10-21,Carousel
instagram,2025-10-21,Photo
instagram,2025-10-21,Carousel
instagram,2025-10-21,Photo
instagram,2025-10-21,Photo
instagram,2025-10-21,Reel
instagram,2025-10-20,Reel
instagram,2025-10-20,Photo
instagram,2025-10-20,Photo
instagram,2025-10-20,Reel
instagram,2025-10-20,Reel
instagram,2025-10-20,Reel
instagram,2025-10-20,Reel
instagram,2025-10-20,Photo
instagram,2025-10-20,Reel
instagram,2025-10-20,Reel
instagram,2025-10-20,Reel
instagram,2025-10-20,Photo
instagram,2025-10-20,Reel
instagram,2025-10-20,Reel
instagram,2025-10-20,Reel
instagram,2025-10-20,Carousel
instagram,2025-10-19,Reel
instagram,2025-10-19,Carousel
instagram,2025-10-19,Reel
instagram,2025-10-19,Photo
instagram,2025-10-19,Photo
instagram,2025-10-19,Reel
instagram,2025-10-19,Reel
instagram,2025-10-19,Reel
instagram,2025-10-19,Reel
instagram,2025-10-19,Reel
instagram,2025-10-19,Photo
instagram,2025-10-19,Reel
instagram,2025-10-19,Carousel
instagram,2025-10-19,Photo
instagram,2025-10-19,Reel
instagram,2025-10-19,Reel
instagram,2025-10-19,Photo
instagram,2025-10-19,Photo
instagram,2025-10-19,Photo
instagram,2025-10-19,Carousel
instagram,2025-10-19,Photo
instagram,2025-10-19,Photo
instagram,2025-10-18,Reel
instagram,2025-10-18,Photo
instagram,2025-10-18,Photo
instagram,2025-10-18,Carousel
instagram,2025-10-18,Reel
instagram,2025-10-18,Carousel
instagram,2025-10-18,Reel
instagram,2025-10-18,Photo
instagram,2025-10-18,Reel
instagram,2025-10-18,Carousel
instagram,2025-10-18,Photo
instagram,2025-10-17,Photo
instagram,2025-10-17,Photo
instagram,2025-10-17,Reel
instagram,2025-10-17,Photo
instagram,2025-10-17,Photo
instagram,2025-10-17,Reel
instagram,2025-10-17,Reel
instagram,2025-10-17,Reel
instagram,2025-10-17,Photo
instagram,2025-10-17,Photo
instagram,2025-10-17,Reel
instagram,2025-10-17,Carousel
instagram,2025-10-17,Reel
instagram,2025-10-17,Reel
instagram,2025-10-17,Reel
instagram,2025-10-17,Carousel
instagram,2025-10-17,Reel
instagram,2025-10-17,Reel
instagram,2025-10-17,Reel
instagram,2025-10-17,Photo
instagram,2025-10-17,Photo
instagram,2025-10-17,Carousel
instagram,2025-10-17,Photo
instagram,2025-10-17,Photo
instagram,2025-10-17,Photo
instagram,2025-10-16,Reel
instagram,2025-10-16,Photo
instagram,2025-10-16,Photo
instagram,2025-10-16,Reel
instagram,2025-10-16,Carousel
instagram,2025-10-16,Carousel
instagram,2025-10-16,Reel
instagram,2025-10-16,Reel
instagram,2025-10-16,Photo
instagram,2025-10-16,Photo
instagram,2025-10-16,Photo
instagram,2025-10-16,Reel
instagram,2025-10-16,Photo
instagram,2025-10-16,Carousel
instagram,2025-10-16,Photo
instagram,2025-10-16,Photo
instagram,2025-10-16,Photo
instagram,2025-10-16,Reel
instagram,2025-10-16,Photo
instagram,2025-10-15,Photo
instagram,2025-10-15,Reel
instagram,2025-10-15,Reel
instagram,2025-10-15,Reel
instagram,2025-10-15,Carousel
instagram,2025-10-15,Reel
instagram,2025-10-15,Reel
instagram,2025-10-15,Reel
instagram,2025-10-15,Reel
instagram,2025-10-15,Reel
instagram,2025-10-15,Reel
instagram,2025-10-15,Photo
instagram,2025-10-15,Reel
instagram,2025-10-15,Photo
instagram,2025-10-15,Reel
instagram,2025-10-15,Photo
instagram,2025-10-15,Photo
instagram,2025-10-15,Photo
instagram,2025-10-15,Photo
instagram,2025-10-15,Photo
instagram,2025-10-15,Photo
instagram,2025-10-15,Photo
instagram,2025-10-15,Photo
instagram,2025-10-15,Carousel
instagram,2025-10-15,Reel
instagram,2025-10-14,Photo
instagram,2025-10-14,Reel
instagram,2025-10-14,Reel
instagram,2025-10-14,Photo
instagram,2025-10-14,Photo
instagram,2025-10-14,Photo
instagram,2025-10-14,Photo
instagram,2025-10-14,Photo
instagram,2025-10-14,Photo
instagram,2025-10-14,Photo
instagram,2025-10-14,Photo
instagram,2025-10-14,Reel
instagram,2025-10-14,Reel
instagram,2025-10-14,Reel
instagram,2025-10-14,Reel
instagram,2025-10-14,Photo
instagram,2025-10-14,Photo
instagram,2025-10-14,Reel
instagram,2025-10-14,Carousel
instagram,2025-10-14,Photo
instagram,2025-10-13,Reel
instagram,2025-10-13,Reel
instagram,2025-10-13,Photo
instagram,2025-10-13,Photo
instagram,2025-10-13,Reel
instagram,2025-10-13,Reel
instagram,2025-10-13,Reel
instagram,2025-10-13,Reel
instagram,2025-10-13,Reel
instagram,2025-10-13,Reel
instagram,2025-10-13,Reel
instagram,2025-10-13,Reel
instagram,2025-10-13,Reel
instagram,2025-10-13,Reel
instagram,2025-10-13,Photo
instagram,2025-10-13,Carousel
instagram,2025-10-13,Carousel
instagram,2025-10-13,Carousel
instagram,2025-10-13,Reel
instagram,2025-10-13,Reel
instagram,2025-10-13,Photo
instagram,2025-10-13,Carousel
instagram,2025-10-13,Reel
instagram,2025-10-13,Carousel
instagram,2025-10-13,Reel
instagram,2025-10-13,Reel
instagram,2025-10-13,Carousel
instagram,2025-10-13,Reel
instagram,2025-10-13,Reel
instagram,2025-10-13,Carousel
instagram,2025-10-13,Reel
instagram,2025-10-13,Photo
instagram,2025-10-13,Carousel
instagram,2025-10-13,Carousel
instagram,2025-10-13,Carousel
instagram,2025-10-13,Carousel
instagram,2025-10-13,Photo
instagram,2025-10-13,Photo
instagram,2025-10-13,Photo
instagram,2025-10-13,Reel
instagram,2025-10-13,Reel
instagram,2025-10-13,Reel
instagram,2025-10-13,Carousel
instagram,2025-10-13,Reel
instagram,2025-10-13,Reel
instagram,2025-10-13,Photo
instagram,2025-10-13,Photo
instagram,2025-10-13,Photo
instagram,2025-10-13,Photo
instagram,2025-10-13,Carousel
instagram,2025-10-13,Photo
instagram,2025-10-13,Photo
instagram,2025-10-13,Photo
instagram,2025-10-13,Photo
instagram,2025-10-13,Photo
instagram,2025-10-13,Reel
instagram,2025-10-13,Photo
instagram,2025-10-13,Reel
instagram,2025-10-13,Reel
instagram,2025-10-13,Photo
instagram,2025-10-13,Photo
instagram,2025-10-13,Carousel
instagram,2025-10-13,Photo
instagram,2025-10-13,Reel
instagram,2025-10-13,Carousel
instagram,2025-10-13,Carousel
instagram,2025-10-13,Reel
instagram,2025-10-13,Photo
instagram,2025-10-13,Photo
instagram,2025-10-13,Photo
instagram,2025-10-13,Photo
instagram,2025-10-13,Carousel
instagram,2025-10-13,Reel
instagram,2025-10-13,Photo
instagram,2025-10-13,Reel
instagram,2025-10-13,Photo
instagram,2025-10-13,Reel
instagram,2025-10-13,Photo
instagram,2025-10-13,Photo
instagram,2025-10-13,Photo
instagram,2025-10-13,Photo
instagram,2025-10-13,Photo
instagram,2025-10-13,Photo
instagram,2025-10-13,Photo
instagram,2025-10-13,Photo
instagram,2025-10-13,Reel
instagram,2025-10-13,Carousel
instagram,2025-10-13,Reel
instagram,2025-10-13,Photo
instagram,2025-10-13,Reel
instagram,2025-10-13,Reel
instagram,2025-10-13,Reel
instagram,2025-10-13,Reel
instagram,2025-10-13,Reel
instagram,2025-10-13,Reel
instagram,2025-10-13,Reel
instagram,2025-10-13,Photo
instagram,2025-10-13,Reel
instagram,2025-10-13,Photo
instagram,2025-10-13,Reel
instagram,2025-10-13,Reel
instagram,2025-10-13,Photo
instagram,2025-10-13,Reel
instagram,2025-10-13,Photo
instagram,2025-10-13,Reel
instagram,2025-10-13,Carousel
instagram,2025-10-13,Photo
instagram,2025-10-13,Carousel
instagram,2025-10-13,Photo
instagram,2025-10-13,Reel
instagram,2025-10-13,Reel
instagram,2025-10-13,Reel
instagram,2025-10-13,Reel
instagram,2025-10-12,Carousel
instagram,2025-10-12,Photo
instagram,2025-10-12,Reel
instagram,2025-10-12,Reel
instagram,2025-10-12,Photo
instagram,2025-10-12,Reel
instagram,2025-10-12,Photo
instagram,2025-10-12,Photo
instagram,2025-10-12,Carousel
instagram,2025-10-12,Reel
instagram,2025-10-12,Reel
instagram,2025-10-12,Reel
instagram,2025-10-12,Photo
instagram,2025-10-12,Photo
instagram,2025-10-12,Reel
instagram,2025-10-12,Photo
instagram,2025-10-12,Reel
instagram,2025-10-12,Photo
instagram,2025-10-12,Reel
instagram,2025-10-12,Carousel
instagram,2025-10-12,Reel
instagram,2025-10-11,Photo
instagram,2025-10-11,Reel
instagram,2025-10-11,Photo
instagram,2025-10-11,Photo
instagram,2025-10-11,Carousel
instagram,2025-10-11,Reel
instagram,2025-10-11,Photo
instagram,2025-10-11,Photo
instagram,2025-10-11,Carousel
instagram,2025-10-11,Photo
instagram,2025-10-11,Reel
instagram,2025-10-11,Photo
instagram,2025-10-10,Reel
instagram,2025-10-10,Photo
instagram,2025-10-10,Reel
instagram,2025-10-10,Carousel
instagram,2025-10-10,Photo
instagram,2025-10-10,Reel
instagram,2025-10-10,Photo
instagram,2025-10-10,Reel
instagram,2025-10-10,Reel
instagram,2025-10-10,Photo
instagram,2025-10-10,Photo
instagram,2025-10-10,Reel
instagram,2025-10-10,Reel
instagram,2025-10-10,Reel
instagram,2025-10-10,Photo
instagram,2025-10-10,Photo
instagram,2025-10-10,Carousel
instagram,2025-10-10,Carousel
instagram,2025-10-09,Reel
instagram,2025-10-09,Carousel
instagram,2025-10-09,Reel
instagram,2025-10-09,Reel
instagram,2025-10-09,Photo
instagram,2025-10-09,Reel
instagram,2025-10-09,Reel
instagram,2025-10-09,Reel
instagram,2025-10-09,Reel
instagram,2025-10-09,Carousel
instagram,2025-10-09,Reel
instagram,2025-10-09,Reel
instagram,2025-10-09,Reel
instagram,2025-10-09,Reel
instagram,2025-10-09,Reel
instagram,2025-10-09,Reel
instagram,2025-10-09,Reel
instagram,2025-10-09,Reel
instagram,2025-10-09,Photo
instagram,2025-10-09,Reel
instagram,2025-10-09,Photo
instagram,2025-10-09,Carousel
instagram,2025-10-09,Carousel
instagram,2025-10-09,Reel
instagram,2025-10-09,Reel
instagram,2025-10-09,Reel
instagram,2025-10-09,Reel
instagram,2025-10-09,Reel
instagram,2025-10-09,Photo
instagram,2025-10-09,Photo
instagram,2025-10-09,Reel
instagram,2025-10-09,Photo
instagram,2025-10-09,Photo
instagram,2025-10-09,Photo
instagram,2025-10-09,Carousel
instagram,2025-10-08,Photo
instagram,2025-10-08,Carousel
instagram,2025-10-08,Photo
instagram,2025-10-08,Reel
instagram,2025-10-08,Reel
instagram,2025-10-08,Photo
instagram,2025-10-08,Carousel
instagram,2025-10-08,Photo
instagram,2025-10-08,Photo
instagram,2025-10-08,Photo
instagram,2025-10-08,Photo
instagram,2025-10-08,Reel
instagram,2025-10-08,Reel
instagram,2025-10-07,Carousel
instagram,2025-10-07,Carousel
instagram,2025-10-07,Reel
instagram,2025-10-07,Reel
instagram,2025-10-07,Reel
instagram,2025-10-07,Photo
instagram,2025-10-07,Reel
instagram,2025-10-07,Reel
instagram,2025-10-07,Reel
instagram,2025-10-07,Reel
instagram,2025-10-07,Reel
instagram,2025-10-07,Photo
instagram,2025-10-07,Reel
instagram,2025-10-07,Reel
instagram,2025-10-07,Reel
instagram,2025-10-07,Photo
instagram,2025-10-07,Reel
instagram,2025-10-07,Reel
instagram,2025-10-07,Carousel
instagram,2025-10-06,Reel
instagram,2025-10-06,Photo
instagram,2025-10-06,Photo
instagram,2025-10-06,Photo
instagram,2025-10-06,Photo
instagram,2025-10-06,Photo
instagram,2025-10-05,Reel
instagram,2025-10-05,Photo
instagram,2025-10-05,Carousel
instagram,2025-10-05,Photo
instagram,2025-10-05,Reel
instagram,2025-10-05,Photo
instagram,2025-10-05,Carousel
instagram,2025-10-05,Reel
instagram,2025-10-05,Photo
instagram,2025-10-05,Photo
instagram,2025-10-04,Reel
instagram,2025-10-04,Reel
instagram,2025-10-04,Photo
instagram,2025-10-04,Photo
instagram,2025-10-04,Photo
instagram,2025-10-04,Carousel
instagram,2025-10-04,Photo
instagram,2025-10-04,Photo
instagram,2025-10-04,Photo
instagram,2025-10-03,Photo
instagram,2025-10-03,Photo
instagram,2025-10-03,Photo
instagram,2025-10-03,Photo
instagram,2025-10-03,Reel
instagram,2025-10-03,Photo
instagram,2025-10-03,Carousel
instagram,2025-10-03,Photo
instagram,2025-10-03,Reel
instagram,2025-10-03,Carousel
instagram,2025-10-03,Photo
instagram,2025-10-03,Photo
instagram,2025-10-03,Reel
instagram,2025-10-02,Photo
instagram,2025-10-02,Reel
instagram,2025-10-02,Photo
instagram,2025-10-02,Reel
instagram,2025-10-02,Photo
instagram,2025-10-02,Carousel
instagram,2025-10-01,Carousel
instagram,2025-10-01,Photo
instagram,2025-10-01,Photo
instagram,2025-10-01,Photo
instagram,2025-10-01,Photo
instagram,2025-10-01,Carousel
instagram,2025-10-01,Photo
instagram,2025-09-30,Photo
instagram,2025-09-30,Carousel
instagram,2025-09-30,Reel
instagram,2025-09-30,Reel
instagram,2025-09-30,Carousel
instagram,2025-09-30,Photo
instagram,2025-09-30,Photo
instagram,2025-09-30,Photo
instagram,2025-09-30,Reel
instagram,2025-09-29,Carousel
instagram,2025-09-29,Reel
instagram,2025-09-29,Reel
instagram,2025-09-29,Photo
instagram,2025-09-29,Photo
instagram,2025-09-29,Photo
instagram,2025-09-29,Reel
instagram,2025-09-29,Photo
instagram,2025-09-29,Photo
instagram,2025-09-29,Reel
instagram,2025-09-29,Photo
instagram,2025-09-29,Reel
instagram,2025-09-29,Reel
instagram,2025-09-29,Reel
instagram,2025-09-29,Reel
instagram,2025-09-29,Photo
instagram,2025-09-29,Carousel
instagram,2025-09-29,Carousel
instagram,2025-09-28,Photo
instagram,2025-09-28,Carousel
instagram,2025-09-28,Carousel
instagram,2025-09-28,Carousel
instagram,2025-09-28,Reel
instagram,2025-09-28,Reel
instagram,2025-09-28,Photo
instagram,2025-09-28,Photo
instagram,2025-09-28,Photo
instagram,2025-09-28,Photo
instagram,2025-09-28,Reel
instagram,2025-09-28,Photo
instagram,2025-09-28,Reel
instagram,2025-09-27,Carousel
instagram,2025-09-27,Photo
instagram,2025-09-27,Photo
instagram,2025-09-27,Reel
instagram,2025-09-27,Reel
instagram,2025-09-27,Photo
instagram,2025-09-27,Reel
instagram,2025-09-26,Carousel
instagram,2025-09-26,Photo
instagram,2025-09-26,Carousel
instagram,2025-09-26,Reel
instagram,2025-09-26,Reel
instagram,2025-09-26,Photo
instagram,2025-09-26,Reel
instagram,2025-09-26,Photo
instagram,2025-09-26,Reel
instagram,2025-09-26,Photo
instagram,2025-09-26,Photo
instagram,2025-09-26,Photo
instagram,2025-09-26,Photo
instagram,2025-09-26,Photo
instagram,2025-09-25,Reel
instagram,2025-09-25,Photo
instagram,2025-09-25,Carousel
instagram,2025-09-25,Photo
instagram,2025-09-25,Photo
instagram,2025-09-25,Photo
instagram,2025-09-25,Reel
instagram,2025-09-25,Reel
instagram,2025-09-25,Reel
instagram,2025-09-25,Photo
instagram,2025-09-25,Reel
instagram,2025-09-25,Photo
instagram,2025-09-25,Photo
instagram,2025-09-25,Reel
instagram,2025-09-25,Reel
instagram,2025-09-25,Reel
instagram,2025-09-25,Reel
instagram,2025-09-25,Reel
instagram,2025-09-25,Photo
instagram,2025-09-25,Photo
instagram,2025-09-25,Carousel
instagram,2025-09-25,Photo
instagram,2025-09-24,Reel
instagram,2025-09-24,Reel
instagram,2025-09-24,Carousel
instagram,2025-09-24,Reel
instagram,2025-09-24,Reel
instagram,2025-09-24,Reel
instagram,2025-09-24,Photo
instagram,2025-09-24,Reel
instagram,2025-09-24,Photo
instagram,2025-09-24,Reel
instagram,2025-09-24,Carousel
instagram,2025-09-24,Reel
instagram,2025-09-24,Photo
instagram,2025-09-24,Photo
instagram,2025-09-23,Carousel
instagram,2025-09-23,Photo
instagram,2025-09-23,Reel
instagram,2025-09-23,Photo
instagram,2025-09-23,Reel
instagram,2025-09-23,Photo
instagram,2025-09-23,Photo
instagram,2025-09-22,Reel
instagram,2025-09-22,Photo
instagram,2025-09-22,Reel
instagram,2025-09-22,Photo
instagram,2025-09-22,Photo
instagram,2025-09-22,Reel
instagram,2025-09-22,Reel
instagram,2025-09-22,Reel
instagram,2025-09-22,Photo
instagram,2025-09-22,Carousel
instagram,2025-09-22,Photo
instagram,2025-09-22,Reel
instagram,2025-09-21,Carousel
instagram,2025-09-21,Photo
instagram,2025-09-21,Reel
instagram,2025-09-21,Reel
instagram,2025-09-21,Reel
instagram,2025-09-21,Photo
instagram,2025-09-21,Reel
instagram,2025-09-21,Reel
instagram,2025-09-21,Reel
instagram,2025-09-21,Photo
instagram,2025-09-21,Photo
instagram,2025-09-20,Reel
instagram,2025-09-20,Photo
instagram,2025-09-20,Carousel
instagram,2025-09-20,Reel
instagram,2025-09-20,Reel
instagram,2025-09-20,Photo
instagram,2025-09-20,Photo
instagram,2025-09-20,Reel
instagram,2025-09-20,Carousel
instagram,2025-09-20,Photo
instagram,2025-09-19,Reel
instagram,2025-09-19,Photo
instagram,2025-09-19,Reel
instagram,2025-09-19,Reel
instagram,2025-09-19,Reel
instagram,2025-09-19,Reel
instagram,2025-09-19,Carousel
instagram,2025-09-19,Photo
instagram,2025-09-19,Reel
instagram,2025-09-18,Photo
instagram,2025-09-18,Reel
instagram,2025-09-18,Carousel
instagram,2025-09-18,Photo
instagram,2025-09-18,Photo
instagram,2025-09-18,Photo
instagram,2025-09-18,Photo
instagram,2025-09-18,Photo
instagram,2025-09-18,Reel
instagram,2025-09-18,Photo
instagram,2025-09-18,Photo
instagram,2025-09-18,Carousel
instagram,2025-09-18,Carousel
instagram,2025-09-18,Reel
instagram,2025-09-18,Photo
instagram,2025-09-17,Photo
instagram,2025-09-17,Photo
instagram,2025-09-17,Photo
instagram,2025-09-17,Photo
instagram,2025-09-17,Reel
instagram,2025-09-17,Photo
instagram,2025-09-17,Reel
instagram,2025-09-17,Reel
instagram,2025-09-17,Photo
instagram,2025-09-17,Photo
instagram,2025-09-17,Photo
instagram,2025-09-17,Photo
instagram,2025-09-17,Photo
instagram,2025-09-16,Carousel
instagram,2025-09-16,Reel
instagram,2025-09-16,Reel
instagram,2025-09-16,Photo
instagram,2025-09-16,Photo
instagram,2025-09-16,Photo
instagram,2025-09-16,Photo
instagram,2025-09-16,Reel
instagram,2025-09-16,Photo
instagram,2025-09-15,Photo
instagram,2025-09-15,Photo
instagram,2025-09-15,Reel
instagram,2025-09-15,Carousel
instagram,2025-09-15,Photo
instagram,2025-09-15,Photo
instagram,2025-09-15,Carousel
instagram,2025-09-15,Reel
instagram,2025-09-15,Carousel
instagram,2025-09-15,Photo
instagram,2025-09-15,Photo
instagram,2025-09-15,Photo
instagram,2025-09-15,Reel
instagram,2025-09-15,Photo
instagram,2025-09-15,Carousel
instagram,2025-09-15,Photo
instagram,2025-09-15,Photo
instagram,2025-09-15,Photo
instagram,2025-09-14,Carousel
instagram,2025-09-14,Photo
instagram,2025-09-14,Carousel
instagram,2025-09-14,Photo
instagram,2025-09-14,Reel
instagram,2025-09-14,Reel
instagram,2025-09-14,Photo
instagram,2025-09-14,Reel
instagram,2025-09-14,Photo
instagram,2025-09-14,Reel
instagram,2025-09-14,Reel
instagram,2025-09-14,Photo
instagram,2025-09-14,Reel
instagram,2025-09-14,Photo
instagram,2025-09-13,Reel
instagram,2025-09-13,Reel
instagram,2025-09-13,Photo
instagram,2025-09-13,Reel
instagram,2025-09-13,Reel
instagram,2025-09-13,Reel
instagram,2025-09-13,Photo
instagram,2025-09-12,Photo
instagram,2025-09-12,Reel
instagram,2025-09-12,Carousel
instagram,2025-09-12,Photo
instagram,2025-09-12,Reel
instagram,2025-09-12,Photo
instagram,2025-09-12,Photo
instagram,2025-09-12,Photo
instagram,2025-09-11,Reel
instagram,2025-09-11,Photo
instagram,2025-09-11,Carousel
instagram,2025-09-11,Carousel
instagram,2025-09-11,Photo
instagram,2025-09-11,Reel
instagram,2025-09-11,Photo
instagram,2025-09-11,Photo
instagram,2025-09-11,Reel
instagram,2025-09-11,Reel
instagram,2025-09-11,Photo
instagram,2025-09-11,Reel
instagram,2025-09-11,Photo
instagram,2025-09-11,Carousel
instagram,2025-09-10,Carousel
instagram,2025-09-10,Photo
instagram,2025-09-10,Reel
instagram,2025-09-10,Photo
instagram,2025-09-10,Carousel
instagram,2025-09-10,Photo
instagram,2025-09-10,Reel
instagram,2025-09-10,Carousel
instagram,2025-09-10,Reel
instagram,2025-09-10,Reel
instagram,2025-09-10,Photo
instagram,2025-09-10,Reel
instagram,2025-09-10,Photo
instagram,2025-09-10,Carousel
instagram,2025-09-10,Photo
instagram,2025-09-10,Photo
instagram,2025-09-10,Reel
instagram,2025-09-10,Photo
instagram,2025-09-10,Carousel
instagram,2025-09-09,Photo
instagram,2025-09-09,Carousel
instagram,2025-09-09,Carousel
instagram,2025-09-09,Reel
instagram,2025-09-09,Reel
instagram,2025-09-09,Carousel
instagram,2025-09-09,Photo
instagram,2025-09-09,Reel
instagram,2025-09-09,Reel
instagram,2025-09-09,Photo
instagram,2025-09-09,Carousel
instagram,2025-09-09,Reel
instagram,2025-09-09,Reel
instagram,2025-09-09,Reel
instagram,2025-09-09,Reel
instagram,2025-09-09,Photo
instagram,2025-09-08,Carousel
instagram,2025-09-08,Carousel
instagram,2025-09-08,Reel
instagram,2025-09-08,Reel
instagram,2025-09-08,Photo
instagram,2025-09-08,Carousel
instagram,2025-09-08,Photo
instagram,2025-09-08,Photo
instagram,2025-09-08,Reel
instagram,2025-09-08,Reel
instagram,2025-09-08,Reel
instagram,2025-09-08,Reel
instagram,2025-09-08,Photo
instagram,2025-09-08,Reel
instagram,2025-09-08,Photo
instagram,2025-09-08,Reel
instagram,2025-09-08,Reel
instagram,2025-09-08,Photo
instagram,2025-09-08,Photo
instagram,2025-09-08,Reel
instagram,2025-09-08,Photo
instagram,2025-09-08,Carousel
instagram,2025-09-08,Photo
instagram,2025-09-08,Reel
instagram,2025-09-08,Reel
instagram,2025-09-08,Reel
instagram,2025-09-08,Photo
instagram,2025-09-08,Photo
instagram,2025-09-08,Photo
instagram,2025-09-08,Photo
instagram,2025-09-07,Photo
instagram,2025-09-07,Carousel
instagram,2025-09-07,Reel
instagram,2025-09-07,Carousel
instagram,2025-09-07,Photo
instagram,2025-09-07,Reel
instagram,2025-09-07,Reel
instagram,2025-09-07,Photo
instagram,2025-09-07,Photo
instagram,2025-09-07,Photo
instagram,2025-09-07,Carousel
instagram,2025-09-07,Reel
instagram,2025-09-07,Photo
instagram,2025-09-06,Reel
instagram,2025-09-06,Reel
instagram,2025-09-06,Carousel
instagram,2025-09-06,Photo
instagram,2025-09-06,Reel
instagram,2025-09-06,Reel
instagram,2025-09-06,Reel
instagram,2025-09-06,Reel
instagram,2025-09-06,Reel
instagram,2025-09-06,Photo
instagram,2025-09-05,Reel
instagram,2025-09-05,Photo
instagram,2025-09-05,Reel
instagram,2025-09-05,Reel
instagram,2025-09-05,Photo
instagram,2025-09-05,Reel
instagram,2025-09-05,Carousel
instagram,2025-09-05,Photo
instagram,2025-09-05,Reel
instagram,2025-09-04,Reel
instagram,2025-09-04,Carousel
instagram,2025-09-04,Carousel
instagram,2025-09-04,Reel
instagram,2025-09-04,Reel
instagram,2025-09-04,Carousel
instagram,2025-09-04,Photo
instagram,2025-09-04,Reel
instagram,2025-09-04,Carousel
instagram,2025-09-04,Reel
instagram,2025-09-04,Photo
instagram,2025-09-04,Reel
instagram,2025-09-04,Reel
instagram,2025-09-04,Reel
instagram,2025-09-04,Reel
instagram,2025-09-04,Reel
instagram,2025-09-03,Carousel
instagram,2025-09-03,Photo
instagram,2025-09-03,Carousel
instagram,2025-09-03,Carousel
instagram,2025-09-03,Photo
instagram,2025-09-03,Photo
instagram,2025-09-03,Carousel
instagram,2025-09-03,Carousel
instagram,2025-09-03,Carousel
instagram,2025-09-03,Carousel
instagram,2025-09-03,Reel
instagram,2025-09-02,Reel
instagram,2025-09-02,Photo
instagram,2025-09-02,Reel
instagram,2025-09-02,Reel
instagram,2025-09-02,Carousel
instagram,2025-09-02,Carousel
instagram,2025-09-02,Carousel
instagram,2025-09-02,Photo
instagram,2025-09-01,Photo
instagram,2025-09-01,Reel
instagram,2025-09-01,Carousel
instagram,2025-09-01,Reel
instagram,2025-09-01,Reel
instagram,2025-09-01,Carousel
instagram,2025-09-01,Reel
instagram,2025-09-01,Reel
instagram,2025-09-01,Photo
instagram,2025-09-01,Carousel
instagram,2025-09-01,Photo
instagram,2025-09-01,Photo
instagram,2025-09-01,Carousel
instagram,2025-09-01,Reel
instagram,2025-09-01,Reel
instagram,2025-09-01,Photo
instagram,2025-09-01,Carousel
instagram,2025-09-01,Reel
instagram,2025-08-31,Reel
instagram,2025-08-31,Carousel
instagram,2025-08-31,Photo
instagram,2025-08-31,Reel
instagram,2025-08-31,Photo
instagram,2025-08-31,Carousel
instagram,2025-08-31,Photo
instagram,2025-08-31,Photo
instagram,2025-08-31,Carousel
instagram,2025-08-31,Carousel
instagram,2025-08-31,Photo
instagram,2025-08-31,Carousel
instagram,2025-08-30,Photo
instagram,2025-08-30,Photo
instagram,2025-08-30,Photo
instagram,2025-08-30,Photo
instagram,2025-08-30,Photo
instagram,2025-08-30,Photo
instagram,2025-08-29,Carousel
instagram,2025-08-29,Photo
instagram,2025-08-29,Carousel
instagram,2025-08-29,Photo
instagram,2025-08-29,Carousel
instagram,2025-08-29,Carousel
instagram,2025-08-29,Reel
instagram,2025-08-29,Photo
instagram,2025-08-29,Photo
instagram,2025-08-29,Photo
instagram,2025-08-28,Reel
instagram,2025-08-28,Carousel
instagram,2025-08-28,Carousel
instagram,2025-08-28,Reel
instagram,2025-08-28,Carousel
instagram,2025-08-28,Carousel
instagram,2025-08-28,Reel
instagram,2025-08-28,Carousel
instagram,2025-08-28,Carousel
instagram,2025-08-28,Photo
instagram,2025-08-28,Photo
instagram,2025-08-28,Reel
instagram,2025-08-28,Photo
instagram,2025-08-28,Reel
instagram,2025-08-28,Carousel
instagram,2025-08-28,Photo
instagram,2025-08-27,Carousel
instagram,2025-08-27,Reel
instagram,2025-08-27,Reel
instagram,2025-08-27,Reel
instagram,2025-08-27,Reel
instagram,2025-08-27,Reel
instagram,2025-08-27,Reel
instagram,2025-08-27,Carousel
instagram,2025-08-27,Reel
instagram,2025-08-27,Photo
instagram,2025-08-27,Reel
instagram,2025-08-27,Carousel
instagram,2025-08-27,Carousel
instagram,2025-08-26,Reel
instagram,2025-08-26,Photo
instagram,2025-08-26,Reel
instagram,2025-08-26,Photo
instagram,2025-08-26,Photo
instagram,2025-08-26,Photo
instagram,2025-08-26,Carousel
instagram,2025-08-26,Reel
instagram,2025-08-26,Reel
instagram,2025-08-26,Reel
instagram,2025-08-26,Reel
instagram,2025-08-26,Reel
instagram,2025-08-25,Reel
instagram,2025-08-25,Reel
instagram,2025-08-25,Reel
instagram,2025-08-25,Reel
instagram,2025-08-25,Photo
instagram,2025-08-25,Photo
instagram,2025-08-25,Reel
instagram,2025-08-25,Reel
instagram,2025-08-25,Reel
instagram,2025-08-25,Carousel
instagram,2025-08-25,Photo
instagram,2025-08-25,Photo
instagram,2025-08-25,Reel
instagram,2025-08-25,Reel
instagram,2025-08-24,Reel
instagram,2025-08-24,Carousel
instagram,2025-08-24,Carousel
instagram,2025-08-24,Reel
instagram,2025-08-24,Photo
instagram,2025-08-24,Reel
instagram,2025-08-24,Photo
instagram,2025-08-24,Photo
instagram,2025-08-24,Photo
instagram,2025-08-24,Photo
instagram,2025-08-23,Carousel
instagram,2025-08-23,Photo
instagram,2025-08-23,Photo
instagram,2025-08-23,Photo
instagram,2025-08-23,Carousel
instagram,2025-08-23,Photo
instagram,2025-08-23,Carousel
instagram,2025-08-23,Reel
instagram,2025-08-23,Photo
instagram,2025-08-22,Reel
instagram,2025-08-22,Photo
instagram,2025-08-22,Reel
instagram,2025-08-22,Carousel
instagram,2025-08-22,Reel
instagram,2025-08-22,Carousel
instagram,2025-08-22,Photo
instagram,2025-08-22,Carousel
instagram,2025-08-22,Photo
instagram,2025-08-21,Photo
instagram,2025-08-21,Carousel
instagram,2025-08-21,Reel
instagram,2025-08-21,Reel
instagram,2025-08-21,Carousel
instagram,2025-08-21,Reel
instagram,2025-08-21,Reel
instagram,2025-08-21,Reel
instagram,2025-08-21,Carousel
instagram,2025-08-21,Photo
instagram,2025-08-21,Reel
instagram,2025-08-21,Reel
instagram,2025-08-21,Carousel
instagram,2025-08-20,Carousel
instagram,2025-08-20,Photo
instagram,2025-08-20,Photo
instagram,2025-08-20,Reel
instagram,2025-08-20,Reel
instagram,2025-08-20,Photo
instagram,2025-08-20,Reel
instagram,2025-08-20,Carousel
instagram,2025-08-20,Carousel
instagram,2025-08-20,Photo
instagram,2025-08-20,Reel
instagram,2025-08-20,Photo
instagram,2025-08-20,Carousel
instagram,2025-08-20,Photo
instagram,2025-08-20,Photo
instagram,2025-08-20,Photo
instagram,2025-08-19,Reel
instagram,2025-08-19,Reel
instagram,2025-08-19,Carousel
instagram,2025-08-19,Reel
instagram,2025-08-19,Photo
instagram,2025-08-19,Reel
instagram,2025-08-19,Reel
instagram,2025-08-19,Carousel
instagram,2025-08-19,Reel
instagram,2025-08-19,Photo
instagram,2025-08-18,Reel
instagram,2025-08-18,Reel
instagram,2025-08-18,Reel
instagram,2025-08-18,Photo
instagram,2025-08-18,Photo
instagram,2025-08-18,Carousel
instagram,2025-08-18,Photo
instagram,2025-08-18,Photo
instagram,2025-08-18,Carousel
instagram,2025-08-18,Carousel
instagram,2025-08-17,Reel
instagram,2025-08-17,Reel
instagram,2025-08-17,Reel
instagram,2025-08-17,Reel
instagram,2025-08-17,Carousel
instagram,2025-08-17,Reel
instagram,2025-08-17,Carousel
instagram,2025-08-17,Carousel
instagram,2025-08-17,Reel
instagram,2025-08-17,Photo
instagram,2025-08-17,Photo
instagram,2025-08-17,Reel
instagram,2025-08-17,Reel
instagram,2025-08-17,Photo
instagram,2025-08-17,Photo
instagram,2025-08-17,Carousel
instagram,2025-08-17,Reel
instagram,2025-08-16,Photo
instagram,2025-08-16,Reel
instagram,2025-08-16,Carousel
instagram,2025-08-16,Photo
instagram,2025-08-16,Carousel
instagram,2025-08-16,Photo
instagram,2025-08-16,Reel
instagram,2025-08-16,Photo
instagram,2025-08-16,Reel
instagram,2025-08-15,Photo
instagram,2025-08-15,Reel
instagram,2025-08-15,Photo
instagram,2025-08-15,Reel
instagram,2025-08-15,Photo
instagram,2025-08-14,Reel
instagram,2025-08-14,Reel
instagram,2025-08-14,Reel
instagram,2025-08-14,Carousel
instagram,2025-08-14,Photo
instagram,2025-08-14,Photo
instagram,2025-08-14,Reel
instagram,2025-08-14,Reel
instagram,2025-08-14,Reel
instagram,2025-08-14,Photo
instagram,2025-08-14,Photo
instagram,2025-08-14,Photo
instagram,2025-08-13,Reel
instagram,2025-08-13,Carousel
instagram,2025-08-13,Photo
instagram,2025-08-13,Reel
instagram,2025-08-13,Carousel
instagram,2025-08-13,Carousel
instagram,2025-08-13,Carousel
instagram,2025-08-13,Reel
instagram,2025-08-13,Photo
instagram,2025-08-13,Reel
instagram,2025-08-13,Carousel
instagram,2025-08-13,Carousel
instagram,2025-08-13,Carousel
instagram,2025-08-12,Photo
instagram,2025-08-12,Reel
instagram,2025-08-12,Carousel
instagram,2025-08-12,Photo
instagram,2025-08-12,Reel
instagram,2025-08-12,Reel
instagram,2025-08-12,Photo
instagram,2025-08-12,Photo
instagram,2025-08-12,Reel
instagram,2025-08-12,Reel
instagram,2025-08-12,Reel
instagram,2025-08-12,Photo
instagram,2025-08-12,Carousel
instagram,2025-08-12,Photo
instagram,2025-08-12,Reel
instagram,2025-08-11,Photo
instagram,2025-08-11,Reel
instagram,2025-08-11,Reel
instagram,2025-08-11,Reel
instagram,2025-08-11,Reel
instagram,2025-08-11,Reel
instagram,2025-08-11,Reel
instagram,2025-08-11,Photo
instagram,2025-08-11,Photo
instagram,2025-08-11,Reel
instagram,2025-08-11,Photo
instagram,2025-08-10,Reel
instagram,2025-08-10,Carousel
instagram,2025-08-10,Reel
instagram,2025-08-10,Photo
instagram,2025-08-10,Photo
instagram,2025-08-10,Reel
instagram,2025-08-10,Photo
instagram,2025-08-10,Reel
instagram,2025-08-10,Photo
instagram,2025-08-10,Reel
instagram,2025-08-10,Photo
instagram,2025-08-09,Reel
instagram,2025-08-09,Carousel
instagram,2025-08-09,Reel
instagram,2025-08-09,Reel
instagram,2025-08-09,Reel
instagram,2025-08-09,Reel
instagram,2025-08-09,Reel
instagram,2025-08-09,Carousel
instagram,2025-08-08,Reel
instagram,2025-08-08,Carousel
instagram,2025-08-08,Photo
instagram,2025-08-08,Reel
instagram,2025-08-08,Reel
instagram,2025-08-08,Photo
instagram,2025-08-08,Carousel
instagram,2025-08-07,Reel
instagram,2025-08-07,Reel
instagram,2025-08-07,Photo
instagram,2025-08-07,Reel
instagram,2025-08-07,Reel
instagram,2025-08-07,Reel
instagram,2025-08-07,Reel
instagram,2025-08-07,Reel
instagram,2025-08-07,Photo
instagram,2025-08-07,Reel
instagram,2025-08-07,Carousel
instagram,2025-08-07,Reel
instagram,2025-08-07,Carousel
instagram,2025-08-06,Carousel
instagram,2025-08-06,Photo
instagram,2025-08-06,Photo
instagram,2025-08-06,Reel
instagram,2025-08-05,Carousel
instagram,2025-08-05,Reel
instagram,2025-08-05,Photo
instagram,2025-08-05,Reel
instagram,2025-08-05,Reel
instagram,2025-08-05,Reel
instagram,2025-08-05,Carousel
instagram,2025-08-05,Carousel
instagram,2025-08-05,Photo
instagram,2025-08-05,Photo
instagram,2025-08-05,Photo
instagram,2025-08-05,Photo
instagram,2025-08-05,Photo
instagram,2025-08-05,Photo
instagram,2025-08-04,Carousel
instagram,2025-08-04,Reel
instagram,2025-08-04,Reel
instagram,2025-08-04,Photo
instagram,2025-08-04,Photo
instagram,2025-08-04,Reel
instagram,2025-08-04,Photo
instagram,2025-08-04,Photo
instagram,2025-08-04,Reel
instagram,2025-08-04,Photo
instagram,2025-08-04,Photo
instagram,2025-08-03,Reel
instagram,2025-08-03,Carousel
instagram,2025-08-03,Reel
instagram,2025-08-03,Photo
instagram,2025-08-03,Reel
instagram,2025-08-03,Reel
instagram,2025-08-03,Reel
instagram,2025-08-03,Reel
instagram,2025-08-03,Carousel
instagram,2025-08-03,Photo
instagram,2025-08-03,Carousel
instagram,2025-08-03,Reel
instagram,2025-08-03,Carousel
instagram,2025-08-02,Reel
instagram,2025-08-02,Reel
instagram,2025-08-02,Reel
instagram,2025-08-02,Carousel
instagram,2025-08-02,Reel
instagram,2025-08-02,Photo
instagram,2025-08-02,Photo
instagram,2025-08-02,Reel
instagram,2025-08-02,Reel
instagram,2025-08-02,Photo
instagram,2025-08-01,Reel
instagram,2025-08-01,Photo
instagram,2025-08-01,Carousel
instagram,2025-08-01,Carousel
instagram,2025-08-01,Photo
instagram,2025-08-01,Carousel
instagram,2025-08-01,Reel
instagram,2025-08-01,Reel
instagram,2025-08-01,Photo
instagram,2025-08-01,Photo
instagram,2025-08-01,Reel
instagram,2025-08-01,Carousel
instagram,2025-08-01,Reel
instagram,2025-07-31,Photo
instagram,2025-07-31,Photo
instagram,2025-07-31,Reel
instagram,2025-07-31,Reel
instagram,2025-07-31,Photo
instagram,2025-07-31,Reel
instagram,2025-07-31,Reel
instagram,2025-07-31,Reel
instagram,2025-07-31,Reel
instagram,2025-07-31,Photo
instagram,2025-07-31,Photo
instagram,2025-07-31,Photo
instagram,2025-07-31,Reel
instagram,2025-07-31,Photo
instagram,2025-07-31,Reel
instagram,2025-07-31,Photo
instagram,2025-07-31,Reel
instagram,2025-07-30,Reel
instagram,2025-07-30,Photo
instagram,2025-07-30,Photo
instagram,2025-07-30,Carousel
instagram,2025-07-30,Reel
instagram,2025-07-30,Carousel
instagram,2025-07-30,Carousel
instagram,2025-07-30,Reel
instagram,2025-07-30,Photo
instagram,2025-07-30,Photo
instagram,2025-07-30,Carousel
instagram,2025-07-30,Photo
instagram,2025-07-30,Reel
instagram,2025-07-29,Carousel
instagram,2025-07-29,Photo
instagram,2025-07-29,Carousel
instagram,2025-07-29,Reel
instagram,2025-07-29,Photo
instagram,2025-07-29,Photo
instagram,2025-07-29,Photo
instagram,2025-07-29,Photo
instagram,2025-07-29,Reel
instagram,2025-07-29,Reel
instagram,2025-07-29,Photo
instagram,2025-07-29,Reel
instagram,2025-07-28,Reel
instagram,2025-07-28,Carousel
instagram,2025-07-28,Photo
instagram,2025-07-28,Photo
instagram,2025-07-28,Carousel
instagram,2025-07-28,Photo
instagram,2025-07-28,Carousel
instagram,2025-07-28,Reel
instagram,2025-07-28,Reel
instagram,2025-07-28,Carousel
instagram,2025-07-28,Photo
instagram,2025-07-28,Reel
instagram,2025-07-28,Photo
instagram,2025-07-28,Reel
instagram,2025-07-28,Carousel
instagram,2025-07-28,Carousel
instagram,2025-07-28,Reel
instagram,2025-07-27,Reel
instagram,2025-07-27,Reel
instagram,2025-07-27,Reel
instagram,2025-07-27,Carousel
instagram,2025-07-27,Reel
instagram,2025-07-27,Photo
instagram,2025-07-27,Reel
instagram,2025-07-27,Reel
instagram,2025-07-27,Photo
instagram,2025-07-27,Reel
instagram,2025-07-27,Carousel
instagram,2025-07-27,Photo
instagram,2025-07-27,Photo
instagram,2025-07-27,Photo
instagram,2025-07-27,Carousel
instagram,2025-07-27,Photo
instagram,2025-07-27,Reel
instagram,2025-07-26,Photo
instagram,2025-07-26,Photo
instagram,2025-07-26,Reel
instagram,2025-07-26,Reel
instagram,2025-07-26,Photo
instagram,2025-07-26,Photo
instagram,2025-07-26,Photo
instagram,2025-07-26,Photo
instagram,2025-07-26,Photo
instagram,2025-07-26,Reel
instagram,2025-07-25,Photo
instagram,2025-07-25,Reel
instagram,2025-07-25,Reel
instagram,2025-07-25,Reel
instagram,2025-07-25,Photo
instagram,2025-07-25,Reel
instagram,2025-07-25,Photo
instagram,2025-07-25,Reel
instagram,2025-07-24,Photo
instagram,2025-07-24,Reel
instagram,2025-07-24,Carousel
instagram,2025-07-24,Photo
instagram,2025-07-24,Photo
instagram,2025-07-24,Reel
instagram,2025-07-24,Carousel
instagram,2025-07-24,Photo
instagram,2025-07-24,Photo
instagram,2025-07-24,Photo
instagram,2025-07-24,Carousel
instagram,2025-07-24,Reel
instagram,2025-07-24,Photo
instagram,2025-07-24,Reel
instagram,2025-07-23,Photo
instagram,2025-07-23,Carousel
instagram,2025-07-23,Reel
instagram,2025-07-23,Carousel
instagram,2025-07-23,Carousel
instagram,2025-07-23,Carousel
instagram,2025-07-23,Carousel
instagram,2025-07-23,Reel
instagram,2025-07-23,Reel
instagram,2025-07-23,Photo
instagram,2025-07-23,Photo
instagram,2025-07-23,Carousel
instagram,2025-07-23,Photo
instagram,2025-07-23,Photo
instagram,2025-07-22,Photo
instagram,2025-07-22,Reel
instagram,2025-07-22,Reel
instagram,2025-07-22,Photo
instagram,2025-07-22,Reel
instagram,2025-07-22,Reel
instagram,2025-07-22,Carousel
instagram,2025-07-22,Reel
instagram,2025-07-22,Photo
instagram,2025-07-22,Photo
instagram,2025-07-21,Photo
instagram,2025-07-21,Carousel
instagram,2025-07-21,Reel
instagram,2025-07-21,Carousel
instagram,2025-07-21,Reel
instagram,2025-07-21,Carousel
instagram,2025-07-21,Photo
instagram,2025-07-21,Carousel
instagram,2025-07-21,Reel
instagram,2025-07-21,Photo
instagram,2025-07-21,Photo
instagram,2025-07-21,Reel
instagram,2025-07-21,Reel
instagram,2025-07-20,Reel
instagram,2025-07-20,Carousel
instagram,2025-07-20,Reel
instagram,2025-07-20,Reel
instagram,2025-07-20,Photo
instagram,2025-07-20,Photo
instagram,2025-07-20,Carousel
instagram,2025-07-20,Carousel
instagram,2025-07-20,Reel
instagram,2025-07-20,Carousel
instagram,2025-07-20,Carousel
instagram,2025-07-20,Photo
instagram,2025-07-19,Reel
instagram,2025-07-19,Reel
instagram,2025-07-19,Reel
instagram,2025-07-19,Photo
instagram,2025-07-19,Photo
instagram,2025-07-19,Reel
instagram,2025-07-18,Reel
instagram,2025-07-18,Reel
instagram,2025-07-18,Photo
instagram,2025-07-18,Carousel
instagram,2025-07-18,Reel
instagram,2025-07-17,Carousel
instagram,2025-07-17,Reel
instagram,2025-07-17,Reel
instagram,2025-07-17,Photo
instagram,2025-07-17,Photo
instagram,2025-07-17,Photo
instagram,2025-07-17,Photo
instagram,2025-07-17,Photo
instagram,2025-07-17,Photo
instagram,2025-07-17,Photo
instagram,2025-07-16,Reel
instagram,2025-07-16,Reel
instagram,2025-07-16,Photo
instagram,2025-07-16,Photo
instagram,2025-07-16,Reel
instagram,2025-07-16,Reel
instagram,2025-07-16,Reel
instagram,2025-07-16,Reel
instagram,2025-07-16,Photo
instagram,2025-07-16,Reel
instagram,2025-07-16,Reel
instagram,2025-07-16,Reel
instagram,2025-07-16,Photo
instagram,2025-07-16,Photo
instagram,2025-07-16,Photo
instagram,2025-07-15,Reel
instagram,2025-07-15,Reel
instagram,2025-07-15,Reel
instagram,2025-07-15,Carousel
instagram,2025-07-15,Reel
instagram,2025-07-15,Reel
instagram,2025-07-15,Photo
instagram,2025-07-15,Carousel
instagram,2025-07-15,Reel
instagram,2025-07-15,Carousel
instagram,2025-07-15,Carousel
instagram,2025-07-15,Photo
instagram,2025-07-15,Photo
instagram,2025-07-15,Photo
instagram,2025-07-14,Carousel
instagram,2025-07-14,Photo
instagram,2025-07-14,Photo
instagram,2025-07-14,Reel
instagram,2025-07-14,Photo
instagram,2025-07-14,Photo
instagram,2025-07-14,Photo
instagram,2025-07-14,Photo
instagram,2025-07-14,Photo
instagram,2025-07-14,Photo
instagram,2025-07-13,Carousel
instagram,2025-07-13,Photo
instagram,2025-07-13,Carousel
instagram,2025-07-13,Photo
instagram,2025-07-13,Reel
instagram,2025-07-13,Carousel
instagram,2025-07-13,Photo
instagram,2025-07-13,Photo
instagram,2025-07-13,Photo
instagram,2025-07-13,Carousel
instagram,2025-07-13,Reel
instagram,2025-07-13,Reel
instagram,2025-07-13,Carousel
instagram,2025-07-12,Reel
instagram,2025-07-12,Photo
instagram,2025-07-12,Carousel
instagram,2025-07-12,Carousel
instagram,2025-07-12,Carousel
instagram,2025-07-11,Reel
instagram,2025-07-11,Photo
instagram,2025-07-11,Photo
instagram,2025-07-10,Carousel
instagram,2025-07-10,Reel
instagram,2025-07-10,Carousel
instagram,2025-07-10,Photo
instagram,2025-07-10,Photo
instagram,2025-07-10,Reel
instagram,2025-07-10,Carousel
instagram,2025-07-10,Photo
instagram,2025-07-10,Reel
instagram,2025-07-10,Reel
instagram,2025-07-10,Reel
instagram,2025-07-10,Reel
instagram,2025-07-10,Photo
instagram,2025-07-10,Photo
instagram,2025-07-10,Photo
instagram,2025-07-10,Carousel
instagram,2025-07-10,Photo
instagram,2025-07-10,Reel
instagram,2025-07-10,Reel
instagram,2025-07-10,Photo
instagram,2025-07-10,Photo
instagram,2025-07-09,Photo
instagram,2025-07-09,Carousel
instagram,2025-07-09,Reel
instagram,2025-07-09,Carousel
instagram,2025-07-09,Photo
instagram,2025-07-09,Photo
instagram,2025-07-09,Photo
instagram,2025-07-09,Carousel
instagram,2025-07-08,Photo
instagram,2025-07-08,Reel
instagram,2025-07-08,Reel
instagram,2025-07-08,Carousel
instagram,2025-07-08,Photo
instagram,2025-07-08,Reel
instagram,2025-07-08,Reel
instagram,2025-07-08,Reel
instagram,2025-07-08,Carousel
instagram,2025-07-08,Reel
instagram,2025-07-08,Reel
instagram,2025-07-08,Reel
instagram,2025-07-08,Reel
instagram,2025-07-08,Photo
instagram,2025-07-08,Photo
instagram,2025-07-08,Reel
instagram,2025-07-08,Carousel
instagram,2025-07-08,Photo
instagram,2025-07-08,Carousel
instagram,2025-07-08,Carousel
instagram,2025-07-07,Photo
instagram,2025-07-07,Photo
instagram,2025-07-07,Photo
instagram,2025-07-07,Reel
instagram,2025-07-07,Photo
instagram,2025-07-07,Reel
instagram,2025-07-07,Photo
instagram,2025-07-07,Photo
instagram,2025-07-07,Photo
instagram,2025-07-07,Reel
instagram,2025-07-07,Carousel
instagram,2025-07-07,Reel
instagram,2025-07-07,Photo
instagram,2025-07-07,Photo
instagram,2025-07-06,Carousel
instagram,2025-07-06,Reel
instagram,2025-07-06,Photo
instagram,2025-07-06,Reel
instagram,2025-07-06,Carousel
instagram,2025-07-06,Carousel
instagram,2025-07-06,Reel
instagram,2025-07-06,Carousel
instagram,2025-07-06,Reel
instagram,2025-07-06,Carousel
instagram,2025-07-06,Reel
instagram,2025-07-06,Photo
instagram,2025-07-06,Carousel
instagram,2025-07-06,Reel
instagram,2025-07-05,Carousel
instagram,2025-07-05,Reel
instagram,2025-07-05,Reel
instagram,2025-07-05,Reel
instagram,2025-07-05,Carousel
instagram,2025-07-04,Photo
instagram,2025-07-04,Photo
instagram,2025-07-04,Photo
instagram,2025-07-04,Photo
instagram,2025-07-04,Photo
instagram,2025-07-03,Carousel
instagram,2025-07-03,Reel
instagram,2025-07-03,Photo
instagram,2025-07-03,Photo
instagram,2025-07-03,Reel
instagram,2025-07-03,Photo
instagram,2025-07-03,Reel
instagram,2025-07-03,Reel
instagram,2025-07-03,Photo
instagram,2025-07-03,Photo
instagram,2025-07-03,Reel
instagram,2025-07-03,Reel
instagram,2025-07-03,Photo
instagram,2025-07-03,Photo
instagram,2025-07-03,Carousel
instagram,2025-07-03,Photo
instagram,2025-07-03,Photo
instagram,2025-07-03,Carousel
instagram,2025-07-03,Photo
instagram,2025-07-03,Carousel
instagram,2025-07-02,Reel
instagram,2025-07-02,Photo
instagram,2025-07-02,Photo
instagram,2025-07-02,Reel
instagram,2025-07-02,Photo
instagram,2025-07-02,Photo
instagram,2025-07-02,Photo
instagram,2025-07-02,Reel
instagram,2025-07-02,Photo
instagram,2025-07-02,Carousel
instagram,2025-07-02,Photo
instagram,2025-07-02,Photo
instagram,2025-07-01,Reel
instagram,2025-07-01,Reel
instagram,2025-07-01,Reel
instagram,2025-07-01,Photo
instagram,2025-07-01,Carousel
instagram,2025-07-01,Carousel
instagram,2025-07-01,Photo
instagram,2025-07-01,Reel
instagram,2025-07-01,Photo
instagram,2025-07-01,Reel
instagram,2025-07-01,Photo
instagram,2025-07-01,Carousel
instagram,2025-06-30,Carousel
instagram,2025-06-30,Photo
instagram,2025-06-30,Photo
instagram,2025-06-30,Carousel
instagram,2025-06-30,Photo
instagram,2025-06-30,Photo
instagram,2025-06-30,Photo
instagram,2025-06-30,Reel
instagram,2025-06-30,Reel
instagram,2025-06-30,Photo
instagram,2025-06-30,Reel
instagram,2025-06-30,Carousel
instagram,2025-06-30,Carousel
instagram,2025-06-30,Reel
instagram,2025-06-30,Carousel
instagram,2025-06-29,Photo
instagram,2025-06-29,Carousel
instagram,2025-06-29,Photo
instagram,2025-06-29,Carousel
instagram,2025-06-29,Reel
instagram,2025-06-29,Photo
instagram,2025-06-29,Photo
instagram,2025-06-29,Photo
instagram,2025-06-29,Photo
instagram,2025-06-29,Photo
instagram,2025-06-29,Photo
instagram,2025-06-29,Photo
instagram,2025-06-28,Photo
instagram,2025-06-28,Reel
instagram,2025-06-28,Reel
instagram,2025-06-28,Photo
instagram,2025-06-28,Carousel
instagram,2025-06-28,Photo
instagram,2025-06-28,Reel
instagram,2025-06-28,Photo
instagram,2025-06-27,Carousel
instagram,2025-06-27,Photo
instagram,2025-06-27,Reel
instagram,2025-06-27,Photo
instagram,2025-06-27,Reel
instagram,2025-06-27,Carousel
instagram,2025-06-27,Photo
instagram,2025-06-26,Photo
instagram,2025-06-26,Carousel
instagram,2025-06-26,Reel
instagram,2025-06-26,Reel
instagram,2025-06-26,Photo
instagram,2025-06-26,Reel
instagram,2025-06-26,Photo
instagram,2025-06-26,Photo
instagram,2025-06-25,Photo
instagram,2025-06-25,Photo
instagram,2025-06-25,Carousel
instagram,2025-06-25,Carousel
instagram,2025-06-25,Reel
instagram,2025-06-25,Reel
instagram,2025-06-25,Photo
instagram,2025-06-25,Reel
instagram,2025-06-25,Reel
instagram,2025-06-25,Photo
instagram,2025-06-25,Photo
instagram,2025-06-25,Carousel
instagram,2025-06-25,Reel
instagram,2025-06-25,Photo
instagram,2025-06-25,Carousel
instagram,2025-06-25,Photo
instagram,2025-06-25,Photo
instagram,2025-06-25,Carousel
instagram,2025-06-24,Photo
instagram,2025-06-24,Reel
instagram,2025-06-24,Photo
instagram,2025-06-24,Reel
instagram,2025-06-24,Reel
instagram,2025-06-24,Carousel
instagram,2025-06-24,Photo
instagram,2025-06-24,Reel
instagram,2025-06-24,Reel
instagram,2025-06-24,Photo
instagram,2025-06-24,Reel
instagram,2025-06-24,Photo
instagram,2025-06-24,Photo
instagram,2025-06-24,Reel
instagram,2025-06-24,Photo
instagram,2025-06-24,Photo
instagram,2025-06-24,Photo
instagram,2025-06-24,Reel
instagram,2025-06-24,Photo
instagram,2025-06-24,Photo
instagram,2025-06-24,Photo
instagram,2025-06-24,Photo
instagram,2025-06-24,Reel
instagram,2025-06-24,Photo
instagram,2025-06-24,Reel
instagram,2025-06-24,Photo
instagram,2025-06-24,Carousel
instagram,2025-06-24,Reel
instagram,2025-06-24,Photo
instagram,2025-06-24,Reel
instagram,2025-06-24,Photo
instagram,2025-06-24,Photo
instagram,2025-06-23,Reel
instagram,2025-06-23,Carousel
instagram,2025-06-23,Photo
instagram,2025-06-23,Reel
instagram,2025-06-23,Carousel
instagram,2025-06-23,Reel
instagram,2025-06-23,Reel
instagram,2025-06-23,Reel
instagram,2025-06-23,Reel
instagram,2025-06-23,Reel
instagram,2025-06-23,Photo
instagram,2025-06-23,Photo
instagram,2025-06-23,Reel
instagram,2025-06-23,Photo
instagram,2025-06-23,Reel
instagram,2025-06-23,Photo
instagram,2025-06-23,Photo
instagram,2025-06-23,Photo
instagram,2025-06-23,Reel
instagram,2025-06-23,Photo
instagram,2025-06-23,Reel
instagram,2025-06-23,Photo
instagram,2025-06-22,Reel
instagram,2025-06-22,Photo
instagram,2025-06-22,Carousel
instagram,2025-06-22,Reel
instagram,2025-06-22,Photo
instagram,2025-06-22,Reel
instagram,2025-06-22,Photo
instagram,2025-06-22,Reel
instagram,2025-06-22,Photo
instagram,2025-06-22,Photo
instagram,2025-06-22,Photo
instagram,2025-06-22,Photo
instagram,2025-06-22,Carousel
instagram,2025-06-22,Reel
instagram,2025-06-22,Photo
instagram,2025-06-22,Reel
instagram,2025-06-22,Photo
instagram,2025-06-22,Photo
instagram,2025-06-22,Reel
instagram,2025-06-22,Reel
instagram,2025-06-22,Photo
instagram,2025-06-22,Reel
instagram,2025-06-22,Reel
instagram,2025-06-22,Photo
instagram,2025-06-22,Photo
instagram,2025-06-22,Photo
instagram,2025-06-22,Carousel
instagram,2025-06-21,Reel
instagram,2025-06-21,Carousel
instagram,2025-06-21,Reel
instagram,2025-06-21,Carousel
instagram,2025-06-21,Reel
instagram,2025-06-21,Photo
instagram,2025-06-21,Carousel
instagram,2025-06-21,Photo
instagram,2025-06-21,Reel
instagram,2025-06-21,Reel
instagram,2025-06-21,Reel
instagram,2025-06-20,Reel
instagram,2025-06-20,Photo
instagram,2025-06-20,Photo
instagram,2025-06-20,Photo
instagram,2025-06-20,Photo
instagram,2025-06-20,Reel
instagram,2025-06-20,Photo
instagram,2025-06-20,Photo
instagram,2025-06-20,Photo
instagram,2025-06-20,Reel
instagram,2025-06-20,Reel
instagram,2025-06-20,Photo
instagram,2025-06-20,Reel
instagram,2025-06-20,Reel
instagram,2025-06-20,Reel
instagram,2025-06-20,Reel
instagram,2025-06-19,Carousel
instagram,2025-06-19,Reel
instagram,2025-06-19,Reel
instagram,2025-06-19,Reel
instagram,2025-06-19,Reel
instagram,2025-06-19,Photo
instagram,2025-06-19,Reel
instagram,2025-06-19,Photo
instagram,2025-06-19,Reel
instagram,2025-06-19,Reel
instagram,2025-06-19,Photo
instagram,2025-06-19,Photo
instagram,2025-06-19,Photo
instagram,2025-06-19,Reel
instagram,2025-06-19,Reel
instagram,2025-06-19,Reel
instagram,2025-06-19,Reel
instagram,2025-06-19,Photo
instagram,2025-06-19,Photo
instagram,2025-06-19,Photo
instagram,2025-06-19,Reel
instagram,2025-06-19,Reel
instagram,2025-06-19,Photo
instagram,2025-06-18,Photo
instagram,2025-06-18,Reel
instagram,2025-06-18,Carousel
instagram,2025-06-18,Reel
instagram,2025-06-18,Photo
instagram,2025-06-18,Carousel
instagram,2025-06-18,Reel
instagram,2025-06-18,Carousel
instagram,2025-06-18,Photo
instagram,2025-06-18,Reel
instagram,2025-06-18,Photo
instagram,2025-06-18,Photo
instagram,2025-06-18,Photo
instagram,2025-06-18,Photo
instagram,2025-06-18,Photo
instagram,2025-06-18,Reel
instagram,2025-06-18,Reel
instagram,2025-06-18,Photo
instagram,2025-06-18,Reel
instagram,2025-06-18,Reel
instagram,2025-06-17,Reel
instagram,2025-06-17,Reel
instagram,2025-06-17,Photo
instagram,2025-06-17,Photo
instagram,2025-06-17,Carousel
instagram,2025-06-17,Photo
instagram,2025-06-17,Carousel
instagram,2025-06-17,Reel
instagram,2025-06-17,Reel
instagram,2025-06-17,Reel
instagram,2025-06-17,Photo
instagram,2025-06-17,Carousel
instagram,2025-06-17,Reel
instagram,2025-06-17,Photo
instagram,2025-06-17,Photo
instagram,2025-06-17,Photo
instagram,2025-06-17,Photo
instagram,2025-06-17,Reel
instagram,2025-06-17,Photo
instagram,2025-06-17,Photo
instagram,2025-06-16,Carousel
instagram,2025-06-16,Photo
instagram,2025-06-16,Photo
instagram,2025-06-16,Reel
instagram,2025-06-16,Carousel
instagram,2025-06-16,Reel
instagram,2025-06-16,Carousel
instagram,2025-06-16,Photo
instagram,2025-06-16,Reel
instagram,2025-06-16,Photo
instagram,2025-06-16,Photo
instagram,2025-06-16,Photo
instagram,2025-06-16,Reel
instagram,2025-06-16,Photo
instagram,2025-06-16,Photo
instagram,2025-06-16,Carousel
instagram,2025-06-16,Photo
instagram,2025-06-16,Photo
instagram,2025-06-16,Reel
instagram,2025-06-16,Photo
instagram,2025-06-16,Reel
instagram,2025-06-16,Reel
instagram,2025-06-16,Photo
instagram,2025-06-16,Photo
instagram,2025-06-16,Photo
instagram,2025-06-15,Reel
instagram,2025-06-15,Reel
instagram,2025-06-15,Photo
instagram,2025-06-15,Reel
instagram,2025-06-15,Photo
instagram,2025-06-15,Photo
instagram,2025-06-15,Photo
instagram,2025-06-15,Reel
instagram,2025-06-15,Reel
instagram,2025-06-15,Reel
instagram,2025-06-15,Photo
instagram,2025-06-15,Reel
instagram,2025-06-15,Photo
instagram,2025-06-15,Reel
instagram,2025-06-15,Photo
instagram,2025-06-15,Reel
instagram,2025-06-15,Reel
instagram,2025-06-15,Reel
instagram,2025-06-15,Reel
instagram,2025-06-15,Photo
instagram,2025-06-15,Reel
instagram,2025-06-15,Carousel
instagram,2025-06-15,Reel
instagram,2025-06-15,Photo
instagram,2025-06-15,Photo
instagram,2025-06-15,Photo
instagram,2025-06-15,Photo
instagram,2025-06-15,Photo
instagram,2025-06-15,Photo
instagram,2025-06-15,Reel
instagram,2025-06-15,Photo
instagram,2025-06-15,Photo
instagram,2025-06-15,Photo
instagram,2025-06-15,Carousel
instagram,2025-06-15,Photo
instagram,2025-06-15,Reel
instagram,2025-06-15,Photo
instagram,2025-06-14,Reel
instagram,2025-06-14,Photo
instagram,2025-06-14,Reel
instagram,2025-06-14,Photo
instagram,2025-06-14,Photo
instagram,2025-06-14,Reel
instagram,2025-06-14,Reel
instagram,2025-06-14,Reel
instagram,2025-06-14,Reel
instagram,2025-06-14,Photo
instagram,2025-06-14,Reel
instagram,2025-06-14,Photo
instagram,2025-06-14,Reel
instagram,2025-06-14,Photo
instagram,2025-06-14,Carousel
instagram,2025-06-14,Reel
instagram,2025-06-14,Photo
instagram,2025-06-14,Photo
instagram,2025-06-14,Photo
instagram,2025-06-14,Reel
instagram,2025-06-14,Photo
instagram,2025-06-14,Photo
instagram,2025-06-14,Photo
instagram,2025-06-14,Photo
instagram,2025-06-14,Photo
instagram,2025-06-14,Photo
instagram,2025-06-14,Photo
instagram,2025-06-14,Reel
instagram,2025-06-14,Reel
instagram,2025-06-13,Photo
instagram,2025-06-13,Reel
instagram,2025-06-13,Reel
instagram,2025-06-13,Photo
instagram,2025-06-13,Reel
instagram,2025-06-13,Photo
instagram,2025-06-13,Photo
instagram,2025-06-13,Photo
instagram,2025-06-13,Photo
instagram,2025-06-13,Photo
instagram,2025-06-13,Photo
instagram,2025-06-13,Photo
instagram,2025-06-13,Photo
instagram,2025-06-13,Reel
instagram,2025-06-13,Photo
instagram,2025-06-13,Photo
instagram,2025-06-13,Reel
instagram,2025-06-13,Carousel
instagram,2025-06-13,Photo
instagram,2025-06-13,Photo
instagram,2025-06-13,Carousel
instagram,2025-06-13,Reel
instagram,2025-06-13,Photo
instagram,2025-06-13,Photo
instagram,2025-06-13,Carousel
instagram,2025-06-13,Reel
instagram,2025-06-13,Carousel
instagram,2025-06-13,Photo
instagram,2025-06-13,Reel
instagram,2025-06-13,Reel
instagram,2025-06-13,Photo
instagram,2025-06-13,Photo
instagram,2025-06-13,Reel
instagram,2025-06-13,Photo
instagram,2025-06-13,Reel
instagram,2025-06-12,Reel
instagram,2025-06-12,Reel
instagram,2025-06-12,Reel
instagram,2025-06-12,Reel
instagram,2025-06-12,Photo
instagram,2025-06-12,Reel
instagram,2025-06-12,Photo
instagram,2025-06-12,Carousel
instagram,2025-06-12,Reel
instagram,2025-06-12,Photo
instagram,2025-06-12,Photo
instagram,2025-06-11,Reel
instagram,2025-06-11,Carousel
instagram,2025-06-11,Photo
instagram,2025-06-11,Reel
instagram,2025-06-11,Photo
instagram,2025-06-11,Reel
instagram,2025-06-11,Carousel
instagram,2025-06-11,Photo
instagram,2025-06-11,Photo
instagram,2025-06-10,Reel
instagram,2025-06-10,Photo
instagram,2025-06-10,Reel
instagram,2025-06-10,Reel
instagram,2025-06-10,Photo
instagram,2025-06-10,Carousel
instagram,2025-06-10,Reel
instagram,2025-06-10,Reel
instagram,2025-06-10,Reel
instagram,2025-06-10,Reel
instagram,2025-06-10,Photo
instagram,2025-06-10,Reel
instagram,2025-06-10,Reel
instagram,2025-06-10,Photo
instagram,2025-06-10,Carousel
instagram,2025-06-10,Photo
instagram,2025-06-10,Photo
instagram,2025-06-10,Photo
instagram,2025-06-09,Reel
instagram,2025-06-09,Photo
instagram,2025-06-09,Carousel
instagram,2025-06-09,Reel
instagram,2025-06-09,Reel
instagram,2025-06-09,Carousel
instagram,2025-06-09,Reel
instagram,2025-06-09,Reel
instagram,2025-06-09,Reel
instagram,2025-06-09,Photo
instagram,2025-06-09,Carousel
instagram,2025-06-09,Reel
instagram,2025-06-09,Reel
instagram,2025-06-09,Photo
instagram,2025-06-09,Carousel
instagram,2025-06-09,Reel
instagram,2025-06-09,Carousel
instagram,2025-06-08,Carousel
instagram,2025-06-08,Carousel
instagram,2025-06-08,Photo
instagram,2025-06-08,Reel
instagram,2025-06-08,Reel
instagram,2025-06-08,Carousel
instagram,2025-06-08,Carousel
instagram,2025-06-08,Reel
instagram,2025-06-08,Photo
instagram,2025-06-08,Reel
instagram,2025-06-08,Carousel
instagram,2025-06-08,Photo
instagram,2025-06-08,Reel
instagram,2025-06-08,Photo
instagram,2025-06-08,Photo
instagram,2025-06-08,Photo
instagram,2025-06-07,Reel
instagram,2025-06-07,Photo
instagram,2025-06-07,Reel
instagram,2025-06-07,Photo
instagram,2025-06-07,Carousel
instagram,2025-06-07,Photo
instagram,2025-06-07,Photo
instagram,2025-06-07,Photo
instagram,2025-06-07,Photo
instagram,2025-06-07,Carousel
instagram,2025-06-07,Photo
instagram,2025-06-07,Photo
instagram,2025-06-07,Reel
instagram,2025-06-07,Photo
instagram,2025-06-07,Reel
instagram,2025-06-07,Photo
instagram,2025-06-06,Photo
instagram,2025-06-06,Reel
instagram,2025-06-06,Reel
instagram,2025-06-06,Carousel
instagram,2025-06-06,Reel
instagram,2025-06-06,Photo
instagram,2025-06-06,Reel
instagram,2025-06-06,Photo
instagram,2025-06-06,Reel
instagram,2025-06-05,Photo
instagram,2025-06-05,Carousel
instagram,2025-06-05,Carousel
instagram,2025-06-05,Carousel
instagram,2025-06-05,Reel
instagram,2025-06-05,Reel
instagram,2025-06-05,Reel
instagram,2025-06-05,Photo
instagram,2025-06-05,Photo
instagram,2025-06-05,Photo
instagram,2025-06-05,Photo
instagram,2025-06-05,Carousel
instagram,2025-06-05,Reel
instagram,2025-06-05,Reel
instagram,2025-06-05,Reel
instagram,2025-06-05,Carousel
instagram,2025-06-05,Reel
instagram,2025-06-05,Reel
instagram,2025-06-05,Photo
instagram,2025-06-05,Photo
instagram,2025-06-05,Reel
instagram,2025-06-05,Photo
instagram,2025-06-05,Reel
instagram,2025-06-05,Photo
instagram,2025-06-04,Reel
instagram,2025-06-04,Carousel
instagram,2025-06-04,Carousel
instagram,2025-06-04,Carousel
instagram,2025-06-04,Photo
instagram,2025-06-04,Reel
instagram,2025-06-04,Carousel
instagram,2025-06-04,Photo
instagram,2025-06-04,Photo
instagram,2025-06-04,Reel
instagram,2025-06-04,Reel
instagram,2025-06-04,Photo
instagram,2025-06-03,Carousel
instagram,2025-06-03,Photo
instagram,2025-06-03,Reel
instagram,2025-06-03,Reel
instagram,2025-06-03,Reel
instagram,2025-06-03,Reel
instagram,2025-06-03,Photo
instagram,2025-06-03,Carousel
instagram,2025-06-03,Photo
instagram,2025-06-03,Reel
instagram,2025-06-03,Carousel
instagram,2025-06-03,Carousel
instagram,2025-06-02,Reel
instagram,2025-06-02,Reel
instagram,2025-06-02,Photo
instagram,2025-06-02,Reel
instagram,2025-06-02,Reel
instagram,2025-06-02,Carousel
instagram,2025-06-02,Photo
instagram,2025-06-02,Reel
instagram,2025-06-02,Reel
instagram,2025-06-02,Photo
instagram,2025-06-02,Reel
instagram,2025-06-02,Photo
instagram,2025-06-01,Reel
instagram,2025-06-01,Photo
instagram,2025-06-01,Photo
instagram,2025-06-01,Reel
instagram,2025-06-01,Reel
instagram,2025-06-01,Photo
instagram,2025-06-01,Carousel
instagram,2025-06-01,Reel
instagram,2025-06-01,Photo
instagram,2025-05-31,Photo
instagram,2025-05-31,Photo
instagram,2025-05-31,Reel
instagram,2025-05-31,Photo
instagram,2025-05-31,Photo
instagram,2025-05-30,Reel
instagram,2025-05-30,Photo
instagram,2025-05-30,Carousel
instagram,2025-05-30,Reel
instagram,2025-05-30,Reel
instagram,2025-05-30,Reel
instagram,2025-05-30,Reel
instagram,2025-05-30,Reel
instagram,2025-05-29,Carousel
instagram,2025-05-29,Reel
instagram,2025-05-29,Reel
instagram,2025-05-29,Reel
instagram,2025-05-29,Reel
instagram,2025-05-29,Reel
instagram,2025-05-29,Carousel
instagram,2025-05-29,Photo
instagram,2025-05-29,Carousel
instagram,2025-05-29,Carousel
instagram,2025-05-29,Carousel
instagram,2025-05-29,Photo
instagram,2025-05-29,Photo
instagram,2025-05-29,Photo
instagram,2025-05-29,Photo
instagram,2025-05-28,Carousel
instagram,2025-05-28,Carousel
instagram,2025-05-28,Photo
instagram,2025-05-28,Reel
instagram,2025-05-28,Reel
instagram,2025-05-27,Reel
instagram,2025-05-27,Photo
instagram,2025-05-27,Carousel
instagram,2025-05-27,Photo
instagram,2025-05-27,Reel
instagram,2025-05-27,Reel
instagram,2025-05-27,Reel
instagram,2025-05-27,Photo
instagram,2025-05-27,Photo
instagram,2025-05-27,Photo
instagram,2025-05-27,Reel
instagram,2025-05-27,Reel
instagram,2025-05-27,Reel
instagram,2025-05-27,Reel
instagram,2025-05-27,Carousel
instagram,2025-05-26,Reel
instagram,2025-05-26,Reel
instagram,2025-05-26,Reel
instagram,2025-05-26,Photo
instagram,2025-05-26,Photo
instagram,2025-05-26,Reel
instagram,2025-05-26,Photo
instagram,2025-05-26,Reel
instagram,2025-05-26,Photo
instagram,2025-05-26,Reel
instagram,2025-05-26,Photo
instagram,2025-05-26,Reel
instagram,2025-05-26,Reel
instagram,2025-05-26,Photo
instagram,2025-05-26,Reel
instagram,2025-05-26,Photo
instagram,2025-05-26,Photo
instagram,2025-05-25,Photo
instagram,2025-05-25,Photo
instagram,2025-05-25,Reel
instagram,2025-05-25,Photo
instagram,2025-05-25,Photo
instagram,2025-05-25,Photo
instagram,2025-05-25,Reel
instagram,2025-05-25,Photo
instagram,2025-05-25,Photo
instagram,2025-05-25,Photo
instagram,2025-05-25,Carousel
instagram,2025-05-24,Photo
instagram,2025-05-24,Reel
instagram,2025-05-24,Reel
instagram,2025-05-24,Photo
instagram,2025-05-24,Photo
instagram,2025-05-24,Reel
instagram,2025-05-24,Reel
instagram,2025-05-23,Carousel
instagram,2025-05-23,Carousel
instagram,2025-05-23,Reel
instagram,2025-05-23,Reel
instagram,2025-05-23,Photo
instagram,2025-05-23,Photo
instagram,2025-05-22,Photo
instagram,2025-05-22,Reel
instagram,2025-05-22,Photo
instagram,2025-05-22,Photo
instagram,2025-05-22,Photo
instagram,2025-05-22,Photo
instagram,2025-05-22,Reel
instagram,2025-05-22,Photo
instagram,2025-05-22,Reel
instagram,2025-05-22,Reel
instagram,2025-05-22,Photo
instagram,2025-05-22,Reel
instagram,2025-05-21,Photo
instagram,2025-05-21,Photo
instagram,2025-05-21,Carousel
instagram,2025-05-21,Photo
instagram,2025-05-21,Carousel
instagram,2025-05-21,Photo
instagram,2025-05-21,Reel
instagram,2025-05-21,Photo
instagram,2025-05-21,Photo
instagram,2025-05-21,Photo
instagram,2025-05-20,Reel
instagram,2025-05-20,Photo
instagram,2025-05-20,Photo
instagram,2025-05-20,Photo
instagram,2025-05-20,Reel
instagram,2025-05-20,Photo
instagram,2025-05-20,Carousel
instagram,2025-05-20,Photo
instagram,2025-05-20,Photo
instagram,2025-05-20,Photo
instagram,2025-05-20,Photo
instagram,2025-05-20,Reel
instagram,2025-05-20,Reel
instagram,2025-05-20,Photo
instagram,2025-05-20,Photo
instagram,2025-05-20,Photo
instagram,2025-05-20,Reel
instagram,2025-05-19,Photo
instagram,2025-05-19,Carousel
instagram,2025-05-19,Photo
instagram,2025-05-19,Carousel
instagram,2025-05-19,Reel
instagram,2025-05-19,Carousel
instagram,2025-05-19,Photo
instagram,2025-05-19,Photo
instagram,2025-05-19,Photo
instagram,2025-05-19,Reel
instagram,2025-05-19,Photo
instagram,2025-05-19,Reel
instagram,2025-05-19,Carousel
instagram,2025-05-19,Carousel
instagram,2025-05-19,Carousel
instagram,2025-05-19,Reel
instagram,2025-05-19,Photo
instagram,2025-05-18,Photo
instagram,2025-05-18,Photo
instagram,2025-05-18,Carousel
instagram,2025-05-18,Reel
instagram,2025-05-18,Reel
instagram,2025-05-18,Photo
instagram,2025-05-18,Carousel
instagram,2025-05-18,Carousel
instagram,2025-05-18,Photo
instagram,2025-05-18,Reel
instagram,2025-05-18,Photo
instagram,2025-05-18,Reel
instagram,2025-05-18,Photo
instagram,2025-05-18,Photo
instagram,2025-05-18,Reel
instagram,2025-05-18,Photo
instagram,2025-05-18,Photo
instagram,2025-05-18,Reel
instagram,2025-05-18,Reel
instagram,2025-05-18,Reel
instagram,2025-05-18,Photo
instagram,2025-05-18,Photo
instagram,2025-05-18,Photo
instagram,2025-05-18,Photo
instagram,2025-05-17,Photo
instagram,2025-05-17,Reel
instagram,2025-05-17,Photo
instagram,2025-05-17,Photo
instagram,2025-05-17,Reel
instagram,2025-05-17,Reel
instagram,2025-05-17,Reel
instagram,2025-05-17,Reel
instagram,2025-05-17,Carousel
instagram,2025-05-17,Reel
instagram,2025-05-17,Carousel
instagram,2025-05-17,Reel
instagram,2025-05-17,Reel
instagram,2025-05-17,Photo
instagram,2025-05-17,Photo
instagram,2025-05-17,Photo
instagram,2025-05-16,Reel
instagram,2025-05-16,Photo
instagram,2025-05-16,Reel
instagram,2025-05-16,Photo
instagram,2025-05-16,Photo
instagram,2025-05-16,Reel
instagram,2025-05-16,Photo
instagram,2025-05-16,Reel
instagram,2025-05-16,Reel
instagram,2025-05-16,Reel
instagram,2025-05-16,Reel
instagram,2025-05-16,Reel
instagram,2025-05-15,Reel
instagram,2025-05-15,Reel
instagram,2025-05-15,Reel
instagram,2025-05-15,Photo
instagram,2025-05-15,Reel
instagram,2025-05-15,Photo
instagram,2025-05-15,Reel
instagram,2025-05-15,Reel
instagram,2025-05-15,Reel
instagram,2025-05-15,Photo
instagram,2025-05-15,Carousel
instagram,2025-05-15,Reel
instagram,2025-05-15,Photo
instagram,2025-05-15,Photo
instagram,2025-05-15,Photo
instagram,2025-05-14,Photo
instagram,2025-05-14,Photo
instagram,2025-05-14,Carousel
instagram,2025-05-14,Carousel
instagram,2025-05-14,Reel
instagram,2025-05-14,Reel
instagram,2025-05-14,Reel
instagram,2025-05-14,Reel
instagram,2025-05-14,Reel
instagram,2025-05-14,Reel
instagram,2025-05-14,Photo
instagram,2025-05-14,Carousel
instagram,2025-05-14,Photo
instagram,2025-05-14,Reel
instagram,2025-05-14,Reel
instagram,2025-05-14,Photo
instagram,2025-05-14,Reel
instagram,2025-05-13,Photo
instagram,2025-05-13,Photo
instagram,2025-05-13,Photo
instagram,2025-05-13,Carousel
instagram,2025-05-13,Reel
instagram,2025-05-13,Carousel
instagram,2025-05-13,Photo
instagram,2025-05-13,Photo
instagram,2025-05-13,Carousel
instagram,2025-05-13,Reel
instagram,2025-05-13,Photo
instagram,2025-05-13,Photo
instagram,2025-05-13,Reel
instagram,2025-05-13,Reel
instagram,2025-05-13,Carousel
instagram,2025-05-13,Reel
instagram,2025-05-13,Photo
instagram,2025-05-13,Photo
instagram,2025-05-12,Reel
instagram,2025-05-12,Reel
instagram,2025-05-12,Photo
instagram,2025-05-12,Photo
instagram,2025-05-12,Reel
instagram,2025-05-12,Carousel
instagram,2025-05-12,Reel
instagram,2025-05-12,Photo
instagram,2025-05-12,Photo
instagram,2025-05-12,Photo
instagram,2025-05-12,Photo
instagram,2025-05-12,Reel
instagram,2025-05-12,Photo
instagram,2025-05-12,Reel
instagram,2025-05-12,Reel
instagram,2025-05-12,Photo
instagram,2025-05-12,Reel
instagram,2025-05-12,Reel
instagram,2025-05-12,Reel
instagram,2025-05-12,Reel
instagram,2025-05-12,Reel
instagram,2025-05-12,Photo
instagram,2025-05-12,Photo
instagram,2025-05-11,Photo
instagram,2025-05-11,Photo
instagram,2025-05-11,Reel
instagram,2025-05-11,Photo
instagram,2025-05-11,Photo
instagram,2025-05-11,Photo
instagram,2025-05-11,Photo
instagram,2025-05-11,Photo
instagram,2025-05-11,Reel
instagram,2025-05-11,Photo
instagram,2025-05-11,Photo
instagram,2025-05-11,Photo
instagram,2025-05-11,Photo
instagram,2025-05-11,Carousel
instagram,2025-05-11,Photo
instagram,2025-05-11,Photo
instagram,2025-05-10,Reel
instagram,2025-05-10,Reel
instagram,2025-05-10,Reel
instagram,2025-05-10,Photo
instagram,2025-05-10,Reel
instagram,2025-05-10,Reel
instagram,2025-05-10,Photo
instagram,2025-05-10,Photo
instagram,2025-05-10,Reel
instagram,2025-05-09,Reel
instagram,2025-05-09,Carousel
instagram,2025-05-09,Reel
instagram,2025-05-09,Photo
instagram,2025-05-09,Reel
instagram,2025-05-09,Reel
instagram,2025-05-09,Reel
instagram,2025-05-09,Reel
instagram,2025-05-09,Photo
instagram,2025-05-09,Photo
instagram,2025-05-09,Photo
instagram,2025-05-08,Reel
instagram,2025-05-08,Reel
instagram,2025-05-08,Photo
instagram,2025-05-08,Reel
instagram,2025-05-08,Photo
instagram,2025-05-08,Reel
instagram,2025-05-08,Carousel
instagram,2025-05-08,Photo
instagram,2025-05-08,Carousel
instagram,2025-05-08,Photo
instagram,2025-05-08,Photo
instagram,2025-05-08,Reel
instagram,2025-05-07,Photo
instagram,2025-05-07,Reel
instagram,2025-05-07,Reel
instagram,2025-05-07,Photo
instagram,2025-05-07,Reel
instagram,2025-05-07,Reel
instagram,2025-05-07,Reel
instagram,2025-05-07,Photo
instagram,2025-05-07,Photo
instagram,2025-05-07,Photo
instagram,2025-05-07,Photo
instagram,2025-05-07,Reel
instagram,2025-05-06,Reel
instagram,2025-05-06,Carousel
instagram,2025-05-06,Photo
instagram,2025-05-06,Photo
instagram,2025-05-06,Reel
instagram,2025-05-06,Reel
instagram,2025-05-06,Reel
instagram,2025-05-06,Reel
instagram,2025-05-06,Reel
instagram,2025-05-06,Photo
instagram,2025-05-06,Photo
instagram,2025-05-06,Reel
instagram,2025-05-06,Photo
instagram,2025-05-06,Photo
instagram,2025-05-06,Photo
instagram,2025-05-06,Photo
instagram,2025-05-06,Photo
instagram,2025-05-06,Carousel
instagram,2025-05-05,Reel
instagram,2025-05-05,Carousel
instagram,2025-05-05,Carousel
instagram,2025-05-05,Reel
instagram,2025-05-05,Photo
instagram,2025-05-05,Reel
instagram,2025-05-05,Photo
instagram,2025-05-05,Photo
instagram,2025-05-05,Photo
instagram,2025-05-05,Reel
instagram,2025-05-05,Photo
instagram,2025-05-05,Photo
instagram,2025-05-05,Photo
instagram,2025-05-05,Photo
instagram,2025-05-04,Carousel
instagram,2025-05-04,Carousel
instagram,2025-05-04,Reel
instagram,2025-05-04,Photo
instagram,2025-05-04,Carousel
instagram,2025-05-04,Reel
instagram,2025-05-04,Photo
instagram,2025-05-04,Carousel
instagram,2025-05-04,Reel
instagram,2025-05-04,Photo
instagram,2025-05-04,Photo
instagram,2025-05-04,Reel
instagram,2025-05-04,Reel
instagram,2025-05-04,Photo
instagram,2025-05-04,Reel
instagram,2025-05-04,Reel
instagram,2025-05-04,Photo
instagram,2025-05-04,Carousel
instagram,2025-05-03,Reel
instagram,2025-05-03,Carousel
instagram,2025-05-03,Photo
instagram,2025-05-03,Reel
instagram,2025-05-02,Reel
instagram,2025-05-02,Reel
instagram,2025-05-02,Photo
instagram,2025-05-02,Reel
instagram,2025-05-02,Reel
instagram,2025-05-02,Photo
instagram,2025-05-02,Reel
instagram,2025-05-02,Photo
instagram,2025-05-01,Reel
instagram,2025-05-01,Reel
instagram,2025-05-01,Reel
instagram,2025-05-01,Photo
instagram,2025-05-01,Photo
instagram,2025-05-01,Carousel
instagram,2025-05-01,Carousel
instagram,2025-05-01,Reel
instagram,2025-05-01,Reel
instagram,2025-05-01,Photo
instagram,2025-05-01,Photo
instagram,2025-04-30,Reel
instagram,2025-04-30,Reel
instagram,2025-04-30,Carousel
instagram,2025-04-30,Reel
instagram,2025-04-30,Reel
instagram,2025-04-30,Reel
instagram,2025-04-30,Photo
instagram,2025-04-30,Carousel
instagram,2025-04-30,Reel
instagram,2025-04-30,Reel
instagram,2025-04-30,Photo
instagram,2025-04-30,Reel
instagram,2025-04-30,Reel
instagram,2025-04-30,Reel
instagram,2025-04-30,Carousel
instagram,2025-04-30,Reel
instagram,2025-04-30,Photo
instagram,2025-04-30,Reel
instagram,2025-04-30,Photo
instagram,2025-04-30,Reel
instagram,2025-04-30,Reel
instagram,2025-04-30,Carousel
instagram,2025-04-30,Photo
instagram,2025-04-30,Photo
instagram,2025-04-30,Carousel
instagram,2025-04-29,Reel
instagram,2025-04-29,Carousel
instagram,2025-04-29,Reel
instagram,2025-04-29,Reel
instagram,2025-04-29,Photo
instagram,2025-04-29,Reel
instagram,2025-04-29,Carousel
instagram,2025-04-29,Reel
instagram,2025-04-29,Reel
instagram,2025-04-29,Carousel
instagram,2025-04-29,Carousel
instagram,2025-04-29,Photo
instagram,2025-04-29,Reel
instagram,2025-04-29,Photo
instagram,2025-04-29,Reel
instagram,2025-04-29,Photo
instagram,2025-04-29,Photo
instagram,2025-04-28,Carousel
instagram,2025-04-28,Photo
instagram,2025-04-28,Photo
instagram,2025-04-28,Photo
instagram,2025-04-28,Carousel
instagram,2025-04-28,Carousel
instagram,2025-04-28,Photo
instagram,2025-04-28,Photo
instagram,2025-04-28,Photo
instagram,2025-04-28,Carousel
instagram,2025-04-28,Photo
instagram,2025-04-27,Photo
instagram,2025-04-27,Photo
instagram,2025-04-27,Reel
instagram,2025-04-27,Reel
instagram,2025-04-27,Reel
instagram,2025-04-27,Carousel
instagram,2025-04-27,Reel
instagram,2025-04-27,Photo
instagram,2025-04-27,Photo
instagram,2025-04-27,Carousel
instagram,2025-04-27,Photo
instagram,2025-04-27,Photo
instagram,2025-04-27,Reel
instagram,2025-04-26,Reel
instagram,2025-04-26,Photo
instagram,2025-04-26,Carousel
instagram,2025-04-26,Photo
instagram,2025-04-26,Carousel
instagram,2025-04-26,Reel
instagram,2025-04-26,Reel
instagram,2025-04-26,Photo
instagram,2025-04-26,Reel
instagram,2025-04-26,Photo
instagram,2025-04-25,Reel
instagram,2025-04-25,Reel
instagram,2025-04-25,Reel
instagram,2025-04-25,Photo
instagram,2025-04-25,Reel
instagram,2025-04-25,Reel
instagram,2025-04-25,Carousel
instagram,2025-04-25,Reel
instagram,2025-04-25,Photo
instagram,2025-04-25,Carousel
instagram,2025-04-24,Reel
instagram,2025-04-24,Photo
instagram,2025-04-24,Photo
instagram,2025-04-24,Carousel
instagram,2025-04-24,Carousel
instagram,2025-04-24,Photo
instagram,2025-04-24,Reel
instagram,2025-04-24,Photo
instagram,2025-04-24,Reel
instagram,2025-04-24,Photo
instagram,2025-04-24,Reel
instagram,2025-04-24,Reel
instagram,2025-04-24,Reel
instagram,2025-04-24,Reel
instagram,2025-04-24,Reel
instagram,2025-04-24,Reel
instagram,2025-04-24,Reel
instagram,2025-04-24,Photo
instagram,2025-04-24,Reel
instagram,2025-04-23,Photo
instagram,2025-04-23,Reel
instagram,2025-04-23,Photo
instagram,2025-04-23,Reel
instagram,2025-04-23,Carousel
instagram,2025-04-23,Photo
instagram,2025-04-23,Carousel
instagram,2025-04-23,Reel
instagram,2025-04-23,Carousel
instagram,2025-04-23,Reel
instagram,2025-04-23,Reel
instagram,2025-04-23,Photo
instagram,2025-04-23,Photo
instagram,2025-04-23,Photo
instagram,2025-04-23,Photo
instagram,2025-04-23,Carousel
instagram,2025-04-23,Reel
instagram,2025-04-23,Carousel
instagram,2025-04-23,Photo
instagram,2025-04-23,Photo
instagram,2025-04-23,Photo
instagram,2025-04-22,Reel
instagram,2025-04-22,Reel
instagram,2025-04-22,Photo
instagram,2025-04-22,Reel
instagram,2025-04-22,Photo
instagram,2025-04-22,Carousel
instagram,2025-04-22,Reel
instagram,2025-04-22,Reel
instagram,2025-04-22,Photo
instagram,2025-04-22,Reel
instagram,2025-04-22,Photo
instagram,2025-04-21,Carousel
instagram,2025-04-21,Photo
instagram,2025-04-21,Photo
instagram,2025-04-21,Reel
instagram,2025-04-21,Photo
instagram,2025-04-21,Reel
instagram,2025-04-21,Reel
instagram,2025-04-21,Photo
instagram,2025-04-21,Photo
instagram,2025-04-21,Photo
instagram,2025-04-21,Photo
instagram,2025-04-20,Photo
instagram,2025-04-20,Reel
instagram,2025-04-20,Carousel
instagram,2025-04-20,Reel
instagram,2025-04-20,Photo
instagram,2025-04-20,Photo
instagram,2025-04-20,Photo
instagram,2025-04-20,Carousel
instagram,2025-04-20,Reel
instagram,2025-04-20,Photo
instagram,2025-04-19,Photo
instagram,2025-04-19,Photo
instagram,2025-04-19,Reel
instagram,2025-04-19,Photo
instagram,2025-04-19,Reel
instagram,2025-04-19,Reel
instagram,2025-04-19,Reel
instagram,2025-04-19,Photo
instagram,2025-04-19,Reel
instagram,2025-04-18,Photo
instagram,2025-04-18,Reel
instagram,2025-04-18,Photo
instagram,2025-04-18,Reel
instagram,2025-04-18,Photo
instagram,2025-04-18,Carousel
instagram,2025-04-17,Reel
instagram,2025-04-17,Photo
instagram,2025-04-17,Reel
instagram,2025-04-17,Photo
instagram,2025-04-17,Photo
instagram,2025-04-17,Reel
instagram,2025-04-17,Photo
instagram,2025-04-17,Photo
instagram,2025-04-17,Carousel
instagram,2025-04-17,Carousel
instagram,2025-04-16,Reel
instagram,2025-04-16,Reel
instagram,2025-04-16,Photo
instagram,2025-04-16,Reel
instagram,2025-04-16,Reel
instagram,2025-04-16,Carousel
instagram,2025-04-16,Photo
instagram,2025-04-16,Reel
instagram,2025-04-16,Photo
instagram,2025-04-16,Photo
instagram,2025-04-15,Carousel
instagram,2025-04-15,Reel
instagram,2025-04-15,Reel
instagram,2025-04-15,Reel
instagram,2025-04-15,Photo
instagram,2025-04-15,Photo
instagram,2025-04-15,Reel
instagram,2025-04-15,Reel
instagram,2025-04-15,Reel
instagram,2025-04-15,Photo
instagram,2025-04-15,Reel
instagram,2025-04-15,Photo
instagram,2025-04-15,Photo
instagram,2025-04-14,Reel
instagram,2025-04-14,Reel
instagram,2025-04-14,Reel
instagram,2025-04-14,Reel
instagram,2025-04-14,Reel
instagram,2025-04-14,Photo
instagram,2025-04-13,Photo
instagram,2025-04-13,Reel
instagram,2025-04-13,Carousel
instagram,2025-04-13,Carousel
instagram,2025-04-12,Reel
instagram,2025-04-12,Reel
instagram,2025-04-12,Carousel
instagram,2025-04-12,Photo
instagram,2025-04-12,Photo
instagram,2025-04-12,Photo
instagram,2025-04-12,Reel
instagram,2025-04-12,Photo
instagram,2025-04-12,Reel
instagram,2025-04-12,Reel
instagram,2025-04-12,Photo
instagram,2025-04-11,Reel
instagram,2025-04-11,Photo
instagram,2025-04-11,Reel
instagram,2025-04-11,Reel
instagram,2025-04-11,Photo
instagram,2025-04-11,Reel
instagram,2025-04-11,Reel
instagram,2025-04-11,Carousel
instagram,2025-04-11,Reel
instagram,2025-04-11,Reel
instagram,2025-04-10,Reel
instagram,2025-04-10,Reel
instagram,2025-04-10,Reel
instagram,2025-04-10,Photo
instagram,2025-04-10,Photo
instagram,2025-04-10,Carousel
instagram,2025-04-10,Carousel
instagram,2025-04-10,Carousel
instagram,2025-04-10,Carousel
instagram,2025-04-10,Photo
instagram,2025-04-10,Photo
instagram,2025-04-10,Photo
instagram,2025-04-09,Photo
instagram,2025-04-09,Photo
instagram,2025-04-09,Carousel
instagram,2025-04-09,Carousel
instagram,2025-04-09,Photo
instagram,2025-04-09,Photo
instagram,2025-04-09,Reel
instagram,2025-04-09,Photo
instagram,2025-04-09,Carousel
instagram,2025-04-09,Carousel
instagram,2025-04-09,Carousel
instagram,2025-04-09,Reel
instagram,2025-04-09,Photo
instagram,2025-04-09,Photo
instagram,2025-04-09,Photo
instagram,2025-04-09,Photo
instagram,2025-04-08,Photo
instagram,2025-04-08,Photo
instagram,2025-04-08,Photo
instagram,2025-04-08,Carousel
instagram,2025-04-08,Reel
instagram,2025-04-08,Photo
instagram,2025-04-08,Carousel
instagram,2025-04-08,Carousel
instagram,2025-04-08,Reel
instagram,2025-04-07,Photo
instagram,2025-04-07,Photo
instagram,2025-04-07,Photo
instagram,2025-04-07,Carousel
instagram,2025-04-07,Photo
instagram,2025-04-07,Carousel
instagram,2025-04-06,Photo
instagram,2025-04-06,Carousel
instagram,2025-04-06,Reel
instagram,2025-04-06,Reel
instagram,2025-04-06,Photo
instagram,2025-04-06,Carousel
instagram,2025-04-06,Reel
instagram,2025-04-06,Photo
instagram,2025-04-06,Photo
instagram,2025-04-06,Carousel
instagram,2025-04-06,Carousel
instagram,2025-04-05,Reel
instagram,2025-04-05,Reel
instagram,2025-04-05,Reel
instagram,2025-04-05,Photo
instagram,2025-04-05,Photo
instagram,2025-04-05,Reel
instagram,2025-04-05,Reel
instagram,2025-04-05,Reel
instagram,2025-04-04,Reel
instagram,2025-04-04,Carousel
instagram,2025-04-04,Photo
instagram,2025-04-04,Photo
instagram,2025-04-04,Reel
instagram,2025-04-04,Reel
instagram,2025-04-04,Reel
instagram,2025-04-04,Photo
instagram,2025-04-04,Reel
instagram,2025-04-04,Photo
instagram,2025-04-04,Photo
instagram,2025-04-04,Reel
instagram,2025-04-04,Carousel
instagram,2025-04-04,Reel
instagram,2025-04-03,Reel
instagram,2025-04-03,Reel
instagram,2025-04-03,Carousel
instagram,2025-04-03,Carousel
instagram,2025-04-03,Photo
instagram,2025-04-03,Photo
instagram,2025-04-03,Carousel
instagram,2025-04-02,Carousel
instagram,2025-04-02,Reel
instagram,2025-04-02,Reel
instagram,2025-04-02,Photo
instagram,2025-04-02,Reel
instagram,2025-04-02,Photo
instagram,2025-04-02,Reel
instagram,2025-04-02,Photo
instagram,2025-04-02,Photo
instagram,2025-04-02,Photo
instagram,2025-04-01,Carousel
instagram,2025-04-01,Carousel
instagram,2025-04-01,Carousel
instagram,2025-04-01,Photo
instagram,2025-04-01,Reel
instagram,2025-04-01,Photo
instagram,2025-04-01,Reel
instagram,2025-04-01,Reel
instagram,2025-04-01,Photo
instagram,2025-04-01,Reel
instagram,2025-04-01,Reel
instagram,2025-04-01,Photo
instagram,2025-03-31,Carousel
instagram,2025-03-31,Reel
instagram,2025-03-31,Reel
instagram,2025-03-31,Photo
instagram,2025-03-31,Reel
instagram,2025-03-31,Photo
instagram,2025-03-31,Reel
instagram,2025-03-31,Carousel
instagram,2025-03-31,Carousel
instagram,2025-03-31,Photo
instagram,2025-03-31,Reel
instagram,2025-03-31,Photo
instagram,2025-03-31,Photo
instagram,2025-03-31,Reel
instagram,2025-03-31,Photo
instagram,2025-03-31,Carousel
instagram,2025-03-30,Carousel
instagram,2025-03-30,Reel
instagram,2025-03-30,Photo
instagram,2025-03-30,Carousel
instagram,2025-03-30,Photo
instagram,2025-03-30,Photo
instagram,2025-03-30,Carousel
instagram,2025-03-30,Carousel
instagram,2025-03-30,Photo
instagram,2025-03-30,Reel
instagram,2025-03-30,Carousel
instagram,2025-03-30,Photo
instagram,2025-03-29,Photo
instagram,2025-03-29,Photo
instagram,2025-03-29,Photo
instagram,2025-03-29,Reel
instagram,2025-03-29,Reel
instagram,2025-03-29,Reel
instagram,2025-03-28,Reel
instagram,2025-03-28,Photo
instagram,2025-03-28,Reel
instagram,2025-03-28,Reel
instagram,2025-03-28,Photo
instagram,2025-03-28,Reel
instagram,2025-03-28,Reel
instagram,2025-03-28,Carousel
instagram,2025-03-27,Carousel
instagram,2025-03-27,Reel
instagram,2025-03-27,Reel
instagram,2025-03-27,Reel
instagram,2025-03-27,Photo
instagram,2025-03-27,Carousel
instagram,2025-03-27,Reel
instagram,2025-03-27,Photo
instagram,2025-03-27,Photo
instagram,2025-03-27,Reel
instagram,2025-03-27,Carousel
instagram,2025-03-27,Reel
instagram,2025-03-27,Photo
instagram,2025-03-27,Photo
instagram,2025-03-26,Carousel
instagram,2025-03-26,Carousel
instagram,2025-03-26,Reel
instagram,2025-03-26,Reel
instagram,2025-03-26,Photo
instagram,2025-03-26,Carousel
instagram,2025-03-26,Carousel
instagram,2025-03-26,Photo
instagram,2025-03-26,Photo
instagram,2025-03-26,Reel
instagram,2025-03-25,Carousel
instagram,2025-03-25,Carousel
instagram,2025-03-25,Reel
instagram,2025-03-25,Reel
instagram,2025-03-25,Photo
instagram,2025-03-25,Photo
instagram,2025-03-25,Photo
instagram,2025-03-25,Photo
instagram,2025-03-24,Photo
instagram,2025-03-24,Photo
instagram,2025-03-24,Reel
instagram,2025-03-24,Photo
instagram,2025-03-24,Photo
instagram,2025-03-24,Reel
instagram,2025-03-24,Photo
instagram,2025-03-24,Reel
instagram,2025-03-24,Photo
instagram,2025-03-24,Photo
instagram,2025-03-24,Reel
instagram,2025-03-24,Photo
instagram,2025-03-24,Reel
instagram,2025-03-24,Reel
instagram,2025-03-24,Photo
instagram,2025-03-24,Carousel
instagram,2025-03-23,Reel
instagram,2025-03-23,Reel
instagram,2025-03-23,Reel
instagram,2025-03-23,Reel
instagram,2025-03-23,Photo
instagram,2025-03-23,Reel
instagram,2025-03-23,Photo
instagram,2025-03-23,Photo
instagram,2025-03-23,Photo
instagram,2025-03-23,Photo
instagram,2025-03-23,Photo
instagram,2025-03-23,Reel
instagram,2025-03-22,Reel
instagram,2025-03-22,Photo
instagram,2025-03-22,Photo
instagram,2025-03-22,Reel
instagram,2025-03-22,Photo
instagram,2025-03-22,Photo
instagram,2025-03-22,Carousel
instagram,2025-03-22,Reel
instagram,2025-03-22,Photo
instagram,2025-03-22,Reel
instagram,2025-03-21,Reel
instagram,2025-03-21,Photo
instagram,2025-03-21,Photo
instagram,2025-03-21,Carousel
instagram,2025-03-21,Reel
instagram,2025-03-21,Carousel
instagram,2025-03-21,Reel
instagram,2025-03-21,Photo
instagram,2025-03-20,Reel
instagram,2025-03-20,Carousel
instagram,2025-03-20,Reel
instagram,2025-03-20,Reel
instagram,2025-03-20,Reel
instagram,2025-03-20,Photo
instagram,2025-03-20,Reel
instagram,2025-03-20,Photo
instagram,2025-03-20,Reel
instagram,2025-03-20,Photo
instagram,2025-03-20,Photo
instagram,2025-03-20,Photo
instagram,2025-03-20,Reel
instagram,2025-03-20,Photo
instagram,2025-03-20,Reel
instagram,2025-03-20,Carousel
instagram,2025-03-20,Photo
instagram,2025-03-19,Carousel
instagram,2025-03-19,Photo
instagram,2025-03-19,Reel
instagram,2025-03-19,Photo
instagram,2025-03-19,Reel
instagram,2025-03-19,Carousel
instagram,2025-03-19,Photo
instagram,2025-03-19,Photo
instagram,2025-03-19,Reel
instagram,2025-03-19,Carousel
instagram,2025-03-19,Reel
instagram,2025-03-19,Photo
instagram,2025-03-19,Reel
instagram,2025-03-19,Photo
instagram,2025-03-19,Reel
instagram,2025-03-18,Reel
instagram,2025-03-18,Photo
instagram,2025-03-18,Reel
instagram,2025-03-18,Photo
instagram,2025-03-18,Reel
instagram,2025-03-18,Photo
instagram,2025-03-18,Photo
instagram,2025-03-18,Photo
instagram,2025-03-18,Reel
instagram,2025-03-18,Reel
instagram,2025-03-18,Photo
instagram,2025-03-18,Photo
instagram,2025-03-18,Photo
instagram,2025-03-18,Photo
instagram,2025-03-18,Carousel
instagram,2025-03-18,Photo
instagram,2025-03-18,Photo
instagram,2025-03-18,Carousel
instagram,2025-03-18,Photo
instagram,2025-03-18,Carousel
instagram,2025-03-18,Photo
instagram,2025-03-18,Photo
instagram,2025-03-18,Photo
instagram,2025-03-18,Photo
instagram,2025-03-17,Reel
instagram,2025-03-17,Carousel
instagram,2025-03-17,Photo
instagram,2025-03-17,Photo
instagram,2025-03-17,Reel
instagram,2025-03-17,Photo
instagram,2025-03-17,Carousel
instagram,2025-03-17,Photo
instagram,2025-03-17,Reel
instagram,2025-03-17,Reel
instagram,2025-03-17,Carousel
instagram,2025-03-17,Photo
instagram,2025-03-17,Reel
instagram,2025-03-17,Photo
instagram,2025-03-17,Photo
instagram,2025-03-16,Photo
instagram,2025-03-16,Photo
instagram,2025-03-16,Photo
instagram,2025-03-16,Photo
instagram,2025-03-16,Carousel
instagram,2025-03-16,Reel
instagram,2025-03-16,Reel
instagram,2025-03-16,Reel
instagram,2025-03-16,Reel
instagram,2025-03-15,Photo
instagram,2025-03-15,Photo
instagram,2025-03-15,Reel
instagram,2025-03-15,Carousel
instagram,2025-03-15,Carousel
instagram,2025-03-15,Reel
instagram,2025-03-14,Photo
instagram,2025-03-14,Photo
instagram,2025-03-14,Photo
instagram,2025-03-14,Reel
instagram,2025-03-14,Carousel
instagram,2025-03-13,Carousel
instagram,2025-03-13,Reel
instagram,2025-03-13,Carousel
instagram,2025-03-13,Photo
instagram,2025-03-13,Reel
instagram,2025-03-13,Reel
instagram,2025-03-13,Reel
instagram,2025-03-13,Photo
instagram,2025-03-13,Photo
instagram,2025-03-13,Photo
instagram,2025-03-12,Photo
instagram,2025-03-12,Reel
instagram,2025-03-12,Photo
instagram,2025-03-12,Carousel
instagram,2025-03-12,Reel
instagram,2025-03-12,Reel
instagram,2025-03-12,Carousel
instagram,2025-03-12,Carousel
instagram,2025-03-11,Carousel
instagram,2025-03-11,Carousel
instagram,2025-03-11,Carousel
instagram,2025-03-11,Photo
instagram,2025-03-11,Carousel
instagram,2025-03-11,Reel
instagram,2025-03-11,Photo
instagram,2025-03-11,Photo
instagram,2025-03-11,Carousel
instagram,2025-03-11,Carousel
instagram,2025-03-11,Photo
instagram,2025-03-11,Reel
instagram,2025-03-10,Photo
instagram,2025-03-10,Reel
instagram,2025-03-10,Carousel
instagram,2025-03-10,Carousel
instagram,2025-03-10,Carousel
instagram,2025-03-10,Photo
instagram,2025-03-10,Carousel
instagram,2025-03-10,Reel
instagram,2025-03-10,Photo
instagram,2025-03-10,Reel
instagram,2025-03-10,Photo
instagram,2025-03-10,Carousel
instagram,2025-03-10,Photo
instagram,2025-03-09,Carousel
instagram,2025-03-09,Carousel
instagram,2025-03-09,Photo
instagram,2025-03-09,Reel
instagram,2025-03-09,Carousel
instagram,2025-03-09,Carousel
instagram,2025-03-09,Carousel
instagram,2025-03-09,Photo
instagram,2025-03-09,Photo
instagram,2025-03-09,Photo
instagram,2025-03-09,Carousel
instagram,2025-03-09,Reel
instagram,2025-03-09,Photo
instagram,2025-03-09,Photo
instagram,2025-03-09,Carousel
instagram,2025-03-09,Carousel
instagram,2025-03-09,Photo
instagram,2025-03-08,Reel
instagram,2025-03-08,Reel
instagram,2025-03-08,Photo
instagram,2025-03-08,Reel
instagram,2025-03-08,Carousel
instagram,2025-03-08,Carousel
instagram,2025-03-08,Photo
instagram,2025-03-08,Reel
instagram,2025-03-08,Reel
instagram,2025-03-08,Photo
instagram,2025-03-08,Photo
instagram,2025-03-08,Photo
instagram,2025-03-07,Photo
instagram,2025-03-07,Reel
instagram,2025-03-07,Photo
instagram,2025-03-07,Photo
instagram,2025-03-07,Carousel
instagram,2025-03-07,Reel
instagram,2025-03-07,Photo
instagram,2025-03-06,Carousel
instagram,2025-03-06,Reel
instagram,2025-03-06,Reel
instagram,2025-03-06,Reel
instagram,2025-03-06,Carousel
instagram,2025-03-06,Carousel
instagram,2025-03-06,Carousel
instagram,2025-03-06,Carousel
instagram,2025-03-06,Reel
instagram,2025-03-06,Photo
instagram,2025-03-06,Photo
instagram,2025-03-06,Photo
instagram,2025-03-06,Carousel
instagram,2025-03-05,Photo
instagram,2025-03-05,Reel
instagram,2025-03-05,Carousel
instagram,2025-03-05,Carousel
instagram,2025-03-05,Carousel
instagram,2025-03-05,Carousel
instagram,2025-03-05,Carousel
instagram,2025-03-05,Photo
instagram,2025-03-05,Carousel
instagram,2025-03-05,Reel
instagram,2025-03-05,Photo
instagram,2025-03-05,Reel
instagram,2025-03-05,Reel
instagram,2025-03-05,Photo
instagram,2025-03-05,Photo
instagram,2025-03-05,Photo
instagram,2025-03-05,Reel
instagram,2025-03-04,Reel
instagram,2025-03-04,Reel
instagram,2025-03-04,Carousel
instagram,2025-03-04,Reel
instagram,2025-03-04,Carousel
instagram,2025-03-04,Carousel
instagram,2025-03-04,Reel
instagram,2025-03-04,Carousel
instagram,2025-03-04,Reel
instagram,2025-03-04,Photo
instagram,2025-03-04,Carousel
instagram,2025-03-04,Carousel
instagram,2025-03-03,Reel
instagram,2025-03-03,Photo
instagram,2025-03-03,Carousel
instagram,2025-03-03,Reel
instagram,2025-03-03,Photo
instagram,2025-03-03,Photo
instagram,2025-03-03,Photo
instagram,2025-03-03,Carousel
instagram,2025-03-03,Carousel
instagram,2025-03-03,Carousel
instagram,2025-03-03,Reel
instagram,2025-03-03,Reel
instagram,2025-03-03,Carousel
instagram,2025-03-03,Photo
instagram,2025-03-03,Photo
instagram,2025-03-03,Photo
instagram,2025-03-03,Photo
instagram,2025-03-03,Photo
instagram,2025-03-03,Photo
instagram,2025-03-03,Photo
instagram,2025-03-03,Photo
instagram,2025-03-02,Reel
instagram,2025-03-02,Photo
instagram,2025-03-02,Photo
instagram,2025-03-02,Carousel
instagram,2025-03-02,Carousel
instagram,2025-03-02,Carousel
instagram,2025-03-02,Photo
instagram,2025-03-02,Photo
instagram,2025-03-02,Photo
instagram,2025-03-02,Reel
instagram,2025-03-02,Photo
instagram,2025-03-02,Photo
instagram,2025-03-02,Photo
instagram,2025-03-02,Photo
instagram,2025-03-01,Reel
instagram,2025-03-01,Carousel
instagram,2025-03-01,Photo
instagram,2025-03-01,Reel
instagram,2025-03-01,Photo
instagram,2025-03-01,Photo
instagram,2025-03-01,Reel
instagram,2025-03-01,Carousel
instagram,2025-03-01,Reel
instagram,2025-02-28,Reel
instagram,2025-02-28,Photo
instagram,2025-02-28,Reel
instagram,2025-02-28,Reel
instagram,2025-02-28,Reel
instagram,2025-02-28,Carousel
instagram,2025-02-28,Reel
instagram,2025-02-27,Carousel
instagram,2025-02-27,Carousel
instagram,2025-02-27,Carousel
instagram,2025-02-27,Carousel
instagram,2025-02-27,Photo
instagram,2025-02-27,Reel
instagram,2025-02-27,Photo
instagram,2025-02-27,Photo
instagram,2025-02-27,Reel
instagram,2025-02-27,Reel
instagram,2025-02-27,Photo
instagram,2025-02-27,Photo
instagram,2025-02-27,Photo
instagram,2025-02-27,Photo
instagram,2025-02-27,Carousel
instagram,2025-02-27,Carousel
instagram,2025-02-27,Photo
instagram,2025-02-27,Photo
instagram,2025-02-27,Photo
instagram,2025-02-27,Photo
instagram,2025-02-27,Photo
instagram,2025-02-27,Carousel
instagram,2025-02-27,Carousel
instagram,2025-02-26,Carousel
instagram,2025-02-26,Carousel
instagram,2025-02-26,Photo
instagram,2025-02-26,Photo
instagram,2025-02-26,Photo
instagram,2025-02-26,Photo
instagram,2025-02-26,Reel
instagram,2025-02-26,Reel
instagram,2025-02-26,Reel
instagram,2025-02-26,Reel
instagram,2025-02-26,Reel
instagram,2025-02-26,Photo
instagram,2025-02-26,Photo
instagram,2025-02-26,Reel
instagram,2025-02-26,Photo
instagram,2025-02-26,Photo
instagram,2025-02-26,Photo
instagram,2025-02-26,Reel
instagram,2025-02-26,Photo
instagram,2025-02-26,Carousel
instagram,2025-02-26,Reel
instagram,2025-02-26,Reel
instagram,2025-02-26,Photo
instagram,2025-02-25,Reel
instagram,2025-02-25,Photo
instagram,2025-02-25,Photo
instagram,2025-02-25,Carousel
instagram,2025-02-25,Photo
instagram,2025-02-25,Photo
instagram,2025-02-25,Reel
instagram,2025-02-25,Reel
instagram,2025-02-25,Reel
instagram,2025-02-25,Reel
instagram,2025-02-25,Photo
instagram,2025-02-25,Photo
instagram,2025-02-25,Photo
instagram,2025-02-25,Reel
instagram,2025-02-25,Photo
instagram,2025-02-25,Photo
instagram,2025-02-25,Photo
instagram,2025-02-24,Reel
instagram,2025-02-24,Carousel
instagram,2025-02-24,Carousel
instagram,2025-02-24,Reel
instagram,2025-02-24,Reel
instagram,2025-02-24,Carousel
instagram,2025-02-24,Carousel
instagram,2025-02-24,Carousel
instagram,2025-02-24,Photo
instagram,2025-02-24,Carousel
instagram,2025-02-24,Photo
instagram,2025-02-24,Photo
instagram,2025-02-24,Photo
instagram,2025-02-23,Reel
instagram,2025-02-23,Photo
instagram,2025-02-23,Carousel
instagram,2025-02-23,Photo
instagram,2025-02-23,Photo
instagram,2025-02-23,Photo
instagram,2025-02-23,Reel
instagram,2025-02-23,Reel
instagram,2025-02-23,Photo
instagram,2025-02-23,Photo
instagram,2025-02-23,Photo
instagram,2025-02-23,Reel
instagram,2025-02-23,Reel
instagram,2025-02-23,Photo
instagram,2025-02-23,Photo
instagram,2025-02-23,Reel
instagram,2025-02-23,Reel
instagram,2025-02-23,Reel
instagram,2025-02-23,Photo
instagram,2025-02-23,Carousel
instagram,2025-02-23,Photo
instagram,2025-02-22,Reel
instagram,2025-02-22,Photo
instagram,2025-02-22,Photo
instagram,2025-02-22,Reel
instagram,2025-02-22,Reel
instagram,2025-02-22,Reel
instagram,2025-02-22,Reel
instagram,2025-02-22,Reel
instagram,2025-02-22,Reel
instagram,2025-02-22,Reel
instagram,2025-02-22,Carousel
instagram,2025-02-22,Carousel
instagram,2025-02-22,Photo
instagram,2025-02-22,Carousel
instagram,2025-02-22,Photo
instagram,2025-02-22,Reel
instagram,2025-02-22,Reel
instagram,2025-02-22,Carousel
instagram,2025-02-22,Photo
instagram,2025-02-22,Reel
instagram,2025-02-22,Photo
instagram,2025-02-22,Photo
instagram,2025-02-22,Photo
instagram,2025-02-22,Reel
instagram,2025-02-22,Carousel
instagram,2025-02-22,Reel
instagram,2025-02-22,Reel
instagram,2025-02-22,Reel
instagram,2025-02-22,Reel
instagram,2025-02-22,Reel
instagram,2025-02-22,Photo
instagram,2025-02-22,Photo
instagram,2025-02-22,Reel
instagram,2025-02-22,Reel
instagram,2025-02-22,Reel
instagram,2025-02-22,Photo
instagram,2025-02-22,Carousel
instagram,2025-02-22,Photo
instagram,2025-02-22,Photo
instagram,2025-02-22,Carousel
instagram,2025-02-22,Photo
instagram,2025-02-21,Photo
instagram,2025-02-21,Photo
instagram,2025-02-21,Reel
instagram,2025-02-21,Photo
instagram,2025-02-21,Carousel
instagram,2025-02-21,Carousel
instagram,2025-02-21,Photo
instagram,2025-02-21,Carousel
instagram,2025-02-21,Photo
instagram,2025-02-21,Carousel
instagram,2025-02-21,Reel
instagram,2025-02-21,Photo
instagram,2025-02-21,Photo
instagram,2025-02-21,Photo
instagram,2025-02-20,Photo
instagram,2025-02-20,Carousel
instagram,2025-02-20,Reel
instagram,2025-02-20,Reel
instagram,2025-02-20,Carousel
instagram,2025-02-20,Reel
instagram,2025-02-20,Photo
instagram,2025-02-20,Photo
instagram,2025-02-20,Photo
instagram,2025-02-20,Carousel
instagram,2025-02-20,Reel
instagram,2025-02-20,Photo
instagram,2025-02-20,Carousel
instagram,2025-02-20,Reel
instagram,2025-02-20,Carousel
instagram,2025-02-20,Reel
instagram,2025-02-20,Photo
instagram,2025-02-20,Photo
instagram,2025-02-20,Carousel
instagram,2025-02-20,Photo
instagram,2025-02-20,Photo
instagram,2025-02-20,Reel
instagram,2025-02-20,Photo
instagram,2025-02-20,Photo
instagram,2025-02-20,Reel
instagram,2025-02-19,Reel
instagram,2025-02-19,Photo
instagram,2025-02-19,Photo
instagram,2025-02-19,Photo
instagram,2025-02-19,Reel
instagram,2025-02-19,Reel
instagram,2025-02-19,Photo
instagram,2025-02-19,Reel
instagram,2025-02-19,Reel
instagram,2025-02-19,Photo
instagram,2025-02-19,Photo
instagram,2025-02-19,Reel
instagram,2025-02-19,Reel
instagram,2025-02-19,Reel
instagram,2025-02-19,Photo
instagram,2025-02-19,Photo
instagram,2025-02-19,Photo
instagram,2025-02-18,Photo
instagram,2025-02-18,Carousel
instagram,2025-02-18,Reel
instagram,2025-02-18,Reel
instagram,2025-02-18,Carousel
instagram,2025-02-18,Reel
instagram,2025-02-18,Photo
instagram,2025-02-18,Reel
instagram,2025-02-18,Photo
instagram,2025-02-18,Photo
instagram,2025-02-18,Photo
instagram,2025-02-18,Photo
instagram,2025-02-18,Photo
instagram,2025-02-18,Reel
instagram,2025-02-18,Photo
instagram,2025-02-18,Photo
instagram,2025-02-18,Photo
instagram,2025-02-18,Reel
instagram,2025-02-18,Photo
instagram,2025-02-17,Photo
instagram,2025-02-17,Photo
instagram,2025-02-17,Reel
instagram,2025-02-17,Photo
instagram,2025-02-17,Photo
instagram,2025-02-17,Reel
instagram,2025-02-17,Reel
instagram,2025-02-17,Photo
instagram,2025-02-17,Photo
instagram,2025-02-17,Carousel
instagram,2025-02-17,Photo
instagram,2025-02-17,Reel
instagram,2025-02-17,Photo
instagram,2025-02-17,Carousel
instagram,2025-02-17,Photo
instagram,2025-02-17,Reel
instagram,2025-02-17,Reel
instagram,2025-02-16,Reel
instagram,2025-02-16,Carousel
instagram,2025-02-16,Reel
instagram,2025-02-16,Carousel
instagram,2025-02-16,Reel
instagram,2025-02-16,Reel
instagram,2025-02-16,Carousel
instagram,2025-02-16,Carousel
instagram,2025-02-16,Reel
instagram,2025-02-16,Photo
instagram,2025-02-16,Carousel
instagram,2025-02-16,Photo
instagram,2025-02-16,Photo
instagram,2025-02-16,Photo
instagram,2025-02-15,Reel
instagram,2025-02-15,Reel
instagram,2025-02-15,Carousel
instagram,2025-02-15,Carousel
instagram,2025-02-15,Carousel
instagram,2025-02-15,Photo
instagram,2025-02-15,Reel
instagram,2025-02-15,Carousel
instagram,2025-02-15,Reel
instagram,2025-02-15,Reel
instagram,2025-02-15,Photo
instagram,2025-02-15,Photo
instagram,2025-02-15,Reel
instagram,2025-02-15,Reel
instagram,2025-02-15,Photo
instagram,2025-02-15,Reel
instagram,2025-02-15,Photo
instagram,2025-02-15,Photo
instagram,2025-02-15,Reel
instagram,2025-02-15,Reel
instagram,2025-02-15,Photo
instagram,2025-02-15,Photo
instagram,2025-02-15,Reel
instagram,2025-02-15,Reel
instagram,2025-02-15,Photo
instagram,2025-02-15,Photo
instagram,2025-02-15,Carousel
instagram,2025-02-15,Reel
instagram,2025-02-15,Carousel
instagram,2025-02-15,Photo
instagram,2025-02-15,Reel
instagram,2025-02-15,Photo
instagram,2025-02-15,Photo
instagram,2025-02-15,Photo
instagram,2025-02-14,Reel
instagram,2025-02-14,Reel
instagram,2025-02-14,Reel
instagram,2025-02-14,Photo
instagram,2025-02-14,Carousel
instagram,2025-02-14,Photo
instagram,2025-02-14,Reel
instagram,2025-02-14,Photo
instagram,2025-02-14,Photo
instagram,2025-02-14,Photo
instagram,2025-02-14,Photo
instagram,2025-02-14,Reel
instagram,2025-02-14,Reel
instagram,2025-02-14,Photo
instagram,2025-02-14,Reel
instagram,2025-02-14,Photo
instagram,2025-02-14,Reel
instagram,2025-02-13,Photo
instagram,2025-02-13,Photo
instagram,2025-02-13,Reel
instagram,2025-02-13,Photo
instagram,2025-02-13,Photo
instagram,2025-02-13,Photo
instagram,2025-02-13,Reel
instagram,2025-02-13,Reel
instagram,2025-02-13,Reel
instagram,2025-02-13,Reel
instagram,2025-02-13,Reel
instagram,2025-02-13,Photo
instagram,2025-02-13,Photo
instagram,2025-02-13,Photo
instagram,2025-02-13,Photo
instagram,2025-02-13,Reel
instagram,2025-02-12,Reel
instagram,2025-02-12,Photo
instagram,2025-02-12,Photo
instagram,2025-02-12,Reel
instagram,2025-02-12,Photo
instagram,2025-02-12,Photo
instagram,2025-02-12,Carousel
instagram,2025-02-12,Reel
instagram,2025-02-12,Photo
instagram,2025-02-12,Photo
instagram,2025-02-12,Carousel
instagram,2025-02-11,Photo
instagram,2025-02-11,Carousel
instagram,2025-02-11,Reel
instagram,2025-02-11,Photo
instagram,2025-02-11,Photo
instagram,2025-02-11,Photo
instagram,2025-02-11,Photo
instagram,2025-02-11,Photo
instagram,2025-02-11,Photo
instagram,2025-02-11,Reel
instagram,2025-02-11,Photo
instagram,2025-02-11,Photo
instagram,2025-02-10,Reel
instagram,2025-02-10,Carousel
instagram,2025-02-10,Reel
instagram,2025-02-10,Photo
instagram,2025-02-10,Photo
instagram,2025-02-10,Photo
instagram,2025-02-10,Photo
instagram,2025-02-10,Photo
instagram,2025-02-10,Photo
instagram,2025-02-10,Photo
instagram,2025-02-10,Reel
instagram,2025-02-10,Photo
instagram,2025-02-10,Photo
instagram,2025-02-10,Photo
instagram,2025-02-10,Reel
instagram,2025-02-09,Carousel
instagram,2025-02-09,Carousel
instagram,2025-02-09,Photo
instagram,2025-02-09,Carousel
instagram,2025-02-09,Reel
instagram,2025-02-09,Reel
instagram,2025-02-09,Photo
instagram,2025-02-09,Reel
instagram,2025-02-09,Reel
instagram,2025-02-09,Reel
instagram,2025-02-09,Reel
instagram,2025-02-09,Photo
instagram,2025-02-09,Reel
instagram,2025-02-09,Reel
instagram,2025-02-09,Photo
instagram,2025-02-09,Photo
instagram,2025-02-08,Photo
instagram,2025-02-08,Reel
instagram,2025-02-08,Carousel
instagram,2025-02-08,Carousel
instagram,2025-02-08,Reel
instagram,2025-02-08,Reel
instagram,2025-02-08,Photo
instagram,2025-02-08,Carousel
instagram,2025-02-08,Reel
instagram,2025-02-08,Photo
instagram,2025-02-08,Reel
instagram,2025-02-08,Photo
instagram,2025-02-08,Reel
instagram,2025-02-08,Reel
instagram,2025-02-08,Reel
instagram,2025-02-08,Photo
instagram,2025-02-08,Reel
instagram,2025-02-08,Carousel
instagram,2025-02-08,Reel
instagram,2025-02-08,Photo
instagram,2025-02-08,Reel
instagram,2025-02-08,Reel
instagram,2025-02-08,Photo
instagram,2025-02-08,Photo
instagram,2025-02-08,Carousel
instagram,2025-02-08,Carousel
instagram,2025-02-08,Reel
instagram,2025-02-08,Photo
instagram,2025-02-08,Photo
instagram,2025-02-08,Photo
instagram,2025-02-08,Reel
instagram,2025-02-08,Photo
instagram,2025-02-08,Photo
instagram,2025-02-07,Photo
instagram,2025-02-07,Reel
instagram,2025-02-07,Reel
instagram,2025-02-07,Reel
instagram,2025-02-07,Carousel
instagram,2025-02-07,Reel
instagram,2025-02-07,Reel
instagram,2025-02-07,Photo
instagram,2025-02-07,Reel
instagram,2025-02-07,Reel
instagram,2025-02-06,Reel
instagram,2025-02-06,Reel
instagram,2025-02-06,Carousel
instagram,2025-02-06,Photo
instagram,2025-02-06,Reel
instagram,2025-02-06,Photo
instagram,2025-02-06,Reel
instagram,2025-02-06,Reel
instagram,2025-02-06,Reel
instagram,2025-02-06,Photo
instagram,2025-02-06,Carousel
instagram,2025-02-06,Photo
instagram,2025-02-06,Photo
instagram,2025-02-06,Photo
instagram,2025-02-06,Photo
instagram,2025-02-06,Photo
instagram,2025-02-06,Photo
instagram,2025-02-05,Carousel
instagram,2025-02-05,Carousel
instagram,2025-02-05,Reel
instagram,2025-02-05,Photo
instagram,2025-02-05,Carousel
instagram,2025-02-05,Reel
instagram,2025-02-05,Reel
instagram,2025-02-05,Reel
instagram,2025-02-05,Carousel
instagram,2025-02-05,Reel
instagram,2025-02-05,Photo
instagram,2025-02-05,Reel
instagram,2025-02-05,Reel
instagram,2025-02-05,Photo
instagram,2025-02-05,Reel
instagram,2025-02-04,Photo
instagram,2025-02-04,Reel
instagram,2025-02-04,Reel
instagram,2025-02-04,Reel
instagram,2025-02-04,Reel
instagram,2025-02-04,Reel
instagram,2025-02-04,Photo
instagram,2025-02-04,Reel
instagram,2025-02-04,Photo
instagram,2025-02-04,Photo
instagram,2025-02-04,Reel
instagram,2025-02-04,Reel
instagram,2025-02-04,Reel
instagram,2025-02-04,Reel
instagram,2025-02-04,Photo
instagram,2025-02-04,Reel
instagram,2025-02-04,Photo
instagram,2025-02-03,Reel
instagram,2025-02-03,Reel
instagram,2025-02-03,Carousel
instagram,2025-02-03,Reel
instagram,2025-02-03,Carousel
instagram,2025-02-03,Reel
instagram,2025-02-03,Photo
instagram,2025-02-03,Photo
instagram,2025-02-03,Photo
instagram,2025-02-03,Photo
instagram,2025-02-03,Carousel
instagram,2025-02-03,Photo
instagram,2025-02-03,Photo
instagram,2025-02-03,Photo
instagram,2025-02-02,Photo
instagram,2025-02-02,Photo
instagram,2025-02-02,Photo
instagram,2025-02-02,Reel
instagram,2025-02-02,Carousel
instagram,2025-02-02,Photo
instagram,2025-02-02,Photo
instagram,2025-02-02,Photo
instagram,2025-02-02,Reel
instagram,2025-02-02,Photo
instagram,2025-02-02,Reel
instagram,2025-02-02,Photo
instagram,2025-02-02,Photo
instagram,2025-02-02,Reel
instagram,2025-02-02,Photo
instagram,2025-02-02,Carousel
instagram,2025-02-02,Reel
instagram,2025-02-01,Photo
instagram,2025-02-01,Photo
instagram,2025-02-01,Carousel
instagram,2025-02-01,Photo
instagram,2025-02-01,Reel
instagram,2025-02-01,Reel
instagram,2025-02-01,Carousel
instagram,2025-02-01,Photo
instagram,2025-02-01,Reel
instagram,2025-02-01,Carousel
instagram,2025-02-01,Reel
instagram,2025-02-01,Reel
instagram,2025-02-01,Photo
instagram,2025-02-01,Reel
instagram,2025-02-01,Reel
instagram,2025-02-01,Reel
instagram,2025-02-01,Reel
instagram,2025-02-01,Reel
instagram,2025-02-01,Photo
instagram,2025-02-01,Reel
instagram,2025-02-01,Reel
instagram,2025-02-01,Reel
instagram,2025-02-01,Photo
instagram,2025-02-01,Reel
instagram,2025-02-01,Reel
instagram,2025-02-01,Carousel
instagram,2025-02-01,Photo
instagram,2025-02-01,Photo
instagram,2025-02-01,Carousel
instagram,2025-02-01,Photo
instagram,2025-02-01,Carousel
instagram,2025-02-01,Photo
instagram,2025-02-01,Photo
instagram,2025-02-01,Carousel
instagram,2025-01-31,Reel
instagram,2025-01-31,Reel
instagram,2025-01-31,Reel
instagram,2025-01-31,Carousel
instagram,2025-01-31,Reel
instagram,2025-01-31,Reel
instagram,2025-01-31,Photo
instagram,2025-01-31,Reel
instagram,2025-01-31,Photo
instagram,2025-01-31,Photo
instagram,2025-01-31,Reel
instagram,2025-01-30,Photo
instagram,2025-01-30,Carousel
instagram,2025-01-30,Photo
instagram,2025-01-30,Carousel
instagram,2025-01-30,Reel
instagram,2025-01-30,Carousel
instagram,2025-01-30,Photo
instagram,2025-01-30,Photo
instagram,2025-01-30,Carousel
instagram,2025-01-30,Reel
instagram,2025-01-30,Photo
instagram,2025-01-30,Photo
instagram,2025-01-30,Reel
instagram,2025-01-30,Photo
instagram,2025-01-30,Photo
instagram,2025-01-30,Photo
instagram,2025-01-30,Photo
instagram,2025-01-30,Carousel
instagram,2025-01-30,Reel
instagram,2025-01-30,Photo
instagram,2025-01-30,Carousel
instagram,2025-01-30,Carousel
instagram,2025-01-30,Photo
instagram,2025-01-30,Carousel
instagram,2025-01-30,Reel
instagram,2025-01-30,Photo
instagram,2025-01-30,Reel
instagram,2025-01-30,Photo
instagram,2025-01-30,Photo
instagram,2025-01-30,Reel
instagram,2025-01-30,Photo
instagram,2025-01-30,Photo
instagram,2025-01-30,Photo
instagram,2025-01-30,Reel
instagram,2025-01-30,Photo
instagram,2025-01-30,Reel
instagram,2025-01-30,Photo
instagram,2025-01-30,Reel
instagram,2025-01-30,Photo
instagram,2025-01-30,Reel
instagram,2025-01-30,Photo
instagram,2025-01-29,Reel
instagram,2025-01-29,Photo
instagram,2025-01-29,Carousel
instagram,2025-01-29,Photo
instagram,2025-01-29,Carousel
instagram,2025-01-29,Photo
instagram,2025-01-29,Photo
instagram,2025-01-29,Photo
instagram,2025-01-29,Reel
instagram,2025-01-29,Reel
instagram,2025-01-29,Reel
instagram,2025-01-28,Photo
instagram,2025-01-28,Photo
instagram,2025-01-28,Photo
instagram,2025-01-28,Carousel
instagram,2025-01-28,Reel
instagram,2025-01-28,Reel
instagram,2025-01-28,Reel
instagram,2025-01-28,Photo
instagram,2025-01-28,Photo
instagram,2025-01-28,Reel
instagram,2025-01-28,Photo
instagram,2025-01-27,Reel
instagram,2025-01-27,Photo
instagram,2025-01-27,Photo
instagram,2025-01-27,Carousel
instagram,2025-01-27,Photo
instagram,2025-01-27,Photo
instagram,2025-01-27,Photo
instagram,2025-01-27,Photo
instagram,2025-01-27,Photo
instagram,2025-01-26,Photo
instagram,2025-01-26,Photo
instagram,2025-01-26,Reel
instagram,2025-01-26,Photo
instagram,2025-01-26,Reel
instagram,2025-01-26,Photo
instagram,2025-01-26,Photo
instagram,2025-01-25,Photo
instagram,2025-01-25,Photo
instagram,2025-01-25,Carousel
instagram,2025-01-25,Reel
instagram,2025-01-25,Reel
instagram,2025-01-25,Carousel
instagram,2025-01-25,Reel
instagram,2025-01-25,Photo
instagram,2025-01-25,Reel
instagram,2025-01-25,Reel
instagram,2025-01-25,Carousel
instagram,2025-01-25,Photo
instagram,2025-01-25,Reel
instagram,2025-01-25,Photo
instagram,2025-01-25,Photo
instagram,2025-01-25,Reel
instagram,2025-01-25,Reel
instagram,2025-01-25,Reel
instagram,2025-01-25,Photo
instagram,2025-01-25,Photo
instagram,2025-01-25,Carousel
instagram,2025-01-25,Reel
instagram,2025-01-25,Reel
instagram,2025-01-24,Reel
instagram,2025-01-24,Carousel
instagram,2025-01-24,Reel
instagram,2025-01-24,Photo
instagram,2025-01-24,Photo
instagram,2025-01-24,Photo
instagram,2025-01-24,Reel
instagram,2025-01-24,Reel
instagram,2025-01-24,Reel
instagram,2025-01-23,Photo
instagram,2025-01-23,Reel
instagram,2025-01-23,Reel
instagram,2025-01-23,Photo
instagram,2025-01-23,Reel
instagram,2025-01-23,Photo
instagram,2025-01-23,Photo
instagram,2025-01-23,Photo
instagram,2025-01-23,Photo
instagram,2025-01-23,Photo
instagram,2025-01-23,Reel
instagram,2025-01-23,Photo
instagram,2025-01-22,Photo
instagram,2025-01-22,Photo
instagram,2025-01-22,Reel
instagram,2025-01-22,Reel
instagram,2025-01-22,Carousel
instagram,2025-01-22,Reel
instagram,2025-01-22,Photo
instagram,2025-01-22,Reel
instagram,2025-01-22,Reel
instagram,2025-01-22,Carousel
instagram,2025-01-22,Photo
instagram,2025-01-21,Photo
instagram,2025-01-21,Photo
instagram,2025-01-21,Photo
instagram,2025-01-21,Photo
instagram,2025-01-21,Photo
instagram,2025-01-21,Reel
instagram,2025-01-21,Photo
instagram,2025-01-21,Reel
instagram,2025-01-21,Photo
instagram,2025-01-21,Reel
instagram,2025-01-21,Photo
instagram,2025-01-21,Reel
instagram,2025-01-21,Reel
instagram,2025-01-21,Carousel
instagram,2025-01-21,Photo
instagram,2025-01-20,Reel
instagram,2025-01-20,Carousel
instagram,2025-01-20,Reel
instagram,2025-01-20,Photo
instagram,2025-01-20,Reel
instagram,2025-01-20,Reel
instagram,2025-01-20,Photo
instagram,2025-01-20,Reel
instagram,2025-01-20,Reel
instagram,2025-01-20,Photo
instagram,2025-01-20,Carousel
instagram,2025-01-20,Photo
instagram,2025-01-20,Reel
instagram,2025-01-20,Photo
instagram,2025-01-20,Carousel
instagram,2025-01-20,Photo
instagram,2025-01-20,Photo
instagram,2025-01-20,Photo
instagram,2025-01-20,Carousel
instagram,2025-01-20,Photo
instagram,2025-01-20,Reel
instagram,2025-01-20,Carousel
instagram,2025-01-19,Reel
instagram,2025-01-19,Carousel
instagram,2025-01-19,Reel
instagram,2025-01-19,Carousel
instagram,2025-01-19,Photo
instagram,2025-01-19,Carousel
instagram,2025-01-19,Photo
instagram,2025-01-19,Reel
instagram,2025-01-19,Reel
instagram,2025-01-19,Photo
instagram,2025-01-19,Carousel
instagram,2025-01-19,Reel
instagram,2025-01-19,Photo
instagram,2025-01-19,Reel
instagram,2025-01-19,Reel
instagram,2025-01-19,Reel
instagram,2025-01-19,Photo
instagram,2025-01-19,Photo
instagram,2025-01-19,Photo
instagram,2025-01-19,Photo
instagram,2025-01-19,Photo
instagram,2025-01-19,Reel
instagram,2025-01-19,Photo
instagram,2025-01-19,Carousel
instagram,2025-01-19,Photo
instagram,2025-01-19,Reel
instagram,2025-01-19,Reel
instagram,2025-01-19,Photo
instagram,2025-01-19,Photo
instagram,2025-01-19,Photo
instagram,2025-01-19,Reel
instagram,2025-01-19,Photo
instagram,2025-01-18,Reel
instagram,2025-01-18,Reel
instagram,2025-01-18,Carousel
instagram,2025-01-18,Reel
instagram,2025-01-18,Reel
instagram,2025-01-18,Photo
instagram,2025-01-18,Reel
instagram,2025-01-18,Photo
instagram,2025-01-18,Photo
instagram,2025-01-18,Reel
instagram,2025-01-18,Photo
instagram,2025-01-18,Photo
instagram,2025-01-17,Reel
instagram,2025-01-17,Carousel
instagram,2025-01-17,Photo
instagram,2025-01-17,Reel
instagram,2025-01-17,Reel
instagram,2025-01-17,Reel
instagram,2025-01-17,Carousel
instagram,2025-01-17,Reel
instagram,2025-01-17,Carousel
instagram,2025-01-17,Photo
instagram,2025-01-16,Carousel
instagram,2025-01-16,Photo
instagram,2025-01-16,Photo
instagram,2025-01-16,Reel
instagram,2025-01-16,Photo
instagram,2025-01-16,Reel
instagram,2025-01-16,Carousel
instagram,2025-01-16,Reel
instagram,2025-01-16,Reel
instagram,2025-01-16,Photo
instagram,2025-01-16,Photo
instagram,2025-01-16,Reel
instagram,2025-01-15,Reel
instagram,2025-01-15,Photo
instagram,2025-01-15,Reel
instagram,2025-01-15,Carousel
instagram,2025-01-15,Photo
instagram,2025-01-15,Reel
instagram,2025-01-15,Photo
instagram,2025-01-15,Reel
instagram,2025-01-15,Photo
instagram,2025-01-15,Reel
instagram,2025-01-14,Reel
instagram,2025-01-14,Photo
instagram,2025-01-14,Reel
instagram,2025-01-14,Photo
instagram,2025-01-14,Photo
instagram,2025-01-14,Photo
instagram,2025-01-14,Photo
instagram,2025-01-13,Reel
instagram,2025-01-13,Reel
instagram,2025-01-13,Reel
instagram,2025-01-13,Carousel
instagram,2025-01-13,Carousel
instagram,2025-01-13,Reel
instagram,2025-01-13,Photo
instagram,2025-01-13,Carousel
instagram,2025-01-13,Photo
instagram,2025-01-13,Carousel
instagram,2025-01-13,Reel
instagram,2025-01-13,Reel
instagram,2025-01-13,Photo
instagram,2025-01-12,Reel
instagram,2025-01-12,Reel
instagram,2025-01-12,Reel
instagram,2025-01-12,Photo
instagram,2025-01-12,Photo
instagram,2025-01-12,Reel
instagram,2025-01-12,Reel
instagram,2025-01-12,Photo
instagram,2025-01-12,Carousel
instagram,2025-01-12,Reel
instagram,2025-01-11,Reel
instagram,2025-01-11,Reel
instagram,2025-01-11,Carousel
instagram,2025-01-11,Reel
instagram,2025-01-11,Reel
instagram,2025-01-11,Reel
instagram,2025-01-11,Reel
instagram,2025-01-10,Reel
instagram,2025-01-10,Photo
instagram,2025-01-10,Photo
instagram,2025-01-10,Reel
instagram,2025-01-10,Reel
instagram,2025-01-10,Photo
instagram,2025-01-09,Reel
instagram,2025-01-09,Carousel
instagram,2025-01-09,Photo
instagram,2025-01-09,Reel
instagram,2025-01-09,Photo
instagram,2025-01-08,Photo
instagram,2025-01-08,Photo
instagram,2025-01-08,Photo
instagram,2025-01-08,Carousel
instagram,2025-01-08,Reel
instagram,2025-01-08,Reel
instagram,2025-01-08,Photo
instagram,2025-01-08,Photo
instagram,2025-01-07,Carousel
instagram,2025-01-07,Carousel
instagram,2025-01-07,Reel
instagram,2025-01-07,Reel
instagram,2025-01-07,Reel
instagram,2025-01-07,Reel
instagram,2025-01-07,Photo
instagram,2025-01-07,Photo
instagram,2025-01-07,Reel
instagram,2025-01-07,Photo
instagram,2025-01-06,Photo
instagram,2025-01-06,Photo
instagram,2025-01-06,Photo
instagram,2025-01-06,Photo
instagram,2025-01-06,Photo
instagram,2025-01-06,Photo
instagram,2025-01-06,Reel
instagram,2025-01-06,Photo
instagram,2025-01-06,Photo
instagram,2025-01-06,Reel
instagram,2025-01-05,Carousel
instagram,2025-01-05,Photo
instagram,2025-01-05,Reel
instagram,2025-01-05,Photo
instagram,2025-01-05,Reel
instagram,2025-01-05,Reel
instagram,2025-01-05,Photo
instagram,2025-01-05,Reel
instagram,2025-01-05,Photo
instagram,2025-01-05,Carousel
instagram,2025-01-05,Photo
instagram,2025-01-05,Photo
instagram,2025-01-05,Photo
instagram,2025-01-04,Carousel
instagram,2025-01-04,Reel
instagram,2025-01-04,Photo
instagram,2025-01-04,Carousel
instagram,2025-01-04,Reel
instagram,2025-01-04,Photo
instagram,2025-01-04,Photo
instagram,2025-01-04,Reel
instagram,2025-01-04,Reel
instagram,2025-01-03,Reel
instagram,2025-01-03,Reel
instagram,2025-01-03,Reel
instagram,2025-01-02,Reel
instagram,2025-01-02,Reel
instagram,2025-01-02,Photo
instagram,2025-01-02,Photo
instagram,2025-01-02,Photo
instagram,2025-01-01,Carousel
instagram,2025-01-01,Photo
instagram,2025-01-01,Photo
instagram,2025-01-01,Reel
instagram,2025-01-01,Photo
instagram,2025-01-01,Reel
instagram,2025-01-01,Reel
instagram,2025-01-01,Photo
