post_id,date,time,type,views,video_views,watch_min,reactions,comments,shares,permalink
220634478361516_1298693022289595,2025-12-31,20:58,Reel,144009,78438,29924.4,1963,39,88,https://www.facebook.com/reel/1935724684011678/
220634478361516_1298594642299433,2025-12-31,18:41,Photo,64186,0,0,1226,69,103,https://www.facebook.com/1240372834788281/posts/1298594642299433
220634478361516_1298454595646771,2025-12-31,15:30,Reel,163722,90681,25292.9,385,170,24,https://www.facebook.com/reel/886336744338933/
220634478361516_1298447968980767,2025-12-31,15:19,Reel,432919,152536,28190.0,707,328,98,https://www.facebook.com/reel/4423063584579838/
220634478361516_1298418982316999,2025-12-31,14:34,Reel,69076,39779,11292.4,198,34,3,https://www.facebook.com/reel/881615354399770/
220634478361516_1298375035654727,2025-12-31,13:20,Reel,34067,12645,2295.0,126,10,6,https://www.facebook.com/reel/3383812485105063/
220634478361516_1298333185658912,2025-12-31,12:00,Reel,23279,8822,4926.8,218,16,42,https://www.facebook.com/reel/1239350504836124/
220634478361516_1298304078995156,2025-12-31,11:05,Photo,233711,0,0,1774,1465,348,https://www.facebook.com/1240372834788281/posts/1298304078995156
220634478361516_1298300762328821,2025-12-31,10:58,Reel,126816,51352,11144.4,449,231,36,https://www.facebook.com/reel/1874836079784859/
220634478361516_1298272948998269,2025-12-31,10:01,Reel,20328,9588,5002.1,59,9,11,https://www.facebook.com/reel/1946060169647532/
220634478361516_1298256692333228,2025-12-31,09:25,Photo,57281,0,0,159,149,7,https://www.facebook.com/1240372834788281/posts/1298256692333228
220634478361516_1298202379005326,2025-12-31,07:30,Reel,56927,32246,24075.6,1058,54,70,https://www.facebook.com/reel/1190984913102791/
220634478361516_1297931825699048,2025-12-30,21:47,Reel,20363,10619,7818.5,82,16,7,https://www.facebook.com/reel/26085722701032909/
220634478361516_1297900162368881,2025-12-30,20:40,Photo,148435,0,0,1637,1171,190,https://www.facebook.com/1240372834788281/posts/1297900162368881
220634478361516_1297874479038116,2025-12-30,19:50,Photo,101010,0,0,1573,895,96,https://www.facebook.com/1240372834788281/posts/1297874479038116
220634478361516_1297825042376393,2025-12-30,18:24,Photo,63607,0,0,459,30,24,https://www.facebook.com/1240372834788281/posts/1297825042376393
220634478361516_1297816885710542,2025-12-30,18:11,Reel,254178,139956,70182.0,4304,316,426,https://www.facebook.com/reel/1359533939188062/
220634478361516_1297804709045093,2025-12-30,17:51,Reel,216962,91794,56968.0,1886,794,366,https://www.facebook.com/reel/908049985729674/
220634478361516_1297743032384594,2025-12-30,16:15,Photo,172254,0,0,3500,1456,260,https://www.facebook.com/1240372834788281/posts/1297743032384594
220634478361516_1297699812388916,2025-12-30,15:04,Reel,18036,8399,1869.0,74,80,10,https://www.facebook.com/reel/817766177959421/
220634478361516_1297684705723760,2025-12-30,14:38,Photo,43237,0,0,67,40,8,https://www.facebook.com/1240372834788281/posts/1297684705723760
220634478361516_1297626975729533,2025-12-30,12:49,Photo,94631,0,0,354,140,27,https://www.facebook.com/1240372834788281/posts/1297626975729533
220634478361516_1297539489071615,2025-12-30,10:00,Reel,53373,28120,25550.3,278,20,6,https://www.facebook.com/reel/1229820425706021/
220634478361516_1297518965740334,2025-12-30,09:15,Photo,411644,0,0,1759,259,29,https://www.facebook.com/1240372834788281/posts/1297518965740334
220634478361516_1297502095742021,2025-12-30,08:38,Photo,561365,0,0,3181,959,465,https://www.facebook.com/1240372834788281/posts/1297502095742021
220634478361516_1297471565745074,2025-12-30,07:30,Reel,15875,7159,3641.8,59,20,5,https://www.facebook.com/reel/1333804452095041/
220634478361516_1297262912432606,2025-12-29,23:45,Photo,392824,0,0,1396,769,169,https://www.facebook.com/1240372834788281/posts/1297262912432606
220634478361516_1297229619102602,2025-12-29,22:32,Photo,404634,0,0,3933,1752,349,https://www.facebook.com/1240372834788281/posts/1297229619102602
220634478361516_1297207322438165,2025-12-29,21:45,Reel,24975,9498,4631.3,433,32,11,https://www.facebook.com/reel/1537896157480815/
220634478361516_1297204132438484,2025-12-29,21:38,Photo,112783,0,0,374,117,11,https://www.facebook.com/1240372834788281/posts/1297204132438484
220634478361516_1297177855774445,2025-12-29,20:42,Photo,348039,0,0,788,244,50,https://www.facebook.com/1240372834788281/posts/1297177855774445
220634478361516_1297142412444656,2025-12-29,19:33,Photo,66967,0,0,468,24,20,https://www.facebook.com/1240372834788281/posts/1297142412444656
220634478361516_1297094345782796,2025-12-29,18:33,Reel,204895,120702,60807.7,4090,201,170,https://www.facebook.com/reel/2084997478903856/
220634478361516_1297083125783918,2025-12-29,18:15,Reel,180369,94405,31216.2,6753,676,203,https://www.facebook.com/reel/3200705406774563/
220634478361516_1297031805789050,2025-12-29,16:58,Photo,174010,0,0,1720,251,65,https://www.facebook.com/1240372834788281/posts/1297031805789050
220634478361516_1297030535789177,2025-12-29,16:56,Photo,148798,0,0,1709,1298,130,https://www.facebook.com/1240372834788281/posts/1297030535789177
220634478361516_1296951475797083,2025-12-29,14:45,Reel,28656,14478,3385.7,192,295,14,https://www.facebook.com/reel/2430239247434356/
220634478361516_1296921875800043,2025-12-29,13:51,Photo,198796,0,0,414,53,20,https://www.facebook.com/1240372834788281/posts/1296921875800043
220634478361516_1296865749138989,2025-12-29,12:00,Reel,255348,142990,173069.2,1183,77,59,https://www.facebook.com/reel/1557650308618548/
220634478361516_1296847159140848,2025-12-29,11:24,Photo,110112,0,0,1024,498,133,https://www.facebook.com/1240372834788281/posts/1296847159140848
220634478361516_1296828412476056,2025-12-29,10:40,Photo,80203,0,0,233,88,33,https://www.facebook.com/1240372834788281/posts/1296828412476056
220634478361516_1296811312477766,2025-12-29,10:00,Reel,21837,11100,7976.9,308,31,35,https://www.facebook.com/reel/2417796048678338/
220634478361516_1296755189150045,2025-12-29,08:01,Reel,39395,20566,6446.7,510,144,31,https://www.facebook.com/reel/843341582031258/
220634478361516_1296742165818014,2025-12-29,07:30,Reel,16496,7457,6562.3,107,4,6,https://www.facebook.com/reel/1910126019884350/
220634478361516_1296738862485011,2025-12-29,07:22,Photo,150079,0,0,3377,387,50,https://www.facebook.com/1240372834788281/posts/1296738862485011
220634478361516_1296561769169387,2025-12-29,00:29,Reel,151752,85798,36960.5,2981,1116,115,https://www.facebook.com/reel/1961610808089247/
220634478361516_1296523152506582,2025-12-28,22:54,Reel,35062,19054,17796.1,278,24,28,https://www.facebook.com/reel/1231088445553887/
220634478361516_1296418069183757,2025-12-28,19:33,Reel,224329,129190,56540.0,7164,828,955,https://www.facebook.com/reel/900993909278664/
220634478361516_1296392082519689,2025-12-28,19:01,Reel,22921,10280,8934.9,104,2,5,https://www.facebook.com/reel/1199606401592122/
220634478361516_1296341642524733,2025-12-28,17:49,Reel,262039,126615,31015.2,723,47,56,https://www.facebook.com/reel/1663618984618012/
220634478361516_1296328995859331,2025-12-28,17:32,Photo,276922,0,0,6783,700,97,https://www.facebook.com/1240372834788281/posts/1296328995859331
220634478361516_1296304562528441,2025-12-28,16:59,Reel,60979,31164,7528.1,217,206,39,https://www.facebook.com/reel/1911696820231617/
220634478361516_1296231935869037,2025-12-28,14:55,Reel,257050,141214,45280.4,2071,648,566,https://www.facebook.com/reel/1312886143926932/
220634478361516_1296226652536232,2025-12-28,14:47,Reel,221754,103595,32226.4,2890,1402,284,https://www.facebook.com/reel/1575578330108480/
220634478361516_1296200222538875,2025-12-28,13:58,Photo,54909,0,0,88,19,6,https://www.facebook.com/1240372834788281/posts/1296200222538875
220634478361516_1296179265874304,2025-12-28,13:15,Photo,396857,0,0,4335,373,99,https://www.facebook.com/1240372834788281/posts/1296179265874304
220634478361516_1296140992544798,2025-12-28,12:00,Reel,166518,82540,123500.7,1458,62,48,https://www.facebook.com/reel/2352804218525863/
220634478361516_1296099232548974,2025-12-28,10:32,Reel,26288,13838,3107.7,142,9,13,https://www.facebook.com/reel/722966224221644/
220634478361516_1296084819217082,2025-12-28,10:00,Reel,47864,22496,15456.5,1755,132,146,https://www.facebook.com/reel/1202593825179359/
220634478361516_1296055682553329,2025-12-28,08:53,Photo,514219,0,0,6225,1488,140,https://www.facebook.com/1240372834788281/posts/1296055682553329
220634478361516_1296018772557020,2025-12-28,07:30,Reel,81759,44232,33127.8,611,42,48,https://www.facebook.com/reel/849056344659060/
220634478361516_1295765752582322,2025-12-27,21:30,Reel,61550,29995,49805.3,265,104,39,https://www.facebook.com/reel/1254422549853292/
220634478361516_1295715702587327,2025-12-27,19:51,Photo,696661,0,0,10000,941,390,https://www.facebook.com/1240372834788281/posts/1295715702587327
220634478361516_1295610479264516,2025-12-27,16:49,Photo,135221,0,0,148,148,9,https://www.facebook.com/1240372834788281/posts/1295610479264516
220634478361516_1295509959274568,2025-12-27,13:52,Photo,169454,0,0,648,120,86,https://www.facebook.com/1240372834788281/posts/1295509959274568
220634478361516_1295463165945914,2025-12-27,12:19,Photo,327020,0,0,925,136,78,https://www.facebook.com/1240372834788281/posts/1295463165945914
220634478361516_1295454225946808,2025-12-27,12:00,Reel,97907,51122,62397.9,919,58,41,https://www.facebook.com/reel/843037948504119/
220634478361516_1295399715952259,2025-12-27,10:00,Reel,154340,78507,105188.0,864,169,43,https://www.facebook.com/reel/1578160606673762/
220634478361516_1295336069291957,2025-12-27,07:30,Reel,31873,17231,22754.3,146,45,13,https://www.facebook.com/reel/1586987785637471/
220634478361516_1295140002644897,2025-12-26,23:39,Reel,211868,102844,24398.3,4135,143,117,https://www.facebook.com/reel/1202295605209793/
220634478361516_1295114459314118,2025-12-26,22:45,Reel,15965,6546,5843.8,140,43,16,https://www.facebook.com/reel/1390753319366556/
220634478361516_1295015632657334,2025-12-26,19:23,Reel,187133,107231,58652.6,2050,117,88,https://www.facebook.com/reel/4271605973114482/
220634478361516_1294880242670873,2025-12-26,15:55,Reel,479199,188987,71655.7,2804,142,80,https://www.facebook.com/reel/2073342870082324/
220634478361516_1294873222671575,2025-12-26,15:42,Photo,122223,0,0,1729,321,38,https://www.facebook.com/1240372834788281/posts/1294873222671575
220634478361516_1294824622676435,2025-12-26,14:17,Photo,732375,0,0,1817,2110,133,https://www.facebook.com/1240372834788281/posts/1294824622676435
220634478361516_1294808646011366,2025-12-26,13:46,Reel,598250,260528,57052.6,1840,1322,157,https://www.facebook.com/reel/1579077526634431/
220634478361516_1294797062679191,2025-12-26,13:23,Photo,261239,0,0,735,230,57,https://www.facebook.com/1240372834788281/posts/1294797062679191
220634478361516_1294701929355371,2025-12-26,10:00,Reel,90265,45682,35939.9,360,77,20,https://www.facebook.com/reel/1581112763339550/
220634478361516_1294638396028391,2025-12-26,07:31,Reel,12290,4363,1834.0,83,7,6,https://www.facebook.com/reel/2093876964784085/
220634478361516_1294417942717103,2025-12-25,22:37,Reel,165954,78901,17797.9,1698,1336,95,https://www.facebook.com/reel/3821536128140268/
220634478361516_1294415469384017,2025-12-25,22:30,Reel,244597,129888,38807.7,2083,163,102,https://www.facebook.com/reel/2373735306472999/
220634478361516_1294397482719149,2025-12-25,21:48,Photo,181546,0,0,1878,902,417,https://www.facebook.com/1240372834788281/posts/1294397482719149
220634478361516_1294389429386621,2025-12-25,21:30,Photo,1081849,0,0,9177,1131,511,https://www.facebook.com/1240372834788281/posts/1294389429386621
220634478361516_1294383192720578,2025-12-25,21:17,Reel,125701,71051,26351.5,1174,210,54,https://www.facebook.com/reel/739885325333638/
220634478361516_1294366039388960,2025-12-25,20:39,Photo,309751,0,0,2479,2486,154,https://www.facebook.com/1240372834788281/posts/1294366039388960
220634478361516_1294290076063223,2025-12-25,18:18,Reel,109695,54348,28938.4,524,86,43,https://www.facebook.com/reel/1618503339315288/
220634478361516_1294254372733460,2025-12-25,17:17,Reel,523756,231836,91943.2,2001,1143,124,https://www.facebook.com/reel/1214479090745771/
220634478361516_1294230622735835,2025-12-25,16:37,Photo,174921,0,0,584,244,42,https://www.facebook.com/1240372834788281/posts/1294230622735835
220634478361516_1294187592740138,2025-12-25,16:05,Photo,402502,0,0,1004,100,24,https://www.facebook.com/1240372834788281/posts/1294187592740138
220634478361516_1294167649408799,2025-12-25,15:34,Photo,129627,0,0,755,485,37,https://www.facebook.com/1240372834788281/posts/1294167649408799
220634478361516_1294163059409258,2025-12-25,15:27,Photo,96384,0,0,186,56,12,https://www.facebook.com/1240372834788281/posts/1294163059409258
220634478361516_1294135566078674,2025-12-25,14:42,Photo,169343,0,0,1382,720,156,https://www.facebook.com/1240372834788281/posts/1294135566078674
220634478361516_1294113336080897,2025-12-25,14:00,Reel,17851,7986,1623.6,330,52,37,https://www.facebook.com/reel/877083038150918/
220634478361516_1294067392752158,2025-12-25,12:32,Reel,93198,46368,18393.1,4096,432,919,https://www.facebook.com/reel/1141679664464807/
220634478361516_1294051149420449,2025-12-25,12:01,Reel,252870,155577,201193.4,1344,57,52,https://www.facebook.com/reel/1316020730333489/
220634478361516_1294009979424566,2025-12-25,10:37,Photo,146896,0,0,774,396,34,https://www.facebook.com/1240372834788281/posts/1294009979424566
220634478361516_1293994179426146,2025-12-25,10:07,Photo,94376,0,0,356,252,19,https://www.facebook.com/1240372834788281/posts/1293994179426146
220634478361516_1293990502759847,2025-12-25,10:00,Reel,247552,132707,219429.2,1834,233,118,https://www.facebook.com/reel/25243489208656625/
220634478361516_1293952669430297,2025-12-25,08:41,Photo,244889,0,0,4179,1846,574,https://www.facebook.com/1240372834788281/posts/1293952669430297
220634478361516_1293917152767182,2025-12-25,07:30,Reel,9730,4030,1251.5,82,63,11,https://www.facebook.com/reel/1535113414363113/
220634478361516_1293650289460535,2025-12-24,22:00,Reel,24055,12830,6734.7,253,187,17,https://www.facebook.com/reel/736272249030474/
220634478361516_1293638309461733,2025-12-24,21:35,Reel,10260,4726,3822.4,35,28,6,https://www.facebook.com/reel/1476104780601158/
220634478361516_1293559779469586,2025-12-24,19:08,Reel,212552,110037,38349.7,2146,384,82,https://www.facebook.com/reel/3195209277319615/
220634478361516_1293528732806024,2025-12-24,18:18,Photo,100114,0,0,2305,113,196,https://www.facebook.com/1240372834788281/posts/1293528732806024
220634478361516_1293414369484127,2025-12-24,15:19,Reel,152810,76887,22402.7,5516,854,672,https://www.facebook.com/reel/855602150714000/
220634478361516_1293381699487394,2025-12-24,14:27,Photo,1320597,0,0,7936,2261,868,https://www.facebook.com/1240372834788281/posts/1293381699487394
220634478361516_1293363976155833,2025-12-24,14:00,Reel,20693,8297,7864.6,69,8,10,https://www.facebook.com/reel/1241613661276425/
220634478361516_1293326379492926,2025-12-24,12:56,Photo,88242,0,0,1440,395,76,https://www.facebook.com/1240372834788281/posts/1293326379492926
220634478361516_1293297696162461,2025-12-24,12:00,Reel,35374,16656,12781.6,526,14,11,https://www.facebook.com/reel/1994507211282623/
220634478361516_1293280396164191,2025-12-24,11:24,Photo,479776,0,0,2648,2131,39,https://www.facebook.com/1240372834788281/posts/1293280396164191
220634478361516_1293271106165120,2025-12-24,11:06,Reel,56132,27748,6427.8,613,129,112,https://www.facebook.com/reel/1500888897879171/
220634478361516_1293238736168357,2025-12-24,10:00,Reel,18308,9628,6130.1,85,5,5,https://www.facebook.com/reel/1741321403202323/
220634478361516_1293211036171127,2025-12-24,09:05,Photo,153371,0,0,3364,629,605,https://www.facebook.com/1240372834788281/posts/1293211036171127
220634478361516_1293207109504853,2025-12-24,08:55,Photo,100568,0,0,1577,69,33,https://www.facebook.com/1240372834788281/posts/1293207109504853
220634478361516_1293169362841961,2025-12-24,07:30,Reel,136548,78131,116484.2,615,156,26,https://www.facebook.com/reel/1920417362214264/
220634478361516_1292919199533644,2025-12-23,22:17,Reel,314286,184980,128819.8,2171,184,94,https://www.facebook.com/reel/880408144406718/
220634478361516_1292900882868809,2025-12-23,21:37,Photo,290418,0,0,828,286,26,https://www.facebook.com/1240372834788281/posts/1292900882868809
220634478361516_1292881426204088,2025-12-23,20:56,Photo,339714,0,0,9154,3494,650,https://www.facebook.com/1240372834788281/posts/1292881426204088
220634478361516_1292794259546138,2025-12-23,18:32,Reel,42227,20235,8252.1,121,12,10,https://www.facebook.com/reel/1999661890602186/
220634478361516_1292767369548827,2025-12-23,17:47,Photo,78037,0,0,763,107,14,https://www.facebook.com/1240372834788281/posts/1292767369548827
220634478361516_1292685116223719,2025-12-23,15:38,Reel,47826,20555,9105.5,312,144,57,https://www.facebook.com/reel/1550203122727276/
220634478361516_1292681542890743,2025-12-23,15:31,Photo,539483,0,0,9204,624,1243,https://www.facebook.com/1240372834788281/posts/1292681542890743
220634478361516_1292660589559505,2025-12-23,14:57,Reel,49798,27382,7285.4,278,63,46,https://www.facebook.com/reel/750234398092389/
220634478361516_1292629939562570,2025-12-23,14:04,Reel,231784,109072,40773.4,3189,670,88,https://www.facebook.com/reel/876198262030726/
220634478361516_1292627496229481,2025-12-23,14:00,Reel,79744,34909,35401.0,375,62,20,https://www.facebook.com/reel/797484309977437/
220634478361516_1292567646235466,2025-12-23,12:08,Reel,42824,20537,9472.7,1499,226,455,https://www.facebook.com/reel/862781389456614/
220634478361516_1292563682902529,2025-12-23,12:01,Reel,11431,4752,2180.1,39,8,2,https://www.facebook.com/reel/950438294606010/
220634478361516_1292542809571283,2025-12-23,11:18,Photo,112853,0,0,920,872,38,https://www.facebook.com/1240372834788281/posts/1292542809571283
220634478361516_1292517709573793,2025-12-23,10:33,Reel,76906,46019,10786.7,375,167,26,https://www.facebook.com/reel/862999869767045/
220634478361516_1292502752908622,2025-12-23,10:00,Reel,70483,34101,36090.7,306,55,10,https://www.facebook.com/reel/1538401700701327/
220634478361516_1292469382911959,2025-12-23,08:48,Photo,165277,0,0,258,72,28,https://www.facebook.com/1240372834788281/posts/1292469382911959
220634478361516_1292434676248763,2025-12-23,07:30,Reel,123638,65539,52387.6,873,240,41,https://www.facebook.com/reel/1561395685053231/
220634478361516_1292176436274587,2025-12-22,22:44,Reel,21977,10247,5148.4,242,210,15,https://www.facebook.com/reel/25660988926854250/
220634478361516_1292160882942809,2025-12-22,22:14,Photo,106635,0,0,495,508,39,https://www.facebook.com/1240372834788281/posts/1292160882942809
220634478361516_1291872202971677,2025-12-22,14:15,Reel,277885,110694,58285.5,832,285,47,https://www.facebook.com/reel/1597726644556240/
220634478361516_1291866402972257,2025-12-22,14:05,Photo,86248,0,0,684,427,122,https://www.facebook.com/1240372834788281/posts/1291866402972257
220634478361516_1291800639645500,2025-12-22,12:06,Photo,655536,0,0,1988,554,61,https://www.facebook.com/1240372834788281/posts/1291800639645500
220634478361516_1291797469645817,2025-12-22,12:00,Reel,18120,6548,3878.2,62,11,8,https://www.facebook.com/reel/2637052659987577/
220634478361516_1291669802991917,2025-12-22,07:30,Reel,342877,180877,207473.4,1326,634,78,https://www.facebook.com/reel/870681128754389/
220634478361516_1291425616349669,2025-12-21,22:30,Photo,126413,0,0,2425,952,206,https://www.facebook.com/1240372834788281/posts/1291425616349669
220634478361516_1291421733016724,2025-12-21,22:21,Reel,658639,370124,212012.6,19850,1478,360,https://www.facebook.com/reel/2318347985294650/
220634478361516_1291401313018766,2025-12-21,21:41,Reel,66059,30841,28991.4,396,33,29,https://www.facebook.com/reel/1390676172557736/
220634478361516_1291292259696338,2025-12-21,18:57,Reel,703108,333183,120481.2,25236,641,1117,https://www.facebook.com/reel/1237431231622647/
220634478361516_1291261836366047,2025-12-21,18:16,Photo,204008,0,0,755,244,31,https://www.facebook.com/1240372834788281/posts/1291261836366047
220634478361516_1291170919708472,2025-12-21,16:08,Reel,1894444,630308,127211.6,2245,508,203,https://www.facebook.com/reel/1408210634346247/
220634478361516_1291154896376741,2025-12-21,15:43,Reel,66148,34859,8324.0,3398,633,564,https://www.facebook.com/reel/1580869419719415/
220634478361516_1291088556383375,2025-12-21,13:54,Reel,20985,9878,6000.5,122,71,8,https://www.facebook.com/reel/1927171971541170/
220634478361516_1291057029719861,2025-12-21,12:56,Photo,168206,0,0,341,97,33,https://www.facebook.com/1240372834788281/posts/1291057029719861
220634478361516_1291035536388677,2025-12-21,12:18,Reel,90109,57802,14278.8,1158,88,36,https://www.facebook.com/reel/812958528408853/
220634478361516_1290983259727238,2025-12-21,10:39,Photo,64624,0,0,102,22,5,https://www.facebook.com/1240372834788281/posts/1290983259727238
220634478361516_1290962986395932,2025-12-21,10:00,Reel,150472,63971,102654.9,832,153,110,https://www.facebook.com/reel/1364659348493995/
220634478361516_1290892736402957,2025-12-21,07:30,Reel,60655,33999,49383.7,717,76,64,https://www.facebook.com/reel/1386077392907933/
220634478361516_1290618366430394,2025-12-20,21:45,Reel,81273,51029,59675.5,425,25,11,https://www.facebook.com/reel/1689312122450807/
220634478361516_1290611326431098,2025-12-20,21:31,Reel,81038,39309,12742.3,302,59,27,https://www.facebook.com/reel/2328792580896320/
220634478361516_1290577276434503,2025-12-20,20:29,Reel,43740,25617,5045.2,298,112,46,https://www.facebook.com/reel/25666209846343857/
220634478361516_1290563639769200,2025-12-20,20:03,Reel,18448,9002,4254.7,201,68,16,https://www.facebook.com/reel/844599638563262/
220634478361516_1290499633108934,2025-12-20,18:15,Photo,125280,0,0,280,174,21,https://www.facebook.com/1240372834788281/posts/1290499633108934
220634478361516_1290449713113926,2025-12-20,16:57,Reel,349020,169605,454843.1,1986,93,80,https://www.facebook.com/reel/1454479233050424/
220634478361516_1290440816448149,2025-12-20,16:43,Reel,325672,154191,56095.8,2265,558,557,https://www.facebook.com/reel/1783800952296023/
220634478361516_1290408849784679,2025-12-20,15:57,Reel,18178,8068,8099.6,108,8,10,https://www.facebook.com/reel/1137998998167344/
220634478361516_1290374859788078,2025-12-20,15:01,Photo,142911,0,0,1342,149,55,https://www.facebook.com/1240372834788281/posts/1290374859788078
220634478361516_1290335569792007,2025-12-20,13:56,Photo,386325,0,0,792,117,28,https://www.facebook.com/1240372834788281/posts/1290335569792007
220634478361516_1290304149795149,2025-12-20,13:03,Photo,296246,0,0,1133,622,77,https://www.facebook.com/1240372834788281/posts/1290304149795149
220634478361516_1290266276465603,2025-12-20,12:00,Reel,74407,40479,42115.1,355,65,18,https://www.facebook.com/reel/1834653653858471/
220634478361516_1290241203134777,2025-12-20,11:11,Reel,53653,28211,10930.2,723,51,10,https://www.facebook.com/reel/871816408523829/
220634478361516_1290219829803581,2025-12-20,10:30,Reel,165157,94012,147672.6,1684,370,49,https://www.facebook.com/reel/763155519430707/
220634478361516_1290129349812629,2025-12-20,07:30,Reel,209049,117926,86509.1,864,564,40,https://www.facebook.com/reel/2922803728108829/
220634478361516_1289870393171858,2025-12-19,23:03,Photo,417143,0,0,10000,201,471,https://www.facebook.com/1240372834788281/posts/1289870393171858
220634478361516_1289781966514034,2025-12-19,20:19,Photo,911328,0,0,2368,287,75,https://www.facebook.com/1240372834788281/posts/1289781966514034
220634478361516_1289532559872308,2025-12-19,14:47,Photo,66335,0,0,105,46,6,https://www.facebook.com/1240372834788281/posts/1289532559872308
220634478361516_1289502433208654,2025-12-19,14:00,Reel,134950,84751,65403.2,531,32,22,https://www.facebook.com/reel/2005222133378244/
220634478361516_1289462586545972,2025-12-19,12:55,Photo,423218,0,0,5571,270,105,https://www.facebook.com/1240372834788281/posts/1289462586545972
220634478361516_1289431216549109,2025-12-19,12:01,Reel,37935,20501,8378.6,95,15,3,https://www.facebook.com/reel/4115423535386738/
220634478361516_1289402586551972,2025-12-19,11:12,Reel,127539,77995,17144.9,476,56,34,https://www.facebook.com/reel/783790571348095/
220634478361516_1289361573222740,2025-12-19,10:00,Reel,26245,13860,11947.2,98,14,9,https://www.facebook.com/reel/893501200025220/
220634478361516_1289353899890174,2025-12-19,09:47,Reel,86989,51927,15635.8,3064,83,115,https://www.facebook.com/reel/1949035902340591/
220634478361516_1289286506563580,2025-12-19,07:30,Reel,147220,77059,60494.3,1137,691,33,https://www.facebook.com/reel/2711545842516837/
220634478361516_1289100726582158,2025-12-19,01:07,Reel,86694,48670,40271.3,772,241,53,https://www.facebook.com/reel/883427387388768/
220634478361516_1289048426587388,2025-12-18,23:08,Photo,204202,0,0,488,218,123,https://www.facebook.com/1240372834788281/posts/1289048426587388
220634478361516_1289037496588481,2025-12-18,22:44,Photo,195851,0,0,533,88,25,https://www.facebook.com/1240372834788281/posts/1289037496588481
220634478361516_1289025476589683,2025-12-18,22:18,Reel,317201,187461,100438.6,2636,1515,113,https://www.facebook.com/reel/830961886516945/
220634478361516_1288973133261584,2025-12-18,20:42,Photo,79263,0,0,800,328,32,https://www.facebook.com/1240372834788281/posts/1288973133261584
220634478361516_1288955613263336,2025-12-18,20:07,Reel,129154,69705,17948.5,1223,417,253,https://www.facebook.com/reel/795648500174209/
220634478361516_1288928173266080,2025-12-18,19:16,Reel,86996,59084,14093.4,287,14,7,https://www.facebook.com/reel/1210174211177514/
220634478361516_1288915039934060,2025-12-18,18:53,Photo,147928,0,0,162,50,7,https://www.facebook.com/1240372834788281/posts/1288915039934060
220634478361516_1288866856605545,2025-12-18,17:32,Reel,22516,11866,2703.6,171,12,8,https://www.facebook.com/reel/1152518413622284/
220634478361516_1288824683276429,2025-12-18,16:30,Reel,79649,47798,30473.1,421,37,25,https://www.facebook.com/reel/1565031107769546/
220634478361516_1288819043276993,2025-12-18,16:22,Reel,88699,43390,11700.6,184,34,7,https://www.facebook.com/reel/1221921766476059/
220634478361516_1288764913282406,2025-12-18,14:57,Reel,67683,37677,10009.4,403,371,132,https://www.facebook.com/reel/845665888244792/
220634478361516_1288730743285823,2025-12-18,14:00,Reel,36590,16260,24691.7,328,12,21,https://www.facebook.com/reel/889937760657120/
220634478361516_1288729919952572,2025-12-18,13:59,Reel,86419,45691,13807.1,553,559,76,https://www.facebook.com/reel/1935460193709487/
220634478361516_1288702729955291,2025-12-18,13:14,Photo,161270,0,0,428,38,14,https://www.facebook.com/1240372834788281/posts/1288702729955291
220634478361516_1288660673292830,2025-12-18,12:00,Reel,84024,42576,49709.3,767,41,40,https://www.facebook.com/reel/868559749090104/
220634478361516_1288635523295345,2025-12-18,11:15,Photo,36815,0,0,42,21,3,https://www.facebook.com/1240372834788281/posts/1288635523295345
220634478361516_1288611966631034,2025-12-18,10:30,Reel,16635,8129,5361.3,60,4,4,https://www.facebook.com/reel/1496159584812858/
220634478361516_1288606763298221,2025-12-18,10:20,Reel,51847,28900,7966.9,732,46,34,https://www.facebook.com/reel/803983979336687/
220634478361516_1288577586634472,2025-12-18,09:16,Photo,74023,0,0,407,33,14,https://www.facebook.com/1240372834788281/posts/1288577586634472
220634478361516_1288564836635747,2025-12-18,08:49,Photo,116112,0,0,2526,255,60,https://www.facebook.com/1240372834788281/posts/1288564836635747
220634478361516_1288528236639407,2025-12-18,07:30,Reel,82731,40558,67775.2,424,83,58,https://www.facebook.com/reel/3277607959065283/
220634478361516_1288300969995467,2025-12-17,23:17,Photo,114178,0,0,202,147,10,https://www.facebook.com/1240372834788281/posts/1288300969995467
220634478361516_1288251843333713,2025-12-17,21:40,Reel,66664,36017,20032.2,335,282,23,https://www.facebook.com/reel/858753936855374/
220634478361516_1288245373334360,2025-12-17,21:26,Photo,286131,0,0,2158,1122,101,https://www.facebook.com/1240372834788281/posts/1288245373334360
220634478361516_1288221353336762,2025-12-17,20:50,Photo,403880,0,0,1066,896,37,https://www.facebook.com/1240372834788281/posts/1288221353336762
220634478361516_1288106090014955,2025-12-17,17:35,Photo,145782,0,0,617,120,32,https://www.facebook.com/1240372834788281/posts/1288106090014955
220634478361516_1287987273360170,2025-12-17,14:26,Reel,42505,23786,26874.7,321,48,27,https://www.facebook.com/reel/872034442077781/
220634478361516_1287928746699356,2025-12-17,12:42,Photo,1197458,0,0,4519,536,284,https://www.facebook.com/1240372834788281/posts/1287928746699356
220634478361516_1287842816707949,2025-12-17,09:42,Photo,268866,0,0,1542,1426,55,https://www.facebook.com/1240372834788281/posts/1287842816707949
220634478361516_1287783593380538,2025-12-17,07:30,Reel,78608,46539,51993.8,728,197,45,https://www.facebook.com/reel/757081726670464/
220634478361516_1287563060069258,2025-12-16,23:00,Reel,77805,37751,50893.7,862,159,106,https://www.facebook.com/reel/1453828996750847/
220634478361516_1287549303403967,2025-12-16,22:31,Photo,165075,0,0,645,85,46,https://www.facebook.com/1240372834788281/posts/1287549303403967
220634478361516_1287519853406912,2025-12-16,21:29,Reel,74055,48495,12073.4,568,17,24,https://www.facebook.com/reel/4081720898717477/
220634478361516_1287460466746184,2025-12-16,19:44,Reel,424468,207185,60804.0,3325,791,292,https://www.facebook.com/reel/750745017372828/
220634478361516_1287400146752216,2025-12-16,18:01,Reel,365200,208909,58153.6,2096,1087,361,https://www.facebook.com/reel/1408916530945440/
220634478361516_1287372973421600,2025-12-16,17:23,Reel,80479,44607,93034.5,950,107,39,https://www.facebook.com/reel/851567251062177/
220634478361516_1287372786754952,2025-12-16,17:21,Reel,103881,61719,25365.9,1769,752,264,https://www.facebook.com/reel/1200416568087754/
220634478361516_1287325070093057,2025-12-16,16:09,Reel,276126,112825,27235.8,1151,453,45,https://www.facebook.com/reel/905826845206009/
220634478361516_1287240150101549,2025-12-16,13:47,Photo,46473,0,0,30,6,7,https://www.facebook.com/1240372834788281/posts/1287240150101549
220634478361516_1287168573442040,2025-12-16,11:33,Photo,106422,0,0,188,17,5,https://www.facebook.com/1240372834788281/posts/1287168573442040
220634478361516_1287141270111437,2025-12-16,10:36,Photo,129444,0,0,1239,796,150,https://www.facebook.com/1240372834788281/posts/1287141270111437
220634478361516_1287137173445180,2025-12-16,10:27,Reel,3826436,1228351,527223.3,12832,3575,1431,https://www.facebook.com/reel/1915110999882757/
220634478361516_1287124756779755,2025-12-16,10:00,Reel,56321,27282,51988.9,660,454,76,https://www.facebook.com/reel/1220696393287730/
220634478361516_1287122343446663,2025-12-16,09:55,Reel,8287,4070,1002.3,61,3,8,https://www.facebook.com/reel/651597794614078/
220634478361516_1287109010114663,2025-12-16,09:28,Photo,75340,0,0,786,66,15,https://www.facebook.com/1240372834788281/posts/1287109010114663
220634478361516_1287055770119987,2025-12-16,07:30,Reel,13918,6860,5140.8,77,6,4,https://www.facebook.com/reel/1353977989208706/
220634478361516_1286862196806011,2025-12-16,00:29,Reel,41860,25270,23947.1,734,47,21,https://www.facebook.com/reel/2480662025664306/
220634478361516_1286845790140985,2025-12-15,23:49,Reel,13083,6189,3601.1,201,11,13,https://www.facebook.com/reel/4191971467729426/
220634478361516_1286831546809076,2025-12-15,23:15,Reel,13769,7005,1691.0,279,13,13,https://www.facebook.com/reel/1942277986671616/
220634478361516_1286787870146777,2025-12-15,21:41,Photo,152248,0,0,2242,159,94,https://www.facebook.com/1240372834788281/posts/1286787870146777
220634478361516_1286677233491174,2025-12-15,18:20,Photo,69458,0,0,628,41,34,https://www.facebook.com/1240372834788281/posts/1286677233491174
220634478361516_1286652233493674,2025-12-15,17:39,Photo,533626,0,0,8138,680,257,https://www.facebook.com/1240372834788281/posts/1286652233493674
220634478361516_1286580156834215,2025-12-15,15:43,Reel,99659,51975,15326.3,5276,209,298,https://www.facebook.com/reel/1472676874377499/
220634478361516_1286515010174063,2025-12-15,13:56,Photo,269067,0,0,3033,279,176,https://www.facebook.com/1240372834788281/posts/1286515010174063
220634478361516_1286414320184132,2025-12-15,10:45,Photo,420033,0,0,1313,594,48,https://www.facebook.com/1240372834788281/posts/1286414320184132
220634478361516_1286399686852262,2025-12-15,10:15,Photo,230820,0,0,969,83,24,https://www.facebook.com/1240372834788281/posts/1286399686852262
220634478361516_1286392290186335,2025-12-15,10:00,Reel,162989,82450,166446.8,1525,185,135,https://www.facebook.com/reel/2352208608557180/
220634478361516_1286318773527020,2025-12-15,07:30,Reel,212773,110792,122998.3,946,166,24,https://www.facebook.com/reel/2564871350549750/
220634478361516_1286092853549612,2025-12-14,23:39,Reel,97296,49390,29848.6,5215,195,327,https://www.facebook.com/reel/2033023980763780/
220634478361516_1286065980218966,2025-12-14,22:36,Reel,64904,35657,6622.4,1649,33,41,https://www.facebook.com/reel/1315627856947015/
220634478361516_1286058520219712,2025-12-14,22:22,Photo,86445,0,0,218,21,12,https://www.facebook.com/1240372834788281/posts/1286058520219712
220634478361516_1286046600220904,2025-12-14,21:57,Photo,366218,0,0,6538,159,183,https://www.facebook.com/1240372834788281/posts/1286046600220904
220634478361516_1286038380221726,2025-12-14,21:40,Reel,19260,8306,4974.6,121,11,6,https://www.facebook.com/reel/827988473406331/
220634478361516_1286035620222002,2025-12-14,21:34,Photo,149761,0,0,1495,116,39,https://www.facebook.com/1240372834788281/posts/1286035620222002
220634478361516_1286010500224514,2025-12-14,20:46,Reel,416387,184367,54402.8,8982,104,284,https://www.facebook.com/reel/1224480866207038/
220634478361516_1285890660236498,2025-12-14,19:06,Reel,272775,142867,29086.8,11084,236,243,https://www.facebook.com/reel/1569435804192192/
220634478361516_1285883086903922,2025-12-14,18:53,Reel,92449,46938,15357.1,987,53,80,https://www.facebook.com/reel/1211272397549214/
220634478361516_1285919306900300,2025-12-14,18:44,Photo,83484,0,0,628,108,17,https://www.facebook.com/1240372834788281/posts/1285919306900300
220634478361516_1285742676917963,2025-12-14,14:08,Photo,592395,0,0,2749,354,109,https://www.facebook.com/1240372834788281/posts/1285742676917963
220634478361516_1285709900254574,2025-12-14,13:08,Photo,92790,0,0,416,53,20,https://www.facebook.com/1240372834788281/posts/1285709900254574
220634478361516_1285698856922345,2025-12-14,12:48,Photo,119971,0,0,1390,148,59,https://www.facebook.com/1240372834788281/posts/1285698856922345
220634478361516_1285673616924869,2025-12-14,12:00,Reel,44801,21381,20880.0,342,90,41,https://www.facebook.com/reel/1997711424404704/
220634478361516_1285662333592664,2025-12-14,11:45,Reel,2481434,1327930,793498.3,21083,924,1867,https://www.facebook.com/reel/1480663136360706/
220634478361516_1285660873592810,2025-12-14,11:42,Photo,59812,0,0,322,58,12,https://www.facebook.com/1240372834788281/posts/1285660873592810
220634478361516_1285632166929014,2025-12-14,10:46,Reel,766426,346109,133937.7,4308,337,357,https://www.facebook.com/reel/843073468644824/
220634478361516_1285626663596231,2025-12-14,10:33,Photo,88124,0,0,219,76,15,https://www.facebook.com/1240372834788281/posts/1285626663596231
220634478361516_1285611310264433,2025-12-14,10:01,Reel,27724,11574,7281.3,81,13,4,https://www.facebook.com/reel/1839007326720956/
220634478361516_1285565493602348,2025-12-14,08:20,Photo,115103,0,0,461,151,19,https://www.facebook.com/1240372834788281/posts/1285565493602348
220634478361516_1285539580271606,2025-12-14,07:30,Reel,126724,73404,78839.7,526,138,46,https://www.facebook.com/reel/1397491075084273/
220634478361516_1285290353629862,2025-12-13,22:12,Reel,38437,21079,14265.8,524,51,12,https://www.facebook.com/reel/1926081974786110/
220634478361516_1285197460305818,2025-12-13,19:18,Reel,35726,16571,8798.4,218,23,25,https://www.facebook.com/reel/1541155853878963/
220634478361516_1285177923641105,2025-12-13,18:47,Reel,160482,83224,22331.5,644,251,47,https://www.facebook.com/reel/2275321352932426/
220634478361516_1285063666985864,2025-12-13,15:35,Photo,89810,0,0,501,75,8,https://www.facebook.com/1240372834788281/posts/1285063666985864
220634478361516_1285051076987123,2025-12-13,15:15,Reel,24902,13213,4037.8,56,18,3,https://www.facebook.com/reel/1367689617995043/
220634478361516_1284987463660151,2025-12-13,13:30,Reel,129563,83187,76744.8,1404,87,50,https://www.facebook.com/reel/1199412595489271/
220634478361516_1284981053660792,2025-12-13,13:18,Photo,323251,0,0,510,170,6,https://www.facebook.com/1240372834788281/posts/1284981053660792
220634478361516_1284941553664742,2025-12-13,12:00,Reel,68746,35562,36990.5,293,11,19,https://www.facebook.com/reel/1388425702884392/
220634478361516_1284914030334161,2025-12-13,11:01,Reel,14649,5355,1992.4,195,9,5,https://www.facebook.com/reel/1273694351452295/
220634478361516_1284817883677109,2025-12-13,07:30,Reel,23060,9836,6923.1,101,7,8,https://www.facebook.com/reel/26035504569385265/
220634478361516_1284594950366069,2025-12-12,23:37,Reel,33107,16405,6777.0,123,14,10,https://www.facebook.com/reel/1895400197750642/
220634478361516_1284588067033424,2025-12-12,23:22,Reel,111102,69585,17924.8,336,132,20,https://www.facebook.com/reel/2616162462078136/
220634478361516_1284580903700807,2025-12-12,23:05,Photo,107040,0,0,153,71,20,https://www.facebook.com/1240372834788281/posts/1284580903700807
220634478361516_1284292037063027,2025-12-12,14:35,Photo,239292,0,0,5512,258,275,https://www.facebook.com/1240372834788281/posts/1284292037063027
220634478361516_1284269393731958,2025-12-12,14:00,Reel,58145,31059,9951.4,575,20,16,https://www.facebook.com/reel/1342430800487297/
220634478361516_1284246757067555,2025-12-12,13:23,Photo,658632,0,0,13004,402,229,https://www.facebook.com/1240372834788281/posts/1284246757067555
220634478361516_1284203080405256,2025-12-12,12:00,Reel,58651,28212,33008.9,1024,279,145,https://www.facebook.com/reel/1585610002434849/
220634478361516_1284144613744436,2025-12-12,10:00,Reel,905190,494887,585598.3,4307,320,141,https://www.facebook.com/reel/888201840447536/
220634478361516_1284131357079095,2025-12-12,09:30,Reel,221362,129135,29478.0,1235,51,100,https://www.facebook.com/reel/1509769123657682/
220634478361516_1284122497079981,2025-12-12,09:11,Photo,362311,0,0,692,75,19,https://www.facebook.com/1240372834788281/posts/1284122497079981
220634478361516_1284074563751441,2025-12-12,07:31,Reel,57366,25158,9411.8,628,488,29,https://www.facebook.com/reel/24589899704017684/
220634478361516_1283835900441974,2025-12-11,22:52,Reel,121344,68813,25436.5,695,23,7,https://www.facebook.com/reel/1025716059739909/
220634478361516_1283801270445437,2025-12-11,21:46,Reel,69492,37752,31237.4,559,16,14,https://www.facebook.com/reel/1348601453125428/
220634478361516_1283755767116654,2025-12-11,20:15,Reel,31701,14709,10541.3,150,9,11,https://www.facebook.com/reel/857917540202888/
220634478361516_1283730950452469,2025-12-11,19:30,Reel,33990,17694,17657.3,130,6,6,https://www.facebook.com/reel/1185522596409280/
220634478361516_1283697003789197,2025-12-11,18:31,Reel,13245,5409,2030.1,48,2,3,https://www.facebook.com/reel/1734179867969832/
220634478361516_1283690030456561,2025-12-11,18:19,Reel,341368,192650,110232.0,1262,232,96,https://www.facebook.com/reel/1382251010016477/
220634478361516_1283673867124844,2025-12-11,17:51,Reel,166552,76065,33487.4,3956,577,242,https://www.facebook.com/reel/1838941523405560/
220634478361516_1283621913796706,2025-12-11,16:27,Reel,35822,15965,7433.6,255,34,14,https://www.facebook.com/reel/2046490646109611/
220634478361516_1283596070465957,2025-12-11,15:44,Reel,209885,120570,44665.1,1393,137,236,https://www.facebook.com/reel/1607024947134921/
220634478361516_1283468080478756,2025-12-11,12:05,Photo,676527,0,0,5261,1120,115,https://www.facebook.com/1240372834788281/posts/1283468080478756
220634478361516_1283462367145994,2025-12-11,11:55,Photo,108370,0,0,769,240,97,https://www.facebook.com/1240372834788281/posts/1283462367145994
220634478361516_1283361557156075,2025-12-11,08:26,Photo,412118,0,0,2057,2381,183,https://www.facebook.com/1240372834788281/posts/1283361557156075
220634478361516_1283038533855044,2025-12-10,20:51,Reel,125539,68763,25365.3,5924,1197,768,https://www.facebook.com/reel/1557484905394475/
220634478361516_1283028890522675,2025-12-10,20:30,Reel,563651,287374,142991.6,7325,2024,661,https://www.facebook.com/reel/1394547112364363/
220634478361516_1283017607190470,2025-12-10,20:08,Photo,150553,0,0,2113,48,18,https://www.facebook.com/1240372834788281/posts/1283017607190470
220634478361516_1282991783859719,2025-12-10,19:21,Photo,275748,0,0,443,105,29,https://www.facebook.com/1240372834788281/posts/1282991783859719
220634478361516_1282979077194323,2025-12-10,19:02,Reel,70626,40025,67195.8,614,33,26,https://www.facebook.com/reel/1424735475874893/
220634478361516_1282961743862723,2025-12-10,18:30,Photo,254456,0,0,2885,1329,28,https://www.facebook.com/1240372834788281/posts/1282961743862723
220634478361516_1282948530530711,2025-12-10,18:08,Photo,401497,0,0,3289,321,34,https://www.facebook.com/1240372834788281/posts/1282948530530711
220634478361516_1282943630531201,2025-12-10,18:01,Reel,257285,144766,58987.8,3445,155,46,https://www.facebook.com/reel/25283128428009710/
220634478361516_1282916973867200,2025-12-10,17:19,Reel,405783,232312,62611.1,14624,778,707,https://www.facebook.com/reel/1213454627370969/
220634478361516_1282840143874883,2025-12-10,15:22,Photo,806444,0,0,1363,243,44,https://www.facebook.com/1240372834788281/posts/1282840143874883
220634478361516_1282802113878686,2025-12-10,14:22,Photo,375832,0,0,3035,539,932,https://www.facebook.com/1240372834788281/posts/1282802113878686
220634478361516_1282801880545376,2025-12-10,14:22,Photo,278896,0,0,1419,1629,163,https://www.facebook.com/1240372834788281/posts/1282801880545376
220634478361516_1282794193879478,2025-12-10,14:10,Reel,116217,50564,8382.0,6417,156,677,https://www.facebook.com/reel/838327882295969/
220634478361516_1282743523884545,2025-12-10,12:41,Reel,357198,201083,289519.9,1829,111,68,https://www.facebook.com/reel/2014706112403708/
220634478361516_1282723927219838,2025-12-10,12:04,Reel,175292,102085,31941.9,2602,833,428,https://www.facebook.com/reel/2318314318610901/
220634478361516_1282711603887737,2025-12-10,11:43,Reel,94555,52103,23647.2,1168,822,112,https://www.facebook.com/reel/858072746608792/
220634478361516_1282672023891695,2025-12-10,10:24,Reel,55876,33399,8836.4,208,18,19,https://www.facebook.com/reel/827698896708789/
220634478361516_1282319530593611,2025-12-09,22:02,Photo,699473,0,0,5450,690,121,https://www.facebook.com/1240372834788281/posts/1282319530593611
220634478361516_1282318410593723,2025-12-09,22:00,Reel,82891,46282,34539.3,811,28,25,https://www.facebook.com/reel/1199656999029543/
220634478361516_1282305103928387,2025-12-09,21:39,Photo,279840,0,0,386,125,4,https://www.facebook.com/1240372834788281/posts/1282305103928387
220634478361516_1282291243929773,2025-12-09,21:12,Reel,1540072,716138,249278.2,2375,143,100,https://www.facebook.com/reel/1084398347026426/
220634478361516_1282271750598389,2025-12-09,20:34,Photo,1017413,0,0,4231,704,96,https://www.facebook.com/1240372834788281/posts/1282271750598389
220634478361516_1282243547267876,2025-12-09,19:45,Reel,92842,49448,20117.1,550,93,23,https://www.facebook.com/reel/1388948606209538/
220634478361516_1282137917278439,2025-12-09,16:56,Reel,22759,11204,11707.4,127,11,8,https://www.facebook.com/reel/980793608444069/
220634478361516_1282132070612357,2025-12-09,16:46,Reel,532894,270791,105456.8,2503,590,248,https://www.facebook.com/reel/1605844004183307/
220634478361516_1282072450618319,2025-12-09,15:12,Reel,85115,57033,10964.7,876,117,22,https://www.facebook.com/reel/847434257836073/
220634478361516_1281974690628095,2025-12-09,12:54,Photo,386421,0,0,1155,637,30,https://www.facebook.com/1240372834788281/posts/1281974690628095
220634478361516_1281947713964126,2025-12-09,12:00,Reel,68260,37938,26977.8,630,84,42,https://www.facebook.com/reel/1646445703007800/
220634478361516_1281909587301272,2025-12-09,10:43,Reel,40601,19508,5540.1,246,15,15,https://www.facebook.com/reel/872774672096760/
220634478361516_1281870090638555,2025-12-09,09:19,Photo,428588,0,0,1141,171,41,https://www.facebook.com/1240372834788281/posts/1281870090638555
220634478361516_1281819917310239,2025-12-09,07:30,Reel,44232,20230,16611.3,482,44,33,https://www.facebook.com/reel/24903029206042150/
220634478361516_1281584057333825,2025-12-08,23:06,Reel,322742,175976,52918.6,3216,2260,130,https://www.facebook.com/reel/4338494023143002/
220634478361516_1281580927334138,2025-12-08,23:00,Reel,168570,92573,145170.3,763,25,41,https://www.facebook.com/reel/1160182012545771/
220634478361516_1281368860688678,2025-12-08,17:00,Reel,98766,35847,17075.5,486,59,23,https://www.facebook.com/reel/2878417915686191/
220634478361516_1281331604025737,2025-12-08,16:02,Photo,852391,0,0,4704,3324,447,https://www.facebook.com/1240372834788281/posts/1281331604025737
220634478361516_1281235714035326,2025-12-08,13:20,Photo,1284543,0,0,2778,647,232,https://www.facebook.com/1240372834788281/posts/1281235714035326
220634478361516_1281195780705986,2025-12-08,12:12,Photo,426043,0,0,6306,1308,169,https://www.facebook.com/1240372834788281/posts/1281195780705986
220634478361516_1281189190706645,2025-12-08,12:01,Reel,77363,44739,35347.6,286,50,21,https://www.facebook.com/reel/903424795343462/
220634478361516_1281064800719084,2025-12-08,07:30,Reel,195690,93877,173741.2,1175,268,64,https://www.facebook.com/reel/871167808588497/
220634478361516_1280865357405695,2025-12-08,00:30,Reel,117788,59156,19897.8,3144,107,156,https://www.facebook.com/reel/2103767990365711/
220634478361516_1280799620745602,2025-12-07,22:00,Reel,186586,92982,93301.0,1071,242,145,https://www.facebook.com/reel/893264433192647/
220634478361516_1280698077422423,2025-12-07,19:15,Photo,197186,0,0,331,121,8,https://www.facebook.com/1240372834788281/posts/1280698077422423
220634478361516_1280651400760424,2025-12-07,18:16,Reel,1280645,641577,317693.7,23223,1140,995,https://www.facebook.com/reel/1936850780576258/
220634478361516_1280599114098986,2025-12-07,17:05,Photo,229397,0,0,767,80,14,https://www.facebook.com/1240372834788281/posts/1280599114098986
220634478361516_1280551890770375,2025-12-07,15:54,Reel,15366,5432,1023.4,187,14,12,https://www.facebook.com/reel/702068142670206/
220634478361516_1280492294109668,2025-12-07,14:15,Photo,319319,0,0,6240,2563,214,https://www.facebook.com/1240372834788281/posts/1280492294109668
220634478361516_1280485270777037,2025-12-07,14:03,Photo,982423,0,0,16301,1751,1382,https://www.facebook.com/1240372834788281/posts/1280485270777037
220634478361516_1280467367445494,2025-12-07,13:30,Reel,202822,112451,36349.3,5823,224,110,https://www.facebook.com/reel/1846787306202366/
220634478361516_1280291524129745,2025-12-07,07:31,Reel,467636,222031,519371.0,2526,555,151,https://www.facebook.com/reel/869715679081481/
220634478361516_1280073854151512,2025-12-06,23:18,Reel,407223,181335,45828.1,1254,913,48,https://www.facebook.com/reel/1031078815859803/
220634478361516_1280063524152545,2025-12-06,22:55,Photo,196140,0,0,811,275,11,https://www.facebook.com/1240372834788281/posts/1280063524152545
220634478361516_1280030007489230,2025-12-06,21:56,Reel,18879,8542,8361.7,164,120,23,https://www.facebook.com/reel/1364787561902354/
220634478361516_1280015444157353,2025-12-06,21:23,Reel,170350,83784,47652.7,1028,133,61,https://www.facebook.com/reel/693981443545696/
220634478361516_1280011977491033,2025-12-06,21:17,Reel,147820,70956,52492.3,5416,370,585,https://www.facebook.com/reel/1376466287414315/
220634478361516_1279957340829830,2025-12-06,19:33,Reel,45882,13512,3900.1,130,32,9,https://www.facebook.com/reel/4073711552879815/
220634478361516_1279921817500049,2025-12-06,18:30,Reel,140372,77906,22995.1,2741,485,310,https://www.facebook.com/reel/1202012481990993/
220634478361516_1279902567501974,2025-12-06,17:57,Reel,454952,235569,52181.9,2320,97,158,https://www.facebook.com/reel/4192416094379332/
220634478361516_1279874484171449,2025-12-06,17:10,Reel,303925,170239,94445.5,2221,70,51,https://www.facebook.com/reel/1526052208724792/
220634478361516_1279811707511060,2025-12-06,15:36,Reel,187008,113520,28755.8,1921,89,147,https://www.facebook.com/reel/1784913572183499/
220634478361516_1279803090845255,2025-12-06,15:22,Photo,112773,0,0,242,151,13,https://www.facebook.com/1240372834788281/posts/1279803090845255
220634478361516_1279775187514712,2025-12-06,14:35,Photo,333882,0,0,469,78,29,https://www.facebook.com/1240372834788281/posts/1279775187514712
220634478361516_1279736630851901,2025-12-06,13:32,Reel,176223,104189,31008.5,828,46,14,https://www.facebook.com/reel/1898607750760226/
220634478361516_1279688747523356,2025-12-06,12:00,Reel,29515,14584,14431.8,145,22,16,https://www.facebook.com/reel/1152072737103697/
220634478361516_1279630867529144,2025-12-06,10:01,Reel,67984,35286,53934.7,352,136,37,https://www.facebook.com/reel/872903828512112/
220634478361516_1279598354199062,2025-12-06,08:51,Photo,65698,0,0,599,24,11,https://www.facebook.com/1240372834788281/posts/1279598354199062
220634478361516_1279335204225377,2025-12-05,23:54,Reel,33051,16857,31483.1,273,20,28,https://www.facebook.com/reel/4678012375814190/
220634478361516_1279333240892240,2025-12-05,23:49,Reel,12659,5808,2754.5,81,12,9,https://www.facebook.com/reel/2036306700493254/
220634478361516_1279217294237168,2025-12-05,19:50,Photo,99890,0,0,435,71,5,https://www.facebook.com/1240372834788281/posts/1279217294237168
220634478361516_1279153237576907,2025-12-05,17:56,Photo,178757,0,0,2715,373,43,https://www.facebook.com/1240372834788281/posts/1279153237576907
220634478361516_1279077450917819,2025-12-05,16:00,Photo,283247,0,0,8831,614,789,https://www.facebook.com/1240372834788281/posts/1279077450917819
220634478361516_1279072794251618,2025-12-05,15:53,Photo,228527,0,0,834,75,14,https://www.facebook.com/1240372834788281/posts/1279072794251618
220634478361516_1279014884257409,2025-12-05,14:20,Reel,9907,3552,918.0,96,6,8,https://www.facebook.com/reel/1791262774913369/
220634478361516_1278982450927319,2025-12-05,13:30,Photo,966182,0,0,4825,1780,286,https://www.facebook.com/1240372834788281/posts/1278982450927319
220634478361516_1278874374271460,2025-12-05,10:01,Reel,53604,28710,17932.8,785,143,85,https://www.facebook.com/reel/1987989838429966/
220634478361516_1278804577611773,2025-12-05,07:31,Reel,99893,52829,86212.4,1000,47,34,https://www.facebook.com/reel/2128673557965868/
220634478361516_1278570970968467,2025-12-04,22:52,Reel,84495,47642,23490.1,901,79,14,https://www.facebook.com/reel/1883425682559338/
220634478361516_1278557197636511,2025-12-04,22:30,Reel,316637,164470,251857.3,1743,451,98,https://www.facebook.com/reel/1186725946923720/
220634478361516_1278526207639610,2025-12-04,21:28,Reel,114655,63465,80671.1,706,80,48,https://www.facebook.com/reel/2289354184908296/
220634478361516_1278519514306946,2025-12-04,21:15,Photo,630126,0,0,10789,4853,1574,https://www.facebook.com/1240372834788281/posts/1278519514306946
220634478361516_1278491420976422,2025-12-04,20:21,Photo,707542,0,0,7842,2521,108,https://www.facebook.com/1240372834788281/posts/1278491420976422
220634478361516_1278458037646427,2025-12-04,19:23,Photo,175487,0,0,2943,149,78,https://www.facebook.com/1240372834788281/posts/1278458037646427
220634478361516_1278407684318129,2025-12-04,17:55,Reel,276445,164432,73940.7,9052,176,66,https://www.facebook.com/reel/2563796523995319/
220634478361516_1278348227657408,2025-12-04,16:08,Reel,92025,53034,28200.1,1556,741,317,https://www.facebook.com/reel/767909236313787/
220634478361516_1278341870991377,2025-12-04,15:59,Reel,15589,6349,5803.5,58,3,9,https://www.facebook.com/reel/1861524175249424/
220634478361516_1278341337658097,2025-12-04,15:57,Reel,176578,80813,68031.9,484,388,78,https://www.facebook.com/reel/1895875701035700/
220634478361516_1278275297664701,2025-12-04,14:14,Reel,68177,40445,16953.5,358,368,15,https://www.facebook.com/reel/1342812627320953/
220634478361516_1278216877670543,2025-12-04,12:31,Photo,192265,0,0,1176,568,36,https://www.facebook.com/1240372834788281/posts/1278216877670543
220634478361516_1278199267672304,2025-12-04,12:01,Reel,15006,6199,4031.2,113,11,6,https://www.facebook.com/reel/1170749311304750/
220634478361516_1278137361011828,2025-12-04,10:01,Reel,141568,75397,51947.7,891,116,91,https://www.facebook.com/reel/1528157805088148/
220634478361516_1278131497679081,2025-12-04,09:47,Photo,108612,0,0,2398,155,143,https://www.facebook.com/1240372834788281/posts/1278131497679081
220634478361516_1278114917680739,2025-12-04,09:13,Reel,135631,61920,164365.6,2177,54,196,https://www.facebook.com/reel/1375191274260477/
220634478361516_1278096347682596,2025-12-04,08:29,Photo,51689,0,0,553,56,10,https://www.facebook.com/1240372834788281/posts/1278096347682596
220634478361516_1278069851018579,2025-12-04,07:30,Reel,105782,50246,39953.5,2860,498,465,https://www.facebook.com/reel/1402716271368928/
220634478361516_1277859577706273,2025-12-03,23:56,Reel,160654,103580,64391.2,3154,274,171,https://www.facebook.com/reel/1761194237908054/
220634478361516_1277846024374295,2025-12-03,23:24,Photo,199414,0,0,412,217,54,https://www.facebook.com/1240372834788281/posts/1277846024374295
220634478361516_1277732824385615,2025-12-03,19:30,Photo,92656,0,0,672,134,30,https://www.facebook.com/1240372834788281/posts/1277732824385615
220634478361516_1277719764386921,2025-12-03,19:05,Photo,377201,0,0,626,337,14,https://www.facebook.com/1240372834788281/posts/1277719764386921
220634478361516_1277695577722673,2025-12-03,18:24,Reel,700267,315815,85210.6,4557,129,85,https://www.facebook.com/reel/4205916773000822/
220634478361516_1277683914390506,2025-12-03,18:04,Photo,426109,0,0,3289,328,169,https://www.facebook.com/1240372834788281/posts/1277683914390506
220634478361516_1277636877728543,2025-12-03,16:46,Reel,128437,60706,14103.5,477,77,12,https://www.facebook.com/reel/886420950485544/
220634478361516_1277626984396199,2025-12-03,16:31,Reel,583508,317701,105418.8,912,570,26,https://www.facebook.com/reel/929855292700396/
220634478361516_1277569034401994,2025-12-03,15:00,Reel,298640,158632,133655.3,864,412,34,https://www.facebook.com/reel/1360611042471220/
220634478361516_1277565644402333,2025-12-03,14:55,Photo,60783,0,0,88,26,2,https://www.facebook.com/1240372834788281/posts/1277565644402333
220634478361516_1277533537738877,2025-12-03,14:00,Reel,16528,7420,5240.1,151,85,28,https://www.facebook.com/reel/1949823978911147/
220634478361516_1277529364405961,2025-12-03,13:52,Photo,308968,0,0,411,340,31,https://www.facebook.com/1240372834788281/posts/1277529364405961
220634478361516_1277467324412165,2025-12-03,12:01,Reel,67510,40815,32942.5,322,21,9,https://www.facebook.com/reel/1395607182149737/
220634478361516_1277423621083202,2025-12-03,11:01,Reel,384968,216539,119149.8,1046,761,45,https://www.facebook.com/reel/884304450819567/
220634478361516_1277402907751940,2025-12-03,10:16,Reel,41866,21923,3961.4,306,201,46,https://www.facebook.com/reel/1220830943239400/
220634478361516_1277395831085981,2025-12-03,10:01,Reel,44795,27256,33973.6,275,15,8,https://www.facebook.com/reel/1696718218154738/
220634478361516_1277381301087434,2025-12-03,09:29,Photo,685448,0,0,3180,4382,137,https://www.facebook.com/1240372834788281/posts/1277381301087434
220634478361516_1277375857754645,2025-12-03,09:17,Photo,62389,0,0,137,108,17,https://www.facebook.com/1240372834788281/posts/1277375857754645
220634478361516_1277368471088717,2025-12-03,09:00,Reel,102348,62590,60852.3,1054,20,43,https://www.facebook.com/reel/843985058373499/
220634478361516_1277328684426029,2025-12-03,07:30,Reel,72288,39898,21877.6,267,37,13,https://www.facebook.com/reel/1178185597612724/
220634478361516_1277062327785998,2025-12-02,21:30,Reel,33631,18696,14221.2,319,78,27,https://www.facebook.com/reel/1501214607773951/
220634478361516_1277055927786638,2025-12-02,21:18,Photo,154674,0,0,2123,317,57,https://www.facebook.com/1240372834788281/posts/1277055927786638
220634478361516_1276949977797233,2025-12-02,18:12,Reel,92524,51568,90902.5,1174,22,41,https://www.facebook.com/reel/1395887435286400/
220634478361516_1276888864470011,2025-12-02,16:35,Photo,187819,0,0,342,81,10,https://www.facebook.com/1240372834788281/posts/1276888864470011
220634478361516_1276866534472244,2025-12-02,16:01,Reel,127540,59414,51155.4,324,99,10,https://www.facebook.com/reel/1339353120735738/
220634478361516_1276845324474365,2025-12-02,15:29,Reel,39761,20348,6562.5,295,41,9,https://www.facebook.com/reel/1238275988141548/
220634478361516_1276788491146715,2025-12-02,14:01,Reel,42229,20443,32419.2,194,110,18,https://www.facebook.com/reel/818841524304083/
220634478361516_1276780441147520,2025-12-02,13:46,Photo,62723,0,0,1050,255,47,https://www.facebook.com/1240372834788281/posts/1276780441147520
220634478361516_1276755881149976,2025-12-02,13:01,Reel,61918,31305,24236.7,517,27,17,https://www.facebook.com/reel/1410823327310373/
220634478361516_1276701417822089,2025-12-02,11:18,Reel,201549,106050,48566.0,2011,673,135,https://www.facebook.com/reel/4277412605881279/
220634478361516_1276629994495898,2025-12-02,08:45,Reel,119033,66118,19679.9,3892,719,1324,https://www.facebook.com/reel/1805890883447853/
220634478361516_1276621607830070,2025-12-02,08:26,Photo,98536,0,0,421,42,17,https://www.facebook.com/1240372834788281/posts/1276621607830070
220634478361516_1276596831165881,2025-12-02,07:30,Reel,175376,91764,111044.5,1667,210,54,https://www.facebook.com/reel/1346750397245803/
220634478361516_1276368724522025,2025-12-01,23:04,Reel,59110,33271,26814.8,790,26,32,https://www.facebook.com/reel/1388549085972945/
220634478361516_1276354331190131,2025-12-01,22:29,Reel,22810,12476,2918.4,1070,171,202,https://www.facebook.com/reel/854906230664501/
220634478361516_1276160867876144,2025-12-01,16:49,Photo,364902,0,0,3713,1740,573,https://www.facebook.com/1240372834788281/posts/1276160867876144
220634478361516_1276145257877705,2025-12-01,16:26,Photo,348901,0,0,5397,630,777,https://www.facebook.com/1240372834788281/posts/1276145257877705
220634478361516_1275985971226967,2025-12-01,12:00,Reel,35493,19165,8896.2,221,23,14,https://www.facebook.com/reel/1951032808776088/
220634478361516_1275956954563202,2025-12-01,11:01,Photo,988424,0,0,6563,619,484,https://www.facebook.com/1240372834788281/posts/1275956954563202
220634478361516_1275926324566265,2025-12-01,10:00,Reel,117633,67514,43463.0,494,43,21,https://www.facebook.com/reel/2071678713579158/
220634478361516_1275856647906566,2025-12-01,07:30,Reel,56054,28392,15507.0,483,255,44,https://www.facebook.com/reel/25736636409351242/
220634478361516_1275596857932545,2025-11-30,22:03,Reel,18353,8250,5758.3,106,115,11,https://www.facebook.com/reel/1623140772183408/
220634478361516_1275570917935139,2025-11-30,21:08,Photo,412959,0,0,954,998,54,https://www.facebook.com/1240372834788281/posts/1275570917935139
220634478361516_1275460641279500,2025-11-30,18:28,Photo,202216,0,0,184,160,5,https://www.facebook.com/1240372834788281/posts/1275460641279500
220634478361516_1275414504617447,2025-11-30,17:22,Photo,227987,0,0,675,647,72,https://www.facebook.com/1240372834788281/posts/1275414504617447
220634478361516_1275410071284557,2025-11-30,17:16,Reel,50055,23569,6144.0,3037,90,50,https://www.facebook.com/reel/736957055568253/
220634478361516_1275377671287797,2025-11-30,16:29,Reel,715253,334320,97577.6,2886,346,227,https://www.facebook.com/reel/1584340165956454/
220634478361516_1275358941289670,2025-11-30,15:56,Photo,81475,0,0,90,51,2,https://www.facebook.com/1240372834788281/posts/1275358941289670
220634478361516_1275302414628656,2025-11-30,14:21,Photo,346018,0,0,10282,1028,349,https://www.facebook.com/1240372834788281/posts/1275302414628656
220634478361516_1275270154631882,2025-11-30,13:26,Reel,220171,101619,42736.4,5794,4534,407,https://www.facebook.com/reel/1672021206846378/
220634478361516_1275237127968518,2025-11-30,12:21,Photo,182507,0,0,1056,1027,100,https://www.facebook.com/1240372834788281/posts/1275237127968518
220634478361516_1275226391302925,2025-11-30,12:00,Reel,19444,8431,4922.1,72,16,8,https://www.facebook.com/reel/842046065353551/
220634478361516_1275169511308613,2025-11-30,10:00,Reel,26164,11642,11934.7,277,7,18,https://www.facebook.com/reel/2030061621177335/
220634478361516_1275158897976341,2025-11-30,09:36,Photo,77582,0,0,87,25,4,https://www.facebook.com/1240372834788281/posts/1275158897976341
220634478361516_1275151367977094,2025-11-30,09:20,Photo,73741,0,0,187,35,8,https://www.facebook.com/1240372834788281/posts/1275151367977094
220634478361516_1275128641312700,2025-11-30,08:30,Reel,52221,29851,15891.5,297,282,23,https://www.facebook.com/reel/2053574038774784/
220634478361516_1275103074648590,2025-11-30,07:30,Reel,31521,14271,7012.4,113,18,6,https://www.facebook.com/reel/2375429716207853/
220634478361516_1274857524673145,2025-11-29,22:13,Reel,132202,67863,111602.2,789,64,77,https://www.facebook.com/reel/2192559821152728/
220634478361516_1274822034676694,2025-11-29,21:01,Reel,122752,74266,20115.1,4304,894,419,https://www.facebook.com/reel/1519519889261713/
220634478361516_1274738684685029,2025-11-29,18:33,Photo,131420,0,0,276,116,19,https://www.facebook.com/1240372834788281/posts/1274738684685029
220634478361516_1274663301359234,2025-11-29,16:28,Photo,149001,0,0,432,60,10,https://www.facebook.com/1240372834788281/posts/1274663301359234
220634478361516_1274641998028031,2025-11-29,15:53,Reel,56791,24570,3481.7,1309,31,26,https://www.facebook.com/reel/1375402633982633/
220634478361516_1274609198031311,2025-11-29,14:57,Reel,245974,130221,64543.3,3146,153,79,https://www.facebook.com/reel/881510487723626/
220634478361516_1274513804707517,2025-11-29,12:01,Reel,163908,71342,137884.4,1080,90,96,https://www.facebook.com/reel/4304293599827905/
220634478361516_1274453714713526,2025-11-29,10:00,Reel,47478,26110,27601.5,250,163,14,https://www.facebook.com/reel/1392317309076623/
220634478361516_1274411558051075,2025-11-29,08:31,Reel,645909,378669,227331.3,24533,4174,3276,https://www.facebook.com/reel/866568372575113/
220634478361516_1274384864720411,2025-11-29,07:30,Reel,45107,22249,28174.0,623,29,59,https://www.facebook.com/reel/1385104409643313/
220634478361516_1274135698078661,2025-11-28,22:57,Reel,18518,7306,9599.5,123,25,12,https://www.facebook.com/reel/25198229789867296/
220634478361516_1274113901414174,2025-11-28,22:10,Reel,255762,145460,69866.2,2099,4595,197,https://www.facebook.com/reel/830609576256941/
220634478361516_1274021711423393,2025-11-28,19:13,Photo,240505,0,0,793,536,13,https://www.facebook.com/1240372834788281/posts/1274021711423393
220634478361516_1273928071432757,2025-11-28,16:41,Reel,52212,28828,6601.2,220,77,17,https://www.facebook.com/reel/723862183577668/
220634478361516_1273876301437934,2025-11-28,15:19,Photo,41387,0,0,45,18,3,https://www.facebook.com/1240372834788281/posts/1273876301437934
220634478361516_1273830374775860,2025-11-28,14:00,Reel,166589,84066,129728.3,4512,181,409,https://www.facebook.com/reel/1540945177156508/
220634478361516_1273817558110475,2025-11-28,13:38,Reel,23230,10668,7526.4,97,7,21,https://www.facebook.com/reel/1161108749471627/
220634478361516_1273806478111583,2025-11-28,13:18,Reel,492275,256053,84945.6,3667,228,98,https://www.facebook.com/reel/823875850541084/
220634478361516_1273769924781905,2025-11-28,12:16,Reel,353878,183490,95334.0,3138,310,104,https://www.facebook.com/reel/1199594105448311/
220634478361516_1273759594782938,2025-11-28,12:01,Reel,71941,35532,28154.4,346,171,25,https://www.facebook.com/reel/882472994731801/
220634478361516_1273716898120541,2025-11-28,10:35,Reel,92337,50756,10204.5,298,191,19,https://www.facebook.com/reel/4233790000167556/
220634478361516_1273700524788845,2025-11-28,10:01,Reel,23807,11556,9970.0,180,58,59,https://www.facebook.com/reel/630973746694137/
220634478361516_1273663764792521,2025-11-28,08:38,Photo,160405,0,0,1645,418,48,https://www.facebook.com/1240372834788281/posts/1273663764792521
220634478361516_1273630261462538,2025-11-28,07:30,Reel,177517,97855,118099.9,1357,77,39,https://www.facebook.com/reel/1362792125340481/
220634478361516_1273398924819005,2025-11-27,23:01,Reel,71548,41063,31573.7,167,14,14,https://www.facebook.com/reel/4141322656143495/
220634478361516_1273387541486810,2025-11-27,22:38,Reel,433331,217165,57396.2,2708,527,195,https://www.facebook.com/reel/24972958142331732/
220634478361516_1273383704820527,2025-11-27,22:30,Reel,127985,80158,55062.8,1890,136,41,https://www.facebook.com/reel/1236651864943627/
220634478361516_1273369074821990,2025-11-27,22:00,Reel,14616,6011,1873.4,73,66,9,https://www.facebook.com/reel/4329109984032426/
220634478361516_1273352371490327,2025-11-27,21:29,Reel,131430,60247,25616.7,1067,124,79,https://www.facebook.com/reel/724094720732700/
220634478361516_1273297044829193,2025-11-27,19:51,Reel,655076,323776,155025.2,3798,3442,204,https://www.facebook.com/reel/1762651287744443/
220634478361516_1273265371499027,2025-11-27,18:56,Reel,210693,119026,44243.1,5620,187,578,https://www.facebook.com/reel/727075083754662/
220634478361516_1273247334834164,2025-11-27,18:29,Photo,511407,0,0,1518,1964,203,https://www.facebook.com/1240372834788281/posts/1273247334834164
220634478361516_1273227441502820,2025-11-27,18:03,Reel,22260,7934,2028.2,56,7,3,https://www.facebook.com/reel/2627276560963137/
220634478361516_1273208081504756,2025-11-27,17:33,Reel,248474,119737,27219.0,1058,440,47,https://www.facebook.com/reel/1296267018922779/
220634478361516_1273193908172840,2025-11-27,17:09,Photo,111488,0,0,670,690,79,https://www.facebook.com/1240372834788281/posts/1273193908172840
220634478361516_1273162961509268,2025-11-27,16:19,Reel,332795,170759,65112.1,823,248,60,https://www.facebook.com/reel/25172682079092492/
220634478361516_1273143214844576,2025-11-27,15:51,Photo,736880,0,0,2838,1830,279,https://www.facebook.com/1240372834788281/posts/1273143214844576
220634478361516_1273088001516764,2025-11-27,14:23,Reel,191110,100810,44076.3,1265,549,179,https://www.facebook.com/reel/25106315445675301/
220634478361516_1273074478184783,2025-11-27,14:01,Reel,11492,6013,6597.5,48,3,4,https://www.facebook.com/reel/4319919171584718/
220634478361516_1273003298191901,2025-11-27,12:00,Reel,74086,38748,19287.1,251,17,8,https://www.facebook.com/reel/1380273650467177/
220634478361516_1272947988197432,2025-11-27,10:10,Photo,263722,0,0,642,580,60,https://www.facebook.com/1240372834788281/posts/1272947988197432
220634478361516_1272943174864580,2025-11-27,10:01,Reel,70849,40228,30952.5,359,36,14,https://www.facebook.com/reel/871477071893500/
220634478361516_1272930168199214,2025-11-27,09:35,Reel,45441,28041,8705.4,161,100,12,https://www.facebook.com/reel/1567747237713857/
220634478361516_1272898948202336,2025-11-27,08:30,Reel,306648,182589,160159.1,3143,289,319,https://www.facebook.com/reel/859912826686796/
220634478361516_1272837848208446,2025-11-27,07:00,Reel,146133,76448,108639.7,1002,933,130,https://www.facebook.com/reel/866234985961688/
220634478361516_1272619144896983,2025-11-26,23:05,Photo,339673,0,0,1089,240,41,https://www.facebook.com/1240372834788281/posts/1272619144896983
220634478361516_1272617081563856,2025-11-26,23:00,Reel,2264060,1663396,798385.0,10000,152,370,https://www.facebook.com/reel/876370018294659/
220634478361516_1272602478231983,2025-11-26,22:31,Reel,380642,211966,270792.8,3549,1321,514,https://www.facebook.com/reel/893209729919859/
220634478361516_1272587274900170,2025-11-26,22:00,Reel,294450,148411,70082.6,10000,2045,409,https://www.facebook.com/reel/1180888100671517/
220634478361516_1272571188235112,2025-11-26,21:31,Photo,967703,0,0,6434,1041,328,https://www.facebook.com/1240372834788281/posts/1272571188235112
220634478361516_1272466601578904,2025-11-26,18:27,Reel,94077,46103,89546.4,929,17,26,https://www.facebook.com/reel/2167814370416230/
220634478361516_1272447491580815,2025-11-26,18:00,Photo,177040,0,0,4664,201,227,https://www.facebook.com/1240372834788281/posts/1272447491580815
220634478361516_1272231208269110,2025-11-26,13:12,Photo,58495,0,0,1137,42,10,https://www.facebook.com/1240372834788281/posts/1272231208269110
220634478361516_1272213388270892,2025-11-26,12:45,Photo,312869,0,0,752,182,16,https://www.facebook.com/1240372834788281/posts/1272213388270892
220634478361516_1272187898273441,2025-11-26,12:00,Reel,15279,5626,2416.0,79,5,5,https://www.facebook.com/reel/866666999138897/
220634478361516_1272177831607781,2025-11-26,11:40,Photo,243698,0,0,722,625,31,https://www.facebook.com/1240372834788281/posts/1272177831607781
220634478361516_1272156698276561,2025-11-26,11:00,Reel,24548,11341,10634.3,163,41,16,https://www.facebook.com/reel/1572001360491374/
220634478361516_1272129161612648,2025-11-26,10:09,Photo,84922,0,0,1311,76,38,https://www.facebook.com/1240372834788281/posts/1272129161612648
220634478361516_1272102881615276,2025-11-26,09:15,Reel,22487,12778,7615.3,134,89,7,https://www.facebook.com/reel/1277768697701072/
220634478361516_1272079434950954,2025-11-26,08:27,Photo,88596,0,0,3000,375,69,https://www.facebook.com/1240372834788281/posts/1272079434950954
220634478361516_1272037608288470,2025-11-26,07:00,Reel,19822,9797,4254.3,50,7,5,https://www.facebook.com/reel/849304947645280/
220634478361516_1271791541646410,2025-11-25,22:42,Reel,481776,233189,101457.7,2116,244,84,https://www.facebook.com/reel/25505566609068271/
220634478361516_1271759771649587,2025-11-25,21:49,Photo,282820,0,0,2242,287,321,https://www.facebook.com/1240372834788281/posts/1271759771649587
220634478361516_1271745764984321,2025-11-25,21:23,Reel,11771,4814,1242.7,129,20,15,https://www.facebook.com/reel/24495569696784021/
220634478361516_1271717058320525,2025-11-25,20:30,Photo,527725,0,0,3680,2847,392,https://www.facebook.com/1240372834788281/posts/1271717058320525
220634478361516_1271642648327966,2025-11-25,18:29,Photo,333527,0,0,506,230,38,https://www.facebook.com/1240372834788281/posts/1271642648327966
220634478361516_1271612924997605,2025-11-25,17:44,Photo,91891,0,0,493,17,13,https://www.facebook.com/1240372834788281/posts/1271612924997605
220634478361516_1271487748343456,2025-11-25,14:39,Reel,59851,32876,8763.2,523,40,54,https://www.facebook.com/reel/1535074990955674/
220634478361516_1271465028345728,2025-11-25,14:02,Photo,84220,0,0,144,14,3,https://www.facebook.com/1240372834788281/posts/1271465028345728
220634478361516_1271464091679155,2025-11-25,14:00,Reel,16457,4767,1802.3,115,6,8,https://www.facebook.com/reel/829182656667213/
220634478361516_1271438875015010,2025-11-25,13:24,Reel,88907,51015,80575.7,797,25,25,https://www.facebook.com/reel/1843223083223974/
220634478361516_1271390035019894,2025-11-25,12:01,Reel,50677,28847,27541.0,884,741,81,https://www.facebook.com/reel/874068035301062/
220634478361516_1271354538356777,2025-11-25,10:53,Reel,306625,170474,80353.7,707,318,29,https://www.facebook.com/reel/25140826462275788/
220634478361516_1271332955025602,2025-11-25,10:11,Photo,431198,0,0,6555,1869,189,https://www.facebook.com/1240372834788281/posts/1271332955025602
220634478361516_1271327675026130,2025-11-25,10:01,Reel,308459,197384,160217.6,813,117,54,https://www.facebook.com/reel/1361100695516859/
220634478361516_1271316765027221,2025-11-25,09:39,Reel,102517,57798,10801.2,654,65,68,https://www.facebook.com/reel/4409881025925731/
220634478361516_1271308845028013,2025-11-25,09:24,Reel,68831,37788,8349.5,469,743,30,https://www.facebook.com/reel/2038951830203905/
220634478361516_1271286061696958,2025-11-25,08:36,Reel,182434,96417,28013.7,1262,71,71,https://www.facebook.com/reel/1820824568640118/
220634478361516_1271285115030386,2025-11-25,08:35,Reel,252080,137103,33231.3,1471,143,217,https://www.facebook.com/reel/1170063808004011/
220634478361516_1271253141700250,2025-11-25,07:30,Reel,453275,233700,136492.3,1803,607,424,https://www.facebook.com/reel/1331963684836138/
220634478361516_1271007558391475,2025-11-24,22:40,Photo,193037,0,0,2670,151,73,https://www.facebook.com/1240372834788281/posts/1271007558391475
220634478361516_1270969295061968,2025-11-24,21:23,Reel,76237,47703,12839.8,973,88,12,https://www.facebook.com/reel/742725902176898/
220634478361516_1270819611743603,2025-11-24,17:57,Photo,238881,0,0,7790,305,211,https://www.facebook.com/1240372834788281/posts/1270819611743603
220634478361516_1270796988412532,2025-11-24,17:23,Reel,105590,59746,22809.2,1923,136,85,https://www.facebook.com/reel/1372284184627115/
220634478361516_1270776978414533,2025-11-24,16:51,Photo,341960,0,0,1350,106,79,https://www.facebook.com/1240372834788281/posts/1270776978414533
220634478361516_1270733881752176,2025-11-24,15:39,Photo,897573,0,0,9191,1068,609,https://www.facebook.com/1240372834788281/posts/1270733881752176
220634478361516_1270685441757020,2025-11-24,14:23,Photo,357934,0,0,5907,1535,554,https://www.facebook.com/1240372834788281/posts/1270685441757020
220634478361516_1270639671761597,2025-11-24,13:06,Reel,224814,116452,42107.2,1133,727,177,https://www.facebook.com/reel/2066996937174374/
220634478361516_1270602365098661,2025-11-24,12:00,Reel,90412,52080,30720.0,474,5,6,https://www.facebook.com/reel/1401746107948223/
220634478361516_1270562541769310,2025-11-24,10:42,Photo,1167997,0,0,7145,1008,209,https://www.facebook.com/1240372834788281/posts/1270562541769310
220634478361516_1270545431771021,2025-11-24,10:07,Reel,141955,73842,18430.2,645,194,32,https://www.facebook.com/reel/2284865528647050/
220634478361516_1270542341771330,2025-11-24,10:01,Reel,45469,24642,17076.4,470,18,21,https://www.facebook.com/reel/840386605389949/
220634478361516_1270471598445071,2025-11-24,07:30,Reel,39315,19571,14357.7,513,23,40,https://www.facebook.com/reel/836043585843105/
220634478361516_1270259598466271,2025-11-24,00:10,Photo,65586,0,0,555,20,10,https://www.facebook.com/1240372834788281/posts/1270259598466271
220634478361516_1270239545134943,2025-11-23,23:30,Photo,350768,0,0,7184,188,120,https://www.facebook.com/1240372834788281/posts/1270239545134943
220634478361516_1270209088471322,2025-11-23,22:31,Photo,343405,0,0,7325,350,119,https://www.facebook.com/1240372834788281/posts/1270209088471322
220634478361516_1270202738471957,2025-11-23,22:19,Reel,457624,219697,115104.2,4548,257,75,https://www.facebook.com/reel/1154982923489298/
220634478361516_1270198148472416,2025-11-23,22:09,Reel,49609,25214,15873.5,621,20,16,https://www.facebook.com/reel/1554149582562096/
220634478361516_1270114305147467,2025-11-23,19:49,Photo,103410,0,0,632,309,29,https://www.facebook.com/1240372834788281/posts/1270114305147467
220634478361516_1270085031817061,2025-11-23,19:15,Reel,81894,47074,13022.5,2012,41,40,https://www.facebook.com/reel/2068138600611468/
220634478361516_1270054578486773,2025-11-23,18:38,Photo,391401,0,0,1764,783,104,https://www.facebook.com/1240372834788281/posts/1270054578486773
220634478361516_1270027208489510,2025-11-23,18:01,Photo,96375,0,0,1296,145,24,https://www.facebook.com/1240372834788281/posts/1270027208489510
220634478361516_1269930625165835,2025-11-23,15:46,Photo,680882,0,0,7042,588,122,https://www.facebook.com/1240372834788281/posts/1269930625165835
220634478361516_1269909258501305,2025-11-23,15:11,Reel,468418,234370,54547.9,10000,562,271,https://www.facebook.com/reel/1486689782417411/
220634478361516_1269884575170440,2025-11-23,14:40,Photo,191873,0,0,1264,1083,102,https://www.facebook.com/1240372834788281/posts/1269884575170440
220634478361516_1269863738505857,2025-11-23,14:06,Reel,26620,13076,2982.8,132,3,4,https://www.facebook.com/reel/1876999899921438/
220634478361516_1269800575178840,2025-11-23,12:21,Photo,204532,0,0,2046,502,97,https://www.facebook.com/1240372834788281/posts/1269800575178840
220634478361516_1269790515179846,2025-11-23,12:02,Photo,126625,0,0,1235,59,53,https://www.facebook.com/1240372834788281/posts/1269790515179846
220634478361516_1269789631846601,2025-11-23,12:00,Reel,229773,138063,144115.3,706,221,71,https://www.facebook.com/reel/856040213476101/
220634478361516_1269726055186292,2025-11-23,10:00,Reel,39048,22647,12925.2,331,64,43,https://www.facebook.com/reel/1280503687451319/
220634478361516_1269710845187813,2025-11-23,09:30,Reel,12572,4153,1446.9,140,7,4,https://www.facebook.com/reel/1533777337638980/
220634478361516_1269652025193695,2025-11-23,07:30,Reel,100752,53135,74525.6,580,70,48,https://www.facebook.com/reel/1410560707152718/
220634478361516_1269651948527036,2025-11-23,07:30,Reel,38871,19620,14737.9,144,29,13,https://www.facebook.com/reel/3217152021786120/
220634478361516_1269368258555405,2025-11-22,22:02,Reel,286209,126986,301256.5,2778,339,439,https://www.facebook.com/reel/1979953789237501/
220634478361516_1269355388556692,2025-11-22,21:34,Photo,250664,0,0,363,16,6,https://www.facebook.com/1240372834788281/posts/1269355388556692
220634478361516_1269251961900368,2025-11-22,18:43,Reel,745620,338122,85850.4,2411,224,202,https://www.facebook.com/reel/1885259235397935/
220634478361516_1269225515236346,2025-11-22,18:00,Reel,244446,113506,31666.2,5328,2830,344,https://www.facebook.com/reel/827133853630020/
220634478361516_1269004471925117,2025-11-22,12:00,Reel,121242,71600,16935.7,1400,338,207,https://www.facebook.com/reel/1507954340506924/
220634478361516_1268907221934842,2025-11-22,08:48,Reel,95084,50254,52506.0,1913,75,118,https://www.facebook.com/reel/1324224678996704/
220634478361516_1268613691964195,2025-11-21,23:59,Reel,389069,155805,56743.5,1765,231,74,https://www.facebook.com/reel/1457912598636845/
220634478361516_1268578121967752,2025-11-21,22:46,Reel,340033,166531,90781.4,5093,1753,519,https://www.facebook.com/reel/840232068652282/
220634478361516_1268511828641048,2025-11-21,20:45,Reel,31643,16792,2969.5,118,46,8,https://www.facebook.com/reel/1556673222128693/
220634478361516_1268484348643796,2025-11-21,20:06,Photo,235103,0,0,1341,233,29,https://www.facebook.com/1240372834788281/posts/1268484348643796
220634478361516_1268402048652026,2025-11-21,18:02,Photo,369780,0,0,7211,245,131,https://www.facebook.com/1240372834788281/posts/1268402048652026
220634478361516_1268389805319917,2025-11-21,17:45,Photo,235135,0,0,443,95,18,https://www.facebook.com/1240372834788281/posts/1268389805319917
220634478361516_1268283758663855,2025-11-21,15:23,Photo,171745,0,0,782,234,44,https://www.facebook.com/1240372834788281/posts/1268283758663855
220634478361516_1268224475336450,2025-11-21,14:01,Reel,221025,117233,82349.5,1427,198,58,https://www.facebook.com/reel/1150214393975603/
220634478361516_1268191352006429,2025-11-21,13:13,Reel,35480,14643,5277.7,147,28,14,https://www.facebook.com/reel/5079337952290665/
220634478361516_1268157005343197,2025-11-21,12:11,Photo,183324,0,0,2141,479,48,https://www.facebook.com/1240372834788281/posts/1268157005343197
220634478361516_1268150728677158,2025-11-21,12:00,Reel,18715,7889,3411.9,51,3,2,https://www.facebook.com/reel/796359223397432/
220634478361516_1268109588681272,2025-11-21,11:14,Photo,242259,0,0,341,183,11,https://www.facebook.com/1240372834788281/posts/1268109588681272
220634478361516_1268074538684777,2025-11-21,10:10,Reel,25653,11368,4698.9,121,87,17,https://www.facebook.com/reel/1850275855877334/
220634478361516_1268069002018664,2025-11-21,10:00,Reel,78145,38841,31625.0,287,11,20,https://www.facebook.com/reel/854027553750897/
220634478361516_1267983742027190,2025-11-21,07:30,Reel,111945,65421,77567.1,751,203,43,https://www.facebook.com/reel/854580603720871/
220634478361516_1267680538724177,2025-11-20,22:42,Reel,456949,221154,74814.9,10000,195,241,https://www.facebook.com/reel/1345283664045787/
220634478361516_1267677162057848,2025-11-20,22:36,Photo,102825,0,0,238,194,10,https://www.facebook.com/1240372834788281/posts/1267677162057848
220634478361516_1267653912060173,2025-11-20,21:58,Reel,132378,57431,14199.1,3068,169,108,https://www.facebook.com/reel/1203772068287865/
220634478361516_1267646282060936,2025-11-20,21:44,Reel,158067,83835,74000.8,1254,13,19,https://www.facebook.com/reel/2358415697926109/
220634478361516_1267637835395114,2025-11-20,21:29,Photo,139442,0,0,1733,75,41,https://www.facebook.com/1240372834788281/posts/1267637835395114
220634478361516_1267627838729447,2025-11-20,21:12,Reel,193864,51105,9727.5,358,166,22,https://www.facebook.com/reel/1187792046849612/
220634478361516_1267610465397851,2025-11-20,20:44,Photo,152578,0,0,1725,39,46,https://www.facebook.com/1240372834788281/posts/1267610465397851
220634478361516_1267566758735555,2025-11-20,19:42,Reel,56521,27982,11338.9,343,36,38,https://www.facebook.com/reel/1543491823512332/
220634478361516_1267509978741233,2025-11-20,18:21,Reel,23833,9901,2910.4,569,19,28,https://www.facebook.com/reel/2538900049816364/
220634478361516_1267487148743516,2025-11-20,17:48,Reel,100650,60732,23158.2,500,51,51,https://www.facebook.com/reel/853017263941772/
220634478361516_1267344442091120,2025-11-20,15:53,Reel,29417,15158,22312.8,236,33,25,https://www.facebook.com/reel/1358674276053795/
220634478361516_1267340058758225,2025-11-20,15:45,Reel,622965,319535,120826.3,3323,318,476,https://www.facebook.com/reel/1189966959748545/
220634478361516_1267319892093575,2025-11-20,15:14,Photo,890195,0,0,3366,1164,166,https://www.facebook.com/1240372834788281/posts/1267319892093575
220634478361516_1267308575428040,2025-11-20,14:56,Photo,219839,0,0,5189,129,115,https://www.facebook.com/1240372834788281/posts/1267308575428040
220634478361516_1267277455431152,2025-11-20,14:04,Reel,74855,38846,35811.1,208,42,8,https://www.facebook.com/reel/1502285614335406/
220634478361516_1267232578768973,2025-11-20,12:38,Photo,621484,0,0,4608,1504,171,https://www.facebook.com/1240372834788281/posts/1267232578768973
220634478361516_1267212878770943,2025-11-20,12:01,Reel,811776,478622,294756.0,4130,1663,559,https://www.facebook.com/reel/845471618215662/
220634478361516_1267178695441028,2025-11-20,10:52,Reel,18442,16700,3782.9,478,331,50,https://www.facebook.com/reel/813037038158202/
220634478361516_1267172182108346,2025-11-20,10:39,Photo,168392,0,0,2142,283,27,https://www.facebook.com/1240372834788281/posts/1267172182108346
220634478361516_1267156575443240,2025-11-20,10:08,Photo,93003,0,0,223,48,13,https://www.facebook.com/1240372834788281/posts/1267156575443240
220634478361516_1267153025443595,2025-11-20,10:00,Reel,79616,39966,29311.3,1525,309,184,https://www.facebook.com/reel/1855510181757598/
220634478361516_1267117228780508,2025-11-20,08:42,Reel,51392,26325,6376.8,578,79,53,https://www.facebook.com/reel/1386055656511100/
220634478361516_1267116275447270,2025-11-20,08:40,Photo,168665,0,0,566,178,29,https://www.facebook.com/1240372834788281/posts/1267116275447270
220634478361516_1267084082117156,2025-11-20,07:30,Reel,256552,130407,124418.7,2284,279,198,https://www.facebook.com/reel/819287271025178/
220634478361516_1266834812142083,2025-11-19,23:27,Reel,636848,380118,154767.3,20103,496,305,https://www.facebook.com/reel/799938249678924/
220634478361516_1266784415480456,2025-11-19,21:45,Reel,16919,8250,1823.8,242,11,31,https://www.facebook.com/reel/812895978175637/
220634478361516_1266775442148020,2025-11-19,21:27,Photo,166729,0,0,1856,100,57,https://www.facebook.com/1240372834788281/posts/1266775442148020
220634478361516_1266767965482101,2025-11-19,21:12,Reel,221522,128150,70595.8,2545,143,91,https://www.facebook.com/reel/788302850911498/
220634478361516_1266708252154739,2025-11-19,19:35,Photo,424337,0,0,2655,730,210,https://www.facebook.com/1240372834788281/posts/1266708252154739
220634478361516_1266688972156667,2025-11-19,19:06,Reel,347477,138714,32976.3,727,213,89,https://www.facebook.com/reel/1780169729330910/
220634478361516_1266674895491408,2025-11-19,18:43,Reel,167024,74656,17390.5,6888,285,503,https://www.facebook.com/reel/1505661554048310/
220634478361516_1266666605492237,2025-11-19,18:30,Reel,90162,52184,21005.1,1862,1384,173,https://www.facebook.com/reel/855292363708798/
220634478361516_1266655308826700,2025-11-19,18:09,Photo,681950,0,0,5238,460,118,https://www.facebook.com/1240372834788281/posts/1266655308826700
220634478361516_1266587458833485,2025-11-19,16:25,Reel,305342,150148,43830.5,2131,349,459,https://www.facebook.com/reel/1180282733428842/
220634478361516_1266558665503031,2025-11-19,15:37,Photo,512419,0,0,2619,326,193,https://www.facebook.com/1240372834788281/posts/1266558665503031
220634478361516_1266531152172449,2025-11-19,14:54,Photo,877805,0,0,2253,837,181,https://www.facebook.com/1240372834788281/posts/1266531152172449
220634478361516_1266519688840262,2025-11-19,14:38,Photo,287992,0,0,1645,1196,124,https://www.facebook.com/1240372834788281/posts/1266519688840262
220634478361516_1266429522182612,2025-11-19,12:07,Reel,152117,65748,11527.7,501,73,33,https://www.facebook.com/reel/829924893283142/
220634478361516_1266425362183028,2025-11-19,12:00,Reel,218560,109348,83405.4,1249,577,213,https://www.facebook.com/reel/1357648799419241/
220634478361516_1266384192187145,2025-11-19,10:43,Reel,259429,122689,27438.5,9690,217,231,https://www.facebook.com/reel/4221607604832015/
220634478361516_1266363872189177,2025-11-19,10:00,Reel,36586,16245,16819.6,210,19,15,https://www.facebook.com/reel/1484842206341611/
220634478361516_1266338458858385,2025-11-19,09:06,Photo,146556,0,0,1367,593,38,https://www.facebook.com/1240372834788281/posts/1266338458858385
220634478361516_1266278968864334,2025-11-19,07:00,Reel,146184,82611,114730.8,1081,124,92,https://www.facebook.com/reel/749059534866651/
220634478361516_1266047195554178,2025-11-18,22:45,Reel,44743,20012,12871.6,265,181,26,https://www.facebook.com/reel/1551936069474081/
220634478361516_1266008305558067,2025-11-18,21:36,Photo,209807,0,0,433,274,73,https://www.facebook.com/1240372834788281/posts/1266008305558067
220634478361516_1265941242231440,2025-11-18,20:26,Photo,222389,0,0,288,220,35,https://www.facebook.com/1240372834788281/posts/1265941242231440
220634478361516_1265905305568367,2025-11-18,19:22,Photo,154043,0,0,3076,420,88,https://www.facebook.com/1240372834788281/posts/1265905305568367
220634478361516_1265885595570338,2025-11-18,18:47,Reel,285744,131822,34667.4,1053,351,47,https://www.facebook.com/reel/830841866477895/
220634478361516_1265884828903748,2025-11-18,18:46,Reel,134071,76735,19296.3,7536,495,1201,https://www.facebook.com/reel/1461757388227711/
220634478361516_1265849108907320,2025-11-18,17:49,Photo,254826,0,0,5097,2415,129,https://www.facebook.com/1240372834788281/posts/1265849108907320
220634478361516_1265806965578201,2025-11-18,16:43,Photo,236867,0,0,1478,155,29,https://www.facebook.com/1240372834788281/posts/1265806965578201
220634478361516_1265779472247617,2025-11-18,16:00,Reel,137571,74961,124231.2,1368,21,37,https://www.facebook.com/reel/853399540490946/
220634478361516_1265724778919753,2025-11-18,14:44,Photo,63067,0,0,356,67,6,https://www.facebook.com/1240372834788281/posts/1265724778919753
220634478361516_1265704685588429,2025-11-18,14:14,Photo,114059,0,0,482,119,30,https://www.facebook.com/1240372834788281/posts/1265704685588429
220634478361516_1265696002255964,2025-11-18,14:01,Reel,108551,64867,49845.1,826,22,19,https://www.facebook.com/reel/1386987276376243/
220634478361516_1265678678924363,2025-11-18,13:33,Reel,70999,37005,16088.3,562,178,35,https://www.facebook.com/reel/1888162515468237/
220634478361516_1265659148926316,2025-11-18,13:00,Reel,22953,13199,6296.4,1150,29,67,https://www.facebook.com/reel/824471047045654/
220634478361516_1265642442261320,2025-11-18,12:32,Photo,47938,0,0,216,157,34,https://www.facebook.com/1240372834788281/posts/1265642442261320
220634478361516_1265624122263152,2025-11-18,12:00,Reel,133954,72593,101585.2,1307,135,205,https://www.facebook.com/reel/835113299121119/
220634478361516_1265623178929913,2025-11-18,11:59,Photo,375546,0,0,8801,678,238,https://www.facebook.com/1240372834788281/posts/1265623178929913
220634478361516_1265610745597823,2025-11-18,11:38,Reel,124273,68018,12330.6,1202,232,94,https://www.facebook.com/reel/2900104520185547/
220634478361516_1265569578935273,2025-11-18,10:16,Photo,96190,0,0,116,19,11,https://www.facebook.com/1240372834788281/posts/1265569578935273
220634478361516_1265562118936019,2025-11-18,10:00,Reel,16525,8286,6216.6,225,31,16,https://www.facebook.com/reel/826805660324266/
220634478361516_1265542815604616,2025-11-18,09:25,Reel,18336,8155,1775.1,378,263,74,https://www.facebook.com/reel/1632385318112194/
220634478361516_1265511842274380,2025-11-18,08:21,Photo,97465,0,0,182,218,23,https://www.facebook.com/1240372834788281/posts/1265511842274380
220634478361516_1265488035610094,2025-11-18,07:31,Reel,55330,26061,18094.1,280,54,19,https://www.facebook.com/reel/814096744836391/
220634478361516_1265248202300744,2025-11-17,23:21,Photo,388360,0,0,4844,3314,287,https://www.facebook.com/1240372834788281/posts/1265248202300744
220634478361516_1265175518974679,2025-11-17,21:00,Reel,156942,82242,74101.5,2257,39,68,https://www.facebook.com/reel/1987873488725485/
220634478361516_1265139912311573,2025-11-17,20:15,Reel,51282,24183,11554.3,303,55,26,https://www.facebook.com/reel/1174671907381026/
220634478361516_1264987162326848,2025-11-17,16:05,Photo,240355,0,0,4240,286,158,https://www.facebook.com/1240372834788281/posts/1264987162326848
220634478361516_1264966395662258,2025-11-17,15:33,Photo,220655,0,0,811,67,33,https://www.facebook.com/1240372834788281/posts/1264966395662258
220634478361516_1264950895663808,2025-11-17,15:11,Reel,87862,38630,16737.1,933,26,32,https://www.facebook.com/reel/1185006236494877/
220634478361516_1264933608998870,2025-11-17,14:43,Reel,161867,97416,24916.2,3598,45,63,https://www.facebook.com/reel/2686964518362488/
220634478361516_1264837139008517,2025-11-17,12:00,Reel,299784,169906,325069.7,3127,171,135,https://www.facebook.com/reel/1169391477976168/
220634478361516_1264789265679971,2025-11-17,10:29,Photo,529294,0,0,5518,250,142,https://www.facebook.com/1240372834788281/posts/1264789265679971
220634478361516_1264774645681433,2025-11-17,10:01,Reel,158624,79200,64368.1,458,219,31,https://www.facebook.com/reel/916748504102352/
220634478361516_1264739195684978,2025-11-17,08:49,Photo,712426,0,0,3513,3728,143,https://www.facebook.com/1240372834788281/posts/1264739195684978
220634478361516_1264700999022131,2025-11-17,07:31,Reel,40009,17398,11219.9,616,41,29,https://www.facebook.com/reel/1398887161645964/
220634478361516_1264473725711525,2025-11-16,23:37,Photo,1943125,0,0,20737,3073,1355,https://www.facebook.com/1240372834788281/posts/1264473725711525
220634478361516_1264436102381954,2025-11-16,22:14,Reel,167762,94853,114810.4,1579,319,712,https://www.facebook.com/reel/2290510528098674/
220634478361516_1264418262383738,2025-11-16,21:37,Reel,145491,85741,89441.0,1165,152,105,https://www.facebook.com/reel/725986983864322/
220634478361516_1264407872384777,2025-11-16,21:17,Reel,254275,137489,45376.5,1234,72,93,https://www.facebook.com/reel/1250217516933066/
220634478361516_1264405499051681,2025-11-16,21:12,Reel,164044,95410,71894.9,2825,1410,253,https://www.facebook.com/reel/2652825781741533/
220634478361516_1264361875722710,2025-11-16,19:56,Reel,781759,345173,81107.0,2046,764,131,https://www.facebook.com/reel/4356332494603591/
220634478361516_1264183509073880,2025-11-16,16:14,Photo,251923,0,0,2091,1342,91,https://www.facebook.com/1240372834788281/posts/1264183509073880
220634478361516_1264151535743744,2025-11-16,15:24,Reel,30933,17021,4655.9,192,70,12,https://www.facebook.com/reel/869672225724024/
220634478361516_1264096745749223,2025-11-16,13:52,Reel,10094,2874,603.1,31,3,2,https://www.facebook.com/reel/1378391887259391/
220634478361516_1264070002418564,2025-11-16,13:07,Reel,53960,30796,9436.9,186,45,26,https://www.facebook.com/reel/1334832014467297/
220634478361516_1263697359122495,2025-11-16,12:00,Reel,60475,30255,37347.0,996,223,203,https://www.facebook.com/reel/818038974265753/
220634478361516_1264022995756598,2025-11-16,11:37,Photo,120403,0,0,466,317,40,https://www.facebook.com/1240372834788281/posts/1264022995756598
220634478361516_1263999649092266,2025-11-16,10:52,Photo,96071,0,0,327,64,10,https://www.facebook.com/1240372834788281/posts/1263999649092266
220634478361516_1263696045789293,2025-11-16,10:00,Reel,76846,42369,76715.9,952,16,45,https://www.facebook.com/reel/1471259007293665/
220634478361516_1263694952456069,2025-11-16,07:30,Reel,256230,139759,189863.5,1187,645,58,https://www.facebook.com/reel/689287520906965/
220634478361516_1263664969125734,2025-11-15,23:19,Reel,55751,30860,7144.2,299,132,19,https://www.facebook.com/reel/722039530326236/
220634478361516_1263662415792656,2025-11-15,23:13,Photo,493143,0,0,10000,1661,1326,https://www.facebook.com/1240372834788281/posts/1263662415792656
220634478361516_1263616082463956,2025-11-15,21:37,Reel,30920,15483,8877.1,102,14,6,https://www.facebook.com/reel/1736169253730208/
220634478361516_1263605982464966,2025-11-15,21:17,Reel,8796,3408,2411.8,84,15,5,https://www.facebook.com/reel/1351691695819739/
220634478361516_1263591795799718,2025-11-15,20:50,Photo,186239,0,0,2752,56,79,https://www.facebook.com/1240372834788281/posts/1263591795799718
220634478361516_1263588032466761,2025-11-15,20:44,Photo,165514,0,0,3321,136,151,https://www.facebook.com/1240372834788281/posts/1263588032466761
220634478361516_1263530802472484,2025-11-15,19:09,Reel,134467,77385,27633.0,722,94,24,https://www.facebook.com/reel/2390877084671240/
220634478361516_1263505842474980,2025-11-15,18:30,Reel,22578,12528,4020.2,148,9,8,https://www.facebook.com/reel/754756267606323/
220634478361516_1263501509142080,2025-11-15,18:22,Photo,282981,0,0,391,202,13,https://www.facebook.com/1240372834788281/posts/1263501509142080
220634478361516_1263466739145557,2025-11-15,17:35,Reel,360250,180014,45463.6,5729,184,206,https://www.facebook.com/reel/1334572332196738/
220634478361516_1263417292483835,2025-11-15,16:24,Reel,594489,305224,70312.2,7844,6456,188,https://www.facebook.com/reel/1367515608109343/
220634478361516_1263315105827387,2025-11-15,13:41,Photo,453547,0,0,1149,161,28,https://www.facebook.com/1240372834788281/posts/1263315105827387
220634478361516_1263259545832943,2025-11-15,12:01,Reel,453620,249201,638798.9,5986,279,54,https://www.facebook.com/reel/673661432290221/
220634478361516_1263211179171113,2025-11-15,10:31,Reel,92242,49130,17127.4,294,25,9,https://www.facebook.com/reel/1364980038306219/
220634478361516_1263196182505946,2025-11-15,10:01,Reel,139482,69960,132629.0,1158,1096,59,https://www.facebook.com/reel/1083719507057696/
220634478361516_1263120245846873,2025-11-15,07:30,Reel,105597,59877,43286.9,2940,192,273,https://www.facebook.com/reel/1153528036906629/
220634478361516_1262883579203873,2025-11-14,23:52,Photo,400252,0,0,3150,2181,439,https://www.facebook.com/1240372834788281/posts/1262883579203873
220634478361516_1262848809207350,2025-11-14,22:42,Reel,22835,11147,13072.0,338,21,16,https://www.facebook.com/reel/1505679650710337/
220634478361516_1262678962557668,2025-11-14,17:53,Reel,1136232,474606,122549.1,37874,1987,1536,https://www.facebook.com/reel/1167756384827813/
220634478361516_1262619409230290,2025-11-14,16:29,Reel,585445,320259,94836.3,3783,399,387,https://www.facebook.com/reel/1176117004029187/
220634478361516_1262601972565367,2025-11-14,16:01,Reel,82053,42759,55036.6,303,31,22,https://www.facebook.com/reel/2027618607811932/
220634478361516_1262544649237766,2025-11-14,14:35,Reel,41496,21050,5609.1,86,33,4,https://www.facebook.com/reel/1369360681259398/
220634478361516_1262523712573193,2025-11-14,14:01,Reel,15043,6064,2745.6,54,9,3,https://www.facebook.com/reel/1884015042473009/
220634478361516_1262505432575021,2025-11-14,13:36,Reel,222121,121240,189578.8,3261,338,147,https://www.facebook.com/reel/1216313700310193/
220634478361516_1262384632587101,2025-11-14,10:00,Reel,218686,113727,280279.1,1471,92,66,https://www.facebook.com/reel/32663349329945801/
220634478361516_1262384535920444,2025-11-14,10:00,Photo,57894,0,0,88,43,3,https://www.facebook.com/1240372834788281/posts/1262384535920444
220634478361516_1262360619256169,2025-11-14,09:09,Photo,151320,0,0,274,54,27,https://www.facebook.com/1240372834788281/posts/1262360619256169
220634478361516_1262311739261057,2025-11-14,07:30,Reel,86681,40911,25497.4,264,73,13,https://www.facebook.com/reel/881386914544150/
220634478361516_1262057232619841,2025-11-13,23:53,Photo,51000,0,0,1009,100,28,https://www.facebook.com/1240372834788281/posts/1262057232619841
220634478361516_1262044109287820,2025-11-13,23:26,Reel,1631545,641068,191445.5,22720,721,1540,https://www.facebook.com/reel/844696994713085/
220634478361516_1262007732624791,2025-11-13,22:13,Reel,304484,190072,157157.3,2702,308,239,https://www.facebook.com/reel/1317978643462042/
220634478361516_1262001572625407,2025-11-13,22:01,Photo,345737,0,0,1488,1000,218,https://www.facebook.com/1240372834788281/posts/1262001572625407
220634478361516_1261986392626925,2025-11-13,21:35,Reel,234574,130886,62282.2,1090,372,17,https://www.facebook.com/reel/1337002961439272/
220634478361516_1261965739295657,2025-11-13,20:56,Photo,126669,0,0,1850,245,34,https://www.facebook.com/1240372834788281/posts/1261965739295657
220634478361516_1261902862635278,2025-11-13,19:06,Reel,89880,48642,15180.8,358,93,16,https://www.facebook.com/reel/1227389279228913/
220634478361516_1261888212636743,2025-11-13,18:44,Reel,20453,11207,1981.4,115,6,10,https://www.facebook.com/reel/1577190250383016/
220634478361516_1261764929315738,2025-11-13,15:39,Reel,215595,129284,44734.3,10044,240,407,https://www.facebook.com/reel/1467480794328889/
220634478361516_1261716209320610,2025-11-13,14:25,Photo,79252,0,0,885,133,7,https://www.facebook.com/1240372834788281/posts/1261716209320610
220634478361516_1261634025995495,2025-11-13,12:01,Reel,994637,467462,504063.6,4310,1963,297,https://www.facebook.com/reel/32370843672530880/
220634478361516_1261607265998171,2025-11-13,11:13,Reel,32336,18665,6743.3,571,50,91,https://www.facebook.com/reel/1366402015030832/
220634478361516_1261588932666671,2025-11-13,10:38,Reel,40879,25320,7596.9,327,25,14,https://www.facebook.com/reel/2027502428101293/
220634478361516_1261569186001979,2025-11-13,10:00,Reel,91801,52268,71514.8,2467,105,213,https://www.facebook.com/reel/1838619346759899/
220634478361516_1261496219342609,2025-11-13,07:31,Reel,57685,27184,30105.5,168,13,17,https://www.facebook.com/reel/840002381762000/
220634478361516_1261173849374846,2025-11-12,21:09,Photo,52119,0,0,96,73,9,https://www.facebook.com/1240372834788281/posts/1261173849374846
220634478361516_1261146019377629,2025-11-12,20:20,Photo,141085,0,0,520,393,66,https://www.facebook.com/1240372834788281/posts/1261146019377629
220634478361516_1261115599380671,2025-11-12,19:31,Photo,715479,0,0,4557,265,237,https://www.facebook.com/1240372834788281/posts/1261115599380671
220634478361516_1261105602715004,2025-11-12,19:16,Photo,64323,0,0,1073,35,29,https://www.facebook.com/1240372834788281/posts/1261105602715004
220634478361516_1261101252715439,2025-11-12,19:10,Reel,281803,146169,68957.7,7424,1116,292,https://www.facebook.com/reel/2286919305101586/
220634478361516_1261100752715489,2025-11-12,19:08,Photo,182948,0,0,798,229,18,https://www.facebook.com/1240372834788281/posts/1261100752715489
220634478361516_1261071349385096,2025-11-12,18:29,Reel,73883,40079,64744.2,486,19,29,https://www.facebook.com/reel/1316617743593651/
220634478361516_1261043942721170,2025-11-12,17:45,Reel,137973,41899,7890.3,839,417,50,https://www.facebook.com/reel/1134916895421779/
220634478361516_1261037049388526,2025-11-12,17:35,Photo,292191,0,0,9388,376,270,https://www.facebook.com/1240372834788281/posts/1261037049388526
220634478361516_1261025682722996,2025-11-12,17:18,Reel,23859,12031,4099.5,213,307,12,https://www.facebook.com/reel/842623101789735/
220634478361516_1261007996058098,2025-11-12,16:53,Photo,72286,0,0,115,39,7,https://www.facebook.com/1240372834788281/posts/1261007996058098
220634478361516_1260985052727059,2025-11-12,16:19,Photo,451741,0,0,741,311,64,https://www.facebook.com/1240372834788281/posts/1260985052727059
220634478361516_1260952009397030,2025-11-12,15:32,Reel,66889,35858,60163.2,901,25,35,https://www.facebook.com/reel/2533170917058155/
220634478361516_1260903466068551,2025-11-12,14:24,Reel,832180,379311,156703.3,6422,816,257,https://www.facebook.com/reel/1858973944970719/
220634478361516_1260838929408338,2025-11-12,12:48,Photo,75508,0,0,534,332,27,https://www.facebook.com/1240372834788281/posts/1260838929408338
220634478361516_1260830196075878,2025-11-12,12:34,Reel,25043,10715,2031.8,249,240,15,https://www.facebook.com/reel/1390253255786238/
220634478361516_1260766429415588,2025-11-12,10:42,Photo,140683,0,0,1243,682,413,https://www.facebook.com/1240372834788281/posts/1260766429415588
220634478361516_1260721642753400,2025-11-12,09:19,Photo,80272,0,0,1225,569,32,https://www.facebook.com/1240372834788281/posts/1260721642753400
220634478361516_1260665779425653,2025-11-12,07:31,Reel,23564,10169,13697.7,115,16,9,https://www.facebook.com/reel/822945887132085/
220634478361516_1260345429457688,2025-11-11,21:24,Reel,181095,88216,29845.3,1305,464,45,https://www.facebook.com/reel/25223686763931522/
220634478361516_1260332686125629,2025-11-11,21:02,Photo,93195,0,0,480,343,13,https://www.facebook.com/1240372834788281/posts/1260332686125629
220634478361516_1260310776127820,2025-11-11,20:22,Reel,89141,52637,21257.4,2190,103,108,https://www.facebook.com/reel/1338218064451189/
220634478361516_1260223199469911,2025-11-11,18:00,Reel,16309,6870,3523.9,62,34,11,https://www.facebook.com/reel/1155343989538249/
220634478361516_1260164566142441,2025-11-11,16:36,Reel,321263,131155,50750.1,703,82,24,https://www.facebook.com/reel/730192229421288/
220634478361516_1260139859478245,2025-11-11,16:01,Reel,14466,5928,3407.4,95,10,7,https://www.facebook.com/reel/1382287933286645/
220634478361516_1260058546153043,2025-11-11,14:02,Reel,39878,19028,25580.4,211,24,7,https://www.facebook.com/reel/874121301606869/
220634478361516_1260043612821203,2025-11-11,13:37,Photo,115672,0,0,778,137,16,https://www.facebook.com/1240372834788281/posts/1260043612821203
220634478361516_1259985462827018,2025-11-11,12:02,Reel,14486,5355,2468.4,35,5,6,https://www.facebook.com/reel/1877364796551187/
220634478361516_1259971379495093,2025-11-11,11:39,Reel,140245,74089,32263.2,6972,142,248,https://www.facebook.com/reel/1099886465366189/
220634478361516_1259950839497147,2025-11-11,11:02,Reel,58708,28450,11588.0,2341,142,77,https://www.facebook.com/reel/2286760081774874/
220634478361516_1259922819499949,2025-11-11,10:12,Reel,9719,4850,1148.5,330,36,12,https://www.facebook.com/reel/1476782306762679/
220634478361516_1259917589500472,2025-11-11,10:00,Reel,109356,60625,63277.5,1456,29,13,https://www.facebook.com/reel/1154377593426593/
220634478361516_1259836262841938,2025-11-11,07:31,Reel,38543,19420,46046.3,243,28,12,https://www.facebook.com/reel/1483813336063861/
220634478361516_1259569002868664,2025-11-10,23:31,Reel,609038,242981,55462.4,8580,1755,330,https://www.facebook.com/reel/1556016878886256/
220634478361516_1259561976202700,2025-11-10,23:17,Photo,70474,0,0,70,94,3,https://www.facebook.com/1240372834788281/posts/1259561976202700
220634478361516_1259505772874987,2025-11-10,21:31,Reel,52121,25941,33047.5,681,46,51,https://www.facebook.com/reel/1502844970936135/
220634478361516_1259441559548075,2025-11-10,19:51,Photo,454008,0,0,6697,2927,378,https://www.facebook.com/1240372834788281/posts/1259441559548075
220634478361516_1259425049549726,2025-11-10,19:25,Photo,1452948,0,0,7082,1968,290,https://www.facebook.com/1240372834788281/posts/1259425049549726
220634478361516_1259400862885478,2025-11-10,19:00,Reel,190199,105710,58339.1,6670,2774,911,https://www.facebook.com/reel/866859272575411/
220634478361516_1259297356229162,2025-11-10,16:39,Photo,103921,0,0,2594,204,96,https://www.facebook.com/1240372834788281/posts/1259297356229162
220634478361516_1259183186240579,2025-11-10,13:58,Reel,25034,11759,2555.6,624,15,29,https://www.facebook.com/reel/750212294758265/
220634478361516_1259106902914874,2025-11-10,12:00,Reel,12251,5026,5873.2,63,5,5,https://www.facebook.com/reel/734192696352257/
220634478361516_1259063216252576,2025-11-10,10:51,Reel,48614,26628,10494.4,302,268,28,https://www.facebook.com/reel/884448967669999/
220634478361516_1259031882922376,2025-11-10,10:00,Reel,49137,23524,18777.7,294,25,30,https://www.facebook.com/reel/1164852791929298/
220634478361516_1258946232930941,2025-11-10,07:30,Reel,44775,23452,16341.4,145,39,15,https://www.facebook.com/reel/1165014465095664/
220634478361516_1258617119630519,2025-11-09,21:58,Reel,38075,20014,10858.7,352,335,32,https://www.facebook.com/reel/1949797258923145/
220634478361516_1258583262967238,2025-11-09,21:04,Reel,199729,104799,52125.4,7868,386,529,https://www.facebook.com/reel/835337889248389/
220634478361516_1258484706310427,2025-11-09,19:02,Photo,70717,0,0,1477,137,71,https://www.facebook.com/1240372834788281/posts/1258484706310427
220634478361516_1258470202978544,2025-11-09,18:46,Reel,192341,98081,28596.4,619,343,43,https://www.facebook.com/reel/1516750516265198/
220634478361516_1258380632987501,2025-11-09,16:56,Reel,201477,98299,42735.7,3563,269,218,https://www.facebook.com/reel/4343654412537026/
220634478361516_1258335549658676,2025-11-09,15:57,Photo,115067,0,0,877,67,26,https://www.facebook.com/1240372834788281/posts/1258335549658676
220634478361516_1258325862992978,2025-11-09,15:45,Reel,16867,6748,2617.1,757,77,29,https://www.facebook.com/reel/845977247834529/
220634478361516_1258243403001224,2025-11-09,13:49,Photo,184543,0,0,5887,504,201,https://www.facebook.com/1240372834788281/posts/1258243403001224
220634478361516_1258174093008155,2025-11-09,12:00,Reel,24025,8358,4128.9,77,12,8,https://www.facebook.com/reel/1624276405646315/
220634478361516_1258171239675107,2025-11-09,11:55,Photo,70811,0,0,371,40,11,https://www.facebook.com/1240372834788281/posts/1258171239675107
220634478361516_1258149729677258,2025-11-09,11:21,Reel,1702632,805985,318340.0,44823,1291,668,https://www.facebook.com/reel/1323673395710987/
220634478361516_1258101239682107,2025-11-09,10:00,Reel,79895,39173,90961.5,537,28,29,https://www.facebook.com/reel/1776165426315549/
220634478361516_1258081169684114,2025-11-09,09:27,Photo,65297,0,0,620,74,15,https://www.facebook.com/1240372834788281/posts/1258081169684114
220634478361516_1258042516354646,2025-11-09,08:23,Photo,204073,0,0,818,761,28,https://www.facebook.com/1240372834788281/posts/1258042516354646
220634478361516_1258011186357779,2025-11-09,07:30,Reel,190167,89997,238694.5,2626,390,362,https://www.facebook.com/reel/856973927011341/
220634478361516_1257702636388634,2025-11-08,22:36,Reel,33536,16360,12038.5,224,17,14,https://www.facebook.com/reel/1192082523021939/
220634478361516_1257696863055878,2025-11-08,22:25,Photo,326353,0,0,650,282,60,https://www.facebook.com/1240372834788281/posts/1257696863055878
220634478361516_1257663496392548,2025-11-08,21:28,Reel,565322,273539,177211.9,10000,1694,718,https://www.facebook.com/reel/1148777147452109/
220634478361516_1257642133061351,2025-11-08,20:54,Reel,136275,80408,29550.4,501,254,56,https://www.facebook.com/reel/856513623558740/
220634478361516_1257589196399978,2025-11-08,19:32,Photo,42926,0,0,507,19,13,https://www.facebook.com/1240372834788281/posts/1257589196399978
220634478361516_1257484789743752,2025-11-08,17:08,Photo,92297,0,0,719,109,41,https://www.facebook.com/1240372834788281/posts/1257484789743752
220634478361516_1257266233098941,2025-11-08,16:00,Reel,20077,7968,5027.2,130,14,11,https://www.facebook.com/reel/749227998196641/
220634478361516_1257278556431042,2025-11-08,12:45,Photo,66339,0,0,213,42,12,https://www.facebook.com/1240372834788281/posts/1257278556431042
220634478361516_1257222369769994,2025-11-08,12:00,Reel,131660,82083,88732.8,2399,132,187,https://www.facebook.com/reel/653154537732680/
220634478361516_1257257076433190,2025-11-08,11:38,Photo,242474,0,0,541,332,20,https://www.facebook.com/1240372834788281/posts/1257257076433190
220634478361516_1257217933103771,2025-11-08,10:33,Reel,10232,4547,4729.0,43,14,3,https://www.facebook.com/reel/25686210000963895/
220634478361516_1257195476439350,2025-11-08,09:52,Reel,471367,155488,50116.5,953,112,41,https://www.facebook.com/reel/1152230676976243/
220634478361516_1257157216443176,2025-11-08,08:45,Photo,76065,0,0,1862,277,55,https://www.facebook.com/1240372834788281/posts/1257157216443176
220634478361516_1256790993146465,2025-11-07,22:08,Reel,38386,19968,23949.4,146,111,13,https://www.facebook.com/reel/670623182598097/
220634478361516_1256692229823008,2025-11-07,19:20,Reel,41027,22004,8007.9,734,51,133,https://www.facebook.com/reel/812632001759745/
220634478361516_1256673059824925,2025-11-07,18:52,Photo,144960,0,0,419,361,15,https://www.facebook.com/1240372834788281/posts/1256673059824925
220634478361516_1256623259829905,2025-11-07,17:45,Reel,37098,19076,4698.3,359,137,40,https://www.facebook.com/reel/1545043323359915/
220634478361516_1256543009837930,2025-11-07,16:10,Reel,540369,280950,120931.0,4182,2364,168,https://www.facebook.com/reel/2014988782653667/
220634478361516_1256519649840266,2025-11-07,15:40,Reel,807635,397982,165668.4,3279,1784,226,https://www.facebook.com/reel/1856683632393929/
220634478361516_1256483156510582,2025-11-07,14:48,Photo,249023,0,0,10000,995,372,https://www.facebook.com/1240372834788281/posts/1256483156510582
220634478361516_1256396299852601,2025-11-07,12:30,Reel,416373,181930,73451.5,1219,724,31,https://www.facebook.com/reel/1526275065226280/
220634478361516_1256292093196355,2025-11-07,10:05,Photo,199179,0,0,421,300,17,https://www.facebook.com/1240372834788281/posts/1256292093196355
220634478361516_1256289299863301,2025-11-07,10:01,Reel,47099,22871,18631.4,157,139,14,https://www.facebook.com/reel/3970751706397323/
220634478361516_1256208293204735,2025-11-07,07:30,Reel,172880,94153,82569.5,1110,178,104,https://www.facebook.com/reel/3959212217675114/
220634478361516_1255941466564751,2025-11-06,23:05,Photo,401901,0,0,2686,647,307,https://www.facebook.com/1240372834788281/posts/1255941466564751
220634478361516_1255912193234345,2025-11-06,22:07,Reel,53258,25705,10449.2,387,104,26,https://www.facebook.com/reel/2003312223840885/
220634478361516_1255876159904615,2025-11-06,21:02,Reel,36047,22724,16329.7,156,35,9,https://www.facebook.com/reel/813635574603305/
220634478361516_1255856453239919,2025-11-06,20:25,Reel,325937,180071,55894.7,3752,220,83,https://www.facebook.com/reel/1316954119755113/
220634478361516_1255830673242497,2025-11-06,19:37,Photo,181398,0,0,552,213,13,https://www.facebook.com/1240372834788281/posts/1255830673242497
220634478361516_1255780189914212,2025-11-06,18:11,Photo,136161,0,0,233,130,30,https://www.facebook.com/1240372834788281/posts/1255780189914212
220634478361516_1255735683251996,2025-11-06,17:00,Reel,35085,12686,16210.2,91,16,10,https://www.facebook.com/reel/1022767953309779/
220634478361516_1255713163254248,2025-11-06,16:28,Reel,95160,52143,19031.4,1296,1089,132,https://www.facebook.com/reel/1186944009962172/
220634478361516_1255675066591391,2025-11-06,15:27,Reel,79260,38086,12513.1,621,226,121,https://www.facebook.com/reel/1325367852042411/
220634478361516_1255657953259769,2025-11-06,15:00,Reel,153248,78520,66020.3,787,148,19,https://www.facebook.com/reel/3743622829277468/
220634478361516_1255618266597071,2025-11-06,13:57,Reel,35697,16727,4386.1,2130,204,64,https://www.facebook.com/reel/1366360518409344/
220634478361516_1255579056600992,2025-11-06,12:49,Photo,204076,0,0,3775,138,69,https://www.facebook.com/1240372834788281/posts/1255579056600992
220634478361516_1255540529938178,2025-11-06,11:41,Reel,10427,4871,1107.9,32,19,3,https://www.facebook.com/reel/24944203241911097/
220634478361516_1255535223272042,2025-11-06,11:30,Reel,53828,30326,27627.1,1141,93,143,https://www.facebook.com/reel/1328196465750099/
220634478361516_1255506053274959,2025-11-06,10:37,Photo,103393,0,0,2840,398,68,https://www.facebook.com/1240372834788281/posts/1255506053274959
220634478361516_1255494873276077,2025-11-06,10:20,Reel,164958,89579,47500.6,1211,519,119,https://www.facebook.com/reel/2652422885095859/
220634478361516_1255487116610186,2025-11-06,10:06,Photo,126549,0,0,900,180,23,https://www.facebook.com/1240372834788281/posts/1255487116610186
220634478361516_1255477143277850,2025-11-06,09:49,Reel,357935,145815,38895.3,2590,695,258,https://www.facebook.com/reel/860125676690379/
220634478361516_1255473369944894,2025-11-06,09:42,Reel,22395,8015,1461.9,381,19,19,https://www.facebook.com/reel/1399007858596847/
220634478361516_1255464819945749,2025-11-06,09:26,Reel,59584,33207,10679.7,343,63,34,https://www.facebook.com/reel/1543058560374886/
220634478361516_1255084636650434,2025-11-05,21:44,Photo,82739,0,0,1589,134,80,https://www.facebook.com/1240372834788281/posts/1255084636650434
220634478361516_1255073486651549,2025-11-05,21:24,Photo,102864,0,0,1352,47,37,https://www.facebook.com/1240372834788281/posts/1255073486651549
220634478361516_1255058353319729,2025-11-05,20:58,Photo,171584,0,0,2415,296,65,https://www.facebook.com/1240372834788281/posts/1255058353319729
220634478361516_1255002439991987,2025-11-05,19:30,Photo,192524,0,0,3005,281,62,https://www.facebook.com/1240372834788281/posts/1255002439991987
220634478361516_1254988829993348,2025-11-05,19:10,Reel,184749,100184,40981.4,7616,436,230,https://www.facebook.com/reel/709991021584798/
220634478361516_1254976476661250,2025-11-05,18:53,Reel,12336,5846,2931.9,63,16,17,https://www.facebook.com/reel/1139734188285084/
220634478361516_1254972349994996,2025-11-05,18:46,Photo,65067,0,0,380,70,20,https://www.facebook.com/1240372834788281/posts/1254972349994996
220634478361516_1254904026668495,2025-11-05,17:15,Reel,16805,8055,1562.2,110,69,8,https://www.facebook.com/reel/1512942376701897/
220634478361516_1254872446671653,2025-11-05,16:41,Reel,93981,57270,18302.0,468,101,13,https://www.facebook.com/reel/802050115985340/
220634478361516_1254824723343092,2025-11-05,15:39,Photo,218501,0,0,3695,278,418,https://www.facebook.com/1240372834788281/posts/1254824723343092
220634478361516_1254815503344014,2025-11-05,15:27,Reel,9338,3140,1732.8,18,5,5,https://www.facebook.com/reel/681933874655247/
220634478361516_1254754946683403,2025-11-05,14:02,Photo,388905,0,0,1215,881,46,https://www.facebook.com/1240372834788281/posts/1254754946683403
220634478361516_1254747133350851,2025-11-05,13:52,Reel,612124,276433,61224.2,3407,1350,258,https://www.facebook.com/reel/804850629105481/
220634478361516_1254721023353462,2025-11-05,13:15,Photo,95771,0,0,233,79,24,https://www.facebook.com/1240372834788281/posts/1254721023353462
220634478361516_1254707843354780,2025-11-05,12:55,Photo,119732,0,0,553,269,42,https://www.facebook.com/1240372834788281/posts/1254707843354780
220634478361516_1254674166691481,2025-11-05,12:06,Reel,339019,111489,64512.1,964,57,11,https://www.facebook.com/reel/1755766795106046/
220634478361516_1254669603358604,2025-11-05,12:00,Reel,10510,4322,2709.0,24,7,3,https://www.facebook.com/reel/813528344984484/
220634478361516_1254630976695800,2025-11-05,11:02,Photo,303363,0,0,1796,846,393,https://www.facebook.com/1240372834788281/posts/1254630976695800
220634478361516_1254592793366285,2025-11-05,10:00,Reel,20762,10280,4745.5,74,9,2,https://www.facebook.com/reel/1208684777974895/
220634478361516_1254539866704911,2025-11-05,08:33,Reel,74304,41151,11001.2,403,31,36,https://www.facebook.com/reel/1726016474750197/
220634478361516_1254503530041878,2025-11-05,07:30,Reel,486620,282787,416404.8,2355,578,253,https://www.facebook.com/reel/818011911093581/
220634478361516_1254451996713698,2025-11-05,06:03,Photo,553539,0,0,2482,1444,79,https://www.facebook.com/1240372834788281/posts/1254451996713698
220634478361516_1254284200063811,2025-11-05,01:03,Photo,89862,0,0,2579,287,72,https://www.facebook.com/1240372834788281/posts/1254284200063811
220634478361516_1254171163408448,2025-11-04,21:29,Reel,72227,35267,27963.2,437,154,17,https://www.facebook.com/reel/877065334887170/
220634478361516_1254158983409666,2025-11-04,21:07,Photo,475369,0,0,2157,1611,108,https://www.facebook.com/1240372834788281/posts/1254158983409666
220634478361516_1254155620076669,2025-11-04,21:02,Photo,58814,0,0,303,13,16,https://www.facebook.com/1240372834788281/posts/1254155620076669
220634478361516_1254060993419465,2025-11-04,18:42,Reel,37999,16313,26073.5,255,11,11,https://www.facebook.com/reel/1904523777111297/
220634478361516_1254020023423562,2025-11-04,17:41,Reel,113047,64288,19944.5,490,84,6,https://www.facebook.com/reel/1608542020118145/
220634478361516_1253976393427925,2025-11-04,16:41,Photo,193545,0,0,842,827,82,https://www.facebook.com/1240372834788281/posts/1253976393427925
220634478361516_1253939393431625,2025-11-04,15:54,Reel,168591,84881,32335.5,5805,152,178,https://www.facebook.com/reel/1366541365123840/
220634478361516_1253904763435088,2025-11-04,15:09,Photo,79735,0,0,369,147,15,https://www.facebook.com/1240372834788281/posts/1253904763435088
220634478361516_1253863886772509,2025-11-04,14:15,Reel,54979,32511,9533.0,159,98,19,https://www.facebook.com/reel/841308028453977/
220634478361516_1253843766774521,2025-11-04,13:47,Reel,563799,285564,85230.4,17439,436,208,https://www.facebook.com/reel/857983410095387/
220634478361516_1253824170109814,2025-11-04,13:19,Photo,349787,0,0,12547,1474,358,https://www.facebook.com/1240372834788281/posts/1253824170109814
220634478361516_1253807493444815,2025-11-04,12:54,Reel,35976,16306,3656.3,2397,121,60,https://www.facebook.com/reel/812534284899464/
220634478361516_1253708096788088,2025-11-04,10:00,Reel,15508,8226,3753.0,92,19,5,https://www.facebook.com/reel/1839219177470259/
220634478361516_1253626773462887,2025-11-04,07:31,Reel,68158,37060,27495.4,1318,59,78,https://www.facebook.com/reel/2410647346003794/
220634478361516_1253375830154648,2025-11-03,23:51,Reel,17589,8360,4769.8,577,37,30,https://www.facebook.com/reel/1165264444998132/
220634478361516_1253367280155503,2025-11-03,23:33,Reel,33224,17531,11985.0,553,128,17,https://www.facebook.com/reel/2238895249918487/
220634478361516_1253350776823820,2025-11-03,23:02,Reel,46582,27311,22926.9,260,75,23,https://www.facebook.com/reel/1179623267468380/
220634478361516_1253318006827097,2025-11-03,21:59,Reel,96161,46801,14196.2,206,96,27,https://www.facebook.com/reel/1173871008002667/
220634478361516_1253208143504750,2025-11-03,18:55,Reel,38481,18281,6733.0,569,121,55,https://www.facebook.com/reel/822027577413161/
220634478361516_1253170203508544,2025-11-03,17:58,Photo,244352,0,0,486,172,23,https://www.facebook.com/1240372834788281/posts/1253170203508544
220634478361516_1253023880189843,2025-11-03,14:38,Photo,251170,0,0,705,423,47,https://www.facebook.com/1240372834788281/posts/1253023880189843
220634478361516_1252931286865769,2025-11-03,12:15,Reel,39669,18765,4396.5,1736,123,81,https://www.facebook.com/reel/1371410778023190/
220634478361516_1252921763533388,2025-11-03,12:00,Reel,24441,11633,6966.3,85,43,6,https://www.facebook.com/reel/719896500471332/
220634478361516_1252850033540561,2025-11-03,10:00,Reel,20270,8940,3798.1,112,11,9,https://www.facebook.com/reel/1373816730973056/
220634478361516_1252808456878052,2025-11-03,08:44,Photo,1012591,0,0,5918,594,177,https://www.facebook.com/1240372834788281/posts/1252808456878052
220634478361516_1252804816878416,2025-11-03,08:38,Photo,71722,0,0,1470,200,45,https://www.facebook.com/1240372834788281/posts/1252804816878416
220634478361516_1252767660215465,2025-11-03,07:30,Reel,57648,30596,22329.4,155,31,7,https://www.facebook.com/reel/1847891976098866/
220634478361516_1252624513563113,2025-11-03,03:21,Photo,277050,0,0,8632,1250,309,https://www.facebook.com/1240372834788281/posts/1252624513563113
220634478361516_1252438893581675,2025-11-02,21:43,Photo,195071,0,0,1277,132,23,https://www.facebook.com/1240372834788281/posts/1252438893581675
220634478361516_1252432846915613,2025-11-02,21:33,Reel,298890,138437,140154.8,1158,80,74,https://www.facebook.com/reel/809562365150557/
220634478361516_1252414890250742,2025-11-02,21:03,Photo,48291,0,0,185,11,9,https://www.facebook.com/1240372834788281/posts/1252414890250742
220634478361516_1252398503585714,2025-11-02,20:40,Reel,828912,446236,104623.7,12058,4033,480,https://www.facebook.com/reel/1509570770274637/
220634478361516_1252388023586762,2025-11-02,20:29,Reel,54134,25552,74592.9,335,32,52,https://www.facebook.com/reel/1172244768180339/
220634478361516_1252352090257022,2025-11-02,19:37,Photo,620534,0,0,7071,5507,486,https://www.facebook.com/1240372834788281/posts/1252352090257022
220634478361516_1252323013593263,2025-11-02,19:07,Photo,222387,0,0,1171,900,34,https://www.facebook.com/1240372834788281/posts/1252323013593263
220634478361516_1252293200262911,2025-11-02,18:33,Photo,288383,0,0,925,733,40,https://www.facebook.com/1240372834788281/posts/1252293200262911
220634478361516_1252265006932397,2025-11-02,18:03,Reel,10756,3842,2982.3,53,7,4,https://www.facebook.com/reel/1813120520079849/
220634478361516_1252240843601480,2025-11-02,17:33,Reel,65577,37044,16611.8,869,34,33,https://www.facebook.com/reel/2072835216819461/
220634478361516_1252225910269640,2025-11-02,17:15,Photo,116183,0,0,3123,400,123,https://www.facebook.com/1240372834788281/posts/1252225910269640
220634478361516_1252151680277063,2025-11-02,15:32,Reel,51697,21993,4788.6,2391,59,46,https://www.facebook.com/reel/1154920336164418/
220634478361516_1252109243614640,2025-11-02,14:41,Reel,83987,46003,72447.5,1188,39,50,https://www.facebook.com/reel/694054849979054/
220634478361516_1252103333615231,2025-11-02,14:31,Photo,163116,0,0,1144,598,164,https://www.facebook.com/1240372834788281/posts/1252103333615231
220634478361516_1252081240284107,2025-11-02,14:01,Photo,303968,0,0,672,239,31,https://www.facebook.com/1240372834788281/posts/1252081240284107
220634478361516_1252078323617732,2025-11-02,13:57,Photo,201134,0,0,1132,484,43,https://www.facebook.com/1240372834788281/posts/1252078323617732
220634478361516_1252077256951172,2025-11-02,13:56,Reel,170517,81589,42018.4,3250,245,421,https://www.facebook.com/reel/818841057217939/
220634478361516_1252036633621901,2025-11-02,13:03,Reel,608537,258589,725473.2,10244,914,1408,https://www.facebook.com/reel/1181002950619560/
220634478361516_1251927343632830,2025-11-02,10:00,Reel,87352,46986,34709.1,506,96,30,https://www.facebook.com/reel/842283124986483/
220634478361516_1251878073637757,2025-11-02,08:35,Photo,167114,0,0,2295,760,207,https://www.facebook.com/1240372834788281/posts/1251878073637757
220634478361516_1251838903641674,2025-11-02,07:30,Reel,152189,80214,109988.6,720,159,54,https://www.facebook.com/reel/1369019974576265/
220634478361516_1251564307002467,2025-11-01,23:40,Photo,505172,0,0,3574,402,114,https://www.facebook.com/1240372834788281/posts/1251564307002467
220634478361516_1251439537014944,2025-11-01,20:06,Reel,135603,73993,23450.5,2502,669,54,https://www.facebook.com/reel/2003728223745374/
220634478361516_1251084990383732,2025-11-01,12:00,Reel,151946,95207,81986.6,2627,173,147,https://www.facebook.com/reel/1496944328259685/
220634478361516_1251013023724262,2025-11-01,10:00,Reel,65341,24494,32619.5,784,82,73,https://www.facebook.com/reel/1755060008497366/
220634478361516_1250989903726574,2025-11-01,09:20,Photo,163852,0,0,659,183,62,https://www.facebook.com/1240372834788281/posts/1250989903726574
220634478361516_1250925613733003,2025-11-01,07:31,Reel,113749,63153,115484.7,606,229,30,https://www.facebook.com/reel/1883883906341708/
220634478361516_1250638933761671,2025-10-31,23:30,Reel,45771,24698,18828.0,662,181,99,https://www.facebook.com/reel/842898708204545/
220634478361516_1250636520428579,2025-10-31,23:25,Reel,805735,321494,66699.2,4057,263,136,https://www.facebook.com/reel/1315339873401219/
220634478361516_1250618387097059,2025-10-31,22:52,Reel,29687,13221,23572.8,200,65,7,https://www.facebook.com/reel/2316582142140079/
220634478361516_1250385620453669,2025-10-31,17:07,Photo,322362,0,0,5767,1883,214,https://www.facebook.com/1240372834788281/posts/1250385620453669
220634478361516_1250359847122913,2025-10-31,16:31,Reel,20341,9501,2060.7,545,27,20,https://www.facebook.com/reel/4405845366368924/
220634478361516_1250337320458499,2025-10-31,16:00,Reel,44294,25411,11031.3,247,88,25,https://www.facebook.com/reel/1074908584580106/
220634478361516_1250265347132363,2025-10-31,14:23,Reel,167030,94666,37574.8,4747,115,124,https://www.facebook.com/reel/821570123844443/
220634478361516_1250248773800687,2025-10-31,14:00,Reel,17594,7179,3798.2,138,53,28,https://www.facebook.com/reel/1372699124431886/
220634478361516_1250174733808091,2025-10-31,12:01,Reel,148528,89499,73350.5,1576,453,281,https://www.facebook.com/reel/1964076937469661/
220634478361516_1250162020476029,2025-10-31,11:39,Photo,82821,0,0,489,648,27,https://www.facebook.com/1240372834788281/posts/1250162020476029
220634478361516_1250128093812755,2025-10-31,11:01,Reel,69963,38584,14749.8,3541,172,209,https://www.facebook.com/reel/791177030411083/
220634478361516_1250094453816119,2025-10-31,10:01,Reel,122863,64796,63049.1,2072,34,53,https://www.facebook.com/reel/1349127123285288/
220634478361516_1250064773819087,2025-10-31,09:09,Photo,122480,0,0,1181,185,70,https://www.facebook.com/1240372834788281/posts/1250064773819087
220634478361516_1250012810490950,2025-10-31,07:30,Reel,36869,15957,32017.0,148,18,21,https://www.facebook.com/reel/1163604048449432/
220634478361516_1249759403849624,2025-10-30,23:00,Reel,42182,26758,9538.2,116,14,22,https://www.facebook.com/reel/823424900315737/
220634478361516_1249744517184446,2025-10-30,22:28,Photo,209172,0,0,5597,571,195,https://www.facebook.com/1240372834788281/posts/1249744517184446
220634478361516_1249742353851329,2025-10-30,22:25,Photo,243223,0,0,5342,455,221,https://www.facebook.com/1240372834788281/posts/1249742353851329
220634478361516_1249718673853697,2025-10-30,21:43,Reel,646606,300312,88103.8,10000,183,91,https://www.facebook.com/reel/833498045723966/
220634478361516_1249711947187703,2025-10-30,21:30,Reel,79634,44699,42918.0,654,128,72,https://www.facebook.com/reel/2281065732412600/
220634478361516_1249693403856224,2025-10-30,21:02,Reel,12127,5524,1783.8,201,52,33,https://www.facebook.com/reel/4292761614342779/
220634478361516_1249648763860688,2025-10-30,19:52,Photo,112805,0,0,589,60,35,https://www.facebook.com/1240372834788281/posts/1249648763860688
220634478361516_1249580570534174,2025-10-30,18:05,Reel,48240,22417,7010.0,2289,205,72,https://www.facebook.com/reel/711651821947571/
220634478361516_1249560213869543,2025-10-30,17:33,Photo,52392,0,0,353,22,12,https://www.facebook.com/1240372834788281/posts/1249560213869543
220634478361516_1249530190539212,2025-10-30,16:48,Reel,956830,372066,98224.8,2048,896,100,https://www.facebook.com/reel/2185320458630869/
220634478361516_1249500230542208,2025-10-30,16:00,Reel,18867,7947,3501.4,80,10,5,https://www.facebook.com/reel/841268892135599/
220634478361516_1249473430544888,2025-10-30,15:21,Photo,257996,0,0,1341,624,167,https://www.facebook.com/1240372834788281/posts/1249473430544888
220634478361516_1249450910547140,2025-10-30,14:46,Photo,55548,0,0,138,42,4,https://www.facebook.com/1240372834788281/posts/1249450910547140
220634478361516_1249438827215015,2025-10-30,14:27,Photo,102469,0,0,562,237,27,https://www.facebook.com/1240372834788281/posts/1249438827215015
220634478361516_1249422143883350,2025-10-30,14:00,Reel,24295,10483,7022.7,99,98,6,https://www.facebook.com/reel/839115858613971/
220634478361516_1249390590553172,2025-10-30,13:07,Reel,31503,16111,4630.4,345,84,21,https://www.facebook.com/reel/681675454664331/
220634478361516_1249351230557108,2025-10-30,12:01,Reel,181025,78792,19270.6,865,585,118,https://www.facebook.com/reel/1147750794230316/
220634478361516_1249351070557124,2025-10-30,12:01,Reel,100651,61452,36051.9,185,77,13,https://www.facebook.com/reel/844925434723959/
220634478361516_1249350470557184,2025-10-30,12:00,Reel,175096,70801,15302.1,1685,400,269,https://www.facebook.com/reel/2258801824600753/
220634478361516_1249325907226307,2025-10-30,11:15,Photo,164143,0,0,3992,363,152,https://www.facebook.com/1240372834788281/posts/1249325907226307
220634478361516_1249314177227480,2025-10-30,10:52,Reel,281969,169016,80917.6,1321,74,62,https://www.facebook.com/reel/4299866806909633/
220634478361516_1249294913896073,2025-10-30,10:13,Photo,70085,0,0,257,149,22,https://www.facebook.com/1240372834788281/posts/1249294913896073
220634478361516_1249288477230050,2025-10-30,10:00,Reel,150857,80862,95161.5,4035,112,172,https://www.facebook.com/reel/1371464041179793/
220634478361516_1249216727237225,2025-10-30,07:30,Reel,122332,66787,52138.0,965,181,245,https://www.facebook.com/reel/726661816361278/
220634478361516_1248963183929246,2025-10-29,22:29,Reel,92902,57313,40278.9,739,151,55,https://www.facebook.com/reel/807047588609288/
220634478361516_1248934723932092,2025-10-29,21:30,Reel,273591,138596,133656.8,1139,52,52,https://www.facebook.com/reel/836753302628505/
220634478361516_1248925050599726,2025-10-29,21:11,Reel,195082,109432,41868.7,1092,1002,365,https://www.facebook.com/reel/822919643481101/
220634478361516_1248780100614221,2025-10-29,17:12,Reel,244647,137399,263293.5,3235,126,276,https://www.facebook.com/reel/769367892803122/
220634478361516_1248734103952154,2025-10-29,16:02,Photo,172161,0,0,1385,689,125,https://www.facebook.com/1240372834788281/posts/1248734103952154
220634478361516_1248673623958202,2025-10-29,14:36,Reel,681642,305647,211783.5,10000,285,518,https://www.facebook.com/reel/1308337980615453/
220634478361516_1248659353959629,2025-10-29,14:14,Photo,29692,0,0,321,46,13,https://www.facebook.com/1240372834788281/posts/1248659353959629
220634478361516_1248533983972166,2025-10-29,10:37,Reel,345263,184988,57492.2,4202,673,218,https://www.facebook.com/reel/864877249310608/
220634478361516_1248515020640729,2025-10-29,10:00,Reel,25632,12914,6570.5,103,17,7,https://www.facebook.com/reel/862479196735719/
220634478361516_1248483363977228,2025-10-29,08:58,Reel,261263,127556,32435.6,4801,668,300,https://www.facebook.com/reel/1136811018430024/
220634478361516_1248450487313849,2025-10-29,07:46,Photo,55606,0,0,958,155,14,https://www.facebook.com/1240372834788281/posts/1248450487313849
220634478361516_1248442390647992,2025-10-29,07:30,Reel,144474,78734,117009.5,3016,159,158,https://www.facebook.com/reel/1829834417893643/
220634478361516_1248086037350294,2025-10-28,19:43,Reel,225767,109368,37015.2,20114,1115,475,https://www.facebook.com/reel/831859112574284/
220634478361516_1248046670687564,2025-10-28,19:01,Photo,176104,0,0,322,157,13,https://www.facebook.com/1240372834788281/posts/1248046670687564
220634478361516_1248027430689488,2025-10-28,18:35,Reel,23118,10372,4202.8,138,37,24,https://www.facebook.com/reel/1955150485348485/
220634478361516_1248004314025133,2025-10-28,18:00,Reel,22631,10754,3379.0,37,3,4,https://www.facebook.com/reel/1520438762547313/
220634478361516_1247979577360940,2025-10-28,17:26,Photo,155284,0,0,2693,293,69,https://www.facebook.com/1240372834788281/posts/1247979577360940
220634478361516_1247918910700340,2025-10-28,16:00,Reel,47419,24473,12208.0,194,43,13,https://www.facebook.com/reel/850269730858999/
220634478361516_1247895530702678,2025-10-28,15:26,Photo,88592,0,0,194,62,46,https://www.facebook.com/1240372834788281/posts/1247895530702678
220634478361516_1247878097371088,2025-10-28,15:00,Reel,31941,17230,7373.1,566,46,15,https://www.facebook.com/reel/3297802843709535/
220634478361516_1247837460708485,2025-10-28,14:06,Photo,81090,0,0,623,264,34,https://www.facebook.com/1240372834788281/posts/1247837460708485
220634478361516_1247796854045879,2025-10-28,13:16,Reel,17959,7814,2942.7,52,13,14,https://www.facebook.com/reel/1980399119474003/
220634478361516_1247777124047852,2025-10-28,12:45,Photo,109461,0,0,1136,173,26,https://www.facebook.com/1240372834788281/posts/1247777124047852
220634478361516_1247757507383147,2025-10-28,12:16,Photo,676998,0,0,3319,1274,419,https://www.facebook.com/1240372834788281/posts/1247757507383147
220634478361516_1247740927384805,2025-10-28,11:52,Photo,475779,0,0,2786,770,420,https://www.facebook.com/1240372834788281/posts/1247740927384805
220634478361516_1247690657389832,2025-10-28,10:26,Photo,58256,0,0,160,138,6,https://www.facebook.com/1240372834788281/posts/1247690657389832
220634478361516_1247675807391317,2025-10-28,10:01,Reel,68510,36801,33921.2,543,76,38,https://www.facebook.com/reel/1524412192219154/
220634478361516_1247653764060188,2025-10-28,09:23,Photo,117497,0,0,432,158,29,https://www.facebook.com/1240372834788281/posts/1247653764060188
220634478361516_1247583107400587,2025-10-28,07:30,Reel,87005,45744,88969.4,680,104,70,https://www.facebook.com/reel/1279022727330830/
220634478361516_1247298934095671,2025-10-27,23:21,Reel,54541,28981,26215.6,693,33,35,https://www.facebook.com/reel/1060324806082363/
220634478361516_1247290394096525,2025-10-27,23:06,Reel,188003,112664,78302.3,3338,688,263,https://www.facebook.com/reel/2089357375203100/
220634478361516_1247256224099942,2025-10-27,22:02,Reel,67933,38963,35847.6,535,93,132,https://www.facebook.com/reel/848304937733011/
220634478361516_1247238060768425,2025-10-27,21:30,Reel,123,48,11.3,17,4,3,https://www.facebook.com/reel/1228185249117553/
220634478361516_1247233414102223,2025-10-27,21:24,Reel,181048,81916,22082.0,5642,198,89,https://www.facebook.com/reel/1348372043574861/
220634478361516_1247198380772393,2025-10-27,20:26,Reel,155017,76406,20207.5,5660,137,67,https://www.facebook.com/reel/2015385062649605/
220634478361516_1247160354109529,2025-10-27,19:30,Reel,37574,19342,16086.8,148,48,27,https://www.facebook.com/reel/856074327089920/
220634478361516_1247121630780068,2025-10-27,18:31,Photo,57216,0,0,193,28,4,https://www.facebook.com/1240372834788281/posts/1247121630780068
220634478361516_1247041120788119,2025-10-27,16:38,Reel,108345,59595,120803.6,886,101,85,https://www.facebook.com/reel/843345518455104/
220634478361516_1247037094121855,2025-10-27,16:32,Reel,77343,34268,17228.7,3143,171,117,https://www.facebook.com/reel/669316519305484/
220634478361516_1246980340794197,2025-10-27,15:14,Reel,170616,92087,38467.6,7159,1539,446,https://www.facebook.com/reel/1784932565560402/
220634478361516_1246778134147751,2025-10-27,10:15,Photo,109553,0,0,2077,129,45,https://www.facebook.com/1240372834788281/posts/1246778134147751
220634478361516_1246769837481914,2025-10-27,10:00,Reel,30435,12841,4635.1,114,15,5,https://www.facebook.com/reel/880703697612957/
220634478361516_1246373787521519,2025-10-26,22:03,Photo,233861,0,0,392,85,74,https://www.facebook.com/1240372834788281/posts/1246373787521519
220634478361516_1246352484190316,2025-10-26,21:24,Photo,52906,0,0,724,23,6,https://www.facebook.com/1240372834788281/posts/1246352484190316
220634478361516_1246345294191035,2025-10-26,21:14,Reel,50350,26522,14929.6,484,142,222,https://www.facebook.com/reel/725842283854843/
220634478361516_1246307527528145,2025-10-26,20:18,Reel,212863,112958,48056.7,658,366,56,https://www.facebook.com/reel/802818619402179/
220634478361516_1246293164196248,2025-10-26,19:58,Reel,8580,2346,828.1,26,10,4,https://www.facebook.com/reel/1360854439412263/
220634478361516_1246231357535762,2025-10-26,18:41,Reel,24998,12739,5700.3,183,10,4,https://www.facebook.com/reel/1579187033118470/
220634478361516_1246120984213466,2025-10-26,16:36,Reel,141460,49613,7722.6,2709,63,71,https://www.facebook.com/reel/845890234547820/
220634478361516_1246087780883453,2025-10-26,15:57,Reel,176109,71698,18245.6,4098,92,88,https://www.facebook.com/reel/811939755137575/
220634478361516_1245978890894342,2025-10-26,13:26,Photo,121714,0,0,248,61,15,https://www.facebook.com/1240372834788281/posts/1245978890894342
220634478361516_1245919344233630,2025-10-26,12:00,Reel,61892,28382,37985.1,228,18,15,https://www.facebook.com/reel/3012759762251682/
220634478361516_1245870077571890,2025-10-26,10:39,Reel,26314,8354,2888.3,114,41,15,https://www.facebook.com/reel/4135089973428019/
220634478361516_1245846480907583,2025-10-26,10:00,Reel,142146,74483,144071.3,1109,100,77,https://www.facebook.com/reel/827170593187962/
220634478361516_1245827214242843,2025-10-26,09:29,Reel,45735,25196,6222.2,1010,249,28,https://www.facebook.com/reel/1338091928010762/
220634478361516_1245755430916688,2025-10-26,07:30,Reel,81952,38757,36406.9,361,107,48,https://www.facebook.com/reel/2093415021192002/
220634478361516_1245508210941410,2025-10-26,01:16,Reel,1016171,591627,183279.0,10000,891,843,https://www.facebook.com/reel/846397504494091/
220634478361516_1245469754278589,2025-10-26,00:01,Status,44852,0,0,191,65,10,https://www.facebook.com/1240372834788281/posts/1245469754278589?substory_index=1301329655374062
220634478361516_1245453170946914,2025-10-25,23:32,Photo,123356,0,0,474,29,8,https://www.facebook.com/1240372834788281/posts/1245453170946914
220634478361516_1245434057615492,2025-10-25,22:58,Reel,44758,22226,6085.6,621,14,29,https://www.facebook.com/reel/1879031606296605/
220634478361516_1245387697620128,2025-10-25,21:51,Reel,169237,72056,26228.4,5476,180,128,https://www.facebook.com/reel/794960960012971/
220634478361516_1245375947621303,2025-10-25,21:34,Photo,77325,0,0,948,103,20,https://www.facebook.com/1240372834788281/posts/1245375947621303
220634478361516_1245366367622261,2025-10-25,21:20,Photo,597439,0,0,454,177,22,https://www.facebook.com/1240372834788281/posts/1245366367622261
220634478361516_1245289607629937,2025-10-25,19:36,Reel,23927,13591,2313.6,195,108,35,https://www.facebook.com/reel/822099370670419/
220634478361516_1245270937631804,2025-10-25,19:10,Photo,135925,0,0,1016,530,21,https://www.facebook.com/1240372834788281/posts/1245270937631804
220634478361516_1245243147634583,2025-10-25,18:30,Reel,147830,84445,39266.3,4065,115,139,https://www.facebook.com/reel/1694509761246307/
220634478361516_1245157837643114,2025-10-25,16:33,Reel,168540,87182,21517.4,962,752,133,https://www.facebook.com/reel/1564455744748259/
220634478361516_1245140904311474,2025-10-25,16:12,Photo,179529,0,0,498,217,22,https://www.facebook.com/1240372834788281/posts/1245140904311474
220634478361516_1245007380991493,2025-10-25,12:55,Reel,13371,4958,1636.5,73,6,10,https://www.facebook.com/reel/1337815157978387/
220634478361516_1244989004326664,2025-10-25,12:26,Photo,150190,0,0,243,204,25,https://www.facebook.com/1240372834788281/posts/1244989004326664
220634478361516_1244970224328542,2025-10-25,12:00,Reel,134141,71817,134632.4,573,62,41,https://www.facebook.com/reel/1533325754763996/
220634478361516_1244925614333003,2025-10-25,10:52,Reel,197633,98350,145169.8,1361,33,30,https://www.facebook.com/reel/2355633968190779/
220634478361516_1244805351011696,2025-10-25,07:30,Reel,21099,10957,5385.6,192,27,13,https://www.facebook.com/reel/1141958451430590/
220634478361516_1244462671045964,2025-10-24,21:44,Photo,170964,0,0,3302,140,52,https://www.facebook.com/1240372834788281/posts/1244462671045964
220634478361516_1244289024396662,2025-10-24,18:16,Photo,820575,0,0,2267,2158,171,https://www.facebook.com/1240372834788281/posts/1244289024396662
220634478361516_1244278021064429,2025-10-24,18:01,Reel,52555,25671,18073.2,277,8,15,https://www.facebook.com/reel/1895420351385449/
220634478361516_1244253284400236,2025-10-24,17:28,Photo,89354,0,0,2152,189,60,https://www.facebook.com/1240372834788281/posts/1244253284400236
220634478361516_1244189131073318,2025-10-24,16:05,Reel,48475,23913,10662.9,1384,33,39,https://www.facebook.com/reel/1346650163663147/
220634478361516_1244185361073695,2025-10-24,16:00,Reel,121344,57550,60453.0,871,79,43,https://www.facebook.com/reel/824231193479881/
220634478361516_1244168001075431,2025-10-24,15:36,Reel,213601,131838,83732.0,724,234,53,https://www.facebook.com/reel/658527123788297/
220634478361516_1244115337747364,2025-10-24,14:25,Reel,95529,44032,12881.8,4261,170,125,https://www.facebook.com/reel/1574933773857684/
220634478361516_1244099961082235,2025-10-24,14:01,Reel,44838,16469,14258.0,295,12,13,https://www.facebook.com/reel/837078075427370/
220634478361516_1244041204421444,2025-10-24,12:32,Reel,117098,52485,15502.8,4698,157,97,https://www.facebook.com/reel/24862403856774002/
220634478361516_1244021167756781,2025-10-24,12:00,Reel,18067,8601,5401.9,142,23,16,https://www.facebook.com/reel/803080315660243/
220634478361516_1244017471090484,2025-10-24,11:55,Reel,16954,5131,1039.4,93,7,12,https://www.facebook.com/reel/1626181598767221/
220634478361516_1243983544427210,2025-10-24,11:02,Reel,116805,59455,22025.9,5989,552,162,https://www.facebook.com/reel/791199117221326/
220634478361516_1243946271097604,2025-10-24,10:00,Reel,41592,20946,30489.3,335,37,28,https://www.facebook.com/reel/846612081130629/
220634478361516_1243916061100625,2025-10-24,09:12,Photo,147493,0,0,1060,236,24,https://www.facebook.com/1240372834788281/posts/1243916061100625
220634478361516_1243843551107876,2025-10-24,07:30,Reel,37921,16283,7029.0,793,15,24,https://www.facebook.com/reel/4279327769018943/
220634478361516_1243543597804538,2025-10-23,22:47,Reel,51668,26768,10234.2,342,114,26,https://www.facebook.com/reel/3534995183309528/
220634478361516_1243515581140673,2025-10-23,22:00,Reel,68413,33346,22512.2,1876,46,49,https://www.facebook.com/reel/720831464366061/
220634478361516_1243495401142691,2025-10-23,21:26,Photo,266205,0,0,614,588,39,https://www.facebook.com/1240372834788281/posts/1243495401142691
220634478361516_1243453191146912,2025-10-23,20:20,Reel,379987,180824,85369.1,8452,1453,994,https://www.facebook.com/reel/1331078801805420/
220634478361516_1243419761150255,2025-10-23,19:30,Photo,643496,0,0,14098,892,318,https://www.facebook.com/1240372834788281/posts/1243419761150255
220634478361516_1243336121158619,2025-10-23,17:42,Reel,105218,47799,23120.8,3822,233,102,https://www.facebook.com/reel/1254243463135649/
220634478361516_1243322421159989,2025-10-23,17:23,Reel,17282,6221,2408.9,122,6,13,https://www.facebook.com/reel/1489953182279614/
220634478361516_1243314227827475,2025-10-23,17:12,Reel,16463,5477,1718.7,93,26,11,https://www.facebook.com/reel/1483513352899404/
220634478361516_1243314451160786,2025-10-23,17:12,Photo,55923,0,0,621,115,12,https://www.facebook.com/1240372834788281/posts/1243314451160786
220634478361516_1243312694494295,2025-10-23,17:10,Reel,268905,125496,38330.0,10274,136,136,https://www.facebook.com/reel/1719871465355925/
220634478361516_1243252101167021,2025-10-23,15:51,Photo,99513,0,0,372,127,22,https://www.facebook.com/1240372834788281/posts/1243252101167021
220634478361516_1243199497838948,2025-10-23,14:38,Reel,347249,133477,40272.2,2645,1718,128,https://www.facebook.com/reel/769060609483088/
220634478361516_1243188727840025,2025-10-23,14:22,Reel,33708,15784,3551.6,202,137,12,https://www.facebook.com/reel/833448159636367/
220634478361516_1243169871175244,2025-10-23,13:56,Reel,45606,27492,21222.4,538,15,21,https://www.facebook.com/reel/1448797919743739/
220634478361516_1243144194511145,2025-10-23,13:16,Reel,32170,17403,5696.0,1187,83,42,https://www.facebook.com/reel/716806091424035/
220634478361516_1243074274518137,2025-10-23,11:27,Photo,84423,0,0,209,39,8,https://www.facebook.com/1240372834788281/posts/1243074274518137
220634478361516_1243068114518753,2025-10-23,11:17,Photo,105009,0,0,690,1012,41,https://www.facebook.com/1240372834788281/posts/1243068114518753
220634478361516_1243020614523503,2025-10-23,10:00,Reel,116583,62722,38695.1,582,49,23,https://www.facebook.com/reel/1187471486822268/
220634478361516_1242926341199597,2025-10-23,07:30,Reel,16465,7961,4197.0,115,32,7,https://www.facebook.com/reel/1330068672134488/
220634478361516_1242580727900825,2025-10-22,21:41,Reel,84487,47186,43123.8,352,37,15,https://www.facebook.com/reel/1849691099766514/
220634478361516_1242559901236241,2025-10-22,21:07,Photo,199551,0,0,1322,967,597,https://www.facebook.com/1240372834788281/posts/1242559901236241
220634478361516_1242454274580137,2025-10-22,18:59,Reel,168904,82975,47973.1,7090,410,281,https://www.facebook.com/reel/1389036589557964/
220634478361516_1242324954593069,2025-10-22,16:11,Photo,155717,0,0,2841,112,134,https://www.facebook.com/1240372834788281/posts/1242324954593069
220634478361516_1242299474595617,2025-10-22,15:36,Reel,88668,42468,14079.3,3177,134,110,https://www.facebook.com/reel/795870043199574/
220634478361516_1242271071265124,2025-10-22,15:02,Reel,84258,47815,84633.1,1037,81,96,https://www.facebook.com/reel/1149900543313954/
220634478361516_1242259041266327,2025-10-22,14:43,Photo,386414,0,0,2858,657,297,https://www.facebook.com/1240372834788281/posts/1242259041266327
220634478361516_1242229557935942,2025-10-22,14:01,Reel,162133,78155,176955.7,1936,88,187,https://www.facebook.com/reel/1332929711951068/
220634478361516_1242203724605192,2025-10-22,13:23,Reel,169206,94092,41484.7,9024,1089,2040,https://www.facebook.com/reel/31994147656899729/
220634478361516_1242155547943343,2025-10-22,12:01,Reel,172654,90877,80945.9,1121,322,68,https://www.facebook.com/reel/1350643209887462/
220634478361516_1242090944616470,2025-10-22,10:01,Reel,23163,5669,2117.2,119,14,21,https://www.facebook.com/reel/865215033112390/
220634478361516_1242011944624370,2025-10-22,07:30,Reel,20250,10017,6147.0,85,27,6,https://www.facebook.com/reel/1192591532821149/
220634478361516_1242009781291253,2025-10-22,07:26,Photo,56640,0,0,1227,151,30,https://www.facebook.com/1240372834788281/posts/1242009781291253
220634478361516_1241755564650008,2025-10-21,22:44,Reel,94790,58072,45600.9,416,81,25,https://www.facebook.com/reel/1195403685980245/
220634478361516_1241729837985914,2025-10-21,21:58,Reel,76795,37564,36198.5,1809,82,229,https://www.facebook.com/reel/4676928275957591/
220634478361516_1241723621319869,2025-10-21,21:47,Photo,75040,0,0,533,38,19,https://www.facebook.com/1240372834788281/posts/1241723621319869
220634478361516_1241718371320394,2025-10-21,21:38,Reel,327687,184323,133010.2,3169,1482,133,https://www.facebook.com/reel/1479115069870044/
220634478361516_1241705247988373,2025-10-21,21:15,Photo,132714,0,0,559,335,40,https://www.facebook.com/1240372834788281/posts/1241705247988373
220634478361516_1241636924661872,2025-10-21,19:30,Reel,200959,122970,45146.1,7353,555,380,https://www.facebook.com/reel/24891900257115117/
220634478361516_1241633451328886,2025-10-21,19:25,Photo,309779,0,0,2368,1180,145,https://www.facebook.com/1240372834788281/posts/1241633451328886
220634478361516_1241615794663985,2025-10-21,19:00,Photo,57185,0,0,147,66,6,https://www.facebook.com/1240372834788281/posts/1241615794663985
220634478361516_1241603477998550,2025-10-21,18:42,Photo,141750,0,0,131,59,10,https://www.facebook.com/1240372834788281/posts/1241603477998550
220634478361516_1241573198001578,2025-10-21,17:58,Reel,133365,73382,22433.4,4406,63,40,https://www.facebook.com/reel/824326286847957/
220634478361516_1241527058006192,2025-10-21,16:54,Photo,369453,0,0,579,376,39,https://www.facebook.com/1240372834788281/posts/1241527058006192
220634478361516_1241492154676349,2025-10-21,16:05,Reel,145716,70859,19636.8,6497,235,187,https://www.facebook.com/reel/1894198518106076/
220634478361516_1241482621343969,2025-10-21,15:50,Photo,51271,0,0,484,39,13,https://www.facebook.com/1240372834788281/posts/1241482621343969
220634478361516_1241468951345336,2025-10-21,15:33,Photo,109719,0,0,2150,80,21,https://www.facebook.com/1240372834788281/posts/1241468951345336
220634478361516_1241420268016871,2025-10-21,14:22,Photo,42275,0,0,479,24,10,https://www.facebook.com/1240372834788281/posts/1241420268016871
220634478361516_1241402544685310,2025-10-21,13:57,Photo,181668,0,0,1794,70,287,https://www.facebook.com/1240372834788281/posts/1241402544685310
220634478361516_1241347324690832,2025-10-21,12:33,Photo,814394,0,0,10055,783,200,https://www.facebook.com/1240372834788281/posts/1241347324690832
220634478361516_1241328368026061,2025-10-21,12:01,Reel,92987,42847,40527.9,466,244,32,https://www.facebook.com/reel/1332143775365540/
220634478361516_1241258154699749,2025-10-21,10:01,Reel,261797,133586,272835.8,3463,166,248,https://www.facebook.com/reel/25726509036949945/
220634478361516_1241251168033781,2025-10-21,09:50,Photo,150522,0,0,309,224,40,https://www.facebook.com/1240372834788281/posts/1241251168033781
220634478361516_1241220538036844,2025-10-21,08:59,Photo,27026,0,0,549,52,7,https://www.facebook.com/1240372834788281/posts/1241220538036844
220634478361516_1241168384708726,2025-10-21,07:31,Reel,364537,157433,93205.7,4118,90,101,https://www.facebook.com/reel/1340495647610766/
220634478361516_1240874968071401,2025-10-20,23:31,Reel,621330,248376,166302.4,9954,389,606,https://www.facebook.com/reel/1447594359681683/
220634478361516_1240804904745074,2025-10-20,21:30,Reel,132261,71529,95368.4,1409,143,68,https://www.facebook.com/reel/1729722001026971/
220634478361516_1240793264746238,2025-10-20,21:11,Photo,91439,0,0,833,43,18,https://www.facebook.com/1240372834788281/posts/1240793264746238
220634478361516_1240774314748133,2025-10-20,20:42,Photo,73718,0,0,564,45,19,https://www.facebook.com/1240372834788281/posts/1240774314748133
220634478361516_1240716204753944,2025-10-20,19:18,Reel,693259,334020,191950.1,9157,300,334,https://www.facebook.com/reel/816937164531691/
220634478361516_1240690254756539,2025-10-20,18:50,Reel,31001,11412,4833.3,195,13,11,https://www.facebook.com/reel/1525761755226958/
220634478361516_1240644721427759,2025-10-20,17:55,Reel,368866,181876,108520.3,4947,2183,281,https://www.facebook.com/reel/4312892522370401/
220634478361516_1240629188095979,2025-10-20,17:36,Reel,79982,42042,21462.1,396,180,10,https://www.facebook.com/reel/829310139551779/
220634478361516_1240616051430626,2025-10-20,17:18,Reel,265935,134393,70361.1,5504,3132,414,https://www.facebook.com/reel/1874118103478497/
220634478361516_1240588381433393,2025-10-20,16:38,Photo,87635,0,0,183,36,9,https://www.facebook.com/1240372834788281/posts/1240588381433393
220634478361516_1240567341435497,2025-10-20,16:07,Reel,97012,44296,9610.7,676,327,34,https://www.facebook.com/reel/1502886677719258/
220634478361516_1240547014770863,2025-10-20,15:39,Reel,152306,67228,16211.1,5505,81,56,https://www.facebook.com/reel/669386522908518/
220634478361516_1240469671445264,2025-10-20,13:38,Reel,686202,296406,69537.5,3114,1007,205,https://www.facebook.com/reel/1134248198905028/
220634478361516_1240452304780334,2025-10-20,13:13,Photo,196841,0,0,6005,479,70,https://www.facebook.com/1240372834788281/posts/1240452304780334
220634478361516_1240400754785489,2025-10-20,11:49,Reel,86188,44512,13825.4,950,135,73,https://www.facebook.com/reel/805252265452041/
220634478361516_1240387061453525,2025-10-20,11:27,Reel,304221,137168,32262.2,741,49,41,https://www.facebook.com/reel/1338584007997256/
220634478361516_1240377731454458,2025-10-20,11:11,Reel,37813,22139,5784.7,343,217,47,https://www.facebook.com/reel/814696348161003/
220634478361516_1240243058134592,2025-10-20,08:00,Photo,601365,0,0,3171,838,135,https://www.facebook.com/1240372834788281/posts/1240243058134592
220634478361516_1240225884802976,2025-10-20,07:30,Reel,457886,227214,487759.6,4876,302,485,https://www.facebook.com/reel/1942262736335044/
220634478361516_1239945628164335,2025-10-19,23:09,Reel,281840,137776,43916.3,1347,482,119,https://www.facebook.com/reel/1752244968678201/
220634478361516_1239897261502505,2025-10-19,21:48,Photo,200294,0,0,537,234,39,https://www.facebook.com/1240372834788281/posts/1239897261502505
220634478361516_1239880261504205,2025-10-19,21:20,Reel,70521,37066,28348.8,722,68,49,https://www.facebook.com/reel/1174245924616660/
220634478361516_1239867394838825,2025-10-19,21:01,Photo,231603,0,0,9609,288,131,https://www.facebook.com/1240372834788281/posts/1239867394838825
220634478361516_1239866238172274,2025-10-19,21:00,Reel,37180,20340,5125.3,162,108,12,https://www.facebook.com/reel/1483409332878851/
220634478361516_1239815874843977,2025-10-19,19:51,Photo,216266,0,0,4992,882,202,https://www.facebook.com/1240372834788281/posts/1239815874843977
220634478361516_1239783404847224,2025-10-19,19:19,Reel,259521,90043,52412.9,5177,66,72,https://www.facebook.com/reel/1360926492303034/
220634478361516_1239760411516190,2025-10-19,18:55,Reel,64771,32360,9488.4,1880,61,21,https://www.facebook.com/reel/703846022741791/
220634478361516_1239744084851156,2025-10-19,18:37,Reel,38770,19633,3168.8,1026,11,20,https://www.facebook.com/reel/834818575785413/
220634478361516_1239716601520571,2025-10-19,18:06,Photo,653963,0,0,16349,1940,343,https://www.facebook.com/1240372834788281/posts/1239716601520571
220634478361516_1239703411521890,2025-10-19,17:51,Reel,174991,82974,22556.2,9297,232,166,https://www.facebook.com/reel/1349218363257780/
220634478361516_1239671844858380,2025-10-19,17:15,Reel,56217,32591,8840.7,730,12,14,https://www.facebook.com/reel/600779896392862/
220634478361516_1239610878197810,2025-10-19,15:56,Reel,107029,50792,10883.3,2036,39,36,https://www.facebook.com/reel/814461321571128/
220634478361516_1239588471533384,2025-10-19,15:21,Photo,222910,0,0,707,206,39,https://www.facebook.com/1240372834788281/posts/1239588471533384
220634478361516_1239561341536097,2025-10-19,14:40,Photo,172042,0,0,816,192,46,https://www.facebook.com/1240372834788281/posts/1239561341536097
220634478361516_1239519911540240,2025-10-19,13:37,Reel,168800,88433,39687.4,4420,502,142,https://www.facebook.com/reel/2585071861827521/
220634478361516_1239507024874862,2025-10-19,13:16,Reel,235780,97821,18110.1,738,330,46,https://www.facebook.com/reel/1232739432059433/
220634478361516_1239482044877360,2025-10-19,12:36,Photo,138953,0,0,1022,1299,102,https://www.facebook.com/1240372834788281/posts/1239482044877360
220634478361516_1239473564878208,2025-10-19,12:21,Photo,85313,0,0,1378,151,51,https://www.facebook.com/1240372834788281/posts/1239473564878208
220634478361516_1239461311546100,2025-10-19,12:01,Reel,59455,29859,37363.0,709,17,25,https://www.facebook.com/reel/1402611091874274/
220634478361516_1239454311546800,2025-10-19,11:49,Photo,507706,0,0,7284,412,115,https://www.facebook.com/1240372834788281/posts/1239454311546800
220634478361516_1239444871547744,2025-10-19,11:31,Photo,269264,0,0,2572,505,89,https://www.facebook.com/1240372834788281/posts/1239444871547744
220634478361516_1239390908219807,2025-10-19,10:01,Reel,38458,15103,9675.9,123,26,8,https://www.facebook.com/reel/1311951390684896/
220634478361516_1239333438225554,2025-10-19,08:22,Photo,45229,0,0,732,85,22,https://www.facebook.com/1240372834788281/posts/1239333438225554
220634478361516_1239303711561860,2025-10-19,07:30,Reel,160704,79919,171076.3,2131,123,107,https://www.facebook.com/reel/1806675593569547/
220634478361516_1238993068259591,2025-10-18,21:47,Reel,33928,13307,9821.4,550,21,23,https://www.facebook.com/reel/814048064318864/
220634478361516_1238983858260512,2025-10-18,21:31,Reel,203182,93137,30627.0,3675,3237,188,https://www.facebook.com/reel/1347662513380795/
220634478361516_1238948311597400,2025-10-18,20:34,Photo,127828,0,0,2841,123,74,https://www.facebook.com/1240372834788281/posts/1238948311597400
220634478361516_1238940131598218,2025-10-18,20:22,Photo,129479,0,0,581,67,21,https://www.facebook.com/1240372834788281/posts/1238940131598218
220634478361516_1238903481601883,2025-10-18,19:28,Reel,30685,14923,3921.4,890,23,39,https://www.facebook.com/reel/1155061513358861/
220634478361516_1238849301607301,2025-10-18,18:09,Photo,425302,0,0,7260,715,782,https://www.facebook.com/1240372834788281/posts/1238849301607301
220634478361516_1238820794943485,2025-10-18,17:26,Reel,70919,34453,10994.4,1994,41,61,https://www.facebook.com/reel/817463951237433/
220634478361516_1238795818279316,2025-10-18,16:49,Photo,54402,0,0,1031,49,18,https://www.facebook.com/1240372834788281/posts/1238795818279316
220634478361516_1238717234953841,2025-10-18,15:03,Reel,345502,191877,33043.5,4542,97,76,https://www.facebook.com/reel/737255619337210/
220634478361516_1238684208290477,2025-10-18,14:15,Reel,29974,13390,15139.0,125,20,15,https://www.facebook.com/reel/1111094150795428/
220634478361516_1238624668296431,2025-10-18,12:31,Reel,65843,32194,62768.1,608,36,28,https://www.facebook.com/reel/1182262350432949/
220634478361516_1238532914972273,2025-10-18,10:01,Reel,90038,46027,61223.1,1322,34,47,https://www.facebook.com/reel/1345602313618197/
220634478361516_1238450008313897,2025-10-18,07:30,Reel,106857,60393,94069.8,1775,35,46,https://www.facebook.com/reel/717982981310739/
220634478361516_1238439071648324,2025-10-18,07:11,Photo,188586,0,0,4323,399,156,https://www.facebook.com/1240372834788281/posts/1238439071648324
220634478361516_1238182145007350,2025-10-17,23:57,Photo,134109,0,0,397,68,18,https://www.facebook.com/1240372834788281/posts/1238182145007350
220634478361516_1238128595012705,2025-10-17,22:38,Reel,23541,9854,8112.5,77,21,9,https://www.facebook.com/reel/1133800045040827/
220634478361516_1238080278350870,2025-10-17,21:28,Photo,86370,0,0,313,41,12,https://www.facebook.com/1240372834788281/posts/1238080278350870
220634478361516_1238053505020214,2025-10-17,20:49,Reel,293374,155534,44016.3,11549,138,173,https://www.facebook.com/reel/2440117466383840/
220634478361516_1238045801687651,2025-10-17,20:39,Photo,164750,0,0,2803,131,50,https://www.facebook.com/1240372834788281/posts/1238045801687651
220634478361516_1238029455022619,2025-10-17,20:18,Photo,225509,0,0,883,620,45,https://www.facebook.com/1240372834788281/posts/1238029455022619
220634478361516_1238025361689695,2025-10-17,20:13,Reel,294115,140504,40387.7,7885,193,76,https://www.facebook.com/reel/1886338378929049/
220634478361516_1238000981692133,2025-10-17,19:36,Reel,886967,316516,75028.9,10000,439,201,https://www.facebook.com/reel/820610094041891/
220634478361516_1237964298362468,2025-10-17,18:43,Reel,433769,200450,60583.8,918,292,51,https://www.facebook.com/reel/1841807926444522/
220634478361516_1237939055031659,2025-10-17,18:08,Photo,428283,0,0,2945,3507,387,https://www.facebook.com/1240372834788281/posts/1237939055031659
220634478361516_1237925135033051,2025-10-17,17:50,Photo,128831,0,0,3009,121,56,https://www.facebook.com/1240372834788281/posts/1237925135033051
220634478361516_1237913208367577,2025-10-17,17:33,Reel,706088,308022,113215.6,7185,121,258,https://www.facebook.com/reel/1191712749530297/
220634478361516_1237877905037774,2025-10-17,16:45,Reel,90124,37546,8154.6,825,176,61,https://www.facebook.com/reel/2291826734586776/
220634478361516_1237867858372112,2025-10-17,16:31,Reel,23901,11037,2587.8,667,17,12,https://www.facebook.com/reel/2828398810884667/
220634478361516_1237867398372158,2025-10-17,16:30,Reel,645484,341894,384402.5,13538,643,1478,https://www.facebook.com/reel/1845297829743766/
220634478361516_1237835695041995,2025-10-17,15:47,Reel,940793,308435,84170.9,4376,3298,817,https://www.facebook.com/reel/777550771765910/
220634478361516_1237822081710023,2025-10-17,15:29,Reel,31516,16336,6395.4,595,15,9,https://www.facebook.com/reel/1156228872508770/
220634478361516_1237783071713924,2025-10-17,14:37,Reel,50196,22048,8397.6,1885,124,64,https://www.facebook.com/reel/1449524922804489/
220634478361516_1237756825049882,2025-10-17,13:56,Photo,80418,0,0,2137,132,31,https://www.facebook.com/1240372834788281/posts/1237756825049882
220634478361516_1237753405050224,2025-10-17,13:50,Photo,203199,0,0,2333,97,67,https://www.facebook.com/1240372834788281/posts/1237753405050224
220634478361516_1237732908385607,2025-10-17,13:20,Reel,154635,88438,28554.7,5994,170,101,https://www.facebook.com/reel/1525228538821896/
220634478361516_1237703498388548,2025-10-17,12:31,Photo,58498,0,0,1505,70,23,https://www.facebook.com/1240372834788281/posts/1237703498388548
220634478361516_1237695438389354,2025-10-17,12:18,Photo,217979,0,0,1298,253,95,https://www.facebook.com/1240372834788281/posts/1237695438389354
220634478361516_1237684808390417,2025-10-17,12:01,Reel,81999,48905,44141.5,761,32,31,https://www.facebook.com/reel/1488839969055693/
220634478361516_1237631468395751,2025-10-17,10:35,Reel,106947,53191,111464.6,1164,48,50,https://www.facebook.com/reel/2604411329923655/
220634478361516_1237611448397753,2025-10-17,10:01,Reel,141760,78772,63890.7,1585,366,100,https://www.facebook.com/reel/4324927714501916/
220634478361516_1237580425067522,2025-10-17,09:04,Photo,138955,0,0,1704,485,30,https://www.facebook.com/1240372834788281/posts/1237580425067522
220634478361516_1237578395067725,2025-10-17,09:01,Reel,52498,29293,21544.6,321,112,53,https://www.facebook.com/reel/1147689663563566/
220634478361516_1237524841739747,2025-10-17,07:30,Reel,507935,301046,409212.3,5662,112,163,https://www.facebook.com/reel/1454246795650720/
220634478361516_1237265041765727,2025-10-16,23:28,Reel,90286,41283,13778.6,1903,42,39,https://www.facebook.com/reel/1803611600296375/
220634478361516_1237236921768539,2025-10-16,22:37,Reel,23561,10649,4928.8,217,17,21,https://www.facebook.com/reel/2287596761681921/
220634478361516_1237170515108513,2025-10-16,20:47,Photo,319873,0,0,3386,597,124,https://www.facebook.com/1240372834788281/posts/1237170515108513
220634478361516_1237157308443167,2025-10-16,20:27,Photo,176032,0,0,533,248,18,https://www.facebook.com/1240372834788281/posts/1237157308443167
220634478361516_1237088661783365,2025-10-16,18:42,Reel,181601,86805,37974.8,6433,138,159,https://www.facebook.com/reel/1153250792866582/
220634478361516_1237077555117809,2025-10-16,18:27,Photo,106528,0,0,328,241,20,https://www.facebook.com/1240372834788281/posts/1237077555117809
220634478361516_1237032101789021,2025-10-16,17:27,Photo,71991,0,0,984,37,13,https://www.facebook.com/1240372834788281/posts/1237032101789021
220634478361516_1237010985124466,2025-10-16,17:02,Reel,43038,24629,5830.2,1123,35,21,https://www.facebook.com/reel/1295376995936076/
220634478361516_1236996038459294,2025-10-16,16:44,Reel,670609,299054,94466.9,21648,582,724,https://www.facebook.com/reel/593357240472335/
220634478361516_1236967441795487,2025-10-16,16:02,Photo,87414,0,0,1208,68,28,https://www.facebook.com/1240372834788281/posts/1236967441795487
220634478361516_1236963745129190,2025-10-16,15:59,Photo,83513,0,0,666,115,12,https://www.facebook.com/1240372834788281/posts/1236963745129190
220634478361516_1236962088462689,2025-10-16,15:57,Photo,1008788,0,0,8882,508,115,https://www.facebook.com/1240372834788281/posts/1236962088462689
220634478361516_1236908028468095,2025-10-16,14:41,Reel,134571,74759,28752.8,5902,366,145,https://www.facebook.com/reel/1749674459073617/
220634478361516_1236882291804002,2025-10-16,14:03,Photo,1773694,0,0,13808,1962,973,https://www.facebook.com/1240372834788281/posts/1236882291804002
220634478361516_1236867498472148,2025-10-16,13:40,Photo,110079,0,0,1469,81,23,https://www.facebook.com/1240372834788281/posts/1236867498472148
220634478361516_1236845801807651,2025-10-16,13:03,Photo,382382,0,0,3045,576,120,https://www.facebook.com/1240372834788281/posts/1236845801807651
220634478361516_1236789478479950,2025-10-16,11:31,Reel,463237,230436,113900.5,11680,788,721,https://www.facebook.com/reel/1311133827143841/
220634478361516_1236744948484403,2025-10-16,10:17,Reel,475837,172172,40682.1,823,201,31,https://www.facebook.com/reel/1334100617901200/
220634478361516_1236678881824343,2025-10-16,08:19,Photo,91007,0,0,824,62,21,https://www.facebook.com/1240372834788281/posts/1236678881824343
220634478361516_1236369078521990,2025-10-15,23:07,Reel,151982,78234,35829.0,6180,229,191,https://www.facebook.com/reel/784567651081581/
220634478361516_1236349781857253,2025-10-15,22:32,Reel,105551,48082,20506.5,6883,295,183,https://www.facebook.com/reel/1491317785425291/
220634478361516_1236334978525400,2025-10-15,22:05,Photo,324741,0,0,807,260,42,https://www.facebook.com/1240372834788281/posts/1236334978525400
220634478361516_1236332301859001,2025-10-15,22:01,Reel,266553,116775,38497.9,6237,169,182,https://www.facebook.com/reel/1135058305483408/
220634478361516_1236303021861929,2025-10-15,21:32,Reel,161238,93457,28294.7,5664,184,160,https://www.facebook.com/reel/807192198569857/
220634478361516_1236284431863788,2025-10-15,21:08,Reel,307178,144802,31096.6,10000,304,231,https://www.facebook.com/reel/1461122435116321/
220634478361516_1236265348532363,2025-10-15,20:42,Reel,163178,67274,18745.9,5648,169,180,https://www.facebook.com/reel/2423460681383691/
220634478361516_1236258971866334,2025-10-15,20:32,Reel,194975,113702,31936.2,8516,133,352,https://www.facebook.com/reel/1513330026678185/
220634478361516_1236219288536969,2025-10-15,19:33,Reel,147129,88931,30768.8,7055,516,219,https://www.facebook.com/reel/1881850772690330/
220634478361516_1236161245209440,2025-10-15,18:20,Reel,328885,173694,114924.5,3948,140,95,https://www.facebook.com/reel/1306939977874376/
220634478361516_1236128175212747,2025-10-15,17:35,Photo,380893,0,0,4454,2085,696,https://www.facebook.com/1240372834788281/posts/1236128175212747
220634478361516_1236083228550575,2025-10-15,16:49,Photo,309131,0,0,583,116,19,https://www.facebook.com/1240372834788281/posts/1236083228550575
220634478361516_1236076918551206,2025-10-15,16:41,Reel,1239021,520390,125767.6,10000,693,363,https://www.facebook.com/reel/1357848209232546/
220634478361516_1236033298555568,2025-10-15,15:49,Photo,633475,0,0,3264,4328,251,https://www.facebook.com/1240372834788281/posts/1236033298555568
220634478361516_1235999611892270,2025-10-15,15:08,Reel,841590,393829,144625.2,2278,241,109,https://www.facebook.com/reel/1459739091912667/
220634478361516_1235972475228317,2025-10-15,14:30,Photo,306649,0,0,691,128,44,https://www.facebook.com/1240372834788281/posts/1235972475228317
220634478361516_1235943438564554,2025-10-15,13:47,Photo,200905,0,0,542,376,33,https://www.facebook.com/1240372834788281/posts/1235943438564554
220634478361516_1235931015232463,2025-10-15,13:30,Reel,52031,27389,18655.8,741,34,23,https://www.facebook.com/reel/757934147275432/
220634478361516_1235885338570364,2025-10-15,12:17,Photo,239877,0,0,6091,355,259,https://www.facebook.com/1240372834788281/posts/1235885338570364
220634478361516_1235864531905778,2025-10-15,11:42,Reel,58073,29654,24566.0,1011,9,17,https://www.facebook.com/reel/835992365493736/
220634478361516_1235839355241629,2025-10-15,10:58,Photo,1237042,0,0,23071,1597,480,https://www.facebook.com/1240372834788281/posts/1235839355241629
220634478361516_1235833738575524,2025-10-15,10:49,Photo,247641,0,0,3659,2518,320,https://www.facebook.com/1240372834788281/posts/1235833738575524
220634478361516_1235767338582164,2025-10-15,09:11,Photo,282096,0,0,883,342,90,https://www.facebook.com/1240372834788281/posts/1235767338582164
220634478361516_1235758015249763,2025-10-15,08:54,Photo,142110,0,0,1057,280,28,https://www.facebook.com/1240372834788281/posts/1235758015249763
220634478361516_1235743895251175,2025-10-15,08:29,Photo,92913,0,0,208,55,10,https://www.facebook.com/1240372834788281/posts/1235743895251175
220634478361516_1235729341919297,2025-10-15,08:03,Photo,154629,0,0,3082,423,144,https://www.facebook.com/1240372834788281/posts/1235729341919297
220634478361516_1235535378605360,2025-10-15,02:33,Photo,309081,0,0,1265,20,15,https://www.facebook.com/1240372834788281/posts/1235535378605360
220634478361516_1235481488610749,2025-10-15,00:56,Reel,246853,94978,42190.2,2244,26,17,https://www.facebook.com/reel/853030917395277/
220634478361516_1235421311950100,2025-10-14,22:52,Photo,274744,0,0,858,114,23,https://www.facebook.com/1240372834788281/posts/1235421311950100
220634478361516_1235368911955340,2025-10-14,21:25,Reel,216351,108323,33294.5,8989,368,191,https://www.facebook.com/reel/24879566931703737/
220634478361516_1235332941958937,2025-10-14,20:24,Reel,672207,275578,55586.5,10000,459,321,https://www.facebook.com/reel/1147210543457838/
220634478361516_1235297278629170,2025-10-14,19:48,Photo,149600,0,0,4517,546,140,https://www.facebook.com/1240372834788281/posts/1235297278629170
220634478361516_1235284165297148,2025-10-14,19:29,Photo,61915,0,0,926,56,27,https://www.facebook.com/1240372834788281/posts/1235284165297148
220634478361516_1235270718631826,2025-10-14,19:11,Photo,667311,0,0,8288,381,591,https://www.facebook.com/1240372834788281/posts/1235270718631826
220634478361516_1235259295299635,2025-10-14,18:55,Photo,117706,0,0,422,98,16,https://www.facebook.com/1240372834788281/posts/1235259295299635
220634478361516_1235255135300051,2025-10-14,18:50,Photo,113938,0,0,3541,433,82,https://www.facebook.com/1240372834788281/posts/1235255135300051
220634478361516_1235246165300948,2025-10-14,18:39,Reel,377295,219279,139272.4,25077,429,2514,https://www.facebook.com/reel/1527097068438886/
220634478361516_1235223798636518,2025-10-14,18:09,Photo,62658,0,0,1250,69,27,https://www.facebook.com/1240372834788281/posts/1235223798636518
220634478361516_1235201658638732,2025-10-14,17:47,Photo,117787,0,0,1922,118,43,https://www.facebook.com/1240372834788281/posts/1235201658638732
220634478361516_1235156875309877,2025-10-14,16:46,Photo,184421,0,0,1515,213,60,https://www.facebook.com/1240372834788281/posts/1235156875309877
220634478361516_1235128211979410,2025-10-14,16:23,Reel,166507,81371,26081.0,5917,149,123,https://www.facebook.com/reel/24753334491019155/
220634478361516_1235109128647985,2025-10-14,16:01,Reel,137015,88325,25476.2,3908,2017,614,https://www.facebook.com/reel/688750737600771/
220634478361516_1235067025318862,2025-10-14,15:08,Reel,508449,296800,100473.2,10000,251,291,https://www.facebook.com/reel/1483828522895628/
220634478361516_1235028441989387,2025-10-14,14:11,Reel,76235,49178,29732.7,1871,163,108,https://www.facebook.com/reel/1145051620407929/
220634478361516_1234947421997489,2025-10-14,11:53,Photo,107311,0,0,2889,440,56,https://www.facebook.com/1240372834788281/posts/1234947421997489
220634478361516_1234897435335821,2025-10-14,10:20,Photo,523455,0,0,4806,167,51,https://www.facebook.com/1240372834788281/posts/1234897435335821
220634478361516_1234886788670219,2025-10-14,10:01,Reel,267555,134019,73660.2,6028,68,157,https://www.facebook.com/reel/1322660886261799/
220634478361516_1234811225344442,2025-10-14,07:50,Photo,278306,0,0,879,246,44,https://www.facebook.com/1240372834788281/posts/1234811225344442
220634478361516_1234537078705190,2025-10-13,23:07,Reel,1093093,489352,353199.2,24350,1020,938,https://www.facebook.com/reel/4259074734377648/
220634478361516_1234532578705640,2025-10-13,23:00,Reel,18023,6807,2615.2,345,15,19,https://www.facebook.com/reel/25107619318862376/
220634478361516_1234527205372844,2025-10-13,22:50,Photo,115232,0,0,3789,84,92,https://www.facebook.com/1240372834788281/posts/1234527205372844
220634478361516_1234521638706734,2025-10-13,22:40,Photo,266090,0,0,8508,162,164,https://www.facebook.com/1240372834788281/posts/1234521638706734
220634478361516_1234521255373439,2025-10-13,22:40,Reel,18327,5868,2309.1,284,3,20,https://www.facebook.com/reel/2016606219091260/
220634478361516_1234506322041599,2025-10-13,22:14,Reel,254435,142487,56315.5,10000,329,351,https://www.facebook.com/reel/25411657968454551/
220634478361516_1234474168711481,2025-10-13,21:19,Reel,156302,65728,20864.2,4720,82,108,https://www.facebook.com/reel/2241672032998439/
220634478361516_1234471442045087,2025-10-13,21:15,Reel,1232574,511484,201211.9,10000,461,646,https://www.facebook.com/reel/1336305024060703/
220634478361516_1234463918712506,2025-10-13,21:03,Reel,120544,75750,38424.3,4882,80,140,https://www.facebook.com/reel/839209568455782/
220634478361516_1234463942045837,2025-10-13,21:01,Reel,406611,192484,85579.6,10000,386,522,https://www.facebook.com/reel/1370217638086711/
220634478361516_1234455665379998,2025-10-13,20:46,Reel,2764015,932577,264526.2,49537,886,1147,https://www.facebook.com/reel/1640209763618625/
220634478361516_1234398995385665,2025-10-13,19:18,Reel,432402,156742,58892.2,9285,316,237,https://www.facebook.com/reel/1144423324302788/
220634478361516_1234394045386160,2025-10-13,19:10,Reel,196168,106269,33244.1,10000,188,230,https://www.facebook.com/reel/738128692572850/
220634478361516_1234381042054127,2025-10-13,18:50,Reel,38244,19794,8749.0,1027,34,33,https://www.facebook.com/reel/1342007020797373/
220634478361516_1234379208720977,2025-10-13,18:47,Reel,128460,57886,23078.3,4135,60,105,https://www.facebook.com/reel/1476748213562800/
220634478361516_1234373908721507,2025-10-13,18:39,Photo,57236,0,0,625,38,8,https://www.facebook.com/1240372834788281/posts/1234373908721507
220634478361516_1234370032055228,2025-10-13,18:33,Photo,31430,0,0,384,10,9,https://www.facebook.com/1240372834788281/posts/1234370032055228
220634478361516_1234360018722896,2025-10-13,18:19,Photo,61824,0,0,1946,73,38,https://www.facebook.com/1240372834788281/posts/1234360018722896
220634478361516_1234349762057255,2025-10-13,18:04,Photo,116702,0,0,2187,168,67,https://www.facebook.com/1240372834788281/posts/1234349762057255
220634478361516_1234346872057544,2025-10-13,18:01,Reel,113881,52701,23986.4,3970,114,52,https://www.facebook.com/reel/1523827992371604/
220634478361516_1234342155391349,2025-10-13,17:54,Photo,55639,0,0,940,14,16,https://www.facebook.com/1240372834788281/posts/1234342155391349
220634478361516_1234337505391814,2025-10-13,17:48,Reel,305858,136188,77256.1,7757,109,142,https://www.facebook.com/reel/846509651165901/
220634478361516_1234335538725344,2025-10-13,17:44,Photo,51202,0,0,1159,38,20,https://www.facebook.com/1240372834788281/posts/1234335538725344
220634478361516_1234329415392623,2025-10-13,17:37,Reel,249611,123581,45554.7,10000,551,525,https://www.facebook.com/reel/1445180699877439/
220634478361516_1234325885392976,2025-10-13,17:33,Reel,271220,163867,77270.5,10000,421,364,https://www.facebook.com/reel/1391033335787042/
220634478361516_1234319492060282,2025-10-13,17:24,Reel,48770,25892,11293.5,1649,49,65,https://www.facebook.com/reel/1497748441661599/
220634478361516_1234312082061023,2025-10-13,17:13,Photo,43782,0,0,1078,33,25,https://www.facebook.com/1240372834788281/posts/1234312082061023
220634478361516_1234303535395211,2025-10-13,17:01,Reel,744482,263604,76204.5,9471,80,122,https://www.facebook.com/reel/1839466003322247/
220634478361516_1234285805396984,2025-10-13,16:49,Reel,63855,43570,10768.2,1734,51,33,https://www.facebook.com/reel/1500158681229709/
220634478361516_1234272692064962,2025-10-13,16:33,Reel,368438,227776,105971.2,21939,1301,351,https://www.facebook.com/reel/2007266646759371/
220634478361516_1234264232065808,2025-10-13,16:21,Photo,82814,0,0,2998,71,62,https://www.facebook.com/1240372834788281/posts/1234264232065808
220634478361516_1234261822066049,2025-10-13,16:18,Reel,31727,13255,3305.5,734,11,20,https://www.facebook.com/reel/1352008956499035/
220634478361516_1234256878733210,2025-10-13,16:11,Photo,53421,0,0,853,12,19,https://www.facebook.com/1240372834788281/posts/1234256878733210
220634478361516_1234248042067427,2025-10-13,16:03,Photo,41749,0,0,1043,15,13,https://www.facebook.com/1240372834788281/posts/1234248042067427
220634478361516_1234244915401073,2025-10-13,16:00,Photo,27493,0,0,459,5,4,https://www.facebook.com/1240372834788281/posts/1234244915401073
220634478361516_1234242835401281,2025-10-13,15:58,Photo,33529,0,0,632,13,8,https://www.facebook.com/1240372834788281/posts/1234242835401281
220634478361516_1234239352068296,2025-10-13,15:53,Photo,35736,0,0,509,1,9,https://www.facebook.com/1240372834788281/posts/1234239352068296
220634478361516_1234224815403083,2025-10-13,15:37,Photo,203167,0,0,5355,231,53,https://www.facebook.com/1240372834788281/posts/1234224815403083
220634478361516_1234219152070316,2025-10-13,15:30,Photo,99047,0,0,2552,38,80,https://www.facebook.com/1240372834788281/posts/1234219152070316
220634478361516_1234206155404949,2025-10-13,15:13,Reel,71826,33657,18722.0,3476,136,129,https://www.facebook.com/reel/1356307099459359/
220634478361516_1234205658738332,2025-10-13,15:11,Reel,135133,68478,18090.0,4269,87,103,https://www.facebook.com/reel/785381291150910/
220634478361516_1234200458738852,2025-10-13,15:03,Reel,589432,303431,94602.8,10000,799,665,https://www.facebook.com/reel/2032307910865940/
220634478361516_1234200595405505,2025-10-13,15:03,Photo,34071,0,0,595,9,7,https://www.facebook.com/1240372834788281/posts/1234200595405505
220634478361516_1234187438740154,2025-10-13,14:45,Reel,158881,86555,43117.2,3611,329,124,https://www.facebook.com/reel/1309859904154689/
220634478361516_1234187492073482,2025-10-13,14:44,Reel,910732,451706,184182.3,40262,2438,3785,https://www.facebook.com/reel/1049509967147286/
220634478361516_1234187005406864,2025-10-13,14:43,Photo,37212,0,0,825,28,23,https://www.facebook.com/1240372834788281/posts/1234187005406864
220634478361516_1234183862073845,2025-10-13,14:39,Photo,209398,0,0,3847,100,72,https://www.facebook.com/1240372834788281/posts/1234183862073845
220634478361516_1234180085407556,2025-10-13,14:33,Photo,72966,0,0,1453,30,27,https://www.facebook.com/1240372834788281/posts/1234180085407556
220634478361516_1234176255407939,2025-10-13,14:27,Photo,37730,0,0,956,28,31,https://www.facebook.com/1240372834788281/posts/1234176255407939
220634478361516_1234169722075259,2025-10-13,14:17,Photo,27346,0,0,571,20,15,https://www.facebook.com/1240372834788281/posts/1234169722075259
220634478361516_1234165665408998,2025-10-13,14:11,Photo,117429,0,0,2322,30,22,https://www.facebook.com/1240372834788281/posts/1234165665408998
220634478361516_1234165442075687,2025-10-13,14:10,Photo,77486,0,0,819,166,67,https://www.facebook.com/1240372834788281/posts/1234165442075687
220634478361516_1234158762076355,2025-10-13,14:00,Photo,68306,0,0,1400,50,38,https://www.facebook.com/1240372834788281/posts/1234158762076355
220634478361516_1234158018743096,2025-10-13,13:59,Photo,210568,0,0,4451,124,58,https://www.facebook.com/1240372834788281/posts/1234158018743096
220634478361516_1234155762076655,2025-10-13,13:56,Photo,48613,0,0,1035,16,19,https://www.facebook.com/1240372834788281/posts/1234155762076655
220634478361516_1234149435410621,2025-10-13,13:47,Reel,52913,21190,9770.0,1805,152,68,https://www.facebook.com/reel/1334295104967074/
220634478361516_1234144468744451,2025-10-13,13:39,Photo,771097,0,0,10000,8628,1214,https://www.facebook.com/1240372834788281/posts/1234144468744451
220634478361516_1234138005411764,2025-10-13,13:30,Reel,369172,179092,55836.1,7956,790,268,https://www.facebook.com/reel/1229292288961514/
220634478361516_1234131922079039,2025-10-13,13:20,Reel,135047,80883,18329.4,5741,48,149,https://www.facebook.com/reel/1867910297486414/
220634478361516_1234129635412601,2025-10-13,13:16,Photo,429637,0,0,2544,1999,175,https://www.facebook.com/1240372834788281/posts/1234129635412601
220634478361516_1234127295412835,2025-10-13,13:13,Photo,87514,0,0,2054,71,65,https://www.facebook.com/1240372834788281/posts/1234127295412835
220634478361516_1234116938747204,2025-10-13,12:57,Photo,79475,0,0,1734,55,35,https://www.facebook.com/1240372834788281/posts/1234116938747204
220634478361516_1234111678747730,2025-10-13,12:49,Photo,52317,0,0,572,12,15,https://www.facebook.com/1240372834788281/posts/1234111678747730
220634478361516_1234109482081283,2025-10-13,12:46,Reel,31664,19113,4691.9,693,82,18,https://www.facebook.com/reel/1384894449716510/
220634478361516_1234100745415490,2025-10-13,12:33,Photo,70671,0,0,2257,61,68,https://www.facebook.com/1240372834788281/posts/1234100745415490
220634478361516_1234095768749321,2025-10-13,12:26,Reel,96498,50221,13309.6,2053,23,49,https://www.facebook.com/reel/3431906396948367/
220634478361516_1234094752082756,2025-10-13,12:24,Photo,54227,0,0,530,7,22,https://www.facebook.com/1240372834788281/posts/1234094752082756
220634478361516_1234091468749751,2025-10-13,12:18,Photo,117171,0,0,1742,171,64,https://www.facebook.com/1240372834788281/posts/1234091468749751
220634478361516_1234087398750158,2025-10-13,12:11,Photo,206955,0,0,6177,156,130,https://www.facebook.com/1240372834788281/posts/1234087398750158
220634478361516_1234084538750444,2025-10-13,12:06,Photo,83477,0,0,682,269,33,https://www.facebook.com/1240372834788281/posts/1234084538750444
220634478361516_1234075375418027,2025-10-13,11:53,Reel,114406,50100,15581.7,4314,150,110,https://www.facebook.com/reel/25019108901060242/
220634478361516_1234068548752043,2025-10-13,11:42,Reel,229424,97549,21474.7,6300,117,163,https://www.facebook.com/reel/1514262733330282/
220634478361516_1234068212085410,2025-10-13,11:41,Photo,44421,0,0,264,14,5,https://www.facebook.com/1240372834788281/posts/1234068212085410
220634478361516_1234067465418818,2025-10-13,11:40,Reel,4451249,2394913,759463.4,197040,4470,8968,https://www.facebook.com/reel/809885391639609/
220634478361516_1234059748752923,2025-10-13,11:28,Photo,66887,0,0,728,37,27,https://www.facebook.com/1240372834788281/posts/1234059748752923
220634478361516_1234051148753783,2025-10-13,11:16,Reel,41088,23409,7028.3,923,16,14,https://www.facebook.com/reel/1468922637715520/
220634478361516_1234049968753901,2025-10-13,11:14,Photo,20835,0,0,140,3,3,https://www.facebook.com/1240372834788281/posts/1234049968753901
220634478361516_1234039848754913,2025-10-13,10:59,Photo,142744,0,0,2363,142,186,https://www.facebook.com/1240372834788281/posts/1234039848754913
220634478361516_1234036352088596,2025-10-13,10:55,Photo,111003,0,0,2047,90,43,https://www.facebook.com/1240372834788281/posts/1234036352088596
220634478361516_1234033855422179,2025-10-13,10:51,Photo,32153,0,0,716,44,14,https://www.facebook.com/1240372834788281/posts/1234033855422179
220634478361516_1234020545423510,2025-10-13,10:44,Photo,90014,0,0,2453,77,104,https://www.facebook.com/1240372834788281/posts/1234020545423510
220634478361516_1234020052090226,2025-10-13,10:43,Photo,30653,0,0,420,10,6,https://www.facebook.com/1240372834788281/posts/1234020052090226
220634478361516_1234014938757404,2025-10-13,10:35,Photo,51346,0,0,853,33,25,https://www.facebook.com/1240372834788281/posts/1234014938757404
220634478361516_1234014748757423,2025-10-13,10:34,Photo,280283,0,0,7566,273,78,https://www.facebook.com/1240372834788281/posts/1234014748757423
220634478361516_1234012562090975,2025-10-13,10:31,Photo,32257,0,0,507,11,9,https://www.facebook.com/1240372834788281/posts/1234012562090975
220634478361516_1234011825424382,2025-10-13,10:31,Reel,512462,337603,135785.8,17174,161,307,https://www.facebook.com/reel/1505421997277437/
220634478361516_1234009498757948,2025-10-13,10:27,Reel,347326,157037,70516.6,10000,352,272,https://www.facebook.com/reel/24676613048656794/
220634478361516_1234004712091760,2025-10-13,10:20,Reel,55508,27257,8909.6,1443,164,78,https://www.facebook.com/reel/1159197986142429/
220634478361516_1234004718758426,2025-10-13,10:20,Photo,77947,0,0,722,28,25,https://www.facebook.com/1240372834788281/posts/1234004718758426
220634478361516_1234000975425467,2025-10-13,10:14,Reel,250356,139433,35582.6,5123,93,117,https://www.facebook.com/reel/741053472304442/
220634478361516_1233999252092306,2025-10-13,10:11,Reel,59519,23180,4470.3,747,13,12,https://www.facebook.com/reel/2012151896269934/
220634478361516_1233997012092530,2025-10-13,10:08,Reel,40161,22265,10234.5,585,12,23,https://www.facebook.com/reel/712789764416401/
220634478361516_1233992565426308,2025-10-13,10:00,Reel,26669,10498,3043.0,469,25,31,https://www.facebook.com/reel/825972846619579/
220634478361516_1233986925426872,2025-10-13,09:50,Reel,1739400,839210,254752.8,10000,1757,2102,https://www.facebook.com/reel/1012150774351144/
220634478361516_1233985572093674,2025-10-13,09:48,Reel,689806,277278,88534.0,7544,137,229,https://www.facebook.com/reel/4089630201286845/
220634478361516_1233980192094212,2025-10-13,09:39,Photo,27671,0,0,243,15,5,https://www.facebook.com/1240372834788281/posts/1233980192094212
220634478361516_1233971442095087,2025-10-13,09:25,Reel,143462,71187,16639.7,7391,298,162,https://www.facebook.com/reel/791711230453905/
220634478361516_1233966102095621,2025-10-13,09:17,Photo,49451,0,0,399,10,19,https://www.facebook.com/1240372834788281/posts/1233966102095621
220634478361516_1233960315429533,2025-10-13,09:07,Reel,31758,13792,4257.8,439,74,23,https://www.facebook.com/reel/1244960000988443/
220634478361516_1233956452096586,2025-10-13,09:01,Reel,18637,9459,2066.8,492,12,25,https://www.facebook.com/reel/1998408767676189/
220634478361516_1233949068763991,2025-10-13,08:48,Photo,68995,0,0,790,37,24,https://www.facebook.com/1240372834788281/posts/1233949068763991
220634478361516_1233942672097964,2025-10-13,08:38,Reel,28273,17498,5779.6,621,12,10,https://www.facebook.com/reel/1777311879594127/
220634478361516_1233936488765249,2025-10-13,08:31,Reel,14815,7822,1391.7,216,11,4,https://www.facebook.com/reel/790460947082289/
220634478361516_1233931012099130,2025-10-13,08:17,Photo,50503,0,0,991,59,14,https://www.facebook.com/1240372834788281/posts/1233931012099130
220634478361516_1233923478766550,2025-10-13,08:05,Photo,174695,0,0,2797,171,116,https://www.facebook.com/1240372834788281/posts/1233923478766550
220634478361516_1233912598767638,2025-10-13,07:51,Photo,79526,0,0,589,32,39,https://www.facebook.com/1240372834788281/posts/1233912598767638
220634478361516_1233911278767770,2025-10-13,07:49,Photo,33671,0,0,179,17,6,https://www.facebook.com/1240372834788281/posts/1233911278767770
220634478361516_1233905655434999,2025-10-13,07:42,Reel,15497,7119,1376.1,283,19,14,https://www.facebook.com/reel/1331740394995147/
220634478361516_1233899908768907,2025-10-13,07:33,Reel,498749,215129,56706.1,1567,69,71,https://www.facebook.com/reel/1443888810020956/
220634478361516_1233897955435769,2025-10-13,07:29,Reel,65152,31850,6678.9,1574,35,46,https://www.facebook.com/reel/2168422090304678/
220634478361516_1233886175436947,2025-10-13,07:10,Reel,165930,103046,26232.4,4949,98,102,https://www.facebook.com/reel/1152545233542102/
220634478361516_1233618435463721,2025-10-12,23:48,Photo,168720,0,0,309,56,11,https://www.facebook.com/1240372834788281/posts/1233618435463721
220634478361516_1233615372130694,2025-10-12,23:42,Photo,165201,0,0,468,58,9,https://www.facebook.com/1240372834788281/posts/1233615372130694
220634478361516_1233584718800426,2025-10-12,22:41,Reel,950326,475092,166955.3,48370,1381,933,https://www.facebook.com/reel/25052831160978695/
220634478361516_1233571902135041,2025-10-12,22:17,Reel,127606,51928,24792.7,1854,10,23,https://www.facebook.com/reel/1472541847298527/
220634478361516_1233565825468982,2025-10-12,22:05,Photo,133550,0,0,670,54,27,https://www.facebook.com/1240372834788281/posts/1233565825468982
220634478361516_1233562625469302,2025-10-12,22:01,Reel,75306,38052,27472.7,1447,59,121,https://www.facebook.com/reel/1548132886618381/
220634478361516_1233522062140025,2025-10-12,20:56,Reel,25018,12237,6317.5,651,158,48,https://www.facebook.com/reel/1124977793137560/
220634478361516_1233497078809190,2025-10-12,20:18,Photo,126166,0,0,3134,126,71,https://www.facebook.com/1240372834788281/posts/1233497078809190
220634478361516_1233426345482930,2025-10-12,18:57,Reel,43553,17820,3655.8,652,28,15,https://www.facebook.com/reel/791069950395968/
220634478361516_1233418908817007,2025-10-12,18:48,Reel,251122,129691,61120.5,6801,407,324,https://www.facebook.com/reel/818405527447000/
220634478361516_1233404335485131,2025-10-12,18:30,Reel,116578,67730,148893.8,3780,69,543,https://www.facebook.com/reel/826474493057352/
220634478361516_1233376638821234,2025-10-12,17:56,Reel,1697893,899449,322060.0,10000,5685,3594,https://www.facebook.com/reel/2233500120497365/
220634478361516_1233328952159336,2025-10-12,17:02,Photo,175088,0,0,2338,396,26,https://www.facebook.com/1240372834788281/posts/1233328952159336
220634478361516_1233312685494296,2025-10-12,16:41,Photo,428538,0,0,8565,881,400,https://www.facebook.com/1240372834788281/posts/1233312685494296
220634478361516_1233307328828165,2025-10-12,16:34,Reel,169343,87477,27244.4,4347,265,86,https://www.facebook.com/reel/680959007939636/
220634478361516_1233288112163420,2025-10-12,16:07,Photo,95595,0,0,1050,96,63,https://www.facebook.com/1240372834788281/posts/1233288112163420
220634478361516_1233241792168052,2025-10-12,15:09,Reel,17194,8144,2199.4,174,44,18,https://www.facebook.com/reel/1860530228221295/
220634478361516_1233157275509837,2025-10-12,13:08,Photo,340710,0,0,2272,414,93,https://www.facebook.com/1240372834788281/posts/1233157275509837
220634478361516_1233108402181391,2025-10-12,11:53,Reel,532520,206279,64765.9,2852,2356,653,https://www.facebook.com/reel/1215014587200083/
220634478361516_1233036352188596,2025-10-12,10:01,Reel,18077,8119,4079.5,574,36,57,https://www.facebook.com/reel/2020651008671191/
220634478361516_1233034272188804,2025-10-12,09:58,Photo,210641,0,0,2049,81,47,https://www.facebook.com/1240372834788281/posts/1233034272188804
220634478361516_1232940038864894,2025-10-12,07:30,Reel,170324,101861,111753.3,1086,240,124,https://www.facebook.com/reel/2925903860928468/
220634478361516_1232689745556590,2025-10-12,00:18,Reel,193560,102593,37253.0,10000,342,600,https://www.facebook.com/reel/853021444055920/
220634478361516_1232631288895769,2025-10-11,22:41,Reel,187438,94660,111298.0,3281,130,143,https://www.facebook.com/reel/1027402072760960/
220634478361516_1232622612229970,2025-10-11,22:27,Photo,166075,0,0,1503,185,40,https://www.facebook.com/1240372834788281/posts/1232622612229970
220634478361516_1232581508900747,2025-10-11,21:27,Reel,344038,161098,89925.7,6231,5541,509,https://www.facebook.com/reel/1535024607496615/
220634478361516_1232571968901701,2025-10-11,21:13,Photo,74842,0,0,1436,191,26,https://www.facebook.com/1240372834788281/posts/1232571968901701
220634478361516_1232510242241207,2025-10-11,19:46,Photo,272685,0,0,692,618,33,https://www.facebook.com/1240372834788281/posts/1232510242241207
220634478361516_1232432725582292,2025-10-11,18:05,Photo,330011,0,0,4667,1674,129,https://www.facebook.com/1240372834788281/posts/1232432725582292
220634478361516_1232425185583046,2025-10-11,17:55,Reel,374250,233350,113010.7,6549,371,660,https://www.facebook.com/reel/1339349151118675/
220634478361516_1232315958927302,2025-10-11,15:38,Photo,447450,0,0,977,379,136,https://www.facebook.com/1240372834788281/posts/1232315958927302
220634478361516_1232279578930940,2025-10-11,14:48,Photo,209454,0,0,2546,227,174,https://www.facebook.com/1240372834788281/posts/1232279578930940
220634478361516_1232227892269442,2025-10-11,13:33,Photo,118045,0,0,1611,219,56,https://www.facebook.com/1240372834788281/posts/1232227892269442
220634478361516_1232168058942092,2025-10-11,12:00,Reel,779354,321820,175742.1,1974,1069,212,https://www.facebook.com/reel/1504967674255428/
220634478361516_1232167958942102,2025-10-11,12:00,Reel,23105,9962,7051.5,84,34,6,https://www.facebook.com/reel/4175212026025532/
220634478361516_1232109708947927,2025-10-11,10:30,Reel,56179,26234,18075.1,262,192,9,https://www.facebook.com/reel/1349936983467781/
220634478361516_1232066278952270,2025-10-11,09:27,Reel,19131,9454,8069.7,95,35,4,https://www.facebook.com/reel/1553545535642090/
220634478361516_1231675312324700,2025-10-10,23:02,Reel,695952,347573,114391.0,5196,724,225,https://www.facebook.com/reel/1343310484134577/
220634478361516_1231661925659372,2025-10-10,22:40,Photo,258085,0,0,636,110,17,https://www.facebook.com/1240372834788281/posts/1231661925659372
220634478361516_1231656452326586,2025-10-10,22:32,Reel,96490,46796,10940.4,3034,133,53,https://www.facebook.com/reel/1125552286455676/
220634478361516_1231464282345803,2025-10-10,18:28,Photo,172531,0,0,1815,39,51,https://www.facebook.com/1240372834788281/posts/1231464282345803
220634478361516_1231446785680886,2025-10-10,18:09,Photo,80111,0,0,1300,78,53,https://www.facebook.com/1240372834788281/posts/1231446785680886
220634478361516_1231428989015999,2025-10-10,17:46,Reel,115182,56493,12558.2,8100,695,204,https://www.facebook.com/reel/1302213731378217/
220634478361516_1231394012352830,2025-10-10,17:00,Photo,169283,0,0,1734,59,23,https://www.facebook.com/1240372834788281/posts/1231394012352830
220634478361516_1231387782353453,2025-10-10,16:52,Reel,90101,52187,16372.5,1650,125,31,https://www.facebook.com/reel/1861961884678423/
220634478361516_1231311242361107,2025-10-10,15:20,Reel,549458,279493,89773.7,15553,556,414,https://www.facebook.com/reel/755252887495963/
220634478361516_1231203529038545,2025-10-10,12:55,Photo,128280,0,0,977,115,46,https://www.facebook.com/1240372834788281/posts/1231203529038545
220634478361516_1231170489041849,2025-10-10,12:10,Photo,284755,0,0,1529,503,60,https://www.facebook.com/1240372834788281/posts/1231170489041849
220634478361516_1231163132375918,2025-10-10,12:00,Reel,67496,33877,16214.3,1646,1304,60,https://www.facebook.com/reel/1146222930791587/
220634478361516_1231150429043855,2025-10-10,11:42,Reel,426357,174329,29883.8,21924,1897,677,https://www.facebook.com/reel/24665542386463667/
220634478361516_1231090652383166,2025-10-10,10:18,Reel,419472,166047,37762.4,1648,145,106,https://www.facebook.com/reel/2017132698836225/
220634478361516_1231079375717627,2025-10-10,10:01,Reel,18568,8832,6463.9,79,15,8,https://www.facebook.com/reel/837384635901641/
220634478361516_1231032902388941,2025-10-10,08:53,Reel,119827,68916,15591.7,961,128,32,https://www.facebook.com/reel/1513838419966413/
220634478361516_1230978669061031,2025-10-10,07:30,Reel,129125,67506,28896.1,4602,322,548,https://www.facebook.com/reel/1241126454438315/
220634478361516_1230917495733815,2025-10-10,06:02,Photo,407435,0,0,8217,1160,248,https://www.facebook.com/1240372834788281/posts/1230917495733815
220634478361516_1230750419083856,2025-10-10,01:26,Photo,319294,0,0,2830,464,113,https://www.facebook.com/1240372834788281/posts/1230750419083856
220634478361516_1230710975754467,2025-10-10,00:15,Photo,201696,0,0,466,48,18,https://www.facebook.com/1240372834788281/posts/1230710975754467
220634478361516_1230677089091189,2025-10-09,23:19,Reel,122907,63607,27885.4,4959,250,689,https://www.facebook.com/reel/1330958341812700/
220634478361516_1230638582428373,2025-10-09,22:14,Photo,142944,0,0,146,67,10,https://www.facebook.com/1240372834788281/posts/1230638582428373
220634478361516_1230620305763534,2025-10-09,21:46,Reel,22658,9096,6499.9,344,50,12,https://www.facebook.com/reel/1486097812509395/
220634478361516_1230478475777717,2025-10-09,18:48,Reel,588898,272081,79750.0,7831,1975,245,https://www.facebook.com/reel/1576637739967495/
220634478361516_1230447662447465,2025-10-09,18:18,Reel,53197,23865,7168.1,1384,80,39,https://www.facebook.com/reel/1763770394250097/
220634478361516_1230416489117249,2025-10-09,17:40,Photo,542584,0,0,1050,697,56,https://www.facebook.com/1240372834788281/posts/1230416489117249
220634478361516_1230356525789912,2025-10-09,16:21,Photo,304883,0,0,1429,287,26,https://www.facebook.com/1240372834788281/posts/1230356525789912
220634478361516_1230294232462808,2025-10-09,15:01,Reel,202051,106048,57035.9,1428,72,51,https://www.facebook.com/reel/1374348510941972/
220634478361516_1230263225799242,2025-10-09,14:19,Reel,1006937,537090,178515.1,26226,782,1897,https://www.facebook.com/reel/1358397709039105/
220634478361516_1230220602470171,2025-10-09,13:18,Reel,1870908,843964,235331.9,21060,1152,1277,https://www.facebook.com/reel/1492746381875090/
220634478361516_1230187489140149,2025-10-09,12:26,Photo,99515,0,0,379,75,25,https://www.facebook.com/1240372834788281/posts/1230187489140149
220634478361516_1230171342475097,2025-10-09,12:01,Reel,55923,28467,25030.5,1070,43,71,https://www.facebook.com/reel/25013470754952125/
220634478361516_1230140325811532,2025-10-09,11:14,Reel,450269,227415,68324.4,10000,273,179,https://www.facebook.com/reel/831847186042967/
220634478361516_1230096302482601,2025-10-09,10:01,Reel,19500,9720,5659.5,57,37,3,https://www.facebook.com/reel/796715609924281/
220634478361516_1230086525816912,2025-10-09,09:45,Reel,258305,141552,45090.7,4677,127,63,https://www.facebook.com/reel/24725112363795197/
220634478361516_1230053312486900,2025-10-09,08:49,Reel,177188,80881,14875.6,7562,310,739,https://www.facebook.com/reel/24702628542761789/
220634478361516_1230045115821053,2025-10-09,08:36,Reel,61873,36302,7473.4,1363,86,50,https://www.facebook.com/reel/1356573962704043/
220634478361516_1230031185822446,2025-10-09,08:13,Reel,122784,74253,24484.8,4101,133,113,https://www.facebook.com/reel/1203957431636481/
220634478361516_1230005745824990,2025-10-09,07:30,Reel,167853,85864,213320.2,1435,95,71,https://www.facebook.com/reel/795068619889772/
220634478361516_1229948262497405,2025-10-09,05:56,Reel,327055,178946,41813.0,5183,2055,380,https://www.facebook.com/reel/3119832728173223/
220634478361516_1229925612499670,2025-10-09,05:26,Reel,87170,51049,17365.9,2194,152,127,https://www.facebook.com/reel/1513160920005602/
220634478361516_1229917739167124,2025-10-09,05:13,Reel,106292,54518,17407.5,3417,114,130,https://www.facebook.com/reel/816178327487468/
220634478361516_1229894562502775,2025-10-09,04:35,Reel,101060,43823,7495.5,1613,158,97,https://www.facebook.com/reel/1600820777955013/
220634478361516_1229892339169664,2025-10-09,04:31,Photo,35102,0,0,388,83,16,https://www.facebook.com/1240372834788281/posts/1229892339169664
220634478361516_1229884949170403,2025-10-09,04:18,Reel,839846,327639,92739.0,18633,2612,551,https://www.facebook.com/reel/3770444749915815/
220634478361516_1229875809171317,2025-10-09,04:02,Photo,939320,0,0,10000,1903,248,https://www.facebook.com/1240372834788281/posts/1229875809171317
220634478361516_1229869755838589,2025-10-09,03:52,Photo,175196,0,0,461,95,25,https://www.facebook.com/1240372834788281/posts/1229869755838589
220634478361516_1229855145840050,2025-10-09,03:24,Reel,102700,55591,12431.6,3205,231,135,https://www.facebook.com/reel/1339433684360092/
220634478361516_1229852549173643,2025-10-09,03:19,Reel,17492,8963,1712.9,506,13,15,https://www.facebook.com/reel/783866884484906/
220634478361516_1229845859174312,2025-10-09,03:07,Reel,28701,16422,3340.3,292,12,6,https://www.facebook.com/reel/24426920743657841/
220634478361516_1229840179174880,2025-10-09,02:57,Reel,400972,179643,35977.0,10000,721,580,https://www.facebook.com/reel/734083739683170/
220634478361516_1229822022510029,2025-10-09,02:23,Reel,17918,9327,1969.3,480,25,18,https://www.facebook.com/reel/1637856693854684/
220634478361516_1229819549176943,2025-10-09,02:19,Photo,45832,0,0,336,49,20,https://www.facebook.com/1240372834788281/posts/1229819549176943
220634478361516_1229815289177369,2025-10-09,02:12,Photo,128286,0,0,3103,540,80,https://www.facebook.com/1240372834788281/posts/1229815289177369
220634478361516_1229812339177664,2025-10-09,02:07,Reel,22536,12843,3758.4,521,24,20,https://www.facebook.com/reel/4235312856689235/
220634478361516_1229808575844707,2025-10-09,02:00,Photo,66780,0,0,1014,129,57,https://www.facebook.com/1240372834788281/posts/1229808575844707
220634478361516_1229793909179507,2025-10-09,01:35,Photo,182398,0,0,635,125,24,https://www.facebook.com/1240372834788281/posts/1229793909179507
220634478361516_1229787335846831,2025-10-09,01:22,Photo,94444,0,0,806,123,52,https://www.facebook.com/1240372834788281/posts/1229787335846831
220634478361516_1229766505848914,2025-10-09,00:45,Photo,232419,0,0,709,65,19,https://www.facebook.com/1240372834788281/posts/1229766505848914
220634478361516_1229711362521095,2025-10-08,23:06,Photo,392316,0,0,7160,255,194,https://www.facebook.com/1240372834788281/posts/1229711362521095
220634478361516_1229677509191147,2025-10-08,22:18,Photo,102870,0,0,93,73,4,https://www.facebook.com/1240372834788281/posts/1229677509191147
220634478361516_1229649825860582,2025-10-08,21:37,Photo,69084,0,0,223,100,8,https://www.facebook.com/1240372834788281/posts/1229649825860582
220634478361516_1229641695861395,2025-10-08,21:25,Reel,24717,13912,8554.2,223,41,8,https://www.facebook.com/reel/1518271419322455/
220634478361516_1229577282534503,2025-10-08,19:55,Reel,321735,172077,51600.4,3093,101,152,https://www.facebook.com/reel/1145791967500959/
220634478361516_1229499112542320,2025-10-08,18:09,Reel,51646,25447,7074.3,477,116,45,https://www.facebook.com/reel/1882726592658672/
220634478361516_1229473195878245,2025-10-08,17:35,Reel,44282,21974,7222.7,238,18,6,https://www.facebook.com/reel/4386796804940115/
220634478361516_1229463849212513,2025-10-08,17:22,Photo,117574,0,0,431,78,11,https://www.facebook.com/1240372834788281/posts/1229463849212513
220634478361516_1229371312555100,2025-10-08,15:30,Photo,65628,0,0,184,35,14,https://www.facebook.com/1240372834788281/posts/1229371312555100
220634478361516_1229251932567038,2025-10-08,12:43,Photo,134692,0,0,769,48,23,https://www.facebook.com/1240372834788281/posts/1229251932567038
220634478361516_1229234975902067,2025-10-08,12:17,Photo,113255,0,0,277,266,14,https://www.facebook.com/1240372834788281/posts/1229234975902067
220634478361516_1229224029236495,2025-10-08,12:00,Reel,19309,7651,8908.3,142,5,19,https://www.facebook.com/reel/1319305936358400/
220634478361516_1229187295906835,2025-10-08,11:02,Reel,80831,45608,37284.0,645,96,102,https://www.facebook.com/reel/850508557502450/
220634478361516_1229172875908277,2025-10-08,10:39,Photo,443052,0,0,1638,365,45,https://www.facebook.com/1240372834788281/posts/1229172875908277
220634478361516_1229120642580167,2025-10-08,09:15,Reel,277794,152710,232539.9,4864,165,330,https://www.facebook.com/reel/24742110935439659/
220634478361516_1229102829248615,2025-10-08,08:44,Photo,385249,0,0,1087,1061,31,https://www.facebook.com/1240372834788281/posts/1229102829248615
220634478361516_1229024985923066,2025-10-08,06:34,Reel,582743,279532,81112.6,21381,2227,2288,https://www.facebook.com/reel/2674347719583934/
220634478361516_1228793929279505,2025-10-07,23:46,Reel,21893,8717,1943.4,579,26,40,https://www.facebook.com/reel/1637998524032248/
220634478361516_1228717215953843,2025-10-07,21:52,Photo,697929,0,0,2142,205,71,https://www.facebook.com/1240372834788281/posts/1228717215953843
220634478361516_1228712822620949,2025-10-07,21:46,Reel,16852,8264,8976.5,160,14,14,https://www.facebook.com/reel/1343971680506728/
220634478361516_1228685389290359,2025-10-07,21:03,Reel,84027,43718,66254.5,2903,131,399,https://www.facebook.com/reel/831266762707985/
220634478361516_1228682945957270,2025-10-07,20:59,Photo,233292,0,0,1239,767,134,https://www.facebook.com/1240372834788281/posts/1228682945957270
220634478361516_1228569415968623,2025-10-07,20:00,Reel,28890,14697,6791.2,291,15,7,https://www.facebook.com/reel/1286320093231295/
220634478361516_1228504179308480,2025-10-07,18:34,Reel,42459,21734,5009.8,1135,127,146,https://www.facebook.com/reel/795980149800992/
220634478361516_1228481549310743,2025-10-07,18:03,Reel,71440,37934,10270.7,2729,64,89,https://www.facebook.com/reel/1332001365148856/
220634478361516_1228456249313273,2025-10-07,17:29,Photo,268522,0,0,2159,210,30,https://www.facebook.com/1240372834788281/posts/1228456249313273
220634478361516_1228453549313543,2025-10-07,17:25,Reel,90002,40367,16882.6,1410,35,65,https://www.facebook.com/reel/1878670796051133/
220634478361516_1228427535982811,2025-10-07,16:51,Reel,509429,208625,59729.5,10000,1260,2247,https://www.facebook.com/reel/2473544896378981/
220634478361516_1228394762652755,2025-10-07,16:11,Reel,431447,212791,59241.3,4210,135,93,https://www.facebook.com/reel/769283032611362/
220634478361516_1228384269320471,2025-10-07,15:57,Reel,324269,165953,72197.0,6939,138,579,https://www.facebook.com/reel/1126017309157649/
220634478361516_1228311309327767,2025-10-07,14:13,Reel,178513,85431,45911.1,2838,73,131,https://www.facebook.com/reel/835414279161271/
220634478361516_1228241512668080,2025-10-07,12:27,Photo,654481,0,0,2363,2073,239,https://www.facebook.com/1240372834788281/posts/1228241512668080
220634478361516_1228225772669654,2025-10-07,12:00,Reel,187386,107550,43010.6,3333,98,90,https://www.facebook.com/reel/1136167758490490/
220634478361516_1228183162673915,2025-10-07,10:47,Photo,80261,0,0,1346,91,84,https://www.facebook.com/1240372834788281/posts/1228183162673915
220634478361516_1228163752675856,2025-10-07,10:13,Reel,840183,351985,143866.8,7440,553,1264,https://www.facebook.com/reel/1836794570528370/
220634478361516_1228123979346500,2025-10-07,09:01,Reel,338742,191532,113021.9,2917,196,192,https://www.facebook.com/reel/1747517559282071/
220634478361516_1228094679349430,2025-10-07,08:09,Photo,92312,0,0,631,64,28,https://www.facebook.com/1240372834788281/posts/1228094679349430
220634478361516_1228089276016637,2025-10-07,08:00,Reel,407514,245314,75018.6,10000,921,950,https://www.facebook.com/reel/816013974144114/
220634478361516_1228055489353349,2025-10-07,07:00,Reel,107603,45004,19277.7,1776,34,87,https://www.facebook.com/reel/1392877449068772/
220634478361516_1228049466020618,2025-10-07,06:49,Reel,108239,57450,22106.2,623,56,58,https://www.facebook.com/reel/1288743319240936/
220634478361516_1227632282729003,2025-10-06,19:56,Reel,81416,47535,10893.1,1859,95,112,https://www.facebook.com/reel/1215807390306817/
220634478361516_1227586889400209,2025-10-06,18:49,Photo,120537,0,0,422,141,12,https://www.facebook.com/1240372834788281/posts/1227586889400209
220634478361516_1227545592737672,2025-10-06,17:58,Photo,280820,0,0,2652,85,161,https://www.facebook.com/1240372834788281/posts/1227545592737672
220634478361516_1227461782746053,2025-10-06,16:08,Photo,101076,0,0,366,222,13,https://www.facebook.com/1240372834788281/posts/1227461782746053
220634478361516_1227405339418364,2025-10-06,14:51,Photo,201758,0,0,1816,523,100,https://www.facebook.com/1240372834788281/posts/1227405339418364
220634478361516_1227292576096307,2025-10-06,12:00,Reel,57400,29518,19559.0,334,266,26,https://www.facebook.com/reel/2321788751606447/
220634478361516_1227270236098541,2025-10-06,11:20,Photo,84561,0,0,570,62,18,https://www.facebook.com/1240372834788281/posts/1227270236098541
220634478361516_1227231759435722,2025-10-06,10:14,Photo,284257,0,0,1399,115,69,https://www.facebook.com/1240372834788281/posts/1227231759435722
220634478361516_1227223862769845,2025-10-06,10:00,Reel,239054,127828,213874.3,2746,61,128,https://www.facebook.com/reel/1222015686613247/
220634478361516_1227136942778537,2025-10-06,07:30,Reel,156131,84138,155511.8,2149,149,227,https://www.facebook.com/reel/797537292860731/
220634478361516_1226805322811699,2025-10-05,21:46,Reel,64974,35069,16529.3,382,55,30,https://www.facebook.com/reel/1939312280184990/
220634478361516_1226678216157743,2025-10-05,19:04,Photo,261293,0,0,2068,385,87,https://www.facebook.com/1240372834788281/posts/1226678216157743
220634478361516_1226633549495543,2025-10-05,18:15,Photo,129423,0,0,1544,93,162,https://www.facebook.com/1240372834788281/posts/1226633549495543
220634478361516_1226567556168809,2025-10-05,16:59,Reel,164713,91400,31105.1,1342,28,12,https://www.facebook.com/reel/1947898232445316/
220634478361516_1226501939508704,2025-10-05,15:53,Reel,21668,7398,2542.0,188,25,27,https://www.facebook.com/reel/828962813451939/
220634478361516_1226418432850388,2025-10-05,13:52,Reel,253250,105413,27232.5,765,82,57,https://www.facebook.com/reel/2261605667690289/
220634478361516_1226380236187541,2025-10-05,12:50,Photo,172466,0,0,2190,599,33,https://www.facebook.com/1240372834788281/posts/1226380236187541
220634478361516_1226367572855474,2025-10-05,12:30,Reel,17962,6923,1775.8,91,24,5,https://www.facebook.com/reel/795159510173719/
220634478361516_1226360882856143,2025-10-05,12:20,Photo,145859,0,0,591,522,26,https://www.facebook.com/1240372834788281/posts/1226360882856143
220634478361516_1226282352863996,2025-10-05,10:13,Reel,170803,87231,26606.1,304,103,13,https://www.facebook.com/reel/801446278959598/
220634478361516_1226274592864772,2025-10-05,10:01,Reel,47898,19104,28957.1,224,30,23,https://www.facebook.com/reel/1796693790983081/
220634478361516_1226269019531996,2025-10-05,09:51,Photo,120251,0,0,576,202,9,https://www.facebook.com/1240372834788281/posts/1226269019531996
220634478361516_1226245059534392,2025-10-05,09:09,Photo,196269,0,0,262,161,9,https://www.facebook.com/1240372834788281/posts/1226245059534392
220634478361516_1226188262873405,2025-10-05,07:31,Reel,20182,9149,6279.0,108,33,6,https://www.facebook.com/reel/3278846392289186/
220634478361516_1225872229571675,2025-10-04,22:55,Reel,123323,59791,16985.4,758,676,38,https://www.facebook.com/reel/747572964993259/
220634478361516_1225824072909824,2025-10-04,21:38,Reel,459814,179095,50891.1,10000,2495,909,https://www.facebook.com/reel/790666497075475/
220634478361516_1225819289576969,2025-10-04,21:31,Reel,37441,16397,8184.6,247,47,13,https://www.facebook.com/reel/1337882814373055/
220634478361516_1225779356247629,2025-10-04,20:28,Photo,215976,0,0,1203,1144,47,https://www.facebook.com/1240372834788281/posts/1225779356247629
220634478361516_1225482526277312,2025-10-04,13:48,Photo,131335,0,0,322,236,10,https://www.facebook.com/1240372834788281/posts/1225482526277312
220634478361516_1225402759618622,2025-10-04,12:01,Reel,101251,52411,65327.9,1187,40,57,https://www.facebook.com/reel/1498161217850953/
220634478361516_1225389696286595,2025-10-04,11:41,Photo,111762,0,0,328,110,19,https://www.facebook.com/1240372834788281/posts/1225389696286595
220634478361516_1225327946292770,2025-10-04,10:01,Reel,43395,22910,12429.7,382,24,20,https://www.facebook.com/reel/710834082031302/
220634478361516_1225242779634620,2025-10-04,07:46,Photo,169979,0,0,499,178,13,https://www.facebook.com/1240372834788281/posts/1225242779634620
220634478361516_1225233659635532,2025-10-04,07:30,Reel,27981,10647,9757.3,285,157,18,https://www.facebook.com/reel/4125870144346749/
220634478361516_1225078839651014,2025-10-04,03:16,Photo,562063,0,0,5215,1331,196,https://www.facebook.com/1240372834788281/posts/1225078839651014
220634478361516_1224986172993614,2025-10-04,00:21,Photo,278686,0,0,1070,636,41,https://www.facebook.com/1240372834788281/posts/1224986172993614
220634478361516_1224965192995712,2025-10-03,23:43,Photo,150920,0,0,247,164,19,https://www.facebook.com/1240372834788281/posts/1224965192995712
220634478361516_1224961006329464,2025-10-03,23:36,Reel,14551,6669,5750.2,116,14,14,https://www.facebook.com/reel/1311218747071084/
220634478361516_1224945406331024,2025-10-03,23:09,Photo,327677,0,0,769,480,42,https://www.facebook.com/1240372834788281/posts/1224945406331024
220634478361516_1224865393005692,2025-10-03,21:02,Photo,362119,0,0,1726,2722,36,https://www.facebook.com/1240372834788281/posts/1224865393005692
220634478361516_1224830593009172,2025-10-03,20:08,Photo,314203,0,0,1107,321,113,https://www.facebook.com/1240372834788281/posts/1224830593009172
220634478361516_1224758449683053,2025-10-03,18:32,Reel,145217,70877,27320.3,1548,119,59,https://www.facebook.com/reel/1222209173056706/
220634478361516_1224756926349872,2025-10-03,18:30,Reel,36988,16677,14770.4,619,45,22,https://www.facebook.com/reel/1457989985504248/
220634478361516_1224729609685937,2025-10-03,17:53,Photo,246902,0,0,1922,672,103,https://www.facebook.com/1240372834788281/posts/1224729609685937
220634478361516_1224711229687775,2025-10-03,17:29,Reel,68145,36407,47730.6,583,16,24,https://www.facebook.com/reel/1490761742123334/
220634478361516_1224708309688067,2025-10-03,17:24,Photo,104062,0,0,308,77,11,https://www.facebook.com/1240372834788281/posts/1224708309688067
220634478361516_1224647213027510,2025-10-03,16:01,Reel,18435,8299,3641.1,112,14,19,https://www.facebook.com/reel/991979289727565/
220634478361516_1224625696362995,2025-10-03,15:43,Photo,715066,0,0,3491,1981,117,https://www.facebook.com/1240372834788281/posts/1224625696362995
220634478361516_1224566953035536,2025-10-03,14:22,Photo,162673,0,0,1193,58,53,https://www.facebook.com/1240372834788281/posts/1224566953035536
220634478361516_1224553649703533,2025-10-03,14:01,Reel,32844,15115,7808.5,119,12,13,https://www.facebook.com/reel/1291644282269327/
220634478361516_1224484396377125,2025-10-03,12:11,Reel,45242,25175,5081.3,657,27,38,https://www.facebook.com/reel/1333253585137048/
220634478361516_1224478559711042,2025-10-03,12:00,Reel,72715,35408,17299.4,1341,33,109,https://www.facebook.com/reel/1315141393734259/
220634478361516_1224450059713892,2025-10-03,11:13,Photo,70722,0,0,564,56,21,https://www.facebook.com/1240372834788281/posts/1224450059713892
220634478361516_1224422179716680,2025-10-03,10:28,Photo,287217,0,0,887,783,54,https://www.facebook.com/1240372834788281/posts/1224422179716680
220634478361516_1224405893051642,2025-10-03,10:01,Reel,84042,41170,64491.6,418,168,17,https://www.facebook.com/reel/1311638330469988/
220634478361516_1224364733055758,2025-10-03,08:51,Photo,72995,0,0,147,31,4,https://www.facebook.com/1240372834788281/posts/1224364733055758
220634478361516_1224317969727101,2025-10-03,07:30,Reel,17721,7678,6489.0,112,83,16,https://www.facebook.com/reel/1986946672096362/
220634478361516_1224301023062129,2025-10-03,07:01,Reel,38319,17986,4289.9,722,31,28,https://www.facebook.com/reel/1423947382010715/
220634478361516_1224013379757560,2025-10-02,23:20,Photo,236290,0,0,1529,145,119,https://www.facebook.com/1240372834788281/posts/1224013379757560
220634478361516_1223977096427855,2025-10-02,22:28,Reel,41237,19745,21408.4,445,62,25,https://www.facebook.com/reel/1355696466139849/
220634478361516_1223952586430306,2025-10-02,21:49,Reel,173374,104732,28087.8,840,637,53,https://www.facebook.com/reel/765939633091631/
220634478361516_1223941546431410,2025-10-02,21:31,Photo,172551,0,0,425,138,18,https://www.facebook.com/1240372834788281/posts/1223941546431410
220634478361516_1223890313103200,2025-10-02,20:20,Reel,757261,375924,110436.6,10700,1551,436,https://www.facebook.com/reel/2035239607281808/
220634478361516_1223870056438559,2025-10-02,19:50,Photo,322629,0,0,2478,211,105,https://www.facebook.com/1240372834788281/posts/1223870056438559
220634478361516_1223846343107597,2025-10-02,19:17,Photo,221790,0,0,1088,262,38,https://www.facebook.com/1240372834788281/posts/1223846343107597
220634478361516_1222686116556953,2025-10-01,16:00,Photo,1086392,0,0,10000,4923,1188,https://www.facebook.com/1240372834788281/posts/1222686116556953
220634478361516_1222627686562796,2025-10-01,14:43,Photo,71082,0,0,192,82,10,https://www.facebook.com/1240372834788281/posts/1222627686562796
220634478361516_1222612013231030,2025-10-01,14:19,Photo,407287,0,0,3764,480,51,https://www.facebook.com/1240372834788281/posts/1222612013231030
220634478361516_1222586099900288,2025-10-01,13:39,Photo,116278,0,0,357,114,20,https://www.facebook.com/1240372834788281/posts/1222586099900288
220634478361516_1222520626573502,2025-10-01,12:00,Video,152323,58632,53609.8,377,78,59,https://www.facebook.com/1240372834788281/videos/1493927935275290
220634478361516_1222480996577465,2025-10-01,10:54,Photo,84155,0,0,249,257,17,https://www.facebook.com/1240372834788281/posts/1222480996577465
220634478361516_1222450693247162,2025-10-01,10:01,Video,120092,62121,79134.8,1831,263,90,https://www.facebook.com/1240372834788281/videos/4218679975086878
220634478361516_1222430863249145,2025-10-01,09:26,Photo,222614,0,0,541,473,37,https://www.facebook.com/1240372834788281/posts/1222430863249145
220634478361516_1222364169922481,2025-10-01,07:30,Video,72950,34734,21744.5,196,57,9,https://www.facebook.com/1240372834788281/videos/804914328755321
220634478361516_1222091456616419,2025-09-30,23:36,Photo,93389,0,0,1404,265,35,https://www.facebook.com/1240372834788281/posts/1222091456616419
220634478361516_1222015563290675,2025-09-30,21:38,Video,535942,265955,455981.2,4328,983,258,https://www.facebook.com/1240372834788281/videos/654609377370989
220634478361516_1221759263316305,2025-09-30,15:53,Photo,247153,0,0,6232,592,162,https://www.facebook.com/1240372834788281/posts/1221759263316305
220634478361516_1221704643321767,2025-09-30,14:50,Photo,71700,0,0,226,37,17,https://www.facebook.com/1240372834788281/posts/1221704643321767
220634478361516_1221520430006855,2025-09-30,10:08,Photo,364686,0,0,2341,855,422,https://www.facebook.com/1240372834788281/posts/1221520430006855
220634478361516_1221482273344004,2025-09-30,09:06,Photo,123576,0,0,667,152,36,https://www.facebook.com/1240372834788281/posts/1221482273344004
220634478361516_1221117146713850,2025-09-29,22:53,Photo,130436,0,0,547,71,12,https://www.facebook.com/1240372834788281/posts/1221117146713850
220634478361516_1221086630050235,2025-09-29,22:19,Photo,192120,0,0,1149,233,39,https://www.facebook.com/1240372834788281/posts/1221086630050235
220634478361516_1221055683386663,2025-09-29,21:32,Photo,152138,0,0,721,305,27,https://www.facebook.com/1240372834788281/posts/1221055683386663
220634478361516_1221044613387770,2025-09-29,21:16,Photo,260252,0,0,1452,516,60,https://www.facebook.com/1240372834788281/posts/1221044613387770
220634478361516_1220982130060685,2025-09-29,19:40,Photo,336383,0,0,1543,1304,99,https://www.facebook.com/1240372834788281/posts/1220982130060685
220634478361516_1220665703425661,2025-09-29,11:46,Photo,197076,0,0,3707,389,79,https://www.facebook.com/1240372834788281/posts/1220665703425661
220634478361516_1220647263427505,2025-09-29,11:14,Photo,395461,0,0,953,337,18,https://www.facebook.com/1240372834788281/posts/1220647263427505
220634478361516_1220605520098346,2025-09-29,10:01,Video,157814,96504,79103.2,1083,81,44,https://www.facebook.com/1240372834788281/videos/1312016367253367
220634478361516_1220517940107104,2025-09-29,07:30,Video,476403,252745,546403.0,10000,209,425,https://www.facebook.com/1240372834788281/videos/1313443483565218
220634478361516_1220236243468607,2025-09-28,22:55,Photo,123168,0,0,2829,386,53,https://www.facebook.com/1240372834788281/posts/1220236243468607
220634478361516_1220194570139441,2025-09-28,21:49,Photo,222344,0,0,678,280,28,https://www.facebook.com/1240372834788281/posts/1220194570139441
220634478361516_1220192576806307,2025-09-28,21:47,Video,727430,383171,605087.5,7052,1380,417,https://www.facebook.com/1240372834788281/videos/1364974408422507
220634478361516_1220180056807559,2025-09-28,21:27,Photo,151154,0,0,1581,124,41,https://www.facebook.com/1240372834788281/posts/1220180056807559
220634478361516_1220159216809643,2025-09-28,20:52,Photo,97357,0,0,242,217,51,https://www.facebook.com/1240372834788281/posts/1220159216809643
220634478361516_1219988503493381,2025-09-28,17:23,Photo,117063,0,0,723,439,98,https://www.facebook.com/1240372834788281/posts/1219988503493381
220634478361516_1219985646827000,2025-09-28,17:21,Video,12933,4612,1704.4,36,7,5,https://www.facebook.com/1240372834788281/videos/779934081585648
220634478361516_1219943220164576,2025-09-28,16:23,Photo,71979,0,0,323,42,12,https://www.facebook.com/1240372834788281/posts/1219943220164576
220634478361516_1219936306831934,2025-09-28,16:12,Photo,123436,0,0,546,224,22,https://www.facebook.com/1240372834788281/posts/1219936306831934
220634478361516_1219837430175155,2025-09-28,14:00,Video,84708,47335,59096.1,1078,45,64,https://www.facebook.com/1240372834788281/videos/1459994215286134
220634478361516_1219824666843098,2025-09-28,13:39,Photo,201496,0,0,592,434,46,https://www.facebook.com/1240372834788281/posts/1219824666843098
220634478361516_1219802276845337,2025-09-28,13:02,Photo,187102,0,0,1895,716,72,https://www.facebook.com/1240372834788281/posts/1219802276845337
220634478361516_1219765126849052,2025-09-28,12:00,Video,262345,123510,271602.0,1276,141,67,https://www.facebook.com/1240372834788281/videos/24367814416252572
220634478361516_1219752836850281,2025-09-28,11:39,Photo,183895,0,0,317,60,24,https://www.facebook.com/1240372834788281/posts/1219752836850281
220634478361516_1219690400189858,2025-09-28,10:00,Video,133248,71435,57058.7,4242,92,528,https://www.facebook.com/1240372834788281/videos/1169554441697876
220634478361516_1219592743532957,2025-09-28,07:30,Video,27523,10557,6550.3,130,17,4,https://www.facebook.com/1240372834788281/videos/652017660971300
220634478361516_1219359450222953,2025-09-28,00:11,Video,762581,328642,89979.8,2762,2752,194,https://www.facebook.com/1240372834788281/videos/4170484033269596
220634478361516_1219349313557300,2025-09-27,23:51,Photo,452299,0,0,1156,446,46,https://www.facebook.com/1240372834788281/posts/1219349313557300
220634478361516_1219282220230676,2025-09-27,21:55,Video,58775,31750,19233.3,351,74,15,https://www.facebook.com/1240372834788281/videos/1913383429589617
220634478361516_1219232760235622,2025-09-27,20:36,Video,184053,91178,23370.9,1209,555,79,https://www.facebook.com/1240372834788281/videos/1106749314912639
220634478361516_1219231830235715,2025-09-27,20:34,Photo,162325,0,0,608,622,40,https://www.facebook.com/1240372834788281/posts/1219231830235715
220634478361516_1219189443573287,2025-09-27,19:30,Photo,117688,0,0,2473,173,41,https://www.facebook.com/1240372834788281/posts/1219189443573287
220634478361516_1218980633594168,2025-09-27,14:37,Video,46768,16906,4205.9,108,35,32,https://www.facebook.com/1240372834788281/videos/829844942944691
220634478361516_1218881340270764,2025-09-27,12:01,Video,39778,21717,23369.4,220,15,10,https://www.facebook.com/1240372834788281/videos/1169582945051697
220634478361516_1218808040278094,2025-09-27,10:06,Photo,212307,0,0,1113,80,55,https://www.facebook.com/1240372834788281/posts/1218808040278094
220634478361516_1218373943654837,2025-09-26,21:22,Photo,212407,0,0,952,427,101,https://www.facebook.com/1240372834788281/posts/1218373943654837
220634478361516_1218284926997072,2025-09-26,19:08,Photo,112220,0,0,789,273,95,https://www.facebook.com/1240372834788281/posts/1218284926997072
220634478361516_1218196790339219,2025-09-26,17:04,Photo,557979,0,0,5451,965,191,https://www.facebook.com/1240372834788281/posts/1218196790339219
220634478361516_1218132697012295,2025-09-26,15:35,Photo,334527,0,0,1455,816,285,https://www.facebook.com/1240372834788281/posts/1218132697012295
220634478361516_1218076510351247,2025-09-26,14:12,Photo,117014,0,0,2458,100,104,https://www.facebook.com/1240372834788281/posts/1218076510351247
220634478361516_1218007570358141,2025-09-26,12:24,Photo,175829,0,0,279,59,29,https://www.facebook.com/1240372834788281/posts/1218007570358141
220634478361516_1217967287028836,2025-09-26,11:17,Photo,867955,0,0,5930,1253,202,https://www.facebook.com/1240372834788281/posts/1217967287028836
220634478361516_1217945447031020,2025-09-26,10:40,Photo,217652,0,0,2009,948,123,https://www.facebook.com/1240372834788281/posts/1217945447031020
220634478361516_1217923200366578,2025-09-26,10:01,Video,137504,74605,63031.0,4140,211,398,https://www.facebook.com/1240372834788281/videos/2881594275372765
220634478361516_1217842033708028,2025-09-26,07:30,Video,37261,18290,8479.3,236,179,26,https://www.facebook.com/1240372834788281/videos/2855490127972774
220634478361516_1217610773731154,2025-09-26,00:02,Photo,328141,0,0,1057,491,40,https://www.facebook.com/1240372834788281/posts/1217610773731154
220634478361516_1217532703738961,2025-09-25,21:42,Photo,383570,0,0,10000,1745,362,https://www.facebook.com/1240372834788281/posts/1217532703738961
220634478361516_1217530643739167,2025-09-25,21:39,Video,583508,321460,489154.5,3408,1003,164,https://www.facebook.com/1240372834788281/videos/1692684121274621
220634478361516_1217529990405899,2025-09-25,21:37,Photo,344955,0,0,1270,1070,114,https://www.facebook.com/1240372834788281/posts/1217529990405899
220634478361516_1217449783747253,2025-09-25,19:56,Photo,71829,0,0,171,119,8,https://www.facebook.com/1240372834788281/posts/1217449783747253
220634478361516_1217432743748957,2025-09-25,19:32,Photo,107510,0,0,197,117,19,https://www.facebook.com/1240372834788281/posts/1217432743748957
220634478361516_1217418280417070,2025-09-25,19:11,Photo,103390,0,0,384,236,12,https://www.facebook.com/1240372834788281/posts/1217418280417070
220634478361516_1217316187093946,2025-09-25,16:40,Photo,316341,0,0,2149,1117,70,https://www.facebook.com/1240372834788281/posts/1217316187093946
220634478361516_1217306120428286,2025-09-25,16:24,Photo,200269,0,0,379,333,19,https://www.facebook.com/1240372834788281/posts/1217306120428286
220634478361516_1217250123767219,2025-09-25,15:02,Photo,391968,0,0,1020,96,28,https://www.facebook.com/1240372834788281/posts/1217250123767219
220634478361516_1217140787111486,2025-09-25,12:13,Photo,677895,0,0,1712,886,97,https://www.facebook.com/1240372834788281/posts/1217140787111486
220634478361516_1217133367112228,2025-09-25,12:00,Video,13167,5420,2754.5,69,8,8,https://www.facebook.com/1240372834788281/videos/690140377450213
220634478361516_1217071473785084,2025-09-25,10:13,Photo,277135,0,0,742,290,79,https://www.facebook.com/1240372834788281/posts/1217071473785084
220634478361516_1217064947119070,2025-09-25,10:01,Video,13926,5104,5033.1,100,8,17,https://www.facebook.com/1240372834788281/videos/1941382460044195
220634478361516_1217042723787959,2025-09-25,09:18,Photo,336573,0,0,2147,602,155,https://www.facebook.com/1240372834788281/posts/1217042723787959
220634478361516_1216986927126872,2025-09-25,07:30,Video,71765,39456,40114.1,1260,63,68,https://www.facebook.com/1240372834788281/videos/1709480246418273
220634478361516_1216982107127354,2025-09-25,07:21,Photo,163300,0,0,5072,725,111,https://www.facebook.com/1240372834788281/posts/1216982107127354
220634478361516_1216710970487801,2025-09-24,23:02,Video,42933,23148,16835.4,237,31,22,https://www.facebook.com/1240372834788281/videos/975006418123918
220634478361516_1216707613821470,2025-09-24,22:56,Photo,314436,0,0,603,472,68,https://www.facebook.com/1240372834788281/posts/1216707613821470
220634478361516_1216666683825563,2025-09-24,21:44,Photo,282355,0,0,343,264,18,https://www.facebook.com/1240372834788281/posts/1216666683825563
220634478361516_1216558567169708,2025-09-24,18:57,Photo,191179,0,0,653,106,40,https://www.facebook.com/1240372834788281/posts/1216558567169708
220634478361516_1216516273840604,2025-09-24,17:54,Photo,319842,0,0,3873,263,257,https://www.facebook.com/1240372834788281/posts/1216516273840604
220634478361516_1216291690529729,2025-09-24,12:42,Photo,164483,0,0,764,140,21,https://www.facebook.com/1240372834788281/posts/1216291690529729
220634478361516_1215893070569591,2025-09-24,00:59,Photo,478947,0,0,10000,321,135,https://www.facebook.com/1240372834788281/posts/1215893070569591
220634478361516_1215886130570285,2025-09-24,00:45,Photo,353938,0,0,783,155,26,https://www.facebook.com/1240372834788281/posts/1215886130570285
220634478361516_1215840613908170,2025-09-23,23:13,Photo,497149,0,0,5172,426,160,https://www.facebook.com/1240372834788281/posts/1215840613908170
220634478361516_1215815183910713,2025-09-23,22:27,Photo,297886,0,0,1177,146,49,https://www.facebook.com/1240372834788281/posts/1215815183910713
220634478361516_1215647680594130,2025-09-23,18:11,Photo,201902,0,0,3065,259,117,https://www.facebook.com/1240372834788281/posts/1215647680594130
220634478361516_1215418820617016,2025-09-23,12:30,Photo,99331,0,0,1615,80,174,https://www.facebook.com/1240372834788281/posts/1215418820617016
220634478361516_1215208037304761,2025-09-23,06:15,Photo,592137,0,0,10000,2035,441,https://www.facebook.com/1240372834788281/posts/1215208037304761
220634478361516_1215200847305480,2025-09-23,06:03,Photo,321581,0,0,7544,1003,245,https://www.facebook.com/1240372834788281/posts/1215200847305480
220634478361516_1214983117327253,2025-09-22,22:49,Photo,401564,0,0,2238,2142,70,https://www.facebook.com/1240372834788281/posts/1214983117327253
220634478361516_1214756334016598,2025-09-22,17:03,Photo,116603,0,0,877,83,28,https://www.facebook.com/1240372834788281/posts/1214756334016598
220634478361516_1214725114019720,2025-09-22,16:26,Photo,114687,0,0,626,133,20,https://www.facebook.com/1240372834788281/posts/1214725114019720
220634478361516_1214545067371058,2025-09-22,12:00,Video,66403,40365,18362.2,408,201,36,https://www.facebook.com/1240372834788281/videos/1964862881004072
220634478361516_1214482650710633,2025-09-22,10:30,Photo,232425,0,0,4117,347,195,https://www.facebook.com/1240372834788281/posts/1214482650710633
220634478361516_1214482654043966,2025-09-22,10:30,Photo,82509,0,0,1184,107,116,https://www.facebook.com/1240372834788281/posts/1214482654043966
220634478361516_1214457614046470,2025-09-22,10:01,Video,38710,20506,21427.5,203,23,7,https://www.facebook.com/1240372834788281/videos/632154743097599
220634478361516_1214424980716400,2025-09-22,09:07,Photo,286480,0,0,1468,134,42,https://www.facebook.com/1240372834788281/posts/1214424980716400
220634478361516_1214366980722200,2025-09-22,07:31,Video,32388,17461,25523.2,246,53,22,https://www.facebook.com/1240372834788281/videos/1501802760969301
220634478361516_1214076530751245,2025-09-21,22:53,Photo,246751,0,0,2128,1453,397,https://www.facebook.com/1240372834788281/posts/1214076530751245
220634478361516_1214060357419529,2025-09-21,22:23,Photo,88836,0,0,330,274,9,https://www.facebook.com/1240372834788281/posts/1214060357419529
220634478361516_1214028444089387,2025-09-21,21:46,Video,43778,21681,19281.2,348,15,50,https://www.facebook.com/1240372834788281/videos/804787368633195
220634478361516_1213770890781809,2025-09-21,16:29,Photo,155527,0,0,628,667,35,https://www.facebook.com/1240372834788281/posts/1213770890781809
220634478361516_1213531600805738,2025-09-21,10:01,Video,63596,37898,42763.3,556,28,76,https://www.facebook.com/1240372834788281/videos/1956168055163654
220634478361516_1213517920807106,2025-09-21,09:38,Photo,217618,0,0,575,77,28,https://www.facebook.com/1240372834788281/posts/1213517920807106
220634478361516_1213486377476927,2025-09-21,08:41,Photo,165470,0,0,1441,829,73,https://www.facebook.com/1240372834788281/posts/1213486377476927
220634478361516_1213131347512430,2025-09-20,21:45,Photo,442527,0,0,2053,210,46,https://www.facebook.com/1240372834788281/posts/1213131347512430
220634478361516_1213041970854701,2025-09-20,19:30,Photo,141350,0,0,395,69,36,https://www.facebook.com/1240372834788281/posts/1213041970854701
220634478361516_1212916147533950,2025-09-20,16:26,Photo,164633,0,0,1866,162,44,https://www.facebook.com/1240372834788281/posts/1212916147533950
220634478361516_1212895390869359,2025-09-20,15:58,Photo,276398,0,0,377,108,13,https://www.facebook.com/1240372834788281/posts/1212895390869359
220634478361516_1212739217551643,2025-09-20,12:02,Video,83702,45652,25579.3,904,52,59,https://www.facebook.com/1240372834788281/videos/631575639811924
220634478361516_1212572364234995,2025-09-20,07:31,Video,27826,12823,16349.1,305,31,17,https://www.facebook.com/1240372834788281/videos/24678476115171851
220634478361516_1212332614258970,2025-09-20,00:35,Photo,381295,0,0,3029,236,190,https://www.facebook.com/1240372834788281/posts/1212332614258970
220634478361516_1212257084266523,2025-09-19,22:21,Video,100994,57541,123556.2,1731,58,92,https://www.facebook.com/1240372834788281/videos/819505903799947
220634478361516_1212247864267445,2025-09-19,22:03,Photo,658291,0,0,1166,250,68,https://www.facebook.com/1240372834788281/posts/1212247864267445
220634478361516_1211921984300033,2025-09-19,14:01,Video,98712,51496,62215.1,463,69,24,https://www.facebook.com/1240372834788281/videos/820866360511661
220634478361516_1211850610973837,2025-09-19,12:01,Video,30154,15257,19886.3,352,267,27,https://www.facebook.com/1240372834788281/videos/1835313694536723
220634478361516_1211830037642561,2025-09-19,11:27,Photo,113850,0,0,459,135,48,https://www.facebook.com/1240372834788281/posts/1211830037642561
220634478361516_1211787690980129,2025-09-19,10:15,Video,46921,25161,38469.8,437,16,16,https://www.facebook.com/1240372834788281/videos/1402712950792762
220634478361516_1211779800980918,2025-09-19,10:01,Video,60318,29060,30520.6,406,221,58,https://www.facebook.com/1240372834788281/videos/4096884143859073
220634478361516_1211694350989463,2025-09-19,07:30,Video,95729,54195,69455.8,567,164,49,https://www.facebook.com/1240372834788281/videos/1772160950841973
220634478361516_1211420554350176,2025-09-18,22:46,Video,41979,24225,17015.0,212,124,11,https://www.facebook.com/1240372834788281/videos/4692247361001576
220634478361516_1211358397689725,2025-09-18,21:06,Photo,180762,0,0,2824,315,75,https://www.facebook.com/1240372834788281/posts/1211358397689725
220634478361516_1211315834360648,2025-09-18,20:01,Photo,274545,0,0,6887,772,161,https://www.facebook.com/1240372834788281/posts/1211315834360648
220634478361516_1211283781030520,2025-09-18,19:11,Photo,146663,0,0,2698,545,113,https://www.facebook.com/1240372834788281/posts/1211283781030520
220634478361516_1211273827698182,2025-09-18,18:56,Photo,122739,0,0,273,43,25,https://www.facebook.com/1240372834788281/posts/1211273827698182
220634478361516_1211262071032691,2025-09-18,18:40,Photo,120336,0,0,522,262,57,https://www.facebook.com/1240372834788281/posts/1211262071032691
220634478361516_1211171237708441,2025-09-18,16:32,Photo,196557,0,0,978,1038,77,https://www.facebook.com/1240372834788281/posts/1211171237708441
220634478361516_1211130024379229,2025-09-18,15:32,Photo,127185,0,0,305,112,34,https://www.facebook.com/1240372834788281/posts/1211130024379229
220634478361516_1211106957714869,2025-09-18,14:58,Photo,84876,0,0,181,41,9,https://www.facebook.com/1240372834788281/posts/1211106957714869
220634478361516_1211101911048707,2025-09-18,14:50,Photo,181550,0,0,455,86,25,https://www.facebook.com/1240372834788281/posts/1211101911048707
220634478361516_1210999891058909,2025-09-18,12:01,Video,799439,438955,430867.5,28151,1373,1024,https://www.facebook.com/1240372834788281/videos/24624008563895474
220634478361516_1210951444397087,2025-09-18,10:40,Photo,435539,0,0,1460,643,40,https://www.facebook.com/1240372834788281/posts/1210951444397087
220634478361516_1210936604398571,2025-09-18,10:13,Photo,174235,0,0,1735,1516,199,https://www.facebook.com/1240372834788281/posts/1210936604398571
220634478361516_1210929381065960,2025-09-18,10:01,Video,65056,36220,38019.7,858,43,35,https://www.facebook.com/1240372834788281/videos/1118759440400386
220634478361516_1210879651070933,2025-09-18,08:27,Photo,462657,0,0,6834,851,91,https://www.facebook.com/1240372834788281/posts/1210879651070933
220634478361516_1210862907739274,2025-09-18,07:58,Photo,435291,0,0,1002,515,24,https://www.facebook.com/1240372834788281/posts/1210862907739274
220634478361516_1210847591074139,2025-09-18,07:30,Video,82977,50399,29919.2,772,36,29,https://www.facebook.com/1240372834788281/videos/4275699959341136
220634478361516_1210584807767084,2025-09-17,23:25,Video,12547,4712,1850.6,70,10,7,https://www.facebook.com/1240372834788281/videos/25358946920372983
220634478361516_1210574564434775,2025-09-17,23:05,Photo,132509,0,0,681,771,24,https://www.facebook.com/1240372834788281/posts/1210574564434775
220634478361516_1210515487774016,2025-09-17,21:20,Photo,1190622,0,0,6245,4700,192,https://www.facebook.com/1240372834788281/posts/1210515487774016
220634478361516_1210511567774408,2025-09-17,21:13,Photo,294058,0,0,984,712,105,https://www.facebook.com/1240372834788281/posts/1210511567774408
220634478361516_1210484811110417,2025-09-17,20:27,Photo,120241,0,0,1167,71,54,https://www.facebook.com/1240372834788281/posts/1210484811110417
220634478361516_1210461297779435,2025-09-17,20:02,Photo,286624,0,0,483,517,20,https://www.facebook.com/1240372834788281/posts/1210461297779435
220634478361516_1210350841123814,2025-09-17,17:28,Photo,294776,0,0,306,88,20,https://www.facebook.com/1240372834788281/posts/1210350841123814
220634478361516_1210334657792099,2025-09-17,17:07,Photo,96984,0,0,1246,536,62,https://www.facebook.com/1240372834788281/posts/1210334657792099
220634478361516_1210323824459849,2025-09-17,16:52,Photo,241356,0,0,2819,322,73,https://www.facebook.com/1240372834788281/posts/1210323824459849
220634478361516_1210279804464251,2025-09-17,15:45,Photo,64187,0,0,494,54,28,https://www.facebook.com/1240372834788281/posts/1210279804464251
220634478361516_1210237104468521,2025-09-17,14:40,Photo,105356,0,0,806,471,30,https://www.facebook.com/1240372834788281/posts/1210237104468521
220634478361516_1210219834470248,2025-09-17,14:14,Photo,324806,0,0,864,445,32,https://www.facebook.com/1240372834788281/posts/1210219834470248
220634478361516_1210086517816913,2025-09-17,10:43,Photo,64666,0,0,596,159,18,https://www.facebook.com/1240372834788281/posts/1210086517816913
220634478361516_1210081911150707,2025-09-17,10:35,Photo,551560,0,0,9223,2365,265,https://www.facebook.com/1240372834788281/posts/1210081911150707
220634478361516_1210061781152720,2025-09-17,10:01,Video,34803,14027,12431.8,269,136,17,https://www.facebook.com/1240372834788281/videos/842489301535790
220634478361516_1210036031155295,2025-09-17,09:16,Photo,893953,0,0,2615,526,104,https://www.facebook.com/1240372834788281/posts/1210036031155295
220634478361516_1209976504494581,2025-09-17,07:30,Video,52040,21110,33741.4,195,16,9,https://www.facebook.com/1240372834788281/videos/748491078024756
220634478361516_1209717657853799,2025-09-16,23:28,Photo,84478,0,0,165,112,11,https://www.facebook.com/1240372834788281/posts/1209717657853799
220634478361516_1209647077860857,2025-09-16,21:24,Video,67369,36469,43325.7,1086,425,91,https://www.facebook.com/1240372834788281/videos/4219400551640439
220634478361516_1209423174549914,2025-09-16,15:55,Photo,355546,0,0,7317,3265,308,https://www.facebook.com/1240372834788281/posts/1209423174549914
220634478361516_1209420507883514,2025-09-16,15:51,Photo,170620,0,0,1689,200,49,https://www.facebook.com/1240372834788281/posts/1209420507883514
220634478361516_1209339497891615,2025-09-16,13:43,Photo,260936,0,0,1142,1023,25,https://www.facebook.com/1240372834788281/posts/1209339497891615
220634478361516_1209331671225731,2025-09-16,13:31,Photo,479960,0,0,5940,495,220,https://www.facebook.com/1240372834788281/posts/1209331671225731
220634478361516_1209173234574908,2025-09-16,08:53,Photo,549746,0,0,1424,1812,109,https://www.facebook.com/1240372834788281/posts/1209173234574908
220634478361516_1208917811267117,2025-09-16,00:19,Photo,163613,0,0,989,181,46,https://www.facebook.com/1240372834788281/posts/1208917811267117
220634478361516_1208903807935184,2025-09-15,23:49,Photo,332557,0,0,2843,417,416,https://www.facebook.com/1240372834788281/posts/1208903807935184
220634478361516_1208895374602694,2025-09-15,23:31,Photo,285816,0,0,5213,301,462,https://www.facebook.com/1240372834788281/posts/1208895374602694
220634478361516_1208859214606310,2025-09-15,22:22,Photo,307691,0,0,482,129,14,https://www.facebook.com/1240372834788281/posts/1208859214606310
220634478361516_1208831177942447,2025-09-15,21:33,Photo,141764,0,0,1068,165,31,https://www.facebook.com/1240372834788281/posts/1208831177942447
220634478361516_1208830021275896,2025-09-15,21:33,Video,57503,20811,41735.4,371,21,17,https://www.facebook.com/1240372834788281/videos/1837524470518579
220634478361516_1208822014610030,2025-09-15,21:17,Photo,313952,0,0,2127,1044,411,https://www.facebook.com/1240372834788281/posts/1208822014610030
220634478361516_1208637994628432,2025-09-15,16:42,Photo,829757,0,0,3213,3414,428,https://www.facebook.com/1240372834788281/posts/1208637994628432
220634478361516_1208626864629545,2025-09-15,16:25,Photo,428139,0,0,2277,2246,201,https://www.facebook.com/1240372834788281/posts/1208626864629545
220634478361516_1208610577964507,2025-09-15,16:01,Photo,371256,0,0,1896,587,70,https://www.facebook.com/1240372834788281/posts/1208610577964507
220634478361516_1208461287979436,2025-09-15,11:57,Photo,240695,0,0,2755,1210,117,https://www.facebook.com/1240372834788281/posts/1208461287979436
220634478361516_1208439684648263,2025-09-15,11:16,Photo,242205,0,0,1083,338,122,https://www.facebook.com/1240372834788281/posts/1208439684648263
220634478361516_1208405214651710,2025-09-15,10:13,Photo,344355,0,0,804,237,67,https://www.facebook.com/1240372834788281/posts/1208405214651710
220634478361516_1208397144652517,2025-09-15,09:59,Photo,160994,0,0,846,498,46,https://www.facebook.com/1240372834788281/posts/1208397144652517
220634478361516_1208355911323307,2025-09-15,08:36,Photo,869108,0,0,4669,3082,433,https://www.facebook.com/1240372834788281/posts/1208355911323307
220634478361516_1208101041348794,2025-09-15,00:21,Photo,275938,0,0,5370,1683,414,https://www.facebook.com/1240372834788281/posts/1208101041348794
220634478361516_1208067514685480,2025-09-14,23:15,Photo,668712,0,0,1608,886,113,https://www.facebook.com/1240372834788281/posts/1208067514685480
220634478361516_1208052628020302,2025-09-14,22:46,Photo,2155859,0,0,11757,2937,304,https://www.facebook.com/1240372834788281/posts/1208052628020302
220634478361516_1208050744687157,2025-09-14,22:44,Video,140505,63911,145958.4,976,57,36,https://www.facebook.com/1240372834788281/videos/1133828522004019
220634478361516_1208001128025452,2025-09-14,21:43,Photo,356702,0,0,565,608,31,https://www.facebook.com/1240372834788281/posts/1208001128025452
220634478361516_1207886638036901,2025-09-14,19:11,Photo,339036,0,0,6166,462,485,https://www.facebook.com/1240372834788281/posts/1207886638036901
220634478361516_1207814238044141,2025-09-14,18:05,Photo,92106,0,0,946,43,38,https://www.facebook.com/1240372834788281/posts/1207814238044141
220634478361516_1207744644717767,2025-09-14,16:34,Photo,115621,0,0,295,291,21,https://www.facebook.com/1240372834788281/posts/1207744644717767
220634478361516_1207571194735112,2025-09-14,12:33,Photo,109051,0,0,700,30,11,https://www.facebook.com/1240372834788281/posts/1207571194735112
220634478361516_1207482888077276,2025-09-14,10:01,Video,26044,12208,11360.1,182,48,37,https://www.facebook.com/1240372834788281/videos/1105135595067046
220634478361516_1207468984745333,2025-09-14,09:37,Photo,379745,0,0,1382,186,19,https://www.facebook.com/1240372834788281/posts/1207468984745333
220634478361516_1207399791418919,2025-09-14,07:30,Video,54048,27197,28167.5,790,46,79,https://www.facebook.com/1240372834788281/videos/814354794581722
220634478361516_1207129734779258,2025-09-14,00:00,Video,227187,139356,53611.9,1679,1132,120,https://www.facebook.com/1240372834788281/videos/2919479734924645
220634478361516_1207041948121370,2025-09-13,21:16,Video,432407,239852,410255.3,5409,1029,1894,https://www.facebook.com/1240372834788281/videos/1417505499358067
220634478361516_1206972624794969,2025-09-13,19:24,Photo,371468,0,0,1946,352,126,https://www.facebook.com/1240372834788281/posts/1206972624794969
220634478361516_1206912664800965,2025-09-13,18:01,Video,63190,34960,38312.9,823,40,46,https://www.facebook.com/1240372834788281/videos/1294838768764228
220634478361516_1206704661488432,2025-09-13,12:31,Photo,432782,0,0,4915,187,157,https://www.facebook.com/1240372834788281/posts/1206704661488432
220634478361516_1206219921536906,2025-09-12,22:32,Photo,529292,0,0,1204,629,132,https://www.facebook.com/1240372834788281/posts/1206219921536906
220634478361516_1205937858231779,2025-09-12,16:52,Photo,492243,0,0,1350,433,64,https://www.facebook.com/1240372834788281/posts/1205937858231779
220634478361516_1205804784911753,2025-09-12,13:51,Photo,584274,0,0,2061,1220,139,https://www.facebook.com/1240372834788281/posts/1205804784911753
220634478361516_1205756864916545,2025-09-12,12:27,Photo,335800,0,0,2059,446,98,https://www.facebook.com/1240372834788281/posts/1205756864916545
220634478361516_1205742078251357,2025-09-12,12:00,Video,39318,18273,21248.6,336,14,27,https://www.facebook.com/1240372834788281/videos/1291462192705843
220634478361516_1205677531591145,2025-09-12,10:00,Video,240137,122016,197874.9,1401,82,80,https://www.facebook.com/1240372834788281/videos/1482554732872429
220634478361516_1205599538265611,2025-09-12,07:31,Video,59459,31658,35540.6,321,105,22,https://www.facebook.com/1240372834788281/videos/4123867421185563
220634478361516_1205247724967459,2025-09-11,21:10,Photo,241199,0,0,628,138,24,https://www.facebook.com/1240372834788281/posts/1205247724967459
220634478361516_1205188628306702,2025-09-11,19:49,Photo,163689,0,0,245,94,19,https://www.facebook.com/1240372834788281/posts/1205188628306702
220634478361516_1205167768308788,2025-09-11,19:18,Photo,382734,0,0,1057,578,49,https://www.facebook.com/1240372834788281/posts/1205167768308788
220634478361516_1205106531648245,2025-09-11,17:44,Photo,181327,0,0,1935,80,45,https://www.facebook.com/1240372834788281/posts/1205106531648245
220634478361516_1205101208315444,2025-09-11,17:36,Video,42821,22638,15579.0,189,20,10,https://www.facebook.com/1240372834788281/videos/1094066699506104
220634478361516_1205055441653354,2025-09-11,16:32,Video,78103,40695,31391.1,319,66,29,https://www.facebook.com/1240372834788281/videos/794961816238827
220634478361516_1205047301654168,2025-09-11,16:20,Photo,165923,0,0,354,133,13,https://www.facebook.com/1240372834788281/posts/1205047301654168
220634478361516_1205037318321833,2025-09-11,16:05,Video,33527,14299,10162.6,127,27,7,https://www.facebook.com/1240372834788281/videos/2053488965192432
220634478361516_1204848201674078,2025-09-11,10:58,Photo,209371,0,0,4878,185,187,https://www.facebook.com/1240372834788281/posts/1204848201674078
220634478361516_1204817238343841,2025-09-11,10:01,Video,36875,17859,16867.2,366,22,7,https://www.facebook.com/1240372834788281/videos/1713269763204149
220634478361516_1204799415012290,2025-09-11,09:28,Photo,457158,0,0,6798,344,231,https://www.facebook.com/1240372834788281/posts/1204799415012290
220634478361516_1204790128346552,2025-09-11,09:10,Photo,115414,0,0,553,56,17,https://www.facebook.com/1240372834788281/posts/1204790128346552
220634478361516_1204738708351694,2025-09-11,07:31,Video,305670,187843,239317.4,5407,247,264,https://www.facebook.com/1240372834788281/videos/1084845526970985
220634478361516_1204554271703471,2025-09-11,01:33,Status,47004,0,0,75,15,4,https://www.facebook.com/1240372834788281/posts/1204554271703471
220634478361516_1204504458375119,2025-09-10,23:48,Photo,169599,0,0,2485,222,70,https://www.facebook.com/1240372834788281/posts/1204504458375119
220634478361516_1204495661709332,2025-09-10,23:31,Photo,140068,0,0,938,100,20,https://www.facebook.com/1240372834788281/posts/1204495661709332
220634478361516_1204425945049637,2025-09-10,21:36,Video,114291,60344,88420.8,467,16,24,https://www.facebook.com/1240372834788281/videos/1542872363723756
220634478361516_1204421685050063,2025-09-10,21:29,Photo,440368,0,0,2056,2360,103,https://www.facebook.com/1240372834788281/posts/1204421685050063
220634478361516_1204416018383963,2025-09-10,21:19,Photo,73937,0,0,482,36,42,https://www.facebook.com/1240372834788281/posts/1204416018383963
220634478361516_1204352978390267,2025-09-10,19:38,Photo,155250,0,0,640,381,20,https://www.facebook.com/1240372834788281/posts/1204352978390267
220634478361516_1204173695074862,2025-09-10,15:22,Photo,182719,0,0,687,310,38,https://www.facebook.com/1240372834788281/posts/1204173695074862
220634478361516_1204067555085476,2025-09-10,12:44,Photo,203594,0,0,3236,733,69,https://www.facebook.com/1240372834788281/posts/1204067555085476
220634478361516_1204039428421622,2025-09-10,11:54,Photo,368813,0,0,1839,2168,93,https://www.facebook.com/1240372834788281/posts/1204039428421622
220634478361516_1203989241759974,2025-09-10,10:24,Photo,126808,0,0,1454,816,169,https://www.facebook.com/1240372834788281/posts/1203989241759974
220634478361516_1203976748427890,2025-09-10,10:02,Video,34392,16184,17226.1,280,96,23,https://www.facebook.com/1240372834788281/videos/1403389557421332
220634478361516_1203969638428601,2025-09-10,09:48,Photo,181547,0,0,388,70,20,https://www.facebook.com/1240372834788281/posts/1203969638428601
220634478361516_1203899945102237,2025-09-10,07:31,Video,139461,74535,59259.9,818,114,39,https://www.facebook.com/1240372834788281/videos/1075013661512178
220634478361516_1203761605116071,2025-09-10,02:57,Photo,244563,0,0,913,643,26,https://www.facebook.com/1240372834788281/posts/1203761605116071
220634478361516_1203699695122262,2025-09-10,00:30,Photo,222508,0,0,399,317,26,https://www.facebook.com/1240372834788281/posts/1203699695122262
220634478361516_1203673901791508,2025-09-09,23:33,Photo,145296,0,0,967,120,29,https://www.facebook.com/1240372834788281/posts/1203673901791508
220634478361516_1203610721797826,2025-09-09,21:31,Video,31398,16735,11193.2,239,53,37,https://www.facebook.com/1240372834788281/videos/813753381089103
220634478361516_1203509575141274,2025-09-09,18:48,Video,34758,16207,4164.3,742,168,43,https://www.facebook.com/1240372834788281/videos/3552392741568375
220634478361516_1203457458479819,2025-09-09,17:28,Photo,419036,0,0,3976,1815,346,https://www.facebook.com/1240372834788281/posts/1203457458479819
220634478361516_1203433911815507,2025-09-09,16:52,Photo,152328,0,0,952,114,47,https://www.facebook.com/1240372834788281/posts/1203433911815507
220634478361516_1203411361817762,2025-09-09,16:17,Video,158747,65241,12785.8,1808,210,88,https://www.facebook.com/1240372834788281/videos/2260452917738151
220634478361516_1203403751818523,2025-09-09,16:04,Photo,151447,0,0,985,183,49,https://www.facebook.com/1240372834788281/posts/1203403751818523
220634478361516_1203384195153812,2025-09-09,15:36,Photo,148149,0,0,1255,140,63,https://www.facebook.com/1240372834788281/posts/1203384195153812
220634478361516_1203191241839774,2025-09-09,10:01,Video,20293,10657,7293.5,210,17,17,https://www.facebook.com/1240372834788281/videos/991629953037849
220634478361516_1203116501847248,2025-09-09,07:30,Video,23858,11264,7583.7,114,41,11,https://www.facebook.com/1240372834788281/videos/1356269085919001
220634478361516_1203112475180984,2025-09-09,07:22,Photo,100630,0,0,2301,315,44,https://www.facebook.com/1240372834788281/posts/1203112475180984
220634478361516_1202893291869569,2025-09-08,23:36,Photo,319774,0,0,956,754,82,https://www.facebook.com/1240372834788281/posts/1202893291869569
220634478361516_1202850851873813,2025-09-08,22:15,Video,64362,36934,21683.9,476,80,38,https://www.facebook.com/1240372834788281/videos/811336051564619
220634478361516_1202844538541111,2025-09-08,22:05,Video,243426,121256,56625.9,7686,1507,1655,https://www.facebook.com/1240372834788281/videos/1438034264138242
220634478361516_1202795531879345,2025-09-08,20:35,Photo,717677,0,0,9236,1923,289,https://www.facebook.com/1240372834788281/posts/1202795531879345
220634478361516_1202768948548670,2025-09-08,19:47,Photo,347478,0,0,6433,1217,347,https://www.facebook.com/1240372834788281/posts/1202768948548670
220634478361516_1202754808550084,2025-09-08,19:33,Photo,316125,0,0,1150,280,96,https://www.facebook.com/1240372834788281/posts/1202754808550084
220634478361516_1202703718555193,2025-09-08,18:16,Photo,198423,0,0,613,595,37,https://www.facebook.com/1240372834788281/posts/1202703718555193
220634478361516_1202567481902150,2025-09-08,14:39,Photo,267619,0,0,2974,231,63,https://www.facebook.com/1240372834788281/posts/1202567481902150
220634478361516_1202530588572506,2025-09-08,13:32,Photo,125237,0,0,1697,265,50,https://www.facebook.com/1240372834788281/posts/1202530588572506
220634478361516_1202525975239634,2025-09-08,13:24,Photo,108030,0,0,2905,392,67,https://www.facebook.com/1240372834788281/posts/1202525975239634
220634478361516_1202510805241151,2025-09-08,12:57,Photo,73946,0,0,407,89,21,https://www.facebook.com/1240372834788281/posts/1202510805241151
220634478361516_1202505138575051,2025-09-08,12:48,Photo,132636,0,0,2123,370,48,https://www.facebook.com/1240372834788281/posts/1202505138575051
220634478361516_1202501921908706,2025-09-08,12:43,Video,164854,65909,14219.4,1499,86,79,https://www.facebook.com/1240372834788281/videos/1085586590420636
220634478361516_1202480391910859,2025-09-08,12:01,Video,93447,53026,33646.7,1949,1187,123,https://www.facebook.com/1240372834788281/videos/1589163772063408
220634478361516_1202460775246154,2025-09-08,11:22,Photo,71397,0,0,323,112,22,https://www.facebook.com/1240372834788281/posts/1202460775246154
220634478361516_1202449608580604,2025-09-08,11:02,Photo,115008,0,0,378,112,20,https://www.facebook.com/1240372834788281/posts/1202449608580604
220634478361516_1202437468581818,2025-09-08,10:36,Photo,118294,0,0,427,135,29,https://www.facebook.com/1240372834788281/posts/1202437468581818
220634478361516_1202420111916887,2025-09-08,10:01,Video,226387,129671,142763.4,1382,126,77,https://www.facebook.com/1240372834788281/videos/620795267576996
220634478361516_1202350675257164,2025-09-08,07:30,Video,18,4,0.6,3,4,1,https://www.facebook.com/1240372834788281/videos/1851821415689151
220634478361516_1202089045283327,2025-09-07,22:07,Photo,129206,0,0,647,147,31,https://www.facebook.com/1240372834788281/posts/1202089045283327
220634478361516_1202067975285434,2025-09-07,21:32,Video,49108,24994,31700.6,311,12,15,https://www.facebook.com/1240372834788281/videos/630763500103962
220634478361516_1202009091957989,2025-09-07,19:57,Photo,251792,0,0,588,69,48,https://www.facebook.com/1240372834788281/posts/1202009091957989
220634478361516_1201971101961788,2025-09-07,19:11,Photo,754179,0,0,852,141,38,https://www.facebook.com/1240372834788281/posts/1201971101961788
220634478361516_1201890461969852,2025-09-07,17:38,Photo,265312,0,0,1216,1701,111,https://www.facebook.com/1240372834788281/posts/1201890461969852
220634478361516_1201783081980590,2025-09-07,15:01,Photo,175631,0,0,385,110,28,https://www.facebook.com/1240372834788281/posts/1201783081980590
220634478361516_1201767268648838,2025-09-07,14:34,Photo,207820,0,0,344,163,22,https://www.facebook.com/1240372834788281/posts/1201767268648838
220634478361516_1201754878650077,2025-09-07,14:13,Photo,179670,0,0,350,153,25,https://www.facebook.com/1240372834788281/posts/1201754878650077
220634478361516_1201662588659306,2025-09-07,12:01,Video,496040,277177,324629.4,10000,699,1171,https://www.facebook.com/1240372834788281/videos/1703316570381725
220634478361516_1201598808665684,2025-09-07,10:02,Video,193703,100907,199682.4,1739,109,158,https://www.facebook.com/1240372834788281/videos/788867396961509
220634478361516_1201577162001182,2025-09-07,09:20,Photo,112408,0,0,490,99,30,https://www.facebook.com/1240372834788281/posts/1201577162001182
220634478361516_1201553792003519,2025-09-07,08:36,Photo,193207,0,0,1163,933,50,https://www.facebook.com/1240372834788281/posts/1201553792003519
220634478361516_1201535288672036,2025-09-07,08:01,Video,87422,50852,105124.6,1580,108,85,https://www.facebook.com/1240372834788281/videos/1886770721886123
220634478361516_1201519915340240,2025-09-07,07:31,Video,277898,142715,243426.7,1952,322,182,https://www.facebook.com/1240372834788281/videos/1131922245498629
220634478361516_1201249312033967,2025-09-06,21:47,Video,245071,132624,181531.1,1309,352,129,https://www.facebook.com/1240372834788281/videos/1113503156950701
220634478361516_1201180388707526,2025-09-06,19:42,Video,114112,57836,34485.7,1164,541,178,https://www.facebook.com/1240372834788281/videos/3149578325194538
220634478361516_1201134722045426,2025-09-06,18:30,Photo,265301,0,0,3688,224,188,https://www.facebook.com/1240372834788281/posts/1201134722045426
220634478361516_1201122192046679,2025-09-06,18:09,Photo,297233,0,0,2264,349,235,https://www.facebook.com/1240372834788281/posts/1201122192046679
220634478361516_1200908988734666,2025-09-06,12:00,Video,24569,11975,7871.0,139,18,27,https://www.facebook.com/1240372834788281/videos/752648294276162
220634478361516_1200848235407408,2025-09-06,10:02,Video,29128,15674,22559.9,347,66,26,https://www.facebook.com/1240372834788281/videos/1450571582824580
220634478361516_1200771102081788,2025-09-06,07:30,Video,31,9,1.5,11,4,2,https://www.facebook.com/1240372834788281/videos/4093559540918667
220634478361516_1200756202083278,2025-09-06,07:01,Video,23080,12515,6355.9,153,58,19,https://www.facebook.com/1240372834788281/videos/760148626731920
220634478361516_1200549525437279,2025-09-06,00:08,Photo,367101,0,0,1484,355,89,https://www.facebook.com/1240372834788281/posts/1200549525437279
220634478361516_1200384548787110,2025-09-05,19:24,Photo,187122,0,0,2172,109,147,https://www.facebook.com/1240372834788281/posts/1200384548787110
220634478361516_1200360345456197,2025-09-05,18:46,Video,21199,11002,4824.8,264,122,31,https://www.facebook.com/1240372834788281/videos/1110774614511048
220634478361516_1200347492124149,2025-09-05,18:25,Video,8937,3213,869.2,114,17,17,https://www.facebook.com/1240372834788281/videos/1104667044586208
220634478361516_1200259465466285,2025-09-05,16:08,Photo,174817,0,0,1828,101,96,https://www.facebook.com/1240372834788281/posts/1200259465466285
220634478361516_1200226342136264,2025-09-05,15:16,Photo,268424,0,0,4016,328,238,https://www.facebook.com/1240372834788281/posts/1200226342136264
220634478361516_1200108128814752,2025-09-05,12:01,Video,289106,156669,347440.2,3978,149,289,https://www.facebook.com/1240372834788281/videos/631666853338403
220634478361516_1200086642150234,2025-09-05,11:22,Photo,104163,0,0,674,77,32,https://www.facebook.com/1240372834788281/posts/1200086642150234
220634478361516_1200045425487689,2025-09-05,10:01,Video,57552,24762,17618.4,196,13,14,https://www.facebook.com/1240372834788281/videos/637390632749570
220634478361516_1199967935495438,2025-09-05,07:30,Video,23512,12437,13054.5,153,10,33,https://www.facebook.com/1240372834788281/videos/1307212881002518
220634478361516_1199742695517962,2025-09-04,23:33,Video,38501,20643,23357.3,464,20,43,https://www.facebook.com/1240372834788281/videos/2570258966699922
220634478361516_1199682275524004,2025-09-04,21:35,Video,79908,45501,31074.5,1334,148,660,https://www.facebook.com/1240372834788281/videos/1301635424682934
220634478361516_1199606355531596,2025-09-04,19:30,Video,11668,5617,2271.2,53,12,10,https://www.facebook.com/1240372834788281/videos/668899862893842
220634478361516_1199485515543680,2025-09-04,16:29,Photo,91691,0,0,474,127,27,https://www.facebook.com/1240372834788281/posts/1199485515543680
220634478361516_1199434742215424,2025-09-04,15:15,Photo,890297,0,0,4678,1083,91,https://www.facebook.com/1240372834788281/posts/1199434742215424
220634478361516_1199373075554924,2025-09-04,13:32,Photo,354660,0,0,1658,498,62,https://www.facebook.com/1240372834788281/posts/1199373075554924
220634478361516_1199369378888627,2025-09-04,13:28,Video,129901,72642,142351.0,1749,34,80,https://www.facebook.com/1240372834788281/videos/1495134451845646
220634478361516_1199272465564985,2025-09-04,10:29,Photo,136053,0,0,1269,1030,103,https://www.facebook.com/1240372834788281/posts/1199272465564985
220634478361516_1199258165566415,2025-09-04,10:01,Video,30109,14429,9014.2,330,374,20,https://www.facebook.com/1240372834788281/videos/1180035157231147
220634478361516_1199184985573733,2025-09-04,07:31,Video,387313,190800,199059.0,1618,768,133,https://www.facebook.com/1240372834788281/videos/24602482019368251
220634478361516_1198960452262853,2025-09-03,23:47,Photo,437272,0,0,8566,1683,328,https://www.facebook.com/1240372834788281/posts/1198960452262853
220634478361516_1198951822263716,2025-09-03,23:29,Photo,245277,0,0,923,759,145,https://www.facebook.com/1240372834788281/posts/1198951822263716
220634478361516_1198937132265185,2025-09-03,23:02,Video,99148,49484,67960.2,485,58,29,https://www.facebook.com/1240372834788281/videos/1156092413209756
220634478361516_1198902972268601,2025-09-03,22:01,Photo,326020,0,0,603,156,53,https://www.facebook.com/1240372834788281/posts/1198902972268601
220634478361516_1198752245617007,2025-09-03,17:59,Photo,137129,0,0,521,777,54,https://www.facebook.com/1240372834788281/posts/1198752245617007
220634478361516_1198655975626634,2025-09-03,15:37,Photo,235829,0,0,1319,586,40,https://www.facebook.com/1240372834788281/posts/1198655975626634
220634478361516_1198543238971241,2025-09-03,12:39,Photo,58941,0,0,94,34,6,https://www.facebook.com/1240372834788281/posts/1198543238971241
220634478361516_1198520512306847,2025-09-03,12:01,Video,21045,11994,9215.6,96,29,6,https://www.facebook.com/1240372834788281/videos/755284597108726
220634478361516_1198481575644074,2025-09-03,11:02,Photo,754285,0,0,5156,1746,863,https://www.facebook.com/1240372834788281/posts/1198481575644074
220634478361516_1198450135647218,2025-09-03,10:01,Video,36737,21839,13016.8,297,108,27,https://www.facebook.com/1240372834788281/videos/1941911099965131
220634478361516_1198444795647752,2025-09-03,09:51,Video,31141,16005,3650.1,366,578,63,https://www.facebook.com/1240372834788281/videos/1265171344930373
220634478361516_1198140345678197,2025-09-02,23:01,Video,37682,16174,19551.9,340,44,9,https://www.facebook.com/1240372834788281/videos/1836433653601842
220634478361516_1198117912347107,2025-09-02,22:18,Photo,293588,0,0,5845,339,181,https://www.facebook.com/1240372834788281/posts/1198117912347107
220634478361516_1197997832359115,2025-09-02,18:54,Video,12783,6038,3953.2,74,12,9,https://www.facebook.com/1240372834788281/videos/1111646600907570
220634478361516_1197965229029042,2025-09-02,18:11,Photo,100380,0,0,1971,182,67,https://www.facebook.com/1240372834788281/posts/1197965229029042
220634478361516_1197932989032266,2025-09-02,17:30,Video,11423,5317,1688.8,51,3,7,https://www.facebook.com/1240372834788281/videos/1345492760467585
220634478361516_1197848435707388,2025-09-02,15:32,Photo,263261,0,0,1942,562,283,https://www.facebook.com/1240372834788281/posts/1197848435707388
220634478361516_1197773515714880,2025-09-02,13:40,Photo,365792,0,0,1249,464,137,https://www.facebook.com/1240372834788281/posts/1197773515714880
220634478361516_1197716999053865,2025-09-02,12:01,Video,24941,12861,9754.5,353,136,19,https://www.facebook.com/1240372834788281/videos/24561059033532536
220634478361516_1197655215726710,2025-09-02,10:01,Video,146049,85509,57083.8,726,110,42,https://www.facebook.com/1240372834788281/videos/1150409980357205
220634478361516_1197643655727866,2025-09-02,09:38,Photo,94088,0,0,169,51,20,https://www.facebook.com/1240372834788281/posts/1197643655727866
220634478361516_1197581959067369,2025-09-02,07:30,Video,26276,13206,23217.5,287,135,38,https://www.facebook.com/1240372834788281/videos/24745319105151654
220634478361516_1197323352426563,2025-09-01,21:57,Photo,797635,0,0,10000,2208,911,https://www.facebook.com/1240372834788281/posts/1197323352426563
220634478361516_1197312139094351,2025-09-01,21:36,Video,23974,11145,8636.3,234,123,27,https://www.facebook.com/1240372834788281/videos/769447315465236
220634478361516_1197170782441820,2025-09-01,17:47,Photo,608864,0,0,10959,480,194,https://www.facebook.com/1240372834788281/posts/1197170782441820
220634478361516_1197148569110708,2025-09-01,17:12,Photo,355294,0,0,3835,152,221,https://www.facebook.com/1240372834788281/posts/1197148569110708
220634478361516_1197115605780671,2025-09-01,16:23,Photo,691145,0,0,20981,1671,675,https://www.facebook.com/1240372834788281/posts/1197115605780671
220634478361516_1197112662447632,2025-09-01,16:19,Photo,257501,0,0,354,109,19,https://www.facebook.com/1240372834788281/posts/1197112662447632
220634478361516_1197102462448652,2025-09-01,16:03,Photo,219009,0,0,5996,945,203,https://www.facebook.com/1240372834788281/posts/1197102462448652
220634478361516_1197051495787082,2025-09-01,14:47,Photo,90544,0,0,378,399,34,https://www.facebook.com/1240372834788281/posts/1197051495787082
220634478361516_1197035212455377,2025-09-01,14:22,Video,8523,2981,2091.1,81,2,8,https://www.facebook.com/1240372834788281/videos/1956512878502214
220634478361516_1197020679123497,2025-09-01,14:02,Video,12297,5699,3282.8,84,11,7,https://www.facebook.com/1240372834788281/videos/1143987187625203
220634478361516_1196993415792890,2025-09-01,13:17,Photo,182969,0,0,614,259,47,https://www.facebook.com/1240372834788281/posts/1196993415792890
220634478361516_1196987149126850,2025-09-01,13:06,Photo,278174,0,0,2112,1578,391,https://www.facebook.com/1240372834788281/posts/1196987149126850
220634478361516_1196948315797400,2025-09-01,12:02,Video,14210,6903,4116.2,63,14,5,https://www.facebook.com/1240372834788281/videos/1901091547455697
220634478361516_1196916692467229,2025-09-01,11:02,Photo,118264,0,0,180,39,8,https://www.facebook.com/1240372834788281/posts/1196916692467229
220634478361516_1196882622470636,2025-09-01,10:00,Video,64088,35049,41972.6,565,77,24,https://www.facebook.com/1240372834788281/videos/1962073304546706
220634478361516_1196809342477964,2025-09-01,07:30,Video,8363,3981,1535.6,60,3,6,https://www.facebook.com/1240372834788281/videos/3072619482919270
220634478361516_1196510489174516,2025-08-31,21:20,Video,42059,20992,38793.1,336,20,18,https://www.facebook.com/1240372834788281/videos/1553405929400075
220634478361516_1196471659178399,2025-08-31,20:17,Photo,39703,0,0,552,33,9,https://www.facebook.com/1240372834788281/posts/1196471659178399
220634478361516_1196359905856241,2025-08-31,17:51,Photo,197716,0,0,575,214,37,https://www.facebook.com/1240372834788281/posts/1196359905856241
220634478361516_1196328682526030,2025-08-31,17:12,Video,440994,217344,716261.8,8187,309,1303,https://www.facebook.com/1240372834788281/videos/749590897885093
220634478361516_1196281109197454,2025-08-31,16:04,Photo,207998,0,0,2081,368,53,https://www.facebook.com/1240372834788281/posts/1196281109197454
220634478361516_1196261822532716,2025-08-31,15:31,Photo,106050,0,0,133,86,5,https://www.facebook.com/1240372834788281/posts/1196261822532716
220634478361516_1196241092534789,2025-08-31,14:58,Photo,68277,0,0,119,66,7,https://www.facebook.com/1240372834788281/posts/1196241092534789
220634478361516_1196219355870296,2025-08-31,14:26,Video,14411,7719,4259.9,117,8,10,https://www.facebook.com/1240372834788281/videos/1481990986272363
220634478361516_1196133599212205,2025-08-31,12:07,Video,84192,45824,46722.9,478,33,25,https://www.facebook.com/1240372834788281/videos/1520945685745211
220634478361516_1196129712545927,2025-08-31,12:00,Video,47136,24604,42367.3,233,36,37,https://www.facebook.com/1240372834788281/videos/1997838617692060
220634478361516_1196057692553129,2025-08-31,10:01,Video,42162,21544,23980.6,303,24,19,https://www.facebook.com/1240372834788281/videos/1081235510877885
220634478361516_1196044832554415,2025-08-31,09:38,Photo,124445,0,0,594,395,35,https://www.facebook.com/1240372834788281/posts/1196044832554415
220634478361516_1196017379223827,2025-08-31,08:56,Photo,81246,0,0,176,47,16,https://www.facebook.com/1240372834788281/posts/1196017379223827
220634478361516_1196006279224937,2025-08-31,08:35,Photo,94850,0,0,1050,62,228,https://www.facebook.com/1240372834788281/posts/1196006279224937
220634478361516_1195971539228411,2025-08-31,07:30,Video,116726,66071,75297.3,1155,36,48,https://www.facebook.com/1240372834788281/videos/1409173226835136
220634478361516_1195939692564929,2025-08-31,06:30,Video,11785,5598,4653.4,65,6,12,https://www.facebook.com/1240372834788281/videos/1418569762555883
220634478361516_1195719155920316,2025-08-30,22:24,Photo,169858,0,0,3822,412,118,https://www.facebook.com/1240372834788281/posts/1195719155920316
220634478361516_1195700552588843,2025-08-30,21:49,Video,22469,10639,5566.7,293,25,18,https://www.facebook.com/1240372834788281/videos/1475205020571289
220634478361516_1195684709257094,2025-08-30,21:18,Photo,77275,0,0,1222,180,37,https://www.facebook.com/1240372834788281/posts/1195684709257094
220634478361516_1195629722595926,2025-08-30,19:45,Photo,278954,0,0,935,200,28,https://www.facebook.com/1240372834788281/posts/1195629722595926
220634478361516_1195622295930002,2025-08-30,19:34,Photo,85236,0,0,250,28,32,https://www.facebook.com/1240372834788281/posts/1195622295930002
220634478361516_1195591979266367,2025-08-30,18:48,Photo,1227989,0,0,14361,7242,1552,https://www.facebook.com/1240372834788281/posts/1195591979266367
220634478361516_1195534219272143,2025-08-30,17:19,Photo,138471,0,0,1336,202,23,https://www.facebook.com/1240372834788281/posts/1195534219272143
220634478361516_1195195819305983,2025-08-30,07:31,Video,287012,158758,250407.7,6808,116,482,https://www.facebook.com/1240372834788281/videos/1203737878223126
220634478361516_1194870932671805,2025-08-29,20:58,Photo,433083,0,0,16120,781,1279,https://www.facebook.com/1240372834788281/posts/1194870932671805
220634478361516_1194788762680022,2025-08-29,18:39,Photo,221883,0,0,3693,500,176,https://www.facebook.com/1240372834788281/posts/1194788762680022
220634478361516_1194742922684606,2025-08-29,17:29,Photo,102879,0,0,485,46,20,https://www.facebook.com/1240372834788281/posts/1194742922684606
220634478361516_1194714486020783,2025-08-29,16:48,Photo,724176,0,0,10000,806,543,https://www.facebook.com/1240372834788281/posts/1194714486020783
220634478361516_1194705262688372,2025-08-29,16:36,Video,14701,6891,1981.5,214,58,40,https://www.facebook.com/1240372834788281/videos/1939022616877376
220634478361516_1194687729356792,2025-08-29,16:20,Video,108103,55823,47582.8,2068,74,117,https://www.facebook.com/1240372834788281/videos/4259681460939244
220634478361516_1194668046025427,2025-08-29,15:46,Photo,364983,0,0,1356,1134,83,https://www.facebook.com/1240372834788281/posts/1194668046025427
220634478361516_1194566162702282,2025-08-29,13:08,Photo,127400,0,0,2176,243,52,https://www.facebook.com/1240372834788281/posts/1194566162702282
220634478361516_1194527032706195,2025-08-29,12:01,Video,33015,16526,12621.5,310,82,31,https://www.facebook.com/1240372834788281/videos/806697118447830
220634478361516_1194487176043514,2025-08-29,10:49,Photo,113406,0,0,1981,668,85,https://www.facebook.com/1240372834788281/posts/1194487176043514
220634478361516_1194463319379233,2025-08-29,10:02,Video,81978,37688,22311.8,387,67,12,https://www.facebook.com/1240372834788281/videos/1446002399783402
220634478361516_1194390126053219,2025-08-29,07:30,Video,119845,60475,114949.8,2363,59,97,https://www.facebook.com/1240372834788281/videos/708772155502122
220634478361516_1194111282747770,2025-08-28,21:36,Video,289914,134513,166892.1,3234,124,221,https://www.facebook.com/1240372834788281/videos/2748768975313718
220634478361516_1193941139431451,2025-08-28,17:07,Photo,87717,0,0,624,60,37,https://www.facebook.com/1240372834788281/posts/1193941139431451
220634478361516_1193878119437753,2025-08-28,15:27,Photo,144614,0,0,1602,498,36,https://www.facebook.com/1240372834788281/posts/1193878119437753
220634478361516_1193816142777284,2025-08-28,13:49,Video,22264,10892,16245.2,514,20,37,https://www.facebook.com/1240372834788281/videos/803958092061036
220634478361516_1193761442782754,2025-08-28,12:08,Photo,171726,0,0,1104,1803,156,https://www.facebook.com/1240372834788281/posts/1193761442782754
220634478361516_1193757196116512,2025-08-28,12:02,Video,130495,69395,114638.2,2001,311,90,https://www.facebook.com/1240372834788281/videos/4098089217175973
220634478361516_1193694396122792,2025-08-28,10:01,Video,221954,119282,135329.0,1084,108,124,https://www.facebook.com/1240372834788281/videos/2589519758053323
220634478361516_1193668756125356,2025-08-28,09:08,Photo,209537,0,0,3329,472,87,https://www.facebook.com/1240372834788281/posts/1193668756125356
220634478361516_1193620852796813,2025-08-28,07:31,Video,18094,9861,7916.5,113,21,3,https://www.facebook.com/1240372834788281/videos/1351897719993004
220634478361516_1193347709490794,2025-08-27,21:43,Video,121652,62788,54131.1,763,114,122,https://www.facebook.com/1240372834788281/videos/797830309474684
220634478361516_1193345789490986,2025-08-27,21:39,Video,115006,63150,24866.7,5493,583,933,https://www.facebook.com/1240372834788281/videos/1107227657532600
220634478361516_1193313619494203,2025-08-27,20:40,Photo,336320,0,0,467,302,27,https://www.facebook.com/1240372834788281/posts/1193313619494203
220634478361516_1192974212861477,2025-08-27,12:14,Photo,104019,0,0,225,33,19,https://www.facebook.com/1240372834788281/posts/1192974212861477
220634478361516_1192966102862288,2025-08-27,12:01,Video,66811,36847,34849.4,1199,29,97,https://www.facebook.com/1240372834788281/videos/1975693526578239
220634478361516_1192891886203043,2025-08-27,10:01,Video,51613,29042,23776.0,672,435,82,https://www.facebook.com/1240372834788281/videos/1447962542993020
220634478361516_1192810279544537,2025-08-27,07:30,Video,63653,34404,71356.3,376,29,20,https://www.facebook.com/1240372834788281/videos/1299197791951521
220634478361516_1192635379562027,2025-08-27,01:54,Photo,262369,0,0,1660,504,67,https://www.facebook.com/1240372834788281/posts/1192635379562027
220634478361516_1192508852908013,2025-08-26,22:09,Video,155425,64291,127934.0,2120,81,328,https://www.facebook.com/1240372834788281/videos/744527341908769
220634478361516_1192490246243207,2025-08-26,21:41,Photo,313959,0,0,2102,1283,64,https://www.facebook.com/1240372834788281/posts/1192490246243207
220634478361516_1192441152914783,2025-08-26,20:32,Photo,73305,0,0,193,34,6,https://www.facebook.com/1240372834788281/posts/1192441152914783
220634478361516_1192384169587148,2025-08-26,19:07,Photo,199472,0,0,1506,522,68,https://www.facebook.com/1240372834788281/posts/1192384169587148
220634478361516_1192336422925256,2025-08-26,18:03,Photo,107193,0,0,402,137,47,https://www.facebook.com/1240372834788281/posts/1192336422925256
220634478361516_1192099712948927,2025-08-26,12:17,Photo,157603,0,0,1480,584,99,https://www.facebook.com/1240372834788281/posts/1192099712948927
220634478361516_1192020126290219,2025-08-26,10:00,Video,31278,16454,13649.7,223,50,25,https://www.facebook.com/1240372834788281/videos/1976143563207007
220634478361516_1191937986298433,2025-08-26,07:30,Video,156668,70775,110500.6,578,126,21,https://www.facebook.com/1240372834788281/videos/1984221412390597
220634478361516_1191505466341685,2025-08-25,19:00,Photo,103600,0,0,362,164,16,https://www.facebook.com/1240372834788281/posts/1191505466341685
220634478361516_1191462819679283,2025-08-25,18:09,Photo,217947,0,0,1225,118,52,https://www.facebook.com/1240372834788281/posts/1191462819679283
220634478361516_1191310596361172,2025-08-25,14:38,Photo,372779,0,0,1003,836,29,https://www.facebook.com/1240372834788281/posts/1191310596361172
220634478361516_1191275806364651,2025-08-25,13:46,Photo,190668,0,0,495,354,32,https://www.facebook.com/1240372834788281/posts/1191275806364651
220634478361516_1191212743037624,2025-08-25,12:01,Video,92387,52561,43707.8,1040,182,127,https://www.facebook.com/1240372834788281/videos/675017958216010
220634478361516_1191205133038385,2025-08-25,11:49,Photo,825979,0,0,1419,589,146,https://www.facebook.com/1240372834788281/posts/1191205133038385
220634478361516_1191143209711244,2025-08-25,10:01,Video,32390,15296,11924.5,366,44,14,https://www.facebook.com/1240372834788281/videos/698792899843206
220634478361516_1191062893052609,2025-08-25,07:31,Video,167692,103297,119364.1,682,44,33,https://www.facebook.com/1240372834788281/videos/739270895641656
220634478361516_1190768386415393,2025-08-24,22:08,Video,34955,18360,15511.1,316,87,26,https://www.facebook.com/1240372834788281/videos/2538163109881066
220634478361516_1190748576417374,2025-08-24,21:37,Video,358441,200938,194466.9,2094,292,121,https://www.facebook.com/1240372834788281/videos/1143667827576970
220634478361516_1190660853092813,2025-08-24,19:37,Photo,98572,0,0,261,153,36,https://www.facebook.com/1240372834788281/posts/1190660853092813
220634478361516_1190507383108160,2025-08-24,16:50,Photo,167023,0,0,305,203,15,https://www.facebook.com/1240372834788281/posts/1190507383108160
220634478361516_1190488699776695,2025-08-24,16:26,Photo,79731,0,0,455,61,16,https://www.facebook.com/1240372834788281/posts/1190488699776695
220634478361516_1190320786460153,2025-08-24,12:17,Photo,90086,0,0,245,113,40,https://www.facebook.com/1240372834788281/posts/1190320786460153
220634478361516_1190311019794463,2025-08-24,12:01,Video,41183,23153,17318.3,700,96,28,https://www.facebook.com/1240372834788281/videos/1346826536865966
220634478361516_1190240419801523,2025-08-24,10:05,Photo,309447,0,0,577,193,16,https://www.facebook.com/1240372834788281/posts/1190240419801523
220634478361516_1190237916468440,2025-08-24,10:01,Video,38861,20826,14341.4,235,54,24,https://www.facebook.com/1240372834788281/videos/1273810484233694
220634478361516_1190209159804649,2025-08-24,09:12,Photo,104999,0,0,692,81,27,https://www.facebook.com/1240372834788281/posts/1190209159804649
220634478361516_1190194366472795,2025-08-24,08:47,Photo,188138,0,0,258,61,12,https://www.facebook.com/1240372834788281/posts/1190194366472795
220634478361516_1190184616473770,2025-08-24,08:31,Video,36034,17824,5277.7,360,149,28,https://www.facebook.com/1240372834788281/videos/1443679053601752
220634478361516_1190147709810794,2025-08-24,07:30,Video,37762,21124,14609.4,310,31,21,https://www.facebook.com/1240372834788281/videos/1754870485174295
220634478361516_1189827396509492,2025-08-23,21:49,Video,863800,401011,1053494.9,19777,1053,3585,https://www.facebook.com/1240372834788281/videos/1644390146239877
220634478361516_1189601816532050,2025-08-23,16:27,Photo,116599,0,0,989,111,28,https://www.facebook.com/1240372834788281/posts/1189601816532050
220634478361516_1189434783215420,2025-08-23,12:01,Video,262561,129537,144573.6,1658,206,62,https://www.facebook.com/1240372834788281/videos/753808794032577
220634478361516_1189411286551103,2025-08-23,11:17,Photo,242451,0,0,1852,349,149,https://www.facebook.com/1240372834788281/posts/1189411286551103
220634478361516_1189368429888722,2025-08-23,10:02,Video,33673,20206,17059.0,503,22,33,https://www.facebook.com/1240372834788281/videos/1280499743230709
220634478361516_1189289363229962,2025-08-23,07:31,Video,151887,88884,140407.9,1949,146,147,https://www.facebook.com/1240372834788281/videos/3825578171074117
220634478361516_1189022616589970,2025-08-22,23:12,Video,36584,19621,28380.8,255,214,17,https://www.facebook.com/1240372834788281/videos/1264959118173829
220634478361516_1188991753259723,2025-08-22,22:14,Photo,192091,0,0,679,202,38,https://www.facebook.com/1240372834788281/posts/1188991753259723
220634478361516_1188929353265963,2025-08-22,20:33,Video,46930,22834,9884.5,336,94,14,https://www.facebook.com/1240372834788281/videos/4178969035713539
220634478361516_1188868033272095,2025-08-22,19:08,Video,16662,7631,2227.8,428,29,22,https://www.facebook.com/1240372834788281/videos/599704713224887
220634478361516_1188845826607649,2025-08-22,18:36,Video,15919,7729,2808.8,138,47,26,https://www.facebook.com/1240372834788281/videos/1506693753840487
220634478361516_1188612003297698,2025-08-22,13:06,Photo,374911,0,0,7853,592,435,https://www.facebook.com/1240372834788281/posts/1188612003297698
220634478361516_1188582106634021,2025-08-22,12:16,Photo,121580,0,0,515,561,13,https://www.facebook.com/1240372834788281/posts/1188582106634021
220634478361516_1188570123301886,2025-08-22,12:00,Video,14230,5231,2052.2,38,10,4,https://www.facebook.com/1240372834788281/videos/825679089783716
220634478361516_1188501269975438,2025-08-22,10:01,Video,22825,12380,8303.6,806,39,30,https://www.facebook.com/1240372834788281/videos/1457780998763792
220634478361516_1188493176642914,2025-08-22,09:47,Video,41873,22421,30862.2,384,39,56,https://www.facebook.com/1240372834788281/videos/1348295336908086
220634478361516_1188475363311362,2025-08-22,09:14,Photo,411083,0,0,5111,672,112,https://www.facebook.com/1240372834788281/posts/1188475363311362
220634478361516_1188419429983622,2025-08-22,07:30,Video,316562,153060,156918.1,8197,328,585,https://www.facebook.com/1240372834788281/videos/1490579065273169
220634478361516_1188166510008914,2025-08-21,23:12,Video,98889,51692,39257.9,415,181,21,https://www.facebook.com/1240372834788281/videos/4042425659351394
220634478361516_1188144063344492,2025-08-21,22:31,Photo,365202,0,0,540,109,8,https://www.facebook.com/1240372834788281/posts/1188144063344492
220634478361516_1188066090018956,2025-08-21,20:25,Photo,209476,0,0,1461,1229,104,https://www.facebook.com/1240372834788281/posts/1188066090018956
220634478361516_1187752280050337,2025-08-21,13:13,Photo,153025,0,0,446,52,15,https://www.facebook.com/1240372834788281/posts/1187752280050337
220634478361516_1187735880051977,2025-08-21,12:49,Photo,847593,0,0,4303,324,1069,https://www.facebook.com/1240372834788281/posts/1187735880051977
220634478361516_1187708333388065,2025-08-21,12:01,Video,10921,4673,1816.8,75,19,18,https://www.facebook.com/1240372834788281/videos/3043690032466454
220634478361516_1187702263388672,2025-08-21,11:56,Video,121392,50094,22334.8,746,130,17,https://www.facebook.com/1240372834788281/videos/644281214923223
220634478361516_1187639113394987,2025-08-21,10:01,Video,112388,58343,74620.6,1231,110,134,https://www.facebook.com/1240372834788281/videos/4290423224510535
220634478361516_1187610590064506,2025-08-21,09:07,Photo,193850,0,0,572,555,92,https://www.facebook.com/1240372834788281/posts/1187610590064506
220634478361516_1187559120069653,2025-08-21,07:30,Video,66620,38138,29903.9,367,83,75,https://www.facebook.com/1240372834788281/videos/1080458147552284
220634478361516_1187285150097050,2025-08-20,22:46,Photo,389943,0,0,2816,3508,639,https://www.facebook.com/1240372834788281/posts/1187285150097050
220634478361516_1187241946768037,2025-08-20,21:30,Video,60204,32681,36421.1,684,59,38,https://www.facebook.com/1240372834788281/videos/1069034185435089
220634478361516_1187232376768994,2025-08-20,21:14,Photo,126958,0,0,478,274,18,https://www.facebook.com/1240372834788281/posts/1187232376768994
220634478361516_1187195100106055,2025-08-20,20:16,Photo,166754,0,0,1084,1068,48,https://www.facebook.com/1240372834788281/posts/1187195100106055
220634478361516_1187112153447683,2025-08-20,18:17,Photo,842223,0,0,10000,1696,545,https://www.facebook.com/1240372834788281/posts/1187112153447683
220634478361516_1186994253459473,2025-08-20,15:29,Photo,566645,0,0,1086,1024,94,https://www.facebook.com/1240372834788281/posts/1186994253459473
220634478361516_1186874163471482,2025-08-20,12:15,Photo,216492,0,0,1990,506,121,https://www.facebook.com/1240372834788281/posts/1186874163471482
220634478361516_1186865466805685,2025-08-20,12:00,Video,90299,41617,108577.7,451,26,15,https://www.facebook.com/1240372834788281/videos/771406941952933
220634478361516_1186861130139452,2025-08-20,11:52,Photo,79874,0,0,193,81,17,https://www.facebook.com/1240372834788281/posts/1186861130139452
220634478361516_1186800850145480,2025-08-20,10:08,Photo,173370,0,0,720,428,85,https://www.facebook.com/1240372834788281/posts/1186800850145480
220634478361516_1186797390145826,2025-08-20,10:01,Video,92641,53267,75444.2,1139,75,122,https://www.facebook.com/1240372834788281/videos/751925034238061
220634478361516_1186785143480384,2025-08-20,09:38,Photo,29250,0,0,54,21,6,https://www.facebook.com/1240372834788281/posts/1186785143480384
220634478361516_1186754600150105,2025-08-20,08:42,Photo,176841,0,0,938,540,54,https://www.facebook.com/1240372834788281/posts/1186754600150105
220634478361516_1186715116820720,2025-08-20,07:31,Video,46927,23290,13174.7,1013,52,293,https://www.facebook.com/1240372834788281/videos/2210954572705902
220634478361516_1186119943546904,2025-08-19,14:58,Photo,133323,0,0,492,416,49,https://www.facebook.com/1240372834788281/posts/1186119943546904
220634478361516_1186064126885819,2025-08-19,13:36,Video,22100,10528,7539.0,99,16,9,https://www.facebook.com/1240372834788281/videos/642228571781966
220634478361516_1186004993558399,2025-08-19,11:51,Photo,328200,0,0,1532,527,177,https://www.facebook.com/1240372834788281/posts/1186004993558399
220634478361516_1185946336897598,2025-08-19,10:01,Video,173486,93004,63920.6,1415,137,37,https://www.facebook.com/1240372834788281/videos/4287545331522252
220634478361516_1185870260238539,2025-08-19,07:31,Video,168454,101904,60034.8,896,39,25,https://www.facebook.com/1240372834788281/videos/731597153018849
220634478361516_1185580506934181,2025-08-18,21:52,Photo,96015,0,0,264,51,12,https://www.facebook.com/1240372834788281/posts/1185580506934181
220634478361516_1185563166935915,2025-08-18,21:24,Video,100514,58893,44390.1,393,68,28,https://www.facebook.com/1240372834788281/videos/4126184544322822
220634478361516_1185423580283207,2025-08-18,18:02,Photo,225513,0,0,510,568,28,https://www.facebook.com/1240372834788281/posts/1185423580283207
220634478361516_1185364830289082,2025-08-18,16:39,Photo,105920,0,0,788,278,38,https://www.facebook.com/1240372834788281/posts/1185364830289082
220634478361516_1185306296961602,2025-08-18,15:16,Photo,187034,0,0,2182,801,80,https://www.facebook.com/1240372834788281/posts/1185306296961602
220634478361516_1185253333633565,2025-08-18,13:53,Photo,168717,0,0,1031,1165,84,https://www.facebook.com/1240372834788281/posts/1185253333633565
220634478361516_1185176046974627,2025-08-18,11:46,Photo,195827,0,0,507,142,27,https://www.facebook.com/1240372834788281/posts/1185176046974627
220634478361516_1185118903647008,2025-08-18,10:01,Video,16771,7813,5008.0,128,9,10,https://www.facebook.com/1240372834788281/videos/1076381807972505
220634478361516_1185037260321839,2025-08-18,07:30,Video,181484,99926,132988.0,1258,237,125,https://www.facebook.com/1240372834788281/videos/2305080933239747
220634478361516_1184809527011279,2025-08-17,23:49,Video,145732,85241,87934.8,1688,232,824,https://www.facebook.com/1240372834788281/videos/1104841137726347
220634478361516_1184703630355202,2025-08-17,20:46,Video,9184,3010,956.1,169,72,7,https://www.facebook.com/1240372834788281/videos/1415493222849946
220634478361516_1184460747046157,2025-08-17,15:43,Photo,123960,0,0,485,170,19,https://www.facebook.com/1240372834788281/posts/1184460747046157
220634478361516_1184393323719566,2025-08-17,14:08,Photo,142953,0,0,706,155,7,https://www.facebook.com/1240372834788281/posts/1184393323719566
220634478361516_1184339347058297,2025-08-17,12:43,Photo,163867,0,0,496,44,11,https://www.facebook.com/1240372834788281/posts/1184339347058297
220634478361516_1184276727064559,2025-08-17,11:00,Photo,181075,0,0,630,278,53,https://www.facebook.com/1240372834788281/posts/1184276727064559
220634478361516_1184247583734140,2025-08-17,10:11,Photo,108141,0,0,841,691,48,https://www.facebook.com/1240372834788281/posts/1184247583734140
220634478361516_1184027017089530,2025-08-17,07:30,Video,574527,338249,432789.7,9978,269,500,https://www.facebook.com/1240372834788281/videos/24714681121504413
220634478361516_1183857853773113,2025-08-16,22:05,Photo,174299,0,0,268,27,18,https://www.facebook.com/1240372834788281/posts/1183857853773113
220634478361516_1183837033775195,2025-08-16,21:30,Video,116842,61168,118111.4,3248,226,1304,https://www.facebook.com/1240372834788281/videos/1531482051251084
220634478361516_1183811520444413,2025-08-16,20:48,Photo,275967,0,0,774,517,45,https://www.facebook.com/1240372834788281/posts/1183811520444413
220634478361516_1183782383780660,2025-08-16,20:08,Photo,237562,0,0,3140,438,57,https://www.facebook.com/1240372834788281/posts/1183782383780660
220634478361516_1183528967139335,2025-08-16,14:01,Video,85409,45020,58682.4,403,236,7,https://www.facebook.com/1240372834788281/videos/748947954724232
220634478361516_1183456467146585,2025-08-16,12:01,Video,38157,18966,20377.5,229,38,37,https://www.facebook.com/1240372834788281/videos/1207720481021581
220634478361516_1183455327146699,2025-08-16,11:59,Photo,99879,0,0,183,51,5,https://www.facebook.com/1240372834788281/posts/1183455327146699
220634478361516_1183397703819128,2025-08-16,10:20,Photo,467343,0,0,1420,222,28,https://www.facebook.com/1240372834788281/posts/1183397703819128
220634478361516_1183383057153926,2025-08-16,10:01,Video,69766,34140,63399.4,560,36,39,https://www.facebook.com/1240372834788281/videos/786398293960687
220634478361516_1183296043829294,2025-08-16,07:30,Video,159656,91225,203073.0,1521,57,68,https://www.facebook.com/1240372834788281/videos/1524922478471689
220634478361516_1183135533845345,2025-08-16,03:00,Photo,109613,0,0,184,76,10,https://www.facebook.com/1240372834788281/posts/1183135533845345
220634478361516_1182956677196564,2025-08-15,21:25,Photo,79055,0,0,163,44,7,https://www.facebook.com/1240372834788281/posts/1182956677196564
220634478361516_1182909243867974,2025-08-15,20:15,Video,11968,5087,2236.0,95,28,8,https://www.facebook.com/1240372834788281/videos/749052924555771
220634478361516_1182865257205706,2025-08-15,19:09,Video,22333,9990,2735.3,296,71,14,https://www.facebook.com/1240372834788281/videos/782147624495938
220634478361516_1182734087218823,2025-08-15,16:15,Photo,197265,0,0,2705,378,166,https://www.facebook.com/1240372834788281/posts/1182734087218823
220634478361516_1182462590579306,2025-08-15,09:01,Video,136950,73373,146463.4,2233,56,68,https://www.facebook.com/1240372834788281/videos/4063108337341878
220634478361516_1182436820581883,2025-08-15,08:17,Photo,297338,0,0,4076,295,237,https://www.facebook.com/1240372834788281/posts/1182436820581883
220634478361516_1182082327283999,2025-08-14,22:02,Photo,125355,0,0,113,68,10,https://www.facebook.com/1240372834788281/posts/1182082327283999
220634478361516_1182062480619317,2025-08-14,21:31,Video,275495,153764,115097.1,1557,203,139,https://www.facebook.com/1240372834788281/videos/2002810827213560
220634478361516_1182030437289188,2025-08-14,20:41,Photo,180738,0,0,758,98,18,https://www.facebook.com/1240372834788281/posts/1182030437289188
220634478361516_1181855090640056,2025-08-14,16:45,Photo,275280,0,0,1621,685,78,https://www.facebook.com/1240372834788281/posts/1181855090640056
220634478361516_1181665860658979,2025-08-14,12:15,Photo,254216,0,0,1605,521,194,https://www.facebook.com/1240372834788281/posts/1181665860658979
220634478361516_1181657883993110,2025-08-14,12:01,Video,68338,37326,27356.1,489,28,25,https://www.facebook.com/1240372834788281/videos/1018331860223697
220634478361516_1181630660662499,2025-08-14,11:15,Photo,259119,0,0,1821,416,140,https://www.facebook.com/1240372834788281/posts/1181630660662499
220634478361516_1181591333999765,2025-08-14,10:01,Video,27890,14233,6350.0,107,70,12,https://www.facebook.com/1240372834788281/videos/1235457161688773
220634478361516_1181514107340821,2025-08-14,07:30,Video,227865,108559,216850.7,4631,438,405,https://www.facebook.com/1240372834788281/videos/1260015071973936
220634478361516_1181237647368467,2025-08-13,22:31,Video,15566,6238,4096.6,142,29,15,https://www.facebook.com/1240372834788281/videos/763886629332160
220634478361516_1181039890721576,2025-08-13,17:14,Photo,83898,0,0,264,62,32,https://www.facebook.com/1240372834788281/posts/1181039890721576
220634478361516_1181008084058090,2025-08-13,16:28,Photo,100008,0,0,210,137,10,https://www.facebook.com/1240372834788281/posts/1181008084058090
220634478361516_1180907690734796,2025-08-13,13:44,Photo,247161,0,0,798,504,44,https://www.facebook.com/1240372834788281/posts/1180907690734796
220634478361516_1180892104069688,2025-08-13,13:18,Video,85139,40081,26545.4,2812,145,221,https://www.facebook.com/1240372834788281/videos/1801883587066032
220634478361516_1180879200737645,2025-08-13,12:54,Photo,174609,0,0,311,168,29,https://www.facebook.com/1240372834788281/posts/1180879200737645
220634478361516_1180873974071501,2025-08-13,12:45,Photo,265207,0,0,2642,2404,177,https://www.facebook.com/1240372834788281/posts/1180873974071501
220634478361516_1180850174073881,2025-08-13,12:00,Video,51478,28967,29951.0,248,52,26,https://www.facebook.com/1240372834788281/videos/1340640301399940
220634478361516_1180821660743399,2025-08-13,11:07,Video,509055,260735,119719.4,10000,500,456,https://www.facebook.com/1240372834788281/videos/798077696029472
220634478361516_1180818357410396,2025-08-13,11:00,Photo,293373,0,0,1509,635,214,https://www.facebook.com/1240372834788281/posts/1180818357410396
220634478361516_1180786670746898,2025-08-13,10:00,Video,137929,88568,54617.1,1412,157,105,https://www.facebook.com/1240372834788281/videos/775600581494947
220634478361516_1180782480747317,2025-08-13,09:52,Photo,59172,0,0,245,214,23,https://www.facebook.com/1240372834788281/posts/1180782480747317
220634478361516_1180759637416268,2025-08-13,09:05,Video,125299,44357,9630.8,862,992,138,https://www.facebook.com/1240372834788281/videos/657427380057173
220634478361516_1180752490750316,2025-08-13,08:51,Photo,141723,0,0,940,976,60,https://www.facebook.com/1240372834788281/posts/1180752490750316
220634478361516_1180712427420989,2025-08-13,07:30,Video,169613,99071,179126.2,3536,61,168,https://www.facebook.com/1240372834788281/videos/1324702239046305
220634478361516_1180470574111841,2025-08-12,23:14,Photo,135099,0,0,871,91,16,https://www.facebook.com/1240372834788281/posts/1180470574111841
220634478361516_1180449147447317,2025-08-12,22:34,Video,50958,22327,14381.2,180,43,24,https://www.facebook.com/1240372834788281/videos/4089408837944404
220634478361516_1180328744126024,2025-08-12,19:21,Photo,363449,0,0,4556,2636,445,https://www.facebook.com/1240372834788281/posts/1180328744126024
220634478361516_1180252614133637,2025-08-12,17:34,Photo,121487,0,0,370,134,13,https://www.facebook.com/1240372834788281/posts/1180252614133637
220634478361516_1180228934136005,2025-08-12,17:00,Photo,150676,0,0,603,19,22,https://www.facebook.com/1240372834788281/posts/1180228934136005
220634478361516_1180123587479873,2025-08-12,14:29,Photo,190113,0,0,2414,412,393,https://www.facebook.com/1240372834788281/posts/1180123587479873
220634478361516_1180034640822101,2025-08-12,12:01,Video,122350,65706,37015.3,978,224,33,https://www.facebook.com/1240372834788281/videos/1289905552522531
220634478361516_1179972824161616,2025-08-12,10:08,Photo,386361,0,0,3341,604,243,https://www.facebook.com/1240372834788281/posts/1179972824161616
220634478361516_1179969227495309,2025-08-12,10:01,Video,12813,5186,5089.8,87,7,19,https://www.facebook.com/1240372834788281/videos/1871583763424677
220634478361516_1179889684169930,2025-08-12,07:30,Video,22457,11134,5170.4,101,97,13,https://www.facebook.com/1240372834788281/videos/1126178106038388
220634478361516_1179598034199095,2025-08-11,21:57,Photo,302075,0,0,955,552,34,https://www.facebook.com/1240372834788281/posts/1179598034199095
220634478361516_1179582127534019,2025-08-11,21:30,Video,70330,42173,39798.9,1247,347,37,https://www.facebook.com/1240372834788281/videos/746567201608691
220634478361516_1179357577556474,2025-08-11,15:57,Video,101922,57431,88129.7,470,71,16,https://www.facebook.com/1240372834788281/videos/788014530491584
220634478361516_1179225614236337,2025-08-11,12:28,Photo,166183,0,0,523,378,30,https://www.facebook.com/1240372834788281/posts/1179225614236337
220634478361516_1179210184237880,2025-08-11,12:01,Video,20451,8964,4445.9,208,39,50,https://www.facebook.com/1240372834788281/videos/1531579201156188
220634478361516_1179148254244073,2025-08-11,10:07,Photo,152711,0,0,391,367,27,https://www.facebook.com/1240372834788281/posts/1179148254244073
220634478361516_1179145207577711,2025-08-11,10:01,Video,61982,31680,39704.7,559,44,59,https://www.facebook.com/1240372834788281/videos/628069416594123
220634478361516_1179092444249654,2025-08-11,08:22,Photo,427160,0,0,2142,2858,85,https://www.facebook.com/1240372834788281/posts/1179092444249654
220634478361516_1179065860918979,2025-08-11,07:31,Video,57521,31953,15844.0,220,79,18,https://www.facebook.com/1240372834788281/videos/1676623496611577
220634478361516_1178803664278532,2025-08-10,22:24,Video,42585,24617,16131.6,279,50,15,https://www.facebook.com/1240372834788281/videos/1086155390315069
220634478361516_1178797404279158,2025-08-10,22:13,Photo,482319,0,0,5601,3702,387,https://www.facebook.com/1240372834788281/posts/1178797404279158
220634478361516_1178580434300855,2025-08-10,17:29,Photo,130020,0,0,2279,570,281,https://www.facebook.com/1240372834788281/posts/1178580434300855
220634478361516_1178489120976653,2025-08-10,15:24,Photo,316712,0,0,1139,280,133,https://www.facebook.com/1240372834788281/posts/1178489120976653
220634478361516_1178376077654624,2025-08-10,12:18,Photo,49647,0,0,518,145,68,https://www.facebook.com/1240372834788281/posts/1178376077654624
220634478361516_1178301010995464,2025-08-10,10:01,Video,59197,31405,37463.1,476,122,97,https://www.facebook.com/1240372834788281/videos/1459979671860420
220634478361516_1178223114336587,2025-08-10,07:31,Video,51409,22676,29401.9,990,85,157,https://www.facebook.com/1240372834788281/videos/748741331189326
220634478361516_1177982331027332,2025-08-09,23:10,Video,53392,29404,15311.9,520,107,34,https://www.facebook.com/1240372834788281/videos/25179324881670853
220634478361516_1177928184366080,2025-08-09,21:34,Photo,230298,0,0,375,232,18,https://www.facebook.com/1240372834788281/posts/1177928184366080
220634478361516_1177829687709263,2025-08-09,19:02,Video,75587,35913,9448.4,2068,59,416,https://www.facebook.com/1240372834788281/videos/1378178974318250
220634478361516_1177615671063998,2025-08-09,14:01,Video,540904,244361,651227.2,4786,1005,459,https://www.facebook.com/1240372834788281/videos/2499570933732889
220634478361516_1177587087733523,2025-08-09,13:15,Photo,277618,0,0,3432,1166,367,https://www.facebook.com/1240372834788281/posts/1177587087733523
220634478361516_1177543077737924,2025-08-09,12:01,Video,39640,18342,14192.0,369,47,30,https://www.facebook.com/1240372834788281/videos/1997341661006452
220634478361516_1177469351078630,2025-08-09,10:01,Video,370149,236341,249839.2,4810,286,433,https://www.facebook.com/1240372834788281/videos/1403302647411023
220634478361516_1177381804420718,2025-08-09,07:30,Video,47557,22910,57814.0,302,117,27,https://www.facebook.com/1240372834788281/videos/1101952581871810
220634478361516_1177115324447366,2025-08-08,23:08,Video,22733,9051,13785.4,185,17,17,https://www.facebook.com/1240372834788281/videos/1327927835432422
220634478361516_1176994574459441,2025-08-08,19:32,Photo,130164,0,0,1158,82,46,https://www.facebook.com/1240372834788281/posts/1176994574459441
220634478361516_1176948451130720,2025-08-08,18:26,Video,29016,13537,4519.0,635,107,120,https://www.facebook.com/1240372834788281/videos/726998420120397
220634478361516_1176900121135553,2025-08-08,17:09,Photo,81134,0,0,80,112,8,https://www.facebook.com/1240372834788281/posts/1176900121135553
220634478361516_1176772037815028,2025-08-08,14:02,Video,12659,4850,3093.6,141,19,14,https://www.facebook.com/1240372834788281/videos/1514360606200675
220634478361516_1176771381148427,2025-08-08,14:01,Photo,347029,0,0,1478,1202,114,https://www.facebook.com/1240372834788281/posts/1176771381148427
220634478361516_1176704194488479,2025-08-08,12:01,Video,89411,54664,42035.2,336,17,17,https://www.facebook.com/1240372834788281/videos/1155333373287908
220634478361516_1176643654494533,2025-08-08,10:02,Video,151872,96242,54072.7,2631,52,116,https://www.facebook.com/1240372834788281/videos/1150325660259449
220634478361516_1176633374495561,2025-08-08,09:40,Photo,196753,0,0,460,436,29,https://www.facebook.com/1240372834788281/posts/1176633374495561
220634478361516_1176629334495965,2025-08-08,09:32,Photo,258302,0,0,1982,1150,104,https://www.facebook.com/1240372834788281/posts/1176629334495965
220634478361516_1176566767835555,2025-08-08,07:30,Video,113174,62491,112777.0,1053,135,44,https://www.facebook.com/1240372834788281/videos/570603179352849
220634478361516_1176241934534705,2025-08-07,21:30,Video,52084,25624,47809.5,391,144,37,https://www.facebook.com/1240372834788281/videos/1908559426603996
220634478361516_1176216874537211,2025-08-07,20:47,Photo,360817,0,0,2069,1445,105,https://www.facebook.com/1240372834788281/posts/1176216874537211
220634478361516_1175959547896277,2025-08-07,14:10,Photo,224229,0,0,887,658,25,https://www.facebook.com/1240372834788281/posts/1175959547896277
220634478361516_1175901861235379,2025-08-07,12:38,Video,63874,38887,15019.1,139,19,7,https://www.facebook.com/1240372834788281/videos/1688794041828542
220634478361516_1175879097904322,2025-08-07,12:01,Video,20350,8366,6233.0,63,12,11,https://www.facebook.com/1240372834788281/videos/1858675431356525
220634478361516_1175865531239012,2025-08-07,11:38,Photo,136858,0,0,477,402,28,https://www.facebook.com/1240372834788281/posts/1175865531239012
220634478361516_1175811834577715,2025-08-07,10:00,Video,58695,25975,28290.5,922,66,53,https://www.facebook.com/1240372834788281/videos/760289063833389
220634478361516_1175732597918972,2025-08-07,07:31,Video,83060,50629,43586.3,384,96,42,https://www.facebook.com/1240372834788281/videos/1107221701321068
220634478361516_1175458424613056,2025-08-06,22:18,Video,38698,20697,11857.0,151,83,26,https://www.facebook.com/1240372834788281/videos/683802204687585
220634478361516_1175370724621826,2025-08-06,19:53,Photo,453824,0,0,2601,1991,176,https://www.facebook.com/1240372834788281/posts/1175370724621826
220634478361516_1175351374623761,2025-08-06,19:23,Photo,340354,0,0,836,769,95,https://www.facebook.com/1240372834788281/posts/1175351374623761
220634478361516_1175301621295403,2025-08-06,18:08,Video,210703,118037,186525.8,1154,79,34,https://www.facebook.com/1240372834788281/videos/1437914374106540
220634478361516_1175172947974937,2025-08-06,14:54,Video,114849,44143,7629.8,2707,234,140,https://www.facebook.com/1240372834788281/videos/4275163752809110
220634478361516_1175171351308430,2025-08-06,14:51,Video,719155,244928,75877.4,1634,132,65,https://www.facebook.com/1240372834788281/videos/998335868934973
220634478361516_1175132637978968,2025-08-06,13:51,Video,554256,254946,63656.5,5954,566,2098,https://www.facebook.com/1240372834788281/videos/1278906760580077
220634478361516_1175084227983809,2025-08-06,12:30,Video,16620,6199,1597.6,36,12,5,https://www.facebook.com/1240372834788281/videos/1413197956636742
220634478361516_1175066871318878,2025-08-06,12:00,Video,25184,11101,7626.3,89,19,9,https://www.facebook.com/1240372834788281/videos/4263885973845367
220634478361516_1175032997988932,2025-08-06,11:02,Video,292657,166704,184961.4,1926,197,368,https://www.facebook.com/1240372834788281/videos/1248692233669211
220634478361516_1175031714655727,2025-08-06,11:00,Video,54452,23030,4584.3,949,336,62,https://www.facebook.com/1240372834788281/videos/1409363587012244
220634478361516_1175000697992162,2025-08-06,10:01,Video,76733,43579,90020.3,348,53,27,https://www.facebook.com/1240372834788281/videos/768812132263085
220634478361516_1174922357999996,2025-08-06,07:30,Video,313048,178115,190370.1,2067,975,187,https://www.facebook.com/1240372834788281/videos/1071910358404878
220634478361516_1174679998024232,2025-08-05,23:15,Video,155157,71211,40024.3,817,360,165,https://www.facebook.com/1240372834788281/videos/31122658307325401
220634478361516_1174619481363617,2025-08-05,21:30,Video,72776,33036,23253.4,826,343,86,https://www.facebook.com/1240372834788281/videos/2205793056551210
220634478361516_1174461931379372,2025-08-05,17:40,Video,16372,5580,3454.1,68,17,10,https://www.facebook.com/1240372834788281/videos/1153350089955435
220634478361516_1174367981388767,2025-08-05,15:21,Photo,214582,0,0,3726,255,104,https://www.facebook.com/1240372834788281/posts/1174367981388767
220634478361516_1174351274723771,2025-08-05,14:57,Photo,1007474,0,0,9703,962,761,https://www.facebook.com/1240372834788281/posts/1174351274723771
220634478361516_1174312958060936,2025-08-05,13:56,Photo,89100,0,0,189,109,8,https://www.facebook.com/1240372834788281/posts/1174312958060936
220634478361516_1174297581395807,2025-08-05,13:31,Photo,566480,0,0,5609,2946,296,https://www.facebook.com/1240372834788281/posts/1174297581395807
220634478361516_1174269124731986,2025-08-05,12:43,Photo,273085,0,0,10000,838,822,https://www.facebook.com/1240372834788281/posts/1174269124731986
220634478361516_1174242848067947,2025-08-05,12:00,Video,54507,31939,30587.3,283,52,14,https://www.facebook.com/1240372834788281/videos/765630315833751
220634478361516_1174225934736305,2025-08-05,11:31,Photo,66968,0,0,137,54,7,https://www.facebook.com/1240372834788281/posts/1174225934736305
220634478361516_1174174964741402,2025-08-05,10:07,Photo,297047,0,0,3877,1578,590,https://www.facebook.com/1240372834788281/posts/1174174964741402
220634478361516_1174171774741721,2025-08-05,10:01,Video,46649,23606,24271.7,329,35,8,https://www.facebook.com/1240372834788281/videos/770547138690460
220634478361516_1174151181410447,2025-08-05,09:22,Photo,1129642,0,0,5496,4101,802,https://www.facebook.com/1240372834788281/posts/1174151181410447
220634478361516_1174140178078214,2025-08-05,09:01,Video,28464,10824,3536.8,534,35,87,https://www.facebook.com/1240372834788281/videos/4181658152106110
220634478361516_1174086028083629,2025-08-05,07:30,Video,160977,76222,65815.1,976,340,73,https://www.facebook.com/1240372834788281/videos/765253872662862
220634478361516_1173831428109089,2025-08-04,23:34,Photo,841413,0,0,3628,3109,408,https://www.facebook.com/1240372834788281/posts/1173831428109089
220634478361516_1173824394776459,2025-08-04,23:22,Video,82280,40247,49521.5,276,86,25,https://www.facebook.com/1240372834788281/videos/1442977553566353
220634478361516_1173684911457074,2025-08-04,19:44,Video,29401,12127,4710.7,205,98,13,https://www.facebook.com/1240372834788281/videos/690690774003811
220634478361516_1173616334797265,2025-08-04,18:09,Photo,296741,0,0,4328,2426,136,https://www.facebook.com/1240372834788281/posts/1173616334797265
220634478361516_1173511351474430,2025-08-04,15:43,Photo,1248536,0,0,5063,2414,318,https://www.facebook.com/1240372834788281/posts/1173511351474430
220634478361516_1173458948146337,2025-08-04,14:26,Photo,734746,0,0,9541,888,1350,https://www.facebook.com/1240372834788281/posts/1173458948146337
220634478361516_1173302864828612,2025-08-04,10:12,Photo,345822,0,0,6149,313,496,https://www.facebook.com/1240372834788281/posts/1173302864828612
220634478361516_1173018558190376,2025-08-04,07:30,Video,27944,12655,8524.9,156,34,23,https://www.facebook.com/1240372834788281/videos/1264370245237693
220634478361516_1172940671531498,2025-08-03,22:26,Video,35374,18435,6161.3,374,179,36,https://www.facebook.com/1240372834788281/videos/1280162570393601
220634478361516_1172906721534893,2025-08-03,21:31,Video,19209,8026,4438.3,175,28,13,https://www.facebook.com/1240372834788281/videos/1504679774026679
220634478361516_1172898954869003,2025-08-03,21:19,Video,460782,228958,68643.6,2370,550,354,https://www.facebook.com/1240372834788281/videos/1084512316625599
220634478361516_1172882904870608,2025-08-03,21:00,Video,395758,206260,354817.3,4894,506,414,https://www.facebook.com/1240372834788281/videos/23867861272896060
220634478361516_1172869041538661,2025-08-03,20:35,Video,85983,40313,13247.0,1520,150,340,https://www.facebook.com/1240372834788281/videos/1305740857921968
220634478361516_1172852191540346,2025-08-03,20:13,Video,134463,65410,49247.1,2347,280,209,https://www.facebook.com/1240372834788281/videos/1861945617718126
220634478361516_1172835994875299,2025-08-03,19:52,Photo,331935,0,0,986,188,30,https://www.facebook.com/1240372834788281/posts/1172835994875299
220634478361516_1172705624888336,2025-08-03,17:21,Photo,572274,0,0,3493,420,49,https://www.facebook.com/1240372834788281/posts/1172705624888336
220634478361516_1172639094894989,2025-08-03,16:04,Photo,332908,0,0,2723,1234,77,https://www.facebook.com/1240372834788281/posts/1172639094894989
220634478361516_1172607304898168,2025-08-03,15:16,Photo,157361,0,0,595,363,41,https://www.facebook.com/1240372834788281/posts/1172607304898168
220634478361516_1172557298236502,2025-08-03,14:01,Video,45572,26246,46876.7,421,128,54,https://www.facebook.com/1240372834788281/videos/1276049814018087
220634478361516_1172484374910461,2025-08-03,12:01,Video,112997,55399,54272.0,544,53,32,https://www.facebook.com/1240372834788281/videos/773778488440917
220634478361516_1172443964914502,2025-08-03,10:53,Photo,80762,0,0,442,90,37,https://www.facebook.com/1240372834788281/posts/1172443964914502
220634478361516_1172414184917480,2025-08-03,10:01,Video,79881,46228,37061.0,1062,115,52,https://www.facebook.com/1240372834788281/videos/1285700086297948
220634478361516_1172325308259701,2025-08-03,07:30,Video,39547,20920,19983.7,228,32,18,https://www.facebook.com/1240372834788281/videos/1960773908032917
220634478361516_1172019551623610,2025-08-02,22:25,Video,146906,66296,40306.8,3141,112,1173,https://www.facebook.com/1240372834788281/videos/1786881535536853
220634478361516_1171999081625657,2025-08-02,21:49,Video,21434,10118,6715.8,374,56,25,https://www.facebook.com/1240372834788281/videos/1988136805290612
220634478361516_1171778008314431,2025-08-02,16:31,Photo,399692,0,0,2164,3490,138,https://www.facebook.com/1240372834788281/posts/1171778008314431
220634478361516_1171755768316655,2025-08-02,16:01,Video,214361,105121,95815.5,976,108,45,https://www.facebook.com/1240372834788281/videos/1785270199092986
220634478361516_1171744434984455,2025-08-02,15:46,Photo,267831,0,0,2320,359,222,https://www.facebook.com/1240372834788281/posts/1171744434984455
220634478361516_1171670254991873,2025-08-02,13:50,Video,52101,23473,23128.3,819,72,297,https://www.facebook.com/1240372834788281/videos/1283403390234766
220634478361516_1171606344998264,2025-08-02,12:01,Video,219282,117493,259076.0,1792,267,42,https://www.facebook.com/1240372834788281/videos/1872593203640493
220634478361516_1171563805002518,2025-08-02,10:49,Photo,271481,0,0,4535,743,675,https://www.facebook.com/1240372834788281/posts/1171563805002518
220634478361516_1171537625005136,2025-08-02,10:01,Video,20340,10593,12312.4,107,8,8,https://www.facebook.com/1240372834788281/videos/1266974717700092
220634478361516_1171454311680134,2025-08-02,07:30,Video,121334,55811,65135.2,858,71,37,https://www.facebook.com/1240372834788281/videos/1025183096356601
220634478361516_1171188928373339,2025-08-01,23:38,Video,27090,13008,7916.0,113,7,19,https://www.facebook.com/1240372834788281/videos/1175676621270952
220634478361516_1171088368383395,2025-08-01,20:40,Photo,129431,0,0,1571,178,111,https://www.facebook.com/1240372834788281/posts/1171088368383395
220634478361516_1171034131722152,2025-08-01,19:23,Photo,83275,0,0,552,27,3,https://www.facebook.com/1240372834788281/posts/1171034131722152
220634478361516_1170981021727463,2025-08-01,18:05,Photo,114996,0,0,1599,113,180,https://www.facebook.com/1240372834788281/posts/1170981021727463
220634478361516_1170882658403966,2025-08-01,15:46,Video,151536,85631,39167.7,5474,428,514,https://www.facebook.com/1240372834788281/videos/749037654750959
220634478361516_1170768031748762,2025-08-01,12:49,Photo,212801,0,0,2749,330,61,https://www.facebook.com/1240372834788281/posts/1170768031748762
220634478361516_1170737985085100,2025-08-01,12:01,Video,28777,9740,9903.1,168,17,29,https://www.facebook.com/1240372834788281/videos/730047123228307
220634478361516_1170736711751894,2025-08-01,11:59,Photo,696615,0,0,1938,456,77,https://www.facebook.com/1240372834788281/posts/1170736711751894
220634478361516_1170692701756295,2025-08-01,10:54,Photo,128429,0,0,265,81,8,https://www.facebook.com/1240372834788281/posts/1170692701756295
220634478361516_1170674328424799,2025-08-01,10:29,Photo,211903,0,0,333,457,31,https://www.facebook.com/1240372834788281/posts/1170674328424799
220634478361516_1170658418426390,2025-08-01,10:01,Video,101423,49223,92251.5,508,35,30,https://www.facebook.com/1240372834788281/videos/760202343188876
220634478361516_1170573031768262,2025-08-01,07:30,Video,78043,43644,27791.1,605,731,43,https://www.facebook.com/1240372834788281/videos/727754700164598
220634478361516_1170287668463465,2025-07-31,22:42,Photo,152048,0,0,2173,208,145,https://www.facebook.com/1240372834788281/posts/1170287668463465
220634478361516_1170244821801083,2025-07-31,21:30,Video,113665,69298,60707.6,1033,166,76,https://www.facebook.com/1240372834788281/videos/611457438694997
220634478361516_1170241525134746,2025-07-31,21:24,Photo,194176,0,0,1403,114,47,https://www.facebook.com/1240372834788281/posts/1170241525134746
220634478361516_1170199248472307,2025-07-31,20:18,Video,61773,37658,56743.7,430,16,10,https://www.facebook.com/1240372834788281/videos/3603101239991273
220634478361516_1170150165143882,2025-07-31,19:05,Photo,297947,0,0,598,248,20,https://www.facebook.com/1240372834788281/posts/1170150165143882
220634478361516_1170148798477352,2025-07-31,19:04,Video,22088,10602,16370.3,180,6,11,https://www.facebook.com/1240372834788281/videos/1161771722430108
220634478361516_1170138901811675,2025-07-31,18:50,Photo,98554,0,0,903,212,45,https://www.facebook.com/1240372834788281/posts/1170138901811675
220634478361516_1169951608497071,2025-07-31,14:23,Photo,328231,0,0,1298,1339,166,https://www.facebook.com/1240372834788281/posts/1169951608497071
220634478361516_1169928688499363,2025-07-31,13:46,Photo,194058,0,0,727,684,38,https://www.facebook.com/1240372834788281/posts/1169928688499363
220634478361516_1169885471837018,2025-07-31,12:39,Photo,346818,0,0,6912,928,695,https://www.facebook.com/1240372834788281/posts/1169885471837018
220634478361516_1169800228512209,2025-07-31,10:01,Video,104194,60623,83223.8,1558,34,119,https://www.facebook.com/1240372834788281/videos/782260704458945
220634478361516_1169724005186498,2025-07-31,07:30,Video,81071,43783,33309.7,755,53,28,https://www.facebook.com/1240372834788281/videos/607543615748621
220634478361516_1169435738548658,2025-07-30,22:19,Photo,422548,0,0,3072,312,27,https://www.facebook.com/1240372834788281/posts/1169435738548658
220634478361516_1169425301883035,2025-07-30,22:00,Video,82987,45853,90041.9,357,42,16,https://www.facebook.com/1240372834788281/videos/2078703112658792
220634478361516_1169409965217902,2025-07-30,21:34,Photo,154008,0,0,400,57,11,https://www.facebook.com/1240372834788281/posts/1169409965217902
220634478361516_1169393308552901,2025-07-30,21:06,Photo,257230,0,0,1796,512,57,https://www.facebook.com/1240372834788281/posts/1169393308552901
220634478361516_1169108185248080,2025-07-30,14:52,Photo,350087,0,0,1300,743,44,https://www.facebook.com/1240372834788281/posts/1169108185248080
220634478361516_1169103935248505,2025-07-30,14:45,Photo,159554,0,0,3166,197,222,https://www.facebook.com/1240372834788281/posts/1169103935248505
220634478361516_1169029775255921,2025-07-30,12:51,Video,24728,9860,4087.3,227,7,11,https://www.facebook.com/1240372834788281/videos/761563873494180
220634478361516_1169001265258772,2025-07-30,12:01,Video,239435,132323,209936.8,1149,123,75,https://www.facebook.com/1240372834788281/videos/768315845710992
220634478361516_1168977618594470,2025-07-30,11:17,Photo,198184,0,0,1164,1427,139,https://www.facebook.com/1240372834788281/posts/1168977618594470
220634478361516_1168937618598470,2025-07-30,10:01,Video,22979,10903,9862.0,145,75,16,https://www.facebook.com/1240372834788281/videos/4240659876156221
220634478361516_1168861315272767,2025-07-30,07:30,Video,186972,86706,93284.5,844,226,40,https://www.facebook.com/1240372834788281/videos/788581410278584
220634478361516_1168566008635631,2025-07-29,21:43,Video,53202,25003,22351.3,684,27,47,https://www.facebook.com/1240372834788281/videos/744198571887538
220634478361516_1168557435303155,2025-07-29,21:28,Photo,260669,0,0,754,679,51,https://www.facebook.com/1240372834788281/posts/1168557435303155
220634478361516_1168510848641147,2025-07-29,20:11,Photo,130856,0,0,604,394,76,https://www.facebook.com/1240372834788281/posts/1168510848641147
220634478361516_1168468745312024,2025-07-29,19:02,Photo,172927,0,0,830,810,38,https://www.facebook.com/1240372834788281/posts/1168468745312024
220634478361516_1168254802000085,2025-07-29,13:47,Photo,89981,0,0,1180,93,34,https://www.facebook.com/1240372834788281/posts/1168254802000085
220634478361516_1168197818672450,2025-07-29,12:11,Photo,305897,0,0,3348,606,109,https://www.facebook.com/1240372834788281/posts/1168197818672450
220634478361516_1168155415343357,2025-07-29,10:57,Photo,60867,0,0,129,50,9,https://www.facebook.com/1240372834788281/posts/1168155415343357
220634478361516_1168126142012951,2025-07-29,10:01,Video,141422,71420,53800.4,488,187,26,https://www.facebook.com/1240372834788281/videos/1256778372814060
220634478361516_1168070298685202,2025-07-29,08:12,Photo,168924,0,0,1567,925,77,https://www.facebook.com/1240372834788281/posts/1168070298685202
220634478361516_1168047075354191,2025-07-29,07:30,Video,277095,155156,219021.2,6756,215,556,https://www.facebook.com/1240372834788281/videos/1403570870936569
220634478361516_1167795702045995,2025-07-28,22:51,Photo,478509,0,0,2765,368,43,https://www.facebook.com/1240372834788281/posts/1167795702045995
220634478361516_1167784518713780,2025-07-28,22:30,Video,33547,15433,10611.7,479,90,59,https://www.facebook.com/1240372834788281/videos/2529791140695019
220634478361516_1167741025384796,2025-07-28,21:18,Video,313564,158280,344023.2,2509,175,55,https://www.facebook.com/1240372834788281/videos/1385283112527710
220634478361516_1167728945386004,2025-07-28,20:57,Photo,400738,0,0,741,1039,47,https://www.facebook.com/1240372834788281/posts/1167728945386004
220634478361516_1167653468726885,2025-07-28,19:02,Photo,261597,0,0,1114,350,181,https://www.facebook.com/1240372834788281/posts/1167653468726885
220634478361516_1167535348738697,2025-07-28,16:15,Video,25385,9914,2714.7,149,87,21,https://www.facebook.com/1240372834788281/videos/2312454565839469
220634478361516_1167506278741604,2025-07-28,15:34,Video,26191,11747,4220.9,334,88,59,https://www.facebook.com/1240372834788281/videos/4997343500490756
220634478361516_1167505745408324,2025-07-28,15:33,Photo,161180,0,0,506,330,162,https://www.facebook.com/1240372834788281/posts/1167505745408324
220634478361516_1167383742087191,2025-07-28,12:20,Photo,81447,0,0,884,119,41,https://www.facebook.com/1240372834788281/posts/1167383742087191
220634478361516_1167372828754949,2025-07-28,12:01,Video,147558,78531,119565.4,3143,151,181,https://www.facebook.com/1240372834788281/videos/728713179900118
220634478361516_1167366888755543,2025-07-28,11:52,Photo,1226425,0,0,19440,2833,718,https://www.facebook.com/1240372834788281/posts/1167366888755543
220634478361516_1167329175425981,2025-07-28,10:45,Photo,64903,0,0,291,418,25,https://www.facebook.com/1240372834788281/posts/1167329175425981
220634478361516_1167316512093914,2025-07-28,10:23,Photo,112084,0,0,366,275,38,https://www.facebook.com/1240372834788281/posts/1167316512093914
220634478361516_1167305152095050,2025-07-28,10:01,Video,87036,49736,65035.6,456,41,17,https://www.facebook.com/1240372834788281/videos/1323877659307992
220634478361516_1167298078762424,2025-07-28,09:47,Photo,201686,0,0,1366,1354,237,https://www.facebook.com/1240372834788281/posts/1167298078762424
220634478361516_1167229382102627,2025-07-28,07:31,Video,26914,13440,12741.2,140,39,7,https://www.facebook.com/1240372834788281/videos/24331307063132766
220634478361516_1166938162131749,2025-07-27,22:01,Video,37506,18114,20654.8,231,99,19,https://www.facebook.com/1240372834788281/videos/620573697327143
220634478361516_1166884815470417,2025-07-27,20:41,Photo,99217,0,0,232,276,22,https://www.facebook.com/1240372834788281/posts/1166884815470417
220634478361516_1166855385473360,2025-07-27,20:01,Video,40597,17123,10363.0,970,219,203,https://www.facebook.com/1240372834788281/videos/3754106931548787
220634478361516_1166782305480668,2025-07-27,18:42,Photo,194780,0,0,6578,187,295,https://www.facebook.com/1240372834788281/posts/1166782305480668
220634478361516_1166745455484353,2025-07-27,17:58,Video,29412,14188,5484.4,105,53,4,https://www.facebook.com/1240372834788281/videos/1048009354172827
220634478361516_1166742385484660,2025-07-27,17:54,Photo,204906,0,0,822,114,7,https://www.facebook.com/1240372834788281/posts/1166742385484660
220634478361516_1166653258826906,2025-07-27,16:03,Photo,263750,0,0,1688,907,160,https://www.facebook.com/1240372834788281/posts/1166653258826906
220634478361516_1166636222161943,2025-07-27,15:36,Video,37117,15990,7499.3,215,151,27,https://www.facebook.com/1240372834788281/videos/2227515384347538
220634478361516_1166537455505153,2025-07-27,13:03,Photo,244389,0,0,932,317,39,https://www.facebook.com/1240372834788281/posts/1166537455505153
220634478361516_1166451762180389,2025-07-27,10:40,Photo,356524,0,0,2820,576,338,https://www.facebook.com/1240372834788281/posts/1166451762180389
220634478361516_1166430762182489,2025-07-27,10:01,Video,28957,12379,23336.4,108,17,7,https://www.facebook.com/1240372834788281/videos/739546908661663
220634478361516_1166405752184990,2025-07-27,09:14,Photo,139463,0,0,1954,432,100,https://www.facebook.com/1240372834788281/posts/1166405752184990
220634478361516_1166392725519626,2025-07-27,08:50,Photo,132032,0,0,269,234,13,https://www.facebook.com/1240372834788281/posts/1166392725519626
220634478361516_1166347498857482,2025-07-27,07:30,Video,149398,75619,124492.6,934,34,45,https://www.facebook.com/1240372834788281/videos/1282565143376547
220634478361516_1166129612212604,2025-07-27,00:08,Video,50742,26363,9371.2,491,69,43,https://www.facebook.com/1240372834788281/videos/1278745250278921
220634478361516_1166078658884366,2025-07-26,22:35,Photo,246432,0,0,7177,1053,227,https://www.facebook.com/1240372834788281/posts/1166078658884366
220634478361516_1166063095552589,2025-07-26,22:07,Photo,225057,0,0,500,260,29,https://www.facebook.com/1240372834788281/posts/1166063095552589
220634478361516_1166057995553099,2025-07-26,21:58,Video,83200,48221,35105.8,519,15,39,https://www.facebook.com/1240372834788281/videos/24412379788398405
220634478361516_1165942858897946,2025-07-26,19:17,Photo,295088,0,0,1503,962,95,https://www.facebook.com/1240372834788281/posts/1165942858897946
220634478361516_1165899218902310,2025-07-26,18:12,Video,35599,15079,5178.3,125,3,10,https://www.facebook.com/1240372834788281/videos/1830147664230088
220634478361516_1165806718911560,2025-07-26,15:54,Photo,243769,0,0,459,136,27,https://www.facebook.com/1240372834788281/posts/1165806718911560
220634478361516_1165734688918763,2025-07-26,14:01,Video,60229,32106,38627.5,767,17,56,https://www.facebook.com/1240372834788281/videos/4179009065717799
220634478361516_1165666512258914,2025-07-26,12:01,Video,23267,10180,8085.5,165,20,15,https://www.facebook.com/1240372834788281/videos/1948476405911936
220634478361516_1165663972259168,2025-07-26,11:57,Photo,98237,0,0,367,128,10,https://www.facebook.com/1240372834788281/posts/1165663972259168
220634478361516_1165601055598793,2025-07-26,10:01,Video,39913,18959,13301.1,198,21,11,https://www.facebook.com/1240372834788281/videos/23978915988468141
220634478361516_1165519168940315,2025-07-26,07:31,Video,50578,25576,18924.4,300,207,22,https://www.facebook.com/1240372834788281/videos/720221180928997
220634478361516_1165276948964537,2025-07-25,23:35,Photo,413260,0,0,2689,101,130,https://www.facebook.com/1240372834788281/posts/1165276948964537
220634478361516_1165231442302421,2025-07-25,22:01,Video,202269,104055,214259.7,3333,286,219,https://www.facebook.com/1240372834788281/videos/650170627371203
220634478361516_1164969005661998,2025-07-25,15:25,Video,83375,48179,35071.4,509,135,55,https://www.facebook.com/1240372834788281/videos/629567643541312
220634478361516_1164957548996477,2025-07-25,15:09,Video,204298,116500,79244.7,975,75,99,https://www.facebook.com/1240372834788281/videos/4071024176470647
220634478361516_1164951218997110,2025-07-25,14:58,Photo,149086,0,0,243,382,14,https://www.facebook.com/1240372834788281/posts/1164951218997110
220634478361516_1164864649005767,2025-07-25,12:35,Photo,1074997,0,0,3830,680,643,https://www.facebook.com/1240372834788281/posts/1164864649005767
220634478361516_1164788835680015,2025-07-25,10:23,Photo,293445,0,0,1775,1901,364,https://www.facebook.com/1240372834788281/posts/1164788835680015
220634478361516_1164776905681208,2025-07-25,10:00,Video,105396,58893,69715.6,1455,73,214,https://www.facebook.com/1240372834788281/videos/2397771423951081
220634478361516_1164747052350860,2025-07-25,09:01,Video,80891,51095,26625.9,757,239,107,https://www.facebook.com/1240372834788281/videos/1669956407027713
220634478361516_1164698722355693,2025-07-25,07:31,Video,56981,27376,30878.1,758,42,75,https://www.facebook.com/1240372834788281/videos/3251138205062479
220634478361516_1164453052380260,2025-07-24,23:09,Photo,393668,0,0,1925,2546,109,https://www.facebook.com/1240372834788281/posts/1164453052380260
220634478361516_1164394652386100,2025-07-24,21:18,Photo,190503,0,0,490,425,20,https://www.facebook.com/1240372834788281/posts/1164394652386100
220634478361516_1164360985722800,2025-07-24,20:23,Photo,55741,0,0,400,47,13,https://www.facebook.com/1240372834788281/posts/1164360985722800
220634478361516_1164221305736768,2025-07-24,16:57,Photo,197270,0,0,1443,178,27,https://www.facebook.com/1240372834788281/posts/1164221305736768
220634478361516_1164220495736849,2025-07-24,16:56,Photo,59882,0,0,959,138,54,https://www.facebook.com/1240372834788281/posts/1164220495736849
220634478361516_1164212752404290,2025-07-24,16:46,Video,28177,14133,4389.6,108,29,14,https://www.facebook.com/1240372834788281/videos/1683243292383411
220634478361516_1164173629074869,2025-07-24,15:49,Photo,106446,0,0,785,209,71,https://www.facebook.com/1240372834788281/posts/1164173629074869
220634478361516_1164144832411082,2025-07-24,15:08,Photo,354294,0,0,4004,2186,240,https://www.facebook.com/1240372834788281/posts/1164144832411082
220634478361516_1164114322414133,2025-07-24,14:18,Photo,54494,0,0,113,115,8,https://www.facebook.com/1240372834788281/posts/1164114322414133
220634478361516_1164110772414488,2025-07-24,14:13,Photo,119545,0,0,272,159,16,https://www.facebook.com/1240372834788281/posts/1164110772414488
220634478361516_1164103742415191,2025-07-24,14:02,Photo,113947,0,0,546,404,25,https://www.facebook.com/1240372834788281/posts/1164103742415191
220634478361516_1164103599081872,2025-07-24,14:02,Video,16254,5973,3735.2,124,3,10,https://www.facebook.com/1240372834788281/videos/1276633187327247
220634478361516_1164032005755698,2025-07-24,12:00,Video,130542,67323,46245.4,1024,49,74,https://www.facebook.com/1240372834788281/videos/3055368654637300
220634478361516_1163967839095448,2025-07-24,10:01,Video,59533,33364,38733.7,295,17,18,https://www.facebook.com/1240372834788281/videos/1314073767018568
220634478361516_1163964729095759,2025-07-24,09:55,Photo,155360,0,0,346,34,34,https://www.facebook.com/1240372834788281/posts/1163964729095759
220634478361516_1163891655769733,2025-07-24,07:30,Video,233840,112944,90766.0,851,106,39,https://www.facebook.com/1240372834788281/videos/1475063513857545
220634478361516_1163647305794168,2025-07-23,23:03,Photo,355731,0,0,393,212,5,https://www.facebook.com/1240372834788281/posts/1163647305794168
220634478361516_1163599952465570,2025-07-23,21:34,Video,30937,14127,14701.5,123,40,25,https://www.facebook.com/1240372834788281/videos/1511238973620798
220634478361516_1163471895811709,2025-07-23,18:01,Photo,76297,0,0,292,240,16,https://www.facebook.com/1240372834788281/posts/1163471895811709
220634478361516_1163470209145211,2025-07-23,17:58,Photo,178237,0,0,1958,1440,69,https://www.facebook.com/1240372834788281/posts/1163470209145211
220634478361516_1163326809159551,2025-07-23,14:10,Photo,244939,0,0,2700,280,326,https://www.facebook.com/1240372834788281/posts/1163326809159551
220634478361516_1163303975828501,2025-07-23,13:31,Photo,547120,0,0,2811,2697,452,https://www.facebook.com/1240372834788281/posts/1163303975828501
220634478361516_1163278299164402,2025-07-23,12:45,Photo,91327,0,0,507,133,61,https://www.facebook.com/1240372834788281/posts/1163278299164402
220634478361516_1163259715832927,2025-07-23,12:14,Photo,121917,0,0,318,174,11,https://www.facebook.com/1240372834788281/posts/1163259715832927
220634478361516_1163251775833721,2025-07-23,12:00,Video,20588,10554,7182.4,64,2,7,https://www.facebook.com/1240372834788281/videos/24078830038446354
220634478361516_1163192505839648,2025-07-23,10:01,Video,16716,7298,4999.4,53,3,7,https://www.facebook.com/1240372834788281/videos/969747051861108
220634478361516_1163167489175483,2025-07-23,09:09,Photo,171463,0,0,625,78,23,https://www.facebook.com/1240372834788281/posts/1163167489175483
220634478361516_1163139562511609,2025-07-23,08:11,Photo,232479,0,0,1147,1112,360,https://www.facebook.com/1240372834788281/posts/1163139562511609
220634478361516_1163119935846905,2025-07-23,07:30,Video,183238,106968,90070.1,3187,484,98,https://www.facebook.com/1240372834788281/videos/730764089707430
220634478361516_1162837369208495,2025-07-22,21:30,Video,54958,27451,38487.5,331,62,29,https://www.facebook.com/1240372834788281/videos/1456323662380830
220634478361516_1162832129209019,2025-07-22,21:21,Photo,190134,0,0,1890,113,92,https://www.facebook.com/1240372834788281/posts/1162832129209019
220634478361516_1162758709216361,2025-07-22,19:15,Photo,143611,0,0,1506,93,30,https://www.facebook.com/1240372834788281/posts/1162758709216361
220634478361516_1162518362573729,2025-07-22,12:49,Photo,101581,0,0,459,350,19,https://www.facebook.com/1240372834788281/posts/1162518362573729
220634478361516_1162496069242625,2025-07-22,12:09,Photo,34338,0,0,100,50,7,https://www.facebook.com/1240372834788281/posts/1162496069242625
220634478361516_1162490182576547,2025-07-22,12:00,Video,200497,89469,71135.3,572,146,21,https://www.facebook.com/1240372834788281/videos/1047546440798715
220634478361516_1162438759248356,2025-07-22,10:27,Photo,118502,0,0,2633,443,90,https://www.facebook.com/1240372834788281/posts/1162438759248356
220634478361516_1162423699249862,2025-07-22,10:01,Video,78981,41945,44057.6,308,21,19,https://www.facebook.com/1240372834788281/videos/1397574801514742
220634478361516_1162400992585466,2025-07-22,09:21,Photo,70716,0,0,1021,96,30,https://www.facebook.com/1240372834788281/posts/1162400992585466
220634478361516_1162339582591607,2025-07-22,07:30,Video,139374,66429,164677.3,1137,346,84,https://www.facebook.com/1240372834788281/videos/1054479180113647
220634478361516_1162149412610624,2025-07-22,01:00,Photo,581140,0,0,10000,1112,516,https://www.facebook.com/1240372834788281/posts/1162149412610624
220634478361516_1162051939287038,2025-07-21,21:49,Photo,146501,0,0,3500,611,129,https://www.facebook.com/1240372834788281/posts/1162051939287038
220634478361516_1161970419295190,2025-07-21,19:33,Photo,62658,0,0,235,27,9,https://www.facebook.com/1240372834788281/posts/1161970419295190
220634478361516_1161890825969816,2025-07-21,17:38,Photo,184951,0,0,2198,181,756,https://www.facebook.com/1240372834788281/posts/1161890825969816
220634478361516_1161873412638224,2025-07-21,17:11,Photo,186345,0,0,325,81,18,https://www.facebook.com/1240372834788281/posts/1161873412638224
220634478361516_1161865632639002,2025-07-21,16:59,Photo,110715,0,0,297,167,20,https://www.facebook.com/1240372834788281/posts/1161865632639002
220634478361516_1161769089315323,2025-07-21,14:30,Photo,404281,0,0,4554,1742,149,https://www.facebook.com/1240372834788281/posts/1161769089315323
220634478361516_1161761519316080,2025-07-21,14:18,Photo,77904,0,0,152,48,7,https://www.facebook.com/1240372834788281/posts/1161761519316080
220634478361516_1161738789318353,2025-07-21,13:42,Photo,131650,0,0,1361,1175,114,https://www.facebook.com/1240372834788281/posts/1161738789318353
220634478361516_1161726545986244,2025-07-21,13:21,Photo,142363,0,0,586,807,57,https://www.facebook.com/1240372834788281/posts/1161726545986244
220634478361516_1161618402663725,2025-07-21,10:00,Video,49651,22242,18551.0,239,25,51,https://www.facebook.com/1240372834788281/videos/1653412375374068
220634478361516_1161544219337810,2025-07-21,07:30,Video,187112,101704,160210.7,910,176,61,https://www.facebook.com/1240372834788281/videos/1089702903258448
220634478361516_1161281462697419,2025-07-20,22:30,Video,57431,28063,15397.4,457,314,22,https://www.facebook.com/1240372834788281/videos/713710121462230
220634478361516_1161257409366491,2025-07-20,21:43,Video,126849,76461,86588.5,428,43,31,https://www.facebook.com/1240372834788281/videos/23917543921259970
220634478361516_1161236256035273,2025-07-20,21:09,Video,36385,15016,11170.7,239,28,17,https://www.facebook.com/1240372834788281/videos/1076145730688536
220634478361516_1161225156036383,2025-07-20,20:51,Video,25389,12038,3912.3,188,238,26,https://www.facebook.com/1240372834788281/videos/2019463815259311
220634478361516_1161097082715857,2025-07-20,18:05,Photo,242739,0,0,957,633,38,https://www.facebook.com/1240372834788281/posts/1161097082715857
220634478361516_1161073922718173,2025-07-20,17:37,Photo,453983,0,0,1363,620,77,https://www.facebook.com/1240372834788281/posts/1161073922718173
220634478361516_1160898776069021,2025-07-20,12:53,Photo,525343,0,0,3786,2017,110,https://www.facebook.com/1240372834788281/posts/1160898776069021
220634478361516_1160870932738472,2025-07-20,12:00,Video,48292,24079,23520.9,194,43,16,https://www.facebook.com/1240372834788281/videos/1718415508839326
220634478361516_1160856119406620,2025-07-20,11:35,Video,364435,193748,551420.6,2534,236,217,https://www.facebook.com/1240372834788281/videos/1016962403843057
220634478361516_1160829779409254,2025-07-20,10:42,Photo,102528,0,0,250,41,9,https://www.facebook.com/1240372834788281/posts/1160829779409254
220634478361516_1160781342747431,2025-07-20,09:00,Video,53327,26766,40903.8,745,115,53,https://www.facebook.com/1240372834788281/videos/1942746916475700
220634478361516_1160740286084870,2025-07-20,07:30,Video,66119,34651,30356.2,251,27,18,https://www.facebook.com/1240372834788281/videos/969131675250602
220634478361516_1160513629440869,2025-07-19,23:03,Video,31302,13582,7550.5,233,272,7,https://www.facebook.com/1240372834788281/videos/1685301898785138
220634478361516_1160486032776962,2025-07-19,22:07,Video,274544,130813,351108.2,2589,394,209,https://www.facebook.com/1240372834788281/videos/1485710662803516
220634478361516_1160261876132711,2025-07-19,15:45,Photo,188090,0,0,2700,316,123,https://www.facebook.com/1240372834788281/posts/1160261876132711
220634478361516_1160144762811089,2025-07-19,12:16,Photo,363705,0,0,1341,456,145,https://www.facebook.com/1240372834788281/posts/1160144762811089
220634478361516_1159822316176667,2025-07-19,12:01,Video,12251,3562,2368.3,97,7,12,https://www.facebook.com/1240372834788281/videos/592406960600110
220634478361516_1159820786176820,2025-07-19,10:00,Video,61936,32470,44995.5,551,33,37,https://www.facebook.com/1240372834788281/videos/1249028963429680
220634478361516_1159819792843586,2025-07-19,07:30,Video,115850,51558,54098.5,2656,281,405,https://www.facebook.com/1240372834788281/videos/1419401512442840
220634478361516_1159722922853273,2025-07-18,22:21,Video,132539,75861,136183.1,2016,102,84,https://www.facebook.com/1240372834788281/videos/1052847356969322
220634478361516_1159701439522088,2025-07-18,21:36,Video,23986,9753,8290.4,169,23,16,https://www.facebook.com/1240372834788281/videos/4035574663369394
220634478361516_1159509836207915,2025-07-18,16:14,Photo,228847,0,0,2454,142,22,https://www.facebook.com/1240372834788281/posts/1159509836207915
220634478361516_1159300932895472,2025-07-18,10:01,Video,71554,34044,33047.2,1606,70,54,https://www.facebook.com/1240372834788281/videos/718096711198674
220634478361516_1159229509569281,2025-07-18,07:31,Video,31141,14426,22621.6,331,25,20,https://www.facebook.com/1240372834788281/videos/1094715545922824
220634478361516_1159001499592082,2025-07-17,23:02,Video,101165,60928,42634.5,1321,236,109,https://www.facebook.com/1240372834788281/videos/1251551626767427
220634478361516_1158980496260849,2025-07-17,22:19,Video,27362,14454,17860.7,166,8,13,https://www.facebook.com/1240372834788281/videos/732025136352584
220634478361516_1158926759599556,2025-07-17,20:33,Photo,106157,0,0,644,47,12,https://www.facebook.com/1240372834788281/posts/1158926759599556
220634478361516_1158808286278070,2025-07-17,17:17,Video,13690,5340,5549.2,84,30,9,https://www.facebook.com/1240372834788281/videos/1797568157837776
220634478361516_1158796726279226,2025-07-17,16:56,Photo,137400,0,0,1472,276,184,https://www.facebook.com/1240372834788281/posts/1158796726279226
220634478361516_1158755996283299,2025-07-17,15:51,Photo,83936,0,0,252,100,17,https://www.facebook.com/1240372834788281/posts/1158755996283299
220634478361516_1158712126287686,2025-07-17,14:39,Photo,157897,0,0,317,172,29,https://www.facebook.com/1240372834788281/posts/1158712126287686
220634478361516_1158694329622799,2025-07-17,14:09,Photo,355533,0,0,2089,641,297,https://www.facebook.com/1240372834788281/posts/1158694329622799
220634478361516_1158653219626910,2025-07-17,12:53,Photo,212804,0,0,1456,218,69,https://www.facebook.com/1240372834788281/posts/1158653219626910
220634478361516_1158626489629583,2025-07-17,12:01,Video,14294,5382,3129.6,45,5,6,https://www.facebook.com/1240372834788281/videos/1147838853777831
220634478361516_1158570772968488,2025-07-17,10:04,Photo,102986,0,0,253,45,10,https://www.facebook.com/1240372834788281/posts/1158570772968488
220634478361516_1158569629635269,2025-07-17,10:01,Video,21916,10921,6879.3,334,106,49,https://www.facebook.com/1240372834788281/videos/1288254932639484
220634478361516_1158549099637322,2025-07-17,09:19,Photo,468407,0,0,2014,3563,163,https://www.facebook.com/1240372834788281/posts/1158549099637322
220634478361516_1158498209642411,2025-07-17,07:30,Video,26304,12520,12993.6,481,35,32,https://www.facebook.com/1240372834788281/videos/1215992356930450
220634478361516_1158231626335736,2025-07-16,21:43,Video,189595,108760,125228.9,2949,373,161,https://www.facebook.com/1240372834788281/videos/1774318313480194
220634478361516_1158106773014888,2025-07-16,18:29,Photo,78816,0,0,366,521,22,https://www.facebook.com/1240372834788281/posts/1158106773014888
220634478361516_1158091826349716,2025-07-16,18:06,Photo,106217,0,0,190,38,9,https://www.facebook.com/1240372834788281/posts/1158091826349716
220634478361516_1158071933018372,2025-07-16,17:38,Photo,313811,0,0,1197,164,38,https://www.facebook.com/1240372834788281/posts/1158071933018372
220634478361516_1158024839689748,2025-07-16,16:27,Photo,80768,0,0,213,68,10,https://www.facebook.com/1240372834788281/posts/1158024839689748
220634478361516_1157875323038033,2025-07-16,12:49,Photo,72776,0,0,358,51,15,https://www.facebook.com/1240372834788281/posts/1157875323038033
220634478361516_1157856556373243,2025-07-16,12:16,Photo,95071,0,0,485,100,13,https://www.facebook.com/1240372834788281/posts/1157856556373243
220634478361516_1157853879706844,2025-07-16,12:12,Video,210666,122191,53496.7,2767,575,390,https://www.facebook.com/1240372834788281/videos/2012059096197320
220634478361516_1157846866374212,2025-07-16,12:00,Video,220109,115167,239150.8,1320,718,73,https://www.facebook.com/1240372834788281/videos/1555825102045394
220634478361516_1157822703043295,2025-07-16,11:13,Photo,77035,0,0,158,37,6,https://www.facebook.com/1240372834788281/posts/1157822703043295
220634478361516_1157782416380657,2025-07-16,10:00,Video,154678,84271,73873.9,1753,357,63,https://www.facebook.com/1240372834788281/videos/4111810242413778
220634478361516_1157736303051935,2025-07-16,08:30,Photo,169170,0,0,217,149,12,https://www.facebook.com/1240372834788281/posts/1157736303051935
220634478361516_1157705469721685,2025-07-16,07:30,Video,30505,15539,18368.1,181,72,16,https://www.facebook.com/1240372834788281/videos/747409197680183
220634478361516_1157401029752129,2025-07-15,21:13,Video,53477,27948,26975.0,341,52,24,https://www.facebook.com/1240372834788281/videos/708194508703731
220634478361516_1157390729753159,2025-07-15,20:57,Video,44948,24618,28386.1,370,60,41,https://www.facebook.com/1240372834788281/videos/2067578273766756
220634478361516_1157291819763050,2025-07-15,18:28,Video,18086,8106,1832.5,290,74,70,https://www.facebook.com/1240372834788281/videos/30362137716765473
220634478361516_1157277729764459,2025-07-15,18:07,Photo,182610,0,0,417,117,18,https://www.facebook.com/1240372834788281/posts/1157277729764459
220634478361516_1157277429764489,2025-07-15,18:07,Photo,48379,0,0,443,202,14,https://www.facebook.com/1240372834788281/posts/1157277429764489
220634478361516_1157135579778674,2025-07-15,14:30,Photo,87165,0,0,1011,93,33,https://www.facebook.com/1240372834788281/posts/1157135579778674
220634478361516_1157071226451776,2025-07-15,12:40,Photo,149653,0,0,705,125,27,https://www.facebook.com/1240372834788281/posts/1157071226451776
220634478361516_1157049533120612,2025-07-15,12:01,Video,32702,16329,11468.3,96,9,8,https://www.facebook.com/1240372834788281/videos/1663813604316574
220634478361516_1157028433122722,2025-07-15,11:27,Photo,146657,0,0,2263,278,67,https://www.facebook.com/1240372834788281/posts/1157028433122722
220634478361516_1157004426458456,2025-07-15,10:42,Photo,206659,0,0,1218,283,50,https://www.facebook.com/1240372834788281/posts/1157004426458456
220634478361516_1157000733125492,2025-07-15,10:35,Photo,58077,0,0,743,38,61,https://www.facebook.com/1240372834788281/posts/1157000733125492
220634478361516_1156983696460529,2025-07-15,10:01,Video,37176,20771,17239.0,150,32,12,https://www.facebook.com/1240372834788281/videos/760178626973794
220634478361516_1156618459830386,2025-07-14,22:11,Photo,144926,0,0,3206,573,131,https://www.facebook.com/1240372834788281/posts/1156618459830386
220634478361516_1156601283165437,2025-07-14,21:41,Video,366631,166700,411200.4,5062,379,297,https://www.facebook.com/1240372834788281/videos/710561938460715
220634478361516_1156564203169145,2025-07-14,20:43,Photo,85657,0,0,403,363,17,https://www.facebook.com/1240372834788281/posts/1156564203169145
220634478361516_1156499779842254,2025-07-14,19:05,Photo,208676,0,0,774,124,36,https://www.facebook.com/1240372834788281/posts/1156499779842254
220634478361516_1156428553182710,2025-07-14,17:23,Photo,101247,0,0,579,343,31,https://www.facebook.com/1240372834788281/posts/1156428553182710
220634478361516_1156357673189798,2025-07-14,15:45,Video,561155,274735,496888.0,2169,203,94,https://www.facebook.com/1240372834788281/videos/3343849325752915
220634478361516_1156357749856457,2025-07-14,15:44,Photo,107162,0,0,1756,133,45,https://www.facebook.com/1240372834788281/posts/1156357749856457
220634478361516_1156311973194368,2025-07-14,14:35,Photo,181128,0,0,716,138,43,https://www.facebook.com/1240372834788281/posts/1156311973194368
220634478361516_1156275356531363,2025-07-14,13:37,Photo,141712,0,0,962,23,29,https://www.facebook.com/1240372834788281/posts/1156275356531363
220634478361516_1156273626531536,2025-07-14,13:34,Photo,79400,0,0,404,391,18,https://www.facebook.com/1240372834788281/posts/1156273626531536
220634478361516_1156270976531801,2025-07-14,13:30,Photo,168530,0,0,2935,1798,194,https://www.facebook.com/1240372834788281/posts/1156270976531801
220634478361516_1156145843210981,2025-07-14,10:01,Video,76360,36350,21384.0,187,35,11,https://www.facebook.com/1240372834788281/videos/2596894194010366
220634478361516_1156139219878310,2025-07-14,09:49,Photo,115605,0,0,1380,963,170,https://www.facebook.com/1240372834788281/posts/1156139219878310
220634478361516_1156058206553078,2025-07-14,07:30,Video,46156,21793,37562.1,1110,56,137,https://www.facebook.com/1240372834788281/videos/1226953462088690
220634478361516_1155771519915080,2025-07-13,22:12,Video,98886,57515,48297.2,475,146,26,https://www.facebook.com/1240372834788281/videos/1232542384751954
220634478361516_1155752063250359,2025-07-13,21:36,Photo,107593,0,0,1053,537,64,https://www.facebook.com/1240372834788281/posts/1155752063250359
220634478361516_1155718979920334,2025-07-13,20:46,Photo,139880,0,0,2278,165,49,https://www.facebook.com/1240372834788281/posts/1155718979920334
220634478361516_1155602556598643,2025-07-13,18:23,Photo,92432,0,0,413,177,37,https://www.facebook.com/1240372834788281/posts/1155602556598643
220634478361516_1155467366612162,2025-07-13,15:02,Photo,127836,0,0,1808,142,245,https://www.facebook.com/1240372834788281/posts/1155467366612162
220634478361516_1155454879946744,2025-07-13,14:41,Photo,110458,0,0,889,549,58,https://www.facebook.com/1240372834788281/posts/1155454879946744
220634478361516_1155445699947662,2025-07-13,14:26,Photo,90735,0,0,290,191,18,https://www.facebook.com/1240372834788281/posts/1155445699947662
220634478361516_1155429839949248,2025-07-13,14:00,Video,149001,60888,13794.5,409,324,26,https://www.facebook.com/1240372834788281/videos/2963432547181944
220634478361516_1155385409953691,2025-07-13,12:41,Photo,221030,0,0,870,512,63,https://www.facebook.com/1240372834788281/posts/1155385409953691
220634478361516_1155362693289296,2025-07-13,12:00,Video,51785,24038,15900.6,124,7,7,https://www.facebook.com/1240372834788281/videos/721211084008556
220634478361516_1155298396629059,2025-07-13,10:01,Video,71545,35592,61531.4,963,67,74,https://www.facebook.com/1240372834788281/videos/1072916534321612
220634478361516_1155216619970570,2025-07-13,07:30,Video,141938,70242,112990.2,503,39,27,https://www.facebook.com/1240372834788281/videos/1508721270099501
220634478361516_1154727850019447,2025-07-12,16:59,Photo,121832,0,0,205,66,7,https://www.facebook.com/1240372834788281/posts/1154727850019447
220634478361516_1154707590021473,2025-07-12,16:24,Photo,173365,0,0,469,64,22,https://www.facebook.com/1240372834788281/posts/1154707590021473
220634478361516_1154600146698884,2025-07-12,13:24,Photo,199120,0,0,2022,174,81,https://www.facebook.com/1240372834788281/posts/1154600146698884
220634478361516_1154553253370240,2025-07-12,12:01,Video,106320,43288,64817.8,634,43,43,https://www.facebook.com/1240372834788281/videos/1038731841809581
220634478361516_1154489816709917,2025-07-12,10:01,Video,66829,37202,32427.2,546,44,39,https://www.facebook.com/1240372834788281/videos/1406334500621947
220634478361516_1154413196717579,2025-07-12,07:30,Video,39305,21364,23615.5,302,26,21,https://www.facebook.com/1240372834788281/videos/750739997643308
220634478361516_1154187056740193,2025-07-11,23:47,Photo,72162,0,0,92,32,4,https://www.facebook.com/1240372834788281/posts/1154187056740193
220634478361516_1154178150074417,2025-07-11,23:27,Photo,192108,0,0,288,51,13,https://www.facebook.com/1240372834788281/posts/1154178150074417
220634478361516_1154154893410076,2025-07-11,22:40,Video,21215,7654,7081.8,295,14,35,https://www.facebook.com/1240372834788281/videos/726731676645471
220634478361516_1154100123415553,2025-07-11,20:59,Video,12315,5260,1926.0,57,6,8,https://www.facebook.com/1240372834788281/videos/782360564321539
220634478361516_1154032923422273,2025-07-11,19:09,Video,28957,14004,6902.6,151,101,15,https://www.facebook.com/1240372834788281/videos/1058586459799144
220634478361516_1153918810100351,2025-07-11,16:37,Photo,288013,0,0,1821,92,112,https://www.facebook.com/1240372834788281/posts/1153918810100351
220634478361516_1153888810103351,2025-07-11,15:52,Photo,202381,0,0,959,708,137,https://www.facebook.com/1240372834788281/posts/1153888810103351
220634478361516_1153799493445616,2025-07-11,13:28,Photo,402478,0,0,4683,319,90,https://www.facebook.com/1240372834788281/posts/1153799493445616
220634478361516_1153693523456213,2025-07-11,10:01,Video,166881,93373,76821.3,1065,50,6,https://www.facebook.com/1240372834788281/videos/1452073435944344
220634478361516_1153620926796806,2025-07-11,07:30,Video,102973,55069,54173.6,2221,165,348,https://www.facebook.com/1240372834788281/videos/1489372332248734
220634478361516_1153580006800898,2025-07-11,06:06,Photo,256282,0,0,6223,1026,217,https://www.facebook.com/1240372834788281/posts/1153580006800898
220634478361516_1153312670160965,2025-07-10,20:33,Photo,570857,0,0,6368,3037,137,https://www.facebook.com/1240372834788281/posts/1153312670160965
220634478361516_1153302623495303,2025-07-10,20:16,Photo,176248,0,0,541,269,66,https://www.facebook.com/1240372834788281/posts/1153302623495303
220634478361516_1153275953497970,2025-07-10,19:29,Photo,133556,0,0,1263,77,35,https://www.facebook.com/1240372834788281/posts/1153275953497970
220634478361516_1153268916832007,2025-07-10,19:19,Video,377998,208017,88071.1,7136,1642,2094,https://www.facebook.com/1240372834788281/videos/1247853579609261
220634478361516_1153268073498758,2025-07-10,19:17,Photo,98153,0,0,1670,201,43,https://www.facebook.com/1240372834788281/posts/1153268073498758
220634478361516_1153252813500284,2025-07-10,18:52,Video,95687,53968,11357.5,4101,86,217,https://www.facebook.com/1240372834788281/videos/703764145814153
220634478361516_1153176676841231,2025-07-10,16:45,Photo,150257,0,0,728,810,108,https://www.facebook.com/1240372834788281/posts/1153176676841231
220634478361516_1153110813514484,2025-07-10,14:57,Photo,72370,0,0,391,37,8,https://www.facebook.com/1240372834788281/posts/1153110813514484
220634478361516_1153109650181267,2025-07-10,14:57,Video,39599,19833,29565.4,228,26,16,https://www.facebook.com/1240372834788281/videos/748191444341723
220634478361516_1153102613515304,2025-07-10,14:43,Photo,88149,0,0,262,30,12,https://www.facebook.com/1240372834788281/posts/1153102613515304
220634478361516_1153059680186264,2025-07-10,13:28,Photo,75811,0,0,453,20,26,https://www.facebook.com/1240372834788281/posts/1153059680186264
220634478361516_1153036613521904,2025-07-10,12:46,Photo,64343,0,0,704,27,29,https://www.facebook.com/1240372834788281/posts/1153036613521904
220634478361516_1153025850189647,2025-07-10,12:27,Photo,116732,0,0,1763,1077,83,https://www.facebook.com/1240372834788281/posts/1153025850189647
220634478361516_1153013656857533,2025-07-10,12:00,Video,66600,33634,62100.1,453,442,100,https://www.facebook.com/1240372834788281/videos/664245006629517
220634478361516_1152966990195533,2025-07-10,10:21,Photo,72037,0,0,76,93,20,https://www.facebook.com/1240372834788281/posts/1152966990195533
220634478361516_1152945086864390,2025-07-10,09:34,Photo,156273,0,0,623,451,50,https://www.facebook.com/1240372834788281/posts/1152945086864390
220634478361516_1152884440203788,2025-07-10,07:31,Video,13017,5734,3239.9,169,16,20,https://www.facebook.com/1240372834788281/videos/1081557360582273
220634478361516_1152867236872175,2025-07-10,06:54,Photo,139624,0,0,3032,415,92,https://www.facebook.com/1240372834788281/posts/1152867236872175
220634478361516_1152648183560747,2025-07-09,22:59,Photo,130429,0,0,1913,251,51,https://www.facebook.com/1240372834788281/posts/1152648183560747
220634478361516_1152610383564527,2025-07-09,21:39,Video,158468,82401,117683.7,1308,208,110,https://www.facebook.com/1240372834788281/videos/1458275201841127
220634478361516_1152558053569760,2025-07-09,20:06,Video,64318,30222,51447.7,549,91,28,https://www.facebook.com/1240372834788281/videos/1628046474551178
220634478361516_1152368370255395,2025-07-09,14:47,Photo,129984,0,0,2467,198,29,https://www.facebook.com/1240372834788281/posts/1152368370255395
220634478361516_1152292210263011,2025-07-09,12:29,Photo,80561,0,0,68,21,6,https://www.facebook.com/1240372834788281/posts/1152292210263011
220634478361516_1152277023597863,2025-07-09,12:01,Video,46563,23946,31709.9,344,155,21,https://www.facebook.com/1240372834788281/videos/1664889444226671
220634478361516_1152263080265924,2025-07-09,11:33,Photo,112498,0,0,169,57,9,https://www.facebook.com/1240372834788281/posts/1152263080265924
220634478361516_1152220760270156,2025-07-09,10:07,Photo,253570,0,0,648,59,14,https://www.facebook.com/1240372834788281/posts/1152220760270156
220634478361516_1152217590270473,2025-07-09,10:01,Video,59722,28270,24442.6,250,40,13,https://www.facebook.com/1240372834788281/videos/1767665394139704
220634478361516_1152146333610932,2025-07-09,07:30,Video,88682,50831,74449.2,793,82,35,https://www.facebook.com/1240372834788281/videos/1079576217429490
220634478361516_1151895020302730,2025-07-08,22:11,Video,34886,14703,6226.9,976,55,237,https://www.facebook.com/1240372834788281/videos/1744248886485063
220634478361516_1151872446971654,2025-07-08,21:31,Photo,273185,0,0,2175,592,114,https://www.facebook.com/1240372834788281/posts/1151872446971654
220634478361516_1151760786982820,2025-07-08,18:28,Photo,107525,0,0,566,54,14,https://www.facebook.com/1240372834788281/posts/1151760786982820
220634478361516_1151737833651782,2025-07-08,17:51,Photo,69127,0,0,570,70,12,https://www.facebook.com/1240372834788281/posts/1151737833651782
220634478361516_1151537383671827,2025-07-08,12:08,Photo,747981,0,0,8157,1074,121,https://www.facebook.com/1240372834788281/posts/1151537383671827
220634478361516_1151533903672175,2025-07-08,12:01,Video,34540,17895,20302.4,607,40,68,https://www.facebook.com/1240372834788281/videos/1084307200258118
220634478361516_1151524707006428,2025-07-08,11:44,Photo,51892,0,0,96,49,9,https://www.facebook.com/1240372834788281/posts/1151524707006428
220634478361516_1151472340344998,2025-07-08,10:01,Video,59218,27354,15050.3,695,348,28,https://www.facebook.com/1240372834788281/videos/1069265651363122
220634478361516_1151446770347555,2025-07-08,09:04,Photo,228537,0,0,1021,1102,170,https://www.facebook.com/1240372834788281/posts/1151446770347555
220634478361516_1151423677016531,2025-07-08,08:15,Photo,266185,0,0,5611,922,233,https://www.facebook.com/1240372834788281/posts/1151423677016531
220634478361516_1151418700350362,2025-07-08,08:04,Photo,103322,0,0,2820,390,73,https://www.facebook.com/1240372834788281/posts/1151418700350362
220634478361516_1151391537019745,2025-07-08,07:06,Photo,143465,0,0,1637,215,40,https://www.facebook.com/1240372834788281/posts/1151391537019745
220634478361516_1151370693688496,2025-07-08,06:25,Photo,321868,0,0,7735,1623,246,https://www.facebook.com/1240372834788281/posts/1151370693688496
220634478361516_1151151660377066,2025-07-07,23:05,Video,59326,31654,17690.6,828,30,91,https://www.facebook.com/1240372834788281/videos/1250625243427471
220634478361516_1151128610379371,2025-07-07,22:24,Video,15054,5659,1349.1,124,15,8,https://www.facebook.com/1240372834788281/videos/2163290824121197
220634478361516_1151101523715413,2025-07-07,21:35,Photo,1376930,0,0,10000,804,112,https://www.facebook.com/1240372834788281/posts/1151101523715413
220634478361516_1151099097048989,2025-07-07,21:30,Video,18579,9051,4580.7,128,15,15,https://www.facebook.com/1240372834788281/videos/615647324885091
220634478361516_1151097483715817,2025-07-07,21:27,Photo,118784,0,0,318,309,21,https://www.facebook.com/1240372834788281/posts/1151097483715817
220634478361516_1150998957059003,2025-07-07,18:59,Photo,365867,0,0,823,554,70,https://www.facebook.com/1240372834788281/posts/1150998957059003
220634478361516_1150970843728481,2025-07-07,18:14,Photo,176706,0,0,353,183,17,https://www.facebook.com/1240372834788281/posts/1150970843728481
220634478361516_1150937610398471,2025-07-07,17:22,Photo,64802,0,0,251,209,13,https://www.facebook.com/1240372834788281/posts/1150937610398471
220634478361516_1150917883733777,2025-07-07,16:53,Video,14020,5416,2090.9,210,6,41,https://www.facebook.com/1240372834788281/videos/3951167405213270
220634478361516_1150905143735051,2025-07-07,16:30,Photo,233589,0,0,651,341,16,https://www.facebook.com/1240372834788281/posts/1150905143735051
220634478361516_1150879240404308,2025-07-07,15:53,Photo,292123,0,0,5069,2287,433,https://www.facebook.com/1240372834788281/posts/1150879240404308
220634478361516_1150709183754647,2025-07-07,12:01,Video,69481,35570,33218.8,1253,137,98,https://www.facebook.com/1240372834788281/videos/3998677293678023
220634478361516_1150688103756755,2025-07-07,11:20,Photo,309827,0,0,833,107,30,https://www.facebook.com/1240372834788281/posts/1150688103756755
220634478361516_1150645537094345,2025-07-07,10:00,Video,73072,35696,20548.1,292,27,21,https://www.facebook.com/1240372834788281/videos/1428446498178321
220634478361516_1150619347096964,2025-07-07,09:15,Photo,80456,0,0,302,66,19,https://www.facebook.com/1240372834788281/posts/1150619347096964
220634478361516_1150565070435725,2025-07-07,07:30,Video,86724,42949,31464.1,323,175,25,https://www.facebook.com/1240372834788281/videos/767444645960071
220634478361516_1150268210465411,2025-07-06,21:48,Photo,206205,0,0,927,191,80,https://www.facebook.com/1240372834788281/posts/1150268210465411
220634478361516_1150253730466859,2025-07-06,21:26,Video,67585,34904,33854.1,424,106,26,https://www.facebook.com/1240372834788281/videos/727845279630216
220634478361516_1150239873801578,2025-07-06,21:05,Photo,211822,0,0,918,343,219,https://www.facebook.com/1240372834788281/posts/1150239873801578
220634478361516_1150232570468975,2025-07-06,20:55,Video,52291,24423,18690.7,1194,89,255,https://www.facebook.com/1240372834788281/videos/1073092951442769
220634478361516_1150184483807117,2025-07-06,19:45,Photo,132296,0,0,1014,24,54,https://www.facebook.com/1240372834788281/posts/1150184483807117
220634478361516_1150142993811266,2025-07-06,18:59,Photo,85806,0,0,265,181,42,https://www.facebook.com/1240372834788281/posts/1150142993811266
220634478361516_1150067393818826,2025-07-06,17:22,Photo,87889,0,0,220,203,20,https://www.facebook.com/1240372834788281/posts/1150067393818826
220634478361516_1149970603828505,2025-07-06,15:04,Photo,92265,0,0,1306,81,82,https://www.facebook.com/1240372834788281/posts/1149970603828505
220634478361516_1149864657172433,2025-07-06,12:01,Video,31841,13047,11758.2,143,61,12,https://www.facebook.com/1240372834788281/videos/1370608350670427
220634478361516_1149808887178010,2025-07-06,10:16,Photo,360017,0,0,2382,2494,289,https://www.facebook.com/1240372834788281/posts/1149808887178010
220634478361516_1149799993845566,2025-07-06,10:01,Video,118511,55009,114537.7,933,90,42,https://www.facebook.com/1240372834788281/videos/745807384590144
220634478361516_1149783843847181,2025-07-06,09:31,Photo,292565,0,0,562,258,20,https://www.facebook.com/1240372834788281/posts/1149783843847181
220634478361516_1149719083853657,2025-07-06,07:30,Video,43938,20151,27733.2,419,133,70,https://www.facebook.com/1240372834788281/videos/699755129642866
220634478361516_1149502787208620,2025-07-06,00:11,Photo,265799,0,0,1054,547,55,https://www.facebook.com/1240372834788281/posts/1149502787208620
220634478361516_1149279120564320,2025-07-05,17:48,Photo,109845,0,0,566,94,81,https://www.facebook.com/1240372834788281/posts/1149279120564320
220634478361516_1149248423900723,2025-07-05,17:00,Photo,146889,0,0,439,376,19,https://www.facebook.com/1240372834788281/posts/1149248423900723
220634478361516_1149176247241274,2025-07-05,15:06,Video,97776,50739,71419.1,696,431,101,https://www.facebook.com/1240372834788281/videos/1185971776631392
220634478361516_1149072627251636,2025-07-05,12:01,Video,259399,136754,164620.9,1210,123,65,https://www.facebook.com/1240372834788281/videos/1079871680690232
220634478361516_1149026483922917,2025-07-05,10:35,Photo,112891,0,0,504,91,41,https://www.facebook.com/1240372834788281/posts/1149026483922917
220634478361516_1149009577257941,2025-07-05,10:01,Video,131815,65461,80592.9,897,123,24,https://www.facebook.com/1240372834788281/videos/1449522792731926
220634478361516_1148933470598885,2025-07-05,07:30,Video,444985,263863,428078.0,8807,457,306,https://www.facebook.com/1240372834788281/videos/1444963040261608
220634478361516_1148693247289574,2025-07-04,23:43,Photo,175472,0,0,394,147,24,https://www.facebook.com/1240372834788281/posts/1148693247289574
220634478361516_1148642143961351,2025-07-04,21:59,Photo,109554,0,0,296,63,19,https://www.facebook.com/1240372834788281/posts/1148642143961351
220634478361516_1148632980628934,2025-07-04,21:42,Video,14985,6529,2326.5,170,9,23,https://www.facebook.com/1240372834788281/videos/1094465349251123
220634478361516_1148613677297531,2025-07-04,21:06,Video,53194,27595,13443.8,1163,397,269,https://www.facebook.com/1240372834788281/videos/1964495980988729
220634478361516_1148397883985777,2025-07-04,17:51,Video,28496,12884,12304.0,238,27,23,https://www.facebook.com/1240372834788281/videos/1070010728560095
220634478361516_1148366783988887,2025-07-04,17:05,Photo,107907,0,0,2253,396,83,https://www.facebook.com/1240372834788281/posts/1148366783988887
220634478361516_1148347607324138,2025-07-04,16:38,Photo,328250,0,0,2045,1614,194,https://www.facebook.com/1240372834788281/posts/1148347607324138
220634478361516_1148308147328084,2025-07-04,15:44,Photo,135413,0,0,329,52,8,https://www.facebook.com/1240372834788281/posts/1148308147328084
220634478361516_1148239144001651,2025-07-04,14:01,Video,32663,13994,16679.6,231,11,17,https://www.facebook.com/1240372834788281/videos/786123847078371
220634478361516_1148171994008366,2025-07-04,12:01,Video,131408,68417,52084.3,803,65,103,https://www.facebook.com/1240372834788281/videos/1429853341484627
220634478361516_1148136300678602,2025-07-04,10:54,Photo,103057,0,0,2586,405,49,https://www.facebook.com/1240372834788281/posts/1148136300678602
220634478361516_1148109634014602,2025-07-04,10:01,Video,21929,7826,7381.0,191,12,13,https://www.facebook.com/1240372834788281/videos/2213539492409049
220634478361516_1148034814022084,2025-07-04,07:30,Video,16350,5846,3063.2,144,8,28,https://www.facebook.com/1240372834788281/videos/597916099632617
220634478361516_1147747610717471,2025-07-03,22:00,Video,33184,13382,9654.5,276,12,19,https://www.facebook.com/1240372834788281/videos/1138657618327238
220634478361516_1147732767385622,2025-07-03,21:35,Video,116638,61724,86856.5,669,332,39,https://www.facebook.com/1240372834788281/videos/1244838963334376
220634478361516_1147712570720975,2025-07-03,21:03,Photo,475955,0,0,1885,537,130,https://www.facebook.com/1240372834788281/posts/1147712570720975
220634478361516_1147708017388097,2025-07-03,20:55,Photo,197740,0,0,1637,45,31,https://www.facebook.com/1240372834788281/posts/1147708017388097
220634478361516_1147655467393352,2025-07-03,19:34,Photo,73125,0,0,488,406,34,https://www.facebook.com/1240372834788281/posts/1147655467393352
220634478361516_1147576624067903,2025-07-03,17:30,Photo,180077,0,0,1036,51,17,https://www.facebook.com/1240372834788281/posts/1147576624067903
220634478361516_1147571327401766,2025-07-03,17:23,Photo,64810,0,0,412,500,20,https://www.facebook.com/1240372834788281/posts/1147571327401766
220634478361516_1147441900748042,2025-07-03,14:05,Photo,81494,0,0,153,113,5,https://www.facebook.com/1240372834788281/posts/1147441900748042
220634478361516_1147418304083735,2025-07-03,13:24,Photo,176809,0,0,562,119,23,https://www.facebook.com/1240372834788281/posts/1147418304083735
220634478361516_1147373007421598,2025-07-03,12:00,Video,117699,66390,50215.9,761,135,179,https://www.facebook.com/1240372834788281/videos/1794716791077209
220634478361516_1147367677422131,2025-07-03,11:50,Photo,327949,0,0,1335,1258,232,https://www.facebook.com/1240372834788281/posts/1147367677422131
220634478361516_1147353510756881,2025-07-03,11:25,Photo,255198,0,0,1190,86,18,https://www.facebook.com/1240372834788281/posts/1147353510756881
220634478361516_1147309547427944,2025-07-03,10:00,Video,89752,46598,35175.6,535,74,24,https://www.facebook.com/1240372834788281/videos/9938354992884954
220634478361516_1147239207434978,2025-07-03,07:37,Photo,461948,0,0,3263,3092,367,https://www.facebook.com/1240372834788281/posts/1147239207434978
220634478361516_1146946244130941,2025-07-02,21:38,Video,244033,151462,191236.3,1456,129,91,https://www.facebook.com/1240372834788281/videos/1957990855020540
220634478361516_1146927914132774,2025-07-02,21:02,Photo,73399,0,0,167,62,14,https://www.facebook.com/1240372834788281/posts/1146927914132774
220634478361516_1146912130801019,2025-07-02,20:37,Photo,93440,0,0,677,174,15,https://www.facebook.com/1240372834788281/posts/1146912130801019
220634478361516_1146839970808235,2025-07-02,18:53,Photo,100990,0,0,666,70,22,https://www.facebook.com/1240372834788281/posts/1146839970808235
220634478361516_1146808657478033,2025-07-02,18:01,Photo,157302,0,0,5448,869,198,https://www.facebook.com/1240372834788281/posts/1146808657478033
220634478361516_1146801630812069,2025-07-02,17:49,Photo,126784,0,0,158,59,5,https://www.facebook.com/1240372834788281/posts/1146801630812069
220634478361516_1146757364149829,2025-07-02,16:36,Photo,76419,0,0,206,44,10,https://www.facebook.com/1240372834788281/posts/1146757364149829
220634478361516_1146514204174145,2025-07-02,12:01,Video,32481,14546,8172.9,268,23,24,https://www.facebook.com/1240372834788281/videos/1232156358088083
220634478361516_1146483217510577,2025-07-02,10:56,Photo,103940,0,0,715,698,68,https://www.facebook.com/1240372834788281/posts/1146483217510577
220634478361516_1146456810846551,2025-07-02,10:01,Video,14595,5923,7042.3,93,15,8,https://www.facebook.com/1240372834788281/videos/1517519032549065
220634478361516_1146453014180264,2025-07-02,09:53,Photo,514394,0,0,4652,1110,415,https://www.facebook.com/1240372834788281/posts/1146453014180264
220634478361516_1146445480847684,2025-07-02,09:35,Video,3,6532,12741.4,61,6,11,https://www.facebook.com/1240372834788281/posts/1146445480847684
220634478361516_1146424870849745,2025-07-02,08:51,Photo,288307,0,0,522,223,22,https://www.facebook.com/1240372834788281/posts/1146424870849745
220634478361516_1146386330853599,2025-07-02,07:30,Video,145776,70914,74041.2,671,75,28,https://www.facebook.com/1240372834788281/videos/1055183799923627
220634478361516_1146369317521967,2025-07-02,06:57,Photo,156741,0,0,477,184,30,https://www.facebook.com/1240372834788281/posts/1146369317521967
220634478361516_1146165574209008,2025-07-01,23:30,Video,27597,14396,10196.9,148,90,15,https://www.facebook.com/1240372834788281/videos/2528173834200305
220634478361516_1146135667545332,2025-07-01,22:29,Video,14343,6498,2593.2,76,19,7,https://www.facebook.com/1240372834788281/videos/576730071954145
220634478361516_1146095397549359,2025-07-01,21:16,Photo,438480,0,0,6226,648,167,https://www.facebook.com/1240372834788281/posts/1146095397549359
220634478361516_1145999984225567,2025-07-01,18:45,Photo,88417,0,0,115,110,7,https://www.facebook.com/1240372834788281/posts/1145999984225567
220634478361516_1145959274229638,2025-07-01,17:53,Video,75287,39209,75735.0,688,26,33,https://www.facebook.com/1240372834788281/videos/742403858224579
220634478361516_1145930314232534,2025-07-01,17:03,Photo,381264,0,0,2124,590,194,https://www.facebook.com/1240372834788281/posts/1145930314232534
220634478361516_1145908004234765,2025-07-01,16:27,Photo,588111,0,0,6078,688,584,https://www.facebook.com/1240372834788281/posts/1145908004234765
220634478361516_1145704530921779,2025-07-01,13:45,Video,14177,4629,1197.8,86,9,8,https://www.facebook.com/1240372834788281/videos/2102856030223108
220634478361516_1145678607591038,2025-07-01,12:57,Photo,157898,0,0,1123,684,51,https://www.facebook.com/1240372834788281/posts/1145678607591038
220634478361516_1145651424260423,2025-07-01,12:04,Photo,260462,0,0,1613,894,91,https://www.facebook.com/1240372834788281/posts/1145651424260423
220634478361516_1145649774260588,2025-07-01,12:01,Video,77469,43901,44154.0,526,120,34,https://www.facebook.com/1240372834788281/videos/1404314034170102
220634478361516_1145588847600014,2025-07-01,10:01,Video,37353,19726,12741.4,166,41,39,https://www.facebook.com/1240372834788281/videos/3955863461394691
220634478361516_1145581757600723,2025-07-01,09:46,Photo,480867,0,0,897,223,27,https://www.facebook.com/1240372834788281/posts/1145581757600723
220634478361516_1145516724273893,2025-07-01,07:30,Video,115649,61445,70935.4,2091,107,194,https://www.facebook.com/1240372834788281/videos/4162526074036829
220634478361516_1145198237639075,2025-06-30,21:10,Photo,81829,0,0,100,88,2,https://www.facebook.com/1240372834788281/posts/1145198237639075
220634478361516_1145177600974472,2025-06-30,20:36,Photo,86604,0,0,589,310,23,https://www.facebook.com/1240372834788281/posts/1145177600974472
220634478361516_1145066084318957,2025-06-30,18:21,Photo,140183,0,0,775,577,53,https://www.facebook.com/1240372834788281/posts/1145066084318957
220634478361516_1145049330987299,2025-06-30,17:54,Photo,445343,0,0,10000,837,447,https://www.facebook.com/1240372834788281/posts/1145049330987299
220634478361516_1144988540993378,2025-06-30,16:21,Photo,1289833,0,0,16008,3693,1722,https://www.facebook.com/1240372834788281/posts/1144988540993378
220634478361516_1144903164335249,2025-06-30,14:02,Photo,270375,0,0,3799,1910,103,https://www.facebook.com/1240372834788281/posts/1144903164335249
220634478361516_1144851684340397,2025-06-30,12:38,Photo,112369,0,0,1689,190,37,https://www.facebook.com/1240372834788281/posts/1144851684340397
220634478361516_1144830777675821,2025-06-30,12:01,Video,21866,11266,9640.2,241,11,17,https://www.facebook.com/1240372834788281/videos/1222196452706061
220634478361516_1144821857676713,2025-06-30,11:46,Photo,182594,0,0,508,551,21,https://www.facebook.com/1240372834788281/posts/1144821857676713
220634478361516_1144810644344501,2025-06-30,11:25,Photo,214773,0,0,5286,663,258,https://www.facebook.com/1240372834788281/posts/1144810644344501
220634478361516_1144796787679220,2025-06-30,11:01,Video,26466,12697,6285.6,73,3,6,https://www.facebook.com/1240372834788281/videos/1278512400648769
220634478361516_1144775684347997,2025-06-30,10:22,Photo,101942,0,0,371,484,22,https://www.facebook.com/1240372834788281/posts/1144775684347997
220634478361516_1144764981015734,2025-06-30,10:01,Video,278790,155473,228341.0,3895,201,118,https://www.facebook.com/1240372834788281/videos/1468025907897025
220634478361516_1144697937689105,2025-06-30,07:43,Photo,206254,0,0,884,614,90,https://www.facebook.com/1240372834788281/posts/1144697937689105
220634478361516_1144691394356426,2025-06-30,07:30,Video,9969,3900,1382.3,35,2,6,https://www.facebook.com/1240372834788281/videos/2622864108058587
220634478361516_1144463147712584,2025-06-29,23:30,Video,51750,29292,14265.0,231,8,10,https://www.facebook.com/1240372834788281/videos/1032485792407385
220634478361516_1144443114381254,2025-06-29,22:48,Photo,93187,0,0,186,204,17,https://www.facebook.com/1240372834788281/posts/1144443114381254
220634478361516_1144418314383734,2025-06-29,22:00,Video,281487,141593,51388.3,4955,2148,557,https://www.facebook.com/1240372834788281/videos/707331748696104
220634478361516_1144413981050834,2025-06-29,21:54,Photo,113758,0,0,235,166,23,https://www.facebook.com/1240372834788281/posts/1144413981050834
220634478361516_1144188611073371,2025-06-29,16:45,Photo,148416,0,0,347,77,24,https://www.facebook.com/1240372834788281/posts/1144188611073371
220634478361516_1144186291073603,2025-06-29,16:42,Photo,70401,0,0,149,32,13,https://www.facebook.com/1240372834788281/posts/1144186291073603
220634478361516_1144171704408395,2025-06-29,16:19,Photo,90965,0,0,2826,369,58,https://www.facebook.com/1240372834788281/posts/1144171704408395
220634478361516_1144102537748645,2025-06-29,14:24,Photo,97806,0,0,482,407,33,https://www.facebook.com/1240372834788281/posts/1144102537748645
220634478361516_1143993444426221,2025-06-29,12:35,Photo,174317,0,0,936,59,48,https://www.facebook.com/1240372834788281/posts/1143993444426221
220634478361516_1143973804428185,2025-06-29,12:01,Video,21737,8817,11477.1,131,13,10,https://www.facebook.com/1240372834788281/videos/1042693611330526
220634478361516_1143913484434217,2025-06-29,10:01,Video,24406,11338,12582.4,179,9,7,https://www.facebook.com/1240372834788281/videos/4017044438560590
220634478361516_1143913481100884,2025-06-29,10:01,Photo,95593,0,0,156,68,15,https://www.facebook.com/1240372834788281/posts/1143913481100884
220634478361516_1143903757768523,2025-06-29,09:42,Photo,54362,0,0,123,32,3,https://www.facebook.com/1240372834788281/posts/1143903757768523
220634478361516_1143837417775157,2025-06-29,07:30,Video,98613,60465,84675.9,758,55,73,https://www.facebook.com/1240372834788281/videos/1240438974532483
220634478361516_1143599184465647,2025-06-28,23:15,Video,121168,70440,68716.2,443,45,26,https://www.facebook.com/1240372834788281/videos/3812644855538865
220634478361516_1143582104467355,2025-06-28,22:39,Photo,56881,0,0,115,56,5,https://www.facebook.com/1240372834788281/posts/1143582104467355
220634478361516_1143515237807375,2025-06-28,20:40,Video,59355,29571,26515.8,320,66,23,https://www.facebook.com/1240372834788281/videos/708587085358584
220634478361516_1143450327813866,2025-06-28,18:53,Photo,130912,0,0,1651,217,47,https://www.facebook.com/1240372834788281/posts/1143450327813866
220634478361516_1143338621158370,2025-06-28,15:53,Photo,239682,0,0,819,79,20,https://www.facebook.com/1240372834788281/posts/1143338621158370
220634478361516_1143200991172133,2025-06-28,12:01,Video,18556,6322,4241.3,305,23,30,https://www.facebook.com/1240372834788281/videos/2196361250777321
220634478361516_1143139544511611,2025-06-28,10:01,Video,34533,17468,15501.7,304,9,26,https://www.facebook.com/1240372834788281/videos/1387534479184150
220634478361516_1143065777852321,2025-06-28,07:30,Video,72825,39908,44882.1,1183,75,114,https://www.facebook.com/1240372834788281/videos/4172756986274905
220634478361516_1142836987875200,2025-06-28,00:10,Photo,104782,0,0,365,141,16,https://www.facebook.com/1240372834788281/posts/1142836987875200
220634478361516_1142796334545932,2025-06-27,22:48,Photo,88209,0,0,368,40,8,https://www.facebook.com/1240372834788281/posts/1142796334545932
220634478361516_1142772244548341,2025-06-27,22:04,Video,22464,10722,15872.7,212,16,29,https://www.facebook.com/1240372834788281/videos/737921142065056
220634478361516_1142665887892310,2025-06-27,19:11,Video,0,6259,0.0,114,10,12,https://www.facebook.com/1240372834788281/posts/1142665887892310
220634478361516_1142656114559954,2025-06-27,18:59,Photo,111422,0,0,499,69,13,https://www.facebook.com/1240372834788281/posts/1142656114559954
220634478361516_1142600321232200,2025-06-27,17:39,Video,95839,47160,36641.0,1285,29,77,https://www.facebook.com/1240372834788281/videos/1411462846773700
220634478361516_1142503721241860,2025-06-27,15:13,Video,40467,19390,42934.8,510,33,29,https://www.facebook.com/1240372834788281/videos/1822495598694482
220634478361516_1142493694576196,2025-06-27,14:55,Photo,107027,0,0,834,771,63,https://www.facebook.com/1240372834788281/posts/1142493694576196
220634478361516_1142327057926193,2025-06-27,10:01,Video,85815,46742,33772.8,439,35,14,https://www.facebook.com/1240372834788281/videos/713338367968333
220634478361516_1142320451260187,2025-06-27,09:47,Photo,87161,0,0,682,510,53,https://www.facebook.com/1240372834788281/posts/1142320451260187
220634478361516_1142301287928770,2025-06-27,09:08,Photo,94309,0,0,2039,74,90,https://www.facebook.com/1240372834788281/posts/1142301287928770
220634478361516_1142251884600377,2025-06-27,07:30,Video,114773,58962,51221.7,569,38,1198,https://www.facebook.com/1240372834788281/videos/1459500698830230
220634478361516_1141999477958951,2025-06-26,23:05,Video,73610,37189,71383.3,590,128,35,https://www.facebook.com/1240372834788281/videos/1801739043740826
220634478361516_1141930354632530,2025-06-26,21:13,Photo,54547,0,0,106,37,4,https://www.facebook.com/1240372834788281/posts/1141930354632530
220634478361516_1141916737967225,2025-06-26,20:52,Photo,161877,0,0,1211,443,39,https://www.facebook.com/1240372834788281/posts/1141916737967225
220634478361516_1141626057996293,2025-06-26,14:03,Photo,148266,0,0,722,491,21,https://www.facebook.com/1240372834788281/posts/1141626057996293
220634478361516_1141548208004078,2025-06-26,12:01,Video,15319,6711,2124.9,63,13,10,https://www.facebook.com/1240372834788281/videos/1976725456470362
220634478361516_1141508008008098,2025-06-26,10:45,Photo,101731,0,0,832,489,29,https://www.facebook.com/1240372834788281/posts/1141508008008098
220634478361516_1141484244677141,2025-06-26,10:01,Video,30393,16540,17556.5,298,19,10,https://www.facebook.com/1240372834788281/videos/1286216899846913
220634478361516_1141461128012786,2025-06-26,09:17,Photo,92734,0,0,1450,512,64,https://www.facebook.com/1240372834788281/posts/1141461128012786
220634478361516_1141454708013428,2025-06-26,09:06,Photo,37550,0,0,303,17,9,https://www.facebook.com/1240372834788281/posts/1141454708013428
220634478361516_1141402214685344,2025-06-26,07:30,Video,88282,50693,51206.0,448,75,38,https://www.facebook.com/1240372834788281/videos/1262980818821980
220634478361516_1141158481376384,2025-06-25,23:07,Photo,208764,0,0,1206,482,50,https://www.facebook.com/1240372834788281/posts/1141158481376384
220634478361516_1141144808044418,2025-06-25,22:40,Video,328046,179578,262068.1,6117,299,255,https://www.facebook.com/1240372834788281/videos/750754403963085
220634478361516_1141144314711134,2025-06-25,22:38,Photo,212000,0,0,1586,253,101,https://www.facebook.com/1240372834788281/posts/1141144314711134
220634478361516_1141092088049690,2025-06-25,21:07,Photo,317687,0,0,2118,451,72,https://www.facebook.com/1240372834788281/posts/1141092088049690
220634478361516_1141045811387651,2025-06-25,19:57,Photo,74974,0,0,485,20,12,https://www.facebook.com/1240372834788281/posts/1141045811387651
220634478361516_1140931761399056,2025-06-25,16:54,Photo,45057,0,0,91,14,2,https://www.facebook.com/1240372834788281/posts/1140931761399056
220634478361516_1140920918066807,2025-06-25,16:37,Photo,104958,0,0,360,92,11,https://www.facebook.com/1240372834788281/posts/1140920918066807
220634478361516_1140868424738723,2025-06-25,15:12,Photo,79861,0,0,131,32,3,https://www.facebook.com/1240372834788281/posts/1140868424738723
220634478361516_1140786818080217,2025-06-25,12:54,Photo,210913,0,0,1172,643,68,https://www.facebook.com/1240372834788281/posts/1140786818080217
220634478361516_1140735821418650,2025-06-25,11:21,Photo,202621,0,0,2228,1051,165,https://www.facebook.com/1240372834788281/posts/1140735821418650
220634478361516_1140725018086397,2025-06-25,11:00,Video,58259,28348,27059.5,256,18,19,https://www.facebook.com/1240372834788281/videos/1476504467093158
220634478361516_1140703658088533,2025-06-25,10:14,Photo,76174,0,0,1302,158,70,https://www.facebook.com/1240372834788281/posts/1140703658088533
220634478361516_1140697394755826,2025-06-25,10:01,Video,31953,16399,21649.8,393,26,28,https://www.facebook.com/1240372834788281/videos/1486241136087845
220634478361516_1140691594756406,2025-06-25,09:48,Photo,61766,0,0,1001,103,12,https://www.facebook.com/1240372834788281/posts/1140691594756406
220634478361516_1140588128100086,2025-06-25,06:14,Photo,393110,0,0,8771,1742,629,https://www.facebook.com/1240372834788281/posts/1140588128100086
220634478361516_1140401398118759,2025-06-24,23:32,Photo,211560,0,0,5828,259,425,https://www.facebook.com/1240372834788281/posts/1140401398118759
220634478361516_1140385561453676,2025-06-24,23:00,Photo,162902,0,0,1947,139,71,https://www.facebook.com/1240372834788281/posts/1140385561453676
220634478361516_1140345701457662,2025-06-24,21:48,Video,47834,27118,39663.5,328,17,18,https://www.facebook.com/1240372834788281/videos/1105751388049833
220634478361516_1140287781463454,2025-06-24,20:06,Photo,65047,0,0,137,47,10,https://www.facebook.com/1240372834788281/posts/1140287781463454
220634478361516_1140259621466270,2025-06-24,19:22,Photo,107147,0,0,2516,249,54,https://www.facebook.com/1240372834788281/posts/1140259621466270
220634478361516_1140237724801793,2025-06-24,18:47,Photo,310384,0,0,7872,790,338,https://www.facebook.com/1240372834788281/posts/1140237724801793
220634478361516_1140233614802204,2025-06-24,18:40,Photo,265633,0,0,4909,386,113,https://www.facebook.com/1240372834788281/posts/1140233614802204
220634478361516_1140198218139077,2025-06-24,17:43,Photo,105583,0,0,3006,353,61,https://www.facebook.com/1240372834788281/posts/1140198218139077
220634478361516_1140180171474215,2025-06-24,17:15,Photo,262700,0,0,731,245,18,https://www.facebook.com/1240372834788281/posts/1140180171474215
220634478361516_1140154534810112,2025-06-24,16:38,Photo,192497,0,0,271,119,15,https://www.facebook.com/1240372834788281/posts/1140154534810112
220634478361516_1140089084816657,2025-06-24,14:51,Photo,107160,0,0,226,127,7,https://www.facebook.com/1240372834788281/posts/1140089084816657
220634478361516_1140059481486284,2025-06-24,14:04,Photo,223980,0,0,745,555,32,https://www.facebook.com/1240372834788281/posts/1140059481486284
220634478361516_1139990928159806,2025-06-24,12:01,Video,123474,75521,80679.5,871,24,36,https://www.facebook.com/1240372834788281/videos/1056843496539060
220634478361516_1139952994830266,2025-06-24,10:47,Photo,95576,0,0,208,98,15,https://www.facebook.com/1240372834788281/posts/1139952994830266
220634478361516_1139929371499295,2025-06-24,10:01,Video,26837,12261,12317.4,184,17,11,https://www.facebook.com/1240372834788281/videos/1253211216399944
220634478361516_1139926718166227,2025-06-24,09:56,Photo,194922,0,0,937,160,32,https://www.facebook.com/1240372834788281/posts/1139926718166227
220634478361516_1139910028167896,2025-06-24,09:22,Photo,161715,0,0,941,655,47,https://www.facebook.com/1240372834788281/posts/1139910028167896
220634478361516_1139900238168875,2025-06-24,09:02,Photo,33638,0,0,409,41,52,https://www.facebook.com/1240372834788281/posts/1139900238168875
220634478361516_1139880474837518,2025-06-24,08:24,Photo,82124,0,0,255,147,16,https://www.facebook.com/1240372834788281/posts/1139880474837518
220634478361516_1139858984839667,2025-06-24,07:44,Photo,89244,0,0,590,85,29,https://www.facebook.com/1240372834788281/posts/1139858984839667
220634478361516_1139854394840126,2025-06-24,07:35,Photo,91576,0,0,792,39,47,https://www.facebook.com/1240372834788281/posts/1139854394840126
220634478361516_1139851811507051,2025-06-24,07:30,Video,25864,12992,10703.3,158,47,36,https://www.facebook.com/1240372834788281/videos/1243038467832483
220634478361516_1139813628177536,2025-06-24,06:19,Photo,163356,0,0,1041,146,51,https://www.facebook.com/1240372834788281/posts/1139813628177536
220634478361516_1139683514857214,2025-06-24,01:51,Photo,203443,0,0,405,171,27,https://www.facebook.com/1240372834788281/posts/1139683514857214
220634478361516_1139667174858848,2025-06-24,01:11,Photo,171269,0,0,547,208,39,https://www.facebook.com/1240372834788281/posts/1139667174858848
220634478361516_1139608711531361,2025-06-23,23:02,Photo,113872,0,0,831,95,12,https://www.facebook.com/1240372834788281/posts/1139608711531361
220634478361516_1139603698198529,2025-06-23,22:53,Photo,119548,0,0,304,113,13,https://www.facebook.com/1240372834788281/posts/1139603698198529
220634478361516_1139592931532939,2025-06-23,22:35,Video,85192,50794,65462.2,763,48,61,https://www.facebook.com/1240372834788281/videos/1429533981389788
220634478361516_1139543414871224,2025-06-23,21:09,Photo,243130,0,0,585,219,19,https://www.facebook.com/1240372834788281/posts/1139543414871224
220634478361516_1139472708211628,2025-06-23,19:13,Video,39776,16272,4550.4,197,2,12,https://www.facebook.com/1240372834788281/videos/1517187972584900
220634478361516_1139367804888785,2025-06-23,17:06,Photo,64389,0,0,198,39,7,https://www.facebook.com/1240372834788281/posts/1139367804888785
220634478361516_1139343634891202,2025-06-23,16:30,Photo,207586,0,0,5543,264,95,https://www.facebook.com/1240372834788281/posts/1139343634891202
220634478361516_1139341608224738,2025-06-23,16:27,Photo,80847,0,0,1397,181,53,https://www.facebook.com/1240372834788281/posts/1139341608224738
220634478361516_1139231534902412,2025-06-23,13:30,Photo,70167,0,0,482,57,27,https://www.facebook.com/1240372834788281/posts/1139231534902412
220634478361516_1139181644907401,2025-06-23,12:01,Video,27524,14459,14375.9,252,17,16,https://www.facebook.com/1240372834788281/videos/602537295736432
220634478361516_1139159808242918,2025-06-23,11:19,Photo,79313,0,0,164,20,11,https://www.facebook.com/1240372834788281/posts/1139159808242918
220634478361516_1139120524913513,2025-06-23,10:01,Video,23000,11104,9903.4,125,13,15,https://www.facebook.com/1240372834788281/videos/2003212843418029
220634478361516_1139118458247053,2025-06-23,09:57,Photo,108840,0,0,839,221,22,https://www.facebook.com/1240372834788281/posts/1139118458247053
220634478361516_1139060538252845,2025-06-23,07:56,Photo,167818,0,0,238,29,5,https://www.facebook.com/1240372834788281/posts/1139060538252845
220634478361516_1139048814920684,2025-06-23,07:31,Video,113235,53590,44776.5,1446,544,199,https://www.facebook.com/1240372834788281/videos/671098752626982
220634478361516_1138923798266519,2025-06-23,03:21,Photo,129634,0,0,426,72,22,https://www.facebook.com/1240372834788281/posts/1138923798266519
220634478361516_1138762574949308,2025-06-22,21:41,Video,29465,14438,8761.0,239,13,14,https://www.facebook.com/1240372834788281/videos/1071196724394553
220634478361516_1138758231616409,2025-06-22,21:32,Video,43701,22408,21389.4,421,16,23,https://www.facebook.com/1240372834788281/videos/629503076924094
220634478361516_1138699781622254,2025-06-22,20:01,Video,31699,16300,18590.3,179,12,13,https://www.facebook.com/1240372834788281/videos/10013137108806333
220634478361516_1138693658289533,2025-06-22,19:51,Photo,174444,0,0,1041,158,80,https://www.facebook.com/1240372834788281/posts/1138693658289533
220634478361516_1138500741642158,2025-06-22,15:39,Photo,85572,0,0,630,64,15,https://www.facebook.com/1240372834788281/posts/1138500741642158
220634478361516_1138465108312388,2025-06-22,14:38,Photo,373093,0,0,680,344,40,https://www.facebook.com/1240372834788281/posts/1138465108312388
220634478361516_1138371944988371,2025-06-22,11:50,Photo,82700,0,0,1349,140,55,https://www.facebook.com/1240372834788281/posts/1138371944988371
220634478361516_1138362318322667,2025-06-22,11:30,Photo,146033,0,0,4195,460,108,https://www.facebook.com/1240372834788281/posts/1138362318322667
220634478361516_1138317474993818,2025-06-22,10:02,Video,29948,14748,10794.6,223,42,13,https://www.facebook.com/1240372834788281/videos/1396555718062360
220634478361516_1138304411661791,2025-06-22,09:33,Photo,416664,0,0,2659,368,96,https://www.facebook.com/1240372834788281/posts/1138304411661791
220634478361516_1138267991665433,2025-06-22,08:19,Photo,119126,0,0,750,45,27,https://www.facebook.com/1240372834788281/posts/1138267991665433
220634478361516_1138255718333327,2025-06-22,07:53,Photo,283640,0,0,1950,102,69,https://www.facebook.com/1240372834788281/posts/1138255718333327
220634478361516_1138247788334120,2025-06-22,07:36,Status,70439,0,0,174,8,4,https://www.facebook.com/1240372834788281/posts/1138247788334120
220634478361516_1138244488334450,2025-06-22,07:31,Video,124990,68536,108454.7,815,27,35,https://www.facebook.com/1240372834788281/videos/639395589151356
220634478361516_1138244125001153,2025-06-22,07:30,Video,12964,4261,3448.7,129,13,11,https://www.facebook.com/1240372834788281/videos/1440135114073403
220634478361516_1138184885007077,2025-06-22,05:31,Photo,233475,0,0,5372,412,326,https://www.facebook.com/1240372834788281/posts/1138184885007077
220634478361516_1138144568344442,2025-06-22,04:07,Photo,140703,0,0,241,28,49,https://www.facebook.com/1240372834788281/posts/1138144568344442
220634478361516_1138131431679089,2025-06-22,03:38,Photo,121069,0,0,805,91,42,https://www.facebook.com/1240372834788281/posts/1138131431679089
220634478361516_1138125775012988,2025-06-22,03:25,Photo,152704,0,0,1921,215,128,https://www.facebook.com/1240372834788281/posts/1138125775012988
220634478361516_1138027428356156,2025-06-21,23:50,Video,253020,148244,54600.8,1358,233,50,https://www.facebook.com/1240372834788281/videos/1041542878069191
220634478361516_1138013668357532,2025-06-21,23:25,Video,149076,84770,85614.4,2071,167,187,https://www.facebook.com/1240372834788281/videos/1888682531892504
220634478361516_1137875231704709,2025-06-21,19:13,Photo,97960,0,0,70,12,8,https://www.facebook.com/1240372834788281/posts/1137875231704709
220634478361516_1137777645047801,2025-06-21,16:31,Photo,138704,0,0,1236,109,44,https://www.facebook.com/1240372834788281/posts/1137777645047801
220634478361516_1137745041717728,2025-06-21,15:36,Photo,299456,0,0,1900,218,88,https://www.facebook.com/1240372834788281/posts/1137745041717728
220634478361516_1137595008399398,2025-06-21,11:05,Photo,130794,0,0,476,49,26,https://www.facebook.com/1240372834788281/posts/1137595008399398
220634478361516_1137563881735844,2025-06-21,10:01,Video,21842,10027,5545.9,87,16,12,https://www.facebook.com/1240372834788281/videos/648037931606246
220634478361516_1137547668404132,2025-06-21,09:26,Video,25145,12168,8506.7,188,74,15,https://www.facebook.com/1240372834788281/videos/701643346058652
220634478361516_1137492855076280,2025-06-21,07:30,Video,69003,37439,66618.2,990,71,63,https://www.facebook.com/1240372834788281/videos/1079728507547588
220634478361516_1137262735099292,2025-06-20,23:31,Video,73771,41044,27317.5,214,14,21,https://www.facebook.com/1240372834788281/videos/2979720222234763
220634478361516_1137250928433806,2025-06-20,23:07,Photo,189379,0,0,1158,352,32,https://www.facebook.com/1240372834788281/posts/1137250928433806
220634478361516_1137224385103127,2025-06-20,22:17,Photo,204043,0,0,3845,453,124,https://www.facebook.com/1240372834788281/posts/1137224385103127
220634478361516_1137202418438657,2025-06-20,21:33,Photo,244027,0,0,1135,278,70,https://www.facebook.com/1240372834788281/posts/1137202418438657
220634478361516_1137170815108484,2025-06-20,20:35,Photo,409029,0,0,2843,1682,77,https://www.facebook.com/1240372834788281/posts/1137170815108484
220634478361516_1137120155113550,2025-06-20,19:13,Photo,124671,0,0,661,274,31,https://www.facebook.com/1240372834788281/posts/1137120155113550
220634478361516_1137088005116765,2025-06-20,18:19,Photo,128163,0,0,660,93,66,https://www.facebook.com/1240372834788281/posts/1137088005116765
220634478361516_1137079655117600,2025-06-20,18:05,Photo,96167,0,0,869,64,23,https://www.facebook.com/1240372834788281/posts/1137079655117600
220634478361516_1137025691789663,2025-06-20,16:46,Photo,101895,0,0,314,40,17,https://www.facebook.com/1240372834788281/posts/1137025691789663
220634478361516_1136473295178236,2025-06-19,22:25,Video,151610,81852,127188.0,1237,97,71,https://www.facebook.com/1240372834788281/videos/1292889395130905
220634478361516_1136413141850918,2025-06-19,20:37,Photo,257742,0,0,1039,1349,41,https://www.facebook.com/1240372834788281/posts/1136413141850918
220634478361516_1136407501851482,2025-06-19,20:32,Video,106290,47927,147498.0,1821,321,107,https://www.facebook.com/1240372834788281/videos/1260822148736323
220634478361516_1136364845189081,2025-06-19,19:16,Photo,116271,0,0,2414,271,59,https://www.facebook.com/1240372834788281/posts/1136364845189081
220634478361516_1136317288527170,2025-06-19,18:05,Video,109029,57239,138700.2,808,94,51,https://www.facebook.com/1240372834788281/videos/1234069511516486
220634478361516_1136223261869906,2025-06-19,15:37,Photo,323113,0,0,2717,2228,208,https://www.facebook.com/1240372834788281/posts/1136223261869906
220634478361516_1136207845204781,2025-06-19,15:15,Video,13120,5810,1214.1,72,14,8,https://www.facebook.com/1240372834788281/videos/642246068827893
220634478361516_1136206421871590,2025-06-19,15:12,Photo,194805,0,0,523,93,42,https://www.facebook.com/1240372834788281/posts/1136206421871590
220634478361516_1136148901877342,2025-06-19,13:29,Photo,86689,0,0,141,188,9,https://www.facebook.com/1240372834788281/posts/1136148901877342
220634478361516_1136133808545518,2025-06-19,13:04,Video,47252,24223,42977.9,773,32,29,https://www.facebook.com/1240372834788281/videos/1928737744631940
220634478361516_1135990918559807,2025-06-19,08:36,Photo,376649,0,0,1874,720,149,https://www.facebook.com/1240372834788281/posts/1135990918559807
220634478361516_1135982728560626,2025-06-19,08:22,Photo,115056,0,0,333,41,22,https://www.facebook.com/1240372834788281/posts/1135982728560626
220634478361516_1135980775227488,2025-06-19,08:19,Photo,244199,0,0,2711,332,164,https://www.facebook.com/1240372834788281/posts/1135980775227488
220634478361516_1135961445229421,2025-06-19,07:42,Photo,226073,0,0,752,89,43,https://www.facebook.com/1240372834788281/posts/1135961445229421
220634478361516_1135737698585129,2025-06-18,23:30,Photo,180761,0,0,799,116,17,https://www.facebook.com/1240372834788281/posts/1135737698585129
220634478361516_1135696405255925,2025-06-18,22:04,Photo,106777,0,0,782,41,15,https://www.facebook.com/1240372834788281/posts/1135696405255925
220634478361516_1135630681929164,2025-06-18,20:08,Photo,80261,0,0,2404,388,70,https://www.facebook.com/1240372834788281/posts/1135630681929164
220634478361516_1135487668610132,2025-06-18,16:20,Photo,232677,0,0,778,58,6,https://www.facebook.com/1240372834788281/posts/1135487668610132
220634478361516_1135431615282404,2025-06-18,14:56,Photo,83433,0,0,84,65,6,https://www.facebook.com/1240372834788281/posts/1135431615282404
220634478361516_1135396661952566,2025-06-18,13:54,Photo,152627,0,0,3439,412,110,https://www.facebook.com/1240372834788281/posts/1135396661952566
220634478361516_1135391698619729,2025-06-18,13:45,Photo,210991,0,0,1022,798,30,https://www.facebook.com/1240372834788281/posts/1135391698619729
220634478361516_1135347918624107,2025-06-18,12:20,Photo,123067,0,0,1103,352,83,https://www.facebook.com/1240372834788281/posts/1135347918624107
220634478361516_1135338085291757,2025-06-18,11:58,Photo,132406,0,0,256,146,15,https://www.facebook.com/1240372834788281/posts/1135338085291757
220634478361516_1135322728626626,2025-06-18,11:25,Photo,230191,0,0,427,126,11,https://www.facebook.com/1240372834788281/posts/1135322728626626
220634478361516_1135282438630655,2025-06-18,10:01,Photo,123272,0,0,379,85,21,https://www.facebook.com/1240372834788281/posts/1135282438630655
220634478361516_1135270688631830,2025-06-18,09:35,Photo,205274,0,0,359,637,8,https://www.facebook.com/1240372834788281/posts/1135270688631830
220634478361516_1135054461986786,2025-06-18,01:22,Status,91948,0,0,200,20,3,https://www.facebook.com/1240372834788281/posts/1135054461986786
220634478361516_1134879725337593,2025-06-17,19:24,Photo,159802,0,0,3688,429,91,https://www.facebook.com/1240372834788281/posts/1134879725337593
220634478361516_1134877472004485,2025-06-17,19:20,Photo,76573,0,0,1249,147,25,https://www.facebook.com/1240372834788281/posts/1134877472004485
220634478361516_1134851885340377,2025-06-17,18:39,Photo,78915,0,0,1551,128,30,https://www.facebook.com/1240372834788281/posts/1134851885340377
220634478361516_1134594902032742,2025-06-17,11:28,Photo,114294,0,0,1390,62,62,https://www.facebook.com/1240372834788281/posts/1134594902032742
220634478361516_1134532892038943,2025-06-17,09:24,Photo,136923,0,0,1508,263,30,https://www.facebook.com/1240372834788281/posts/1134532892038943
220634478361516_1134526388706260,2025-06-17,09:11,Status,59708,0,0,95,10,5,https://www.facebook.com/1240372834788281/posts/1134526388706260
220634478361516_1134437032048529,2025-06-17,06:09,Photo,99854,0,0,2860,397,75,https://www.facebook.com/1240372834788281/posts/1134437032048529
220634478361516_1134375225388043,2025-06-17,04:00,Photo,121090,0,0,226,32,16,https://www.facebook.com/1240372834788281/posts/1134375225388043
220634478361516_1134300005395565,2025-06-17,01:03,Photo,58945,0,0,755,115,23,https://www.facebook.com/1240372834788281/posts/1134300005395565
220634478361516_1134298202062412,2025-06-17,00:59,Photo,84135,0,0,192,18,13,https://www.facebook.com/1240372834788281/posts/1134298202062412
220634478361516_1134204818738417,2025-06-16,21:48,Photo,151277,0,0,4164,459,100,https://www.facebook.com/1240372834788281/posts/1134204818738417
220634478361516_1134149945410571,2025-06-16,20:07,Video,34355,15262,7423.1,211,51,13,https://www.facebook.com/1240372834788281/videos/1247216253749771
220634478361516_1134117515413814,2025-06-16,19:14,Photo,135725,0,0,464,304,13,https://www.facebook.com/1240372834788281/posts/1134117515413814
220634478361516_1134062815419284,2025-06-16,17:44,Photo,319146,0,0,1038,77,37,https://www.facebook.com/1240372834788281/posts/1134062815419284
220634478361516_1134022125423353,2025-06-16,16:37,Photo,65434,0,0,189,28,15,https://www.facebook.com/1240372834788281/posts/1134022125423353
220634478361516_1134021708756728,2025-06-16,16:37,Photo,84151,0,0,147,32,16,https://www.facebook.com/1240372834788281/posts/1134021708756728
220634478361516_1133979562094276,2025-06-16,15:32,Photo,70064,0,0,973,113,20,https://www.facebook.com/1240372834788281/posts/1133979562094276
220634478361516_1133944192097813,2025-06-16,14:34,Photo,46313,0,0,788,104,21,https://www.facebook.com/1240372834788281/posts/1133944192097813
220634478361516_1133807805444785,2025-06-16,10:23,Photo,105336,0,0,2643,418,57,https://www.facebook.com/1240372834788281/posts/1133807805444785
220634478361516_1133785402113692,2025-06-16,09:39,Photo,172146,0,0,875,64,23,https://www.facebook.com/1240372834788281/posts/1133785402113692
220634478361516_1133768555448710,2025-06-16,09:03,Photo,69296,0,0,129,30,6,https://www.facebook.com/1240372834788281/posts/1133768555448710
220634478361516_1133745055451060,2025-06-16,08:13,Photo,438510,0,0,1953,195,93,https://www.facebook.com/1240372834788281/posts/1133745055451060
220634478361516_1133722195453346,2025-06-16,07:25,Status,72569,0,0,261,9,3,https://www.facebook.com/1240372834788281/posts/1133722195453346
220634478361516_1133680325457533,2025-06-16,06:03,Photo,89142,0,0,364,49,16,https://www.facebook.com/1240372834788281/posts/1133680325457533
220634478361516_1133666122125620,2025-06-16,05:35,Photo,94588,0,0,239,32,11,https://www.facebook.com/1240372834788281/posts/1133666122125620
220634478361516_1133659572126275,2025-06-16,05:23,Photo,127264,0,0,377,32,18,https://www.facebook.com/1240372834788281/posts/1133659572126275
220634478361516_1133638695461696,2025-06-16,04:45,Photo,146622,0,0,355,20,25,https://www.facebook.com/1240372834788281/posts/1133638695461696
220634478361516_1133495202142712,2025-06-15,23:42,Video,46693,23297,11722.8,519,25,31,https://www.facebook.com/1240372834788281/videos/738210375411775
220634478361516_1133478388811060,2025-06-15,23:06,Video,67617,34472,40757.2,905,30,56,https://www.facebook.com/1240372834788281/videos/1823793401499335
220634478361516_1133434612148771,2025-06-15,21:39,Photo,74057,0,0,187,20,9,https://www.facebook.com/1240372834788281/posts/1133434612148771
220634478361516_1133424145483151,2025-06-15,21:20,Photo,135883,0,0,2450,284,38,https://www.facebook.com/1240372834788281/posts/1133424145483151
220634478361516_1133399055485660,2025-06-15,20:38,Status,101953,0,0,248,7,6,https://www.facebook.com/1240372834788281/posts/1133399055485660
220634478361516_1133357442156488,2025-06-15,19:42,Photo,108900,0,0,2646,176,65,https://www.facebook.com/1240372834788281/posts/1133357442156488
220634478361516_1133252302167002,2025-06-15,17:37,Photo,94787,0,0,693,33,28,https://www.facebook.com/1240372834788281/posts/1133252302167002
220634478361516_1133227808836118,2025-06-15,17:06,Photo,239788,0,0,1771,963,44,https://www.facebook.com/1240372834788281/posts/1133227808836118
220634478361516_1133177145507851,2025-06-15,16:00,Photo,137244,0,0,781,37,18,https://www.facebook.com/1240372834788281/posts/1133177145507851
220634478361516_1133174148841484,2025-06-15,15:55,Status,121594,0,0,245,13,5,https://www.facebook.com/1240372834788281/posts/1133174148841484
220634478361516_1133068388852060,2025-06-15,12:55,Photo,124719,0,0,2323,308,34,https://www.facebook.com/1240372834788281/posts/1133068388852060
220634478361516_1133002062192026,2025-06-15,10:54,Photo,240515,0,0,506,52,35,https://www.facebook.com/1240372834788281/posts/1133002062192026
220634478361516_1132954248863474,2025-06-15,09:23,Photo,169182,0,0,5152,439,194,https://www.facebook.com/1240372834788281/posts/1132954248863474
220634478361516_1132952605530305,2025-06-15,09:21,Video,352892,222855,126241.1,10000,986,377,https://www.facebook.com/1240372834788281/videos/722437183481714
220634478361516_1132910495534516,2025-06-15,08:04,Status,138322,0,0,310,120,5,https://www.facebook.com/1240372834788281/posts/1132910495534516
220634478361516_1132908538868045,2025-06-15,08:00,Video,32821,17164,5587.0,462,30,21,https://www.facebook.com/1240372834788281/videos/1106299338071256
220634478361516_1132884948870404,2025-06-15,07:16,Photo,105003,0,0,2351,334,67,https://www.facebook.com/1240372834788281/posts/1132884948870404
220634478361516_1132836778875221,2025-06-15,05:47,Photo,148626,0,0,834,97,35,https://www.facebook.com/1240372834788281/posts/1132836778875221
220634478361516_1132819745543591,2025-06-15,05:16,Photo,134774,0,0,525,61,34,https://www.facebook.com/1240372834788281/posts/1132819745543591
220634478361516_1132803875545178,2025-06-15,04:47,Photo,122987,0,0,676,84,20,https://www.facebook.com/1240372834788281/posts/1132803875545178
220634478361516_1132780608880838,2025-06-15,04:03,Photo,586784,0,0,10000,2347,443,https://www.facebook.com/1240372834788281/posts/1132780608880838
220634478361516_1132773255548240,2025-06-15,03:50,Photo,300678,0,0,1571,215,37,https://www.facebook.com/1240372834788281/posts/1132773255548240
220634478361516_1132764572215775,2025-06-15,03:32,Photo,268254,0,0,1124,100,18,https://www.facebook.com/1240372834788281/posts/1132764572215775
220634478361516_1132753615550204,2025-06-15,03:09,Photo,360459,0,0,1191,145,48,https://www.facebook.com/1240372834788281/posts/1132753615550204
220634478361516_1132749458883953,2025-06-15,03:00,Photo,146154,0,0,176,17,5,https://www.facebook.com/1240372834788281/posts/1132749458883953
220634478361516_1132673432224889,2025-06-15,00:16,Photo,210938,0,0,792,119,11,https://www.facebook.com/1240372834788281/posts/1132673432224889
220634478361516_1132652412226991,2025-06-14,23:40,Photo,176344,0,0,1027,171,28,https://www.facebook.com/1240372834788281/posts/1132652412226991
220634478361516_1132626838896215,2025-06-14,22:48,Photo,122540,0,0,384,20,7,https://www.facebook.com/1240372834788281/posts/1132626838896215
220634478361516_1132622832229949,2025-06-14,22:40,Photo,173732,0,0,474,33,87,https://www.facebook.com/1240372834788281/posts/1132622832229949
220634478361516_1132598722232360,2025-06-14,21:54,Photo,71307,0,0,70,25,15,https://www.facebook.com/1240372834788281/posts/1132598722232360
220634478361516_1132359782256254,2025-06-14,15:44,Photo,320792,0,0,5016,757,105,https://www.facebook.com/1240372834788281/posts/1132359782256254
220634478361516_1132346228924276,2025-06-14,15:22,Photo,385340,0,0,6025,344,207,https://www.facebook.com/1240372834788281/posts/1132346228924276
220634478361516_1132239868934912,2025-06-14,12:16,Photo,464381,0,0,5828,723,111,https://www.facebook.com/1240372834788281/posts/1132239868934912
220634478361516_1132185195607046,2025-06-14,10:31,Photo,196616,0,0,295,38,20,https://www.facebook.com/1240372834788281/posts/1132185195607046
220634478361516_1132178195607746,2025-06-14,10:17,Photo,290055,0,0,743,586,27,https://www.facebook.com/1240372834788281/posts/1132178195607746
220634478361516_1132161358942763,2025-06-14,09:41,Photo,843225,0,0,2894,629,204,https://www.facebook.com/1240372834788281/posts/1132161358942763
220634478361516_1132127385612827,2025-06-14,08:32,Photo,248383,0,0,1685,776,45,https://www.facebook.com/1240372834788281/posts/1132127385612827
220634478361516_1132090432283189,2025-06-14,07:16,Photo,216072,0,0,1450,75,81,https://www.facebook.com/1240372834788281/posts/1132090432283189
220634478361516_1132060472286185,2025-06-14,06:19,Photo,502931,0,0,2300,268,117,https://www.facebook.com/1240372834788281/posts/1132060472286185
220634478361516_1132028175622748,2025-06-14,05:16,Status,126503,0,0,163,22,7,https://www.facebook.com/1240372834788281/posts/1132028175622748
220634478361516_1132011022291130,2025-06-14,04:46,Photo,140754,0,0,255,15,13,https://www.facebook.com/1240372834788281/posts/1132011022291130
220634478361516_1131919575633608,2025-06-14,02:00,Photo,211643,0,0,932,73,22,https://www.facebook.com/1240372834788281/posts/1131919575633608
220634478361516_1131905455635020,2025-06-14,01:26,Photo,175425,0,0,382,50,25,https://www.facebook.com/1240372834788281/posts/1131905455635020
220634478361516_1131863285639237,2025-06-13,23:46,Photo,372526,0,0,5651,161,53,https://www.facebook.com/1240372834788281/posts/1131863285639237
220634478361516_1131828575642708,2025-06-13,22:34,Photo,335373,0,0,1172,122,73,https://www.facebook.com/1240372834788281/posts/1131828575642708
220634478361516_1131819502310282,2025-06-13,22:15,Photo,114501,0,0,170,18,10,https://www.facebook.com/1240372834788281/posts/1131819502310282
220634478361516_1131782432313989,2025-06-13,21:04,Status,138104,0,0,345,23,9,https://www.facebook.com/1240372834788281/posts/1131782432313989
220634478361516_1131757225649843,2025-06-13,20:21,Photo,659635,0,0,8858,701,77,https://www.facebook.com/1240372834788281/posts/1131757225649843
220634478361516_1131748342317398,2025-06-13,20:06,Photo,145079,0,0,349,96,29,https://www.facebook.com/1240372834788281/posts/1131748342317398
220634478361516_1131727978986101,2025-06-13,19:30,Status,132863,0,0,359,29,10,https://www.facebook.com/1240372834788281/posts/1131727978986101
220634478361516_1131691275656438,2025-06-13,18:28,Photo,326167,0,0,2438,925,68,https://www.facebook.com/1240372834788281/posts/1131691275656438
220634478361516_1131679828990916,2025-06-13,18:11,Photo,374479,0,0,1709,1355,25,https://www.facebook.com/1240372834788281/posts/1131679828990916
220634478361516_1131670058991893,2025-06-13,17:55,Photo,148035,0,0,599,103,9,https://www.facebook.com/1240372834788281/posts/1131670058991893
220634478361516_1131597668999132,2025-06-13,16:08,Photo,112829,0,0,1155,123,38,https://www.facebook.com/1240372834788281/posts/1131597668999132
220634478361516_1131504192341813,2025-06-13,14:10,Photo,273837,0,0,833,95,24,https://www.facebook.com/1240372834788281/posts/1131504192341813
220634478361516_1131486892343543,2025-06-13,13:41,Photo,113804,0,0,913,138,15,https://www.facebook.com/1240372834788281/posts/1131486892343543
220634478361516_1131477049011194,2025-06-13,13:24,Photo,157016,0,0,1082,143,37,https://www.facebook.com/1240372834788281/posts/1131477049011194
220634478361516_1131469162345316,2025-06-13,13:10,Video,136929,56799,15144.4,1141,86,40,https://www.facebook.com/1240372834788281/videos/602523692877109
220634478361516_1131462539012645,2025-06-13,12:58,Video,176446,95013,69027.9,3769,290,117,https://www.facebook.com/1240372834788281/videos/1249653690169790
220634478361516_1131438502348382,2025-06-13,12:13,Photo,591889,0,0,6693,510,145,https://www.facebook.com/1240372834788281/posts/1131438502348382
220634478361516_1131413385684227,2025-06-13,11:26,Photo,379039,0,0,10000,1403,290,https://www.facebook.com/1240372834788281/posts/1131413385684227
220634478361516_1131379312354301,2025-06-13,10:16,Photo,477548,0,0,6240,547,264,https://www.facebook.com/1240372834788281/posts/1131379312354301
220634478361516_1131358185689747,2025-06-13,09:33,Status,589806,0,0,1852,185,37,https://www.facebook.com/1240372834788281/posts/1131358185689747
220634478361516_1131313082360924,2025-06-13,08:02,Photo,110514,0,0,362,56,17,https://www.facebook.com/1240372834788281/posts/1131313082360924
220634478361516_1131297829029116,2025-06-13,07:30,Video,261510,160174,302583.9,3203,76,106,https://www.facebook.com/1240372834788281/videos/706103845513220
220634478361516_1131292222363010,2025-06-13,07:20,Photo,194591,0,0,2534,262,79,https://www.facebook.com/1240372834788281/posts/1131292222363010
220634478361516_1131268822365350,2025-06-13,06:36,Photo,234967,0,0,4019,758,250,https://www.facebook.com/1240372834788281/posts/1131268822365350
220634478361516_1131261485699417,2025-06-13,06:21,Video,96704,62542,19633.0,1419,114,104,https://www.facebook.com/1240372834788281/videos/1723582958544911
220634478361516_1131222539036645,2025-06-13,05:04,Photo,108876,0,0,1403,241,26,https://www.facebook.com/1240372834788281/posts/1131222539036645
220634478361516_1131198862372346,2025-06-13,04:20,Photo,143346,0,0,1013,93,42,https://www.facebook.com/1240372834788281/posts/1131198862372346
220634478361516_1131179095707656,2025-06-13,03:38,Photo,93042,0,0,145,29,24,https://www.facebook.com/1240372834788281/posts/1131179095707656
220634478361516_1131172795708286,2025-06-13,03:23,Photo,173651,0,0,734,106,46,https://www.facebook.com/1240372834788281/posts/1131172795708286
220634478361516_1131165572375675,2025-06-13,03:08,Status,150818,0,0,395,39,9,https://www.facebook.com/1240372834788281/posts/1131165572375675
220634478361516_1131162232376009,2025-06-13,03:01,Photo,156896,0,0,343,73,26,https://www.facebook.com/1240372834788281/posts/1131162232376009
220634478361516_1131021032390129,2025-06-12,22:00,Video,209895,112151,81262.2,420,332,28,https://www.facebook.com/1240372834788281/videos/1909606436541927
220634478361516_1131005169058382,2025-06-12,21:33,Video,50094,24646,22968.3,294,30,20,https://www.facebook.com/1240372834788281/videos/1052837386814284
220634478361516_1130931062399126,2025-06-12,19:30,Video,30015,14481,7724.8,307,9,11,https://www.facebook.com/1240372834788281/videos/569273579567632
220634478361516_1130873065738259,2025-06-12,17:58,Photo,131768,0,0,2575,155,96,https://www.facebook.com/1240372834788281/posts/1130873065738259
220634478361516_1130771995748366,2025-06-12,15:24,Photo,124915,0,0,1059,256,38,https://www.facebook.com/1240372834788281/posts/1130771995748366
220634478361516_1130752105750355,2025-06-12,14:49,Photo,64246,0,0,354,336,7,https://www.facebook.com/1240372834788281/posts/1130752105750355
220634478361516_1130749132417319,2025-06-12,14:44,Photo,105425,0,0,903,477,91,https://www.facebook.com/1240372834788281/posts/1130749132417319
220634478361516_1130672969091602,2025-06-12,12:28,Video,112357,50421,13187.2,469,62,28,https://www.facebook.com/1240372834788281/videos/1406351997141673
220634478361516_1130658429093056,2025-06-12,12:00,Video,24299,13009,9259.7,165,41,15,https://www.facebook.com/1240372834788281/videos/1251322349726444
220634478361516_1130647339094165,2025-06-12,11:39,Photo,101481,0,0,311,54,13,https://www.facebook.com/1240372834788281/posts/1130647339094165
220634478361516_1130536222438610,2025-06-12,07:45,Photo,107715,0,0,798,493,35,https://www.facebook.com/1240372834788281/posts/1130536222438610
220634478361516_1130300775795488,2025-06-11,23:21,Video,37962,18186,7413.2,648,25,39,https://www.facebook.com/1240372834788281/videos/1144490714387795
220634478361516_1130258252466407,2025-06-11,21:57,Photo,44416,0,0,409,17,10,https://www.facebook.com/1240372834788281/posts/1130258252466407
220634478361516_1130247332467499,2025-06-11,21:37,Photo,81632,0,0,1243,64,34,https://www.facebook.com/1240372834788281/posts/1130247332467499
220634478361516_1130226875802878,2025-06-11,21:01,Photo,54548,0,0,1119,79,26,https://www.facebook.com/1240372834788281/posts/1130226875802878
220634478361516_1130141722478060,2025-06-11,18:41,Photo,83785,0,0,114,27,5,https://www.facebook.com/1240372834788281/posts/1130141722478060
220634478361516_1130121285813437,2025-06-11,18:07,Photo,110023,0,0,745,61,21,https://www.facebook.com/1240372834788281/posts/1130121285813437
220634478361516_1130104129148486,2025-06-11,17:41,Video,20152,9416,5520.1,143,22,28,https://www.facebook.com/1240372834788281/videos/735212882519891
220634478361516_1129954085830157,2025-06-11,13:47,Photo,557602,0,0,4201,738,48,https://www.facebook.com/1240372834788281/posts/1129954085830157
220634478361516_1129833895842176,2025-06-11,10:01,Video,304066,156197,141213.7,2170,39,48,https://www.facebook.com/1240372834788281/videos/725264139991901
220634478361516_1129760585849507,2025-06-11,07:30,Video,154886,62565,86126.4,535,68,61,https://www.facebook.com/1240372834788281/videos/1402934881048201
220634478361516_1129486765876889,2025-06-10,22:14,Video,429483,200811,187586.1,2855,305,59,https://www.facebook.com/1240372834788281/videos/1091290112891255
220634478361516_1129480289210870,2025-06-10,22:01,Video,34784,19452,10585.6,197,20,9,https://www.facebook.com/1240372834788281/videos/4029984770653253
220634478361516_1129450179213881,2025-06-10,21:00,Photo,335252,0,0,3074,1465,71,https://www.facebook.com/1240372834788281/posts/1129450179213881
220634478361516_1129423229216576,2025-06-10,20:14,Video,110207,56507,87778.3,745,92,43,https://www.facebook.com/1240372834788281/videos/9718488658273240
220634478361516_1129367002555532,2025-06-10,18:41,Photo,287741,0,0,1493,187,22,https://www.facebook.com/1240372834788281/posts/1129367002555532
220634478361516_1129319305893635,2025-06-10,17:31,Video,18897,8553,4814.7,142,10,26,https://www.facebook.com/1240372834788281/videos/1033608215567205
220634478361516_1129285142563718,2025-06-10,16:35,Video,100947,49825,51660.2,741,76,100,https://www.facebook.com/1240372834788281/videos/1068045798581604
220634478361516_1129271985898367,2025-06-10,16:15,Photo,58154,0,0,134,55,6,https://www.facebook.com/1240372834788281/posts/1129271985898367
220634478361516_1129239185901647,2025-06-10,15:27,Photo,66378,0,0,470,289,9,https://www.facebook.com/1240372834788281/posts/1129239185901647
220634478361516_1129222805903285,2025-06-10,15:00,Photo,153849,0,0,1733,2402,194,https://www.facebook.com/1240372834788281/posts/1129222805903285
220634478361516_1129177292574503,2025-06-10,13:43,Photo,41785,0,0,122,33,8,https://www.facebook.com/1240372834788281/posts/1129177292574503
220634478361516_1129072595918306,2025-06-10,10:09,Photo,1187066,0,0,9595,3155,238,https://www.facebook.com/1240372834788281/posts/1129072595918306
220634478361516_1129068729252026,2025-06-10,10:01,Video,33103,15793,26338.0,721,99,115,https://www.facebook.com/1240372834788281/videos/721553673662166
220634478361516_1129057282586504,2025-06-10,09:36,Photo,142586,0,0,970,170,19,https://www.facebook.com/1240372834788281/posts/1129057282586504
220634478361516_1129049185920647,2025-06-10,09:18,Photo,61053,0,0,507,39,5,https://www.facebook.com/1240372834788281/posts/1129049185920647
220634478361516_1129031699255729,2025-06-10,08:42,Video,253828,136766,253629.6,1753,126,78,https://www.facebook.com/1240372834788281/videos/1347041676361649
220634478361516_1128747039284195,2025-06-09,22:30,Photo,190402,0,0,559,381,16,https://www.facebook.com/1240372834788281/posts/1128747039284195
220634478361516_1128740335951532,2025-06-09,22:16,Video,2280372,1163817,2512049.3,27675,8448,3076,https://www.facebook.com/1240372834788281/videos/685589581020776
220634478361516_1128735132618719,2025-06-09,22:06,Photo,95554,0,0,959,162,33,https://www.facebook.com/1240372834788281/posts/1128735132618719
220634478361516_1128676489291250,2025-06-09,20:23,Photo,165671,0,0,418,62,63,https://www.facebook.com/1240372834788281/posts/1128676489291250
220634478361516_1128546889304210,2025-06-09,16:48,Photo,165923,0,0,1036,160,64,https://www.facebook.com/1240372834788281/posts/1128546889304210
220634478361516_1128533599305539,2025-06-09,16:25,Video,32131,16025,9492.6,128,22,6,https://www.facebook.com/1240372834788281/videos/697545223065082
220634478361516_1128442545981311,2025-06-09,13:52,Photo,85057,0,0,1629,748,53,https://www.facebook.com/1240372834788281/posts/1128442545981311
220634478361516_1128326815992884,2025-06-09,10:01,Video,18836,9801,7591.8,260,26,30,https://www.facebook.com/1240372834788281/videos/693124050372907
220634478361516_1128254642666768,2025-06-09,07:30,Video,52750,29651,18321.5,545,272,43,https://www.facebook.com/1240372834788281/videos/729248079602085
220634478361516_1128208956004670,2025-06-09,06:03,Photo,767404,0,0,9606,1602,364,https://www.facebook.com/1240372834788281/posts/1128208956004670
220634478361516_1127997249359174,2025-06-08,23:12,Photo,40947,0,0,167,14,5,https://www.facebook.com/1240372834788281/posts/1127997249359174
220634478361516_1127926462699586,2025-06-08,21:30,Video,199272,104493,238321.2,1443,129,71,https://www.facebook.com/1240372834788281/videos/1362778478356949
220634478361516_1127906422701590,2025-06-08,20:27,Photo,137777,0,0,477,45,12,https://www.facebook.com/1240372834788281/posts/1127906422701590
220634478361516_1127742766051289,2025-06-08,17:00,Photo,44014,0,0,248,137,6,https://www.facebook.com/1240372834788281/posts/1127742766051289
220634478361516_1127671292725103,2025-06-08,15:16,Photo,135960,0,0,601,376,13,https://www.facebook.com/1240372834788281/posts/1127671292725103
220634478361516_1127660712726161,2025-06-08,14:58,Video,14026,4920,1725.9,105,3,13,https://www.facebook.com/1240372834788281/videos/1807221893469757
220634478361516_1127634969395402,2025-06-08,14:12,Photo,104314,0,0,2586,960,130,https://www.facebook.com/1240372834788281/posts/1127634969395402
220634478361516_1127620069396892,2025-06-08,13:46,Photo,250946,0,0,778,157,32,https://www.facebook.com/1240372834788281/posts/1127620069396892
220634478361516_1127571079401791,2025-06-08,12:13,Photo,100522,0,0,2230,1421,97,https://www.facebook.com/1240372834788281/posts/1127571079401791
220634478361516_1127562092736023,2025-06-08,11:56,Photo,128973,0,0,701,236,57,https://www.facebook.com/1240372834788281/posts/1127562092736023
220634478361516_1127547102737522,2025-06-08,11:26,Photo,374895,0,0,10000,1753,349,https://www.facebook.com/1240372834788281/posts/1127547102737522
220634478361516_1127543389404560,2025-06-08,11:18,Photo,252008,0,0,186,84,8,https://www.facebook.com/1240372834788281/posts/1127543389404560
220634478361516_1127517609407138,2025-06-08,10:27,Photo,70599,0,0,386,108,33,https://www.facebook.com/1240372834788281/posts/1127517609407138
220634478361516_1127504939408405,2025-06-08,10:01,Video,72850,43570,39035.1,479,64,47,https://www.facebook.com/1240372834788281/videos/637012002680401
220634478361516_1127201929438706,2025-06-07,23:11,Photo,162071,0,0,523,102,19,https://www.facebook.com/1240372834788281/posts/1127201929438706
220634478361516_1127150889443810,2025-06-07,21:27,Video,348736,126417,37071.1,9091,2628,1326,https://www.facebook.com/1240372834788281/videos/1389643012077773
220634478361516_1127140999444799,2025-06-07,21:09,Photo,91077,0,0,1794,277,62,https://www.facebook.com/1240372834788281/posts/1127140999444799
220634478361516_1127124096113156,2025-06-07,20:39,Photo,94691,0,0,248,31,7,https://www.facebook.com/1240372834788281/posts/1127124096113156
220634478361516_1127112132781019,2025-06-07,20:19,Photo,55871,0,0,1132,92,59,https://www.facebook.com/1240372834788281/posts/1127112132781019
220634478361516_1127102779448621,2025-06-07,20:04,Photo,381077,0,0,2426,785,103,https://www.facebook.com/1240372834788281/posts/1127102779448621
220634478361516_1127033426122223,2025-06-07,18:17,Video,48460,21161,8131.8,310,50,17,https://www.facebook.com/1240372834788281/videos/696154296677372
220634478361516_1127031756122390,2025-06-07,18:14,Photo,83571,0,0,777,122,12,https://www.facebook.com/1240372834788281/posts/1127031756122390
220634478361516_1126993476126218,2025-06-07,17:16,Photo,53153,0,0,1305,48,61,https://www.facebook.com/1240372834788281/posts/1126993476126218
220634478361516_1126946019464297,2025-06-07,16:01,Video,29359,11486,14146.5,289,23,12,https://www.facebook.com/1240372834788281/videos/1387798855841774
220634478361516_1126877126137853,2025-06-07,14:01,Video,78931,40788,74843.0,1613,87,91,https://www.facebook.com/1240372834788281/videos/652735121094108
220634478361516_1126812729477626,2025-06-07,12:01,Video,139455,75239,162986.3,635,862,102,https://www.facebook.com/1240372834788281/videos/2752355594959627
220634478361516_1126770719481827,2025-06-07,10:34,Photo,147109,0,0,3656,251,121,https://www.facebook.com/1240372834788281/posts/1126770719481827
220634478361516_1126753386150227,2025-06-07,10:01,Video,42685,24544,36825.0,215,27,9,https://www.facebook.com/1240372834788281/videos/658506967187162
220634478361516_1126681652824067,2025-06-07,07:31,Video,40869,21419,27685.1,606,302,53,https://www.facebook.com/1240372834788281/videos/4396501780636335
220634478361516_1126265109532388,2025-06-06,18:20,Photo,116541,0,0,2208,318,51,https://www.facebook.com/1240372834788281/posts/1126265109532388
220634478361516_1126232169535682,2025-06-06,17:32,Video,43473,22284,10043.3,154,21,17,https://www.facebook.com/1240372834788281/videos/689380327038591
220634478361516_1126129726212593,2025-06-06,14:42,Photo,69065,0,0,203,202,11,https://www.facebook.com/1240372834788281/posts/1126129726212593
220634478361516_1126041162888116,2025-06-06,12:01,Video,151370,81269,127301.6,1008,38,26,https://www.facebook.com/1240372834788281/videos/702108502428674
220634478361516_1125981472894085,2025-06-06,10:02,Video,32203,14462,21404.9,190,44,20,https://www.facebook.com/1240372834788281/videos/698041206331879
220634478361516_1125908946234671,2025-06-06,07:31,Video,61471,32793,23493.0,421,57,27,https://www.facebook.com/1240372834788281/videos/1709335057133889
220634478361516_1125846512907581,2025-06-06,05:27,Photo,139279,0,0,309,133,21,https://www.facebook.com/1240372834788281/posts/1125846512907581
220634478361516_1125839892908243,2025-06-06,05:14,Photo,34636,0,0,183,24,8,https://www.facebook.com/1240372834788281/posts/1125839892908243
220634478361516_1125829142909318,2025-06-06,04:59,Photo,250972,0,0,422,223,14,https://www.facebook.com/1240372834788281/posts/1125829142909318
220634478361516_1125676016257964,2025-06-05,23:05,Photo,80647,0,0,344,259,17,https://www.facebook.com/1240372834788281/posts/1125676016257964
220634478361516_1125667572925475,2025-06-05,22:50,Photo,79101,0,0,144,56,13,https://www.facebook.com/1240372834788281/posts/1125667572925475
220634478361516_1125602019598697,2025-06-05,20:48,Photo,58935,0,0,545,398,19,https://www.facebook.com/1240372834788281/posts/1125602019598697
220634478361516_1125600016265564,2025-06-05,20:45,Photo,69533,0,0,250,36,8,https://www.facebook.com/1240372834788281/posts/1125600016265564
220634478361516_1125579072934325,2025-06-05,20:10,Video,16929,7982,13479.3,168,18,23,https://www.facebook.com/1240372834788281/videos/1869641073770009
220634478361516_1125578326267733,2025-06-05,20:06,Photo,59949,0,0,589,214,14,https://www.facebook.com/1240372834788281/posts/1125578326267733
220634478361516_1125561869602712,2025-06-05,19:38,Photo,133341,0,0,802,844,118,https://www.facebook.com/1240372834788281/posts/1125561869602712
220634478361516_1125431499615749,2025-06-05,16:31,Photo,37253,0,0,230,162,13,https://www.facebook.com/1240372834788281/posts/1125431499615749
220634478361516_1125327426292823,2025-06-05,13:42,Photo,171659,0,0,667,461,59,https://www.facebook.com/1240372834788281/posts/1125327426292823
220634478361516_1125268306298735,2025-06-05,11:45,Photo,215730,0,0,6612,1053,445,https://www.facebook.com/1240372834788281/posts/1125268306298735
220634478361516_1125258939633005,2025-06-05,11:27,Photo,95239,0,0,360,76,19,https://www.facebook.com/1240372834788281/posts/1125258939633005
220634478361516_1125216662970566,2025-06-05,10:01,Video,295896,152119,278904.7,2029,211,204,https://www.facebook.com/1240372834788281/videos/678853054955391
220634478361516_1125205156305050,2025-06-05,09:36,Photo,41070,0,0,575,67,19,https://www.facebook.com/1240372834788281/posts/1125205156305050
220634478361516_1125174146308151,2025-06-05,08:33,Photo,92192,0,0,2837,293,215,https://www.facebook.com/1240372834788281/posts/1125174146308151
220634478361516_1125146402977592,2025-06-05,07:30,Video,47896,25001,26068.0,696,164,44,https://www.facebook.com/1240372834788281/videos/1495112754808660
220634478361516_1124905119668387,2025-06-04,22:40,Video,237897,135738,85695.5,6729,306,383,https://www.facebook.com/1240372834788281/videos/1009293544706518
220634478361516_1124868433005389,2025-06-04,21:28,Video,36814,23447,19531.5,1083,59,90,https://www.facebook.com/1240372834788281/videos/678569855056032
220634478361516_1124735403018692,2025-06-04,17:56,Photo,191729,0,0,252,43,11,https://www.facebook.com/1240372834788281/posts/1124735403018692
220634478361516_1124732289685670,2025-06-04,17:52,Video,31558,14330,6037.1,78,22,9,https://www.facebook.com/1240372834788281/videos/1015496887457795
220634478361516_1124686863023546,2025-06-04,16:34,Photo,254818,0,0,5916,577,595,https://www.facebook.com/1240372834788281/posts/1124686863023546
220634478361516_1124633686362197,2025-06-04,15:09,Photo,104443,0,0,658,550,31,https://www.facebook.com/1240372834788281/posts/1124633686362197
220634478361516_1124613043030928,2025-06-04,14:34,Photo,102140,0,0,427,59,22,https://www.facebook.com/1240372834788281/posts/1124613043030928
220634478361516_1124610246364541,2025-06-04,14:29,Photo,452768,0,0,6604,1231,137,https://www.facebook.com/1240372834788281/posts/1124610246364541
220634478361516_1124594009699498,2025-06-04,14:00,Video,19975,8791,3066.9,97,8,15,https://www.facebook.com/1240372834788281/videos/697829926196808
220634478361516_1124527653039467,2025-06-04,12:00,Video,361973,222104,345171.0,2537,302,265,https://www.facebook.com/1240372834788281/videos/3978678685780990
220634478361516_1124466396378926,2025-06-04,10:01,Video,32560,17774,21794.0,454,24,28,https://www.facebook.com/1240372834788281/videos/684983877642018
220634478361516_1124402843051948,2025-06-04,07:48,Photo,107328,0,0,2914,470,82,https://www.facebook.com/1240372834788281/posts/1124402843051948
220634478361516_1124393729719526,2025-06-04,07:30,Video,64798,38266,26916.0,311,23,14,https://www.facebook.com/1240372834788281/videos/1048249347284712
220634478361516_1124139596411606,2025-06-03,22:29,Video,96605,46390,51123.8,470,49,33,https://www.facebook.com/1240372834788281/videos/1432535654860249
220634478361516_1124113403080892,2025-06-03,21:47,Status,97978,0,0,256,41,7,https://www.facebook.com/1240372834788281/posts/1124113403080892
220634478361516_1123932853098947,2025-06-03,16:49,Photo,136154,0,0,1997,165,88,https://www.facebook.com/1240372834788281/posts/1123932853098947
220634478361516_1123883506437215,2025-06-03,15:36,Photo,139292,0,0,702,572,48,https://www.facebook.com/1240372834788281/posts/1123883506437215
220634478361516_1123844626441103,2025-06-03,14:36,Photo,377394,0,0,5101,3179,291,https://www.facebook.com/1240372834788281/posts/1123844626441103
220634478361516_1123789606446605,2025-06-03,12:58,Photo,445979,0,0,740,805,19,https://www.facebook.com/1240372834788281/posts/1123789606446605
220634478361516_1123743713117861,2025-06-03,11:26,Photo,89014,0,0,2349,228,56,https://www.facebook.com/1240372834788281/posts/1123743713117861
220634478361516_1123700843122148,2025-06-03,10:01,Video,217800,106145,345100.8,4094,121,202,https://www.facebook.com/1240372834788281/videos/1037075341823884
220634478361516_1123678309791068,2025-06-03,09:16,Photo,115462,0,0,4272,477,91,https://www.facebook.com/1240372834788281/posts/1123678309791068
220634478361516_1123625639796335,2025-06-03,07:31,Video,71506,41165,53116.4,920,52,31,https://www.facebook.com/1240372834788281/videos/1243820214121359
220634478361516_1123620736463492,2025-06-03,07:20,Photo,147158,0,0,3953,702,139,https://www.facebook.com/1240372834788281/posts/1123620736463492
220634478361516_1123226599836239,2025-06-02,18:16,Photo,491968,0,0,1011,369,32,https://www.facebook.com/1240372834788281/posts/1123226599836239
220634478361516_1122999003192332,2025-06-02,11:50,Photo,67618,0,0,222,70,5,https://www.facebook.com/1240372834788281/posts/1122999003192332
220634478361516_1122972756528290,2025-06-02,10:56,Photo,95421,0,0,243,58,11,https://www.facebook.com/1240372834788281/posts/1122972756528290
220634478361516_1122690813223151,2025-06-02,01:23,Photo,62156,0,0,174,57,9,https://www.facebook.com/1240372834788281/posts/1122690813223151
220634478361516_1122680249890874,2025-06-02,01:00,Photo,154813,0,0,374,122,31,https://www.facebook.com/1240372834788281/posts/1122680249890874
220634478361516_1122675623224670,2025-06-02,00:49,Photo,56119,0,0,226,21,12,https://www.facebook.com/1240372834788281/posts/1122675623224670
220634478361516_1122486146576951,2025-06-01,19:09,Photo,165384,0,0,519,109,19,https://www.facebook.com/1240372834788281/posts/1122486146576951
220634478361516_1122454773246755,2025-06-01,18:30,Photo,734784,0,0,3299,2697,118,https://www.facebook.com/1240372834788281/posts/1122454773246755
220634478361516_1122277796597786,2025-06-01,14:00,Video,52474,23513,28853.2,291,16,19,https://www.facebook.com/1240372834788281/videos/1270794924566642
220634478361516_1122211279937771,2025-06-01,12:01,Video,36407,19257,21639.5,243,246,23,https://www.facebook.com/1240372834788281/videos/679475541562123
220634478361516_1122176716607894,2025-06-01,10:54,Photo,106434,0,0,297,15,10,https://www.facebook.com/1240372834788281/posts/1122176716607894
220634478361516_1121753829983516,2025-06-01,10:25,Photo,194666,0,0,2912,208,285,https://www.facebook.com/1240372834788281/posts/1121753829983516
220634478361516_1122150023277230,2025-06-01,10:01,Video,10493,4203,3942.1,87,8,14,https://www.facebook.com/1240372834788281/videos/1961330641303488
220634478361516_1122073266618239,2025-06-01,07:30,Video,102845,57164,111805.1,1683,227,127,https://www.facebook.com/1240372834788281/videos/983215013676459
220634478361516_1121871999971699,2025-06-01,00:23,Photo,40795,0,0,90,24,4,https://www.facebook.com/1240372834788281/posts/1121871999971699
220634478361516_1121834836642082,2025-05-31,23:10,Photo,101028,0,0,238,89,14,https://www.facebook.com/1240372834788281/posts/1121834836642082
220634478361516_1121748269984072,2025-05-31,20:26,Photo,195871,0,0,2804,251,50,https://www.facebook.com/1240372834788281/posts/1121748269984072
220634478361516_1121653153326917,2025-05-31,18:00,Photo,84298,0,0,286,213,13,https://www.facebook.com/1240372834788281/posts/1121653153326917
220634478361516_1121580036667562,2025-05-31,16:03,Photo,147338,0,0,226,159,12,https://www.facebook.com/1240372834788281/posts/1121580036667562
220634478361516_1121445276681038,2025-05-31,12:01,Video,93778,42135,39267.9,2004,93,258,https://www.facebook.com/1240372834788281/videos/663652519842518
220634478361516_1121316860027213,2025-05-31,07:30,Video,63650,36684,60089.5,451,316,23,https://www.facebook.com/1240372834788281/videos/1144232304411948
220634478361516_1121031530055746,2025-05-30,21:43,Photo,53030,0,0,192,84,6,https://www.facebook.com/1240372834788281/posts/1121031530055746
220634478361516_1120977633394469,2025-05-30,20:15,Photo,197771,0,0,1281,56,20,https://www.facebook.com/1240372834788281/posts/1120977633394469
220634478361516_1120923360066563,2025-05-30,18:47,Photo,151604,0,0,767,677,58,https://www.facebook.com/1240372834788281/posts/1120923360066563
220634478361516_1120909803401252,2025-05-30,18:26,Photo,67144,0,0,137,40,9,https://www.facebook.com/1240372834788281/posts/1120909803401252
220634478361516_1120685210090378,2025-05-30,12:01,Video,85098,46180,34313.4,981,180,69,https://www.facebook.com/1240372834788281/videos/1276827524159237
220634478361516_1120624203429812,2025-05-30,10:00,Video,75842,35387,25086.5,323,95,17,https://www.facebook.com/1240372834788281/videos/3859316877712807
220634478361516_1120600770098822,2025-05-30,09:10,Video,283733,119037,84159.5,7406,669,552,https://www.facebook.com/1240372834788281/videos/1432970921029982
220634478361516_1120555630103336,2025-05-30,07:30,Video,50159,22382,17384.0,375,27,47,https://www.facebook.com/1240372834788281/videos/1762233978054533
220634478361516_1120246746800891,2025-05-29,20:42,Video,23901,10816,15428.2,165,27,10,https://www.facebook.com/1240372834788281/videos/1279648276957570
220634478361516_1120164210142478,2025-05-29,18:26,Photo,89453,0,0,286,208,8,https://www.facebook.com/1240372834788281/posts/1120164210142478
220634478361516_1120117646813801,2025-05-29,17:08,Photo,384764,0,0,8109,1114,280,https://www.facebook.com/1240372834788281/posts/1120117646813801
220634478361516_1120090496816516,2025-05-29,16:22,Photo,136689,0,0,1736,202,29,https://www.facebook.com/1240372834788281/posts/1120090496816516
220634478361516_1120044570154442,2025-05-29,15:16,Photo,105402,0,0,294,55,11,https://www.facebook.com/1240372834788281/posts/1120044570154442
220634478361516_1119999243492308,2025-05-29,13:58,Photo,128734,0,0,500,30,11,https://www.facebook.com/1240372834788281/posts/1119999243492308
220634478361516_1119985810160318,2025-05-29,13:30,Photo,184651,0,0,1695,89,91,https://www.facebook.com/1240372834788281/posts/1119985810160318
220634478361516_1119971986828367,2025-05-29,13:01,Video,116852,66131,52933.8,363,74,28,https://www.facebook.com/1240372834788281/videos/719753860502467
220634478361516_1119952156830350,2025-05-29,12:25,Photo,138367,0,0,3578,552,94,https://www.facebook.com/1240372834788281/posts/1119952156830350
220634478361516_1119949296830636,2025-05-29,12:20,Photo,82892,0,0,704,221,48,https://www.facebook.com/1240372834788281/posts/1119949296830636
220634478361516_1119930170165882,2025-05-29,11:44,Photo,56780,0,0,123,28,4,https://www.facebook.com/1240372834788281/posts/1119930170165882
220634478361516_1119918936833672,2025-05-29,11:21,Photo,87794,0,0,1614,281,59,https://www.facebook.com/1240372834788281/posts/1119918936833672
220634478361516_1119878243504408,2025-05-29,10:01,Video,27446,14850,11883.6,255,9,15,https://www.facebook.com/1240372834788281/videos/2111533202669477
220634478361516_1119861090172790,2025-05-29,09:29,Photo,51729,0,0,153,87,8,https://www.facebook.com/1240372834788281/posts/1119861090172790
220634478361516_1119804843511748,2025-05-29,07:30,Video,11662,4601,3282.8,64,7,12,https://www.facebook.com/1240372834788281/videos/990065096543307
220634478361516_1119385836886982,2025-05-28,17:39,Video,48317,26564,44856.1,273,34,23,https://www.facebook.com/1240372834788281/videos/1433943024270381
220634478361516_1119356750223224,2025-05-28,16:48,Photo,127536,0,0,1002,767,43,https://www.facebook.com/1240372834788281/posts/1119356750223224
220634478361516_1119194606906105,2025-05-28,12:01,Video,127705,59148,63314.4,607,214,32,https://www.facebook.com/1240372834788281/videos/1038876797820438
220634478361516_1119159846909581,2025-05-28,10:51,Photo,65930,0,0,562,77,12,https://www.facebook.com/1240372834788281/posts/1119159846909581
220634478361516_1119135986911967,2025-05-28,10:01,Video,127545,71209,78783.7,532,112,29,https://www.facebook.com/1240372834788281/videos/23882906384695114
220634478361516_1119064536919112,2025-05-28,07:30,Video,39588,19919,21314.2,169,105,18,https://www.facebook.com/1240372834788281/videos/9799990383371332
220634478361516_1118788216946744,2025-05-27,21:41,Video,15696,6657,3223.1,155,107,13,https://www.facebook.com/1240372834788281/videos/558274030663498
220634478361516_1118669056958660,2025-05-27,18:17,Photo,56403,0,0,1179,1087,152,https://www.facebook.com/1240372834788281/posts/1118669056958660
220634478361516_1118582596967306,2025-05-27,16:01,Photo,111308,0,0,560,153,14,https://www.facebook.com/1240372834788281/posts/1118582596967306
220634478361516_1118564903635742,2025-05-27,15:36,Photo,54389,0,0,789,849,72,https://www.facebook.com/1240372834788281/posts/1118564903635742
220634478361516_1118531583639074,2025-05-27,14:46,Photo,15973,0,0,42,11,3,https://www.facebook.com/1240372834788281/posts/1118531583639074
220634478361516_1118522836973282,2025-05-27,14:29,Photo,83187,0,0,618,640,58,https://www.facebook.com/1240372834788281/posts/1118522836973282
220634478361516_1118411433651089,2025-05-27,11:01,Photo,135754,0,0,5808,357,256,https://www.facebook.com/1240372834788281/posts/1118411433651089
220634478361516_1118384783653754,2025-05-27,10:01,Video,324820,174039,162851.3,1505,515,95,https://www.facebook.com/1240372834788281/videos/1741213310104038
220634478361516_1118315413660691,2025-05-27,07:30,Video,16499,6656,4799.6,42,11,9,https://www.facebook.com/1240372834788281/videos/601740822423138
220634478361516_1117920663700166,2025-05-26,17:53,Photo,69499,0,0,1649,456,64,https://www.facebook.com/1240372834788281/posts/1117920663700166
220634478361516_1117918477033718,2025-05-26,17:52,Video,81836,45584,65367.3,1197,64,39,https://www.facebook.com/1240372834788281/videos/476446775531071
220634478361516_1117842973707935,2025-05-26,16:09,Photo,190281,0,0,4712,769,81,https://www.facebook.com/1240372834788281/posts/1117842973707935
220634478361516_1117785687046997,2025-05-26,14:32,Photo,49150,0,0,221,128,22,https://www.facebook.com/1240372834788281/posts/1117785687046997
220634478361516_1117702707055295,2025-05-26,12:01,Video,18245,8696,6270.2,74,13,7,https://www.facebook.com/1240372834788281/videos/1250672263241016
220634478361516_1117688950390004,2025-05-26,11:35,Photo,83551,0,0,761,282,40,https://www.facebook.com/1240372834788281/posts/1117688950390004
220634478361516_1117671350391764,2025-05-26,11:01,Video,381604,214612,241830.0,2147,253,278,https://www.facebook.com/1240372834788281/videos/2003138920221673
220634478361516_1117665103725722,2025-05-26,10:48,Video,46000,22189,7269.4,92,19,15,https://www.facebook.com/1240372834788281/videos/4186844188268939
220634478361516_1117639903728242,2025-05-26,10:01,Video,410781,257937,218898.8,2572,106,94,https://www.facebook.com/1240372834788281/videos/680917401323375
220634478361516_1117601933732039,2025-05-26,08:45,Video,54051,30535,22082.3,357,43,29,https://www.facebook.com/1240372834788281/videos/1206205837665712
220634478361516_1117595043732728,2025-05-26,08:30,Photo,54563,0,0,711,260,35,https://www.facebook.com/1240372834788281/posts/1117595043732728
220634478361516_1117565703735662,2025-05-26,07:31,Video,49210,30102,21914.7,496,238,45,https://www.facebook.com/1240372834788281/videos/1823205078245101
220634478361516_1117292067096359,2025-05-25,21:33,Video,222545,115705,92651.0,945,219,37,https://www.facebook.com/1240372834788281/videos/1339493920464328
220634478361516_1117273043764928,2025-05-25,21:01,Video,95057,47681,74278.5,576,32,19,https://www.facebook.com/1240372834788281/videos/4206507346243983
220634478361516_1117271690431730,2025-05-25,20:59,Photo,18184,0,0,69,21,3,https://www.facebook.com/1240372834788281/posts/1117271690431730
220634478361516_1117258790433020,2025-05-25,20:41,Photo,112419,0,0,2586,2397,166,https://www.facebook.com/1240372834788281/posts/1117258790433020
220634478361516_1117239447101621,2025-05-25,20:08,Photo,44786,0,0,695,249,19,https://www.facebook.com/1240372834788281/posts/1117239447101621
220634478361516_1117233960435503,2025-05-25,20:01,Video,26770,13102,6987.7,260,49,41,https://www.facebook.com/1240372834788281/videos/684558880851280
220634478361516_1117213577104208,2025-05-25,19:31,Photo,91863,0,0,502,41,14,https://www.facebook.com/1240372834788281/posts/1117213577104208
220634478361516_1117156427109923,2025-05-25,18:28,Photo,43853,0,0,267,163,8,https://www.facebook.com/1240372834788281/posts/1117156427109923
220634478361516_1117049293787303,2025-05-25,15:55,Photo,170745,0,0,3576,845,216,https://www.facebook.com/1240372834788281/posts/1117049293787303
220634478361516_1116975387128027,2025-05-25,13:42,Video,49043,20688,6261.3,180,47,10,https://www.facebook.com/1240372834788281/videos/1042277490674109
220634478361516_1116962387129327,2025-05-25,13:16,Photo,115624,0,0,1640,910,241,https://www.facebook.com/1240372834788281/posts/1116962387129327
220634478361516_1116926030466296,2025-05-25,12:01,Video,155012,56948,144343.6,632,59,43,https://www.facebook.com/1240372834788281/videos/4332176420342884
220634478361516_1116898527135713,2025-05-25,11:06,Photo,59755,0,0,255,45,12,https://www.facebook.com/1240372834788281/posts/1116898527135713
220634478361516_1116887403803492,2025-05-25,10:44,Photo,80417,0,0,594,106,18,https://www.facebook.com/1240372834788281/posts/1116887403803492
220634478361516_1116878100471089,2025-05-25,10:24,Photo,88348,0,0,5409,2363,267,https://www.facebook.com/1240372834788281/posts/1116878100471089
220634478361516_1116867050472194,2025-05-25,10:01,Video,17679,8146,8435.4,64,8,6,https://www.facebook.com/1240372834788281/videos/1896958904461935
220634478361516_1116855467140019,2025-05-25,09:36,Photo,111394,0,0,479,191,19,https://www.facebook.com/1240372834788281/posts/1116855467140019
220634478361516_1116795980479301,2025-05-25,07:31,Video,63611,34279,31945.5,699,84,38,https://www.facebook.com/1240372834788281/videos/1947201086017850
220634478361516_1116538867171679,2025-05-24,22:31,Photo,52159,0,0,1451,161,10,https://www.facebook.com/1240372834788281/posts/1116538867171679
220634478361516_1116503550508544,2025-05-24,21:30,Video,40085,19069,25069.5,503,35,33,https://www.facebook.com/1240372834788281/videos/1047845906749174
220634478361516_1116442963847936,2025-05-24,19:35,Photo,108873,0,0,3079,1583,219,https://www.facebook.com/1240372834788281/posts/1116442963847936
220634478361516_1116426407182925,2025-05-24,19:08,Photo,64004,0,0,1662,123,69,https://www.facebook.com/1240372834788281/posts/1116426407182925
220634478361516_1116116300547269,2025-05-24,10:01,Video,43744,17535,23989.2,544,15,27,https://www.facebook.com/1240372834788281/videos/1040900674668448
220634478361516_1116039880554911,2025-05-24,07:30,Video,143184,75705,148736.0,2262,117,222,https://www.facebook.com/1240372834788281/videos/1265968864861349
220634478361516_1115476553944577,2025-05-23,15:46,Video,19236,7845,1714.8,126,9,15,https://www.facebook.com/1240372834788281/videos/1193987455357387
220634478361516_1115463693945863,2025-05-23,15:26,Video,30447,12843,3406.5,519,23,21,https://www.facebook.com/1240372834788281/videos/1283703643317024
220634478361516_1115369937288572,2025-05-23,12:44,Photo,188487,0,0,10000,3979,379,https://www.facebook.com/1240372834788281/posts/1115369937288572
220634478361516_1115347620624137,2025-05-23,12:01,Video,45950,22809,18090.4,654,274,120,https://www.facebook.com/1240372834788281/videos/726022256782421
220634478361516_1115289767296589,2025-05-23,10:00,Video,36378,17100,23097.7,220,47,38,https://www.facebook.com/1240372834788281/videos/473997045777283
220634478361516_1115217970637102,2025-05-23,07:30,Video,247572,132046,152291.3,1051,106,130,https://www.facebook.com/1240372834788281/videos/1865263404207963
220634478361516_1115135120645387,2025-05-23,04:25,Photo,42527,0,0,253,73,16,https://www.facebook.com/1240372834788281/posts/1115135120645387
220634478361516_1114939477331618,2025-05-22,21:25,Photo,84558,0,0,5087,1468,181,https://www.facebook.com/1240372834788281/posts/1114939477331618
220634478361516_1114832340675665,2025-05-22,18:22,Photo,84617,0,0,1607,65,25,https://www.facebook.com/1240372834788281/posts/1114832340675665
220634478361516_1114740744018158,2025-05-22,16:21,Photo,35812,0,0,625,511,30,https://www.facebook.com/1240372834788281/posts/1114740744018158
220634478361516_1114638830695016,2025-05-22,13:41,Photo,60016,0,0,492,91,19,https://www.facebook.com/1240372834788281/posts/1114638830695016
220634478361516_1114542570704642,2025-05-22,10:23,Photo,88789,0,0,2821,330,148,https://www.facebook.com/1240372834788281/posts/1114542570704642
220634478361516_1114531657372400,2025-05-22,10:01,Video,321279,200243,164560.1,2666,1046,207,https://www.facebook.com/1240372834788281/videos/589821876925196
220634478361516_1114461084046124,2025-05-22,07:40,Photo,54076,0,0,329,90,14,https://www.facebook.com/1240372834788281/posts/1114461084046124
220634478361516_1114449047380661,2025-05-22,07:15,Photo,41052,0,0,377,65,33,https://www.facebook.com/1240372834788281/posts/1114449047380661
220634478361516_1114240450734854,2025-05-21,23:33,Photo,289017,0,0,4554,4635,189,https://www.facebook.com/1240372834788281/posts/1114240450734854
220634478361516_1114205110738388,2025-05-21,22:16,Photo,199560,0,0,1104,430,69,https://www.facebook.com/1240372834788281/posts/1114205110738388
220634478361516_1114162130742686,2025-05-21,21:08,Photo,60323,0,0,1115,636,38,https://www.facebook.com/1240372834788281/posts/1114162130742686
220634478361516_1114029647422601,2025-05-21,19:05,Photo,57489,0,0,823,428,42,https://www.facebook.com/1240372834788281/posts/1114029647422601
220634478361516_1113981657427400,2025-05-21,17:46,Photo,56238,0,0,1708,807,140,https://www.facebook.com/1240372834788281/posts/1113981657427400
220634478361516_1113951800763719,2025-05-21,17:00,Photo,35608,0,0,1236,55,141,https://www.facebook.com/1240372834788281/posts/1113951800763719
220634478361516_1113933504098882,2025-05-21,16:30,Photo,31873,0,0,1172,90,20,https://www.facebook.com/1240372834788281/posts/1113933504098882
220634478361516_1113912447434321,2025-05-21,15:57,Video,73704,35481,19871.5,2715,260,123,https://www.facebook.com/1240372834788281/videos/1260384935516405
220634478361516_1113796210779278,2025-05-21,12:37,Photo,217597,0,0,410,215,11,https://www.facebook.com/1240372834788281/posts/1113796210779278
220634478361516_1113721304120102,2025-05-21,10:12,Photo,115324,0,0,1239,405,199,https://www.facebook.com/1240372834788281/posts/1113721304120102
220634478361516_1113716027453963,2025-05-21,10:01,Video,42479,21617,12388.4,165,12,10,https://www.facebook.com/1240372834788281/videos/711046048096766
220634478361516_1113642090794690,2025-05-21,07:31,Video,52769,28452,28481.8,413,142,54,https://www.facebook.com/1240372834788281/videos/1208695124242555
220634478361516_1113634664128766,2025-05-21,07:16,Photo,28588,0,0,1588,208,37,https://www.facebook.com/1240372834788281/posts/1113634664128766
220634478361516_1113391160819783,2025-05-20,22:55,Video,109594,60346,32725.7,3156,627,549,https://www.facebook.com/1240372834788281/videos/686083344123322
220634478361516_1113292190829680,2025-05-20,20:02,Photo,153806,0,0,4635,697,584,https://www.facebook.com/1240372834788281/posts/1113292190829680
220634478361516_1113256417499924,2025-05-20,19:00,Photo,79804,0,0,2651,1558,99,https://www.facebook.com/1240372834788281/posts/1113256417499924
220634478361516_1113170664175166,2025-05-20,16:31,Photo,101703,0,0,2240,227,33,https://www.facebook.com/1240372834788281/posts/1113170664175166
220634478361516_1113083570850542,2025-05-20,14:10,Photo,482589,0,0,10000,441,209,https://www.facebook.com/1240372834788281/posts/1113083570850542
220634478361516_1113078784184354,2025-05-20,14:02,Video,134527,69657,62594.7,870,1209,72,https://www.facebook.com/1240372834788281/videos/698347462840470
220634478361516_1113071770851722,2025-05-20,13:49,Photo,23343,0,0,735,82,11,https://www.facebook.com/1240372834788281/posts/1113071770851722
220634478361516_1113060667519499,2025-05-20,13:29,Photo,29629,0,0,166,98,10,https://www.facebook.com/1240372834788281/posts/1113060667519499
220634478361516_1113049960853903,2025-05-20,13:09,Photo,104335,0,0,5944,2123,408,https://www.facebook.com/1240372834788281/posts/1113049960853903
220634478361516_1113014920857407,2025-05-20,12:01,Video,67347,40669,38118.4,334,24,20,https://www.facebook.com/1240372834788281/videos/1401716597842633
220634478361516_1112988894193343,2025-05-20,11:10,Photo,137922,0,0,4981,3651,605,https://www.facebook.com/1240372834788281/posts/1112988894193343
220634478361516_1112955704196662,2025-05-20,10:01,Video,39367,21326,18621.3,342,37,43,https://www.facebook.com/1240372834788281/videos/2003266426866352
220634478361516_1112939617531604,2025-05-20,09:26,Photo,57070,0,0,2614,208,105,https://www.facebook.com/1240372834788281/posts/1112939617531604
220634478361516_1112931670865732,2025-05-20,09:08,Photo,121686,0,0,2992,3426,167,https://www.facebook.com/1240372834788281/posts/1112931670865732
220634478361516_1112887600870139,2025-05-20,07:30,Video,21252,10437,7598.8,247,60,6,https://www.facebook.com/1240372834788281/videos/1279821650374257
220634478361516_1112873400871559,2025-05-20,07:01,Video,149702,83870,75366.9,4603,395,400,https://www.facebook.com/1240372834788281/videos/1766992770888377
220634478361516_1112683604223872,2025-05-19,23:45,Photo,47622,0,0,3010,450,76,https://www.facebook.com/1240372834788281/posts/1112683604223872
220634478361516_1112627420896157,2025-05-19,21:50,Photo,40916,0,0,442,270,33,https://www.facebook.com/1240372834788281/posts/1112627420896157
220634478361516_1112602337565332,2025-05-19,21:00,Photo,142703,0,0,1235,835,60,https://www.facebook.com/1240372834788281/posts/1112602337565332
220634478361516_1112559047569661,2025-05-19,19:43,Photo,87488,0,0,1662,1742,109,https://www.facebook.com/1240372834788281/posts/1112559047569661
220634478361516_1112440750914824,2025-05-19,16:35,Photo,39622,0,0,460,180,8,https://www.facebook.com/1240372834788281/posts/1112440750914824
220634478361516_1112385554253677,2025-05-19,15:07,Photo,103180,0,0,2463,322,59,https://www.facebook.com/1240372834788281/posts/1112385554253677
220634478361516_1112374620921437,2025-05-19,14:49,Photo,66462,0,0,288,186,10,https://www.facebook.com/1240372834788281/posts/1112374620921437
220634478361516_1112301320928767,2025-05-19,12:40,Photo,125982,0,0,8202,1157,392,https://www.facebook.com/1240372834788281/posts/1112301320928767
220634478361516_1112280674264165,2025-05-19,12:01,Video,159972,68997,59808.8,2123,147,181,https://www.facebook.com/1240372834788281/videos/1056500603019065
220634478361516_1112280770930822,2025-05-19,12:01,Video,168040,78851,175902.1,2108,279,199,https://www.facebook.com/1240372834788281/videos/680827394653623
220634478361516_1112228800936019,2025-05-19,10:16,Photo,39196,0,0,1034,30,30,https://www.facebook.com/1240372834788281/posts/1112228800936019
220634478361516_1112221684270064,2025-05-19,10:01,Video,31850,14862,34606.1,493,16,50,https://www.facebook.com/1240372834788281/videos/1196479681644304
220634478361516_1112219034270329,2025-05-19,09:55,Photo,70431,0,0,2314,177,182,https://www.facebook.com/1240372834788281/posts/1112219034270329
220634478361516_1112186044273628,2025-05-19,08:46,Photo,107578,0,0,1268,64,24,https://www.facebook.com/1240372834788281/posts/1112186044273628
220634478361516_1112150090943890,2025-05-19,07:30,Video,63375,33622,31671.8,1220,40,54,https://www.facebook.com/1240372834788281/videos/1263936465734684
220634478361516_1111944114297821,2025-05-19,00:03,Photo,241565,0,0,1925,754,85,https://www.facebook.com/1240372834788281/posts/1111944114297821
220634478361516_1111923514299881,2025-05-18,23:14,Photo,35483,0,0,436,168,11,https://www.facebook.com/1240372834788281/posts/1111923514299881
220634478361516_1111913864300846,2025-05-18,22:55,Photo,54970,0,0,333,264,24,https://www.facebook.com/1240372834788281/posts/1111913864300846
220634478361516_1111878950971004,2025-05-18,21:48,Video,50352,18214,53041.2,872,37,116,https://www.facebook.com/1240372834788281/videos/1036595637927699
220634478361516_1111709980987901,2025-05-18,17:53,Photo,91439,0,0,2171,180,127,https://www.facebook.com/1240372834788281/posts/1111709980987901
220634478361516_1111681014324131,2025-05-18,17:13,Photo,20866,0,0,112,77,5,https://www.facebook.com/1240372834788281/posts/1111681014324131
220634478361516_1111678407657725,2025-05-18,17:10,Photo,89299,0,0,885,371,49,https://www.facebook.com/1240372834788281/posts/1111678407657725
220634478361516_1111652057660360,2025-05-18,16:36,Photo,53663,0,0,1035,174,33,https://www.facebook.com/1240372834788281/posts/1111652057660360
220634478361516_1111609567664609,2025-05-18,15:32,Photo,193391,0,0,2754,899,127,https://www.facebook.com/1240372834788281/posts/1111609567664609
220634478361516_1111502151008684,2025-05-18,12:10,Photo,87559,0,0,617,151,63,https://www.facebook.com/1240372834788281/posts/1111502151008684
220634478361516_1111497187675847,2025-05-18,12:01,Video,280901,172566,113163.7,1586,74,38,https://www.facebook.com/1240372834788281/videos/4133663503544705
220634478361516_1111453297680236,2025-05-18,10:33,Photo,18082,0,0,286,31,6,https://www.facebook.com/1240372834788281/posts/1111453297680236
220634478361516_1111437367681829,2025-05-18,10:00,Video,12684,5161,4022.0,83,7,6,https://www.facebook.com/1240372834788281/videos/1055720203157443
220634478361516_1111419444350288,2025-05-18,09:23,Photo,193359,0,0,4019,539,102,https://www.facebook.com/1240372834788281/posts/1111419444350288
220634478361516_1111361114356121,2025-05-18,07:30,Video,40735,17876,19044.0,296,37,15,https://www.facebook.com/1240372834788281/videos/1439849984047846
220634478361516_1111212381037661,2025-05-18,02:07,Photo,28944,0,0,251,52,12,https://www.facebook.com/1240372834788281/posts/1111212381037661
220634478361516_1111210404371192,2025-05-18,02:02,Photo,105471,0,0,9960,669,225,https://www.facebook.com/1240372834788281/posts/1111210404371192
220634478361516_1111207951038104,2025-05-18,01:56,Photo,81085,0,0,2794,154,23,https://www.facebook.com/1240372834788281/posts/1111207951038104
220634478361516_1111204154371817,2025-05-18,01:48,Photo,310120,0,0,9759,504,114,https://www.facebook.com/1240372834788281/posts/1111204154371817
220634478361516_1111181077707458,2025-05-18,00:55,Photo,252183,0,0,23884,642,759,https://www.facebook.com/1240372834788281/posts/1111181077707458
220634478361516_1111156261043273,2025-05-18,00:00,Photo,97850,0,0,1037,45,22,https://www.facebook.com/1240372834788281/posts/1111156261043273
220634478361516_1111138147711751,2025-05-17,23:23,Photo,29511,0,0,120,18,9,https://www.facebook.com/1240372834788281/posts/1111138147711751
220634478361516_1111132937712272,2025-05-17,23:11,Photo,76774,0,0,1110,105,34,https://www.facebook.com/1240372834788281/posts/1111132937712272
220634478361516_1111129034379329,2025-05-17,23:02,Photo,30693,0,0,217,80,15,https://www.facebook.com/1240372834788281/posts/1111129034379329
220634478361516_1111124994379733,2025-05-17,22:56,Video,128612,49870,44916.9,4160,264,329,https://www.facebook.com/1240372834788281/videos/1098581702097976
220634478361516_1111118617713704,2025-05-17,22:42,Video,130866,38455,7373.8,2982,132,174,https://www.facebook.com/1240372834788281/videos/1205762541042637
220634478361516_1111046961054203,2025-05-17,20:32,Photo,56169,0,0,672,50,9,https://www.facebook.com/1240372834788281/posts/1111046961054203
220634478361516_1111036221055277,2025-05-17,20:15,Photo,150070,0,0,1009,542,48,https://www.facebook.com/1240372834788281/posts/1111036221055277
220634478361516_1111002864391946,2025-05-17,19:20,Photo,65014,0,0,2576,65,35,https://www.facebook.com/1240372834788281/posts/1111002864391946
220634478361516_1110879117737654,2025-05-17,15:50,Photo,58180,0,0,603,265,22,https://www.facebook.com/1240372834788281/posts/1110879117737654
220634478361516_1110757077749858,2025-05-17,12:01,Video,60431,29043,33747.0,548,63,25,https://www.facebook.com/1240372834788281/videos/684309944343952
220634478361516_1110708131088086,2025-05-17,10:21,Photo,103227,0,0,2248,649,60,https://www.facebook.com/1240372834788281/posts/1110708131088086
220634478361516_1110702031088696,2025-05-17,10:11,Photo,69439,0,0,272,32,16,https://www.facebook.com/1240372834788281/posts/1110702031088696
220634478361516_1110695497756016,2025-05-17,10:01,Video,93409,51515,82689.5,1923,111,250,https://www.facebook.com/1240372834788281/videos/549736254616434
220634478361516_1110618947763671,2025-05-17,07:30,Video,49442,27393,26355.7,641,46,33,https://www.facebook.com/1240372834788281/videos/1250133316469701
220634478361516_1110347511124148,2025-05-16,21:30,Photo,62099,0,0,404,59,40,https://www.facebook.com/1240372834788281/posts/1110347511124148
220634478361516_1110230647802501,2025-05-16,17:54,Photo,46392,0,0,857,87,27,https://www.facebook.com/1240372834788281/posts/1110230647802501
220634478361516_1110194387806127,2025-05-16,16:48,Photo,53953,0,0,1154,393,55,https://www.facebook.com/1240372834788281/posts/1110194387806127
220634478361516_1110156764476556,2025-05-16,15:45,Photo,282811,0,0,10982,1088,373,https://www.facebook.com/1240372834788281/posts/1110156764476556
220634478361516_1110103207815245,2025-05-16,14:20,Photo,35910,0,0,1934,97,66,https://www.facebook.com/1240372834788281/posts/1110103207815245
220634478361516_1110086887816877,2025-05-16,13:50,Photo,171344,0,0,994,46,40,https://www.facebook.com/1240372834788281/posts/1110086887816877
220634478361516_1110034401155459,2025-05-16,12:01,Video,72334,44142,38884.8,469,22,15,https://www.facebook.com/1240372834788281/videos/1381471169648879
220634478361516_1109976987827867,2025-05-16,10:01,Video,254502,146891,180242.9,2370,536,288,https://www.facebook.com/1240372834788281/videos/1396882051349991
220634478361516_1109904941168405,2025-05-16,07:30,Video,32798,18153,9301.2,592,199,62,https://www.facebook.com/1240372834788281/videos/648732471333756
220634478361516_1109780874514145,2025-05-16,02:33,Photo,379181,0,0,10000,983,296,https://www.facebook.com/1240372834788281/posts/1109780874514145
220634478361516_1109733744518858,2025-05-16,00:27,Video,128931,57022,19789.0,3025,89,108,https://www.facebook.com/1240372834788281/videos/1339899767312668
220634478361516_1109731251185774,2025-05-16,00:21,Photo,79184,0,0,4763,298,75,https://www.facebook.com/1240372834788281/posts/1109731251185774
220634478361516_1109725741186325,2025-05-16,00:12,Video,144065,60198,55911.3,4474,403,461,https://www.facebook.com/1240372834788281/videos/1369702094083100
220634478361516_1109660044526228,2025-05-15,21:36,Photo,111479,0,0,564,92,35,https://www.facebook.com/1240372834788281/posts/1109660044526228
220634478361516_1109586907866875,2025-05-15,19:14,Photo,714967,0,0,10000,1776,662,https://www.facebook.com/1240372834788281/posts/1109586907866875
220634478361516_1109548367870729,2025-05-15,18:08,Video,20734,9682,19004.5,177,16,16,https://www.facebook.com/1240372834788281/videos/703336998816762
220634478361516_1109514821207417,2025-05-15,17:08,Photo,127047,0,0,1903,125,64,https://www.facebook.com/1240372834788281/posts/1109514821207417
220634478361516_1109449764547256,2025-05-15,15:15,Photo,124013,0,0,2468,210,68,https://www.facebook.com/1240372834788281/posts/1109449764547256
220634478361516_1109416957883870,2025-05-15,14:49,Photo,629442,0,0,3010,552,69,https://www.facebook.com/1240372834788281/posts/1109416957883870
220634478361516_1109389651219934,2025-05-15,13:53,Video,113041,61712,20767.0,949,486,73,https://www.facebook.com/1240372834788281/videos/1323427108715928
220634478361516_1109362627889303,2025-05-15,12:57,Photo,187143,0,0,2054,66,57,https://www.facebook.com/1240372834788281/posts/1109362627889303
220634478361516_1109287221230177,2025-05-15,10:01,Video,172025,93954,174433.2,2108,221,367,https://www.facebook.com/1240372834788281/videos/1696665767888974
220634478361516_1109271501231749,2025-05-15,09:22,Photo,397383,0,0,8962,4693,133,https://www.facebook.com/1240372834788281/posts/1109271501231749
220634478361516_1109225741236325,2025-05-15,07:31,Video,140971,76298,104518.6,1965,68,133,https://www.facebook.com/1240372834788281/videos/1331913491245566
220634478361516_1109222661236633,2025-05-15,07:23,Photo,167053,0,0,3036,630,110,https://www.facebook.com/1240372834788281/posts/1109222661236633
220634478361516_1109022581256641,2025-05-14,23:07,Photo,96850,0,0,576,74,19,https://www.facebook.com/1240372834788281/posts/1109022581256641
220634478361516_1109010651257834,2025-05-14,22:37,Photo,63013,0,0,337,35,9,https://www.facebook.com/1240372834788281/posts/1109010651257834
220634478361516_1108986464593586,2025-05-14,21:42,Photo,95913,0,0,294,217,32,https://www.facebook.com/1240372834788281/posts/1108986464593586
220634478361516_1108939794598253,2025-05-14,20:07,Photo,83856,0,0,816,56,35,https://www.facebook.com/1240372834788281/posts/1108939794598253
220634478361516_1108879091270990,2025-05-14,18:21,Photo,43494,0,0,416,347,27,https://www.facebook.com/1240372834788281/posts/1108879091270990
220634478361516_1108832227942343,2025-05-14,17:01,Video,28308,13064,12957.1,177,22,52,https://www.facebook.com/1240372834788281/videos/2484434855223298
220634478361516_1108733251285574,2025-05-14,14:02,Video,205410,107827,270850.5,1293,182,77,https://www.facebook.com/1240372834788281/videos/1030481991951685
220634478361516_1108724341286465,2025-05-14,13:44,Photo,290764,0,0,3576,1712,178,https://www.facebook.com/1240372834788281/posts/1108724341286465
220634478361516_1108697361289163,2025-05-14,12:48,Photo,148930,0,0,577,215,31,https://www.facebook.com/1240372834788281/posts/1108697361289163
220634478361516_1108673654624867,2025-05-14,12:01,Video,18408,10113,5572.5,65,6,5,https://www.facebook.com/1240372834788281/videos/1457165802312928
220634478361516_1108621474630085,2025-05-14,10:01,Video,409382,198627,124160.5,1369,383,63,https://www.facebook.com/1240372834788281/videos/2027332797793547
220634478361516_1108616147963951,2025-05-14,09:49,Video,203901,109749,91411.8,1759,92,41,https://www.facebook.com/1240372834788281/videos/1869255490579809
220634478361516_1108562687969297,2025-05-14,07:54,Status,62834,0,0,141,18,4,https://www.facebook.com/1240372834788281/posts/1108562687969297
220634478361516_1108553144636918,2025-05-14,07:31,Video,126079,62628,100389.3,1213,95,40,https://www.facebook.com/1240372834788281/videos/1016070463969770
220634478361516_1108311534661079,2025-05-13,21:16,Photo,271226,0,0,6435,348,145,https://www.facebook.com/1240372834788281/posts/1108311534661079
220634478361516_1108300814662151,2025-05-13,20:54,Photo,701982,0,0,2935,1171,103,https://www.facebook.com/1240372834788281/posts/1108300814662151
220634478361516_1108256541333245,2025-05-13,19:28,Status,67019,0,0,179,36,4,https://www.facebook.com/1240372834788281/posts/1108256541333245
220634478361516_1108245781334321,2025-05-13,19:09,Photo,140208,0,0,1004,187,26,https://www.facebook.com/1240372834788281/posts/1108245781334321
220634478361516_1108224891336410,2025-05-13,18:28,Photo,171424,0,0,1170,474,33,https://www.facebook.com/1240372834788281/posts/1108224891336410
220634478361516_1108216424670590,2025-05-13,18:14,Photo,199099,0,0,3802,150,47,https://www.facebook.com/1240372834788281/posts/1108216424670590
220634478361516_1108209344671298,2025-05-13,18:03,Photo,763695,0,0,10000,660,513,https://www.facebook.com/1240372834788281/posts/1108209344671298
220634478361516_1108181081340791,2025-05-13,17:27,Photo,272974,0,0,908,352,46,https://www.facebook.com/1240372834788281/posts/1108181081340791
220634478361516_1108150561343843,2025-05-13,16:33,Video,20265,8573,7876.9,102,8,6,https://www.facebook.com/1240372834788281/videos/470150189493001
220634478361516_1108120028013563,2025-05-13,15:41,Video,37883,18766,14483.7,677,87,46,https://www.facebook.com/1240372834788281/videos/2711222119067747
220634478361516_1108103844681848,2025-05-13,15:10,Photo,66869,0,0,169,38,5,https://www.facebook.com/1240372834788281/posts/1108103844681848
220634478361516_1108082694683963,2025-05-13,14:34,Photo,41339,0,0,597,117,41,https://www.facebook.com/1240372834788281/posts/1108082694683963
220634478361516_1108022964689936,2025-05-13,12:40,Video,34228,13187,3936.8,120,10,6,https://www.facebook.com/1240372834788281/videos/2120873181712801
220634478361516_1107995034692729,2025-05-13,11:45,Photo,108760,0,0,748,47,9,https://www.facebook.com/1240372834788281/posts/1107995034692729
220634478361516_1107965864695646,2025-05-13,10:40,Photo,40978,0,0,327,25,4,https://www.facebook.com/1240372834788281/posts/1107965864695646
220634478361516_1107947748030791,2025-05-13,10:01,Video,19709,9047,12104.5,103,17,7,https://www.facebook.com/1240372834788281/videos/1610418779618288
220634478361516_1107929241365975,2025-05-13,09:16,Photo,114763,0,0,1588,385,22,https://www.facebook.com/1240372834788281/posts/1107929241365975
220634478361516_1107884601370439,2025-05-13,07:31,Video,33409,16582,12428.2,501,26,30,https://www.facebook.com/1240372834788281/videos/1024317922665200
220634478361516_1107651968060369,2025-05-12,22:22,Photo,479789,0,0,9332,271,188,https://www.facebook.com/1240372834788281/posts/1107651968060369
220634478361516_1107648318060734,2025-05-12,22:14,Photo,241178,0,0,4369,182,121,https://www.facebook.com/1240372834788281/posts/1107648318060734
220634478361516_1107605648065001,2025-05-12,20:42,Photo,700895,0,0,9989,945,398,https://www.facebook.com/1240372834788281/posts/1107605648065001
220634478361516_1107580011400898,2025-05-12,19:49,Photo,39075,0,0,875,56,15,https://www.facebook.com/1240372834788281/posts/1107580011400898
220634478361516_1107579698067596,2025-05-12,19:49,Photo,830079,0,0,10000,2290,424,https://www.facebook.com/1240372834788281/posts/1107579698067596
220634478361516_1107574228068143,2025-05-12,19:39,Photo,173687,0,0,5750,326,53,https://www.facebook.com/1240372834788281/posts/1107574228068143
220634478361516_1107564564735776,2025-05-12,19:21,Photo,180923,0,0,2266,141,60,https://www.facebook.com/1240372834788281/posts/1107564564735776
220634478361516_1107529168072649,2025-05-12,18:15,Photo,69224,0,0,1411,83,34,https://www.facebook.com/1240372834788281/posts/1107529168072649
220634478361516_1107444734747759,2025-05-12,15:45,Photo,90092,0,0,559,105,12,https://www.facebook.com/1240372834788281/posts/1107444734747759
220634478361516_1107293654762867,2025-05-12,10:32,Photo,66962,0,0,638,64,7,https://www.facebook.com/1240372834788281/posts/1107293654762867
220634478361516_1107278368097729,2025-05-12,10:00,Video,24205,12100,6748.6,624,43,48,https://www.facebook.com/1240372834788281/videos/701907728866665
220634478361516_1107214941437405,2025-05-12,07:30,Video,16888,6940,8057.7,156,14,11,https://www.facebook.com/1240372834788281/videos/2036849410155727
220634478361516_1107019918123574,2025-05-12,00:03,Photo,102036,0,0,1136,118,23,https://www.facebook.com/1240372834788281/posts/1107019918123574
220634478361516_1107001408125425,2025-05-11,23:19,Photo,197803,0,0,4025,302,344,https://www.facebook.com/1240372834788281/posts/1107001408125425
220634478361516_1106998594792373,2025-05-11,23:13,Photo,97644,0,0,345,160,13,https://www.facebook.com/1240372834788281/posts/1106998594792373
220634478361516_1106985111460388,2025-05-11,22:41,Photo,101382,0,0,1194,98,25,https://www.facebook.com/1240372834788281/posts/1106985111460388
220634478361516_1106966158128950,2025-05-11,22:04,Photo,122587,0,0,2126,173,27,https://www.facebook.com/1240372834788281/posts/1106966158128950
220634478361516_1106927561466143,2025-05-11,20:53,Photo,59410,0,0,268,107,4,https://www.facebook.com/1240372834788281/posts/1106927561466143
220634478361516_1106918404800392,2025-05-11,20:36,Photo,89405,0,0,294,83,8,https://www.facebook.com/1240372834788281/posts/1106918404800392
220634478361516_1106832048142361,2025-05-11,18:38,Photo,40080,0,0,302,173,9,https://www.facebook.com/1240372834788281/posts/1106832048142361
220634478361516_1106747561484143,2025-05-11,16:39,Photo,77103,0,0,387,119,4,https://www.facebook.com/1240372834788281/posts/1106747561484143
220634478361516_1106738198151746,2025-05-11,16:24,Photo,227221,0,0,768,593,48,https://www.facebook.com/1240372834788281/posts/1106738198151746
220634478361516_1106676778157888,2025-05-11,14:34,Photo,75161,0,0,519,34,14,https://www.facebook.com/1240372834788281/posts/1106676778157888
220634478361516_1106559898169576,2025-05-11,10:34,Photo,57812,0,0,876,78,25,https://www.facebook.com/1240372834788281/posts/1106559898169576
220634478361516_1106548298170736,2025-05-11,10:11,Photo,73145,0,0,269,29,10,https://www.facebook.com/1240372834788281/posts/1106548298170736
220634478361516_1106543241504575,2025-05-11,10:00,Video,58305,28212,28471.3,1286,42,115,https://www.facebook.com/1240372834788281/videos/1000341448888310
220634478361516_1106471514845081,2025-05-11,07:30,Video,326581,160721,126779.3,2628,233,84,https://www.facebook.com/1240372834788281/videos/1032602704985748
220634478361516_1106466548178911,2025-05-11,07:20,Photo,143329,0,0,1106,515,52,https://www.facebook.com/1240372834788281/posts/1106466548178911
220634478361516_1106209511537948,2025-05-10,21:43,Video,255630,123326,97928.3,3600,634,420,https://www.facebook.com/1240372834788281/videos/1333813801251872
220634478361516_1106100608215505,2025-05-10,18:09,Photo,147779,0,0,1307,116,71,https://www.facebook.com/1240372834788281/posts/1106100608215505
220634478361516_1106022351556664,2025-05-10,15:42,Photo,120534,0,0,371,71,12,https://www.facebook.com/1240372834788281/posts/1106022351556664
220634478361516_1106012244891008,2025-05-10,15:24,Photo,76402,0,0,384,22,20,https://www.facebook.com/1240372834788281/posts/1106012244891008
220634478361516_1105962491562650,2025-05-10,14:01,Video,20523,10580,9096.1,94,9,10,https://www.facebook.com/1240372834788281/videos/971083588237466
220634478361516_1105907311568168,2025-05-10,12:01,Video,36008,18300,13616.2,568,45,56,https://www.facebook.com/1240372834788281/videos/998785882452584
220634478361516_1105853741573525,2025-05-10,10:00,Video,103840,57278,117957.7,855,236,94,https://www.facebook.com/1240372834788281/videos/1007804237769969
220634478361516_1105787388246827,2025-05-10,07:30,Video,43670,21804,26556.7,422,39,49,https://www.facebook.com/1240372834788281/videos/2459704431058231
220634478361516_1105412028284363,2025-05-09,18:20,Photo,170115,0,0,552,116,17,https://www.facebook.com/1240372834788281/posts/1105412028284363
220634478361516_1105385611620338,2025-05-09,17:31,Photo,93685,0,0,910,78,16,https://www.facebook.com/1240372834788281/posts/1105385611620338
220634478361516_1105354584956774,2025-05-09,16:34,Photo,170482,0,0,3790,289,73,https://www.facebook.com/1240372834788281/posts/1105354584956774
220634478361516_1105351074957125,2025-05-09,16:27,Status,48158,0,0,121,19,5,https://www.facebook.com/1240372834788281/posts/1105351074957125
220634478361516_1105152201643679,2025-05-09,10:01,Video,128205,77492,85428.7,2281,98,124,https://www.facebook.com/1240372834788281/videos/689197103852828
220634478361516_1105088808316685,2025-05-09,07:30,Video,155366,73100,52818.9,777,115,51,https://www.facebook.com/1240372834788281/videos/2131478780623446
220634478361516_1105063218319244,2025-05-09,06:32,Photo,94179,0,0,2041,270,70,https://www.facebook.com/1240372834788281/posts/1105063218319244
220634478361516_1105058688319697,2025-05-09,06:22,Photo,57805,0,0,1295,154,29,https://www.facebook.com/1240372834788281/posts/1105058688319697
220634478361516_1105054551653444,2025-05-09,06:10,Photo,200381,0,0,5906,1048,277,https://www.facebook.com/1240372834788281/posts/1105054551653444
220634478361516_1104868308338735,2025-05-08,22:34,Video,21840,8167,3682.1,91,15,11,https://www.facebook.com/1240372834788281/videos/1430714027900175
220634478361516_1104853235006909,2025-05-08,22:02,Video,223406,127422,154789.7,2159,71,73,https://www.facebook.com/1240372834788281/videos/997476845923574
220634478361516_1104803231678576,2025-05-08,20:30,Photo,95232,0,0,2376,160,67,https://www.facebook.com/1240372834788281/posts/1104803231678576
220634478361516_1104726781686221,2025-05-08,18:14,Video,11318,4670,1021.4,96,33,5,https://www.facebook.com/1240372834788281/videos/1774084226789757
220634478361516_1104648278360738,2025-05-08,15:55,Photo,126326,0,0,2321,58,80,https://www.facebook.com/1240372834788281/posts/1104648278360738
220634478361516_1104643158361250,2025-05-08,15:48,Video,185087,100309,102969.4,1858,81,80,https://www.facebook.com/1240372834788281/videos/1433147244338764
220634478361516_1104589558366610,2025-05-08,14:06,Photo,40661,0,0,212,78,9,https://www.facebook.com/1240372834788281/posts/1104589558366610
220634478361516_1104579335034299,2025-05-08,13:47,Photo,73775,0,0,1117,32,56,https://www.facebook.com/1240372834788281/posts/1104579335034299
220634478361516_1104554971703402,2025-05-08,13:01,Photo,75748,0,0,742,452,175,https://www.facebook.com/1240372834788281/posts/1104554971703402
220634478361516_1104527971706102,2025-05-08,12:01,Video,30471,15167,9003.5,145,5,6,https://www.facebook.com/1240372834788281/videos/642629238758444
220634478361516_1104505931708306,2025-05-08,11:09,Photo,417760,0,0,932,105,47,https://www.facebook.com/1240372834788281/posts/1104505931708306
220634478361516_1104476525044580,2025-05-08,10:01,Video,118909,66201,171840.5,1051,52,69,https://www.facebook.com/1240372834788281/videos/998521479119525
220634478361516_1104413091717590,2025-05-08,07:30,Video,26717,14088,9755.9,195,99,15,https://www.facebook.com/1240372834788281/videos/2405688239798403
220634478361516_1104195908405975,2025-05-07,23:19,Video,33447,17687,12858.5,175,70,17,https://www.facebook.com/1240372834788281/videos/1708115483130331
220634478361516_1104113815080851,2025-05-07,20:42,Video,65877,31999,67556.5,565,42,20,https://www.facebook.com/1240372834788281/videos/9615068655278526
220634478361516_1104059818419584,2025-05-07,19:03,Photo,71051,0,0,244,40,12,https://www.facebook.com/1240372834788281/posts/1104059818419584
220634478361516_1103817691777130,2025-05-07,12:04,Video,46971,25394,20629.7,326,34,19,https://www.facebook.com/1240372834788281/videos/1368480074390744
220634478361516_1103779915114241,2025-05-07,10:49,Photo,471963,0,0,2943,1757,64,https://www.facebook.com/1240372834788281/posts/1103779915114241
220634478361516_1103762205116012,2025-05-07,10:11,Photo,205408,0,0,992,227,26,https://www.facebook.com/1240372834788281/posts/1103762205116012
220634478361516_1103757991783100,2025-05-07,10:01,Video,165965,113767,107343.6,1048,76,49,https://www.facebook.com/1240372834788281/videos/1007663611559046
220634478361516_1103736518451914,2025-05-07,09:08,Photo,387927,0,0,1416,1002,99,https://www.facebook.com/1240372834788281/posts/1103736518451914
220634478361516_1103687528456813,2025-05-07,07:31,Video,157804,70661,245491.6,2101,61,163,https://www.facebook.com/1240372834788281/videos/9459837454142044
220634478361516_1103509471807952,2025-05-07,00:32,Photo,174551,0,0,819,308,56,https://www.facebook.com/1240372834788281/posts/1103509471807952
220634478361516_1103499778475588,2025-05-07,00:08,Video,219281,91566,22608.0,870,143,60,https://www.facebook.com/1240372834788281/videos/3280882308716700
220634478361516_1103419391816960,2025-05-06,21:30,Video,57837,30268,17221.6,1163,128,131,https://www.facebook.com/1240372834788281/videos/700799445859331
220634478361516_1103353478490218,2025-05-06,19:38,Photo,125001,0,0,2254,348,44,https://www.facebook.com/1240372834788281/posts/1103353478490218
220634478361516_1103351111823788,2025-05-06,19:35,Photo,214777,0,0,2776,195,68,https://www.facebook.com/1240372834788281/posts/1103351111823788
220634478361516_1103249015167331,2025-05-06,17:03,Photo,305287,0,0,1293,115,33,https://www.facebook.com/1240372834788281/posts/1103249015167331
220634478361516_1103210545171178,2025-05-06,16:08,Photo,70431,0,0,1170,57,217,https://www.facebook.com/1240372834788281/posts/1103210545171178
220634478361516_1103170528508513,2025-05-06,15:06,Photo,90338,0,0,335,73,11,https://www.facebook.com/1240372834788281/posts/1103170528508513
220634478361516_1103169881841911,2025-05-06,15:05,Photo,298214,0,0,1198,383,63,https://www.facebook.com/1240372834788281/posts/1103169881841911
220634478361516_1103160041842895,2025-05-06,14:49,Photo,99511,0,0,503,230,10,https://www.facebook.com/1240372834788281/posts/1103160041842895
220634478361516_1103108435181389,2025-05-06,13:17,Photo,139555,0,0,1054,955,130,https://www.facebook.com/1240372834788281/posts/1103108435181389
220634478361516_1103094441849455,2025-05-06,12:51,Photo,159069,0,0,939,274,32,https://www.facebook.com/1240372834788281/posts/1103094441849455
220634478361516_1103008928524673,2025-05-06,10:01,Video,44166,21445,17614.1,209,23,18,https://www.facebook.com/1240372834788281/videos/1197964255411264
220634478361516_1102935298532036,2025-05-06,07:30,Video,221070,121829,262811.0,2432,513,325,https://www.facebook.com/1240372834788281/videos/1358915741817800
220634478361516_1102605325231700,2025-05-05,19:50,Photo,110566,0,0,1275,163,34,https://www.facebook.com/1240372834788281/posts/1102605325231700
220634478361516_1102411445251088,2025-05-05,14:48,Photo,185654,0,0,2282,1464,164,https://www.facebook.com/1240372834788281/posts/1102411445251088
220634478361516_1102366365255596,2025-05-05,13:27,Photo,201254,0,0,1901,1760,175,https://www.facebook.com/1240372834788281/posts/1102366365255596
220634478361516_1102321885260044,2025-05-05,12:00,Video,34373,17654,10650.5,154,32,10,https://www.facebook.com/1240372834788281/videos/1391723558919395
220634478361516_1102301971928702,2025-05-05,11:20,Photo,226496,0,0,3378,2094,193,https://www.facebook.com/1240372834788281/posts/1102301971928702
220634478361516_1102266828598883,2025-05-05,10:04,Photo,99312,0,0,2249,324,49,https://www.facebook.com/1240372834788281/posts/1102266828598883
220634478361516_1102264958599070,2025-05-05,10:01,Video,26369,14109,9937.2,480,28,24,https://www.facebook.com/1240372834788281/videos/717525067617099
220634478361516_1102250805267152,2025-05-05,09:29,Photo,148208,0,0,892,597,44,https://www.facebook.com/1240372834788281/posts/1102250805267152
220634478361516_1102216651937234,2025-05-05,08:22,Photo,268663,0,0,1085,1102,66,https://www.facebook.com/1240372834788281/posts/1102216651937234
220634478361516_1102189881939911,2025-05-05,07:30,Video,194623,110727,153821.8,2066,184,155,https://www.facebook.com/1240372834788281/videos/681967994424954
220634478361516_1102186388606927,2025-05-05,07:23,Photo,212794,0,0,900,195,28,https://www.facebook.com/1240372834788281/posts/1102186388606927
220634478361516_1101925625299670,2025-05-04,22:13,Video,21779,10056,5891.6,115,39,24,https://www.facebook.com/1240372834788281/videos/1393264335192998
220634478361516_1101916515300581,2025-05-04,22:00,Video,47800,26540,33391.4,273,15,18,https://www.facebook.com/1240372834788281/videos/694084553168926
220634478361516_1101903458635220,2025-05-04,21:38,Photo,168874,0,0,296,338,18,https://www.facebook.com/1240372834788281/posts/1101903458635220
220634478361516_1101874195304813,2025-05-04,20:52,Photo,110434,0,0,285,68,13,https://www.facebook.com/1240372834788281/posts/1101874195304813
220634478361516_1101804381978461,2025-05-04,19:15,Photo,67250,0,0,116,14,4,https://www.facebook.com/1240372834788281/posts/1101804381978461
220634478361516_1101721518653414,2025-05-04,17:30,Video,29844,15084,12231.5,399,12,26,https://www.facebook.com/1240372834788281/videos/692044870449933
220634478361516_1101718191987080,2025-05-04,17:26,Photo,102941,0,0,1887,1021,154,https://www.facebook.com/1240372834788281/posts/1101718191987080
220634478361516_1101676461991253,2025-05-04,16:30,Video,47511,21673,9805.9,422,21,33,https://www.facebook.com/1240372834788281/videos/1223885816197005
220634478361516_1101620615330171,2025-05-04,15:04,Video,243101,122070,238509.3,2627,110,238,https://www.facebook.com/1240372834788281/videos/1046193770905242
220634478361516_1101606318664934,2025-05-04,14:32,Photo,147107,0,0,148,38,17,https://www.facebook.com/1240372834788281/posts/1101606318664934
220634478361516_1101587622000137,2025-05-04,14:01,Video,31106,17781,11401.5,683,24,22,https://www.facebook.com/1240372834788281/videos/1032537834942317
220634478361516_1101554735336759,2025-05-04,13:00,Photo,151415,0,0,836,623,44,https://www.facebook.com/1240372834788281/posts/1101554735336759
220634478361516_1101531852005714,2025-05-04,12:14,Photo,180011,0,0,1040,249,32,https://www.facebook.com/1240372834788281/posts/1101531852005714
220634478361516_1101524725339760,2025-05-04,12:00,Video,48684,26299,37785.8,264,59,22,https://www.facebook.com/1240372834788281/videos/1710793966190615
220634478361516_1101461192012780,2025-05-04,10:00,Video,354831,185312,162177.7,2161,199,71,https://www.facebook.com/1240372834788281/videos/2083784702131176
220634478361516_1101454852013414,2025-05-04,09:48,Photo,156103,0,0,608,90,58,https://www.facebook.com/1240372834788281/posts/1101454852013414
220634478361516_1101423055349927,2025-05-04,08:43,Photo,93148,0,0,209,179,6,https://www.facebook.com/1240372834788281/posts/1101423055349927
220634478361516_1101385832020316,2025-05-04,07:31,Photo,119252,0,0,3572,527,124,https://www.facebook.com/1240372834788281/posts/1101385832020316
220634478361516_1101371008688465,2025-05-04,07:02,Video,52912,24220,16730.2,854,67,173,https://www.facebook.com/1240372834788281/videos/1928786501259229
220634478361516_1101337425358490,2025-05-04,06:00,Photo,349693,0,0,1155,229,90,https://www.facebook.com/1240372834788281/posts/1101337425358490
220634478361516_1101089692049930,2025-05-03,21:08,Video,137113,70545,52168.5,1544,264,148,https://www.facebook.com/1240372834788281/videos/672444995500217
220634478361516_1101068928718673,2025-05-03,20:32,Photo,447787,0,0,1350,378,33,https://www.facebook.com/1240372834788281/posts/1101068928718673
220634478361516_1100980285394204,2025-05-03,18:12,Photo,107945,0,0,960,60,31,https://www.facebook.com/1240372834788281/posts/1100980285394204
220634478361516_1100257535466479,2025-05-02,19:40,Video,1174944,428716,110712.0,6523,578,173,https://www.facebook.com/1240372834788281/videos/2399958250382108
220634478361516_1100122928813273,2025-05-02,16:17,Photo,618943,0,0,4514,6065,392,https://www.facebook.com/1240372834788281/posts/1100122928813273
220634478361516_1100038608821705,2025-05-02,14:01,Video,51329,19079,19519.8,488,20,36,https://www.facebook.com/1240372834788281/videos/1078423320782918
220634478361516_1099995268826039,2025-05-02,12:42,Photo,115379,0,0,605,455,32,https://www.facebook.com/1240372834788281/posts/1099995268826039
220634478361516_1099956098829956,2025-05-02,11:31,Video,35295,14803,4449.0,346,37,17,https://www.facebook.com/1240372834788281/videos/660323403430291
220634478361516_1099925328833033,2025-05-02,10:34,Photo,59020,0,0,1301,145,20,https://www.facebook.com/1240372834788281/posts/1099925328833033
220634478361516_1099907865501446,2025-05-02,10:00,Video,128501,63563,137146.6,823,14,18,https://www.facebook.com/1240372834788281/videos/715713090935859
220634478361516_1099819042176995,2025-05-02,07:30,Video,193426,116648,141231.4,4233,120,131,https://www.facebook.com/1240372834788281/videos/1194483772150024
220634478361516_1099553115536921,2025-05-01,22:19,Video,111098,55283,18605.6,826,236,94,https://www.facebook.com/1240372834788281/videos/1217941479780520
220634478361516_1099529012205998,2025-05-01,21:40,Photo,622249,0,0,2396,1616,157,https://www.facebook.com/1240372834788281/posts/1099529012205998
220634478361516_1099486778876888,2025-05-01,20:33,Video,56358,29835,24128.8,464,32,19,https://www.facebook.com/1240372834788281/videos/1024124219319657
220634478361516_1099475825544650,2025-05-01,20:13,Photo,1012151,0,0,6985,1347,156,https://www.facebook.com/1240372834788281/posts/1099475825544650
220634478361516_1099223148903251,2025-05-01,13:25,Video,56007,26589,7214.7,789,435,48,https://www.facebook.com/1240372834788281/videos/991248536462517
220634478361516_1099140682244831,2025-05-01,10:48,Photo,98923,0,0,538,59,36,https://www.facebook.com/1240372834788281/posts/1099140682244831
220634478361516_1099117605580472,2025-05-01,10:02,Photo,76594,0,0,349,75,10,https://www.facebook.com/1240372834788281/posts/1099117605580472
220634478361516_1098784168947149,2025-04-30,22:35,Photo,548518,0,0,4018,3758,286,https://www.facebook.com/1240372834788281/posts/1098784168947149
220634478361516_1098676592291240,2025-04-30,19:30,Photo,111789,0,0,213,153,2,https://www.facebook.com/1240372834788281/posts/1098676592291240
220634478361516_1098667508958815,2025-04-30,19:15,Photo,86145,0,0,733,53,22,https://www.facebook.com/1240372834788281/posts/1098667508958815
220634478361516_1098611275631105,2025-04-30,17:42,Photo,104083,0,0,558,289,52,https://www.facebook.com/1240372834788281/posts/1098611275631105
220634478361516_1098528222306077,2025-04-30,15:41,Video,600717,310377,84068.1,3326,345,236,https://www.facebook.com/1240372834788281/videos/665022722799824
220634478361516_1098452932313606,2025-04-30,13:48,Photo,55565,0,0,274,133,12,https://www.facebook.com/1240372834788281/posts/1098452932313606
220634478361516_1098425455649687,2025-04-30,13:00,Photo,161068,0,0,1404,66,25,https://www.facebook.com/1240372834788281/posts/1098425455649687
220634478361516_1098361418989424,2025-04-30,11:00,Photo,54749,0,0,945,70,48,https://www.facebook.com/1240372834788281/posts/1098361418989424
220634478361516_1098357645656468,2025-04-30,10:53,Photo,94673,0,0,307,81,20,https://www.facebook.com/1240372834788281/posts/1098357645656468
220634478361516_1098343205657912,2025-04-30,10:25,Photo,887028,0,0,1896,303,41,https://www.facebook.com/1240372834788281/posts/1098343205657912
220634478361516_1098331405659092,2025-04-30,10:01,Video,161518,81758,179259.6,2321,69,151,https://www.facebook.com/1240372834788281/videos/1408168133941349
220634478361516_1098300248995541,2025-04-30,09:00,Photo,314404,0,0,2520,157,108,https://www.facebook.com/1240372834788281/posts/1098300248995541
220634478361516_1098253292333570,2025-04-30,07:30,Video,12906,6358,4796.6,110,5,8,https://www.facebook.com/1240372834788281/videos/697993979393758
220634478361516_1097958662363033,2025-04-29,22:00,Photo,143207,0,0,2987,252,166,https://www.facebook.com/1240372834788281/posts/1097958662363033
220634478361516_1097898649035701,2025-04-29,20:12,Video,48651,20812,40541.8,520,13,32,https://www.facebook.com/1240372834788281/videos/583403337486775
220634478361516_1097881605704072,2025-04-29,19:42,Video,11499,4753,1689.2,84,2,6,https://www.facebook.com/1240372834788281/videos/1225231259210914
220634478361516_1097834545708778,2025-04-29,18:30,Photo,354879,0,0,968,652,42,https://www.facebook.com/1240372834788281/posts/1097834545708778
220634478361516_1097737599051806,2025-04-29,16:00,Photo,154458,0,0,2591,155,129,https://www.facebook.com/1240372834788281/posts/1097737599051806
220634478361516_1097724302386469,2025-04-29,15:42,Photo,87735,0,0,936,537,67,https://www.facebook.com/1240372834788281/posts/1097724302386469
220634478361516_1097718482387051,2025-04-29,15:37,Video,60808,30132,27684.0,525,116,47,https://www.facebook.com/1240372834788281/videos/1094104969419206
220634478361516_1097691452389754,2025-04-29,15:03,Photo,183039,0,0,1783,921,139,https://www.facebook.com/1240372834788281/posts/1097691452389754
220634478361516_1097574315734801,2025-04-29,11:53,Photo,109019,0,0,483,85,42,https://www.facebook.com/1240372834788281/posts/1097574315734801
220634478361516_1097559482402951,2025-04-29,11:26,Photo,217249,0,0,1497,1148,39,https://www.facebook.com/1240372834788281/posts/1097559482402951
220634478361516_1097511802407719,2025-04-29,10:01,Video,13378,6867,3913.9,134,5,12,https://www.facebook.com/1240372834788281/videos/1028070252603287
220634478361516_1097435142415385,2025-04-29,07:30,Video,316584,180436,279529.9,4874,179,267,https://www.facebook.com/1240372834788281/videos/1353081252629131
220634478361516_1097219815770251,2025-04-28,23:41,Video,68727,40201,46149.7,359,21,10,https://www.facebook.com/1240372834788281/videos/594346169592106
220634478361516_1097190359106530,2025-04-28,22:42,Photo,144487,0,0,2410,1555,81,https://www.facebook.com/1240372834788281/posts/1097190359106530
220634478361516_1097147532444146,2025-04-28,21:19,Photo,90869,0,0,377,349,24,https://www.facebook.com/1240372834788281/posts/1097147532444146
220634478361516_1097131462445753,2025-04-28,20:48,Photo,95730,0,0,630,724,20,https://www.facebook.com/1240372834788281/posts/1097131462445753
220634478361516_1097083652450534,2025-04-28,19:28,Photo,87675,0,0,1002,39,30,https://www.facebook.com/1240372834788281/posts/1097083652450534
220634478361516_1097076845784548,2025-04-28,19:17,Photo,86486,0,0,1403,119,207,https://www.facebook.com/1240372834788281/posts/1097076845784548
220634478361516_1096971505795082,2025-04-28,16:37,Photo,238676,0,0,1356,188,38,https://www.facebook.com/1240372834788281/posts/1096971505795082
220634478361516_1096957625796470,2025-04-28,16:17,Photo,174021,0,0,1323,724,38,https://www.facebook.com/1240372834788281/posts/1096957625796470
220634478361516_1096928349132731,2025-04-28,15:33,Photo,86086,0,0,590,263,31,https://www.facebook.com/1240372834788281/posts/1096928349132731
220634478361516_1096822112476688,2025-04-28,12:43,Photo,68951,0,0,814,62,50,https://www.facebook.com/1240372834788281/posts/1096822112476688
220634478361516_1096800752478824,2025-04-28,12:22,Photo,125789,0,0,601,56,36,https://www.facebook.com/1240372834788281/posts/1096800752478824
220634478361516_1096783435813889,2025-04-28,12:00,Video,20156,9331,8088.9,80,9,20,https://www.facebook.com/1240372834788281/videos/552995860803541
220634478361516_1096725072486392,2025-04-28,10:01,Video,29491,15036,12016.6,191,48,12,https://www.facebook.com/1240372834788281/videos/1623534534962652
220634478361516_1096653092493590,2025-04-28,07:30,Video,21180,9593,4168.8,92,22,25,https://www.facebook.com/1240372834788281/videos/699668929186629
220634478361516_1096418645850368,2025-04-27,23:18,Photo,87767,0,0,88,29,4,https://www.facebook.com/1240372834788281/posts/1096418645850368
220634478361516_1096367895855443,2025-04-27,21:41,Photo,256961,0,0,4598,2364,381,https://www.facebook.com/1240372834788281/posts/1096367895855443
220634478361516_1096260112532888,2025-04-27,19:06,Photo,108817,0,0,110,106,7,https://www.facebook.com/1240372834788281/posts/1096260112532888
220634478361516_1096118609213705,2025-04-27,15:53,Photo,85529,0,0,242,20,10,https://www.facebook.com/1240372834788281/posts/1096118609213705
220634478361516_1096055319220034,2025-04-27,14:01,Video,23371,11442,12876.0,248,5,13,https://www.facebook.com/1240372834788281/videos/697297162783703
220634478361516_1095960002562899,2025-04-27,10:58,Photo,235414,0,0,2108,699,69,https://www.facebook.com/1240372834788281/posts/1095960002562899
220634478361516_1095930312565868,2025-04-27,10:01,Video,83182,49362,43400.9,1292,25,123,https://www.facebook.com/1240372834788281/videos/1358252262296034
220634478361516_1095848759240690,2025-04-27,07:30,Video,14151,5899,5694.8,121,7,13,https://www.facebook.com/1240372834788281/videos/680944284525602
220634478361516_1095522519273314,2025-04-26,20:35,Photo,121013,0,0,3520,500,156,https://www.facebook.com/1240372834788281/posts/1095522519273314
220634478361516_1095502875941945,2025-04-26,20:01,Video,31053,14595,20195.9,155,52,12,https://www.facebook.com/1240372834788281/videos/1190840259150254
220634478361516_1095464562612443,2025-04-26,18:57,Photo,53252,0,0,615,35,35,https://www.facebook.com/1240372834788281/posts/1095464562612443
220634478361516_1095459329279633,2025-04-26,18:49,Photo,135012,0,0,730,480,107,https://www.facebook.com/1240372834788281/posts/1095459329279633
220634478361516_1095249872633912,2025-04-26,12:54,Photo,259065,0,0,3286,338,72,https://www.facebook.com/1240372834788281/posts/1095249872633912
220634478361516_1095192265973006,2025-04-26,11:01,Video,16720,5748,2415.6,243,15,26,https://www.facebook.com/1240372834788281/videos/660889163529244
220634478361516_1094835399342026,2025-04-25,22:59,Photo,73780,0,0,207,31,5,https://www.facebook.com/1240372834788281/posts/1094835399342026
220634478361516_1094793619346204,2025-04-25,21:43,Video,45347,24783,26416.0,560,26,40,https://www.facebook.com/1240372834788281/videos/9601960523223493
220634478361516_1094659439359622,2025-04-25,17:59,Photo,457889,0,0,12955,1147,704,https://www.facebook.com/1240372834788281/posts/1094659439359622
220634478361516_1094586896033543,2025-04-25,16:07,Video,38607,20656,5076.2,256,9,11,https://www.facebook.com/1240372834788281/videos/1025696902508572
220634478361516_1094443729381193,2025-04-25,12:00,Video,23348,11637,7304.9,251,13,12,https://www.facebook.com/1240372834788281/videos/2567586840106222
220634478361516_1094381872720712,2025-04-25,10:00,Video,19074,7300,10378.4,182,9,28,https://www.facebook.com/1240372834788281/videos/1062010702413406
220634478361516_1094308532728046,2025-04-25,07:30,Video,411617,224543,309441.6,2376,148,88,https://www.facebook.com/1240372834788281/videos/2801885046651097
220634478361516_1094269676065265,2025-04-25,06:10,Photo,92067,0,0,2694,302,61,https://www.facebook.com/1240372834788281/posts/1094269676065265
220634478361516_1094042546087978,2025-04-24,22:03,Photo,75303,0,0,1562,157,37,https://www.facebook.com/1240372834788281/posts/1094042546087978
220634478361516_1094006699424896,2025-04-24,21:00,Photo,84227,0,0,487,193,48,https://www.facebook.com/1240372834788281/posts/1094006699424896
220634478361516_1093967799428786,2025-04-24,19:55,Video,40946,18287,5891.3,1806,90,337,https://www.facebook.com/1240372834788281/videos/1014486700645765
220634478361516_1093785336113699,2025-04-24,15:16,Video,51121,25014,32155.1,437,35,39,https://www.facebook.com/1240372834788281/videos/566606179301172
220634478361516_1093634399462126,2025-04-24,10:49,Video,10906,3581,1213.9,90,14,18,https://www.facebook.com/1240372834788281/videos/1744283046444358
220634478361516_1093617066130526,2025-04-24,10:13,Photo,127803,0,0,4323,365,131,https://www.facebook.com/1240372834788281/posts/1093617066130526
220634478361516_1093610666131166,2025-04-24,10:00,Video,26278,7804,2259.5,63,1,6,https://www.facebook.com/1240372834788281/videos/1734091047545383
220634478361516_1093552499470316,2025-04-24,08:11,Video,93126,45734,12862.1,2880,80,92,https://www.facebook.com/1240372834788281/videos/1025624229496071
220634478361516_1093236842835215,2025-04-23,21:31,Video,21597,9625,4939.3,346,22,54,https://www.facebook.com/1240372834788281/videos/1211011387395100
220634478361516_1093103009515265,2025-04-23,18:19,Photo,60653,0,0,885,63,46,https://www.facebook.com/1240372834788281/posts/1093103009515265
220634478361516_1093058122853087,2025-04-23,17:16,Photo,87591,0,0,686,90,31,https://www.facebook.com/1240372834788281/posts/1093058122853087
220634478361516_1093008556191377,2025-04-23,16:01,Photo,131418,0,0,1554,118,86,https://www.facebook.com/1240372834788281/posts/1093008556191377
220634478361516_1093000389525527,2025-04-23,15:48,Photo,35190,0,0,132,64,17,https://www.facebook.com/1240372834788281/posts/1093000389525527
220634478361516_1092967776195455,2025-04-23,14:56,Photo,72212,0,0,366,307,9,https://www.facebook.com/1240372834788281/posts/1092967776195455
220634478361516_1092950922863807,2025-04-23,14:27,Photo,72454,0,0,283,38,28,https://www.facebook.com/1240372834788281/posts/1092950922863807
220634478361516_1092926219532944,2025-04-23,13:50,Photo,183766,0,0,1802,350,35,https://www.facebook.com/1240372834788281/posts/1092926219532944
220634478361516_1092923402866559,2025-04-23,13:46,Photo,26613,0,0,77,21,6,https://www.facebook.com/1240372834788281/posts/1092923402866559
220634478361516_1092913632867536,2025-04-23,13:31,Photo,108430,0,0,445,79,14,https://www.facebook.com/1240372834788281/posts/1092913632867536
220634478361516_1092900399535526,2025-04-23,13:05,Photo,178816,0,0,1210,297,47,https://www.facebook.com/1240372834788281/posts/1092900399535526
220634478361516_1092860362872863,2025-04-23,11:48,Video,52079,27188,49290.2,747,13,44,https://www.facebook.com/1240372834788281/videos/693768883210586
220634478361516_1092852162873683,2025-04-23,11:31,Photo,77735,0,0,274,77,7,https://www.facebook.com/1240372834788281/posts/1092852162873683
220634478361516_1092838699541696,2025-04-23,11:06,Video,80547,50228,50670.9,329,48,26,https://www.facebook.com/1240372834788281/videos/1687560695184034
220634478361516_1092819716210261,2025-04-23,10:26,Photo,478134,0,0,4648,3994,268,https://www.facebook.com/1240372834788281/posts/1092819716210261
220634478361516_1092804782878421,2025-04-23,10:01,Video,30157,15468,10050.0,215,45,20,https://www.facebook.com/1240372834788281/videos/1012977067295954
220634478361516_1092788016213431,2025-04-23,09:30,Photo,139337,0,0,849,1359,68,https://www.facebook.com/1240372834788281/posts/1092788016213431
220634478361516_1092769906215242,2025-04-23,08:54,Photo,185781,0,0,1357,1694,128,https://www.facebook.com/1240372834788281/posts/1092769906215242
220634478361516_1092727336219499,2025-04-23,07:30,Video,33797,19099,11852.7,187,10,17,https://www.facebook.com/1240372834788281/videos/9808612995870947
220634478361516_1092459492912950,2025-04-22,22:05,Video,12727,5863,2504.0,42,9,7,https://www.facebook.com/1240372834788281/videos/1666521490641957
220634478361516_1092343396257893,2025-04-22,18:41,Photo,78417,0,0,896,55,20,https://www.facebook.com/1240372834788281/posts/1092343396257893
220634478361516_1092320639593502,2025-04-22,18:06,Photo,99620,0,0,1161,578,32,https://www.facebook.com/1240372834788281/posts/1092320639593502
220634478361516_1092317292927170,2025-04-22,18:01,Video,351724,158066,75760.8,1230,328,95,https://www.facebook.com/1240372834788281/videos/1058366582776024
220634478361516_1092307352928164,2025-04-22,17:48,Video,38838,19623,14990.0,130,19,6,https://www.facebook.com/1240372834788281/videos/571015338778745
220634478361516_1092278412931058,2025-04-22,17:04,Photo,513127,0,0,3121,316,191,https://www.facebook.com/1240372834788281/posts/1092278412931058
220634478361516_1092183776273855,2025-04-22,14:32,Photo,109325,0,0,318,67,11,https://www.facebook.com/1240372834788281/posts/1092183776273855
220634478361516_1092037406288492,2025-04-22,10:00,Video,41962,18811,18545.8,335,122,14,https://www.facebook.com/1240372834788281/videos/3494873577486513
220634478361516_1092032519622314,2025-04-22,09:49,Photo,178036,0,0,446,88,13,https://www.facebook.com/1240372834788281/posts/1092032519622314
220634478361516_1091965016295731,2025-04-22,07:30,Video,32639,14720,5424.9,157,144,14,https://www.facebook.com/1240372834788281/videos/1228932705613764
220634478361516_1091728579652708,2025-04-21,23:12,Video,153066,72967,47564.8,529,116,52,https://www.facebook.com/1240372834788281/videos/1200314677999535
220634478361516_1091565783002321,2025-04-21,18:38,Photo,114532,0,0,1165,966,68,https://www.facebook.com/1240372834788281/posts/1091565783002321
220634478361516_1091487926343440,2025-04-21,16:48,Photo,63481,0,0,1528,114,17,https://www.facebook.com/1240372834788281/posts/1091487926343440
220634478361516_1091447716347461,2025-04-21,15:43,Photo,179258,0,0,407,152,26,https://www.facebook.com/1240372834788281/posts/1091447716347461
220634478361516_1091419819683584,2025-04-21,15:01,Video,39632,15915,10131.7,577,61,91,https://www.facebook.com/1240372834788281/videos/978833664234465
220634478361516_1091337636358469,2025-04-21,12:35,Photo,86520,0,0,704,420,32,https://www.facebook.com/1240372834788281/posts/1091337636358469
220634478361516_1091319803026919,2025-04-21,12:00,Video,146675,76989,43889.1,383,104,14,https://www.facebook.com/1240372834788281/videos/673357618981764
220634478361516_1091304673028432,2025-04-21,11:32,Photo,145771,0,0,655,414,38,https://www.facebook.com/1240372834788281/posts/1091304673028432
220634478361516_1091257749699791,2025-04-21,10:00,Video,116148,64987,46288.8,533,224,14,https://www.facebook.com/1240372834788281/videos/608748308881126
220634478361516_1091249186367314,2025-04-21,09:43,Photo,38197,0,0,173,105,9,https://www.facebook.com/1240372834788281/posts/1091249186367314
220634478361516_1091248273034072,2025-04-21,09:42,Photo,314945,0,0,3008,1289,111,https://www.facebook.com/1240372834788281/posts/1091248273034072
220634478361516_1091181579707408,2025-04-21,07:30,Video,33800,18506,20252.0,263,35,47,https://www.facebook.com/1240372834788281/videos/936327895101957
220634478361516_1090931353065764,2025-04-20,23:12,Video,13670,5230,2247.5,81,7,15,https://www.facebook.com/1240372834788281/videos/4087588784831614
220634478361516_1090929769732589,2025-04-20,23:09,Photo,117097,0,0,1538,115,42,https://www.facebook.com/1240372834788281/posts/1090929769732589
220634478361516_1090875753071324,2025-04-20,21:25,Photo,50381,0,0,116,177,11,https://www.facebook.com/1240372834788281/posts/1090875753071324
220634478361516_1090772253081674,2025-04-20,19:00,Photo,54323,0,0,596,39,12,https://www.facebook.com/1240372834788281/posts/1090772253081674
220634478361516_1090711013087798,2025-04-20,17:45,Photo,125661,0,0,472,102,43,https://www.facebook.com/1240372834788281/posts/1090711013087798
220634478361516_1090650209760545,2025-04-20,16:32,Photo,105865,0,0,191,98,9,https://www.facebook.com/1240372834788281/posts/1090650209760545
220634478361516_1090634536428779,2025-04-20,16:06,Photo,51194,0,0,519,11,10,https://www.facebook.com/1240372834788281/posts/1090634536428779
220634478361516_1090435946448638,2025-04-20,10:01,Video,193938,97548,72505.5,3928,108,148,https://www.facebook.com/1240372834788281/videos/682959740764245
220634478361516_1090421863116713,2025-04-20,09:34,Photo,192812,0,0,250,75,10,https://www.facebook.com/1240372834788281/posts/1090421863116713
220634478361516_1090358786456354,2025-04-20,07:30,Video,72357,38203,48647.8,1117,49,149,https://www.facebook.com/1240372834788281/videos/1184108706549952
220634478361516_1090053819820184,2025-04-19,21:31,Photo,100213,0,0,1084,722,29,https://www.facebook.com/1240372834788281/posts/1090053819820184
220634478361516_1090027519822814,2025-04-19,20:42,Photo,360418,0,0,8245,1121,432,https://www.facebook.com/1240372834788281/posts/1090027519822814
220634478361516_1090000013158898,2025-04-19,19:58,Video,582894,309217,191260.4,8997,1340,899,https://www.facebook.com/1240372834788281/videos/658601753763863
220634478361516_1089929056499327,2025-04-19,18:06,Photo,92094,0,0,222,68,6,https://www.facebook.com/1240372834788281/posts/1089929056499327
220634478361516_1089888036503429,2025-04-19,17:10,Photo,129576,0,0,1132,74,74,https://www.facebook.com/1240372834788281/posts/1089888036503429
220634478361516_1089699296522303,2025-04-19,11:30,Photo,32235,0,0,62,10,5,https://www.facebook.com/1240372834788281/posts/1089699296522303
220634478361516_1089586439866922,2025-04-19,07:31,Video,106657,51461,68209.7,847,178,53,https://www.facebook.com/1240372834788281/videos/9590637201052756
220634478361516_1089202596571973,2025-04-18,19:04,Photo,152539,0,0,1102,428,69,https://www.facebook.com/1240372834788281/posts/1089202596571973
220634478361516_1089047186587514,2025-04-18,14:58,Video,200421,107607,99567.8,640,161,55,https://www.facebook.com/1240372834788281/videos/1719013608964420
220634478361516_1089036419921924,2025-04-18,14:39,Photo,271382,0,0,2364,371,20,https://www.facebook.com/1240372834788281/posts/1089036419921924
220634478361516_1088974196594813,2025-04-18,13:00,Video,39826,19339,28079.1,336,28,23,https://www.facebook.com/1240372834788281/videos/584994778038401
220634478361516_1088961953262704,2025-04-18,12:37,Photo,62964,0,0,200,57,16,https://www.facebook.com/1240372834788281/posts/1088961953262704
220634478361516_1088879033270996,2025-04-18,10:00,Video,68227,38169,34163.2,425,53,17,https://www.facebook.com/1240372834788281/videos/643303741804809
220634478361516_1088804816611751,2025-04-18,07:30,Video,646634,376202,240120.3,3549,468,158,https://www.facebook.com/1240372834788281/videos/1353556192642290
220634478361516_1088780143280885,2025-04-18,06:39,Status,79056,0,0,150,30,5,https://www.facebook.com/1240372834788281/posts/1088780143280885
220634478361516_1088546853304214,2025-04-17,22:25,Photo,87091,0,0,293,102,10,https://www.facebook.com/1240372834788281/posts/1088546853304214
220634478361516_1088438009981765,2025-04-17,19:20,Photo,29555,0,0,77,23,8,https://www.facebook.com/1240372834788281/posts/1088438009981765
220634478361516_1088424463316453,2025-04-17,19:00,Photo,150063,0,0,825,246,64,https://www.facebook.com/1240372834788281/posts/1088424463316453
220634478361516_1088413213317578,2025-04-17,18:43,Video,105835,50976,45179.6,472,39,14,https://www.facebook.com/1240372834788281/videos/2758753590983915
220634478361516_1088292236663009,2025-04-17,15:41,Photo,50542,0,0,570,110,31,https://www.facebook.com/1240372834788281/posts/1088292236663009
220634478361516_1088260476666185,2025-04-17,14:51,Photo,31654,0,0,35,21,3,https://www.facebook.com/1240372834788281/posts/1088260476666185
220634478361516_1088103206681912,2025-04-17,10:01,Video,103796,50652,32947.0,446,43,50,https://www.facebook.com/1240372834788281/videos/1023970869694140
220634478361516_1088028730022693,2025-04-17,07:30,Video,54366,26272,17717.8,1082,74,109,https://www.facebook.com/1240372834788281/videos/1208908290109376
220634478361516_1088015240024042,2025-04-17,07:03,Photo,79492,0,0,207,67,9,https://www.facebook.com/1240372834788281/posts/1088015240024042
220634478361516_1087813073377592,2025-04-16,23:58,Video,51581,25951,22247.2,924,38,59,https://www.facebook.com/1240372834788281/videos/646863241544301
220634478361516_1087647363394163,2025-04-16,19:06,Photo,137889,0,0,593,374,23,https://www.facebook.com/1240372834788281/posts/1087647363394163
220634478361516_1087514373407462,2025-04-16,16:01,Video,286211,141130,264552.3,1710,240,98,https://www.facebook.com/1240372834788281/videos/1446535676333825
220634478361516_1087505370075029,2025-04-16,15:49,Photo,112612,0,0,1590,115,25,https://www.facebook.com/1240372834788281/posts/1087505370075029
220634478361516_1087468473412052,2025-04-16,14:55,Video,44595,19316,8365.4,96,20,28,https://www.facebook.com/1240372834788281/videos/1235937488541365
220634478361516_1087438143415085,2025-04-16,14:02,Video,14207,4621,2443.3,64,7,9,https://www.facebook.com/1240372834788281/videos/1161462019011253
220634478361516_1087373236754909,2025-04-16,12:00,Video,193912,85535,70044.0,1101,67,46,https://www.facebook.com/1240372834788281/videos/1006405831127962
220634478361516_1087312020094364,2025-04-16,10:00,Video,18814,10123,4794.8,79,8,6,https://www.facebook.com/1240372834788281/videos/600549469683692
220634478361516_1087304700095096,2025-04-16,09:44,Photo,189577,0,0,5414,203,141,https://www.facebook.com/1240372834788281/posts/1087304700095096
220634478361516_1087300676762165,2025-04-16,09:36,Photo,284502,0,0,1424,501,332,https://www.facebook.com/1240372834788281/posts/1087300676762165
220634478361516_1087238626768370,2025-04-16,07:30,Video,328954,141030,114019.0,994,412,41,https://www.facebook.com/1240372834788281/videos/1180663193691162
220634478361516_1087227846769448,2025-04-16,07:08,Photo,76066,0,0,794,476,78,https://www.facebook.com/1240372834788281/posts/1087227846769448
220634478361516_1087015540124012,2025-04-15,23:29,Photo,153434,0,0,3552,127,140,https://www.facebook.com/1240372834788281/posts/1087015540124012
220634478361516_1087005483458351,2025-04-15,23:12,Video,36927,15122,6482.7,74,13,5,https://www.facebook.com/1240372834788281/videos/2126906161093519
220634478361516_1086890306803202,2025-04-15,20:11,Video,39740,18997,10058.9,270,23,29,https://www.facebook.com/1240372834788281/videos/656065057316275
220634478361516_1086747730150793,2025-04-15,16:34,Photo,72442,0,0,143,123,11,https://www.facebook.com/1240372834788281/posts/1086747730150793
220634478361516_1086747373484162,2025-04-15,16:34,Photo,126311,0,0,408,168,14,https://www.facebook.com/1240372834788281/posts/1086747373484162
220634478361516_1086650010160565,2025-04-15,14:04,Link,38296,0,0,275,59,11,https://www.facebook.com/1240372834788281/posts/1086650010160565
220634478361516_1086648033494096,2025-04-15,14:00,Video,232750,109455,121436.2,4148,398,588,https://www.facebook.com/1240372834788281/videos/29047575301554069
220634478361516_1086582006834032,2025-04-15,12:00,Video,26605,14328,8810.5,122,24,6,https://www.facebook.com/1240372834788281/videos/3091725970965357
220634478361516_1086517563507143,2025-04-15,10:01,Video,18583,8055,7125.6,144,13,21,https://www.facebook.com/1240372834788281/videos/4189892944572334
220634478361516_1086463533512546,2025-04-15,08:12,Photo,76057,0,0,250,237,15,https://www.facebook.com/1240372834788281/posts/1086463533512546
220634478361516_1086450553513844,2025-04-15,07:47,Photo,56953,0,0,185,158,20,https://www.facebook.com/1240372834788281/posts/1086450553513844
220634478361516_1086442023514697,2025-04-15,07:30,Video,82863,44053,40311.4,963,35,41,https://www.facebook.com/1240372834788281/videos/697641539620921
220634478361516_1085962120229354,2025-04-14,16:41,Photo,66393,0,0,157,26,34,https://www.facebook.com/1240372834788281/posts/1085962120229354
220634478361516_1085794226912810,2025-04-14,12:01,Video,21814,10355,7141.9,125,15,6,https://www.facebook.com/1240372834788281/videos/3931566890418528
220634478361516_1085728713586028,2025-04-14,10:00,Video,49518,24962,25593.6,512,31,79,https://www.facebook.com/1240372834788281/videos/1334377768178003
220634478361516_1085663423592557,2025-04-14,07:53,Photo,355897,0,0,1592,972,138,https://www.facebook.com/1240372834788281/posts/1085663423592557
220634478361516_1085650336927199,2025-04-14,07:30,Video,308069,183411,261473.7,3038,93,133,https://www.facebook.com/1240372834788281/videos/2165815307192281
220634478361516_1085430733615826,2025-04-14,00:09,Photo,153850,0,0,198,34,13,https://www.facebook.com/1240372834788281/posts/1085430733615826
220634478361516_1085420903616809,2025-04-13,23:50,Photo,114734,0,0,372,223,15,https://www.facebook.com/1240372834788281/posts/1085420903616809
220634478361516_1085414506950782,2025-04-13,23:38,Photo,118173,0,0,486,53,26,https://www.facebook.com/1240372834788281/posts/1085414506950782
220634478361516_1085402833618616,2025-04-13,23:12,Video,43366,19734,11294.2,646,40,43,https://www.facebook.com/1240372834788281/videos/9734855756534585
220634478361516_1085338586958374,2025-04-13,21:14,Photo,129652,0,0,1367,86,23,https://www.facebook.com/1240372834788281/posts/1085338586958374
220634478361516_1085235503635349,2025-04-13,19:00,Video,33351,15637,15499.9,240,72,12,https://www.facebook.com/1240372834788281/videos/572156265991512
220634478361516_1085197416972491,2025-04-13,18:18,Status,55438,0,0,208,44,6,https://www.facebook.com/1240372834788281/posts/1085197416972491
220634478361516_1085184853640414,2025-04-13,18:00,Video,31374,13140,12425.9,166,10,21,https://www.facebook.com/1240372834788281/videos/2351508635220329
220634478361516_1085127453646154,2025-04-13,16:49,Video,74419,27604,11693.3,87,6,6,https://www.facebook.com/1240372834788281/videos/4245342889033685
220634478361516_1084609117031321,2025-04-13,00:59,Photo,160139,0,0,1550,651,55,https://www.facebook.com/1240372834788281/posts/1084609117031321
220634478361516_1084460967046136,2025-04-12,22:00,Video,21431,8061,2276.7,257,9,19,https://www.facebook.com/1240372834788281/videos/941846408025605
220634478361516_1084431580382408,2025-04-12,19:41,Photo,68949,0,0,3218,138,101,https://www.facebook.com/1240372834788281/posts/1084431580382408
220634478361516_1084426113716288,2025-04-12,19:31,Photo,183144,0,0,2672,128,228,https://www.facebook.com/1240372834788281/posts/1084426113716288
220634478361516_1084411347051098,2025-04-12,19:08,Photo,62905,0,0,546,31,19,https://www.facebook.com/1240372834788281/posts/1084411347051098
220634478361516_1084400627052170,2025-04-12,18:52,Photo,389660,0,0,10000,312,1180,https://www.facebook.com/1240372834788281/posts/1084400627052170
220634478361516_1084200150405551,2025-04-12,13:45,Photo,88207,0,0,483,74,11,https://www.facebook.com/1240372834788281/posts/1084200150405551
220634478361516_1084112413747658,2025-04-12,11:33,Video,199484,86375,17194.5,3403,128,72,https://www.facebook.com/1240372834788281/videos/1072332848057376
220634478361516_1084078963751003,2025-04-12,10:00,Video,119580,60621,112064.5,866,73,66,https://www.facebook.com/1240372834788281/videos/1437736597675969
220634478361516_1083998863759013,2025-04-12,07:30,Video,34462,16217,14148.5,419,9,26,https://www.facebook.com/1240372834788281/videos/643987491844137
220634478361516_1083760617116171,2025-04-12,00:04,Photo,47087,0,0,645,28,8,https://www.facebook.com/1240372834788281/posts/1083760617116171
220634478361516_1083706483788251,2025-04-11,22:26,Video,18732,8003,2301.9,319,40,53,https://www.facebook.com/1240372834788281/videos/650792404496098
220634478361516_1083704390455127,2025-04-11,22:24,Video,74409,36571,58041.4,548,147,42,https://www.facebook.com/1240372834788281/videos/931552562280644
220634478361516_1083394447152788,2025-04-11,14:22,Photo,248759,0,0,845,254,59,https://www.facebook.com/1240372834788281/posts/1083394447152788
220634478361516_1083372353821664,2025-04-11,13:56,Photo,135024,0,0,2274,1471,150,https://www.facebook.com/1240372834788281/posts/1083372353821664
220634478361516_1083316673827232,2025-04-11,12:19,Photo,46850,0,0,416,207,24,https://www.facebook.com/1240372834788281/posts/1083316673827232
220634478361516_1083304027161830,2025-04-11,12:00,Video,25487,11993,10015.9,231,6,25,https://www.facebook.com/1240372834788281/videos/1160204178924046
220634478361516_1083301690495397,2025-04-11,11:57,Photo,208820,0,0,7030,377,740,https://www.facebook.com/1240372834788281/posts/1083301690495397
220634478361516_1083284140497152,2025-04-11,11:30,Video,64206,32300,14040.2,302,20,12,https://www.facebook.com/1240372834788281/videos/698679115845115
220634478361516_1083262647165968,2025-04-11,10:54,Video,72506,41123,30930.3,1233,43,100,https://www.facebook.com/1240372834788281/videos/1168717728080216
220634478361516_1083237293835170,2025-04-11,10:12,Photo,55121,0,0,212,16,4,https://www.facebook.com/1240372834788281/posts/1083237293835170
220634478361516_1083231410502425,2025-04-11,10:00,Video,10146,4357,2342.2,78,5,8,https://www.facebook.com/1240372834788281/videos/649936877758733
220634478361516_1083218477170385,2025-04-11,09:36,Photo,67165,0,0,1051,27,43,https://www.facebook.com/1240372834788281/posts/1083218477170385
220634478361516_1083151973843702,2025-04-11,07:30,Video,17500,7494,4207.2,127,31,15,https://www.facebook.com/1240372834788281/videos/1193961532111365
220634478361516_1082886737203559,2025-04-10,22:35,Video,33853,15577,8127.7,154,19,4,https://www.facebook.com/1240372834788281/videos/1372373257338187
220634478361516_1082765650549001,2025-04-10,19:15,Photo,52136,0,0,71,13,4,https://www.facebook.com/1240372834788281/posts/1082765650549001
220634478361516_1082706527221580,2025-04-10,17:45,Photo,288575,0,0,807,430,38,https://www.facebook.com/1240372834788281/posts/1082706527221580
220634478361516_1082681913890708,2025-04-10,17:16,Photo,49670,0,0,687,64,17,https://www.facebook.com/1240372834788281/posts/1082681913890708
220634478361516_1082646327227600,2025-04-10,16:23,Photo,97080,0,0,938,41,10,https://www.facebook.com/1240372834788281/posts/1082646327227600
220634478361516_1082572873901612,2025-04-10,14:31,Video,165353,92008,176425.8,984,69,22,https://www.facebook.com/1240372834788281/videos/1701936547410666
220634478361516_1082492857242947,2025-04-10,12:00,Video,39334,20308,14859.1,398,84,49,https://www.facebook.com/1240372834788281/videos/1345797286746619
220634478361516_1082448397247393,2025-04-10,10:32,Photo,50884,0,0,519,310,15,https://www.facebook.com/1240372834788281/posts/1082448397247393
220634478361516_1082432633915636,2025-04-10,10:00,Video,17982,7471,3255.6,275,13,56,https://www.facebook.com/1240372834788281/videos/1673577419913064
220634478361516_1082426213916278,2025-04-10,09:46,Photo,264681,0,0,311,202,60,https://www.facebook.com/1240372834788281/posts/1082426213916278
220634478361516_1082408013918098,2025-04-10,09:12,Photo,181849,0,0,359,95,8,https://www.facebook.com/1240372834788281/posts/1082408013918098
220634478361516_1082352197257013,2025-04-10,07:30,Video,32997,14553,17165.5,144,18,29,https://www.facebook.com/1240372834788281/videos/600760276457931
220634478361516_1082167420608824,2025-04-10,01:12,Photo,324042,0,0,1825,1755,46,https://www.facebook.com/1240372834788281/posts/1082167420608824
220634478361516_1082162557275977,2025-04-10,01:01,Photo,164128,0,0,1088,432,98,https://www.facebook.com/1240372834788281/posts/1082162557275977
220634478361516_1082135900611976,2025-04-10,00:01,Photo,197982,0,0,868,539,22,https://www.facebook.com/1240372834788281/posts/1082135900611976
220634478361516_1082123343946565,2025-04-09,23:35,Photo,121086,0,0,533,100,7,https://www.facebook.com/1240372834788281/posts/1082123343946565
220634478361516_1082091467283086,2025-04-09,22:31,Photo,83792,0,0,222,75,7,https://www.facebook.com/1240372834788281/posts/1082091467283086
220634478361516_1082067593952140,2025-04-09,21:46,Photo,124494,0,0,1906,1012,53,https://www.facebook.com/1240372834788281/posts/1082067593952140
220634478361516_1082044250621141,2025-04-09,21:05,Video,91366,43218,38715.5,338,74,16,https://www.facebook.com/1240372834788281/videos/2852471314914698
220634478361516_1082012130624353,2025-04-09,20:12,Photo,68847,0,0,327,274,10,https://www.facebook.com/1240372834788281/posts/1082012130624353
220634478361516_1082001123958787,2025-04-09,19:55,Photo,84876,0,0,331,41,7,https://www.facebook.com/1240372834788281/posts/1082001123958787
220634478361516_1081960923962807,2025-04-09,18:55,Video,23039,10895,12952.8,130,43,8,https://www.facebook.com/1240372834788281/videos/3983034418576792
220634478361516_1081944377297795,2025-04-09,18:30,Photo,43169,0,0,168,23,14,https://www.facebook.com/1240372834788281/posts/1081944377297795
220634478361516_1081924967299736,2025-04-09,18:01,Video,157235,68243,39420.0,609,65,33,https://www.facebook.com/1240372834788281/videos/645553201627215
220634478361516_1081904810635085,2025-04-09,17:30,Photo,95592,0,0,535,61,4,https://www.facebook.com/1240372834788281/posts/1081904810635085
220634478361516_1081844090641157,2025-04-09,16:02,Photo,46589,0,0,893,59,124,https://www.facebook.com/1240372834788281/posts/1081844090641157
220634478361516_1081837107308522,2025-04-09,15:52,Video,37179,16357,5625.2,1105,226,48,https://www.facebook.com/1240372834788281/videos/1045185077672278
220634478361516_1081804340645132,2025-04-09,15:06,Photo,47896,0,0,95,25,7,https://www.facebook.com/1240372834788281/posts/1081804340645132
220634478361516_1081729737319259,2025-04-09,13:02,Photo,95909,0,0,79,62,5,https://www.facebook.com/1240372834788281/posts/1081729737319259
220634478361516_1081696507322582,2025-04-09,12:00,Video,118249,61511,69117.6,1663,85,94,https://www.facebook.com/1240372834788281/videos/1712806055990112
220634478361516_1081685717323661,2025-04-09,11:40,Photo,124093,0,0,1654,123,29,https://www.facebook.com/1240372834788281/posts/1081685717323661
220634478361516_1081673507324882,2025-04-09,11:17,Photo,106755,0,0,794,310,16,https://www.facebook.com/1240372834788281/posts/1081673507324882
220634478361516_1081634270662139,2025-04-09,10:00,Video,37428,16524,13394.1,121,34,9,https://www.facebook.com/1240372834788281/videos/679876291185031
220634478361516_1081590243999875,2025-04-09,08:30,Photo,214263,0,0,1473,170,20,https://www.facebook.com/1240372834788281/posts/1081590243999875
220634478361516_1081560344002865,2025-04-09,07:30,Video,86938,47560,42782.6,319,93,19,https://www.facebook.com/1240372834788281/videos/644662131747769
220634478361516_1081328210692745,2025-04-08,23:30,Video,31145,15665,13419.1,222,131,20,https://www.facebook.com/1240372834788281/videos/1253885469782664
220634478361516_1081299787362254,2025-04-08,22:37,Video,78114,35317,18566.0,1509,580,153,https://www.facebook.com/1240372834788281/videos/682233864165403
220634478361516_1081296154029284,2025-04-08,22:30,Photo,41059,0,0,468,10,7,https://www.facebook.com/1240372834788281/posts/1081296154029284
220634478361516_1081232687368964,2025-04-08,20:36,Photo,118636,0,0,1790,1006,57,https://www.facebook.com/1240372834788281/posts/1081232687368964
220634478361516_1081197670705799,2025-04-08,19:38,Photo,70601,0,0,214,203,18,https://www.facebook.com/1240372834788281/posts/1081197670705799
220634478361516_1081113374047562,2025-04-08,17:53,Photo,255233,0,0,646,112,30,https://www.facebook.com/1240372834788281/posts/1081113374047562
220634478361516_1081056627386570,2025-04-08,16:35,Photo,77852,0,0,200,71,10,https://www.facebook.com/1240372834788281/posts/1081056627386570
220634478361516_1080902274068672,2025-04-08,12:14,Photo,81491,0,0,1128,179,35,https://www.facebook.com/1240372834788281/posts/1080902274068672
220634478361516_1080857284073171,2025-04-08,10:47,Photo,48706,0,0,220,140,9,https://www.facebook.com/1240372834788281/posts/1080857284073171
220634478361516_1080833620742204,2025-04-08,10:00,Video,20429,9586,6030.1,215,21,23,https://www.facebook.com/1240372834788281/videos/1355104615782047
220634478361516_1080759454082954,2025-04-08,07:31,Video,83833,46402,44562.9,1287,106,92,https://www.facebook.com/1240372834788281/videos/1311913673232252
220634478361516_1080511017441131,2025-04-07,23:03,Photo,304147,0,0,2396,548,72,https://www.facebook.com/1240372834788281/posts/1080511017441131
220634478361516_1080350670790499,2025-04-07,18:31,Photo,106436,0,0,371,399,16,https://www.facebook.com/1240372834788281/posts/1080350670790499
220634478361516_1080201514138748,2025-04-07,14:49,Photo,408555,0,0,6614,437,481,https://www.facebook.com/1240372834788281/posts/1080201514138748
220634478361516_1080103724148527,2025-04-07,12:00,Video,44297,18802,7424.1,225,15,16,https://www.facebook.com/1240372834788281/videos/1858176384973546
220634478361516_1080040220821544,2025-04-07,10:00,Video,54108,28876,23657.4,402,42,30,https://www.facebook.com/1240372834788281/videos/1178641316789153
220634478361516_1079999350825631,2025-04-07,08:38,Photo,58219,0,0,202,162,7,https://www.facebook.com/1240372834788281/posts/1079999350825631
220634478361516_1079966044162295,2025-04-07,07:30,Video,104721,43835,25313.2,256,45,21,https://www.facebook.com/1240372834788281/videos/24007609612173269
220634478361516_1079713650854201,2025-04-06,22:58,Video,132120,72446,63737.9,1176,626,134,https://www.facebook.com/1240372834788281/videos/682752994246143
220634478361516_1079662574192642,2025-04-06,21:24,Photo,52685,0,0,136,76,12,https://www.facebook.com/1240372834788281/posts/1079662574192642
220634478361516_1079659584192941,2025-04-06,21:18,Photo,71340,0,0,223,86,12,https://www.facebook.com/1240372834788281/posts/1079659584192941
220634478361516_1079646784194221,2025-04-06,20:55,Photo,259955,0,0,807,131,83,https://www.facebook.com/1240372834788281/posts/1079646784194221
220634478361516_1079603180865248,2025-04-06,19:54,Video,38055,12941,6735.7,104,10,11,https://www.facebook.com/1240372834788281/videos/1019091982887137
220634478361516_1079536034205296,2025-04-06,18:35,Photo,74443,0,0,252,112,26,https://www.facebook.com/1240372834788281/posts/1079536034205296
220634478361516_1079529320872634,2025-04-06,18:28,Photo,59723,0,0,170,55,46,https://www.facebook.com/1240372834788281/posts/1079529320872634
220634478361516_1079399640885602,2025-04-06,15:41,Photo,29646,0,0,410,23,29,https://www.facebook.com/1240372834788281/posts/1079399640885602
220634478361516_1079374264221473,2025-04-06,15:01,Photo,66716,0,0,410,143,18,https://www.facebook.com/1240372834788281/posts/1079374264221473
220634478361516_1079355080890058,2025-04-06,14:32,Photo,204295,0,0,3175,2158,254,https://www.facebook.com/1240372834788281/posts/1079355080890058
220634478361516_1079269727565260,2025-04-06,12:00,Video,268912,114894,103655.5,828,118,70,https://www.facebook.com/1240372834788281/videos/1570895600238758
220634478361516_1079205200905046,2025-04-06,10:00,Video,66251,29686,64877.9,471,84,52,https://www.facebook.com/1240372834788281/videos/1000141805080302
220634478361516_1079124654246434,2025-04-06,07:31,Video,55671,27436,23688.0,943,50,57,https://www.facebook.com/1240372834788281/videos/3697637030474885
220634478361516_1078832464275653,2025-04-05,22:00,Video,49087,23991,24402.8,380,25,48,https://www.facebook.com/1240372834788281/videos/1354264782569248
220634478361516_1078759970949569,2025-04-05,20:00,Video,99828,42977,33786.2,1088,359,288,https://www.facebook.com/1240372834788281/videos/508216535695751
220634478361516_1078731180952448,2025-04-05,19:14,Photo,51944,0,0,431,35,16,https://www.facebook.com/1240372834788281/posts/1078731180952448
220634478361516_1078695774289322,2025-04-05,18:21,Photo,43292,0,0,354,19,15,https://www.facebook.com/1240372834788281/posts/1078695774289322
220634478361516_1078460984312801,2025-04-05,12:00,Video,203329,93607,118850.8,2644,153,257,https://www.facebook.com/1240372834788281/videos/1055945226346534
220634478361516_1078396274319272,2025-04-05,10:00,Video,133968,58561,39115.6,522,38,17,https://www.facebook.com/1240372834788281/videos/834546505547913
220634478361516_1078231877669045,2025-04-05,04:53,Photo,88299,0,0,449,152,43,https://www.facebook.com/1240372834788281/posts/1078231877669045
220634478361516_1077926354366264,2025-04-04,20:25,Photo,117471,0,0,1440,159,70,https://www.facebook.com/1240372834788281/posts/1077926354366264
220634478361516_1077809171044649,2025-04-04,17:45,Photo,276034,0,0,1669,198,28,https://www.facebook.com/1240372834788281/posts/1077809171044649
220634478361516_1077806147711618,2025-04-04,17:40,Photo,66053,0,0,835,525,91,https://www.facebook.com/1240372834788281/posts/1077806147711618
220634478361516_1077612014397698,2025-04-04,13:14,Photo,213325,0,0,2456,124,449,https://www.facebook.com/1240372834788281/posts/1077612014397698
220634478361516_1077569874401912,2025-04-04,12:00,Video,13044,4755,4685.4,95,56,21,https://www.facebook.com/1240372834788281/videos/2406403289719549
220634478361516_1077566791068887,2025-04-04,11:55,Photo,51099,0,0,253,221,18,https://www.facebook.com/1240372834788281/posts/1077566791068887
220634478361516_1077556874403212,2025-04-04,11:37,Photo,237293,0,0,5636,247,675,https://www.facebook.com/1240372834788281/posts/1077556874403212
220634478361516_1077529031072663,2025-04-04,10:45,Photo,61206,0,0,234,71,14,https://www.facebook.com/1240372834788281/posts/1077529031072663
220634478361516_1077070674451832,2025-04-03,20:33,Photo,260001,0,0,2290,418,132,https://www.facebook.com/1240372834788281/posts/1077070674451832
220634478361516_1077013051124261,2025-04-03,19:07,Photo,95638,0,0,472,59,44,https://www.facebook.com/1240372834788281/posts/1077013051124261
220634478361516_1076916857800547,2025-04-03,17:10,Video,165731,87339,120027.1,1046,40,41,https://www.facebook.com/1240372834788281/videos/648773134747160
220634478361516_1076834347808798,2025-04-03,14:59,Photo,88790,0,0,369,252,23,https://www.facebook.com/1240372834788281/posts/1076834347808798
220634478361516_1076793771146189,2025-04-03,14:00,Video,14882,5642,3468.2,113,49,9,https://www.facebook.com/1240372834788281/videos/2174151319683059
220634478361516_1076721707820062,2025-04-03,12:00,Video,82430,41477,40991.8,1419,58,53,https://www.facebook.com/1240372834788281/videos/1074484667818772
220634478361516_1076696571155909,2025-04-03,11:15,Photo,74510,0,0,127,73,13,https://www.facebook.com/1240372834788281/posts/1076696571155909
220634478361516_1076652664493633,2025-04-03,10:01,Video,9188,2922,1256.7,44,2,6,https://www.facebook.com/1240372834788281/videos/9521691231231185
220634478361516_1076620854496814,2025-04-03,09:00,Video,55396,28481,25600.0,396,42,40,https://www.facebook.com/1240372834788281/videos/1036853864978564
220634478361516_1076571177835115,2025-04-03,07:30,Video,40206,17613,10436.5,310,151,33,https://www.facebook.com/1240372834788281/videos/2134919043688735
220634478361516_1076207677871465,2025-04-02,20:59,Photo,68752,0,0,104,52,7,https://www.facebook.com/1240372834788281/posts/1076207677871465
220634478361516_1076131027879130,2025-04-02,19:19,Photo,138878,0,0,164,52,9,https://www.facebook.com/1240372834788281/posts/1076131027879130
220634478361516_1076123957879837,2025-04-02,19:13,Video,133883,78287,147297.4,2137,50,201,https://www.facebook.com/1240372834788281/videos/1318669269435508
220634478361516_1076072364551663,2025-04-02,18:01,Video,10807,4023,2412.0,46,10,9,https://www.facebook.com/1240372834788281/videos/543301372173745
220634478361516_1076035571222009,2025-04-02,17:13,Video,20141,8970,2498.6,199,25,18,https://www.facebook.com/1240372834788281/videos/1884726845596847
220634478361516_1075963204562579,2025-04-02,15:36,Photo,133081,0,0,755,644,51,https://www.facebook.com/1240372834788281/posts/1075963204562579
220634478361516_1075895404569359,2025-04-02,14:01,Video,78707,47699,32744.8,463,97,37,https://www.facebook.com/1240372834788281/videos/648810151409228
220634478361516_1075853311240235,2025-04-02,12:56,Photo,75499,0,0,350,63,20,https://www.facebook.com/1240372834788281/posts/1075853311240235
220634478361516_1075820911243475,2025-04-02,12:00,Video,83107,34580,20809.9,373,106,13,https://www.facebook.com/1240372834788281/videos/1331163348150130
220634478361516_1075818477910385,2025-04-02,11:56,Photo,109780,0,0,417,286,20,https://www.facebook.com/1240372834788281/posts/1075818477910385
220634478361516_1075755007916732,2025-04-02,10:00,Video,29299,12932,6243.4,72,20,15,https://www.facebook.com/1240372834788281/videos/1218243172967051
220634478361516_1075742747917958,2025-04-02,09:37,Photo,164959,0,0,609,75,23,https://www.facebook.com/1240372834788281/posts/1075742747917958
220634478361516_1075672267925006,2025-04-02,07:30,Video,57007,27297,13243.8,111,37,5,https://www.facebook.com/1240372834788281/videos/510141982169229
220634478361516_1075355364623363,2025-04-01,21:11,Video,1610811,861770,978360.9,18196,5409,2523,https://www.facebook.com/1240372834788281/videos/1894298091308741
220634478361516_1075316004627299,2025-04-01,20:08,Photo,71322,0,0,202,124,25,https://www.facebook.com/1240372834788281/posts/1075316004627299
220634478361516_1075257514633148,2025-04-01,18:41,Photo,103603,0,0,1866,1020,48,https://www.facebook.com/1240372834788281/posts/1075257514633148
220634478361516_1075129267979306,2025-04-01,15:27,Photo,78560,0,0,876,362,43,https://www.facebook.com/1240372834788281/posts/1075129267979306
220634478361516_1075112027981030,2025-04-01,15:00,Video,34245,17535,21345.7,123,18,3,https://www.facebook.com/1240372834788281/videos/1676026953023030
220634478361516_1075094724649427,2025-04-01,14:30,Photo,87126,0,0,101,43,12,https://www.facebook.com/1240372834788281/posts/1075094724649427
220634478361516_1075002657991967,2025-04-01,11:55,Video,262900,145873,276795.3,5098,469,1374,https://www.facebook.com/1240372834788281/videos/523857943835409
220634478361516_1074942257998007,2025-04-01,10:01,Video,210502,130072,99564.7,1058,56,27,https://www.facebook.com/1240372834788281/videos/1841968499914450
220634478361516_1074904184668481,2025-04-01,08:45,Status,51066,0,0,131,22,4,https://www.facebook.com/1240372834788281/posts/1074904184668481
220634478361516_1074890281336538,2025-04-01,08:18,Photo,158100,0,0,1167,802,58,https://www.facebook.com/1240372834788281/posts/1074890281336538
220634478361516_1074863941339172,2025-04-01,07:31,Video,96782,54657,74458.6,884,122,99,https://www.facebook.com/1240372834788281/videos/2148966572222845
220634478361516_1074286498063583,2025-03-31,17:00,Photo,191083,0,0,514,73,9,https://www.facebook.com/1240372834788281/posts/1074286498063583
220634478361516_1074116688080564,2025-03-31,12:39,Photo,90841,0,0,750,490,33,https://www.facebook.com/1240372834788281/posts/1074116688080564
220634478361516_1074082281417338,2025-03-31,12:00,Video,26207,11729,3861.2,200,1,9,https://www.facebook.com/1240372834788281/videos/2693185064209583
220634478361516_1074046758087557,2025-03-31,10:59,Photo,142215,0,0,977,460,96,https://www.facebook.com/1240372834788281/posts/1074046758087557
220634478361516_1074023978089835,2025-03-31,10:18,Photo,92416,0,0,1193,43,176,https://www.facebook.com/1240372834788281/posts/1074023978089835
220634478361516_1074014361424130,2025-03-31,10:00,Video,43761,19827,9830.1,525,71,74,https://www.facebook.com/1240372834788281/videos/2356456551399418
220634478361516_1073903171435249,2025-03-31,07:40,Photo,119151,0,0,622,268,26,https://www.facebook.com/1240372834788281/posts/1073903171435249
220634478361516_1073897018102531,2025-03-31,07:30,Video,24010,10576,5451.4,129,20,17,https://www.facebook.com/1240372834788281/videos/1372631427218307
220634478361516_1073831884775711,2025-03-31,05:30,Photo,271503,0,0,2847,198,281,https://www.facebook.com/1240372834788281/posts/1073831884775711
220634478361516_1073755018116731,2025-03-31,03:06,Photo,111515,0,0,737,54,47,https://www.facebook.com/1240372834788281/posts/1073755018116731
220634478361516_1073650458127187,2025-03-30,23:50,Video,27364,12078,6519.4,170,17,11,https://www.facebook.com/1240372834788281/videos/538447382633902
220634478361516_1073606558131577,2025-03-30,22:30,Video,225978,127381,131109.1,490,81,15,https://www.facebook.com/1240372834788281/videos/1063823465577273
220634478361516_1073445841480982,2025-03-30,18:58,Photo,131848,0,0,1473,263,32,https://www.facebook.com/1240372834788281/posts/1073445841480982
220634478361516_1073325558159677,2025-03-30,16:20,Photo,220035,0,0,3093,342,92,https://www.facebook.com/1240372834788281/posts/1073325558159677
220634478361516_1073313341494232,2025-03-30,16:00,Video,257192,143217,184633.7,5918,71,276,https://www.facebook.com/1240372834788281/videos/643135641763997
220634478361516_1073247344834165,2025-03-30,14:33,Photo,183596,0,0,906,82,17,https://www.facebook.com/1240372834788281/posts/1073247344834165
220634478361516_1073229761502590,2025-03-30,14:01,Video,37174,14706,17668.6,292,26,26,https://www.facebook.com/1240372834788281/videos/1130878598841129
220634478361516_1073194658172767,2025-03-30,13:01,Photo,277395,0,0,8689,286,386,https://www.facebook.com/1240372834788281/posts/1073194658172767
220634478361516_1073161171509449,2025-03-30,12:00,Video,22024,10367,7650.4,220,19,21,https://www.facebook.com/1240372834788281/videos/1152898059661394
220634478361516_1073139451511621,2025-03-30,11:22,Photo,160840,0,0,681,128,67,https://www.facebook.com/1240372834788281/posts/1073139451511621
220634478361516_1073116781513888,2025-03-30,10:44,Status,54738,0,0,117,21,4,https://www.facebook.com/1240372834788281/posts/1073116781513888
220634478361516_1073051261520440,2025-03-30,08:42,Photo,135890,0,0,1093,297,108,https://www.facebook.com/1240372834788281/posts/1073051261520440
220634478361516_1073005321525034,2025-03-30,07:30,Video,22951,10458,12379.7,251,17,12,https://www.facebook.com/1240372834788281/videos/3764908853809968
220634478361516_1072662328226000,2025-03-29,22:43,Video,43964,24334,12189.1,481,48,14,https://www.facebook.com/1240372834788281/videos/2322986811428562
220634478361516_1072620694896830,2025-03-29,21:44,Photo,140435,0,0,217,64,8,https://www.facebook.com/1240372834788281/posts/1072620694896830
220634478361516_1072590041566562,2025-03-29,20:48,Photo,97626,0,0,397,24,26,https://www.facebook.com/1240372834788281/posts/1072590041566562
220634478361516_1072529808239252,2025-03-29,19:08,Photo,78841,0,0,460,36,15,https://www.facebook.com/1240372834788281/posts/1072529808239252
220634478361516_1072435858248647,2025-03-29,16:32,Video,121258,63977,51658.9,573,62,15,https://www.facebook.com/1240372834788281/videos/1140795611157768
220634478361516_1072381498254083,2025-03-29,15:00,Video,59617,28203,36315.8,768,80,129,https://www.facebook.com/1240372834788281/videos/661806349775234
220634478361516_1072266134932286,2025-03-29,12:00,Video,36053,13221,7010.4,117,8,10,https://www.facebook.com/1240372834788281/videos/695673369475383
220634478361516_1072135551612011,2025-03-29,07:30,Video,133414,64862,49722.8,1333,1001,155,https://www.facebook.com/1240372834788281/videos/1360888855045491
220634478361516_1071526221672944,2025-03-28,16:40,Photo,108755,0,0,2779,139,91,https://www.facebook.com/1240372834788281/posts/1071526221672944
220634478361516_1071455718346661,2025-03-28,15:00,Video,393241,239899,272881.2,2687,272,94,https://www.facebook.com/1240372834788281/videos/570829142677298
220634478361516_1071387351686831,2025-03-28,12:56,Photo,71758,0,0,781,43,46,https://www.facebook.com/1240372834788281/posts/1071387351686831
220634478361516_1071353751690191,2025-03-28,12:00,Video,36715,16424,36042.1,521,33,54,https://www.facebook.com/1240372834788281/videos/1062506695794602
220634478361516_1071265948365638,2025-03-28,09:01,Photo,138280,0,0,920,97,31,https://www.facebook.com/1240372834788281/posts/1071265948365638
220634478361516_1071211125037787,2025-03-28,07:30,Video,96179,48285,40188.6,475,50,31,https://www.facebook.com/1240372834788281/videos/675538841673811
220634478361516_1070658721759694,2025-03-27,16:41,Photo,111831,0,0,2327,455,108,https://www.facebook.com/1240372834788281/posts/1070658721759694
220634478361516_1070632771762289,2025-03-27,16:01,Photo,649786,0,0,10000,2349,1005,https://www.facebook.com/1240372834788281/posts/1070632771762289
220634478361516_1070609171764649,2025-03-27,15:24,Photo,107150,0,0,240,27,32,https://www.facebook.com/1240372834788281/posts/1070609171764649
220634478361516_1070528105106089,2025-03-27,13:11,Status,52316,0,0,128,25,4,https://www.facebook.com/1240372834788281/posts/1070528105106089
220634478361516_1070487755110124,2025-03-27,12:00,Video,193772,88171,135683.1,1911,82,136,https://www.facebook.com/1240372834788281/videos/1004175838331405
220634478361516_1070454965113403,2025-03-27,10:59,Video,148833,76106,64804.6,698,427,25,https://www.facebook.com/1240372834788281/videos/666966689053138
220634478361516_1070414441784122,2025-03-27,10:00,Video,116786,60243,34110.3,454,160,17,https://www.facebook.com/1240372834788281/videos/1854380242001945
220634478361516_1070387848453448,2025-03-27,09:00,Video,141770,79466,71836.7,2014,856,314,https://www.facebook.com/1240372834788281/videos/568888258841365
220634478361516_1070364048455828,2025-03-27,08:05,Photo,114913,0,0,1561,391,113,https://www.facebook.com/1240372834788281/posts/1070364048455828
220634478361516_1070336918458541,2025-03-27,07:30,Video,119497,65102,48863.3,5704,93,408,https://www.facebook.com/1240372834788281/videos/1857727825158261
220634478361516_1070110201814546,2025-03-27,01:50,Photo,133328,0,0,1620,244,23,https://www.facebook.com/1240372834788281/posts/1070110201814546
220634478361516_1070020988490134,2025-03-26,22:30,Video,324375,154358,126339.3,1453,110,43,https://www.facebook.com/1240372834788281/videos/1153012183263818
220634478361516_1069843595174540,2025-03-26,18:24,Video,26093,11592,14954.1,149,44,13,https://www.facebook.com/1240372834788281/videos/9446230415472462
220634478361516_1069790485179851,2025-03-26,17:15,Video,16963,8125,3827.1,144,8,6,https://www.facebook.com/1240372834788281/videos/9428423093900583
220634478361516_1069547168537516,2025-03-26,12:14,Status,55704,0,0,108,16,5,https://www.facebook.com/1240372834788281/posts/1069547168537516
220634478361516_1069541145204785,2025-03-26,12:03,Photo,115124,0,0,1074,206,28,https://www.facebook.com/1240372834788281/posts/1069541145204785
220634478361516_1069539108538322,2025-03-26,12:00,Photo,80107,0,0,1133,27,67,https://www.facebook.com/1240372834788281/posts/1069539108538322
220634478361516_1069483258543907,2025-03-26,10:10,Photo,151923,0,0,3087,447,50,https://www.facebook.com/1240372834788281/posts/1069483258543907
220634478361516_1069478395211060,2025-03-26,10:00,Video,454339,213875,165607.0,1700,570,171,https://www.facebook.com/1240372834788281/videos/1227079788991665
220634478361516_1069465478545685,2025-03-26,09:34,Photo,166321,0,0,460,482,41,https://www.facebook.com/1240372834788281/posts/1069465478545685
220634478361516_1069408238551409,2025-03-26,07:30,Video,37210,16641,18674.6,293,24,43,https://www.facebook.com/1240372834788281/videos/23883879451198674
220634478361516_1069092195249680,2025-03-25,21:55,Photo,350296,0,0,804,168,58,https://www.facebook.com/1240372834788281/posts/1069092195249680
220634478361516_1069086295250270,2025-03-25,21:42,Photo,113033,0,0,584,47,10,https://www.facebook.com/1240372834788281/posts/1069086295250270
220634478361516_1069071275251772,2025-03-25,21:13,Photo,182337,0,0,1118,610,134,https://www.facebook.com/1240372834788281/posts/1069071275251772
220634478361516_1068892745269625,2025-03-25,16:38,Photo,104496,0,0,653,52,22,https://www.facebook.com/1240372834788281/posts/1068892745269625
220634478361516_1068867325272167,2025-03-25,15:56,Photo,226976,0,0,2555,1757,544,https://www.facebook.com/1240372834788281/posts/1068867325272167
220634478361516_1068800725278827,2025-03-25,14:21,Photo,62565,0,0,445,193,35,https://www.facebook.com/1240372834788281/posts/1068800725278827
220634478361516_1068784348613798,2025-03-25,13:56,Photo,163282,0,0,920,330,64,https://www.facebook.com/1240372834788281/posts/1068784348613798
220634478361516_1068738575285042,2025-03-25,12:30,Video,25021,8092,2834.4,75,6,12,https://www.facebook.com/1240372834788281/videos/1310348103573775
220634478361516_1068668185292081,2025-03-25,10:00,Video,81777,42338,27249.1,364,110,34,https://www.facebook.com/1240372834788281/videos/1133038948509212
220634478361516_1068596271965939,2025-03-25,07:30,Video,80246,41314,38019.8,319,76,60,https://www.facebook.com/1240372834788281/videos/665993832552670
220634478361516_1068368258655407,2025-03-25,00:32,Photo,307555,0,0,2408,866,85,https://www.facebook.com/1240372834788281/posts/1068368258655407
220634478361516_1068336458658587,2025-03-24,23:21,Photo,149152,0,0,500,65,25,https://www.facebook.com/1240372834788281/posts/1068336458658587
220634478361516_1068214682004098,2025-03-24,21:01,Status,87628,0,0,285,114,6,https://www.facebook.com/1240372834788281/posts/1068214682004098
220634478361516_1068152518676981,2025-03-24,20:01,Status,70448,0,0,182,35,7,https://www.facebook.com/1240372834788281/posts/1068152518676981
220634478361516_1068124048679828,2025-03-24,19:09,Photo,83907,0,0,249,36,21,https://www.facebook.com/1240372834788281/posts/1068124048679828
220634478361516_1068068242018742,2025-03-24,17:40,Photo,89087,0,0,667,50,35,https://www.facebook.com/1240372834788281/posts/1068068242018742
220634478361516_1068050748687158,2025-03-24,17:13,Photo,95885,0,0,829,672,40,https://www.facebook.com/1240372834788281/posts/1068050748687158
220634478361516_1068043992021167,2025-03-24,17:03,Video,17098,5927,5219.1,132,20,31,https://www.facebook.com/1240372834788281/videos/1854771432015235
220634478361516_1068005305358369,2025-03-24,16:03,Photo,817773,0,0,1747,739,324,https://www.facebook.com/1240372834788281/posts/1068005305358369
220634478361516_1067906932034873,2025-03-24,13:27,Photo,198636,0,0,3373,325,87,https://www.facebook.com/1240372834788281/posts/1067906932034873
220634478361516_1067883418703891,2025-03-24,12:43,Photo,102973,0,0,346,70,16,https://www.facebook.com/1240372834788281/posts/1067883418703891
220634478361516_1067830885375811,2025-03-24,12:13,Photo,316018,0,0,2762,3057,156,https://www.facebook.com/1240372834788281/posts/1067830885375811
220634478361516_1067823162043250,2025-03-24,12:01,Video,17881,7005,5082.8,363,14,78,https://www.facebook.com/1240372834788281/videos/1200917994928869
220634478361516_1067763678715865,2025-03-24,10:00,Video,722397,435493,507768.7,4012,854,255,https://www.facebook.com/1240372834788281/videos/599649429785301
220634478361516_1067763612049205,2025-03-24,10:00,Photo,186629,0,0,703,75,36,https://www.facebook.com/1240372834788281/posts/1067763612049205
220634478361516_1067758145383085,2025-03-24,09:49,Photo,217047,0,0,2170,180,80,https://www.facebook.com/1240372834788281/posts/1067758145383085
220634478361516_1067695605389339,2025-03-24,07:30,Video,92960,47364,47946.8,908,139,100,https://www.facebook.com/1240372834788281/videos/2748848191991926
220634478361516_1067116318780601,2025-03-23,17:11,Photo,159072,0,0,652,99,8,https://www.facebook.com/1240372834788281/posts/1067116318780601
220634478361516_1067079845450915,2025-03-23,16:24,Photo,98996,0,0,332,138,30,https://www.facebook.com/1240372834788281/posts/1067079845450915
220634478361516_1067016588790574,2025-03-23,14:50,Photo,70242,0,0,1392,605,53,https://www.facebook.com/1240372834788281/posts/1067016588790574
220634478361516_1066985968793636,2025-03-23,13:58,Video,41016,21424,17748.5,133,14,27,https://www.facebook.com/1240372834788281/videos/3070258893140627
220634478361516_1066968728795360,2025-03-23,13:25,Photo,163032,0,0,792,274,52,https://www.facebook.com/1240372834788281/posts/1066968728795360
220634478361516_1066929192132647,2025-03-23,12:08,Photo,61610,0,0,135,92,13,https://www.facebook.com/1240372834788281/posts/1066929192132647
220634478361516_1066864232139143,2025-03-23,11:02,Photo,116437,0,0,2899,1215,272,https://www.facebook.com/1240372834788281/posts/1066864232139143
220634478361516_1066833348808898,2025-03-23,10:00,Video,222616,93272,118882.8,686,127,31,https://www.facebook.com/1240372834788281/videos/1388940008963851
220634478361516_1066827948809438,2025-03-23,09:50,Photo,276697,0,0,1057,333,38,https://www.facebook.com/1240372834788281/posts/1066827948809438
220634478361516_1066782065480693,2025-03-23,09:22,Photo,135317,0,0,1399,236,18,https://www.facebook.com/1240372834788281/posts/1066782065480693
220634478361516_1066727595486140,2025-03-23,07:30,Video,18093,7794,5231.0,255,98,27,https://www.facebook.com/1240372834788281/videos/1219304486416837
220634478361516_1066727105486189,2025-03-23,07:29,Photo,112332,0,0,343,68,27,https://www.facebook.com/1240372834788281/posts/1066727105486189
220634478361516_1066459185512981,2025-03-22,23:00,Photo,152845,0,0,1351,538,188,https://www.facebook.com/1240372834788281/posts/1066459185512981
220634478361516_1066312738860959,2025-03-22,18:14,Photo,224665,0,0,1970,319,94,https://www.facebook.com/1240372834788281/posts/1066312738860959
220634478361516_1066257752199791,2025-03-22,16:43,Photo,59322,0,0,330,69,21,https://www.facebook.com/1240372834788281/posts/1066257752199791
220634478361516_1066217448870488,2025-03-22,15:35,Photo,315977,0,0,1759,163,26,https://www.facebook.com/1240372834788281/posts/1066217448870488
220634478361516_1066095235549376,2025-03-22,12:02,Video,66179,26692,25946.1,322,18,62,https://www.facebook.com/1240372834788281/videos/3474410276199115
220634478361516_1066036645555235,2025-03-22,10:00,Video,65573,35844,45857.7,610,19,33,https://www.facebook.com/1240372834788281/videos/2113136732469141
220634478361516_1065942695564630,2025-03-22,07:52,Status,96909,0,0,259,52,7,https://www.facebook.com/1240372834788281/posts/1065942695564630
220634478361516_1065932048899028,2025-03-22,07:31,Video,44338,24972,17696.4,1006,585,154,https://www.facebook.com/1240372834788281/videos/1147598473709777
220634478361516_1065620328930200,2025-03-21,22:55,Video,17797,8057,5536.7,124,57,20,https://www.facebook.com/1240372834788281/videos/1708199510045632
220634478361516_1065614155597484,2025-03-21,22:43,Status,82029,0,0,215,32,3,https://www.facebook.com/1240372834788281/posts/1065614155597484
220634478361516_1065430725615827,2025-03-21,17:21,Photo,144269,0,0,1513,694,84,https://www.facebook.com/1240372834788281/posts/1065430725615827
220634478361516_1065365275622372,2025-03-21,15:41,Photo,142104,0,0,1013,661,167,https://www.facebook.com/1240372834788281/posts/1065365275622372
220634478361516_1065336912291875,2025-03-21,15:00,Video,69551,32347,17594.0,333,130,24,https://www.facebook.com/1240372834788281/videos/676392854731643
220634478361516_1065277585631141,2025-03-21,13:31,Photo,183745,0,0,3078,1164,156,https://www.facebook.com/1240372834788281/posts/1065277585631141
220634478361516_1065226685636231,2025-03-21,12:00,Video,51312,22461,25276.4,407,544,113,https://www.facebook.com/1240372834788281/videos/1149293723658055
220634478361516_1065157742309792,2025-03-21,10:00,Video,60625,30571,30847.9,273,22,16,https://www.facebook.com/1240372834788281/videos/1005019201601444
220634478361516_1065059822319584,2025-03-21,07:30,Video,184221,106041,139808.4,1088,84,46,https://www.facebook.com/1240372834788281/videos/1029334391864273
220634478361516_1064853429006890,2025-03-21,01:56,Photo,232244,0,0,4755,1821,151,https://www.facebook.com/1240372834788281/posts/1064853429006890
220634478361516_1064718179020415,2025-03-20,22:36,Photo,100525,0,0,768,447,73,https://www.facebook.com/1240372834788281/posts/1064718179020415
220634478361516_1064643692361197,2025-03-20,20:12,Video,65350,36408,44067.4,838,26,53,https://www.facebook.com/1240372834788281/videos/667428949065190
220634478361516_1064588389033394,2025-03-20,18:42,Photo,633160,0,0,10000,1002,318,https://www.facebook.com/1240372834788281/posts/1064588389033394
220634478361516_1064571862368380,2025-03-20,18:21,Video,120071,47120,37740.3,4557,196,1082,https://www.facebook.com/1240372834788281/videos/1025967732779454
220634478361516_1064516599040573,2025-03-20,16:56,Photo,100063,0,0,1368,55,67,https://www.facebook.com/1240372834788281/posts/1064516599040573
220634478361516_1064501599042073,2025-03-20,16:34,Photo,220956,0,0,5131,168,218,https://www.facebook.com/1240372834788281/posts/1064501599042073
220634478361516_1064480645710835,2025-03-20,16:01,Photo,114710,0,0,2874,143,224,https://www.facebook.com/1240372834788281/posts/1064480645710835
220634478361516_1064387405720159,2025-03-20,13:30,Photo,72146,0,0,170,54,8,https://www.facebook.com/1240372834788281/posts/1064387405720159
220634478361516_1064348545724045,2025-03-20,12:21,Video,45195,25141,20192.7,546,113,90,https://www.facebook.com/1240372834788281/videos/641849501922193
220634478361516_1064270659065167,2025-03-20,10:00,Video,107523,61110,68307.7,2599,160,232,https://www.facebook.com/1240372834788281/videos/665473045881553
220634478361516_1064146962410870,2025-03-20,07:30,Video,78877,42348,35405.7,530,160,48,https://www.facebook.com/1240372834788281/videos/1318764769338494
220634478361516_1064043729087860,2025-03-20,04:12,Status,79078,0,0,208,38,7,https://www.facebook.com/1240372834788281/posts/1064043729087860
220634478361516_1063962275762672,2025-03-20,01:36,Video,59198,35409,9947.4,222,79,13,https://www.facebook.com/1240372834788281/videos/1017997293535715
220634478361516_1063803319111901,2025-03-19,20:42,Photo,111110,0,0,502,272,23,https://www.facebook.com/1240372834788281/posts/1063803319111901
220634478361516_1063705479121685,2025-03-19,18:05,Photo,148394,0,0,257,22,9,https://www.facebook.com/1240372834788281/posts/1063705479121685
220634478361516_1063692169123016,2025-03-19,17:44,Photo,74433,0,0,722,77,20,https://www.facebook.com/1240372834788281/posts/1063692169123016
220634478361516_1063670349125198,2025-03-19,17:10,Photo,121082,0,0,811,178,25,https://www.facebook.com/1240372834788281/posts/1063670349125198
220634478361516_1063417605817139,2025-03-19,10:01,Video,47073,26376,11977.2,327,113,18,https://www.facebook.com/1240372834788281/videos/571987075895794
220634478361516_1063396865819213,2025-03-19,09:19,Photo,118028,0,0,394,221,31,https://www.facebook.com/1240372834788281/posts/1063396865819213
220634478361516_1063373719154861,2025-03-19,08:28,Photo,106084,0,0,748,479,117,https://www.facebook.com/1240372834788281/posts/1063373719154861
220634478361516_1063347775824122,2025-03-19,07:30,Video,21143,9591,9549.0,265,73,61,https://www.facebook.com/1240372834788281/videos/1698526860745179
220634478361516_1063032075855692,2025-03-18,21:23,Photo,200719,0,0,6122,306,152,https://www.facebook.com/1240372834788281/posts/1063032075855692
220634478361516_1063007195858180,2025-03-18,20:41,Video,77713,39787,26809.9,1589,686,108,https://www.facebook.com/1240372834788281/videos/1707200816575851
220634478361516_1062917209200512,2025-03-18,19:05,Status,47374,0,0,93,13,6,https://www.facebook.com/1240372834788281/posts/1062917209200512
220634478361516_1062909085867991,2025-03-18,18:57,Photo,143357,0,0,1370,880,146,https://www.facebook.com/1240372834788281/posts/1062909085867991
220634478361516_1062830529209180,2025-03-18,17:31,Photo,117940,0,0,1103,233,39,https://www.facebook.com/1240372834788281/posts/1062830529209180
220634478361516_1062778052547761,2025-03-18,16:15,Photo,105821,0,0,1030,609,81,https://www.facebook.com/1240372834788281/posts/1062778052547761
220634478361516_1062749745883925,2025-03-18,15:25,Photo,109636,0,0,1299,170,344,https://www.facebook.com/1240372834788281/posts/1062749745883925
220634478361516_1062739975884902,2025-03-18,15:10,Photo,313148,0,0,7016,413,658,https://www.facebook.com/1240372834788281/posts/1062739975884902
220634478361516_1062728735886026,2025-03-18,14:54,Photo,131411,0,0,1405,212,20,https://www.facebook.com/1240372834788281/posts/1062728735886026
220634478361516_1062714962554070,2025-03-18,14:34,Photo,100284,0,0,746,134,58,https://www.facebook.com/1240372834788281/posts/1062714962554070
220634478361516_1062700125888887,2025-03-18,14:06,Photo,375069,0,0,2463,300,57,https://www.facebook.com/1240372834788281/posts/1062700125888887
220634478361516_1062646885894211,2025-03-18,12:22,Photo,117306,0,0,473,172,46,https://www.facebook.com/1240372834788281/posts/1062646885894211
220634478361516_1062632695895630,2025-03-18,11:54,Photo,126539,0,0,1394,646,82,https://www.facebook.com/1240372834788281/posts/1062632695895630
220634478361516_1062610462564520,2025-03-18,11:10,Video,20509,8859,6784.8,234,26,28,https://www.facebook.com/1240372834788281/videos/835157345454619
220634478361516_1062588465900053,2025-03-18,10:21,Photo,61799,0,0,540,92,32,https://www.facebook.com/1240372834788281/posts/1062588465900053
220634478361516_1062578369234396,2025-03-18,10:00,Video,31663,12619,12435.0,87,12,17,https://www.facebook.com/1240372834788281/videos/518745634299095
220634478361516_1062570562568510,2025-03-18,09:44,Photo,156874,0,0,295,50,25,https://www.facebook.com/1240372834788281/posts/1062570562568510
220634478361516_1062560599236173,2025-03-18,09:24,Status,66482,0,0,350,139,12,https://www.facebook.com/1240372834788281/posts/1062560599236173
220634478361516_1062516412573925,2025-03-18,08:09,Photo,33959,0,0,149,66,6,https://www.facebook.com/1240372834788281/posts/1062516412573925
220634478361516_1062509592574607,2025-03-18,07:54,Photo,178818,0,0,750,289,35,https://www.facebook.com/1240372834788281/posts/1062509592574607
220634478361516_1062403622585204,2025-03-18,04:08,Photo,215776,0,0,1634,421,74,https://www.facebook.com/1240372834788281/posts/1062403622585204
220634478361516_1062391742586392,2025-03-18,03:46,Photo,107758,0,0,386,73,16,https://www.facebook.com/1240372834788281/posts/1062391742586392
220634478361516_1062363999255833,2025-03-18,02:50,Photo,143278,0,0,917,186,42,https://www.facebook.com/1240372834788281/posts/1062363999255833
220634478361516_1062212202604346,2025-03-17,21:35,Photo,68284,0,0,388,23,18,https://www.facebook.com/1240372834788281/posts/1062212202604346
220634478361516_1062210702604496,2025-03-17,21:32,Photo,281310,0,0,704,360,70,https://www.facebook.com/1240372834788281/posts/1062210702604496
220634478361516_1062108419281391,2025-03-17,18:24,Photo,103894,0,0,779,69,21,https://www.facebook.com/1240372834788281/posts/1062108419281391
220634478361516_1062059502619616,2025-03-17,17:05,Video,26048,12004,4263.0,97,5,14,https://www.facebook.com/1240372834788281/videos/511246998692825
220634478361516_1062056652619901,2025-03-17,17:00,Video,32622,14631,9945.7,423,23,50,https://www.facebook.com/1240372834788281/videos/1585652168817423
220634478361516_1061983779293855,2025-03-17,15:07,Photo,144090,0,0,2888,160,176,https://www.facebook.com/1240372834788281/posts/1061983779293855
220634478361516_1061883959303837,2025-03-17,13:12,Photo,155111,0,0,1912,1097,146,https://www.facebook.com/1240372834788281/posts/1061883959303837
220634478361516_1061840132641553,2025-03-17,12:01,Video,40237,18270,8686.6,155,10,9,https://www.facebook.com/1240372834788281/videos/2991361954363653
220634478361516_1061788305980069,2025-03-17,10:16,Photo,811597,0,0,8428,1283,284,https://www.facebook.com/1240372834788281/posts/1061788305980069
220634478361516_1061780469314186,2025-03-17,10:01,Video,20159,9286,7241.3,135,12,31,https://www.facebook.com/1240372834788281/videos/997860308940407
220634478361516_1061776319314601,2025-03-17,09:51,Photo,130181,0,0,210,72,8,https://www.facebook.com/1240372834788281/posts/1061776319314601
220634478361516_1061712705987629,2025-03-17,07:30,Video,26686,13360,11363.7,477,64,152,https://www.facebook.com/1240372834788281/videos/1404749707559270
220634478361516_1061451392680427,2025-03-16,23:01,Video,64906,37199,48216.1,671,24,46,https://www.facebook.com/1240372834788281/videos/1316809719580163
220634478361516_1061428926016007,2025-03-16,22:12,Photo,136853,0,0,2164,1094,122,https://www.facebook.com/1240372834788281/posts/1061428926016007
220634478361516_1061420296016870,2025-03-16,21:56,Video,48174,28975,20568.3,795,52,46,https://www.facebook.com/1240372834788281/videos/519989014495426
220634478361516_1061390376019862,2025-03-16,20:57,Photo,84736,0,0,719,504,44,https://www.facebook.com/1240372834788281/posts/1061390376019862
220634478361516_1061340932691473,2025-03-16,19:25,Photo,107965,0,0,1541,731,76,https://www.facebook.com/1240372834788281/posts/1061340932691473
220634478361516_1061254642700102,2025-03-16,17:33,Photo,330147,0,0,1430,274,80,https://www.facebook.com/1240372834788281/posts/1061254642700102
220634478361516_1061140256044874,2025-03-16,14:58,Photo,85561,0,0,641,98,49,https://www.facebook.com/1240372834788281/posts/1061140256044874
220634478361516_1061125849379648,2025-03-16,14:33,Photo,122907,0,0,441,215,15,https://www.facebook.com/1240372834788281/posts/1061125849379648
220634478361516_1060983882727178,2025-03-16,10:01,Video,17616,8620,7384.3,170,16,18,https://www.facebook.com/1240372834788281/videos/630921692986608
220634478361516_1060961029396130,2025-03-16,09:17,Photo,122276,0,0,469,207,29,https://www.facebook.com/1240372834788281/posts/1060961029396130
220634478361516_1060910472734519,2025-03-16,07:30,Video,648928,355784,630735.0,12178,589,851,https://www.facebook.com/1240372834788281/videos/1152018782894332
220634478361516_1060591006099799,2025-03-15,21:48,Photo,177197,0,0,1611,70,91,https://www.facebook.com/1240372834788281/posts/1060591006099799
220634478361516_1060559119436321,2025-03-15,20:43,Photo,136351,0,0,1592,103,30,https://www.facebook.com/1240372834788281/posts/1060559119436321
220634478361516_1060543099437923,2025-03-15,20:13,Video,39640,17996,10962.2,944,65,116,https://www.facebook.com/1240372834788281/videos/1023951662971180
220634478361516_1060481776110722,2025-03-15,18:24,Video,31914,13347,13319.0,236,17,25,https://www.facebook.com/1240372834788281/videos/1334572484524890
220634478361516_1060410266117873,2025-03-15,16:29,Video,46906,21264,5969.6,526,17,63,https://www.facebook.com/1240372834788281/videos/627653683208539
220634478361516_1060340449458188,2025-03-15,14:32,Video,208535,66992,14119.5,890,88,41,https://www.facebook.com/1240372834788281/videos/2432227770470543
220634478361516_1060265549465678,2025-03-15,12:15,Video,52264,21218,35353.2,542,52,60,https://www.facebook.com/1240372834788281/videos/1290680445329849
220634478361516_1060193186139581,2025-03-15,09:46,Video,65099,29589,35082.6,475,45,20,https://www.facebook.com/1240372834788281/videos/1815686919232463
220634478361516_1059768532848713,2025-03-14,21:04,Photo,183586,0,0,1013,140,43,https://www.facebook.com/1240372834788281/posts/1059768532848713
220634478361516_1059654882860078,2025-03-14,17:46,Video,73131,37496,17349.3,686,25,10,https://www.facebook.com/1240372834788281/videos/1312253329830755
220634478361516_1059493582876208,2025-03-14,13:45,Photo,260886,0,0,1968,1273,330,https://www.facebook.com/1240372834788281/posts/1059493582876208
220634478361516_1059470949545138,2025-03-14,13:05,Photo,127261,0,0,861,120,22,https://www.facebook.com/1240372834788281/posts/1059470949545138
220634478361516_1059435142882052,2025-03-14,12:03,Video,344958,185431,278596.5,3400,128,147,https://www.facebook.com/1240372834788281/videos/1331287078113235
220634478361516_1059405489551684,2025-03-14,11:06,Photo,102404,0,0,343,76,22,https://www.facebook.com/1240372834788281/posts/1059405489551684
220634478361516_1059371606221739,2025-03-14,10:01,Video,178478,101431,77348.9,1406,318,132,https://www.facebook.com/1240372834788281/videos/2399419330402111
220634478361516_1059296492895917,2025-03-14,07:30,Video,259974,138132,41785.4,889,169,59,https://www.facebook.com/1240372834788281/videos/2073708976428683
220634478361516_1059096259582607,2025-03-14,01:04,Photo,178205,0,0,838,137,31,https://www.facebook.com/1240372834788281/posts/1059096259582607
220634478361516_1059016162923950,2025-03-13,23:25,Photo,100887,0,0,898,70,44,https://www.facebook.com/1240372834788281/posts/1059016162923950
220634478361516_1058966576262242,2025-03-13,21:56,Photo,160623,0,0,1704,1217,145,https://www.facebook.com/1240372834788281/posts/1058966576262242
220634478361516_1058864336272466,2025-03-13,19:25,Photo,78806,0,0,746,577,29,https://www.facebook.com/1240372834788281/posts/1058864336272466
220634478361516_1058663849625848,2025-03-13,14:00,Video,41264,15489,14476.3,361,20,46,https://www.facebook.com/1240372834788281/videos/944749400802770
220634478361516_1058601829632050,2025-03-13,12:00,Video,172662,98654,160882.3,1617,55,82,https://www.facebook.com/1240372834788281/videos/1374133473766229
220634478361516_1058569529635280,2025-03-13,10:52,Photo,133525,0,0,366,85,30,https://www.facebook.com/1240372834788281/posts/1058569529635280
220634478361516_1058474676311432,2025-03-13,07:30,Video,17629,8344,4694.6,321,37,37,https://www.facebook.com/1240372834788281/videos/1729044907657840
220634478361516_1058191473006419,2025-03-12,23:16,Photo,575719,0,0,7480,341,200,https://www.facebook.com/1240372834788281/posts/1058191473006419
220634478361516_1058121666346733,2025-03-12,20:52,Status,57642,0,0,357,16,3,https://www.facebook.com/1240372834788281/posts/1058121666346733
220634478361516_1058108233014743,2025-03-12,20:30,Photo,45168,0,0,60,66,8,https://www.facebook.com/1240372834788281/posts/1058108233014743
220634478361516_1058020463023520,2025-03-12,17:57,Video,85105,47768,82908.8,1122,21,69,https://www.facebook.com/1240372834788281/videos/430178563485176
220634478361516_1057886453036921,2025-03-12,14:20,Photo,53910,0,0,187,29,17,https://www.facebook.com/1240372834788281/posts/1057886453036921
220634478361516_1057870756371824,2025-03-12,13:51,Photo,110349,0,0,639,144,68,https://www.facebook.com/1240372834788281/posts/1057870756371824
220634478361516_1057793033046263,2025-03-12,12:01,Video,25502,12359,7556.5,132,13,5,https://www.facebook.com/1240372834788281/videos/1293774365255626
220634478361516_1057763409715892,2025-03-12,11:03,Photo,69635,0,0,167,52,7,https://www.facebook.com/1240372834788281/posts/1057763409715892
220634478361516_1057748383050728,2025-03-12,10:32,Photo,37391,0,0,168,63,5,https://www.facebook.com/1240372834788281/posts/1057748383050728
220634478361516_1057732839718949,2025-03-12,10:00,Video,14692,7095,3338.8,122,8,10,https://www.facebook.com/1240372834788281/videos/9283790808342792
220634478361516_1057724453053121,2025-03-12,09:42,Photo,32391,0,0,70,6,6,https://www.facebook.com/1240372834788281/posts/1057724453053121
220634478361516_1057666363058930,2025-03-12,07:30,Video,26783,14474,11817.2,235,19,12,https://www.facebook.com/1240372834788281/videos/1403868974080058
220634478361516_1057348293090737,2025-03-11,22:31,Video,15059,6300,7258.4,149,47,39,https://www.facebook.com/1240372834788281/videos/530472873421418
220634478361516_1057319629760270,2025-03-11,21:36,Video,82103,46192,50021.5,1331,94,74,https://www.facebook.com/1240372834788281/videos/1043325917614264
220634478361516_1057267526432147,2025-03-11,19:52,Photo,75463,0,0,702,14,16,https://www.facebook.com/1240372834788281/posts/1057267526432147
220634478361516_1057252486433651,2025-03-11,19:24,Photo,103426,0,0,1590,82,123,https://www.facebook.com/1240372834788281/posts/1057252486433651
220634478361516_1057241399768093,2025-03-11,19:05,Photo,101208,0,0,64,10,5,https://www.facebook.com/1240372834788281/posts/1057241399768093
220634478361516_1057186133106953,2025-03-11,17:52,Photo,126588,0,0,3005,63,168,https://www.facebook.com/1240372834788281/posts/1057186133106953
220634478361516_1057171279775105,2025-03-11,17:33,Photo,90239,0,0,232,101,8,https://www.facebook.com/1240372834788281/posts/1057171279775105
220634478361516_1057043316454568,2025-03-11,14:00,Video,405304,232882,190313.0,992,194,32,https://www.facebook.com/1240372834788281/videos/501943369639179
220634478361516_1057034286455471,2025-03-11,13:45,Photo,120915,0,0,459,189,19,https://www.facebook.com/1240372834788281/posts/1057034286455471
220634478361516_1056979896460910,2025-03-11,12:01,Video,100435,48545,26313.1,403,314,49,https://www.facebook.com/1240372834788281/videos/1353331932757735
220634478361516_1056924786466421,2025-03-11,10:01,Video,159962,85480,102515.1,2479,466,144,https://www.facebook.com/1240372834788281/videos/4047775585511924
220634478361516_1056820456476854,2025-03-11,07:01,Video,33803,17435,13529.0,265,27,24,https://www.facebook.com/1240372834788281/videos/998821808338797
220634478361516_1056603899831843,2025-03-10,23:55,Photo,227409,0,0,1326,91,17,https://www.facebook.com/1240372834788281/posts/1056603899831843
220634478361516_1056574163168150,2025-03-10,22:54,Photo,55452,0,0,832,116,20,https://www.facebook.com/1240372834788281/posts/1056574163168150
220634478361516_1056555313170035,2025-03-10,22:12,Photo,393491,0,0,1622,762,85,https://www.facebook.com/1240372834788281/posts/1056555313170035
220634478361516_1056531293172437,2025-03-10,21:30,Video,57379,33784,38490.3,664,158,254,https://www.facebook.com/1240372834788281/videos/525305587265223
220634478361516_1056510159841217,2025-03-10,20:47,Photo,127468,0,0,425,274,38,https://www.facebook.com/1240372834788281/posts/1056510159841217
220634478361516_1056478609844372,2025-03-10,19:46,Photo,57516,0,0,50,16,5,https://www.facebook.com/1240372834788281/posts/1056478609844372
220634478361516_1056436306515269,2025-03-10,18:37,Photo,60719,0,0,277,157,16,https://www.facebook.com/1240372834788281/posts/1056436306515269
220634478361516_1056326746526225,2025-03-10,16:00,Video,17152,7012,9943.1,199,54,66,https://www.facebook.com/1240372834788281/videos/552121397889571
220634478361516_1056302639861969,2025-03-10,15:19,Photo,71325,0,0,398,77,9,https://www.facebook.com/1240372834788281/posts/1056302639861969
220634478361516_1056212073204359,2025-03-10,13:22,Photo,578428,0,0,2498,399,83,https://www.facebook.com/1240372834788281/posts/1056212073204359
220634478361516_1056128569879376,2025-03-10,10:39,Photo,125033,0,0,878,180,18,https://www.facebook.com/1240372834788281/posts/1056128569879376
220634478361516_1055828103242756,2025-03-09,23:46,Photo,81988,0,0,245,171,16,https://www.facebook.com/1240372834788281/posts/1055828103242756
220634478361516_1055800936578806,2025-03-09,22:47,Photo,774646,0,0,6988,1320,386,https://www.facebook.com/1240372834788281/posts/1055800936578806
220634478361516_1055748793250687,2025-03-09,21:00,Video,27677,12290,12188.8,107,18,8,https://www.facebook.com/1240372834788281/videos/1242470374194823
220634478361516_1055668653258701,2025-03-09,19:17,Photo,62345,0,0,192,66,6,https://www.facebook.com/1240372834788281/posts/1055668653258701
220634478361516_1055572693268297,2025-03-09,17:10,Photo,73132,0,0,821,167,15,https://www.facebook.com/1240372834788281/posts/1055572693268297
220634478361516_1055555519936681,2025-03-09,16:46,Photo,81975,0,0,127,32,11,https://www.facebook.com/1240372834788281/posts/1055555519936681
220634478361516_1055530059939227,2025-03-09,16:12,Photo,121192,0,0,175,29,9,https://www.facebook.com/1240372834788281/posts/1055530059939227
220634478361516_1055505673274999,2025-03-09,15:38,Photo,180557,0,0,963,124,46,https://www.facebook.com/1240372834788281/posts/1055505673274999
220634478361516_1055500079942225,2025-03-09,15:30,Video,55065,28473,35019.4,298,51,18,https://www.facebook.com/1240372834788281/videos/3946251898989588
220634478361516_1055494469942786,2025-03-09,15:22,Photo,976044,0,0,10000,3119,184,https://www.facebook.com/1240372834788281/posts/1055494469942786
220634478361516_1055456049946628,2025-03-09,14:17,Photo,741388,0,0,3028,962,209,https://www.facebook.com/1240372834788281/posts/1055456049946628
220634478361516_1055384673287099,2025-03-09,12:01,Video,65130,31766,58441.5,810,27,106,https://www.facebook.com/1240372834788281/videos/999234878818782
220634478361516_1055379563287610,2025-03-09,11:50,Photo,215143,0,0,2298,202,18,https://www.facebook.com/1240372834788281/posts/1055379563287610
220634478361516_1055324696626430,2025-03-09,10:01,Video,340146,188418,421980.3,3968,79,152,https://www.facebook.com/1240372834788281/videos/1918749679054554
220634478361516_1055290096629890,2025-03-09,08:46,Photo,734194,0,0,4451,613,115,https://www.facebook.com/1240372834788281/posts/1055290096629890
220634478361516_1055278333297733,2025-03-09,08:19,Video,82424,50971,12484.8,538,450,12,https://www.facebook.com/1240372834788281/videos/1601224890569934
220634478361516_1055255569966676,2025-03-09,07:30,Video,107489,53881,95707.6,688,78,28,https://www.facebook.com/1240372834788281/videos/1173235000912541
220634478361516_1054958913329675,2025-03-08,21:17,Video,33793,16644,26689.0,274,268,41,https://www.facebook.com/1240372834788281/videos/969475641566173
220634478361516_1054949033330663,2025-03-08,20:56,Video,29658,13085,6212.3,695,30,42,https://www.facebook.com/1240372834788281/videos/548520210973911
220634478361516_1054938729998360,2025-03-08,20:37,Video,35390,17720,5232.7,528,120,41,https://www.facebook.com/1240372834788281/videos/1166661671794614
220634478361516_1054925403333026,2025-03-08,20:11,Photo,467917,0,0,10000,135,126,https://www.facebook.com/1240372834788281/posts/1054925403333026
220634478361516_1054827863342780,2025-03-08,17:35,Photo,85469,0,0,930,52,44,https://www.facebook.com/1240372834788281/posts/1054827863342780
220634478361516_1054720996686800,2025-03-08,14:52,Photo,437868,0,0,3028,339,90,https://www.facebook.com/1240372834788281/posts/1054720996686800
220634478361516_1054683726690527,2025-03-08,13:49,Photo,210851,0,0,704,691,25,https://www.facebook.com/1240372834788281/posts/1054683726690527
220634478361516_1054673033358263,2025-03-08,13:30,Photo,230844,0,0,951,153,52,https://www.facebook.com/1240372834788281/posts/1054673033358263
220634478361516_1054623740029859,2025-03-08,12:00,Video,15917,7415,4960.0,137,0,15,https://www.facebook.com/1240372834788281/videos/1738023236778928
220634478361516_1054563096702590,2025-03-08,10:00,Video,72144,29277,32297.3,474,35,47,https://www.facebook.com/1240372834788281/videos/1792390648212780
220634478361516_1054484906710409,2025-03-08,07:31,Video,82950,48151,52392.2,1692,64,263,https://www.facebook.com/1240372834788281/videos/954424970009736
220634478361516_1054164500075783,2025-03-07,20:46,Video,61325,35076,30322.8,1474,73,136,https://www.facebook.com/1240372834788281/videos/670244882008832
220634478361516_1054109493414617,2025-03-07,19:06,Photo,199726,0,0,2761,201,228,https://www.facebook.com/1240372834788281/posts/1054109493414617
220634478361516_1054104980081735,2025-03-07,19:00,Video,154082,86942,162036.9,2252,67,190,https://www.facebook.com/1240372834788281/videos/1703076487229888
220634478361516_1054045470087686,2025-03-07,17:33,Photo,145329,0,0,959,539,54,https://www.facebook.com/1240372834788281/posts/1054045470087686
220634478361516_1053994540092779,2025-03-07,16:13,Photo,61296,0,0,603,35,14,https://www.facebook.com/1240372834788281/posts/1053994540092779
220634478361516_1053967580095475,2025-03-07,15:41,Photo,95822,0,0,2499,118,153,https://www.facebook.com/1240372834788281/posts/1053967580095475
220634478361516_1053883566770543,2025-03-07,13:27,Photo,63378,0,0,567,18,13,https://www.facebook.com/1240372834788281/posts/1053883566770543
220634478361516_1053839316774968,2025-03-07,12:15,Photo,93584,0,0,1408,506,34,https://www.facebook.com/1240372834788281/posts/1053839316774968
220634478361516_1053795486779351,2025-03-07,10:46,Photo,40781,0,0,87,11,9,https://www.facebook.com/1240372834788281/posts/1053795486779351
220634478361516_1053774206781479,2025-03-07,10:01,Video,609833,244253,507833.8,4350,372,265,https://www.facebook.com/1240372834788281/videos/865763302290959
220634478361516_1053706230121610,2025-03-07,07:30,Video,101446,60029,83444.0,1125,46,57,https://www.facebook.com/1240372834788281/videos/28924958790485843
220634478361516_1053503150141918,2025-03-07,01:11,Photo,191324,0,0,5095,361,158,https://www.facebook.com/1240372834788281/posts/1053503150141918
220634478361516_1053377213487845,2025-03-06,21:26,Photo,184947,0,0,1104,740,336,https://www.facebook.com/1240372834788281/posts/1053377213487845
220634478361516_1053274753498091,2025-03-06,18:21,Photo,187731,0,0,2577,549,42,https://www.facebook.com/1240372834788281/posts/1053274753498091
220634478361516_1053225563503010,2025-03-06,17:02,Photo,78397,0,0,181,91,8,https://www.facebook.com/1240372834788281/posts/1053225563503010
220634478361516_1053214300170803,2025-03-06,16:45,Photo,89406,0,0,291,68,13,https://www.facebook.com/1240372834788281/posts/1053214300170803
220634478361516_1053203350171898,2025-03-06,16:29,Video,114564,57313,39797.1,2776,81,189,https://www.facebook.com/1240372834788281/videos/1161349642392990
220634478361516_1053171193508447,2025-03-06,15:36,Photo,82305,0,0,369,221,94,https://www.facebook.com/1240372834788281/posts/1053171193508447
220634478361516_1053129816845918,2025-03-06,14:28,Photo,37287,0,0,66,11,5,https://www.facebook.com/1240372834788281/posts/1053129816845918
220634478361516_1053117760180457,2025-03-06,14:08,Photo,150947,0,0,1699,805,443,https://www.facebook.com/1240372834788281/posts/1053117760180457
220634478361516_1053088976850002,2025-03-06,13:19,Photo,171245,0,0,1840,77,123,https://www.facebook.com/1240372834788281/posts/1053088976850002
220634478361516_1053009473524619,2025-03-06,10:33,Photo,60721,0,0,283,213,9,https://www.facebook.com/1240372834788281/posts/1053009473524619
220634478361516_1052999746858925,2025-03-06,10:12,Photo,212081,0,0,4042,311,168,https://www.facebook.com/1240372834788281/posts/1052999746858925
220634478361516_1052993530192880,2025-03-06,10:00,Video,109343,62457,44587.0,318,60,7,https://www.facebook.com/1240372834788281/videos/1583498685635542
220634478361516_1052919653533601,2025-03-06,07:31,Video,470644,279988,279684.9,3364,124,158,https://www.facebook.com/1240372834788281/videos/644657758144478
220634478361516_1052707996888100,2025-03-06,01:00,Photo,280869,0,0,6275,209,170,https://www.facebook.com/1240372834788281/posts/1052707996888100
220634478361516_1052696930222540,2025-03-06,00:36,Photo,581392,0,0,10647,464,859,https://www.facebook.com/1240372834788281/posts/1052696930222540
220634478361516_1052672990224934,2025-03-05,23:41,Photo,53185,0,0,626,25,23,https://www.facebook.com/1240372834788281/posts/1052672990224934
220634478361516_1052539140238319,2025-03-05,19:23,Photo,190490,0,0,4597,2496,204,https://www.facebook.com/1240372834788281/posts/1052539140238319
220634478361516_1052520126906887,2025-03-05,18:52,Video,39410,20820,4578.2,631,198,36,https://www.facebook.com/1240372834788281/videos/622035953771887
220634478361516_1052424563583110,2025-03-05,16:17,Photo,85857,0,0,2464,233,48,https://www.facebook.com/1240372834788281/posts/1052424563583110
220634478361516_1052412956917604,2025-03-05,16:01,Photo,76621,0,0,79,42,6,https://www.facebook.com/1240372834788281/posts/1052412956917604
220634478361516_1052395750252658,2025-03-05,15:36,Video,23874,10735,16601.0,159,18,17,https://www.facebook.com/1240372834788281/videos/3689542417858191
220634478361516_1052280356930864,2025-03-05,12:10,Photo,73614,0,0,1054,159,51,https://www.facebook.com/1240372834788281/posts/1052280356930864
220634478361516_1052256200266613,2025-03-05,11:19,Photo,85382,0,0,1253,132,39,https://www.facebook.com/1240372834788281/posts/1052256200266613
220634478361516_1052216066937293,2025-03-05,10:00,Video,69573,41217,29347.6,549,73,34,https://www.facebook.com/1240372834788281/videos/1563895234297281
220634478361516_1052144316944468,2025-03-05,07:30,Video,84613,48837,46864.6,2987,82,267,https://www.facebook.com/1240372834788281/videos/1299843871272471
220634478361516_1052121363613430,2025-03-05,06:40,Photo,46466,0,0,109,27,8,https://www.facebook.com/1240372834788281/posts/1052121363613430
220634478361516_1051902623635304,2025-03-04,22:57,Video,32518,16289,28825.8,211,20,19,https://www.facebook.com/1240372834788281/videos/1692797914955145
220634478361516_1051846853640881,2025-03-04,21:06,Photo,163969,0,0,1398,1596,135,https://www.facebook.com/1240372834788281/posts/1051846853640881
220634478361516_1051795570312676,2025-03-04,19:34,Photo,63339,0,0,239,277,14,https://www.facebook.com/1240372834788281/posts/1051795570312676
220634478361516_1051757173649849,2025-03-04,18:40,Photo,87593,0,0,256,55,19,https://www.facebook.com/1240372834788281/posts/1051757173649849
220634478361516_1051728863652680,2025-03-04,18:00,Photo,108342,0,0,476,69,36,https://www.facebook.com/1240372834788281/posts/1051728863652680
220634478361516_1051694456989454,2025-03-04,17:01,Video,28032,12973,15332.9,257,19,43,https://www.facebook.com/1240372834788281/videos/1857710628331699
220634478361516_1051575550334678,2025-03-04,13:38,Photo,254877,0,0,10000,462,222,https://www.facebook.com/1240372834788281/posts/1051575550334678
220634478361516_1051544563671110,2025-03-04,12:36,Photo,79756,0,0,997,100,72,https://www.facebook.com/1240372834788281/posts/1051544563671110
220634478361516_1051513220340911,2025-03-04,11:30,Photo,128566,0,0,566,111,14,https://www.facebook.com/1240372834788281/posts/1051513220340911
220634478361516_1051505917008308,2025-03-04,11:14,Photo,41393,0,0,808,75,37,https://www.facebook.com/1240372834788281/posts/1051505917008308
220634478361516_1051467200345513,2025-03-04,10:00,Video,17889,9380,6069.9,82,8,14,https://www.facebook.com/1240372834788281/videos/1365498327972178
220634478361516_1051399227018977,2025-03-04,07:31,Video,69991,37282,51094.3,1120,78,138,https://www.facebook.com/1240372834788281/videos/810962471234970
220634478361516_1051155453710021,2025-03-03,22:38,Photo,161591,0,0,713,503,72,https://www.facebook.com/1240372834788281/posts/1051155453710021
220634478361516_1051153567043543,2025-03-03,22:35,Video,26707,13859,18091.9,585,21,18,https://www.facebook.com/1240372834788281/videos/1622194491722963
220634478361516_1051121250380108,2025-03-03,21:34,Photo,516485,0,0,7488,769,740,https://www.facebook.com/1240372834788281/posts/1051121250380108
220634478361516_1051071493718417,2025-03-03,20:37,Photo,489537,0,0,10000,234,126,https://www.facebook.com/1240372834788281/posts/1051071493718417
220634478361516_1051041663721400,2025-03-03,19:40,Photo,118589,0,0,661,415,83,https://www.facebook.com/1240372834788281/posts/1051041663721400
220634478361516_1051029083722658,2025-03-03,19:15,Photo,262244,0,0,3843,1043,463,https://www.facebook.com/1240372834788281/posts/1051029083722658
220634478361516_1050999670392266,2025-03-03,18:23,Photo,126121,0,0,326,52,15,https://www.facebook.com/1240372834788281/posts/1050999670392266
220634478361516_1050967697062130,2025-03-03,17:34,Video,204188,131877,87118.5,2377,143,358,https://www.facebook.com/1240372834788281/videos/1929085397896906
220634478361516_1050884077070492,2025-03-03,15:15,Photo,287589,0,0,2452,271,43,https://www.facebook.com/1240372834788281/posts/1050884077070492
220634478361516_1050863367072563,2025-03-03,14:40,Photo,241901,0,0,3383,1677,174,https://www.facebook.com/1240372834788281/posts/1050863367072563
220634478361516_1050850413740525,2025-03-03,14:17,Photo,325337,0,0,9566,726,366,https://www.facebook.com/1240372834788281/posts/1050850413740525
220634478361516_1050763300415903,2025-03-03,11:27,Photo,139646,0,0,379,170,22,https://www.facebook.com/1240372834788281/posts/1050763300415903
220634478361516_1050743280417905,2025-03-03,10:43,Photo,73907,0,0,327,38,20,https://www.facebook.com/1240372834788281/posts/1050743280417905
220634478361516_1050725973752969,2025-03-03,10:05,Photo,80705,0,0,353,70,20,https://www.facebook.com/1240372834788281/posts/1050725973752969
220634478361516_1050722287086671,2025-03-03,09:58,Video,143020,78373,128548.7,1372,156,160,https://www.facebook.com/1240372834788281/videos/1042337297731077
220634478361516_1050711313754435,2025-03-03,09:31,Photo,66748,0,0,334,283,12,https://www.facebook.com/1240372834788281/posts/1050711313754435
220634478361516_1050686053756961,2025-03-03,08:30,Photo,134152,0,0,215,79,4,https://www.facebook.com/1240372834788281/posts/1050686053756961
220634478361516_1050440317114868,2025-03-02,23:57,Photo,87598,0,0,464,26,38,https://www.facebook.com/1240372834788281/posts/1050440317114868
220634478361516_1050361553789411,2025-03-02,22:04,Photo,68396,0,0,813,535,31,https://www.facebook.com/1240372834788281/posts/1050361553789411
220634478361516_1050310037127896,2025-03-02,20:20,Video,99669,41797,13289.9,684,894,55,https://www.facebook.com/1240372834788281/videos/1204047554771915
220634478361516_1050279220464311,2025-03-02,19:33,Photo,540445,0,0,10000,982,248,https://www.facebook.com/1240372834788281/posts/1050279220464311
220634478361516_1050206757138224,2025-03-02,17:57,Photo,182264,0,0,3489,203,137,https://www.facebook.com/1240372834788281/posts/1050206757138224
220634478361516_1050120583813508,2025-03-02,15:52,Photo,173986,0,0,296,144,7,https://www.facebook.com/1240372834788281/posts/1050120583813508
220634478361516_1050054717153428,2025-03-02,14:00,Photo,56879,0,0,136,53,5,https://www.facebook.com/1240372834788281/posts/1050054717153428
220634478361516_1049974320494801,2025-03-02,11:29,Photo,216019,0,0,938,374,34,https://www.facebook.com/1240372834788281/posts/1049974320494801
220634478361516_1049963317162568,2025-03-02,11:05,Photo,102918,0,0,484,246,16,https://www.facebook.com/1240372834788281/posts/1049963317162568
220634478361516_1049932883832278,2025-03-02,10:00,Video,28980,15266,18360.6,363,58,33,https://www.facebook.com/1240372834788281/videos/2823215987849231
220634478361516_1049916633833903,2025-03-02,09:23,Photo,75042,0,0,860,200,41,https://www.facebook.com/1240372834788281/posts/1049916633833903
220634478361516_1049864817172418,2025-03-02,07:30,Video,15084,6905,4647.0,194,14,22,https://www.facebook.com/1240372834788281/videos/1699935070922031
220634478361516_1049675720524661,2025-03-02,00:42,Photo,72145,0,0,257,164,12,https://www.facebook.com/1240372834788281/posts/1049675720524661
220634478361516_1049616557197244,2025-03-01,22:39,Photo,98085,0,0,752,269,207,https://www.facebook.com/1240372834788281/posts/1049616557197244
220634478361516_1049546977204202,2025-03-01,20:11,Photo,195013,0,0,370,179,16,https://www.facebook.com/1240372834788281/posts/1049546977204202
220634478361516_1049477143877852,2025-03-01,18:04,Video,156649,87464,63450.8,2439,285,275,https://www.facebook.com/1240372834788281/videos/9921102414580044
220634478361516_1049450463880520,2025-03-01,17:19,Photo,202578,0,0,1170,75,32,https://www.facebook.com/1240372834788281/posts/1049450463880520
220634478361516_1049392310553002,2025-03-01,15:43,Photo,140210,0,0,1798,76,53,https://www.facebook.com/1240372834788281/posts/1049392310553002
220634478361516_1049280593897507,2025-03-01,12:37,Photo,49698,0,0,774,41,50,https://www.facebook.com/1240372834788281/posts/1049280593897507
220634478361516_1049261940566039,2025-03-01,12:01,Video,170096,91075,131998.4,2253,158,31,https://www.facebook.com/1240372834788281/videos/1817472159046624
220634478361516_1049204973905069,2025-03-01,10:00,Video,29385,15061,17324.2,310,33,20,https://www.facebook.com/1240372834788281/videos/613953484846306
220634478361516_1049121870580046,2025-03-01,07:30,Video,20399,10290,7854.1,219,10,11,https://www.facebook.com/1240372834788281/videos/3073221302835456
220634478361516_1048894387269461,2025-03-01,00:23,Video,67221,37328,32749.5,1399,60,72,https://www.facebook.com/1240372834788281/videos/608893105314318
220634478361516_1048846790607554,2025-02-28,22:57,Video,26143,12398,8199.3,582,21,32,https://www.facebook.com/1240372834788281/videos/649699657516010
220634478361516_1048794163946150,2025-02-28,21:08,Photo,279147,0,0,867,332,46,https://www.facebook.com/1240372834788281/posts/1048794163946150
220634478361516_1048655720626661,2025-02-28,17:15,Photo,103320,0,0,249,63,17,https://www.facebook.com/1240372834788281/posts/1048655720626661
220634478361516_1048560473969519,2025-02-28,14:54,Photo,174738,0,0,310,128,14,https://www.facebook.com/1240372834788281/posts/1048560473969519
220634478361516_1048347013990865,2025-02-28,08:02,Video,36453,18789,11029.0,466,22,38,https://www.facebook.com/1240372834788281/videos/1369521334908506
220634478361516_1048073874018179,2025-02-27,22:23,Photo,122346,0,0,775,603,33,https://www.facebook.com/1240372834788281/posts/1048073874018179
220634478361516_1047979657360934,2025-02-27,19:13,Photo,100154,0,0,171,65,37,https://www.facebook.com/1240372834788281/posts/1047979657360934
220634478361516_1047972574028309,2025-02-27,19:01,Photo,98534,0,0,212,40,16,https://www.facebook.com/1240372834788281/posts/1047972574028309
220634478361516_1047880204037546,2025-02-27,16:34,Photo,163680,0,0,682,144,42,https://www.facebook.com/1240372834788281/posts/1047880204037546
220634478361516_1047878057371094,2025-02-27,16:30,Status,44234,0,0,97,7,4,https://www.facebook.com/1240372834788281/posts/1047878057371094
220634478361516_1047851707373729,2025-02-27,15:51,Photo,161422,0,0,1365,1440,104,https://www.facebook.com/1240372834788281/posts/1047851707373729
220634478361516_1047774514048115,2025-02-27,13:39,Photo,625129,0,0,10000,365,281,https://www.facebook.com/1240372834788281/posts/1047774514048115
220634478361516_1047747864050780,2025-02-27,12:52,Photo,96569,0,0,456,102,17,https://www.facebook.com/1240372834788281/posts/1047747864050780
220634478361516_1047721577386742,2025-02-27,12:00,Video,106713,56551,67205.9,1736,101,140,https://www.facebook.com/1240372834788281/videos/564651056035217
220634478361516_1047703314055235,2025-02-27,11:24,Photo,34478,0,0,386,34,23,https://www.facebook.com/1240372834788281/posts/1047703314055235
220634478361516_1047694610722772,2025-02-27,11:06,Photo,159502,0,0,882,87,35,https://www.facebook.com/1240372834788281/posts/1047694610722772
220634478361516_1047679524057614,2025-02-27,10:35,Photo,70056,0,0,221,117,11,https://www.facebook.com/1240372834788281/posts/1047679524057614
220634478361516_1047673377391562,2025-02-27,10:22,Photo,33250,0,0,441,33,33,https://www.facebook.com/1240372834788281/posts/1047673377391562
220634478361516_1047661287392771,2025-02-27,09:58,Photo,32597,0,0,215,26,8,https://www.facebook.com/1240372834788281/posts/1047661287392771
220634478361516_1047638784061688,2025-02-27,09:09,Photo,60897,0,0,2085,277,55,https://www.facebook.com/1240372834788281/posts/1047638784061688
220634478361516_1047613867397513,2025-02-27,08:17,Photo,86170,0,0,2906,359,68,https://www.facebook.com/1240372834788281/posts/1047613867397513
220634478361516_1047607507398149,2025-02-27,08:03,Photo,43650,0,0,789,56,27,https://www.facebook.com/1240372834788281/posts/1047607507398149
220634478361516_1047593264066240,2025-02-27,07:34,Photo,67006,0,0,669,53,18,https://www.facebook.com/1240372834788281/posts/1047593264066240
220634478361516_1047591314066435,2025-02-27,07:30,Video,286078,164247,92060.3,5769,244,750,https://www.facebook.com/1240372834788281/videos/2079101265860084
220634478361516_1047348870757346,2025-02-26,22:22,Photo,69542,0,0,1857,39,155,https://www.facebook.com/1240372834788281/posts/1047348870757346
220634478361516_1047334030758830,2025-02-26,21:53,Photo,122951,0,0,303,193,31,https://www.facebook.com/1240372834788281/posts/1047334030758830
220634478361516_1047268750765358,2025-02-26,19:38,Photo,100397,0,0,2309,225,56,https://www.facebook.com/1240372834788281/posts/1047268750765358
220634478361516_1047207060771527,2025-02-26,17:51,Photo,183438,0,0,5408,690,152,https://www.facebook.com/1240372834788281/posts/1047207060771527
220634478361516_1047200890772144,2025-02-26,17:41,Photo,101349,0,0,1687,164,36,https://www.facebook.com/1240372834788281/posts/1047200890772144
220634478361516_1047197610772472,2025-02-26,17:35,Photo,91086,0,0,297,42,9,https://www.facebook.com/1240372834788281/posts/1047197610772472
220634478361516_1047063650785868,2025-02-26,13:58,Video,152515,57780,40056.3,5936,298,336,https://www.facebook.com/1240372834788281/videos/663584806016923
220634478361516_1047063110785922,2025-02-26,13:57,Video,47439,22232,11309.3,1364,84,88,https://www.facebook.com/1240372834788281/videos/1327642895045584
220634478361516_1047053040786929,2025-02-26,13:38,Photo,28000,0,0,313,26,21,https://www.facebook.com/1240372834788281/posts/1047053040786929
220634478361516_1047043497454550,2025-02-26,13:22,Photo,94259,0,0,1780,89,60,https://www.facebook.com/1240372834788281/posts/1047043497454550
220634478361516_1047038484121718,2025-02-26,13:13,Video,781147,343507,194717.2,34138,2712,3209,https://www.facebook.com/1240372834788281/videos/902507812097960
220634478361516_1047035427455357,2025-02-26,13:09,Photo,297256,0,0,6733,308,294,https://www.facebook.com/1240372834788281/posts/1047035427455357
220634478361516_1047026524122914,2025-02-26,12:52,Photo,657785,0,0,16345,1238,705,https://www.facebook.com/1240372834788281/posts/1047026524122914
220634478361516_1047019630790270,2025-02-26,12:40,Photo,192899,0,0,5202,361,176,https://www.facebook.com/1240372834788281/posts/1047019630790270
220634478361516_1047016944123872,2025-02-26,12:36,Video,43915,23449,17429.6,788,31,92,https://www.facebook.com/1240372834788281/videos/561328593581518
220634478361516_1046974094128157,2025-02-26,11:09,Photo,355126,0,0,9488,190,419,https://www.facebook.com/1240372834788281/posts/1046974094128157
220634478361516_1046938234131743,2025-02-26,10:00,Video,46711,26267,29382.8,1586,40,144,https://www.facebook.com/1240372834788281/videos/1038090661473368
220634478361516_1046926654132901,2025-02-26,09:34,Photo,109557,0,0,1812,96,156,https://www.facebook.com/1240372834788281/posts/1046926654132901
220634478361516_1046893954136171,2025-02-26,08:23,Photo,120208,0,0,2998,181,131,https://www.facebook.com/1240372834788281/posts/1046893954136171
220634478361516_1046868510805382,2025-02-26,07:30,Video,31256,17126,17971.3,373,24,18,https://www.facebook.com/1240372834788281/videos/982035040172463
220634478361516_1046544367504463,2025-02-25,19:50,Photo,115255,0,0,823,78,26,https://www.facebook.com/1240372834788281/posts/1046544367504463
220634478361516_1046479124177654,2025-02-25,18:14,Photo,142367,0,0,1208,1255,99,https://www.facebook.com/1240372834788281/posts/1046479124177654
220634478361516_1046361947522705,2025-02-25,15:03,Photo,22837,0,0,18,8,3,https://www.facebook.com/1240372834788281/posts/1046361947522705
220634478361516_1046292360862997,2025-02-25,13:06,Photo,124458,0,0,2064,107,54,https://www.facebook.com/1240372834788281/posts/1046292360862997
220634478361516_1046287454196821,2025-02-25,12:58,Link,15746,0,0,52,5,6,https://www.facebook.com/1240372834788281/posts/1046287454196821
220634478361516_1046260047532895,2025-02-25,12:09,Photo,48536,0,0,332,24,27,https://www.facebook.com/1240372834788281/posts/1046260047532895
220634478361516_1046244637534436,2025-02-25,11:40,Photo,127101,0,0,3106,552,51,https://www.facebook.com/1240372834788281/posts/1046244637534436
220634478361516_1046225200869713,2025-02-25,11:04,Photo,147679,0,0,639,15,12,https://www.facebook.com/1240372834788281/posts/1046225200869713
220634478361516_1046203567538543,2025-02-25,10:24,Photo,64621,0,0,167,22,9,https://www.facebook.com/1240372834788281/posts/1046203567538543
220634478361516_1046193534206213,2025-02-25,10:06,Photo,73292,0,0,662,259,55,https://www.facebook.com/1240372834788281/posts/1046193534206213
220634478361516_1046190594206507,2025-02-25,10:00,Video,32489,17334,17719.9,342,27,27,https://www.facebook.com/1240372834788281/videos/654493777097441
220634478361516_1046137720878461,2025-02-25,08:10,Photo,112731,0,0,491,370,14,https://www.facebook.com/1240372834788281/posts/1046137720878461
220634478361516_1046119014213665,2025-02-25,07:30,Video,49751,28234,40660.3,632,31,26,https://www.facebook.com/1240372834788281/videos/2728809657305471
220634478361516_1045829720909261,2025-02-24,21:00,Video,45261,27709,15134.4,596,221,98,https://www.facebook.com/1240372834788281/videos/1670160000250771
220634478361516_1045811687577731,2025-02-24,20:22,Photo,85255,0,0,2533,85,117,https://www.facebook.com/1240372834788281/posts/1045811687577731
220634478361516_1045760187582881,2025-02-24,18:44,Photo,126941,0,0,410,585,26,https://www.facebook.com/1240372834788281/posts/1045760187582881
220634478361516_1045735267585373,2025-02-24,17:57,Photo,210103,0,0,4175,911,110,https://www.facebook.com/1240372834788281/posts/1045735267585373
220634478361516_1045711557587744,2025-02-24,17:20,Video,33406,19870,6930.3,103,32,11,https://www.facebook.com/1240372834788281/videos/2597822617093785
220634478361516_1045666097592290,2025-02-24,16:08,Status,69808,0,0,155,64,5,https://www.facebook.com/1240372834788281/posts/1045666097592290
220634478361516_1045573814268185,2025-02-24,13:25,Photo,38765,0,0,219,36,21,https://www.facebook.com/1240372834788281/posts/1045573814268185
220634478361516_1045528574272709,2025-02-24,12:00,Video,93317,47712,26754.8,2052,68,200,https://www.facebook.com/1240372834788281/videos/1927054607698934
220634478361516_1045527777606122,2025-02-24,11:59,Photo,60840,0,0,1171,113,38,https://www.facebook.com/1240372834788281/posts/1045527777606122
220634478361516_1045504214275145,2025-02-24,11:09,Photo,113119,0,0,169,51,6,https://www.facebook.com/1240372834788281/posts/1045504214275145
220634478361516_1045472934278273,2025-02-24,10:00,Video,107832,53938,42404.2,2256,75,191,https://www.facebook.com/1240372834788281/videos/930592995558454
220634478361516_1045420260950207,2025-02-24,08:00,Photo,137619,0,0,511,191,27,https://www.facebook.com/1240372834788281/posts/1045420260950207
220634478361516_1045407147618185,2025-02-24,07:30,Video,154782,82878,167242.8,1915,311,251,https://www.facebook.com/1240372834788281/videos/9377812332309103
220634478361516_1045159350976298,2025-02-23,21:48,Photo,108316,0,0,307,115,22,https://www.facebook.com/1240372834788281/posts/1045159350976298
220634478361516_1045150490977184,2025-02-23,21:28,Photo,194193,0,0,1349,193,67,https://www.facebook.com/1240372834788281/posts/1045150490977184
220634478361516_1045140644311502,2025-02-23,21:07,Photo,423433,0,0,3831,1483,135,https://www.facebook.com/1240372834788281/posts/1045140644311502
220634478361516_1045133680978865,2025-02-23,20:53,Photo,142408,0,0,2970,176,145,https://www.facebook.com/1240372834788281/posts/1045133680978865
220634478361516_1045126807646219,2025-02-23,20:41,Photo,50672,0,0,490,41,6,https://www.facebook.com/1240372834788281/posts/1045126807646219
220634478361516_1045118857647014,2025-02-23,20:28,Video,26290,12131,10247.8,279,15,12,https://www.facebook.com/1240372834788281/videos/1644223472862597
220634478361516_1045079230984310,2025-02-23,19:26,Photo,179199,0,0,839,194,41,https://www.facebook.com/1240372834788281/posts/1045079230984310
220634478361516_1045020294323537,2025-02-23,18:11,Photo,304856,0,0,8950,109,70,https://www.facebook.com/1240372834788281/posts/1045020294323537
220634478361516_1045007407658159,2025-02-23,17:52,Photo,222888,0,0,6311,634,216,https://www.facebook.com/1240372834788281/posts/1045007407658159
220634478361516_1044953364330230,2025-02-23,16:35,Photo,57083,0,0,40,20,6,https://www.facebook.com/1240372834788281/posts/1044953364330230
220634478361516_1044952247663675,2025-02-23,16:33,Photo,33907,0,0,260,292,12,https://www.facebook.com/1240372834788281/posts/1044952247663675
220634478361516_1044934867665413,2025-02-23,16:04,Photo,240808,0,0,3330,113,90,https://www.facebook.com/1240372834788281/posts/1044934867665413
220634478361516_1044912194334347,2025-02-23,15:24,Photo,102999,0,0,1611,85,21,https://www.facebook.com/1240372834788281/posts/1044912194334347
220634478361516_1044805614345005,2025-02-23,12:00,Video,55216,30945,28163.8,1329,72,161,https://www.facebook.com/1240372834788281/videos/967435568361425
220634478361516_1044763934349173,2025-02-23,10:31,Photo,91341,0,0,781,77,38,https://www.facebook.com/1240372834788281/posts/1044763934349173
220634478361516_1044753141016919,2025-02-23,10:10,Photo,65464,0,0,499,61,12,https://www.facebook.com/1240372834788281/posts/1044753141016919
220634478361516_1044748567684043,2025-02-23,10:00,Video,58177,33915,35992.2,945,17,26,https://www.facebook.com/1240372834788281/videos/623424630298514
220634478361516_1044734334352133,2025-02-23,09:30,Photo,134088,0,0,751,145,15,https://www.facebook.com/1240372834788281/posts/1044734334352133
220634478361516_1044448351047398,2025-02-22,22:32,Photo,102290,0,0,672,85,19,https://www.facebook.com/1240372834788281/posts/1044448351047398
220634478361516_1044402927718607,2025-02-22,21:31,Photo,344095,0,0,3960,112,87,https://www.facebook.com/1240372834788281/posts/1044402927718607
220634478361516_1044278941064339,2025-02-22,17:40,Photo,103867,0,0,839,38,20,https://www.facebook.com/1240372834788281/posts/1044278941064339
220634478361516_1044256014399965,2025-02-22,17:02,Photo,110541,0,0,416,88,19,https://www.facebook.com/1240372834788281/posts/1044256014399965
220634478361516_1044250541067179,2025-02-22,16:54,Photo,57840,0,0,367,6,14,https://www.facebook.com/1240372834788281/posts/1044250541067179
220634478361516_1044243164401250,2025-02-22,16:45,Photo,537284,0,0,6806,742,159,https://www.facebook.com/1240372834788281/posts/1044243164401250
220634478361516_1044226474402919,2025-02-22,16:20,Photo,161908,0,0,3899,93,43,https://www.facebook.com/1240372834788281/posts/1044226474402919
220634478361516_1044201314405435,2025-02-22,15:43,Photo,164795,0,0,2361,43,45,https://www.facebook.com/1240372834788281/posts/1044201314405435
220634478361516_1044184697740430,2025-02-22,15:20,Photo,126603,0,0,2187,122,54,https://www.facebook.com/1240372834788281/posts/1044184697740430
220634478361516_1044184414407125,2025-02-22,15:20,Photo,58733,0,0,232,16,7,https://www.facebook.com/1240372834788281/posts/1044184414407125
220634478361516_1044175657741334,2025-02-22,15:08,Photo,162869,0,0,1854,83,51,https://www.facebook.com/1240372834788281/posts/1044175657741334
220634478361516_1044170081075225,2025-02-22,15:01,Photo,80634,0,0,465,16,31,https://www.facebook.com/1240372834788281/posts/1044170081075225
220634478361516_1044076351084598,2025-02-22,12:41,Photo,182306,0,0,2550,194,249,https://www.facebook.com/1240372834788281/posts/1044076351084598
220634478361516_1044044917754408,2025-02-22,11:49,Photo,161473,0,0,1114,77,93,https://www.facebook.com/1240372834788281/posts/1044044917754408
220634478361516_1044020744423492,2025-02-22,11:04,Photo,44994,0,0,413,8,8,https://www.facebook.com/1240372834788281/posts/1044020744423492
220634478361516_1043984657760434,2025-02-22,09:59,Photo,95833,0,0,703,38,27,https://www.facebook.com/1240372834788281/posts/1043984657760434
220634478361516_1043976891094544,2025-02-22,09:45,Photo,104239,0,0,916,22,18,https://www.facebook.com/1240372834788281/posts/1043976891094544
220634478361516_1043954911096742,2025-02-22,09:02,Photo,192122,0,0,6945,151,447,https://www.facebook.com/1240372834788281/posts/1043954911096742
220634478361516_1043826351109598,2025-02-22,05:15,Photo,374633,0,0,10000,1566,537,https://www.facebook.com/1240372834788281/posts/1043826351109598
220634478361516_1043668941125339,2025-02-22,00:04,Photo,162390,0,0,3281,135,174,https://www.facebook.com/1240372834788281/posts/1043668941125339
220634478361516_1043655511126682,2025-02-21,23:33,Video,125043,62985,69847.2,2825,84,228,https://www.facebook.com/1240372834788281/videos/2583333338529938
220634478361516_1043624304463136,2025-02-21,22:21,Photo,60201,0,0,308,25,12,https://www.facebook.com/1240372834788281/posts/1043624304463136
220634478361516_1043597504465816,2025-02-21,21:21,Status,112645,0,0,256,40,10,https://www.facebook.com/1240372834788281/posts/1043597504465816
220634478361516_1043451781147055,2025-02-21,17:00,Photo,288597,0,0,2015,670,95,https://www.facebook.com/1240372834788281/posts/1043451781147055
220634478361516_1043429351149298,2025-02-21,16:23,Photo,80491,0,0,987,103,64,https://www.facebook.com/1240372834788281/posts/1043429351149298
220634478361516_1043343797824520,2025-02-21,14:02,Photo,76075,0,0,1568,86,48,https://www.facebook.com/1240372834788281/posts/1043343797824520
220634478361516_1043335807825319,2025-02-21,13:48,Photo,246338,0,0,6271,390,242,https://www.facebook.com/1240372834788281/posts/1043335807825319
220634478361516_1043329141159319,2025-02-21,13:36,Photo,884368,0,0,10000,473,358,https://www.facebook.com/1240372834788281/posts/1043329141159319
220634478361516_1043243787834521,2025-02-21,11:04,Photo,93982,0,0,338,139,20,https://www.facebook.com/1240372834788281/posts/1043243787834521
220634478361516_1043210131171220,2025-02-21,10:01,Video,77970,41976,56148.0,960,105,56,https://www.facebook.com/1240372834788281/videos/902015462142400
220634478361516_1043134027845497,2025-02-21,07:30,Video,19663,7986,7271.1,204,25,13,https://www.facebook.com/1240372834788281/videos/626411743334929
220634478361516_1042975994527967,2025-02-21,01:43,Photo,752386,0,0,10000,1551,635,https://www.facebook.com/1240372834788281/posts/1042975994527967
220634478361516_1042970911195142,2025-02-21,01:30,Photo,232995,0,0,1620,173,89,https://www.facebook.com/1240372834788281/posts/1042970911195142
220634478361516_1042965317862368,2025-02-21,01:15,Photo,357260,0,0,2912,411,272,https://www.facebook.com/1240372834788281/posts/1042965317862368
220634478361516_1042918847867015,2025-02-20,23:15,Photo,792944,0,0,4711,581,340,https://www.facebook.com/1240372834788281/posts/1042918847867015
220634478361516_1042900541202179,2025-02-20,22:37,Photo,86303,0,0,211,88,18,https://www.facebook.com/1240372834788281/posts/1042900541202179
220634478361516_1042766677882232,2025-02-20,18:19,Photo,315307,0,0,4109,290,113,https://www.facebook.com/1240372834788281/posts/1042766677882232
220634478361516_1042700237888876,2025-02-20,16:32,Photo,97334,0,0,420,123,7,https://www.facebook.com/1240372834788281/posts/1042700237888876
220634478361516_1042672754558291,2025-02-20,15:52,Photo,97358,0,0,3032,360,75,https://www.facebook.com/1240372834788281/posts/1042672754558291
220634478361516_1042633467895553,2025-02-20,14:47,Photo,158422,0,0,693,396,33,https://www.facebook.com/1240372834788281/posts/1042633467895553
220634478361516_1042595834565983,2025-02-20,13:46,Photo,48509,0,0,354,29,12,https://www.facebook.com/1240372834788281/posts/1042595834565983
220634478361516_1042533221238911,2025-02-20,11:59,Photo,77059,0,0,655,42,26,https://www.facebook.com/1240372834788281/posts/1042533221238911
220634478361516_1042526207906279,2025-02-20,11:46,Photo,60803,0,0,466,41,16,https://www.facebook.com/1240372834788281/posts/1042526207906279
220634478361516_1042518701240363,2025-02-20,11:32,Photo,240882,0,0,906,644,39,https://www.facebook.com/1240372834788281/posts/1042518701240363
220634478361516_1042511297907770,2025-02-20,11:18,Photo,91739,0,0,894,41,85,https://www.facebook.com/1240372834788281/posts/1042511297907770
220634478361516_1042494301242803,2025-02-20,10:44,Photo,608583,0,0,2964,1638,210,https://www.facebook.com/1240372834788281/posts/1042494301242803
220634478361516_1042480837910816,2025-02-20,10:18,Photo,40218,0,0,195,16,11,https://www.facebook.com/1240372834788281/posts/1042480837910816
220634478361516_1042479217910978,2025-02-20,10:15,Photo,87041,0,0,825,65,20,https://www.facebook.com/1240372834788281/posts/1042479217910978
220634478361516_1042478257911074,2025-02-20,10:13,Video,155409,86432,24119.7,6468,336,597,https://www.facebook.com/1240372834788281/videos/1112495930652192
220634478361516_1042471601245073,2025-02-20,10:00,Video,182012,108519,138401.1,3084,123,104,https://www.facebook.com/1240372834788281/videos/1195649678562838
220634478361516_1042465651245668,2025-02-20,09:50,Photo,40861,0,0,508,41,29,https://www.facebook.com/1240372834788281/posts/1042465651245668
220634478361516_1042415557917344,2025-02-20,08:16,Photo,56029,0,0,60,27,4,https://www.facebook.com/1240372834788281/posts/1042415557917344
220634478361516_1042177964607770,2025-02-19,23:19,Photo,79114,0,0,370,63,16,https://www.facebook.com/1240372834788281/posts/1042177964607770
220634478361516_1042177907941109,2025-02-19,23:19,Photo,119278,0,0,319,47,16,https://www.facebook.com/1240372834788281/posts/1042177907941109
220634478361516_1042173497941550,2025-02-19,23:10,Photo,213095,0,0,1282,164,42,https://www.facebook.com/1240372834788281/posts/1042173497941550
220634478361516_1042132357945664,2025-02-19,21:33,Video,17059,8828,7219.6,295,17,20,https://www.facebook.com/1240372834788281/videos/528856849686298
220634478361516_1042093894616177,2025-02-19,20:11,Photo,635019,0,0,10000,2347,1172,https://www.facebook.com/1240372834788281/posts/1042093894616177
220634478361516_1041985434627023,2025-02-19,17:00,Photo,60386,0,0,313,30,9,https://www.facebook.com/1240372834788281/posts/1041985434627023
220634478361516_1041759771316256,2025-02-19,10:24,Photo,87404,0,0,456,520,22,https://www.facebook.com/1240372834788281/posts/1041759771316256
220634478361516_1041747394650827,2025-02-19,10:00,Video,37777,20171,28036.5,733,45,48,https://www.facebook.com/1240372834788281/videos/990245269735405
220634478361516_1041741494651417,2025-02-19,09:49,Photo,67597,0,0,378,346,23,https://www.facebook.com/1240372834788281/posts/1041741494651417
220634478361516_1041673954658171,2025-02-19,07:30,Video,88414,41556,55738.1,1196,46,88,https://www.facebook.com/1240372834788281/videos/1171147797782770
220634478361516_1041669907991909,2025-02-19,07:22,Photo,131485,0,0,889,29,15,https://www.facebook.com/1240372834788281/posts/1041669907991909
220634478361516_1041300508028849,2025-02-18,18:47,Photo,77901,0,0,446,29,16,https://www.facebook.com/1240372834788281/posts/1041300508028849
220634478361516_1041291311363102,2025-02-18,18:31,Photo,79802,0,0,604,47,12,https://www.facebook.com/1240372834788281/posts/1041291311363102
220634478361516_1041268171365416,2025-02-18,17:56,Photo,102975,0,0,346,19,9,https://www.facebook.com/1240372834788281/posts/1041268171365416
220634478361516_1041266298032270,2025-02-18,17:53,Photo,83118,0,0,801,25,12,https://www.facebook.com/1240372834788281/posts/1041266298032270
220634478361516_1041264461365787,2025-02-18,17:50,Photo,74945,0,0,244,203,10,https://www.facebook.com/1240372834788281/posts/1041264461365787
220634478361516_1041263311365902,2025-02-18,17:48,Photo,107480,0,0,4093,488,92,https://www.facebook.com/1240372834788281/posts/1041263311365902
220634478361516_1041255701366663,2025-02-18,17:38,Photo,46836,0,0,647,29,9,https://www.facebook.com/1240372834788281/posts/1041255701366663
220634478361516_1041250264700540,2025-02-18,17:28,Photo,965035,0,0,10000,1274,735,https://www.facebook.com/1240372834788281/posts/1041250264700540
220634478361516_1041170248041875,2025-02-18,15:17,Photo,111400,0,0,248,72,14,https://www.facebook.com/1240372834788281/posts/1041170248041875
220634478361516_1041142164711350,2025-02-18,14:35,Video,115975,63592,123455.4,1430,53,72,https://www.facebook.com/1240372834788281/videos/1959483414574779
220634478361516_1041101128048787,2025-02-18,13:24,Photo,111847,0,0,236,71,14,https://www.facebook.com/1240372834788281/posts/1041101128048787
220634478361516_1041046148054285,2025-02-18,11:40,Photo,47810,0,0,646,36,14,https://www.facebook.com/1240372834788281/posts/1041046148054285
220634478361516_1040975588061341,2025-02-18,10:01,Video,69618,38067,56941.3,647,33,43,https://www.facebook.com/1240372834788281/videos/1227659795384808
220634478361516_1040970878061812,2025-02-18,09:52,Video,80600,40536,23515.3,343,46,17,https://www.facebook.com/1240372834788281/videos/3921261841518469
220634478361516_1040956764729890,2025-02-18,09:21,Photo,83409,0,0,239,125,20,https://www.facebook.com/1240372834788281/posts/1040956764729890
220634478361516_1040908471401386,2025-02-18,07:30,Video,16492,7837,8205.2,119,8,34,https://www.facebook.com/1240372834788281/videos/1286919029208823
220634478361516_1040649091427324,2025-02-17,21:43,Photo,86941,0,0,593,68,24,https://www.facebook.com/1240372834788281/posts/1040649091427324
220634478361516_1040581751434058,2025-02-17,19:36,Photo,95596,0,0,1847,58,57,https://www.facebook.com/1240372834788281/posts/1040581751434058
220634478361516_1040574604768106,2025-02-17,19:23,Photo,140835,0,0,533,40,16,https://www.facebook.com/1240372834788281/posts/1040574604768106
220634478361516_1040555811436652,2025-02-17,18:54,Video,710381,425305,420972.0,5418,48,180,https://www.facebook.com/1240372834788281/videos/608581861798565
220634478361516_1040525674772999,2025-02-17,18:05,Photo,142135,0,0,810,93,32,https://www.facebook.com/1240372834788281/posts/1040525674772999
220634478361516_1040493378109562,2025-02-17,17:11,Photo,72694,0,0,178,18,9,https://www.facebook.com/1240372834788281/posts/1040493378109562
220634478361516_1040328048126095,2025-02-17,13:09,Photo,125238,0,0,271,68,11,https://www.facebook.com/1240372834788281/posts/1040328048126095
220634478361516_1040316464793920,2025-02-17,12:46,Photo,37380,0,0,159,15,6,https://www.facebook.com/1240372834788281/posts/1040316464793920
220634478361516_1040251578133742,2025-02-17,10:29,Photo,108904,0,0,972,95,44,https://www.facebook.com/1240372834788281/posts/1040251578133742
220634478361516_1040236341468599,2025-02-17,10:00,Video,66443,25738,18185.5,161,29,18,https://www.facebook.com/1240372834788281/videos/1139512670721625
220634478361516_1040173488141551,2025-02-17,07:30,Video,63079,28125,54104.2,1047,93,202,https://www.facebook.com/1240372834788281/videos/1313284629794282
220634478361516_1039952544830312,2025-02-16,23:05,Video,31960,16672,8030.3,722,129,76,https://www.facebook.com/1240372834788281/videos/1758475148218194
220634478361516_1039913584834208,2025-02-16,21:42,Video,155061,84514,63410.2,3670,79,422,https://www.facebook.com/1240372834788281/videos/1322062342257067
220634478361516_1039657181526515,2025-02-16,15:28,Photo,437048,0,0,8726,123,133,https://www.facebook.com/1240372834788281/posts/1039657181526515
220634478361516_1039610204864546,2025-02-16,14:12,Photo,172656,0,0,1049,678,46,https://www.facebook.com/1240372834788281/posts/1039610204864546
220634478361516_1039555011536732,2025-02-16,12:36,Photo,126920,0,0,2569,99,138,https://www.facebook.com/1240372834788281/posts/1039555011536732
220634478361516_1039503498208550,2025-02-16,10:55,Photo,101697,0,0,377,277,14,https://www.facebook.com/1240372834788281/posts/1039503498208550
220634478361516_1039486451543588,2025-02-16,10:21,Video,333185,195099,175879.2,8331,114,422,https://www.facebook.com/1240372834788281/videos/987867453266614
220634478361516_1039461171546116,2025-02-16,09:29,Photo,175933,0,0,2287,199,84,https://www.facebook.com/1240372834788281/posts/1039461171546116
220634478361516_1039440894881477,2025-02-16,08:47,Photo,154246,0,0,1540,158,116,https://www.facebook.com/1240372834788281/posts/1039440894881477
220634478361516_1039403638218536,2025-02-16,07:30,Video,81778,42169,53745.5,1405,60,127,https://www.facebook.com/1240372834788281/videos/859485349578050
220634478361516_1039146978244202,2025-02-15,22:37,Video,55027,31356,7659.7,236,99,13,https://www.facebook.com/1240372834788281/videos/649974687461631
220634478361516_1039121598246740,2025-02-15,21:49,Video,31683,15665,20035.0,476,13,12,https://www.facebook.com/1240372834788281/videos/639664855273599
220634478361516_1039106598248240,2025-02-15,21:17,Photo,146948,0,0,1441,182,64,https://www.facebook.com/1240372834788281/posts/1039106598248240
220634478361516_1039048448254055,2025-02-15,19:45,Photo,81951,0,0,873,447,78,https://www.facebook.com/1240372834788281/posts/1039048448254055
220634478361516_1039026048256295,2025-02-15,19:05,Photo,132011,0,0,496,134,15,https://www.facebook.com/1240372834788281/posts/1039026048256295
220634478361516_1038944318264468,2025-02-15,16:50,Photo,47618,0,0,258,9,7,https://www.facebook.com/1240372834788281/posts/1038944318264468
220634478361516_1038928774932689,2025-02-15,16:27,Photo,142972,0,0,825,245,24,https://www.facebook.com/1240372834788281/posts/1038928774932689
220634478361516_1209950490502708,2025-02-15,15:32,Photo,451844,0,0,6546,134,124,https://www.facebook.com/1674545160709903/posts/1209950490502708
220634478361516_1038837738275126,2025-02-15,14:21,Photo,85927,0,0,1388,38,16,https://www.facebook.com/1240372834788281/posts/1038837738275126
220634478361516_1038794254946141,2025-02-15,13:17,Photo,54272,0,0,440,13,28,https://www.facebook.com/1240372834788281/posts/1038794254946141
220634478361516_1038790011613232,2025-02-15,13:12,Photo,279074,0,0,874,113,32,https://www.facebook.com/1240372834788281/posts/1038790011613232
220634478361516_1038778621614371,2025-02-15,12:55,Photo,239133,0,0,1583,17,14,https://www.facebook.com/1240372834788281/posts/1038778621614371
220634478361516_1038753501616883,2025-02-15,12:14,Photo,125619,0,0,700,6,17,https://www.facebook.com/1240372834788281/posts/1038753501616883
220634478361516_1038751348283765,2025-02-15,12:11,Photo,172626,0,0,3624,188,103,https://www.facebook.com/1240372834788281/posts/1038751348283765
220634478361516_1038734034952163,2025-02-15,11:42,Photo,110998,0,0,612,237,32,https://www.facebook.com/1240372834788281/posts/1038734034952163
220634478361516_1038722944953272,2025-02-15,11:24,Photo,125646,0,0,651,18,10,https://www.facebook.com/1240372834788281/posts/1038722944953272
220634478361516_1038701764955390,2025-02-15,10:49,Photo,22747,0,0,185,10,12,https://www.facebook.com/1240372834788281/posts/1038701764955390
220634478361516_1038694031622830,2025-02-15,10:35,Photo,43918,0,0,405,16,20,https://www.facebook.com/1240372834788281/posts/1038694031622830
220634478361516_1038684201623813,2025-02-15,10:19,Photo,60658,0,0,485,34,90,https://www.facebook.com/1240372834788281/posts/1038684201623813
220634478361516_1038596811632552,2025-02-15,07:30,Video,42656,24984,21818.8,507,9,32,https://www.facebook.com/1240372834788281/videos/2049340125529297
220634478361516_1038310874994479,2025-02-14,22:34,Video,49399,23675,38163.0,604,35,35,https://www.facebook.com/1240372834788281/videos/1152592096533622
220634478361516_1038292851662948,2025-02-14,21:56,Video,104383,40518,8843.2,550,96,42,https://www.facebook.com/1240372834788281/videos/1548312355867928
220634478361516_1038282298330670,2025-02-14,21:36,Video,41666,22683,23179.3,845,36,37,https://www.facebook.com/1240372834788281/videos/1985831305259472
220634478361516_1038242438334656,2025-02-14,20:20,Photo,53824,0,0,388,19,19,https://www.facebook.com/1240372834788281/posts/1038242438334656
220634478361516_1038234721668761,2025-02-14,20:04,Photo,42150,0,0,64,16,4,https://www.facebook.com/1240372834788281/posts/1038234721668761
220634478361516_1038207271671506,2025-02-14,19:12,Photo,75351,0,0,604,15,23,https://www.facebook.com/1240372834788281/posts/1038207271671506
220634478361516_1038086058350294,2025-02-14,15:58,Photo,94186,0,0,398,53,17,https://www.facebook.com/1240372834788281/posts/1038086058350294
220634478361516_1038022328356667,2025-02-14,14:23,Photo,42255,0,0,199,14,9,https://www.facebook.com/1240372834788281/posts/1038022328356667
220634478361516_1038011468357753,2025-02-14,14:05,Photo,93378,0,0,813,85,45,https://www.facebook.com/1240372834788281/posts/1038011468357753
220634478361516_1038006428358257,2025-02-14,13:57,Photo,34499,0,0,97,15,13,https://www.facebook.com/1240372834788281/posts/1038006428358257
220634478361516_1037992165026350,2025-02-14,13:34,Photo,96204,0,0,2011,102,67,https://www.facebook.com/1240372834788281/posts/1037992165026350
220634478361516_1037939225031644,2025-02-14,12:00,Video,66043,35080,17790.4,333,38,18,https://www.facebook.com/1240372834788281/videos/1341393170348668
220634478361516_1037918881700345,2025-02-14,11:25,Photo,165363,0,0,2587,55,102,https://www.facebook.com/1240372834788281/posts/1037918881700345
220634478361516_1037872808371619,2025-02-14,10:00,Video,146736,61117,74496.0,546,78,73,https://www.facebook.com/1240372834788281/videos/1562785130952599
220634478361516_1037797625045804,2025-02-14,07:30,Video,24786,11851,6577.7,250,14,24,https://www.facebook.com/1240372834788281/videos/487069734229934
220634478361516_1037568925068674,2025-02-13,23:34,Photo,36880,0,0,169,17,11,https://www.facebook.com/1240372834788281/posts/1037568925068674
220634478361516_1037567341735499,2025-02-13,23:31,Photo,45633,0,0,122,15,5,https://www.facebook.com/1240372834788281/posts/1037567341735499
220634478361516_1037548355070731,2025-02-13,22:50,Photo,287394,0,0,1239,269,110,https://www.facebook.com/1240372834788281/posts/1037548355070731
220634478361516_1037532705072296,2025-02-13,22:18,Video,88715,44795,107119.0,969,22,59,https://www.facebook.com/1240372834788281/videos/1146281040366642
220634478361516_1037474295078137,2025-02-13,20:15,Photo,163866,0,0,1709,127,172,https://www.facebook.com/1240372834788281/posts/1037474295078137
220634478361516_1037433771748856,2025-02-13,18:56,Photo,45584,0,0,164,22,13,https://www.facebook.com/1240372834788281/posts/1037433771748856
220634478361516_1037419195083647,2025-02-13,18:29,Photo,85863,0,0,379,68,8,https://www.facebook.com/1240372834788281/posts/1037419195083647
220634478361516_1037408851751348,2025-02-13,18:12,Photo,93794,0,0,1304,244,26,https://www.facebook.com/1240372834788281/posts/1037408851751348
220634478361516_1037265825098984,2025-02-13,14:10,Photo,556305,0,0,10000,822,279,https://www.facebook.com/1240372834788281/posts/1037265825098984
220634478361516_1037258881766345,2025-02-13,13:57,Photo,77766,0,0,441,178,87,https://www.facebook.com/1240372834788281/posts/1037258881766345
220634478361516_1037252818433618,2025-02-13,13:44,Photo,71083,0,0,81,35,6,https://www.facebook.com/1240372834788281/posts/1037252818433618
220634478361516_1037189951773238,2025-02-13,12:27,Photo,172543,0,0,238,84,7,https://www.facebook.com/1240372834788281/posts/1037189951773238
220634478361516_1037173028441597,2025-02-13,11:53,Photo,341598,0,0,950,321,26,https://www.facebook.com/1240372834788281/posts/1037173028441597
220634478361516_1037160658442834,2025-02-13,11:25,Photo,93635,0,0,69,33,5,https://www.facebook.com/1240372834788281/posts/1037160658442834
220634478361516_1037137248445175,2025-02-13,10:30,Video,39468,20551,28827.4,496,81,47,https://www.facebook.com/1240372834788281/videos/1406555893653410
220634478361516_1037062915119275,2025-02-13,07:30,Video,15570,7180,7419.7,222,23,23,https://www.facebook.com/1240372834788281/videos/938574395065186
220634478361516_1036894325136134,2025-02-13,00:52,Video,56222,34080,20779.3,1029,42,52,https://www.facebook.com/1240372834788281/videos/1275964260303128
220634478361516_1036851951807038,2025-02-12,23:04,Photo,124557,0,0,573,120,12,https://www.facebook.com/1240372834788281/posts/1036851951807038
220634478361516_1036808591811374,2025-02-12,21:17,Photo,100011,0,0,1194,69,40,https://www.facebook.com/1240372834788281/posts/1036808591811374
220634478361516_1036731411819092,2025-02-12,18:49,Photo,188386,0,0,570,405,29,https://www.facebook.com/1240372834788281/posts/1036731411819092
220634478361516_1036641418494758,2025-02-12,16:10,Photo,72905,0,0,788,89,83,https://www.facebook.com/1240372834788281/posts/1036641418494758
220634478361516_1036633541828879,2025-02-12,16:01,Video,29820,10074,5478.6,115,13,21,https://www.facebook.com/1240372834788281/videos/1288829092173280
220634478361516_1036568605168706,2025-02-12,14:00,Video,47503,26039,36522.4,248,58,30,https://www.facebook.com/1240372834788281/videos/594518343392501
220634478361516_1036550795170487,2025-02-12,13:27,Photo,667288,0,0,10000,607,448,https://www.facebook.com/1240372834788281/posts/1036550795170487
220634478361516_1036458401846393,2025-02-12,10:22,Photo,144371,0,0,1152,155,115,https://www.facebook.com/1240372834788281/posts/1036458401846393
220634478361516_1036451358513764,2025-02-12,10:08,Photo,77497,0,0,956,50,33,https://www.facebook.com/1240372834788281/posts/1036451358513764
220634478361516_1036448065180760,2025-02-12,10:00,Video,59913,32330,41231.3,1136,43,173,https://www.facebook.com/1240372834788281/videos/3628103247497607
220634478361516_1036413471850886,2025-02-12,08:34,Photo,202525,0,0,1135,367,194,https://www.facebook.com/1240372834788281/posts/1036413471850886
220634478361516_1036386645186902,2025-02-12,07:31,Video,110045,57011,86120.4,2056,90,141,https://www.facebook.com/1240372834788281/videos/1281418146282106
220634478361516_1036138501878383,2025-02-11,21:43,Photo,239166,0,0,667,259,32,https://www.facebook.com/1240372834788281/posts/1036138501878383
220634478361516_1036117568547143,2025-02-11,21:09,Photo,318887,0,0,4281,1115,123,https://www.facebook.com/1240372834788281/posts/1036117568547143
220634478361516_1036014211890812,2025-02-11,17:56,Photo,121981,0,0,919,138,50,https://www.facebook.com/1240372834788281/posts/1036014211890812
220634478361516_1036010171891216,2025-02-11,17:49,Photo,97220,0,0,647,15,41,https://www.facebook.com/1240372834788281/posts/1036010171891216
220634478361516_1035998831892350,2025-02-11,17:32,Photo,69938,0,0,227,9,6,https://www.facebook.com/1240372834788281/posts/1035998831892350
220634478361516_1035957485229818,2025-02-11,16:35,Photo,105366,0,0,404,166,18,https://www.facebook.com/1240372834788281/posts/1035957485229818
220634478361516_1035910488567851,2025-02-11,15:19,Photo,159039,0,0,2938,764,145,https://www.facebook.com/1240372834788281/posts/1035910488567851
220634478361516_1035877768571123,2025-02-11,14:20,Photo,79900,0,0,334,277,22,https://www.facebook.com/1240372834788281/posts/1035877768571123
220634478361516_1035780845247482,2025-02-11,11:00,Photo,188169,0,0,598,181,24,https://www.facebook.com/1240372834788281/posts/1035780845247482
220634478361516_1035755008583399,2025-02-11,10:01,Video,32369,15471,7481.3,130,17,14,https://www.facebook.com/1240372834788281/videos/1524814758196749
220634478361516_1035753991916834,2025-02-11,09:58,Photo,69957,0,0,490,24,30,https://www.facebook.com/1240372834788281/posts/1035753991916834
220634478361516_1035735298585370,2025-02-11,09:16,Photo,333732,0,0,7932,1112,542,https://www.facebook.com/1240372834788281/posts/1035735298585370
220634478361516_1035702888588611,2025-02-11,07:56,Photo,122971,0,0,1036,222,32,https://www.facebook.com/1240372834788281/posts/1035702888588611
220634478361516_1035692731922960,2025-02-11,07:30,Video,80580,44477,63957.1,1580,72,159,https://www.facebook.com/1240372834788281/videos/1136529041460002
220634478361516_1035394131952820,2025-02-10,20:01,Video,25758,14436,14139.5,259,17,12,https://www.facebook.com/1240372834788281/videos/1343317060279367
220634478361516_1035339068624993,2025-02-10,18:37,Photo,106633,0,0,217,85,10,https://www.facebook.com/1240372834788281/posts/1035339068624993
220634478361516_1035318605293706,2025-02-10,18:00,Video,80512,42771,28763.9,301,20,16,https://www.facebook.com/1240372834788281/videos/589450213930129
220634478361516_1035318565293710,2025-02-10,18:00,Photo,205312,0,0,876,494,55,https://www.facebook.com/1240372834788281/posts/1035318565293710
220634478361516_1035293231962910,2025-02-10,17:18,Photo,260610,0,0,880,146,24,https://www.facebook.com/1240372834788281/posts/1035293231962910
220634478361516_1035281751964058,2025-02-10,16:59,Photo,230112,0,0,4147,787,154,https://www.facebook.com/1240372834788281/posts/1035281751964058
220634478361516_1035264171965816,2025-02-10,16:27,Photo,162123,0,0,925,49,35,https://www.facebook.com/1240372834788281/posts/1035264171965816
220634478361516_1035246155300951,2025-02-10,16:00,Video,17182,8532,10045.7,200,15,25,https://www.facebook.com/1240372834788281/videos/1312356676697962
220634478361516_1035179671974266,2025-02-10,14:00,Video,46098,25339,34334.4,378,28,19,https://www.facebook.com/1240372834788281/videos/626103153450084
220634478361516_1035117191980514,2025-02-10,11:55,Photo,471202,0,0,5363,176,54,https://www.facebook.com/1240372834788281/posts/1035117191980514
220634478361516_1035056201986613,2025-02-10,09:36,Photo,452825,0,0,1495,42,47,https://www.facebook.com/1240372834788281/posts/1035056201986613
220634478361516_1035046668654233,2025-02-10,09:11,Photo,250924,0,0,1973,678,46,https://www.facebook.com/1240372834788281/posts/1035046668654233
220634478361516_1035030238655876,2025-02-10,08:28,Photo,108218,0,0,475,227,13,https://www.facebook.com/1240372834788281/posts/1035030238655876
220634478361516_1035007631991470,2025-02-10,07:30,Video,116108,55893,106114.0,1671,138,153,https://www.facebook.com/1240372834788281/videos/2177413356006814
220634478361516_1034789858679914,2025-02-09,23:40,Video,42440,24707,27133.8,572,14,17,https://www.facebook.com/1240372834788281/videos/1860774917998605
220634478361516_1034745545351012,2025-02-09,22:03,Photo,241613,0,0,2692,238,289,https://www.facebook.com/1240372834788281/posts/1034745545351012
220634478361516_1034737002018533,2025-02-09,21:42,Photo,191265,0,0,1782,970,123,https://www.facebook.com/1240372834788281/posts/1034737002018533
220634478361516_1034687938690106,2025-02-09,20:17,Photo,142906,0,0,1178,146,65,https://www.facebook.com/1240372834788281/posts/1034687938690106
220634478361516_1034635762028657,2025-02-09,19:01,Photo,109746,0,0,1026,56,69,https://www.facebook.com/1240372834788281/posts/1034635762028657
220634478361516_1034514472040786,2025-02-09,16:21,Video,69733,29748,7755.6,299,107,14,https://www.facebook.com/1240372834788281/videos/1391200265596586
220634478361516_1034512548707645,2025-02-09,16:21,Video,272664,164620,136928.0,1471,186,173,https://www.facebook.com/1240372834788281/videos/1946943835832263
220634478361516_1034413815384185,2025-02-09,13:15,Video,28231,13915,11240.4,664,46,75,https://www.facebook.com/1240372834788281/videos/870747775059937
220634478361516_1034391632053070,2025-02-09,12:29,Photo,145352,0,0,1026,60,17,https://www.facebook.com/1240372834788281/posts/1034391632053070
220634478361516_1034332945392272,2025-02-09,10:20,Photo,180416,0,0,2805,159,56,https://www.facebook.com/1240372834788281/posts/1034332945392272
220634478361516_1034323438726556,2025-02-09,10:00,Video,51293,20767,11903.5,234,31,6,https://www.facebook.com/1240372834788281/videos/1152685533110939
220634478361516_1034309052061328,2025-02-09,09:30,Photo,63220,0,0,171,52,3,https://www.facebook.com/1240372834788281/posts/1034309052061328
220634478361516_1034257182066515,2025-02-09,07:30,Video,30827,16525,16397.5,705,46,88,https://www.facebook.com/1240372834788281/videos/2045582379197783
220634478361516_1034032958755604,2025-02-08,22:35,Photo,879112,0,0,10000,920,598,https://www.facebook.com/1240372834788281/posts/1034032958755604
220634478361516_1034003082091925,2025-02-08,21:30,Video,17700,8241,4460.3,273,88,26,https://www.facebook.com/1240372834788281/videos/2069194423534342
220634478361516_1033975345428032,2025-02-08,20:35,Video,16075,5734,3364.7,222,15,21,https://www.facebook.com/1240372834788281/videos/1875924649883482
220634478361516_1033969698761930,2025-02-08,20:23,Photo,109751,0,0,628,14,14,https://www.facebook.com/1240372834788281/posts/1033969698761930
220634478361516_1033925472099686,2025-02-08,18:57,Video,86566,41118,15168.5,1987,70,67,https://www.facebook.com/1240372834788281/videos/977879620361891
220634478361516_1033913928767507,2025-02-08,18:37,Video,54620,21737,12990.2,1497,63,81,https://www.facebook.com/1240372834788281/videos/1124911612256760
220634478361516_1033855815439985,2025-02-08,16:58,Photo,274880,0,0,1389,38,21,https://www.facebook.com/1240372834788281/posts/1033855815439985
220634478361516_1033813225444244,2025-02-08,15:48,Photo,225942,0,0,3205,305,59,https://www.facebook.com/1240372834788281/posts/1033813225444244
220634478361516_1033805085445058,2025-02-08,15:36,Photo,105215,0,0,1161,41,23,https://www.facebook.com/1240372834788281/posts/1033805085445058
220634478361516_1033801055445461,2025-02-08,15:29,Video,73837,33741,12339.0,1393,21,39,https://www.facebook.com/1240372834788281/videos/644974471549453
220634478361516_1033798002112433,2025-02-08,15:24,Photo,264225,0,0,3262,38,60,https://www.facebook.com/1240372834788281/posts/1033798002112433
220634478361516_1033789192113314,2025-02-08,15:09,Video,127999,61169,22969.3,3155,148,135,https://www.facebook.com/1240372834788281/videos/603164512643435
220634478361516_1033772698781630,2025-02-08,14:44,Photo,390993,0,0,1559,649,112,https://www.facebook.com/1240372834788281/posts/1033772698781630
220634478361516_1033764282115805,2025-02-08,14:30,Video,46947,18794,5986.6,395,22,16,https://www.facebook.com/1240372834788281/videos/1700711020875400
220634478361516_1033712068787693,2025-02-08,13:12,Photo,763744,0,0,4892,433,229,https://www.facebook.com/1240372834788281/posts/1033712068787693
220634478361516_1033699308788969,2025-02-08,12:52,Photo,130690,0,0,571,74,19,https://www.facebook.com/1240372834788281/posts/1033699308788969
220634478361516_1033679825457584,2025-02-08,12:18,Photo,38360,0,0,156,12,8,https://www.facebook.com/1240372834788281/posts/1033679825457584
220634478361516_1033675475458019,2025-02-08,12:11,Photo,56542,0,0,253,37,14,https://www.facebook.com/1240372834788281/posts/1033675475458019
220634478361516_1033657468793153,2025-02-08,11:40,Photo,293293,0,0,1553,227,171,https://www.facebook.com/1240372834788281/posts/1033657468793153
220634478361516_1033644835461083,2025-02-08,11:16,Photo,179288,0,0,808,220,27,https://www.facebook.com/1240372834788281/posts/1033644835461083
220634478361516_1033642248794675,2025-02-08,11:11,Photo,117814,0,0,900,275,78,https://www.facebook.com/1240372834788281/posts/1033642248794675
220634478361516_1033637905461776,2025-02-08,11:03,Photo,89093,0,0,111,23,4,https://www.facebook.com/1240372834788281/posts/1033637905461776
220634478361516_1033613178797582,2025-02-08,10:24,Photo,74113,0,0,172,15,7,https://www.facebook.com/1240372834788281/posts/1033613178797582
220634478361516_1033606338798266,2025-02-08,10:12,Photo,312065,0,0,1577,1220,150,https://www.facebook.com/1240372834788281/posts/1033606338798266
220634478361516_1033528245472742,2025-02-08,07:30,Video,109333,61720,105787.4,934,48,35,https://www.facebook.com/1240372834788281/videos/2097178584073513
220634478361516_1033307808828119,2025-02-07,23:35,Photo,442522,0,0,8885,437,189,https://www.facebook.com/1240372834788281/posts/1033307808828119
220634478361516_1033274838831416,2025-02-07,22:18,Video,32620,15832,6448.9,452,13,15,https://www.facebook.com/1240372834788281/videos/632132325980779
220634478361516_1033263882165845,2025-02-07,21:55,Video,63620,38698,32223.1,1119,53,53,https://www.facebook.com/1240372834788281/videos/998005519056306
220634478361516_1033253822166851,2025-02-07,21:33,Video,20721,10722,9387.8,259,7,15,https://www.facebook.com/1240372834788281/videos/1162223042235902
220634478361516_1033185135507053,2025-02-07,19:07,Photo,95893,0,0,1019,44,36,https://www.facebook.com/1240372834788281/posts/1033185135507053
220634478361516_1033160142176219,2025-02-07,18:23,Photo,139522,0,0,594,269,13,https://www.facebook.com/1240372834788281/posts/1033160142176219
220634478361516_1032977212194512,2025-02-07,13:02,Photo,477950,0,0,3323,298,60,https://www.facebook.com/1240372834788281/posts/1032977212194512
220634478361516_1032895215536045,2025-02-07,10:00,Video,46538,24248,40533.2,571,30,53,https://www.facebook.com/1240372834788281/videos/1752685911965610
220634478361516_1032833125542254,2025-02-07,07:30,Video,15225,7340,4425.1,151,8,14,https://www.facebook.com/1240372834788281/videos/655565640180891
220634478361516_1032571525568414,2025-02-06,21:30,Video,116896,52129,58058.9,493,41,25,https://www.facebook.com/1240372834788281/videos/1324803891989162
220634478361516_1032566178902282,2025-02-06,21:23,Photo,80414,0,0,296,76,10,https://www.facebook.com/1240372834788281/posts/1032566178902282
220634478361516_1032502042242029,2025-02-06,19:17,Photo,87623,0,0,1136,134,31,https://www.facebook.com/1240372834788281/posts/1032502042242029
220634478361516_1032453242246909,2025-02-06,17:55,Photo,136988,0,0,848,95,22,https://www.facebook.com/1240372834788281/posts/1032453242246909
220634478361516_1032385122253721,2025-02-06,15:58,Photo,94966,0,0,2182,181,51,https://www.facebook.com/1240372834788281/posts/1032385122253721
220634478361516_1032314142260819,2025-02-06,13:48,Photo,125595,0,0,910,248,17,https://www.facebook.com/1240372834788281/posts/1032314142260819
220634478361516_1032293605596206,2025-02-06,13:08,Photo,156055,0,0,1100,107,55,https://www.facebook.com/1240372834788281/posts/1032293605596206
220634478361516_1032231942269039,2025-02-06,10:43,Photo,42287,0,0,151,40,11,https://www.facebook.com/1240372834788281/posts/1032231942269039
220634478361516_1032212858937614,2025-02-06,09:58,Photo,47498,0,0,878,144,28,https://www.facebook.com/1240372834788281/posts/1032212858937614
220634478361516_1032184338940466,2025-02-06,08:45,Photo,83531,0,0,1440,244,43,https://www.facebook.com/1240372834788281/posts/1032184338940466
220634478361516_1032177375607829,2025-02-06,08:26,Photo,120072,0,0,819,255,13,https://www.facebook.com/1240372834788281/posts/1032177375607829
220634478361516_1032156402276593,2025-02-06,07:30,Video,33716,18173,25841.0,309,15,22,https://www.facebook.com/1240372834788281/videos/9138016709626144
220634478361516_1031956758963224,2025-02-05,23:20,Photo,179671,0,0,1608,616,75,https://www.facebook.com/1240372834788281/posts/1031956758963224
220634478361516_1031948822297351,2025-02-05,23:01,Video,38455,21625,18271.9,661,10,30,https://www.facebook.com/1240372834788281/videos/1314514156535773
220634478361516_1031908912301342,2025-02-05,21:25,Photo,262038,0,0,1079,630,9,https://www.facebook.com/1240372834788281/posts/1031908912301342
220634478361516_1031861612306072,2025-02-05,19:46,Photo,81725,0,0,676,77,14,https://www.facebook.com/1240372834788281/posts/1031861612306072
220634478361516_1031769605648606,2025-02-05,17:06,Video,277128,117269,24861.7,10000,338,247,https://www.facebook.com/1240372834788281/videos/602794125804448
220634478361516_1031753075650259,2025-02-05,16:41,Video,369135,189236,52153.8,10000,518,522,https://www.facebook.com/1240372834788281/videos/498671942926432
220634478361516_1031671115658455,2025-02-05,14:18,Video,19045,8887,4147.2,103,33,14,https://www.facebook.com/1240372834788281/videos/664018979286767
220634478361516_1031587249000175,2025-02-05,12:18,Photo,89274,0,0,829,64,18,https://www.facebook.com/1240372834788281/posts/1031587249000175
220634478361516_1031527599006140,2025-02-05,10:01,Video,45465,16873,15634.6,586,48,53,https://www.facebook.com/1240372834788281/videos/656835536680337
220634478361516_1031467285678838,2025-02-05,07:30,Video,20308,11150,5340.3,320,17,18,https://www.facebook.com/1240372834788281/videos/476002338911642
220634478361516_1031288575696709,2025-02-05,00:35,Photo,75213,0,0,462,100,20,https://www.facebook.com/1240372834788281/posts/1031288575696709
220634478361516_1031250209033879,2025-02-04,22:53,Photo,126747,0,0,1753,305,44,https://www.facebook.com/1240372834788281/posts/1031250209033879
220634478361516_1031213662370867,2025-02-04,21:31,Video,21895,8856,5346.7,402,46,59,https://www.facebook.com/1240372834788281/videos/1135875861094050
220634478361516_1031089019049998,2025-02-04,17:28,Video,77639,33593,19762.2,752,173,47,https://www.facebook.com/1240372834788281/videos/1676779216609278
220634478361516_1031002709058629,2025-02-04,15:13,Photo,66093,0,0,724,110,17,https://www.facebook.com/1240372834788281/posts/1031002709058629
220634478361516_1030949819063918,2025-02-04,13:35,Video,67684,32089,45207.1,594,35,62,https://www.facebook.com/1240372834788281/videos/1253376275754283
220634478361516_1030941155731451,2025-02-04,13:18,Photo,134354,0,0,3067,287,65,https://www.facebook.com/1240372834788281/posts/1030941155731451
220634478361516_1030936575731909,2025-02-04,13:10,Photo,103401,0,0,981,110,24,https://www.facebook.com/1240372834788281/posts/1030936575731909
220634478361516_1030849169073983,2025-02-04,10:00,Video,14698,6170,2444.6,41,12,3,https://www.facebook.com/1240372834788281/videos/8992254590896125
220634478361516_1030793915746175,2025-02-04,07:42,Photo,116642,0,0,464,58,22,https://www.facebook.com/1240372834788281/posts/1030793915746175
220634478361516_1030781972414036,2025-02-04,07:13,Status,75909,0,0,294,34,5,https://www.facebook.com/1240372834788281/posts/1030781972414036
220634478361516_1030588609100039,2025-02-03,23:42,Video,46568,23496,23121.7,732,113,31,https://www.facebook.com/1240372834788281/videos/1002108155071787
220634478361516_1030456712446562,2025-02-03,19:04,Photo,104018,0,0,369,110,7,https://www.facebook.com/1240372834788281/posts/1030456712446562
220634478361516_1030435969115303,2025-02-03,18:29,Video,12232,3953,1277.5,30,6,5,https://www.facebook.com/1240372834788281/videos/1040744844740944
220634478361516_1030392369119663,2025-02-03,17:15,Photo,85254,0,0,392,27,9,https://www.facebook.com/1240372834788281/posts/1030392369119663
220634478361516_1030352455790321,2025-02-03,16:13,Photo,259893,0,0,1663,1324,61,https://www.facebook.com/1240372834788281/posts/1030352455790321
220634478361516_1030348899124010,2025-02-03,16:08,Photo,134953,0,0,480,110,14,https://www.facebook.com/1240372834788281/posts/1030348899124010
220634478361516_1030345005791066,2025-02-03,16:02,Photo,72787,0,0,1570,33,57,https://www.facebook.com/1240372834788281/posts/1030345005791066
220634478361516_1030320705793496,2025-02-03,15:24,Photo,52271,0,0,144,68,7,https://www.facebook.com/1240372834788281/posts/1030320705793496
220634478361516_1030217305803836,2025-02-03,12:14,Photo,259968,0,0,723,574,51,https://www.facebook.com/1240372834788281/posts/1030217305803836
220634478361516_1030209259137974,2025-02-03,12:00,Video,201403,117514,118186.1,1273,37,17,https://www.facebook.com/1240372834788281/videos/632152726023996
220634478361516_1030202915805275,2025-02-03,11:49,Photo,70388,0,0,95,16,5,https://www.facebook.com/1240372834788281/posts/1030202915805275
220634478361516_1030091352483098,2025-02-03,07:30,Video,25343,14021,7350.0,446,42,36,https://www.facebook.com/1240372834788281/videos/510819768789090
220634478361516_1029881682504065,2025-02-02,23:21,Video,67194,28731,33574.7,519,60,76,https://www.facebook.com/1240372834788281/videos/445605168520545
220634478361516_1029865695838997,2025-02-02,22:45,Photo,198797,0,0,954,660,32,https://www.facebook.com/1240372834788281/posts/1029865695838997
220634478361516_1029845619174338,2025-02-02,22:00,Photo,108696,0,0,522,37,7,https://www.facebook.com/1240372834788281/posts/1029845619174338
220634478361516_1029839245841642,2025-02-02,21:47,Photo,161398,0,0,1406,25,25,https://www.facebook.com/1240372834788281/posts/1029839245841642
220634478361516_1029801849178715,2025-02-02,20:40,Photo,121365,0,0,509,69,19,https://www.facebook.com/1240372834788281/posts/1029801849178715
220634478361516_1029769732515260,2025-02-02,19:45,Photo,124978,0,0,745,32,16,https://www.facebook.com/1240372834788281/posts/1029769732515260
220634478361516_1029734839185416,2025-02-02,19:01,Photo,215907,0,0,524,166,37,https://www.facebook.com/1240372834788281/posts/1029734839185416
220634478361516_1029712325854334,2025-02-02,18:32,Photo,84439,0,0,221,26,4,https://www.facebook.com/1240372834788281/posts/1029712325854334
220634478361516_1029666899192210,2025-02-02,17:28,Photo,267412,0,0,5213,421,130,https://www.facebook.com/1240372834788281/posts/1029666899192210
220634478361516_1029608952531338,2025-02-02,16:05,Photo,53458,0,0,208,25,4,https://www.facebook.com/1240372834788281/posts/1029608952531338
220634478361516_1029590042533229,2025-02-02,15:34,Photo,131650,0,0,1459,694,57,https://www.facebook.com/1240372834788281/posts/1029590042533229
220634478361516_1029493779209522,2025-02-02,12:37,Photo,196667,0,0,1806,295,28,https://www.facebook.com/1240372834788281/posts/1029493779209522
220634478361516_1029440772548156,2025-02-02,10:54,Photo,201627,0,0,698,157,25,https://www.facebook.com/1240372834788281/posts/1029440772548156
220634478361516_1029389672553266,2025-02-02,09:01,Video,23208,12390,6951.1,282,6,11,https://www.facebook.com/1240372834788281/videos/1197430645048501
220634478361516_1028974822594751,2025-02-02,08:30,Video,32669,17217,10808.8,153,33,13,https://www.facebook.com/1240372834788281/videos/620663953707960
220634478361516_1029335355892031,2025-02-02,07:00,Video,125129,61526,121849.0,1640,20,49,https://www.facebook.com/1240372834788281/videos/854341293402121
220634478361516_1029148152577418,2025-02-01,23:59,Photo,160713,0,0,1014,54,12,https://www.facebook.com/1240372834788281/posts/1029148152577418
220634478361516_1029099619248938,2025-02-01,22:03,Photo,158101,0,0,2327,62,33,https://www.facebook.com/1240372834788281/posts/1029099619248938
220634478361516_1029097985915768,2025-02-01,22:00,Video,62235,33748,53301.1,1028,43,71,https://www.facebook.com/1240372834788281/videos/1002313071713977
220634478361516_1029069202585313,2025-02-01,21:01,Photo,98212,0,0,358,95,7,https://www.facebook.com/1240372834788281/posts/1029069202585313
220634478361516_1029066619252238,2025-02-01,20:57,Video,144284,76717,91899.6,1752,43,64,https://www.facebook.com/1240372834788281/videos/1153617439491051
220634478361516_1029032992588934,2025-02-01,19:50,Photo,66922,0,0,816,14,21,https://www.facebook.com/1240372834788281/posts/1029032992588934
220634478361516_1028979799260920,2025-02-01,18:21,Video,31366,16541,12926.0,604,20,42,https://www.facebook.com/1240372834788281/videos/1158262639046278
220634478361516_1028975289261371,2025-02-01,18:11,Photo,53952,0,0,349,12,9,https://www.facebook.com/1240372834788281/posts/1028975289261371
220634478361516_1028955049263395,2025-02-01,17:40,Video,94213,40851,19621.8,1968,58,78,https://www.facebook.com/1240372834788281/videos/4018318258446700
220634478361516_1028892032603030,2025-02-01,16:00,Photo,125720,0,0,1572,76,140,https://www.facebook.com/1240372834788281/posts/1028892032603030
220634478361516_1028852735940293,2025-02-01,15:00,Video,31887,15669,16060.0,300,21,28,https://www.facebook.com/1240372834788281/videos/1433878190913408
220634478361516_1028803005945266,2025-02-01,13:42,Photo,164452,0,0,2057,93,40,https://www.facebook.com/1240372834788281/posts/1028803005945266
220634478361516_1028725395953027,2025-02-01,11:28,Photo,56343,0,0,315,6,9,https://www.facebook.com/1240372834788281/posts/1028725395953027
220634478361516_1028704139288486,2025-02-01,10:50,Photo,40872,0,0,297,8,6,https://www.facebook.com/1240372834788281/posts/1028704139288486
220634478361516_1028700985955468,2025-02-01,10:45,Photo,550372,0,0,2252,665,54,https://www.facebook.com/1240372834788281/posts/1028700985955468
220634478361516_1028694145956152,2025-02-01,10:32,Photo,59605,0,0,269,12,9,https://www.facebook.com/1240372834788281/posts/1028694145956152
220634478361516_1028680122624221,2025-02-01,10:08,Photo,85967,0,0,680,23,13,https://www.facebook.com/1240372834788281/posts/1028680122624221
220634478361516_1028651195960447,2025-02-01,09:12,Photo,72124,0,0,555,28,13,https://www.facebook.com/1240372834788281/posts/1028651195960447
220634478361516_1028646309294269,2025-02-01,09:03,Photo,91820,0,0,499,26,10,https://www.facebook.com/1240372834788281/posts/1028646309294269
220634478361516_1028639232628310,2025-02-01,08:49,Photo,131091,0,0,647,29,15,https://www.facebook.com/1240372834788281/posts/1028639232628310
220634478361516_1028587519300148,2025-02-01,07:00,Video,15965,8599,7452.6,212,6,11,https://www.facebook.com/1240372834788281/videos/9210069352382405
220634478361516_1028340359324864,2025-01-31,22:47,Video,26314,12324,19666.5,310,17,15,https://www.facebook.com/1240372834788281/videos/594223236911846
220634478361516_1028188302673403,2025-01-31,18:00,Video,57473,22398,14803.6,184,19,11,https://www.facebook.com/1240372834788281/videos/1121834016100257
220634478361516_1028047089354191,2025-01-31,14:10,Photo,67888,0,0,773,33,12,https://www.facebook.com/1240372834788281/posts/1028047089354191
220634478361516_1028025529356347,2025-01-31,13:28,Video,277295,122345,68967.7,7603,300,346,https://www.facebook.com/1240372834788281/videos/1175832317219903
220634478361516_1028012146024352,2025-01-31,13:02,Photo,170653,0,0,1343,191,28,https://www.facebook.com/1240372834788281/posts/1028012146024352
220634478361516_1027977519361148,2025-01-31,11:55,Photo,103881,0,0,863,81,32,https://www.facebook.com/1240372834788281/posts/1027977519361148
220634478361516_1027927292699504,2025-01-31,10:27,Photo,1021290,0,0,10000,429,188,https://www.facebook.com/1240372834788281/posts/1027927292699504
220634478361516_1027916662700567,2025-01-31,10:06,Video,29978,16331,16559.5,365,16,18,https://www.facebook.com/1240372834788281/videos/2064671814018025
220634478361516_1027908042701429,2025-01-31,09:47,Photo,90270,0,0,202,160,6,https://www.facebook.com/1240372834788281/posts/1027908042701429
220634478361516_1027851289373771,2025-01-31,07:30,Video,17092,7121,2812.5,84,16,8,https://www.facebook.com/1240372834788281/videos/1292879558654322
220634478361516_1027652462726987,2025-01-30,23:42,Photo,205619,0,0,2179,400,68,https://www.facebook.com/1240372834788281/posts/1027652462726987
220634478361516_1027619409396959,2025-01-30,22:32,Photo,174340,0,0,623,96,13,https://www.facebook.com/1240372834788281/posts/1027619409396959
220634478361516_1027605556065011,2025-01-30,22:03,Video,31576,12339,6490.2,333,15,18,https://www.facebook.com/1240372834788281/videos/9012933078756410
220634478361516_1027513892740844,2025-01-30,19:12,Photo,108889,0,0,1817,319,98,https://www.facebook.com/1240372834788281/posts/1027513892740844
220634478361516_1027511022741131,2025-01-30,19:08,Photo,177167,0,0,718,117,9,https://www.facebook.com/1240372834788281/posts/1027511022741131
220634478361516_1027456946079872,2025-01-30,17:44,Photo,175559,0,0,1655,37,42,https://www.facebook.com/1240372834788281/posts/1027456946079872
220634478361516_1027450099413890,2025-01-30,17:34,Photo,69067,0,0,739,27,8,https://www.facebook.com/1240372834788281/posts/1027450099413890
220634478361516_1027446856080881,2025-01-30,17:30,Photo,80957,0,0,1654,45,37,https://www.facebook.com/1240372834788281/posts/1027446856080881
220634478361516_1027417729417127,2025-01-30,16:51,Photo,292514,0,0,4438,106,178,https://www.facebook.com/1240372834788281/posts/1027417729417127
220634478361516_1027390752753158,2025-01-30,16:12,Photo,81999,0,0,789,24,33,https://www.facebook.com/1240372834788281/posts/1027390752753158
220634478361516_1027370456088521,2025-01-30,15:45,Photo,87748,0,0,1452,80,50,https://www.facebook.com/1240372834788281/posts/1027370456088521
220634478361516_1027341479424752,2025-01-30,15:02,Photo,121045,0,0,1609,74,67,https://www.facebook.com/1240372834788281/posts/1027341479424752
220634478361516_1027313412760892,2025-01-30,14:20,Photo,148986,0,0,789,94,18,https://www.facebook.com/1240372834788281/posts/1027313412760892
220634478361516_1027309006094666,2025-01-30,14:14,Photo,59191,0,0,169,11,4,https://www.facebook.com/1240372834788281/posts/1027309006094666
220634478361516_1027307436094823,2025-01-30,14:12,Photo,65923,0,0,285,3,7,https://www.facebook.com/1240372834788281/posts/1027307436094823
220634478361516_1027303986095168,2025-01-30,14:06,Photo,79044,0,0,522,4,15,https://www.facebook.com/1240372834788281/posts/1027303986095168
220634478361516_1027290202763213,2025-01-30,13:46,Photo,40876,0,0,158,2,6,https://www.facebook.com/1240372834788281/posts/1027290202763213
220634478361516_1027282316097335,2025-01-30,13:35,Video,85928,32798,11149.8,1400,28,36,https://www.facebook.com/1240372834788281/videos/1287479059129006
220634478361516_1027278009431099,2025-01-30,13:26,Status,82530,0,0,379,251,7,https://www.facebook.com/1240372834788281/posts/1027278009431099
220634478361516_1027272799431620,2025-01-30,13:17,Photo,57946,0,0,386,23,6,https://www.facebook.com/1240372834788281/posts/1027272799431620
220634478361516_1027265306099036,2025-01-30,13:04,Status,44216,0,0,91,6,2,https://www.facebook.com/1240372834788281/posts/1027265306099036
220634478361516_1027256719433228,2025-01-30,12:49,Photo,126338,0,0,664,125,27,https://www.facebook.com/1240372834788281/posts/1027256719433228
220634478361516_1027253636100203,2025-01-30,12:44,Photo,107290,0,0,1229,54,22,https://www.facebook.com/1240372834788281/posts/1027253636100203
220634478361516_1027250582767175,2025-01-30,12:38,Photo,73761,0,0,599,15,6,https://www.facebook.com/1240372834788281/posts/1027250582767175
220634478361516_1027243872767846,2025-01-30,12:26,Photo,85873,0,0,1020,45,19,https://www.facebook.com/1240372834788281/posts/1027243872767846
220634478361516_1027229999435900,2025-01-30,12:02,Status,75751,0,0,174,23,4,https://www.facebook.com/1240372834788281/posts/1027229999435900
220634478361516_1027207272771506,2025-01-30,11:21,Video,21494,8760,2523.1,229,14,8,https://www.facebook.com/1240372834788281/videos/1333292531317669
220634478361516_1027206442771589,2025-01-30,11:19,Photo,987284,0,0,10000,811,564,https://www.facebook.com/1240372834788281/posts/1027206442771589
220634478361516_1027191596106407,2025-01-30,10:51,Photo,69329,0,0,713,23,18,https://www.facebook.com/1240372834788281/posts/1027191596106407
220634478361516_1027189416106625,2025-01-30,10:47,Photo,182151,0,0,1142,103,21,https://www.facebook.com/1240372834788281/posts/1027189416106625
220634478361516_1027182806107286,2025-01-30,10:35,Photo,37259,0,0,428,28,18,https://www.facebook.com/1240372834788281/posts/1027182806107286
220634478361516_1027177549441145,2025-01-30,10:25,Photo,52289,0,0,552,37,21,https://www.facebook.com/1240372834788281/posts/1027177549441145
220634478361516_1027174716108095,2025-01-30,10:19,Video,2,17322,91873.9,375,6,5,https://www.facebook.com/1240372834788281/posts/1027174716108095
220634478361516_1027167086108858,2025-01-30,10:05,Photo,79527,0,0,661,53,17,https://www.facebook.com/1240372834788281/posts/1027167086108858
220634478361516_1027155379443362,2025-01-30,09:37,Video,59134,16166,3491.4,460,25,23,https://www.facebook.com/1240372834788281/videos/1159899088853200
220634478361516_1027148156110751,2025-01-30,09:21,Photo,79600,0,0,227,14,6,https://www.facebook.com/1240372834788281/posts/1027148156110751
220634478361516_1027145222777711,2025-01-30,09:14,Photo,165441,0,0,674,147,15,https://www.facebook.com/1240372834788281/posts/1027145222777711
220634478361516_1027093666116200,2025-01-30,07:06,Photo,131430,0,0,442,27,16,https://www.facebook.com/1240372834788281/posts/1027093666116200
220634478361516_1027050379453862,2025-01-30,05:28,Status,132073,0,0,447,13,5,https://www.facebook.com/1240372834788281/posts/1027050379453862
220634478361516_1026813392810894,2025-01-29,21:53,Photo,131956,0,0,1005,480,39,https://www.facebook.com/1240372834788281/posts/1026813392810894
220634478361516_1026806329478267,2025-01-29,21:38,Photo,325610,0,0,549,233,16,https://www.facebook.com/1240372834788281/posts/1026806329478267
220634478361516_1026796212812612,2025-01-29,21:15,Photo,44772,0,0,176,32,4,https://www.facebook.com/1240372834788281/posts/1026796212812612
220634478361516_1026717292820504,2025-01-29,18:47,Photo,81465,0,0,2052,191,55,https://www.facebook.com/1240372834788281/posts/1026717292820504
220634478361516_1026676419491258,2025-01-29,17:33,Photo,118890,0,0,993,49,35,https://www.facebook.com/1240372834788281/posts/1026676419491258
220634478361516_1026672742824959,2025-01-29,17:27,Photo,41152,0,0,125,13,9,https://www.facebook.com/1240372834788281/posts/1026672742824959
220634478361516_1026647409494159,2025-01-29,16:47,Photo,1032533,0,0,725,428,18,https://www.facebook.com/1240372834788281/posts/1026647409494159
220634478361516_1026625142829719,2025-01-29,16:10,Photo,105359,0,0,283,90,38,https://www.facebook.com/1240372834788281/posts/1026625142829719
220634478361516_1026498686175698,2025-01-29,12:33,Video,61400,31145,39530.7,566,117,89,https://www.facebook.com/1240372834788281/videos/1269608220921496
220634478361516_1026423299516570,2025-01-29,10:01,Video,32989,17677,15517.2,382,94,22,https://www.facebook.com/1240372834788281/videos/1318927792472931
220634478361516_1026141929544707,2025-01-28,23:54,Video,35844,18868,24787.6,575,19,31,https://www.facebook.com/1240372834788281/videos/965824525020328
220634478361516_1026122169546683,2025-01-28,23:11,Photo,234470,0,0,569,221,18,https://www.facebook.com/1240372834788281/posts/1026122169546683
220634478361516_1026057382886495,2025-01-28,21:07,Photo,125908,0,0,879,114,17,https://www.facebook.com/1240372834788281/posts/1026057382886495
220634478361516_1025992196226347,2025-01-28,19:06,Photo,580011,0,0,6975,160,113,https://www.facebook.com/1240372834788281/posts/1025992196226347
220634478361516_1025745792917654,2025-01-28,11:48,Photo,110810,0,0,285,60,12,https://www.facebook.com/1240372834788281/posts/1025745792917654
220634478361516_1025734499585450,2025-01-28,11:26,Photo,105298,0,0,503,500,45,https://www.facebook.com/1240372834788281/posts/1025734499585450
220634478361516_1025710429587857,2025-01-28,10:34,Video,33368,16610,14450.7,330,44,22,https://www.facebook.com/1240372834788281/videos/10040847542610150
220634478361516_1025695569589343,2025-01-28,10:00,Video,15174,6012,8125.6,202,7,29,https://www.facebook.com/1240372834788281/videos/1120702576519118
220634478361516_1025660852926148,2025-01-28,08:34,Photo,126168,0,0,398,184,8,https://www.facebook.com/1240372834788281/posts/1025660852926148
220634478361516_1025634549595445,2025-01-28,07:31,Video,60949,35235,57024.9,600,31,35,https://www.facebook.com/1240372834788281/videos/547240961680507
220634478361516_1025359319622968,2025-01-27,22:01,Video,57716,29730,20265.6,975,74,71,https://www.facebook.com/1240372834788281/videos/1777752803014014
220634478361516_1025327129626187,2025-01-27,20:55,Photo,88768,0,0,280,22,10,https://www.facebook.com/1240372834788281/posts/1025327129626187
220634478361516_1025224439636456,2025-01-27,17:52,Photo,238545,0,0,622,49,28,https://www.facebook.com/1240372834788281/posts/1025224439636456
220634478361516_1025098576315709,2025-01-27,14:40,Photo,193513,0,0,1754,38,25,https://www.facebook.com/1240372834788281/posts/1025098576315709
220634478361516_1025062802985953,2025-01-27,13:36,Photo,139828,0,0,833,60,4,https://www.facebook.com/1240372834788281/posts/1025062802985953
220634478361516_1025056119653288,2025-01-27,13:24,Photo,172750,0,0,1210,1069,45,https://www.facebook.com/1240372834788281/posts/1025056119653288
220634478361516_1025014152990818,2025-01-27,12:01,Video,227360,110889,132724.3,3410,169,98,https://www.facebook.com/1240372834788281/videos/530265200071674
220634478361516_1025013656324201,2025-01-27,12:00,Photo,71485,0,0,199,72,13,https://www.facebook.com/1240372834788281/posts/1025013656324201
220634478361516_1024985596327007,2025-01-27,10:59,Photo,98092,0,0,195,133,9,https://www.facebook.com/1240372834788281/posts/1024985596327007
220634478361516_1024959006329666,2025-01-27,10:01,Video,20114,10001,7985.9,548,28,36,https://www.facebook.com/1240372834788281/videos/1302162884238485
220634478361516_1024662833025950,2025-01-27,00:54,Photo,76963,0,0,163,30,8,https://www.facebook.com/1240372834788281/posts/1024662833025950
220634478361516_1024653306360236,2025-01-27,00:33,Photo,75199,0,0,125,16,9,https://www.facebook.com/1240372834788281/posts/1024653306360236
220634478361516_1024645406361026,2025-01-27,00:13,Photo,82089,0,0,437,42,14,https://www.facebook.com/1240372834788281/posts/1024645406361026
220634478361516_1024605399698360,2025-01-26,22:40,Video,38434,21298,13608.4,604,156,38,https://www.facebook.com/1240372834788281/videos/1153788429633046
220634478361516_1024594739699426,2025-01-26,22:17,Photo,118352,0,0,381,195,27,https://www.facebook.com/1240372834788281/posts/1024594739699426
220634478361516_1024577313034502,2025-01-26,21:40,Video,39399,22982,17741.8,480,15,23,https://www.facebook.com/1240372834788281/videos/580024984910105
220634478361516_1024558019703098,2025-01-26,21:06,Photo,104183,0,0,643,734,28,https://www.facebook.com/1240372834788281/posts/1024558019703098
220634478361516_1024552349703665,2025-01-26,20:56,Video,196776,113212,138829.8,2232,83,122,https://www.facebook.com/1240372834788281/videos/1543640143012682
220634478361516_1024398279719072,2025-01-26,17:18,Status,81234,0,0,282,67,5,https://www.facebook.com/1240372834788281/posts/1024398279719072
220634478361516_1024126956412871,2025-01-26,10:00,Video,38645,21916,18693.5,307,28,20,https://www.facebook.com/1240372834788281/videos/3935448136715623
220634478361516_1024046316420935,2025-01-26,07:31,Video,1824478,1095685,1704140.1,10000,879,1380,https://www.facebook.com/1240372834788281/videos/1917217045475765
220634478361516_1023790849779815,2025-01-25,22:31,Photo,127677,0,0,1090,121,32,https://www.facebook.com/1240372834788281/posts/1023790849779815
220634478361516_1023762099782690,2025-01-25,21:30,Photo,203162,0,0,703,442,37,https://www.facebook.com/1240372834788281/posts/1023762099782690
220634478361516_1023749583117275,2025-01-25,21:04,Photo,336057,0,0,1401,157,31,https://www.facebook.com/1240372834788281/posts/1023749583117275
220634478361516_1023567523135481,2025-01-25,16:47,Photo,519286,0,0,4435,970,343,https://www.facebook.com/1240372834788281/posts/1023567523135481
220634478361516_1023436059815294,2025-01-25,14:23,Photo,350235,0,0,5386,228,275,https://www.facebook.com/1240372834788281/posts/1023436059815294
220634478361516_1023398216485745,2025-01-25,13:21,Video,257415,113682,33696.5,4658,165,152,https://www.facebook.com/1240372834788281/videos/1098106558779697
220634478361516_1023372799821620,2025-01-25,12:37,Photo,111804,0,0,566,70,13,https://www.facebook.com/1240372834788281/posts/1023372799821620
220634478361516_1023365926488974,2025-01-25,12:26,Video,496033,279711,115790.9,20127,645,587,https://www.facebook.com/1240372834788281/videos/1540354103344271
220634478361516_1023350163157217,2025-01-25,11:57,Video,73427,39828,17174.1,517,105,37,https://www.facebook.com/1240372834788281/videos/578015908396937
220634478361516_1023347973157436,2025-01-25,11:53,Photo,140206,0,0,934,60,71,https://www.facebook.com/1240372834788281/posts/1023347973157436
220634478361516_1023334466492120,2025-01-25,11:28,Photo,102905,0,0,462,54,20,https://www.facebook.com/1240372834788281/posts/1023334466492120
220634478361516_1023319136493653,2025-01-25,11:01,Photo,193160,0,0,1411,122,97,https://www.facebook.com/1240372834788281/posts/1023319136493653
220634478361516_1023292223163011,2025-01-25,10:13,Video,191708,108316,56548.0,1029,716,154,https://www.facebook.com/1240372834788281/videos/975339637893879
220634478361516_1022968426528724,2025-01-24,22:37,Video,168967,100961,222057.4,2600,70,88,https://www.facebook.com/1240372834788281/videos/488266420641477
220634478361516_1022915509867349,2025-01-24,21:05,Photo,118992,0,0,1022,51,31,https://www.facebook.com/1240372834788281/posts/1022915509867349
220634478361516_1022811743211059,2025-01-24,17:48,Status,104518,0,0,151,46,6,https://www.facebook.com/1240372834788281/posts/1022811743211059
220634478361516_1022694679889432,2025-01-24,14:38,Photo,74525,0,0,196,32,11,https://www.facebook.com/1240372834788281/posts/1022694679889432
220634478361516_1022591679899732,2025-01-24,11:05,Video,13571,5115,4179.4,135,17,14,https://www.facebook.com/1240372834788281/videos/1769175347261564
220634478361516_1022500096575557,2025-01-24,07:31,Video,72060,42200,49763.5,1654,93,142,https://www.facebook.com/1240372834788281/videos/953993896309477
220634478361516_1022268263265407,2025-01-23,22:51,Photo,63811,0,0,69,13,4,https://www.facebook.com/1240372834788281/posts/1022268263265407
220634478361516_1022169916608575,2025-01-23,19:20,Photo,163501,0,0,1031,57,37,https://www.facebook.com/1240372834788281/posts/1022169916608575
220634478361516_1022058796619687,2025-01-23,16:11,Photo,104775,0,0,375,316,16,https://www.facebook.com/1240372834788281/posts/1022058796619687
220634478361516_1022041099954790,2025-01-23,15:44,Photo,140256,0,0,2356,92,33,https://www.facebook.com/1240372834788281/posts/1022041099954790
220634478361516_1022023479956552,2025-01-23,15:17,Video,11305,5555,4560.2,72,6,7,https://www.facebook.com/1240372834788281/videos/1703021063927928
220634478361516_1022010246624542,2025-01-23,14:56,Video,155334,87921,174606.0,1976,31,57,https://www.facebook.com/1240372834788281/videos/1523525048311580
220634478361516_1021992359959664,2025-01-23,14:21,Photo,189604,0,0,383,158,11,https://www.facebook.com/1240372834788281/posts/1021992359959664
220634478361516_1021970563295177,2025-01-23,13:39,Photo,156771,0,0,1949,121,85,https://www.facebook.com/1240372834788281/posts/1021970563295177
220634478361516_1021951833297050,2025-01-23,13:01,Video,45425,17698,9917.0,528,24,26,https://www.facebook.com/1240372834788281/videos/1145092677144784
220634478361516_1021870073305226,2025-01-23,10:00,Video,90387,45749,34005.6,1237,67,28,https://www.facebook.com/1240372834788281/videos/537168629351671
220634478361516_1021833353308898,2025-01-23,08:28,Photo,58570,0,0,416,28,11,https://www.facebook.com/1240372834788281/posts/1021833353308898
220634478361516_1021808459978054,2025-01-23,07:31,Video,33441,18327,12482.7,142,18,7,https://www.facebook.com/1240372834788281/videos/4020108134900681
220634478361516_1021577133334520,2025-01-22,23:54,Photo,246192,0,0,3427,216,22,https://www.facebook.com/1240372834788281/posts/1021577133334520
220634478361516_1021535563338677,2025-01-22,22:12,Photo,165283,0,0,399,75,16,https://www.facebook.com/1240372834788281/posts/1021535563338677
220634478361516_1021487970010103,2025-01-22,20:34,Video,328264,186452,341967.4,2502,298,339,https://www.facebook.com/1240372834788281/videos/1257234518684811
220634478361516_1021422656683301,2025-01-22,18:26,Photo,274781,0,0,769,259,21,https://www.facebook.com/1240372834788281/posts/1021422656683301
220634478361516_1021358826689684,2025-01-22,16:36,Photo,73994,0,0,92,108,7,https://www.facebook.com/1240372834788281/posts/1021358826689684
220634478361516_1021284613363772,2025-01-22,14:41,Photo,62706,0,0,304,153,17,https://www.facebook.com/1240372834788281/posts/1021284613363772
220634478361516_1021153233376910,2025-01-22,10:00,Video,14342,6391,9060.9,177,21,15,https://www.facebook.com/1240372834788281/videos/1309073666962658
220634478361516_1021120090046891,2025-01-22,08:38,Photo,174192,0,0,2478,180,62,https://www.facebook.com/1240372834788281/posts/1021120090046891
220634478361516_1021093130049587,2025-01-22,07:30,Video,16655,8216,6326.8,182,20,14,https://www.facebook.com/1240372834788281/videos/612947647952768
220634478361516_1020962883395945,2025-01-22,03:08,Photo,102145,0,0,231,33,6,https://www.facebook.com/1240372834788281/posts/1020962883395945
220634478361516_1020959696729597,2025-01-22,03:01,Photo,56761,0,0,252,8,6,https://www.facebook.com/1240372834788281/posts/1020959696729597
220634478361516_1020853290073571,2025-01-21,22:49,Photo,705668,0,0,3912,1094,304,https://www.facebook.com/1240372834788281/posts/1020853290073571
220634478361516_1020815566744010,2025-01-21,21:31,Photo,242078,0,0,1341,223,77,https://www.facebook.com/1240372834788281/posts/1020815566744010
220634478361516_1020756316749935,2025-01-21,19:28,Photo,102686,0,0,754,329,23,https://www.facebook.com/1240372834788281/posts/1020756316749935
220634478361516_1020715630087337,2025-01-21,18:14,Photo,151086,0,0,2172,345,59,https://www.facebook.com/1240372834788281/posts/1020715630087337
220634478361516_1020620290096871,2025-01-21,15:34,Photo,84306,0,0,311,207,14,https://www.facebook.com/1240372834788281/posts/1020620290096871
220634478361516_1020606110098289,2025-01-21,15:10,Photo,209016,0,0,2257,967,89,https://www.facebook.com/1240372834788281/posts/1020606110098289
220634478361516_1020550013437232,2025-01-21,13:27,Photo,66773,0,0,268,49,12,https://www.facebook.com/1240372834788281/posts/1020550013437232
220634478361516_1020528306772736,2025-01-21,12:42,Photo,269158,0,0,10000,217,116,https://www.facebook.com/1240372834788281/posts/1020528306772736
220634478361516_1020507440108156,2025-01-21,12:00,Video,152911,83357,91873.9,1492,41,44,https://www.facebook.com/1240372834788281/videos/540027189053374
220634478361516_1020452936780273,2025-01-21,10:00,Video,36054,20652,22140.5,543,30,50,https://www.facebook.com/1240372834788281/videos/629839366216931
220634478361516_1020446073447626,2025-01-21,09:44,Photo,264732,0,0,755,371,44,https://www.facebook.com/1240372834788281/posts/1020446073447626
220634478361516_1020437070115193,2025-01-21,09:22,Photo,27086,0,0,22,8,4,https://www.facebook.com/1240372834788281/posts/1020437070115193
220634478361516_1020421933450040,2025-01-21,08:42,Photo,62837,0,0,471,37,14,https://www.facebook.com/1240372834788281/posts/1020421933450040
220634478361516_1020392000119700,2025-01-21,07:30,Video,27745,14684,17297.1,414,14,13,https://www.facebook.com/1240372834788281/videos/1630727424192041
220634478361516_1020187896806777,2025-01-20,23:30,Photo,53320,0,0,89,27,5,https://www.facebook.com/1240372834788281/posts/1020187896806777
220634478361516_1020161033476130,2025-01-20,22:35,Photo,134815,0,0,267,62,10,https://www.facebook.com/1240372834788281/posts/1020161033476130
220634478361516_1020121590146741,2025-01-20,21:11,Video,33690,18034,15179.2,811,58,34,https://www.facebook.com/1240372834788281/videos/1193227335704519
220634478361516_1020103256815241,2025-01-20,20:32,Photo,163750,0,0,353,71,11,https://www.facebook.com/1240372834788281/posts/1020103256815241
220634478361516_1020075756817991,2025-01-20,19:37,Photo,157970,0,0,1267,276,16,https://www.facebook.com/1240372834788281/posts/1020075756817991
220634478361516_1020068783485355,2025-01-20,19:24,Photo,36747,0,0,212,35,9,https://www.facebook.com/1240372834788281/posts/1020068783485355
220634478361516_1020066213485612,2025-01-20,19:20,Photo,59339,0,0,188,107,7,https://www.facebook.com/1240372834788281/posts/1020066213485612
220634478361516_1020032816822285,2025-01-20,18:24,Video,738727,320771,237755.0,10000,733,1177,https://www.facebook.com/1240372834788281/videos/980930950760300
220634478361516_1019981490160751,2025-01-20,17:03,Photo,463494,0,0,7598,357,198,https://www.facebook.com/1240372834788281/posts/1019981490160751
220634478361516_1019901190168781,2025-01-20,14:49,Photo,903120,0,0,10000,3877,1164,https://www.facebook.com/1240372834788281/posts/1019901190168781
220634478361516_1019878883504345,2025-01-20,14:07,Photo,150025,0,0,1341,988,53,https://www.facebook.com/1240372834788281/posts/1019878883504345
220634478361516_1019822373509996,2025-01-20,12:14,Photo,145971,0,0,229,160,9,https://www.facebook.com/1240372834788281/posts/1019822373509996
220634478361516_1019803786845188,2025-01-20,11:34,Photo,159333,0,0,3524,150,40,https://www.facebook.com/1240372834788281/posts/1019803786845188
220634478361516_1019779163514317,2025-01-20,10:37,Photo,70946,0,0,994,133,22,https://www.facebook.com/1240372834788281/posts/1019779163514317
220634478361516_1019756693516564,2025-01-20,09:45,Photo,1005931,0,0,10000,1532,583,https://www.facebook.com/1240372834788281/posts/1019756693516564
220634478361516_1019698356855731,2025-01-20,07:30,Video,15823,7502,6445.9,86,47,11,https://www.facebook.com/1240372834788281/videos/3518595195100651
220634478361516_1019454746880092,2025-01-19,22:03,Video,670914,319487,279647.7,18320,642,1420,https://www.facebook.com/1240372834788281/videos/1349879719378345
220634478361516_1019416020217298,2025-01-19,21:01,Photo,125880,0,0,1461,31,44,https://www.facebook.com/1240372834788281/posts/1019416020217298
220634478361516_1019398176885749,2025-01-19,20:37,Photo,232990,0,0,770,127,24,https://www.facebook.com/1240372834788281/posts/1019398176885749
220634478361516_1019387673553466,2025-01-19,20:22,Photo,624854,0,0,10000,529,677,https://www.facebook.com/1240372834788281/posts/1019387673553466
220634478361516_1019380886887478,2025-01-19,20:12,Video,128869,65135,27241.5,3146,84,323,https://www.facebook.com/1240372834788281/videos/492667407192689
220634478361516_1019359083556325,2025-01-19,19:43,Video,72494,33527,16651.1,1085,39,49,https://www.facebook.com/1240372834788281/videos/8788051867988358
220634478361516_1019355923556641,2025-01-19,19:39,Photo,151490,0,0,1346,122,36,https://www.facebook.com/1240372834788281/posts/1019355923556641
220634478361516_1019336506891916,2025-01-19,19:16,Photo,248276,0,0,4164,117,97,https://www.facebook.com/1240372834788281/posts/1019336506891916
220634478361516_1019291323563101,2025-01-19,18:23,Photo,154085,0,0,3197,41,125,https://www.facebook.com/1240372834788281/posts/1019291323563101
220634478361516_1019274886898078,2025-01-19,18:03,Photo,158354,0,0,800,76,46,https://www.facebook.com/1240372834788281/posts/1019274886898078
220634478361516_1019259073566326,2025-01-19,17:43,Photo,58460,0,0,718,42,49,https://www.facebook.com/1240372834788281/posts/1019259073566326
220634478361516_1019229443569289,2025-01-19,17:11,Photo,116446,0,0,595,49,23,https://www.facebook.com/1240372834788281/posts/1019229443569289
220634478361516_1019216650237235,2025-01-19,16:57,Photo,307617,0,0,688,152,23,https://www.facebook.com/1240372834788281/posts/1019216650237235
220634478361516_1019199660238934,2025-01-19,16:35,Photo,237278,0,0,7148,177,295,https://www.facebook.com/1240372834788281/posts/1019199660238934
220634478361516_1019192906906276,2025-01-19,16:26,Status,108002,0,0,449,21,7,https://www.facebook.com/1240372834788281/posts/1019192906906276
220634478361516_1019178563574377,2025-01-19,16:06,Photo,62156,0,0,428,25,9,https://www.facebook.com/1240372834788281/posts/1019178563574377
220634478361516_1019160463576187,2025-01-19,15:38,Status,82491,0,0,310,26,9,https://www.facebook.com/1240372834788281/posts/1019160463576187
220634478361516_1019105710248329,2025-01-19,14:04,Photo,260672,0,0,2324,1400,88,https://www.facebook.com/1240372834788281/posts/1019105710248329
220634478361516_1019074320251468,2025-01-19,13:03,Video,62866,34999,22445.6,1095,44,54,https://www.facebook.com/1240372834788281/videos/541155038931963
220634478361516_1019056086919958,2025-01-19,12:25,Photo,135762,0,0,1295,78,43,https://www.facebook.com/1240372834788281/posts/1019056086919958
220634478361516_1019023100256590,2025-01-19,11:14,Photo,60294,0,0,784,76,16,https://www.facebook.com/1240372834788281/posts/1019023100256590
220634478361516_1018991290259771,2025-01-19,10:14,Photo,187021,0,0,2651,1541,63,https://www.facebook.com/1240372834788281/posts/1018991290259771
220634478361516_1018931740265726,2025-01-19,08:05,Photo,109180,0,0,2138,159,60,https://www.facebook.com/1240372834788281/posts/1018931740265726
220634478361516_1018916483600585,2025-01-19,07:30,Video,57502,27977,31556.4,855,45,77,https://www.facebook.com/1240372834788281/videos/1120443049219064
220634478361516_1018653210293579,2025-01-18,21:33,Photo,96083,0,0,110,25,8,https://www.facebook.com/1240372834788281/posts/1018653210293579
220634478361516_1018499220308978,2025-01-18,16:56,Photo,332110,0,0,2106,284,96,https://www.facebook.com/1240372834788281/posts/1018499220308978
220634478361516_1018458336979733,2025-01-18,15:48,Photo,51501,0,0,119,22,17,https://www.facebook.com/1240372834788281/posts/1018458336979733
220634478361516_1018446946980872,2025-01-18,15:28,Photo,125349,0,0,2502,164,176,https://www.facebook.com/1240372834788281/posts/1018446946980872
220634478361516_1018344016991165,2025-01-18,12:00,Video,62413,29383,35723.9,525,71,54,https://www.facebook.com/1240372834788281/videos/481777441626102
220634478361516_1018324326993134,2025-01-18,11:16,Photo,69697,0,0,196,75,9,https://www.facebook.com/1240372834788281/posts/1018324326993134
220634478361516_1018303736995193,2025-01-18,10:30,Status,46262,0,0,109,27,7,https://www.facebook.com/1240372834788281/posts/1018303736995193
220634478361516_1018299790328921,2025-01-18,10:21,Status,113306,0,0,288,68,9,https://www.facebook.com/1240372834788281/posts/1018299790328921
220634478361516_1018290936996473,2025-01-18,10:00,Video,10905,5220,2427.5,71,6,8,https://www.facebook.com/1240372834788281/videos/1686868362251576
220634478361516_1018229717002595,2025-01-18,07:30,Video,14095,5927,11686.6,174,8,19,https://www.facebook.com/1240372834788281/videos/482609191529060
220634478361516_1018068370352063,2025-01-18,02:10,Photo,342568,0,0,1575,1078,242,https://www.facebook.com/1240372834788281/posts/1018068370352063
220634478361516_1018046723687561,2025-01-18,01:18,Photo,73172,0,0,161,32,9,https://www.facebook.com/1240372834788281/posts/1018046723687561
220634478361516_1017968623695371,2025-01-17,22:11,Video,13216,6991,4649.0,114,9,9,https://www.facebook.com/1240372834788281/videos/946381020799443
220634478361516_1017916607033906,2025-01-17,20:25,Video,14769,7332,3328.2,184,20,18,https://www.facebook.com/1240372834788281/videos/464721103173891
220634478361516_1017793407046226,2025-01-17,16:51,Photo,137181,0,0,572,159,21,https://www.facebook.com/1240372834788281/posts/1017793407046226
220634478361516_1017731343719099,2025-01-17,15:16,Photo,76507,0,0,204,87,13,https://www.facebook.com/1240372834788281/posts/1017731343719099
220634478361516_1017722387053328,2025-01-17,15:00,Video,63995,32483,29125.5,346,158,38,https://www.facebook.com/1240372834788281/videos/1027320315824332
220634478361516_1017628077062759,2025-01-17,12:00,Video,58049,32892,46846.2,787,15,54,https://www.facebook.com/1240372834788281/videos/1970579423436022
220634478361516_1017610630397837,2025-01-17,11:22,Photo,81442,0,0,496,15,72,https://www.facebook.com/1240372834788281/posts/1017610630397837
220634478361516_1017596227065944,2025-01-17,10:49,Photo,220001,0,0,1051,153,101,https://www.facebook.com/1240372834788281/posts/1017596227065944
220634478361516_1017574460401454,2025-01-17,10:00,Video,20973,10330,9876.3,194,12,16,https://www.facebook.com/1240372834788281/videos/617700240911463
220634478361516_1017568343735399,2025-01-17,09:47,Photo,117472,0,0,1297,463,34,https://www.facebook.com/1240372834788281/posts/1017568343735399
220634478361516_1017512430407657,2025-01-17,07:30,Video,87884,37962,55410.7,505,25,28,https://www.facebook.com/1240372834788281/videos/623749860235132
220634478361516_1017240840434816,2025-01-16,21:30,Photo,153206,0,0,912,1074,38,https://www.facebook.com/1240372834788281/posts/1017240840434816
220634478361516_1017224420436458,2025-01-16,20:58,Photo,69777,0,0,231,17,14,https://www.facebook.com/1240372834788281/posts/1017224420436458
220634478361516_1017219863770247,2025-01-16,20:47,Photo,70063,0,0,287,26,12,https://www.facebook.com/1240372834788281/posts/1017219863770247
220634478361516_1017156853776548,2025-01-16,18:45,Photo,35135,0,0,156,32,8,https://www.facebook.com/1240372834788281/posts/1017156853776548
220634478361516_1016957897129777,2025-01-16,13:26,Photo,75490,0,0,109,80,11,https://www.facebook.com/1240372834788281/posts/1016957897129777
220634478361516_1016920063800227,2025-01-16,12:13,Photo,173581,0,0,458,440,10,https://www.facebook.com/1240372834788281/posts/1016920063800227
220634478361516_1016881420470758,2025-01-16,10:56,Photo,34824,0,0,90,39,11,https://www.facebook.com/1240372834788281/posts/1016881420470758
220634478361516_1016570530501847,2025-01-16,00:13,Status,131614,0,0,486,46,6,https://www.facebook.com/1240372834788281/posts/1016570530501847
220634478361516_1016545703837663,2025-01-15,23:23,Video,14295,6928,4496.4,107,15,13,https://www.facebook.com/1240372834788281/videos/915248200762588
220634478361516_1016533553838878,2025-01-15,23:02,Video,150531,87976,37699.4,766,545,99,https://www.facebook.com/1240372834788281/videos/1338889530818214
220634478361516_1016512887174278,2025-01-15,22:15,Video,157866,86067,76227.6,2884,344,184,https://www.facebook.com/1240372834788281/videos/1281204986458163
220634478361516_1016497627175804,2025-01-15,21:39,Photo,53673,0,0,91,22,6,https://www.facebook.com/1240372834788281/posts/1016497627175804
220634478361516_1016476687177898,2025-01-15,20:50,Photo,40905,0,0,161,24,7,https://www.facebook.com/1240372834788281/posts/1016476687177898
220634478361516_1016464587179108,2025-01-15,20:25,Video,22482,11739,7624.9,127,59,11,https://www.facebook.com/1240372834788281/videos/616282520798271
220634478361516_1016456637179903,2025-01-15,20:12,Photo,40077,0,0,40,15,8,https://www.facebook.com/1240372834788281/posts/1016456637179903
220634478361516_1016414443850789,2025-01-15,18:49,Photo,35114,0,0,200,26,13,https://www.facebook.com/1240372834788281/posts/1016414443850789
220634478361516_1016336257191941,2025-01-15,16:34,Photo,104874,0,0,1001,74,89,https://www.facebook.com/1240372834788281/posts/1016336257191941
220634478361516_1016293723862861,2025-01-15,15:29,Photo,113538,0,0,461,532,25,https://www.facebook.com/1240372834788281/posts/1016293723862861
220634478361516_1016186253873608,2025-01-15,12:11,Photo,71022,0,0,242,30,9,https://www.facebook.com/1240372834788281/posts/1016186253873608
220634478361516_1016181067207460,2025-01-15,12:00,Video,23235,12124,9362.7,73,9,15,https://www.facebook.com/1240372834788281/videos/2060901374424292
220634478361516_1016128673879366,2025-01-15,10:00,Video,16314,7994,8951.2,158,12,14,https://www.facebook.com/1240372834788281/videos/629558322755073
220634478361516_1016068087218758,2025-01-15,07:30,Video,18870,9756,7060.7,215,79,29,https://www.facebook.com/1240372834788281/videos/1133707124858182
220634478361516_1015810053911228,2025-01-14,21:38,Photo,65778,0,0,192,157,7,https://www.facebook.com/1240372834788281/posts/1015810053911228
220634478361516_1015786550580245,2025-01-14,20:45,Video,38431,20671,28570.1,265,20,17,https://www.facebook.com/1240372834788281/videos/940281077828419
220634478361516_1015712167254350,2025-01-14,18:24,Video,18388,7759,11235.4,107,51,14,https://www.facebook.com/1240372834788281/videos/909250994729800
220634478361516_1015478157277751,2025-01-14,11:15,Photo,100055,0,0,147,101,9,https://www.facebook.com/1240372834788281/posts/1015478157277751
220634478361516_1015469980611902,2025-01-14,10:57,Photo,149085,0,0,940,841,105,https://www.facebook.com/1240372834788281/posts/1015469980611902
220634478361516_1015466810612219,2025-01-14,10:50,Photo,62268,0,0,220,72,8,https://www.facebook.com/1240372834788281/posts/1015466810612219
220634478361516_1015446493947584,2025-01-14,10:05,Photo,54158,0,0,84,15,11,https://www.facebook.com/1240372834788281/posts/1015446493947584
220634478361516_1015380430620857,2025-01-14,07:30,Video,24519,13932,6822.2,370,22,28,https://www.facebook.com/1240372834788281/videos/530778273327436
220634478361516_1015253443966889,2025-01-14,03:05,Status,56136,0,0,94,20,5,https://www.facebook.com/1240372834788281/posts/1015253443966889
220634478361516_1015123927313174,2025-01-13,22:17,Video,17150,8089,13916.1,219,70,43,https://www.facebook.com/1240372834788281/videos/1111872843776730
220634478361516_1015011097324457,2025-01-13,19:07,Photo,89606,0,0,1469,270,81,https://www.facebook.com/1240372834788281/posts/1015011097324457
220634478361516_1015000047325562,2025-01-13,18:47,Status,36223,0,0,57,7,4,https://www.facebook.com/1240372834788281/posts/1015000047325562
220634478361516_1014945363997697,2025-01-13,17:16,Photo,36766,0,0,237,58,12,https://www.facebook.com/1240372834788281/posts/1014945363997697
220634478361516_1014930020665898,2025-01-13,16:52,Photo,19844,0,0,57,19,8,https://www.facebook.com/1240372834788281/posts/1014930020665898
220634478361516_1014914770667423,2025-01-13,16:25,Photo,63302,0,0,117,79,7,https://www.facebook.com/1240372834788281/posts/1014914770667423
220634478361516_1014872234005010,2025-01-13,15:17,Photo,66859,0,0,133,66,10,https://www.facebook.com/1240372834788281/posts/1014872234005010
220634478361516_1014811777344389,2025-01-13,13:22,Photo,109044,0,0,179,53,23,https://www.facebook.com/1240372834788281/posts/1014811777344389
220634478361516_1014773257348241,2025-01-13,12:00,Video,12042,5197,5388.3,112,10,13,https://www.facebook.com/1240372834788281/videos/1150910993110305
220634478361516_1014719867353580,2025-01-13,10:00,Video,9008,3363,1645.1,54,9,13,https://www.facebook.com/1240372834788281/videos/9148796241843292
220634478361516_1014714484020785,2025-01-13,09:47,Photo,62533,0,0,230,80,15,https://www.facebook.com/1240372834788281/posts/1014714484020785
220634478361516_1014658134026420,2025-01-13,07:30,Video,273478,155633,125026.8,788,161,64,https://www.facebook.com/1240372834788281/videos/620704993739968
220634478361516_1014496727375894,2025-01-13,01:04,Status,23354,0,0,60,11,3,https://www.facebook.com/1240372834788281/posts/1014496727375894
220634478361516_1014419077383659,2025-01-12,22:00,Video,20678,10729,12319.7,125,11,10,https://www.facebook.com/1240372834788281/videos/922449586668712
220634478361516_1014314794060754,2025-01-12,19:05,Photo,51194,0,0,743,96,23,https://www.facebook.com/1240372834788281/posts/1014314794060754
220634478361516_1014269297398637,2025-01-12,18:00,Photo,27730,0,0,66,13,5,https://www.facebook.com/1240372834788281/posts/1014269297398637
220634478361516_1014253544066879,2025-01-12,17:36,Video,106656,38224,15963.5,731,345,267,https://www.facebook.com/1240372834788281/videos/1168661778207756
220634478361516_1014236084068625,2025-01-12,17:14,Video,80418,35417,47375.1,542,34,46,https://www.facebook.com/1240372834788281/videos/1277646346777621
220634478361516_1014213587404208,2025-01-12,16:44,Video,30480,14615,19850.9,382,38,26,https://www.facebook.com/1240372834788281/videos/1159684482400316
220634478361516_1014165937408973,2025-01-12,15:26,Photo,47373,0,0,170,98,6,https://www.facebook.com/1240372834788281/posts/1014165937408973
220634478361516_1014134370745463,2025-01-12,14:28,Photo,136463,0,0,262,137,24,https://www.facebook.com/1240372834788281/posts/1014134370745463
220634478361516_1014100614082172,2025-01-12,13:21,Photo,168327,0,0,346,174,17,https://www.facebook.com/1240372834788281/posts/1014100614082172
220634478361516_1014052567420310,2025-01-12,12:00,Video,9751,4305,4108.5,53,11,5,https://www.facebook.com/1240372834788281/videos/613299781442158
220634478361516_1014024527423114,2025-01-12,11:22,Video,30081,16895,11837.4,180,44,11,https://www.facebook.com/1240372834788281/videos/602694795834624
220634478361516_1013984947427072,2025-01-12,10:00,Video,14265,6512,5460.3,90,6,11,https://www.facebook.com/1240372834788281/videos/2301079840271608
220634478361516_1013920064100227,2025-01-12,07:30,Video,19632,8841,15979.2,153,35,11,https://www.facebook.com/1240372834788281/videos/926004186325935
220634478361516_1013734064118827,2025-01-12,00:24,Status,46824,0,0,117,28,3,https://www.facebook.com/1240372834788281/posts/1013734064118827
220634478361516_1013676790791221,2025-01-11,22:11,Video,391402,196381,377174.6,8558,549,391,https://www.facebook.com/1240372834788281/videos/1311500706660195
220634478361516_1013657157459851,2025-01-11,21:25,Photo,93000,0,0,1423,217,52,https://www.facebook.com/1240372834788281/posts/1013657157459851
220634478361516_1013551494137084,2025-01-11,18:00,Video,74895,38602,33522.6,624,21,50,https://www.facebook.com/1240372834788281/videos/1347378789598177
220634478361516_1013412330817667,2025-01-11,14:00,Video,56203,25871,37461.8,276,27,10,https://www.facebook.com/1240372834788281/videos/2028058280940864
220634478361516_1013352934156940,2025-01-11,12:00,Video,46195,23550,26917.0,631,39,33,https://www.facebook.com/1240372834788281/videos/630197599433848
220634478361516_1013298290829071,2025-01-11,10:00,Video,21488,10282,14650.9,432,37,52,https://www.facebook.com/1240372834788281/videos/1686741518621784
220634478361516_1013225854169648,2025-01-11,07:30,Video,16678,8402,14335.2,111,21,17,https://www.facebook.com/1240372834788281/videos/526453653747749
220634478361516_1012846677540899,2025-01-10,17:35,Photo,101157,0,0,313,290,14,https://www.facebook.com/1240372834788281/posts/1012846677540899
220634478361516_1012756894216544,2025-01-10,15:02,Photo,101889,0,0,685,112,17,https://www.facebook.com/1240372834788281/posts/1012756894216544
220634478361516_1012746944217539,2025-01-10,14:45,Photo,60404,0,0,237,24,11,https://www.facebook.com/1240372834788281/posts/1012746944217539
220634478361516_1012610240897876,2025-01-10,10:01,Video,41256,21081,40901.6,498,35,22,https://www.facebook.com/1240372834788281/videos/408813782240178
220634478361516_1012593914232842,2025-01-10,09:18,Photo,155053,0,0,1930,276,44,https://www.facebook.com/1240372834788281/posts/1012593914232842
220634478361516_1012287124263521,2025-01-09,21:31,Video,66068,32827,48476.5,356,70,36,https://www.facebook.com/1240372834788281/videos/1310662933292128
220634478361516_1012225784269655,2025-01-09,19:28,Photo,199885,0,0,1913,114,24,https://www.facebook.com/1240372834788281/posts/1012225784269655
220634478361516_1011976447627922,2025-01-09,12:00,Video,20922,7146,2744.7,99,10,10,https://www.facebook.com/1240372834788281/videos/559714030383279
220634478361516_1011976314294602,2025-01-09,12:00,Video,21972,10881,11930.1,165,21,14,https://www.facebook.com/1240372834788281/videos/616950824082446
220634478361516_1011921544300079,2025-01-09,09:56,Video,2090685,1257432,1242036.4,29726,2700,971,https://www.facebook.com/1240372834788281/videos/540197492404151
220634478361516_1011611600997740,2025-01-08,23:18,Photo,60856,0,0,997,134,40,https://www.facebook.com/1240372834788281/posts/1011611600997740
220634478361516_1011596827665884,2025-01-08,22:41,Photo,77858,0,0,374,60,11,https://www.facebook.com/1240372834788281/posts/1011596827665884
220634478361516_1011564981002402,2025-01-08,21:26,Photo,104003,0,0,1342,212,47,https://www.facebook.com/1240372834788281/posts/1011564981002402
220634478361516_1011555247670042,2025-01-08,21:06,Photo,142165,0,0,510,119,16,https://www.facebook.com/1240372834788281/posts/1011555247670042
220634478361516_1011456207679946,2025-01-08,18:05,Video,29639,15349,11304.6,308,23,21,https://www.facebook.com/1240372834788281/videos/619584680538184
220634478361516_1011438304348403,2025-01-08,17:34,Photo,167873,0,0,2156,323,106,https://www.facebook.com/1240372834788281/posts/1011438304348403
220634478361516_1011378544354379,2025-01-08,15:57,Photo,125484,0,0,187,185,8,https://www.facebook.com/1240372834788281/posts/1011378544354379
220634478361516_1011235064368727,2025-01-08,11:21,Photo,106748,0,0,416,61,9,https://www.facebook.com/1240372834788281/posts/1011235064368727
220634478361516_1011201654372068,2025-01-08,10:00,Video,12985,5613,4762.6,138,11,16,https://www.facebook.com/1240372834788281/videos/1732942057495083
220634478361516_1011177757707791,2025-01-08,09:04,Photo,254949,0,0,1777,159,275,https://www.facebook.com/1240372834788281/posts/1011177757707791
220634478361516_1011111251047775,2025-01-08,07:30,Video,171873,79702,71126.5,847,189,102,https://www.facebook.com/1240372834788281/videos/1122937866285595
220634478361516_1010829224409311,2025-01-07,21:06,Photo,84858,0,0,272,146,22,https://www.facebook.com/1240372834788281/posts/1010829224409311
220634478361516_1010823057743261,2025-01-07,20:51,Video,31362,12520,7709.2,60,31,20,https://www.facebook.com/1240372834788281/videos/1335751440779588
220634478361516_1010733401085560,2025-01-07,17:56,Photo,60648,0,0,469,323,18,https://www.facebook.com/1240372834788281/posts/1010733401085560
220634478361516_1010690941089806,2025-01-07,16:46,Video,22688,10644,7355.1,359,30,73,https://www.facebook.com/1240372834788281/videos/876779291034465
220634478361516_1010606597764907,2025-01-07,14:30,Photo,55841,0,0,941,141,25,https://www.facebook.com/1240372834788281/posts/1010606597764907
220634478361516_1010511801107720,2025-01-07,11:40,Photo,83228,0,0,283,118,10,https://www.facebook.com/1240372834788281/posts/1010511801107720
220634478361516_1010502271108673,2025-01-07,11:19,Video,441545,247424,202084.3,2990,1510,768,https://www.facebook.com/1240372834788281/videos/1059236409225668
220634478361516_1010476384444595,2025-01-07,10:19,Photo,90103,0,0,327,173,19,https://www.facebook.com/1240372834788281/posts/1010476384444595
220634478361516_1010468381112062,2025-01-07,10:01,Video,21172,10019,17531.3,370,30,47,https://www.facebook.com/1240372834788281/videos/1809883883102929
220634478361516_1010438241115076,2025-01-07,08:42,Photo,44742,0,0,581,68,11,https://www.facebook.com/1240372834788281/posts/1010438241115076
220634478361516_1010410547784512,2025-01-07,07:30,Video,59622,29553,21881.6,481,21,34,https://www.facebook.com/1240372834788281/videos/900595072248128
220634478361516_1010190317806535,2025-01-06,22:59,Photo,67724,0,0,1127,157,25,https://www.facebook.com/1240372834788281/posts/1010190317806535
220634478361516_1010018821157018,2025-01-06,17:06,Photo,85427,0,0,190,24,13,https://www.facebook.com/1240372834788281/posts/1010018821157018
220634478361516_1009957114496522,2025-01-06,15:24,Photo,105192,0,0,1653,237,74,https://www.facebook.com/1240372834788281/posts/1009957114496522
220634478361516_1009910471167853,2025-01-06,14:10,Photo,69702,0,0,820,102,19,https://www.facebook.com/1240372834788281/posts/1009910471167853
220634478361516_1009876061171294,2025-01-06,13:02,Photo,55537,0,0,153,31,8,https://www.facebook.com/1240372834788281/posts/1009876061171294
220634478361516_1009846311174269,2025-01-06,12:00,Video,58011,29422,19270.9,920,39,82,https://www.facebook.com/1240372834788281/videos/565594386463486
220634478361516_1009842984507935,2025-01-06,11:53,Photo,149287,0,0,513,76,22,https://www.facebook.com/1240372834788281/posts/1009842984507935
220634478361516_1009792784512955,2025-01-06,10:00,Video,437581,219150,677630.4,4378,454,295,https://www.facebook.com/1240372834788281/videos/3008450249310507
220634478361516_1009786734513560,2025-01-06,09:45,Photo,88432,0,0,514,71,27,https://www.facebook.com/1240372834788281/posts/1009786734513560
220634478361516_1009718261187074,2025-01-06,07:00,Video,20357,9024,7254.9,297,12,16,https://www.facebook.com/1240372834788281/videos/597089836364212
220634478361516_1009424931216407,2025-01-05,20:26,Photo,58703,0,0,89,48,6,https://www.facebook.com/1240372834788281/posts/1009424931216407
220634478361516_1009349141223986,2025-01-05,18:40,Photo,35646,0,0,55,12,7,https://www.facebook.com/1240372834788281/posts/1009349141223986
220634478361516_1009270051231895,2025-01-05,16:46,Photo,68856,0,0,67,39,5,https://www.facebook.com/1240372834788281/posts/1009270051231895
220634478361516_1009242061234694,2025-01-05,16:01,Video,92439,41099,72563.3,357,23,27,https://www.facebook.com/1240372834788281/videos/1140580544089104
220634478361516_1009203417905225,2025-01-05,14:54,Video,36247,20303,20092.2,377,27,26,https://www.facebook.com/1240372834788281/videos/565174179751911
220634478361516_1009201144572119,2025-01-05,14:50,Photo,127724,0,0,413,24,9,https://www.facebook.com/1240372834788281/posts/1009201144572119
220634478361516_1009192997906267,2025-01-05,14:36,Video,72427,37133,29913.1,489,67,37,https://www.facebook.com/1240372834788281/videos/1100228341415715
220634478361516_1009150267910540,2025-01-05,13:16,Photo,97221,0,0,234,42,60,https://www.facebook.com/1240372834788281/posts/1009150267910540
220634478361516_1009115164580717,2025-01-05,12:01,Video,12696,6341,3559.9,66,7,7,https://www.facebook.com/1240372834788281/videos/424151894111793
220634478361516_1009085094583724,2025-01-05,10:53,Photo,149997,0,0,347,210,22,https://www.facebook.com/1240372834788281/posts/1009085094583724
220634478361516_1009061501252750,2025-01-05,10:00,Video,22505,10513,14596.0,238,48,38,https://www.facebook.com/1240372834788281/videos/1397178731105270
220634478361516_1009044657921101,2025-01-05,09:19,Photo,95626,0,0,527,90,11,https://www.facebook.com/1240372834788281/posts/1009044657921101
220634478361516_1008998451259055,2025-01-05,07:30,Video,1095585,579949,1217904.2,16727,701,597,https://www.facebook.com/1240372834788281/videos/3118450501654438
220634478361516_1008821171276783,2025-01-05,00:27,Status,130981,0,0,332,98,5,https://www.facebook.com/1240372834788281/posts/1008821171276783
220634478361516_1008815654610668,2025-01-05,00:15,Photo,176670,0,0,789,173,32,https://www.facebook.com/1240372834788281/posts/1008815654610668
220634478361516_1008758894616344,2025-01-04,22:23,Photo,99234,0,0,104,7,9,https://www.facebook.com/1240372834788281/posts/1008758894616344
220634478361516_1008702941288606,2025-01-04,20:31,Photo,83640,0,0,42,5,3,https://www.facebook.com/1240372834788281/posts/1008702941288606
220634478361516_1008646951294205,2025-01-04,18:48,Photo,89100,0,0,156,53,6,https://www.facebook.com/1240372834788281/posts/1008646951294205
220634478361516_1008640257961541,2025-01-04,18:35,Photo,357687,0,0,2646,307,107,https://www.facebook.com/1240372834788281/posts/1008640257961541
220634478361516_1008553877970179,2025-01-04,16:10,Photo,98065,0,0,556,96,20,https://www.facebook.com/1240372834788281/posts/1008553877970179
220634478361516_1008525054639728,2025-01-04,15:21,Photo,49626,0,0,183,39,7,https://www.facebook.com/1240372834788281/posts/1008525054639728
220634478361516_1008513707974196,2025-01-04,15:01,Video,13860,6998,6926.3,40,7,9,https://www.facebook.com/1240372834788281/videos/589764504006630
220634478361516_1008421521316748,2025-01-04,12:01,Video,25323,12017,16622.1,265,20,17,https://www.facebook.com/1240372834788281/videos/2928662167285216
220634478361516_1008389647986602,2025-01-04,10:50,Video,71072,34029,52611.7,687,719,102,https://www.facebook.com/1240372834788281/videos/1121176759398453
220634478361516_1008066564685577,2025-01-03,22:05,Video,44415,21953,22780.5,277,167,24,https://www.facebook.com/1240372834788281/videos/974187864558314
220634478361516_1007920234700210,2025-01-03,17:29,Video,33158,13522,7065.8,84,11,15,https://www.facebook.com/1240372834788281/videos/603918852016788
220634478361516_1007833268042240,2025-01-03,15:01,Video,51661,28180,27917.5,349,41,26,https://www.facebook.com/1240372834788281/videos/974478121162083
220634478361516_1007777518047815,2025-01-03,13:12,Video,22368,8867,4036.7,251,17,36,https://www.facebook.com/1240372834788281/videos/979310034074518
220634478361516_1007745174717716,2025-01-03,12:00,Video,49293,21829,15533.6,167,44,16,https://www.facebook.com/1240372834788281/videos/605469278534230
220634478361516_1007694004722833,2025-01-03,10:00,Video,51728,27398,45792.8,354,61,29,https://www.facebook.com/1240372834788281/videos/588721500558537
220634478361516_1007634758062091,2025-01-03,07:30,Video,118245,57423,75916.4,707,50,33,https://www.facebook.com/1240372834788281/videos/2078613409225940
220634478361516_1007557204736513,2025-01-03,04:41,Status,73766,0,0,135,29,2,https://www.facebook.com/1240372834788281/posts/1007557204736513
220634478361516_1007128564779377,2025-01-02,13:48,Video,34039,17279,28912.3,278,59,26,https://www.facebook.com/1240372834788281/videos/610679651493994
220634478361516_1007122774779956,2025-01-02,13:36,Photo,30794,0,0,252,38,17,https://www.facebook.com/1240372834788281/posts/1007122774779956
220634478361516_1007084011450499,2025-01-02,12:14,Photo,55952,0,0,181,63,9,https://www.facebook.com/1240372834788281/posts/1007084011450499
220634478361516_1007069011451999,2025-01-02,11:43,Photo,167092,0,0,234,426,14,https://www.facebook.com/1240372834788281/posts/1007069011451999
220634478361516_1007027438122823,2025-01-02,10:03,Photo,31074,0,0,60,9,3,https://www.facebook.com/1240372834788281/posts/1007027438122823
220634478361516_1007026224789611,2025-01-02,10:00,Video,22319,10607,16196.2,135,33,19,https://www.facebook.com/1240372834788281/videos/1811750886320125
220634478361516_1006965348129032,2025-01-02,07:30,Video,9989,4319,2371.4,163,8,21,https://www.facebook.com/1240372834788281/videos/448631028305636
220634478361516_1006690344823199,2025-01-01,20:49,Photo,127150,0,0,856,493,23,https://www.facebook.com/1240372834788281/posts/1006690344823199
220634478361516_1006686984823535,2025-01-01,20:41,Photo,156517,0,0,170,104,10,https://www.facebook.com/1240372834788281/posts/1006686984823535
220634478361516_1006606301498270,2025-01-01,18:12,Photo,260855,0,0,1618,611,37,https://www.facebook.com/1240372834788281/posts/1006606301498270
220634478361516_1006497818175785,2025-01-01,14:59,Photo,72660,0,0,415,23,19,https://www.facebook.com/1240372834788281/posts/1006497818175785
220634478361516_1006467951512105,2025-01-01,14:03,Photo,308045,0,0,2749,610,115,https://www.facebook.com/1240372834788281/posts/1006467951512105
220634478361516_1006334968192070,2025-01-01,10:00,Video,40791,16413,6054.1,100,3,14,https://www.facebook.com/1240372834788281/videos/512403664530954
220634478361516_1006256461533254,2025-01-01,07:31,Video,50446,26200,52601.3,432,47,57,https://www.facebook.com/1240372834788281/videos/1131068531800190
