video_id,date,type,title,duration_sec,views,likes,comments,shares,whatsapp_shares,saves
7671249369584127239,2026-08-07,Video,"מה באמת קורה במחנות הצופים? עדויות קשות על אלימות, השפלות והטרדות שמסתתרות מאחורי ה""מסורות"" בתנועה. @liran_kogahinoff מתנועת הצופים נמסר בתגובה: ""תנועת הצופים היא תנועת הנוער הגדולה בישראל ובה פעילים ופעילות כמאה אלף בני ובנות נוער. עם אתגרי השעה, הוציאה התנועה בקיץ למחנות עשרות אלפי חניכים וחניכות שבחרו לצאת לטבע, להתנדב ולהוביל למען הקהילה ולמען החברה הישראלית. בשנים האחרונות חווים בני הנוער חוסר וודאות ובדידות והבחירה שלהם לפעול יחד, לקדם ערכים קבוצתיים, ערכי אהבת האדם, אהבת הארץ ועוד אינה מו",233,664427,33562,994,14222,2643,3375
7669525587341495572,2026-08-02,Video,מה עומד מאחורי ההיעלמות המסתורית של הקוטג'? (יובל אגסי),58,406813,16560,307,1627,319,573
7669926929545350420,2026-08-03,Video,חכו עד שתראו איך החדר שלהם במלון נראה 😵‍💫 @itsikzuarets,300,1946375,95351,4501,57002,15885,9575
7672765863363120392,2026-08-11,Video,"שלושה שבועות לפני 1 בספטמבר, ויש הורים שעדיין לא יודעים לאן ישלחו את הילדים - בגלל מצוקת כוח האדם במעונות  @liran_kogahinoff",65,4990,94,4,2,1,4
7672726516576308500,2026-08-11,Video,בקרוב נפסיק עם הזריקות? (נוב ראובני),635,19252,335,6,78,36,49
7672725997736693012,2026-08-11,Video,מ-8 שקלים אצל החקלאי ועד 60 לצרכן: למה הענבים כל כך יקרים? @amsterdamski2,692,11782,263,14,19,11,14
7672658094593281300,2026-08-11,Video,"""האידיוט הזה נפל על גולנצ'יק"": עימות מצולם בין יוסף חדאד ובין המשפיען האמריקני דניס פייטוזה, הידוע כ-Def Noodles, התפתח לעימות פיזי במגרש החניה. בתיעוד ניתן לראות את פייטוזה ת1קף את חדאד, שמגיב ומכה בו בחזרה. חדאד העלה בעצמו את תיעוד האירוע לרשתות החברתיות שלו וכתב: ""ניאו-נא3י תקף אותי אחרי עימות מצולם בארה""ב. אבל האידיוט הזה נפל על גולנצ'יק"" @ramelibrandts 📸: שימוש לפי סעיף 27א' לחוק זכויות יוצרים",83,350463,11340,579,806,197,635
7672484418333740295,2026-08-11,Video,יש הורים שעדיין לא יודעים איפה יהיו הילדים שלהם ב-1 בספטמבר  @liran_kog,256,46099,1663,151,307,120,119
7672484796412529927,2026-08-10,Video,העיתונאי הרוסי שנחת בארץ - ונעלם (איתמר וישנקו),126,35889,1278,46,135,27,111
7672482889757445384,2026-08-10,Video,טראמפ ניסה לעקוץ את טיילור והיא לא נשארה חייבת @doritassarafmizra,273,26570,1756,40,73,10,75
7672482272695667975,2026-08-10,Video,מ%ות במקום החלקה על הקרח: הק%^ה באייסמול אילת @itsikzuarets,166,531825,27809,430,6744,638,2199
7672481989496147218,2026-08-10,Video,תודה לסינים: מחירי הרכב בארץ צונחים  @Ofir.halperin,289,68109,1357,91,185,76,129
7672481683744066824,2026-08-10,Video,האם המפלגות הקטנות יכריעו את הבחירות? (שחר גליק),356,16602,366,28,5,2,26
7672483836185595154,2026-08-10,Video,אופק אנדק חשוד בת@פת בת זוגו  @annapines_,187,282271,19689,385,2223,184,1269
7672480811144285448,2026-08-10,Video,כך תרוויחו מאות שקלים בשנה - בלי לצאת מהבית @ittaishickman2,235,11567,245,12,30,11,42
7672473729900760328,2026-08-10,Video,גאווה ישראלית: הכדורגלן מנור סולומון מוצג במדי קבוצת ווסטהאם יונייטד הבריטית  (ליאן וילדאו) 📸: West Ham United,34,35166,2204,36,50,8,58
7672407124105760018,2026-08-10,Video,רעידת אדמה בעוצמה 7.4 בסולם ריכטר הורגשה בקולומביה (רם ברנדס),18,36598,518,17,56,15,24
7672393873385082120,2026-08-10,Video,"קולומביה: רעידת אדמה 7.4 בסולם ריכטר הורגשה במדינה, כך זה נראה באולפן הרדיו של תחנת Blu Radio (רם ברנדס)",19,29355,364,12,16,5,11
7672385617296149768,2026-08-10,Video,המשטרה בצ'כיה מבקשת את עזרת הציבור בזיהוי האיש שניפץ את המראה (יחזקאל קורנברג) 📸: televize spolu,31,1494803,37663,1150,5046,200,1675
7672365092112960788,2026-08-10,Video,"מפקד ביהל""ם על חילוץ ששת החטופים שנרצח!: ""אחד הרגעים הקשים שהיו לי""  (חן ביאר)",46,10469,411,15,7,4,16
7672356792080436498,2026-08-10,Photo,"גם כבל ב-430 מיליון ליש""ט לא עבר את דובי 🧦 מעריצי ""הארי פוטר"" הצליחו לשנות את המסלול המתוכנן של כבל חשמל תת-ימי בין בריטניה לאירלנד, כדי שלא יעבור באתר ההנצחה לדמות האהובה (איתמר מרגלית) צילום: BBC, Alamy/Warner Bros",0,46656,1320,30,86,13,73
7672293642228337940,2026-08-10,Video,העצה החשאית למדינה באזור: תלכו להסכם עם ישראל - לקראת מלחמה @roikais1987,51,92630,2911,448,216,91,164
7672125463493463297,2026-08-10,Video,הטיסה שהסתבכה - בגלל נוסע אחד @ofir.halperin,232,273598,12901,587,741,128,660
7672124903285394705,2026-08-09,Video,וגם יהיו המחירים כמו בחו״ל? @doritassarafmizra  #ספורה,265,169006,10687,208,1452,204,965
7672123738996985089,2026-08-09,Video,חומצה במקום חומר הרד_מה גרמה לצעירה להגיע לטיפול נמרץ (נוב ראובני),163,628664,32635,553,8556,1612,2771
7672071169427688724,2026-08-09,Video,"וילה, מרצדס ומיליונים במסעדות 💸 ראובן זכה ב-12.5 מיליון שקל, איבד הכול וחזר לעבוד בצבע @ifatglick1 (תמר אלמוג)",49,217345,7880,164,1512,368,450
7671753000796343560,2026-08-08,Video,"המועמד המוסלמי לסנאט במישיגן: ""לא רוצה שהמיסים שלי יממנו ר@ח עם"" (איילה חסון)",211,55531,1119,95,70,31,70
7671750218882321672,2026-08-08,Video,הפרופסור שיצא נגד חיזב@ללה ונאלץ להימלט מלבנון מדבר (רועי קייס),331,27657,599,12,34,8,33
7671749509927669000,2026-08-08,Video,"""התגעגעתי"": השף רפי כהן חוזר - אחרי הסתבכויות ושנים מתחת לרדאר (יעל צ'כנובר)",505,38252,737,46,72,34,83
7671749666387545352,2026-08-08,Video,"חברת פרלמנט מהאופוזיציה בקוסובו השליכה ביצים על ממלא מקום ראש הממשלה. ר""מ הודיע כי יידרש עוד זמן עד להצעת מועמד ליו""ר הפרלמנט, והיא בתגובה שלפה ביצים מהתיק וזרקה לעברו  (יחזקאל קורנברג) 📸: REUTERS / KOSOVO PARLIAMENT",13,43986,676,52,56,16,69
7671746116328738055,2026-08-08,Video,הזוג שעורר סערה כשירד מהארץ בריאיון מאיטליה (מואב ורדי),227,19242,228,99,20,6,15
7671733846257290504,2026-08-08,Video,"תיעוד לא שגרתי מרוסיה: שתי נוסעות שפספסו את העלייה למטוס לא ויתרו - וניסו לרדוף אחריו במסלול ההמראה. הניסיון לא צלח, ואיש צוות ליווה אותן החוצה  (דב גיל-הר)",63,74354,1815,17,170,25,51
7671674428236762375,2026-08-08,Video,"תלמיד הגיע למחנה הריכוז מאוטהאוזן שבאוסטריה כשהוא לובש חולצה עם דגל פלסטין עליה, יהודייה-אמריקאית שנכחה במקום לא נשארה חייבת (יחזקאל קורנברג)",36,56204,3156,73,114,9,100
7671666013175287047,2026-08-08,Video,המפלס של הנהר השני בגודלה באירופה יורד - וחושף ספינות של נ@צים (דב גיל-הר),51,43202,1320,6,91,27,100
7671641499456539911,2026-08-08,Video,מיה דגן הופתעה שהיא גרמה לאנשים לחזור לקרוא  @amitharari,24,9280,189,6,3,0,5
7671633606535564551,2026-08-08,Video,"אורן נהרי, שחלה בניוון שרירים, הגיש הבוקר את תוכניתו האחרונה ונפרד מהמאזינים ❤️‍🩹 (איתמר מאירי)",55,244652,29467,427,645,138,1013
7671609174077213970,2026-08-08,Photo,"EA נמכרה לקרן הסעודית, לקושנר ולסילבר לייק ב-55 מיליארד דולר 🎮 למה שחקני EA FC ו""הסימס"" מודאגים? (ספיר אברהמי)",0,8790,103,4,11,2,15
7671574628946660629,2026-08-08,Video,הבגד ים שעשה היסטוריה (סמדר ברנדיס),1363,195296,8697,105,336,23,734
7671564619969826068,2026-08-08,Video,סיון פניני סיפרה איך שני משולשים וחוט שינו את העולם  (סמדר ברנדיס),50,39227,1514,11,28,3,112
7671375999266835730,2026-08-07,Video,"כתב אישום הוגש נגד המעורבים בר@ח בניהו רזי ז""ל  (ורד פלמן)",235,443620,20145,463,1157,204,1430
7671350165088832776,2026-08-07,Video,"ניסים, אביה של שני לוק ז""ל שנר@חה בנובה: ""אנשי ליכוד בכירים אמרו לי שאני אשם בט@ח 7 באוקטובר"" (תמר אלמוג) @ifatglick1",56,23223,1293,177,54,19,38
7671325194690104584,2026-08-07,Video,אם השיטה עובדת - למה להפסיק? @itsikzuarets,227,305986,8781,321,1441,416,775
7671322042846809362,2026-08-07,Video,"פעיל הימין מרדכי דוד ניסה לצלם סרטון עם גדי איזנקוט - שהשיב לו: ""תשרת בצבא ותחזור אליי""",9,147491,7134,596,150,38,200
7671313248112610568,2026-08-07,Video,"אמא של אדווה ז""ל, שעברה חרם והת@בדה, תובעת את משרד החינוך, בית הספר והעירייה (שלי טפיירו)",65,195600,15600,497,525,83,703
7671277617638608148,2026-08-07,Video,עכשיו גם להקפיד על חלבון זה לא מספיק? (עופר חלפון),218,227984,6593,136,1080,365,1882
7671276072691977493,2026-08-07,Video,אנשים באמת קוראים או בעיקר מצלמים את הספרים שלהם? @amitharari,534,30769,2028,51,170,29,265
7671225107620171015,2026-08-07,Video,"""אין לי כיום למי להצביע"": אחרי שלוש שנות מלחמה, צעירי הציונות הדתית כבר לא בטוחים מי באמת מייצג אותם @amsterdamski_2",43,18453,908,31,6,0,13
7671019709424258325,2026-08-06,Video,מה קרה לאלדר דיין? @hadasgrinberg,203,496820,26637,563,1646,280,1351
7671010829709430037,2026-08-06,Video,מסוג הדברים שקורים באנטומיה של גריי: רעידת האדמה העוצמתית שהכתה במחוז קוממוטו שבדרום יפן בסוף חודש יולי תפסה רופאים באחד מבית החולים באזור במהלך ניתוח. סרטון ממצלמות האבטחה של בית החולים שהתפרסם היום מראה את הצוות הרפואי נאבק לשמור על המטופל ועל כלי הניתוח - שמיטלטלים בכל רחבי החדר (ישי בר יוסף),15,167629,4396,94,330,58,216
7670977086324083988,2026-08-06,Video,"שמעון, אביו של רס""ם במיל' תמיר וקנין ז""ל, נפרד ממנו בדמעות: ""הרגשתי שמשהו רע קורה, בכיתי מגעגועים באוטו לבד""",24,44565,4671,400,64,12,87
7670960231454674197,2026-08-06,Video,"""לא רוצה להגיד 'קדיש' על הבן שלי החמוד"": אביו של רס""ם במיל' תמיר וקנין נפרד מבנו, שמובא למנוחות עולמים",11,130948,11521,603,129,26,200
7670925971297553685,2026-08-06,Video,"מצמרר: רס""ן במיל' הראל בירנשטוק ז""ל נפרד מלוחמיו - בהם רס""ם במיל' תמיר וקנין ז""ל - ביציאה מח'אן יונס ב-2024. השניים נ@לו אתמול בלבנון 💔 @roysharon11 📸: צביקי גולדברג",21,48868,3501,205,41,18,69
7670914624652463368,2026-08-06,Video,"קול אחד בלבד, זה כל מה שהפריד בין מחנה איראן למחנה קטר. כך נראית הצמרת החדשה של חמאס, והכיוון שאליו היא עשויה לקחת את הארגון @elior_levy #שובר_חומות",385,80172,1451,47,100,32,155
7670868078800030997,2026-08-06,Video,"אליה, אלמנתו של סר""ן במילואים הראל בירנשטוק שנפל בלבנון: ""אני צריכה שתשלח לי כוחות"" @yoavborowitz",34,23665,2221,166,22,8,43
7670867912852311317,2026-08-06,Video,"יונת, אמא של רס""ן הראל בירנשטוק שנפל בלבנון: ""אנחנו נקום ונתחזק, אבל עוד מעט. אני רוצה עוד קצת לבכות"" @yoavborowitz",31,17116,1688,91,22,4,23
7670842084475112725,2026-08-06,Video,"התופעה שמטרידה את שב""ס (אורלי אלקלעי)",170,191892,4874,80,734,188,562
7670828942646922516,2026-08-06,Video,רקטה של החברה בבעלות המיליארדר אילון מאסק כנראה התרסקה על הירח @ittaishickman2,213,36420,912,31,13,3,35
7670828584457555220,2026-08-06,Video,מישראל לסוואנה באפריקה (רובי המרשלג),412,30012,1240,25,270,34,76
7670657160308673812,2026-08-05,Video,למה אנחנו כל כך אוהבים סרטוני ניקיון? @yaelciec,500,23956,332,5,7,3,32
7670657161202027796,2026-08-05,Video,ביקור שבועי במספרה זה מוגזם? (עופר חלפון),362,659437,24481,614,5725,1700,2308
7670600538911804693,2026-08-05,Video,"""סיפרתי על החברים שלי מנובה, הם פשוט לא הגיבו"". סוול אריאל אור על האודישן ההוליוודי והמונולוג שמהדהד ברשת.  הריאיון המלא הלילה ב-22:30 ב""חדשות הלילה"" @sharondavidovitch",33,105663,10011,98,79,8,267
7670434645133069589,2026-08-05,Video,הקולקציה החדשה של יוניקלו @maylaurencelola,302,144136,4222,134,996,191,230
7670423491060976903,2026-08-05,Video,"עורך הדין ארבל פלדמן נ!רה למוות מטווח אפס בידי לקוח שלו, שנמלט - ובהמשך הסגיר את עצמו לידי המשטרה @hadasgrinberg",176,194105,4358,196,549,173,370
7670223065057414420,2026-08-04,Video,כמובן שנגמר כבר המלאי 🫠 @amitharari,146,412591,23038,516,6992,1356,2648
7670222464844205333,2026-08-04,Video,העלייה בעשרות אחוזים במספר היורדים מהארץ שגרמה למומחים לצלצל בכל הפעמונים @ofir.halperin,183,116413,3632,936,900,345,334
7670222610046700821,2026-08-04,Video,רק חסר השפם ו... אתם רואים את זה גם? (דב גיל-הר),174,34348,907,56,75,7,61
7670221914308218132,2026-08-04,Video,הדוגמנים הבאים של עולם האופנה בכלל יהיו מג׳ונרטים? @ittaishickman2,532,6547,104,3,4,0,6
7670161930467675412,2026-08-04,Video,שיתוף פעולה משפחתי: מצלמות האבטחה חושפות כיצד אלירן וסיוון בוחבוט השתמשו על פי החשד בילדיהם כדי לגנוב מחנויות ברחבי אילת ולצאת עם מוצרים בשווי של כמאה אלף ש״ח @itsikzuarets,25,638119,17880,821,3979,956,1233
7670116386298940693,2026-08-04,Video,"הר3ח בנחלאות: הוארך מעצרם של 4 הקטינים החשודים במעורבות ברצח בניהו רזי ובהם אביאור ששון, בשלושה ימים. משפחת רזי התפרצה לעבר סבתו של החשוד: ""עכבר שברח, רו3ח שפל"" (ורד פלמן)",29,237436,14783,264,297,48,572
7670059417953979668,2026-08-04,Video,"""למה לקחתם תינוק כבן ערובה?"" 👇 פירס מורגן התעמת בשידור עם ר'אזי חמד, מבכירי חמאס, והאשים את הארגון במעשי 7 באוקטובר. חמד מצדו הכחיש כי חמאס תכנן לטבוח ולחטוף אזרחים (עומר שחר)",33,93850,4667,167,93,19,206
7669922224614182164,2026-08-03,Video,"אחרי שאיבד את אשתו, ענר מצא דרך להפיג את הבדידות של המבוגרים והקשישים בשכונה ❤️‍🩹🥺 #גליקותמר תמר אלמוג @ifatglick1",62,49414,5338,113,359,72,162
7669922170918718741,2026-08-03,Video,"דן מאמסטרדם הגיע למצעד הגאווה בעיר עם דגל ישראל - אבל פרו-פלסטינים שהתאגדו במקום תק@ו אותו וחטפו ממנו את הדגל: ""רצתי ולקחתי אותו בחזרה, זה היה חזק ממני"" #גליקותמר תמר אלמוג @ifatglick1",74,82396,4071,77,82,14,132
7669781513289895189,2026-08-03,Video,"""עשויות מחומר שמשמש בתעשיית החלל"": ניתוח פורץ דרך החליף את כל עצמות בית החזה של צעירה ישראלית באיבר מודפס (נוב ראובני)",159,147752,7045,108,697,209,455
7669763097287986453,2026-08-03,Video,"כולם מדברים על החדירה של המהגרים לסאוטה - אבל מה אומרים האנשים שבשטח? @רועי קייס , איתמר וישנקו",53,27881,715,17,10,0,24
7669717388245404936,2026-08-03,Video,כבש פסגות: המטפס הנפאלי המפורסם נירמל פורג'ה נהרג במפולת שלגים (איתמר וישנקו),176,45639,1802,17,86,27,108
7669496377365318932,2026-08-03,Video,האמא שמכרה Oמים בכל הארץ - בזמן שהילדות שלה ברכב,246,247453,6322,207,1928,545,537
7669491348113804564,2026-08-02,Video,"הר!צח יצא מסמטה חשוכה, ופתח באש - היעד, עבריין מוכר, מת במקום וחברו נפצע והצליח להימלט @annapines_",118,270111,7026,64,941,256,645
7669462145263848725,2026-08-02,Video,"שמעון יזדי מוכר גלידה בחוף הים כבר כמעט חמישה עשורים, והוא לא זוכר שנה קשה כל כך במכירות כמו 2026 האם בקרוב מוכרי הגלידה ילכו לבלי שוב - כמו שתמיד הבטיחו? @ifatglick1 (תמר אלמוג)",41,277488,14383,107,2478,240,859
7669359578991086865,2026-08-02,Video,"למה חרדים לא רוצים לחיות במדינה עם רוב חרדי? המשפיענית והפעילה החרדית ציפי לביא מספרת מה היא שומעת מכל חרדי שהיא שואלת, ומסבירה למה ההתנהלות בבני ברק מעוררת חשש דווקא בחברה החרדית עצמה. 🎧 ""עד הקצה"" עם ‪קרן נויבך, הסכת האקטואליה החדש מבית כאן חדשות, זמין באתר וביישומון כאן ובכל יישומוני ההסכתים⁩",42,11279,342,22,6,2,13
7669149920141577492,2026-08-01,Video,50 אלף מרוקאים פלשו לטריטוריה ספרדית  (איתמר וישנקו),202,64925,1649,80,41,16,83
7669149676314053909,2026-08-01,Video,כוננות שיא לקראת ת@יפה באיראן (נתן גוטמן),172,43495,852,16,30,8,39
7669163842575846677,2026-08-01,Video,"העיתונאי המיתולוגי אורן נהרי, שח@ה בניוון שרירים: ""הייתי יכול להיות אחד הסבים הטובים בהיסטוריה""",23,128349,4743,195,143,84,162
7669148025096391956,2026-08-01,Video,מעדיפים מזגן או ים? 🥵 (אנה פינס),169,12259,364,7,13,4,20
7669149070786579732,2026-08-01,Video,אתם בעד או נגד ראש מפלגה קטנה בראשות הממשלה?  (איילה חסון),840,22502,751,33,40,10,35
7669147645062941972,2026-08-01,Video,אגו ואקסית של מיליארדר: האמת מאחורי השלטים על צביקה נווה (דניאל אלעזר),935,445954,13061,249,3952,1140,2326
7669095938081770773,2026-08-01,Video,זוג הפטריוטים שהחליט לעזוב את הארץ  (מואב ורדי),62,79222,2057,691,187,63,144
7669059007612521748,2026-08-01,Video,"""זו השליחות שלי"": דודי מזרחי קיבל דוח על עבירה שלטענתו לא ביצע. הוא לא הסכים לשלם את 200 השקלים - והגיע עם הערעור עד לבית המשפט העליון #חדשותהלילה @sharondavidovitch",56,79850,3026,136,83,23,111
7669020043362979090,2026-08-01,Video,"עשרות חרדים הפגינו בירושלים שבת חמישית ברציפות מול קפה ""בסימטה"" - עימותים אלימים בין שוטרים לבין מפגינים חרדים שניסו לפרוץ את המחסומים שהציבה המשטרה. עוד לפני שפרצו העימותים, בעל העסק, יואל בן דוד, אמר לכתבתנו כי השבת - בניגוד לשבתות קודמות - המשטרה נערכה למספר קטן יותר של מפגינים, ולכן למקום הגיע כוח שיטור מצומצם יותר. (ורד פלמן)",36,247357,5425,719,507,123,379
7668958034760158482,2026-08-01,Video,"4 שנים חלפו מאז נהרג כליל קמחי כתוצאה מבולען בבריכה, אך הצימר בו קרה האסון ממשיך לפעול - ובעליו עדיין לא נענשו. כעת פונה אימו ומבקשת: ""רוצים משפט צדק, בלי עסקאות טיעון הזויות"" #גליקותמר תמר אלמוג, @ifatglick1",81,46516,2565,70,71,23,85
7668805011702435093,2026-08-01,Video,"זה סיפור שיש בו אגו, זעם והרבה הרבה כסף: מה ומי עומדים מאחורי שלטי החוצות נגד צביקה נווה?  הכתבה המלאה של דניאל אלעזר - הערב בחדשות השבת",49,47500,1137,51,140,48,141
7668809904420900116,2026-07-31,Video,יצאנו לברר מה עומד מאחורי ההיעלמות המסתורית של הקוטג' (יובל אגסי),943,469081,20366,373,2152,491,1068
7668620269845548308,2026-07-31,Video,"קרוב ל-50 אלף אנשים פרצו לתוך המובלעת הספרדית הקטנה סאוטה שבשטח אפריקה, וזרם המהגרים לא עוצר - כך מדווחים כלי תקשורת מקומיים. בתיעוד שהפך לוויראלי, נראית משאית ש""פורקת"" עשרות אנשים באזור המובלעת, בחסות שוטר מרוקני שצופה מקרוב. בתיעודים נוספים נראים מאות אנשים פורצים דרך הים, חלק מהם בחליפות צלילה ואף מצוידים באופניים",41,140102,4350,150,506,90,231
7668425014559067412,2026-07-30,Video,מורמים על כתפיים: העצורים שהתפרעו בביתו של שופט בית המשפט העליון נועם סולברג בחודש שעבר התקבלו בתשואות בטקס המוני בירושלים @daniel.grovais 📷: DOOVIDE,20,34334,1131,207,86,22,56
7668411722771795220,2026-07-30,Video,למה עשרות לוחמי גבעתי עזבו את הבסיס? @roysharon11,229,229697,17586,252,638,120,789
7668411723161980180,2026-07-30,Video,איזה עוד שילוב מפתיע הייתם מנסים עם חומוס? (אלון שרביט),649,149788,2220,75,340,91,387
7668366607760084242,2026-07-30,Video,"⁨ ⁨ ⁨ ⁨ ⁨ ״מצב חירום ביטחוני והומניטרי״: אלפי מהגרים נכנסו היום אל תוך העיר סאוטה, מובלעת ספרדית המוקפת בטריטוריה מרוקנית בצפון אפריקה. בסרטונים שתיעדו את גלי המהגרים שחדרו פנימה, המהגרים הצליחו לעבור רגלית מסביב לגדרות שמקיפות את המובלעת, דרך הים, ונכנסו לתוכה ללא אישור רשמי. במובלעת קראו לסיוע של הצבא הספרדי כדי להתמודד עם כניסת המהגרים ההמונית. וזאת לאחר שמוקדם יותר השבוע כבר חצו את הגבול 1,500 מהגרים מרוקנים נוספים. אף על פי שהקהילה הבין-לאומית מכירה בסאוטה כטריטוריה של ספרד, מרוקו תובעת להח",41,452232,13587,470,1892,438,851
7668303895453568277,2026-07-30,Video,מישהו הזיז את הקוטג' של רותי ברודו? מחר ב-20:00 בחדשות שישי (יובל אגסי),27,70948,1795,13,52,8,55
7668299524716121352,2026-07-30,Video,"מרד בגבעתי: חיילים מחטיבת גבעתי המוצבים בבסיס שדה תימן פתחו היום במרד ועזבו את הבסיס, לאחר שמפקד הגדוד הורה להם להרוס את פינת הזיכרון של הגדוד. חייל מהבסיס מסר לכאן חדשות: ״מסיבה לא ברורה רס״ר המשמעת ניפץ את השלטים של הנופלים שי ארבס ועדי ליאון ועוד הרבה נופלים, אלה שלטים שאנחנו לוקחים איתנו לכל פעילות. זה היה ממש כואב והחלטנו ללכת״ מצה""ל נמסר: ""החיילים התבקשו להסיר שלטים הקשורים במסורת 'צעירות ותיקות' בגדוד, האירוע מתוחקר"" @itayblumental1 @roysharon11 @itsikzuarets",29,132847,6587,135,217,50,202
7668243062266678548,2026-07-30,Video,המלך של המוזיקה הלטינית?  @amitharari,264,19308,561,6,27,11,36
7668238472381041941,2026-07-30,Video,בלי אפליקציות או פלייליסט: מגלים מחדש את הקסם של הדיסקים @doritassarafmizra,267,51603,4773,148,486,48,398
7668050283703930133,2026-07-29,Video,איך תמנעו ממפגש עם נחש? 🐍 (נוב ראובני),203,404902,12298,222,3152,807,1098
7668046898334403860,2026-07-29,Video,"""החלטתי שאני אגשים את כל מה שאלמוג לא הספיק. הוא חי דרכי"" 💔 כמעט שנתיים חלפו מאז איבד יגאל את בנו אלמוג, שהיה בין ששת החטופים שנר3חו בעזה. עד היום הנורא הוא פעל בלי הפסקה כדי להשיב את בנו, והיום משימת חייו היא ההנצחה - אבל גם את החלום הזה הוא מנסה להגשים לבד, כמעט בלי עזרה. להתנדבות ותרומות למרכז הלימודי לזכרו של אלמוג חפשו ""אין טוב מלהיות טוב""  (אורן אהרוני)",87,46811,2869,109,26,4,92
7668014146650180884,2026-07-29,Video,"ללא חולצה בתחנת הדלק: זה התיעוד האחרון של אלדר דיין, רגע לפני שנעלם. במשטרה מעריכים כי דיין ירד למחתרת אחרי שנהג ברכב ללא רישיון נהיגה, פגע בחברו והביא לפ3יעתו באורח קל. גורם במשטרה אמר כי החוקרים קרובים למציאתו של הנעדר אלדר דיין: ""אנחנו סוגרים עליו, ייתכן שנגיע אליו ממש בקרוב"" @itsikzuarets",14,21379,396,7,23,7,19
7667952820246859028,2026-07-29,Video,הרס עצום ואפילו חשש קצר לצונאמי ביפן (איתמר וישנקו),187,18767,462,10,43,14,23
7667950751859166484,2026-07-29,Video,"טוויסט בחקירה: האם אלדר, שאתמול עוד חששו לחייו, הוא למעשה נמלט מהחוק? @itsikzuarets",175,349281,10573,159,460,122,619
7667952295925058836,2026-07-29,Video,משתבח עם הזמן? לא רק @rubihammerschlag,410,55857,1453,22,274,122,172
7667949598215900417,2026-07-29,Video,"בזמן שכולם מסתכלים על איראן, סעודיה מתקרבת בעצמה לגרעין בחסות ארה""ב. מה באמת רוצה בן סלמאן, והאם המזרח התיכון בדרך למרוץ חימוש חדש? @roikais1987 #בשכונה_שלנו",373,10010,317,6,7,0,23
7667945946705153300,2026-07-29,Video,?אושר עד יצליחו להביס את קוסקו,550,13450,339,8,11,2,23
7667909645641518356,2026-07-29,Video,"ח""כ מנסור עבאס, יו""ר רע""מ: ""אנחנו לא מתווכחים על האם יהיה שירות לאומי (לאזרחים ערבים), אלא על איזה שירות. צריך לחזק את המעמד במדינת ישראל, אי אפשר להשיג שוויון בלי לעשות דבר"" @yaara.shapira 📷: הכנס השנתי של רדיו א-שמס בנצרת",33,43968,1391,169,98,30,72
7667842289158343957,2026-07-29,Video,עוד חלום שמתגשם: ירין קניאס מגיש את חדשות הלילה בכאן 11 #חדשותהלילה @sharondavidovitch,43,627434,54497,857,7237,736,1951
7667842035432410389,2026-07-29,Video,"החייל ירין קניאס, שמתנדב כזמר בלהקת גדולים במדים, כובש את הרשת - ואת לבבות הגולשים  #חדשותהלילה @sharondavidovitch",66,495295,41040,602,6372,668,1595
7667828204358339860,2026-07-29,Video,"נתניהו לא חושש מממדאני, שרמז שידאג למעצרו כשיגיע לעצרת האו""ם בניו יורק (איתמר מרגלית) צילום: פוקס ניוז",29,92862,5136,197,114,21,178
7667671343927856405,2026-07-28,Video,"סיפורו של רג'פ טאיפ ארדואן, נשיא טורקיה שרואה בישראל אויב ומצהיר כי ""ירושלים היא העיר שלנו"". האם ישראל ניצבת מול אויב מסוג שלא הכירה? מתוך ""אויבים"", כאן 11",37,45200,1319,71,126,59,80
7667667531234020629,2026-07-28,Video,קיילי מפרסמת משקפיים טכנולוגיים - שמעוררים לא מעט ביקורת @maylaurencelola,260,87260,4319,54,220,23,265
7667586480315026708,2026-07-28,Video,"אימו של בניהו רזי ז""ל התבשרה בשידור חי על המעצר של אביאור ששון, החשוד המרכזי בר@ח בנה, שהצליח להימלט מהמשטרה עד כה הריאיון המלא - ב-#כאןבשש @lielkyzer1",29,196576,15237,163,263,33,519
7667542332983561493,2026-07-28,Video,"בתום מרדף ממושך: המשטרה עצרה את אביאור ששון, חשוד מרכזי בר@ח בניהו רזי ז""ל  (ורד פלמן) צילום: דווברות המשטרה",13,187249,9022,188,363,62,424
7667465290229370130,2026-07-28,Video,תפריט? לא אצלנו #שף #מסעדות #מסעדה  (עופר חלפון),417,22073,520,10,40,5,67
7667464863572086023,2026-07-28,Video,לאן הוא נעלם? @annapines_,158,249665,10590,261,580,155,517
7667448371874925842,2026-07-28,Video,"⁨ פעמיים תוך כשלושה שבועות: דלת הכניסה של מערכת חדשות 12 בתל אביב נופ3ה פעם נוספת על ידי אלמונים, בפעם השנייה החודש - כך דיווחו הבוקר בערוץ. ""אנחנו מזועזעים אבל לא מופתעים מהאלימות ששוב חוצה גבול מסוכן ולא בפעם הראשונה"", אמרו בערוץ לאחר האירוע. ""זה מגיע לאחר שכבר כמה פעמים רוססו כתובות גרפיטי המסיתות לאלימות נגד עיתונאינו"". עוד הוסיפו בחברת החדשות ואמרו כי ""ממשלת ישראל ושר התקשורת צריכים לחדול מהשתלחויות מסיתות וחסרות רסן בתקשורת החופשית, שמובילות גם למעשים חמורים. אנו לא נירתע גם לנוכח החקיקה, ",14,20948,489,114,5,1,22
7667299718753553672,2026-07-28,Video,הוא לא אמור להיות טוב בפוקר פייס? @itsikzuarets,167,125907,2887,20,429,153,216
7667305540015443218,2026-07-27,Video,הישראלים שמוכיחים שאפשר לגור ביחד בשכנות טובה (ערן זינגר),356,87344,2408,92,441,127,355
7667253988571532565,2026-07-27,Video,"התגעגעתם? נייג'ל האדמו""ר מתכנן קאמבק @mayarachlin #כאןבשש",44,105848,4917,75,423,122,290
7667253862444584212,2026-07-27,Video,"עמיר בניון: ""אני מרגיש אווירה של מלחמת אחים רק כשאני פותח את הטלוויזיה, לא בסביבה הקרובה שלי"" (איילה חסון)",49,32831,1553,65,16,5,54
7667202271762992405,2026-07-27,Video,"אלדר דיין, בן 23 מדימונה, נעדר כבר יותר משבוע. הוא נראה בפעם האחרונה ביום שישי 17 ביולי, כשישב עם חבריו בפארק הירקון. אימו שילת סיפרה כי קטטה התפתחה במקום בין חבורתו של אלדר לצעירים נוספים, שביקשו להצטרף לבילוי וסורבו. ההודעה האחרונה ששלח לבת זוגו (""שהפכה לבת הזוג לשעבר מאז"") הייתה: ""יש פה בלגן"", ומאז נעלמו עקבותיו  (תמר אלמוג) @ifatglick1 #גליקותמר",58,420379,20900,368,1277,267,809
7667186933164018965,2026-07-27,Video,הודיה ואור בוזגלו עומדים להפוך להורים - בצל יוקר המחיה @lielkyzer1,47,41172,1468,33,61,10,57
7667164792607722773,2026-07-27,Video,"""רצינו להתפרע"": בר אלמליח (הפשוטע) סיפר על יצירת הסדרה שלו - ""הפשוטע"" (שרון דוידוביץ')",24,15332,806,4,10,3,21
7667164462008356117,2026-07-27,Video,גדלתם על הילה הילה? שושה עושה קאמבק @doritassarafmizra,177,87825,4253,129,788,218,351
7667146182468046100,2026-07-27,Video,שנתיים אחרי: במג'דל שמס מתמודדים עם האובדן של 12 הילדים שנרצח! מפגיעת טיל במגרש הכדורגל ביישוב (ריאד עלי),34,32639,1635,73,21,0,67
7666932045158812949,2026-07-26,Video,שנתיים מאז הטיל שהRג 12 ילדים וילדות שרק רצו לשחק כדורגל 💔 (ריאד עלי),495,152075,10483,339,243,44,416
7666932052159221013,2026-07-26,Video,הכתובת הייתה על הקיר? בברלין המומים מהפיג!ע במצעד הגאווה (דב גיל הר),220,71730,2779,69,109,18,109
7666863880831798549,2026-07-26,Video,"אימו של רס""ן יובל עזרא, שנפל בפיגוע בשומרון ביום שישי, בהספד קורע לב לבנה: ""יושבת וכותבת לך, ולעולם כבר לא אקבל תשובה""",40,53937,5026,324,37,9,93
7666841608981204245,2026-07-26,Video,"""היו לי תחושות אשמה קשות מאוד, ניצלתי מחיים שמתנפצים לרסיסים"": יובל בן ה-4 והוריו מסכמים את החוויה המטלטלת שעברו בסוף השבוע @ifatglick1, תמר אלמוג",59,633991,40730,476,1654,298,1691
7666826277931748629,2026-07-26,Video,נתן לוי - לוחם MMA ישראלי ופטריוט גדול (אוריה אלקיים),30,35208,1744,15,11,2,37
7666732436167888149,2026-07-26,Video,מתאבק ה-MMA הישראלי שנלחם גם באנטישמיות (אוריה אלקיים),574,48992,2536,56,90,16,136
7666548157593095445,2026-07-25,Video,שרפות ענק בצרפת וספרד - מאות אלפי אנשים פונו מבתיהם (דב גיל-הר),182,53154,1693,91,149,64,99
7666545865863056660,2026-07-25,Video,הסיפור של השחקן הצרפתי-אלג'יראי שמשחק בפאודה @maylaurencelola,711,245704,13363,75,1275,153,1379
7666526572995726612,2026-07-25,Video,"""מצאנו את הילד, אני פה עם הסוס"": השיחה של נתנאל ביטון למשטרה אחרי שהוא ונועם שמחי מצאו את יובל קוגן בן ה-4 (איציק זוארץ)",20,246873,15764,117,255,45,718
7666526427461946645,2026-07-25,Video,"""איפה היית חמודי?"": השיחה של יובל קוגן בן ה-4 עם השוטרים לאחר שנמצא (אסף פוזיילוב)",13,850239,51094,794,1615,273,2390
7666443382704753940,2026-07-25,Video,רץ ברשת: אדם בתחפושת של ספיידרמן עזר לאיש בכיסא גלגלים לחצות כביש סואן  (איתמר מרגלית),7,54018,1362,33,71,4,34
7666384289491389717,2026-07-25,Video,קטעים נבחרים מהנאום של טראמפ בארוחת הערב השנתית של כתבי הבית הלבן 😳  📸: AP,72,44643,1564,60,327,86,102
7666215611747421460,2026-07-24,Video,הרגע ששימח מדינה שלמה ♥️ (אסף פוזיילוב),238,63366,2637,41,99,47,169
7666211597643468052,2026-07-24,Video,"""אני מרגיש שאני לא מצליח להגן על הילדים שלי"": דוד הדבוראי סובל מטר!ר חקלאי שהולך ומחמיר במשך חודשים ארוכים - ולא מצליח לקבל סיוע מהמדינה #גליקותמר @ifatglick1 ותמר אלמוג",71,27313,1125,101,39,18,28
7666090777084316948,2026-07-24,Video,מרגש: אמא של יובל בן ה-4 מתאחדת עם בנה אחרי יממה שבה היה נעדר (אורלי אלקלעי),13,93300,4374,105,317,127,180
7666090457486642453,2026-07-24,Video,"""יש ניסים בעולם"": נועם שמחי שאיתר את יובל כוגן בן הארבע מספר כיצד מצא אותו - ""בכלל טעיתי בדרכים עם הסוס"" @itsikzuarets",24,509919,37342,708,1233,340,1391
7666085555318492436,2026-07-24,Video,"מחכה לו עם ארטיק: אחרי יותר מיממה של חרדה וחוסר אונים, אמא של יובל קוגן בן ה-4 בשיחה ראשונה עם בנה אחרי שאותר @itsikzuarets",36,64830,3155,78,91,28,138
7666077828290645268,2026-07-24,Video,"יובל קוגן בן ה-4 שנעדר מאתמול אותר בחיים, בריא ושלם @איציק זוארץ Itsik Zuarets ",9,747327,52962,1509,3369,1047,2267
7666008021524417809,2026-07-24,Video,"כמעט 70% פחות זמן במסיבות, פחות מפגשים עם חברים ויותר שעות מול המסך. איך דור ה-Z הפך לבודד כל כך במציאות? #סיפור_עולמי (מיכל רשף)",414,334100,19527,633,3839,1017,2189
7666000708377890069,2026-07-24,Video,"אימו של יובל כוגן זועקת לעזרת הציבור: ""יש כאן שב""כ ומשטרה אבל זה לא מספיק, צריכה את כולם על הרגליים""  המשטרה ביקשה כי כל היודע דבר על מקום הימצאו או ברשותו מידע שעשוי לסייע באיתורו, מתבקש להתקשר מיד למוקד 100 של משטרת ישראל או לתחנת משטרת אשקלון. בטלפון: 08-6771440 @itsikzuarets",31,470400,26531,770,674,116,795
7665824284836760852,2026-07-24,Video,בזכות סרטון ליוטיוב: קבוצת צוללנים בצרפת מצאה פתרון לתעלומה של שנים שטמונה בנהר בצרפת  (דב גיל-הר),245,170349,7460,62,226,36,445
7665824994710113556,2026-07-23,Video,"התפתחות בחקירת רצח בניהו רזי: המשטרה עצרה שני חשודים נוספים בפרשה, ובמקביל, חשוד בו 17 נמלט מהזירה (ורד פלמן)",207,185987,7937,204,496,113,567
7665740183018474773,2026-07-23,Video,"חיים יבין ז""ל הפך ל""מר טלוויזיה"" ממש במקרה: ""לבשתי את הז'קט מהחתונה למהדורה הראשונה"" (דנה הרמן)",42,25402,475,20,21,11,31
7665725243092159765,2026-07-23,Video,הנוסע שנשאב מחלון המטוס וכמעט נהרג מדבר לראשונה (דב גיל-הר),208,164272,6130,58,679,82,420
7665724014089850133,2026-07-23,Video,"מגיש החדשות הראשון בישראל, חיים יבין, נפטר בגיל 93 (דנה הרמן)",494,21619,509,27,13,6,32
7665714659055422740,2026-07-23,Video,איראן שיגרה טילים לירדן ותושבים רבים שהגיעו לנופש באילת מצאו את עצמם בין הדי פיצוצים @itsikzuarets,193,50638,841,10,94,37,52
7665713036602314005,2026-07-23,Video,האם בכלל יתקיימו בחירות מקדימות בליכוד? @shahar_glick1,154,11223,163,19,2,2,5
7665712644770237717,2026-07-23,Video,בגלל מהפכת הבינה המלאכותית: גל פיטורים בהייטק הישראלי  @ittaishick,38,485756,23589,472,2460,590,1289
7665708513699613973,2026-07-23,Video,מי מנסה להתערב בבחירות הקרובות? @yaara.shapira,218,11693,377,12,7,2,20
7665453112836099348,2026-07-23,Video,"מה קורה בנתניה? אחרי גל התקיפות נגד נהגי אוטובוס בעיר, שוחחנו עם דני שנדקר בידי נער בן 13 @ifatglick1",361,174368,7625,299,918,190,591
7665450526632447252,2026-07-22,Video,מה שפחדנו ממנו הגיע? חברות הייטק מפטרים עובדים בגלל ה- AI @ittaishickman2,185,46935,1007,73,321,137,133
7665430455746923797,2026-07-22,Video,חזרנו למי שטוענים שפגשו חייזרים בישראל כדי לברר מדוע הם מצאו - ולמה מאז הם לא שבים? (אלון שרביט),81,472076,22681,578,3382,419,2062
7665394629889510676,2026-07-22,Video,"רה""מ נתניהו בהצהרה לרגל תשעה באב: ""אני יודע שבתקופת הבחירות יהיו ויכוחים שיקשו עלינו לראות את זה, אבל אנחנו הרבה יותר מאוחדים ממה שנדמה"" @yaara.shapira וגילי כהן 📷: רועי אברהם, ניר שרף / לע""מ",42,60491,4463,699,272,60,170
7665330645706624277,2026-07-22,Video,"ומה יקרה אם חמאס ינצח? אחרי 20 שנה אבו מאזן הכריז על בחירות, אבל כבר השאיר לעצמן דרך לבטל אותן @elior_levy #שובר_חומות",355,27671,724,15,20,5,48
7665327099678346517,2026-07-22,Video,Israeli mentalist correctly predicted the World Cup final score,50,70256,2040,72,71,29,72
7665246464628542741,2026-07-22,Video,הדילים של שבוע הזהב: כמה תעלה חופשה אחרי החופש הגדול ולפני ראש השנה? @Ofir.halperin,390,373827,17530,79,5864,1675,3380
7665244303299480852,2026-07-22,Video,ליל מנוחה וחלום: מופע האיחוד של הכבש השישה עשר יורד מהבמות @doritassarafmizra,243,14918,1291,19,102,22,69
7665244201793129748,2026-07-22,Video,טיפים לצום - על חשבון הציבור: קמפיין המשפיענים של משרד ראש הממשלה @amitharari,158,93416,3251,263,125,19,126
7665229152026430740,2026-07-22,Video,"""אם לא יהיה פה משהו טוב יותר ממה שהיה קודם, אז למוות שלו באמת אין שום משמעות"" ליאת אצילי, ששרדה את השבי ואיבדה את בעלה אביב ב-7 באוקטובר, מנסה לבנות מחדש את חייה, וגם את ניר עוז 🎧 ""עד הקצה"" עם קרן נויבך, הסכת האקטואליה החדש מבית כאן חדשות, זמין באתר וביישומון כאן ובכל יישומוני ההסכתים",37,6715,247,9,2,1,6
7665228221310356756,2026-07-22,Video,"""צריך אותנו עכשיו"": עוד ועוד נערות דתיות עושות הכול כדי להתגייס לקרבי  @nofar_moshe_ferdo",33,157522,15926,199,271,35,419
7665068534757657863,2026-07-22,Video,מסמך חדש באיטליה מבקש לסמן את העסקים שנותנים שירות לתיירים הישראלים (איתמר וישנקו),168,112063,5883,207,1463,492,481
7665068179810438407,2026-07-21,Video,חבורת היוטיוברים כובשת את הקולנוע @liran_kogahinoff,203,70021,2714,67,163,44,186
7665047850262367508,2026-07-21,Video,"שורד השבי עמרי מירן: ""רואים את סדרי העדיפויות של ההנהגה לפי החוקים שעברו בשבוע האחרון בכנסת. זו פשוט הפניית עורף לכל מה שחונכנו""  #בנימיניוגואטה כאן חדשות ברשת ב'",83,7397,265,13,5,3,9
7664988782508166408,2026-07-21,Video,״״תומכי פלסטין ואיראן הם אלופי העולם״: איראן שיגרה כטב_מ שעליו תמונתו של כוכב נבחרת ספרד לאמין ימאל מניף את הדגל הפלסטיני לתקוף בבסיסים אמריקניים במפרץ @roikais1987 (עומר שחר),15,59595,1291,61,305,40,76
7664696675994225940,2026-07-20,Video,הבורקס שכובש את ניו יורק (נתן גוטמן),582,203987,10768,83,892,253,584
7664693783107390740,2026-07-20,Video,סינוואר החדש: הכירו את ח'ליל אל-חיה (לירן אהרוני),155,9984,108,4,6,2,11
7664690394747260180,2026-07-20,Video,האיש שערק מדומרני לג'ורשי - וח!סל: תיעוד מהמל@מה בין משפחות הפ@ע @Hadas grinberg ,946,153257,3738,38,732,270,639
7664689881314037013,2026-07-20,Video,אס!ן בירושלים: מרפסת קר@ה על מאפייה - בן 80 נה@ג לעיני משפחתו (חיים גולדיטש),114,204806,3291,52,352,66,220
7664638862102105365,2026-07-20,Video,"תיעוד קשה: קרי@ת המרפסת בירושלים - שגרמה למו@ו של בן 80 שנל@ד תחת ההריסות @haimgoldich 📸: מגן דוד אדום, צוות שערי חסד",55,78167,1065,18,205,47,65
7664602519905127701,2026-07-20,Video,"המנטליסט שימי אטיאס הגיע לאולפן שלנו ביום שישי, כתב את הנבואה שלו לתוצאת גמר המונדיאל והכניס למעטפה סגורה. האם הוא צדק?  #גליקותמר (תמר אלמוג) @ifatglick1 @shimi_atias",68,453736,15459,423,647,139,557
7664575270698962193,2026-07-20,Video,"מלכת הדיבובים: גם אתם גדלתם על סרטי דיסני ולא ידעתם שרותי הולצמן היא הקול האייקוני הזה? שוקולד מנטה מסטיק ברשת ב', שישי החל מ-11:00",72,98826,4931,85,428,76,266
7664329542697323797,2026-07-19,Video,אחרי הפציעה הגיעה האהבה: סרן מתן לוי שנפצע באורח אנוש בעזה התחתן (איתמר מאירי),55,251716,27306,361,579,72,588
7664251377299885333,2026-07-19,Video,"16 שנה אחרי הזכייה האחרונה: ספרד שוב מרגישה קרובה לגביע העולם. ברחובות מדריד כבר בטוחים - גם מסי וארגנטינה לא יעצרו את החלום על גביע נוסף דב גיל-הר, שליח כאן חדשות למדריד",39,12908,367,9,11,0,6
7664249843308596501,2026-07-19,Video,"איך אומרים מסי בקופיפית? אחרי שחזה במדויק את הניצחונות של ספרד וארגנטינה על יריבותיהן בחצאי הגמר, עידו קוף הטמרין מהספארי ברמת גן שם את כל הבוטנים על ניצחון לארגנטינה. עכשיו נצטרך לחכות כמה שעות לגמר כדי לראות אם פעם נוספת - הקוף צדק",42,69426,1592,44,220,28,51
7664196539727826192,2026-07-19,Video,"מיליונים חגגו כאן את הזכייה ב-2022. הערב, בואנוס איירס מחכה לראות אם מסי יעשה את זה שוב 🏆 (יואב זהבי, שליח כאן חדשות לבואנוס איירס)",40,166661,9498,206,217,34,337
7664129995593305345,2026-07-19,Video,"מתוך הפציעה הקשה צמחה אהבה גדולה. מתן, שאיבד את מאור עיניו במלחמה, התחתן עם תורי שהכיר במהלך השיקום ❤️ (איתמר מאירי)",645,22996,1504,66,50,21,53
7664125531796901137,2026-07-19,Video,"איך יהונתן כהן הפך לאוהד כדורגל? ⚽ השדר שישדר הערב את גמר המונדיאל מספר על המשחק הראשון שהפחיד אותו, ועל היציע שבו מצא תחושת שייכות וביטחון. 🎧 ""עד הקצה"" עם @kereneubach, הסכת האקטואליה החדש מבית כאן חדשות, זמין באתר וביישומון כאן ובכל יישומוני ההסכתים עיצוב AI: @talfraz",66,14427,855,23,46,11,37
7663983289857871125,2026-07-18,Video,איך קצין משטרה בילה עם עבריינים במועדון? (איילה חסון),186,406806,12936,238,3230,714,1308
7663855700652608775,2026-07-18,Video,מסע במנהרת הזמן: שנות ה-80 נגד שנות ה-90 - מי העשור המנצח? (יובל אגסי),1989,6111,81,9,6,4,8
7663841939443223815,2026-07-18,Video,"האם נתניהו ייעצר כשיגיע לעצרת האו״ם בניו יורק? ראש העיר ממדאני: ״הוא פושע מלחמה, אני בודק את האפשרויות עם המחלקה המשפטית שלנו״  (איתמר מרגלית) 📸: הניו יורק טיימס",41,131224,2642,519,307,71,198
7663836787499879688,2026-07-18,Video,הטרנד החדש שכובש את חטיבות הביניים: בני נוער משקיעים עשרות אלפי דולרים בבורסה (יותם ווקס),51,695606,31318,442,8220,2542,2950
7663822654780050696,2026-07-18,Video,"חני נחמיאס עונה לביקורת על כך שהתראיינה בערוץ 14: ״אני לא אדיר את צופי הערוץ הזה, לא תסתמו לי את הפה״ #גליקותמר (תמר אלמוג) @ifatglick1",37,33994,1346,61,20,6,47
7663764068389424391,2026-07-18,Video,״משהו בי לא נותן לי למ!ת״: מינה היא האישה היחידה בעולם שחלתה בסרטן אלים 7 פעמים - והחלימה  (קטי דור),50,94598,7263,105,330,88,295
7663608878789102869,2026-07-17,Video,לא פעם ולא פעמיים: סבתא מינה החלימה שבע פעמים מסרטן 🙌 (קטי דור),767,96666,7344,66,208,54,254
7663589899827825941,2026-07-17,Video,"""הרגשה של נטישה"": כרם ונפתלי בני ה-18 רק רצו לחגוג את סיום התיכון בחופשה במונטנגרו יחד עם חבריהם, אבל ה!תקפו באלימות קשה אחרי שסיפרו שהם ישראלים - והשוטרים מהם ביקשו עזרה התעלמו מהם #גליקותמר @ifatglick1 (תמר אלמוג)",76,499142,27032,567,3662,1128,1195
7663483563924409620,2026-07-17,Video,שקיעה נוגה גם לכם ולבני ביתכם! #בואולאכולאיתי (עופר חלפון),241,56409,3155,41,319,39,110
7663479922958159124,2026-07-17,Video,הפסטיבל היחיד מסוגו בעולם (דני דגן),769,6576,135,7,3,2,9
7663196300753554709,2026-07-17,Video,"איציק סעידיאן הצית את עצמו מול אגף השיקום לפני חמש שנים - מאחורי המאבק של איציק, יש משפחה שמתמודדת גם היא עם הכאב @yaelciec",495,58807,2450,30,48,13,129
7663196325420207381,2026-07-16,Video,במונדיאל הקודם הוא עדיין לא נולד: דין בן השלוש הצליח לחזות בדיוק מרשים את התוצאות של חצאי גמר המונדיאל #כאןבשש @kerenuzan1,32,422050,29134,387,1364,201,1127
7663193557871693077,2026-07-16,Video,בצפון יש הפסקת אש אבל התיירות לא חזרה (רובי המרשלג),280,21591,449,14,30,9,35
7663184224127700245,2026-07-16,Video,"אם לבן יחיד, שסירבה לחתום על הסכמה לכך שישרת בתפקיד קרבי, גילתה לתדהמתה שהוא עקף את המערכת והתגייס לשריון כ""חייל בודד"" #כאןבשש @kerenuzan1 (כרמלה מנשה)",35,153365,8720,169,250,45,262
7663174849342360853,2026-07-16,Video,"שלום כובש מכיר לעולם הערבי את היהדות, בסרטונים שהוא מעלה לרשת בשפה הערבית: ""למרות כל השנאה אלינו, יש גם הרבה מאוד סקרנות"" #בשכונהשלנו @elior_levy",121,41619,1376,39,38,8,129
7663148618324462868,2026-07-16,Video,שישה מנדטים חדשים: ארבעה שנתונים - בני 18 עד 22 - יצביעו בבחירות הקרובות בפעם הראשונה (ישראל רוזנר),64,59991,4155,184,100,20,98
7663099847884492053,2026-07-16,Video,"בני משפחת צורי, שליחי הסוכנות היהודית, שרדו את הפי@וע הרצ@ני באוסטרליה - וחזרו לארץ לגור בעוטף עזה @itsikzuarets",72,15538,434,7,4,0,17
7663073442878770453,2026-07-16,Video,"זן חדש של קוף התגלה באפריקה. ""ליקוולי"" (או בשמו המדעי ""קולומבוס קונגואנסיס"") נחשב ביישן במיוחד 🐒 (יחזקאל קורנברג) 📸: ברנרד בוננגה, קרן לוקורו לחקר בעלי חיים",10,18476,521,26,59,7,30
7663070723056880917,2026-07-16,Video,"דרעי תקף את הרמטכ""ל, שהתנגד לחוק לביטול מעצרי העריקים החרדים: ""הוא איבד את זה, מנסה לעזור לגוש השמאל"" @daniel.grovais 📸: באדיבות כיכר השבת",17,18517,370,138,19,6,20
7662846268049263893,2026-07-15,Video,המילואימניקים כועסים על החוק שעבר בכנסת  @yaelciec,177,49163,3473,199,261,26,159
7662846000423243029,2026-07-15,Video,המשפחה ששרדה את הפיג!ע בסידני חזרה לארץ - לעוטף עזה @itsikzuarets,466,60589,4073,23,110,23,201
7662844376657218836,2026-07-15,Video,התפתחות בפרשת הר@ח בירושלים: אלה שתי חשודות שנעצרו @haimgoldich,201,334509,19744,473,2067,494,1329
7662843708001357077,2026-07-15,Video,"תושבי השרון, ראיתם פעם חייזר? 👽 (אלון שרביט)",816,381150,18051,667,6306,1012,2968
7662842007538158869,2026-07-15,Video,פיצה עם מסאחן ושווארמה בלחם איטלקי: הדור החדש של השפים הערבים מביא למטבח האיטלקי את הטעמים מהבית  (עופר חלפון),362,8257,130,2,11,2,17
7662825390431325460,2026-07-15,Video,"לפיד מבטיח: אם ניבחר, החרדים לא יקבלו שקל אחד מהמדינה - וכל הכסף שחולק יוחזר  (טלי מורנו)",37,14687,343,125,15,9,19
7662765749789920533,2026-07-15,Video,"יד האלוהים, מלחמת פוקלנד ונקמה על הדשא: רגע לפני הקרב הגדול הערב, למה ארגנטינה ואנגליה אף פעם לא נפגשות רק למשחק כדורגל? (יואב זהבי)",118,176172,10042,62,581,164,524
7662761791885167892,2026-07-15,Video,"הוא יפה, ארסי וטורף כמעט כל מה שנקרה בדרכו. כך הפך המצוד אחר הזהרון, ""האויב מס' 1 של הים התיכון"", לסעודה בניצוחו של אייל שני @ifatglick1",55,175768,8780,116,342,62,288
7662695003772194069,2026-07-15,Video,"92 קמ""ר של כוח צבאי, מטה ההגנה הגדול בעולם ומסר שלא ברור למי הוא מיועד. האם האוקטגון של א-סיסי הוא אזהרה לישראל, או בעיקר מופע כוח? @roikais1987 #בשכונה_שלנו",369,35658,887,25,47,25,77
7662684035466005780,2026-07-15,Video,ג'פניקה הפכה לזירת קרב: הסכסוך של משפחות הפשע הוביל לאש  @hadasgrinberg,243,892961,22848,452,5208,1162,2271
7662678519754837269,2026-07-15,Video,רד אלינו זהרון: מסע הדיג של טורף העל שהגיע לחופי ישראל @ifatglick1,771,175616,6300,107,351,95,372
7662482327976627477,2026-07-14,Video,"האמת היא שזה 216 ק״ג, אם תעדיפו שנדקדק (דב גיל-הר)",166,137272,2369,29,507,149,175
7662460381830401301,2026-07-14,Video,אוהדים שרופים? תיזהרו לא לקחת ללב #מונדיאל #ארגנטינה #כדורגל  (נוב ראובני),65,12624,437,13,56,18,18
7662456545887669524,2026-07-14,Video,"מסי, אמבפה, קיין או למאל: מי יקחו את הנבחרת שלהם לגמר המונדיאל? @talberman",129,10469,109,5,2,0,4
7662341823620205844,2026-07-14,Video,"אימו של בניהו רזי ז""ל, שנר@ח בירושלים, מספרת על התלונות על בת הזוג לשעבר @haimgoldich",33,466754,34130,651,1565,295,1422
7662261612945870087,2026-07-14,Video,"סתיו פינתה קורבנות מזירות הטבח ב-7 באוקטובר. המלחמה שלה התחילה אחר כך. כנהגת משאית במילואים בפיקוד העורף, היא נשלחה למשימה שאיש לא הכין אותה אליה, וחזרה הביתה אחרת. 🎧 ""עד הקצה"" עם קרן נויבך, הסכת האקטואליה החדש מבית כאן חדשות, זמין באתר וביישומון כאן ובכל יישומוני ההסכתים",43,11581,245,4,2,1,13
7662107550418078997,2026-07-14,Video,הסוכן אחמדינג׳אד בשירות המוסד? (גילי כהן) #איראן #סוד #צבא,215,54848,1199,24,170,56,131
7662106995947818260,2026-07-13,Video,״הכתובת היתה על הקיר״: הפרטים החדשים שחושפת משפחתו של בניהו רזי ז״ל,246,837980,53459,1354,4188,794,3212
7661925092376464660,2026-07-13,Video,"פרטים חדשים על הר3ח המזעזע בנחלאות: בן 19 נר3ח, וחברו הטוב נפצע - ולפי החשד, בנות הזוג של השניים, הזמינו את ההתנקש!ת, אחרי שסבלו מאלימ!ת קשה מצד השניים @haimgoldich",173,378392,17676,277,2172,359,1361
7661779548710735124,2026-07-12,Video,"""היה חבר גדול של ישראל"": הסנאטור הרפובליקני לינדזי גרהאם הלך לעולמו בגיל 71 (נתן גוטמן)",238,37188,1247,51,12,5,41
7661682330708282645,2026-07-12,Video,"""חוויה בלתי נשכחת, גיליתי אותם מחדש"": גלית, המתמודדת עם שיתוק מוחין, הצטרפה לטיול אחרי צבא של ארבעת בניה #כאןבשלוש (יונתן אוחיון)",65,680150,67274,1365,3895,414,1610
7661626019027143956,2026-07-12,Video,"אחרי שצוות CNN טען שהותקף על ידי פורעים יהודים - תיעוד מתוך האירוע התפרסם ברשתות. לפי הודעת המשטרה, כוחות צה""ל קפצו לנקודה ועיכבו ארבעה חשודים במעורבות באירוע. שוטרי תחנת בנימין עצרו את החשודים, גבו עדויות מאנשי התקשורת ומצאו בחיפוש שנערך ברכב אלות, גז פלפל וסכין צילום: jasper nathaniel / X @haimgoldich",45,3129472,43438,874,6546,417,5400
7661551553823689992,2026-07-12,Video,"20 שנה אחרי מלחמת לבנון השנייה, תושבי הצפון עדיין חיים בין אזעקות, פינויים ותחושת הפקרה. קרן נויבך ורובי המרשלג @rubihammerschlag חוזרים לגבול, לארכיון של 2006 ולשאלה אם למדינה יש חזון לעתיד הצפון. ""עד הקצה"", הסכת האקטואליה החדש מבית כאן חדשות, זמין באתר וביישומון כאן ובכל יישומוני ההסכתים.",48,21536,623,2,8,3,41
7661375417160387861,2026-07-11,Video,"גוש נתניהו מתערער? המנהיג הרוחני של ש""ס, הרב יצחק יוסף, עקץ את נתניהו וקבע: ""אין שום סיכוי שהוא יחזור בתשובה"". מנגד, על איזנקוט הוא אומר שדווקא יש סיכוי. האם זה רמז ראשון לכך שש""ס לא פוסלת ישיבה בממשלה בראשותו? @daniel.grovais",17,22017,486,14,52,28,36
7661364832884575508,2026-07-11,Video,"משפחות הפשע אימצו אותו מהר מאוד למשימות חיס!ל, מעשי שוד ושאר משימות שמצריכות הגעה חשאית ומילוט מהיר - תכירו את סו-רון, המחליף של הטימקס היפני (דניאל אלעזר)",581,855485,35575,164,11050,1630,4530
7661263352051764500,2026-07-11,Video,עושה הסבה מקצועית? הזמר אליאב זוהר מספר על הסיבה שפתח פיצרייה 🍕 #גליקותמר (תמר אלמוג) @ifatglick1,83,96195,2689,42,333,77,120
7661195784351665429,2026-07-11,Video,"הקרב על השבת בירושלים 👇 שבוע לאחר העימותים שעוררו סערה, עשרות חרדים הגיעו גם השבת להפגין מול קפה ״בסמטה״ בירושלים. המשטרה חסמה את דרכי הגישה לבית הקפה בניסיון למנוע חיכוך בין הצדדים, אך מספר מפגינים הצליחו להסתנן אל קרבת בית הקפה  במקום התפתח עימות מילולי: המפגינים קראו ״שעבאס״, בעוד מאות חילונים שהגיעו לתמוך בבית בית הקפה השיבו בקריאות ״תתגייסו״ ו-״הביתה״. כוחות המשטרה חצצו בין הצדדים ופעלו לשמירה על הסדר (שלו סגל)",49,425993,15940,268,1621,277,736
7660985509048519957,2026-07-10,Video,אנחנו אחרי שראינו את הכתבה 🤝 שקמבה (עופר חלפון),813,52576,531,24,355,192,72
7660975241212071188,2026-07-10,Video,"מיכה כץ, מפורום ""יהלומי קרב"", שזעק בכנסת על חקיקת ""חוק יסוד לימוד תורה"": ""איך אין חוק ללוחמים הגיבורים שאתם מדברים עליהם כל היום?"" (תמר אלמוג, @ifatglick1)",21,27770,1812,30,48,6,53
7660918875109756167,2026-07-10,Video,"האדמה בוונצואלה רעדה, אבל האסון התחיל הרבה קודם. כך שחיתות והעלמת עין מחריגות בנייה הופכות רעידה לאסון המוני (מיכל רשף) #סיפור_עולמי",488,65102,2702,37,112,45,194
7660862103384902930,2026-07-10,Video,"שנה בדיוק אחרי שאיבד את שתי רגליו בעזה, הלוחם אלקנה לוי חגג במסיבת הודיה לצד הזמר רביד פלוטניק. חבריו למחלקה הצטרפו לביצוע המרגש ❤️ @haimgoldich 📸: באדיבות איגוד החוות",31,129679,9985,51,188,33,175
7660808005058907410,2026-07-10,Video,"במצרים הפסיקו לייצר צ'יפס עם תמונתו של מסי על האריזה, אחרי הזעם הציבורי בעקבות ההפסד לארגנטינה במונדיאל @roikais1987",17,28188,497,29,69,9,23
7660807356955135239,2026-07-10,Video,"""חמ@ס, חמ@ס, יהודים לגז"": אוהדי נבחרת מרוקו בהולנד בקריאות אנטי$מיות והומו#וביות, אחרי ההפסד אמש לצרפת במונדיאל (עומר שחר, איתמר מרגלית)",20,221749,5741,225,938,162,268
7660686108094745876,2026-07-10,Video,"רגע לפני עונת העשור של ""בואו לאכול איתי"": מי הבשלנים שלא תשכחו לעולם? (עופר חלפון)",540,70308,3696,26,246,33,209
7660574467059404050,2026-07-09,Video,מה עושים כשרואים התקף פוסט טרא1מטי?,52,342268,20578,76,219,35,807
7660448006466030869,2026-07-09,Video,יוצרי התוכן שלא מפחדים להביע דעה פוליטית ברשתות @annapines_,425,129854,11158,133,161,13,423
7660446669414354196,2026-07-09,Video,האויבים והאויבת החדשים של ישראל @riad.alee,623,135520,2208,12,144,72,262
7660136475354221844,2026-07-08,Video,"זריקות ההרזיה משנות חיים, אבל גם מציתות ויכוח על תרבות הרזון, נגישות לטיפול והשוק השחור שמסביבן. מה קורה כשהמאבק במשקל כבר לא מתחיל רק בצלחת, אלא במוח? 🎧 ""עד הקצה"" עם קרן נויבך | כל יום | כאן הסכתים ובכל אפליקציות הפודקאסטים",45,38962,1545,22,40,4,97
7660121500808138005,2026-07-08,Video,"עם יד על הלב: חמאס ניצח או הפסיד את המלחמה? אלף ימים אחרי, המציאות בעזה מורכבת בהרבה ממה שנדמה @elior_levy #שובר_חומות",368,31971,926,10,40,13,84
7660063685624286485,2026-07-08,Video,מה שקרה כשנשיא צרפת מקרון הגיע לביקור בארמון של נשיא טורקיה ארדואן ורצה להגיד שלום אשתו (איתמר מרגלית),7,24932,167,6,19,3,6
7660038590964993301,2026-07-08,Video,תיעוד ממפרץ אילת: מדוזה קובייתית נדירה אותרה במימי ים סוף - אבל המומחים אומרים שהיא לא מסוכנת (מיכל וסרמן) 📸: רשות הטבע והגנים,7,132190,3317,87,945,217,269
7659880615440813333,2026-07-07,Video,"הקיץ התחיל, בינתיים, טפו טפו, בלי ביטולי טיסות או שמיים סגורים, והישראלים שחששו לתכנן - מחפשים את הדילים הכי משתלמים @Ofir.halperin",448,93757,3540,14,503,98,454
7659796225171967252,2026-07-07,Video,האיש שהשקיע מיליונים בבריאות גילה שהוא חולה במחלה אוטואימונית נדירה @doritassarafmizra,220,239547,10867,64,621,145,736
7659753218448067860,2026-07-07,Video,"טראמפ הגיע לטורקיה לפסגה מדינית עם ארדואן על רקע המתיחות באזור. במהלך קבלת הפנים, ארדואן הוביל את טראמפ באופן אישי כשהוא מחזיק לו את הזרוע - הנשיא האמריקני נראה, בלשון המעטה, קצת פחות נלהב מהסיטואציה (איתמר מרגלית)",12,64283,1263,94,142,38,63
7659729074994154772,2026-07-07,Video,"הלוחם והלום הקרב יוסי סהרדי זעק מדם ליבו ופנה לח""כים בדיון על חוק יסוד לימוד התורה: ""הפרצופים של החברים שמתפוצצים לנו בידיים באים אלינו בלילה. לפני שאתם מדברים על חרדים - קחו אחריות על מי שנלחם!"" (דקלה אהרון שפרן)",86,87727,8679,103,350,71,390
7659517354216279316,2026-07-06,Video,היזמים הישראליים שעובדים כדי לקחת אותנו לכוכבים @ittaishickman2,464,17325,494,1,19,7,52
7659517134921305365,2026-07-06,Video,״ערבית? לא בחנות שלנו״ (ערן זינגר),186,238702,9054,584,758,177,578
7659467982896237845,2026-07-06,Video,רחפנים זולים שהופכים כל תנועה בחזית למטרה. מאוקראינה ועד לבנון: כך רחפני הסיב האופטי משנים את כללי המלחמה #רקשתדעו  @talfraz,141,18301,622,4,32,16,39
7659442668669324565,2026-07-06,Video,"טראמפ גילה שכרטיס אדום זה לא רק ""עבירה"" - ופנה לפיפ""א כדי לבטל את ההרחקה של כוכב נבחרת ארה""ב פולארין באלוגון. ""זה לא הוגן להעניש שחקן על משחק שעוד לא שוחק"", אמר הנשיא - וזה עבד. מסתבר שגם בפיפ""א יש דברים שטראמפ מצליח לסדר בשיחת טלפון אחת (איתמר מרגלית) צילום: רויטרס",40,84977,2907,28,528,159,142
7659393087638113556,2026-07-06,Video,"״סכנה לעצמו, לחיי כלבו ולשאר״: תושב שכונת ארמון הנציב, בשנות ה-20 לחייו, תיעד את עצמו כשהוא מרכיב את כלבו על גבי אופנוע באופן העלול לסכן את את שלומם של הרוכב ושל הכלב. לאחר שהסרטון הופץ ברשתות החברתיות, אותר החשוד וזומן לחקירה במשטרה בחשד לנהיגה בקלות ראש. @haimgoldich שימוש לפי סעיף 27א׳ לחוק זכויות יוצרים",26,130005,5428,64,757,64,259
7659348436982336788,2026-07-06,Video,פועלים השתמשו בדירות נרצחים בכפר עזה כשירותים @yaelciec,46,119378,5433,60,164,33,189
7659293251794521365,2026-07-06,Video,איך הצליח הישראלי אסי משה להפוך את הקלפים למכונת מזומנים – וכמה שווה הזכייה בווגאס? @yoavborowitz,156,533057,27028,142,4695,1286,1249
7659141419520560405,2026-07-06,Video,היישר מתאילנד: תכירו את המרענן של הקיץ (נוב ראובני),194,44308,1048,7,192,43,93
7659141038010846485,2026-07-05,Video,צרות של עשירים או שהגזמנו? @ofir.halperin,443,297682,11190,42,970,230,559
7659120412902558996,2026-07-05,Video,"אחרי שנחטפו יחד לעזה, שורדי השבי סשה טרופנוב וספיר כהן סוף סוף עמדו מתחת לחופה כפי שתכננו, ונישאו זה לזו ❤️ @yaelciec",48,22917,1989,20,33,3,49
7659076211192122644,2026-07-05,Video,"יש לנו חברים נוספים, שמעת על הודו?״: נתניהו מגיב בריאיון לרשת פוקס ניוז האמריקנית לשמועות על הקרע ביחסיו עם טראמפ, וגם לביקורת שמתח סגן הנשיא ואנס בהצהרה שלו לתקשורת בחודש שעבר.  ״טראמפ ואני מסכימים על 99% מהנושאים״, אמר נתניהו, והוסיף כי ״יש גם מחלוקות, כמו בכל חברות״. בתגובה לדבריו של ואנס שצוטטו בריאיון, נתניהו השיב: ״מערכת היחסים ביני ובין ואנס מוצלחת מאוד, אבל אנחנו לא חייבים להסכים. טראמפ הוא החבר הטוב ביותר שלנו, אבל יש לנו גם עוד חברים בעולם, כמו המדינה הקטנה, הודו״ @ishay_bar_yosef 📸: מ",30,47505,1869,85,55,15,101
7659031128245832980,2026-07-05,Video,"״עם כל הכבוד לערך התורה, התיקון שהכי צריך לעשות פה זה לתת ערך עליון למי שיצא לקרב״: איציק סעידיאן בדיון בכנסת על חוק יסוד לימוד תורה שעבר בקריאה ראשונה בשבוע שעבר @dikla.aharon 📸: ערוץ הכנסת",66,14441,836,36,41,14,33
7658948365081644306,2026-07-05,Video,חכו לזה: ברקים וזיקוקים מעל וושינגטון בחגיגות העצמאות ה-250 לארצות הברית  @ramelibrandts 📸: רויטרס,25,5326,110,2,1,0,5
7658777389614337297,2026-07-05,Video,"ארבעה חודשים אחרי החיס!ל שזעזע את המזרח התיכון, האיראנים סוף סוף קיימו את הלווייתו של חמינאי - אבל מה שגנב את ההצגה היה בכלל היעדרותו של בנו ומחליפו, מוג'תבא",139,77752,1435,48,51,17,102
7658730646025669904,2026-07-04,Video,"""הם יתלשו - ואנחנו נדביק"": הכירו את הפעילים של ""חוזרות לתמונה"", שהחליטו לצאת למאבק נגד התופעה של השחתת תמונות נשים בירושלים בימוי וצילום: שלו סגל עריכת וידאו: ניצן גרינוולד נתן",314,695601,42187,315,1211,123,2033
7658692424251804945,2026-07-04,Video,"אלון אהל הופיע בניו יורק במסגרת חגיגות ה-250 לעצמאות ארה""ב. אהל הוזמן על ידי הצי האמריקאי והופיע על סיפון נושאת המטוסים ""USS Nimitz"" לצד האמן ג'ון אונדרסיק. השניים ביצעו את השיר ""Superman"" באירוע שנערך בנוכחות בכירי ממשל וצבא אמריקאים, בהם מפקד הצי ושגרירת ארה""ב באו""ם. (אופיר הלפרין)",20,24214,1054,19,16,5,21
7658612127053139221,2026-07-04,Video,"מוג'תבא, אם תהיתם, עדיין לא נראה באזור (עומר שחר, @anastasia.stu7)",21,87176,1747,267,87,21,114
7658569792965643541,2026-07-04,Video,"מה חושבים האמריקנים על מצבה של ""ארץ האפשרויות הבלתי מוגבלות""? (יואב זהבי)",671,17285,439,3,16,4,25
7658225262902906113,2026-07-03,Video,"דרמה מטורפת בבגדד: כוחות מיוחדים פשטו על בתי פוליטיקאים ובכירים, ובאחד מהם נמצאו מיליוני דולרים שהוחבאו מתחת לבלטות. כך נחשפה אחת מפרשות השחיתות הגדולות בתולדות עיראק @roikais1987 @elior_levy #בשכונה_שלנו",321,69593,1278,19,133,55,111
7658040133119216917,2026-07-02,Video,אחרי 13 שנים של המתנה: כל מה שצריך לדעת על GTA 6 - וכמה הוא יעלה בישראל? @ittaishickman2,253,184569,9938,189,992,178,885
7658040126207053076,2026-07-02,Video,אל תנסו את זה בבית. או בשום מקום אחר. (מיכל רשף),202,313666,14743,120,1180,175,963
7657978109722905877,2026-07-02,Video,בניגוד לכל ההערכות: איך קרה שאיראן יצאה מחוזקת מהמלחמה וממשיכה להכתיב את הקצב? #בשכונהשלנו  @roikais1987,444,25268,658,5,33,24,52
7657950753939655957,2026-07-02,Video,"שרד שמונה ימים מתחת להריסות בוונצואלה - וחולץ בחיים 🤯 כוחות החילוץ בוונצואלה הצילו היום את הרנאן אלברטו גיל פלורס, מאבטח בן 43 ואב לשני ילדים, שהיה לכוד במשך שמונה ימים במרתף של מרכז קניות שהתמוטט בעקבות שתי רעידות האדמה שפקדו את המדינה לפני יותר משבוע. המאבטח נמצא בביתן האבטחה שלו, שהחזיק מעמד והגן עליו מהרעידות ההרסניות. צוותי החילוץ הבין-לאומיים עבדו מסביב לשעון בתנאי סיכון גבוהים, גשמים עזים ורעידות משנה. הם הצליחו ליצור קשר עם המאבטח בסוף השבוע והעבירו לו מים ומזון נוזלי. ""כשמצאנו אותו הוא ",6,144960,2968,13,19,3,63
7657906269600156949,2026-07-02,Video,"""אמא ואבא לא בחיים"" 💔 שיר מתיאס ששרדה את טבח ה 7.10 ושכלה את שני הוריה.  מפרסמת לראשונה את ההקלטה שבה אחיה הקטן מבשר על מ!ת הוריהם: ""במשך 1000 ימים המשפחה העדיפה להשאיר את ההקלטה הזאת לעצמם... החלטנו לפרסם אותה, כדי לדרוש אמת, צדק. ותיקון חייב להתחיל מלקיחת אחריות - כל מי שהיה עם יד על ההגה חייב ללכת הביתה"", שיתפה שיר ברשת החברתית X. @yaelciec",17,87205,4037,63,36,9,264
7657848778703113492,2026-07-02,Video,ויכוח על זכות קדימה בכביש הסתיים באישום בדקירה - אישום שהפרקליטות נאלצה למחוק (שלי טפיירו),271,201190,5075,21,200,37,358
7657841517595331861,2026-07-02,Video,גבי קמין בן ה-81 נדרס למוות: מה גרם לנהג המשאית לדרוס עובד בתחנת הדלק? @ifatglick1,550,136993,4377,74,262,70,266
7657836858021367060,2026-07-02,Video,ראש הממשלה הבא? (אלון שרביט),682,45278,1661,297,49,20,69
7657660613606329620,2026-07-02,Video,הקייאקים חזרו לשוט בכפר בלום,159,12833,285,4,10,4,15
7657660356042493205,2026-07-01,Video,בטח קינאו באוסטרליה,175,64507,3082,36,175,20,130
7657639275902651668,2026-07-01,Video,"""מה התפקיד של נשים בחיים האלה אם לא לנקות בשביל בנים?"": ח""כ מירב מיכאלי הגיבה לפרסום של כאן חדשות על כך שלוחמות הורחקו ממבנה בזמן ביקור נתניהו בלבנון - ""כדי לא לפגוע בכבוד החרדים""  (רועי שרון) 🎥: באדיבות ערוץ הכנסת, 📸: חיים צח, לע""מ",51,69884,3654,134,195,34,186
7657612147446336789,2026-07-01,Video,"שני אלמונים טיפסו לקצה בניין האמפייר סטייט בניו יורק והניפו שלט שעליו נכתב: ""כשכוח האהבה מנצח את אהבת הכוח - יהיה שלום בעולם"". כעבור דקות ארוכות בשחקים, האלמוני כרע ברך והציע נישואים לאלמונית ❤️ (איתמר מרגלית, ישי בר-יוסף)",48,22193,449,11,12,4,8
7657589056804572436,2026-07-01,Video,"הקואליציה הצביעה נגד הצעת חוק של ח""כ מירב כהן להגדלת קצבאות הזקנה: ""הציבור יבוא איתכם חשבון""  (יעל צ'כנובר) 📸: באדיבות ערוץ הכנסת",40,13342,659,49,42,18,24
7657588869390486805,2026-07-01,Video,"שרן השכל, סגנית שר החוץ, מתנגדת לחוק יסוד לימוד התורה. מדוע היא לא מתפטרת מהקואליציה?  🎙️ מתוך בנימיני ומועלם בכאן חדשות ברשת ב'",36,12855,299,12,7,4,10
7657515345942433045,2026-07-01,Video,"שירה סעדון הגיעה לתוכנית ""אתה חייב לקרוא את זה"" בכאן 11 - פרופ' אבי חפץ צפה בתוכנית עם הבת שלו וזיהה אצל שירה גוש בבלוטת התריס @yaelciec",32,63561,1761,24,96,33,63
7657457990596889876,2026-07-01,Video,חולמים על חופשת הכל כלול? אז קרוז (עופר חלפון),206,253496,8212,124,2202,735,1122
7657291817418853652,2026-07-01,Video,"הופיעה בכאן 11 - ואובחנה עם גידול | שירה הגיעה לתוכנית ""אתה חייב לקרוא את זה"" שלנו בכאן - וקיבלה טלפון ששינה את חייה: רופא זיהה דרך המסך ממצא חשוד בצוואר שלה (יעל צ'כנובר)",190,313729,19929,177,1479,363,752
7657169104050113812,2026-06-30,Video,"""ח*סלתם את הבן אדם שעשה לי הכי הרבה רע"": צפו ברגע שבו שורד השבי רום ברסלבסקי התבשר שמחבל הג'יהאד שהחזיק והתעלל בו בשבי - חוסל  @itayblumental1 📸: האינסטגרם של רום ברסלבסקי",52,280112,25387,132,650,77,922
7656918230090517777,2026-06-29,Video,המוצר הכי מבוקש באירופה הוא מזגן - אבל עדיין יש כאלה שמתנגדים (דב גיל-הר),246,156474,5097,55,441,132,242
7656869702345477397,2026-06-29,Video,"״כדורגל זה מחלה, זה בדם״: בגיל 96 אווה שוורץ עדיין צופה בכל משחק של נבחרת ברזיל. וכן, אתם יכולים להיות בטוחים שהיא צופה גם עכשיו @elior_levy  #מונדיאל #ברזיל #ניימאר",38,206803,12409,51,521,77,389
7656853321440955665,2026-06-29,Video,"""החיוך שלו מושתל בתוכה"": הכבד של סרן שחר גמלא שנפל בבופור הושתל בבל בת ה-7 - והציל את חייה (אמיר גרא)",37,207842,24943,351,350,53,576
7656772049997761812,2026-06-29,Video,"""אבל להתחיל עם נעמה לזימי"" ח""כ יצחק פינדרוס, שקרא ליר!ת ברגלי חוסמי כבישים, נשאל בוועדת החינוך אם האמירה תקפה גם ליו""ר מפלגתו יצחק גולדקנופף, שהשתתף בחסימת כביש. תשובתו: ""אבל להתחיל עם נעמה לזימי"" לזימי התפרצה בתגובה: ""חבר כנסת אמר שצריך ליר!ת לי ברגליים ואתם לא עוצרים את הדיון? התרת הד0 וההסתה פה נמאסה. אתם ירדתם מהפסים. אני בן אדם כאן ומותר לי להיאבק"" (דקלה אהרון שפרן) צילום: ערוץ כנסת",52,18769,477,44,27,9,28
7656722505670970631,2026-06-29,Video,"""בניינים של 12 קומות פשוט נשכבו על הרצפה"": משלחת החילוץ הישראלית, המונה 16 מחלצים ואנשי מקצוע של חברת מגן, עמותת Ready for Rescue וארגון SmartAID, הגיעה להציל חיים באזור האסון בוונצואלה (יחזקאל קורנברג) 📷: מאיה ברק",32,67140,3095,47,98,38,92
7656542470116789520,2026-06-28,Video,כבר יצא לכם לטעום? (עופר חלפון),246,129955,4167,38,301,88,213
7656542371206778129,2026-06-28,Video,מזג האוויר באירופה ממשיך להשתגע (דב גיל הר),218,103151,3043,25,265,86,191
7656486081055018261,2026-06-28,Video,"רון, בת הזוג של סרן דוד חזות ז""ל, נפרדה ממנו בדמעות: ""הלוואי שהיית באמת בעלי והאבא של הילדים שלי""  (אסף פוזיילוב)",9,86989,9237,566,118,21,207
7656449211315146005,2026-06-28,Video,מסתכלים לשסע בעיניים: ביום שישי האחרון קבוצה של מפגינים חילונים ודתיים יצאו לחסימת נגד בתגובה לחסימות החרדים. אלה הקולות ממפגש השבטים של החברה הישראלית בקו הגבול שבין גבעת שמואל לבני ברק #הרגעשלהשבוע (שלו סגל),72,163436,8511,57,315,61,308
7656475154842750228,2026-06-28,Video,"גלית, אימו של סרן דוד חזות ז""ל, ספדה לו: ""אבא יקבל אותך בזרועות פתוחות""  (אסף פוזיילוב)",15,52504,5230,415,39,13,100
7656454394870795540,2026-06-28,Video,"תיעוד מצמרר: סרן דוד חזות ז""ל, שנפל בדרום לבנון, עם חבריו הלוחמים בקורס הקצינים - ""נחזור הביתה בשלום""  @itayblumental1",54,180174,24935,144,437,47,709
7656447609501994260,2026-06-28,Video,"השר בצלאל סמוטריץ': ""בזכותי כל החטופים כאן""  📸: מתוך הפודקאסט של נדב פרי ב-All in",16,47248,1050,84,186,32,50
7656428242152246548,2026-06-28,Video,"בפראדה הכריזו על שגריר חדש: הראפר הפלסטיני סנט לבנט, שנולד בירושלים כמרוואן עבד אלחמיד, וגדל גם בעזה ובירדן. לבנט הצטלם לעמוד הרשמי של מותג העל כשהוא עונד שרשרת בצורת מפה של כל שטח ארץ ישראל - כסמל למפת ""פלסטין"" 📸: מתוך עמוד האינסטגרם של Prada",10,164747,2088,51,384,44,126
7656413354386296085,2026-06-28,Video,"סן פרנסיסקו: סקוט וינר, סנאטור יהודי מקליפורניה שקידם חקיקה למען טרנסג'נדרים, גורש בצעקות ובקללות ממצעד למען טרנסים כי ""תמך ברצח העם בעזה""  (יחזקאל קורנברג)",42,179326,9809,252,381,49,383
7656335064640408852,2026-06-28,Video,וזה ממשיך 🥵 (דב גיל-הר),202,169782,7195,81,655,120,218
7656319816273546517,2026-06-28,Video,"עיר האורות ו... הברקים? במהלך סופה שהכתה הלילה בפריז, תועד ברק פוגע במגדל אייפל. למרבה המזל, המגדל היה סגור מראש למבקרים בעקבות גל החום. (דב גיל-הר)",3,1418,24,1,3,3,5
7656176401384508679,2026-06-27,Video,ישראל ולבנון חתמו על הסכם היסטורי - האם התגובות של איראן וח*זבאללה מעידות על לחץ? @roikais1987,187,48509,854,6,24,13,52
7656002963369889040,2026-06-27,Video,"""הייתי עושה פעם בשבוע מיטת שיזוף"": ירדן ויזל שיתפה במחיר הבריאותי ששילמה בעקבות החשיפה לשמש @maylaurencelola",41,733862,38142,118,7904,1818,1561
7655775586731707649,2026-06-26,Video,"רה""מ נתניהו מתייחס לראשונה להסכם עם לבנון: ""זו מכה גדולה לאיראן""  (גילי כהן) 📷: דוברות ראש הממשלה (⁠צולם לפני כניסת השבת)",71,203967,8680,336,364,135,291
7655422935049686293,2026-06-26,Video,"אתרי דופמין: לגלוש באתרי קניות, למלא עגלות, להזמין אוכל ולעקוב אחרי משלוחים, אבל בסוף לא לשלם ולא לקבל שום דבר",238,41887,1150,22,124,26,133
7655417848768056596,2026-06-26,Video,מדונה לא מפנה את הבמה @amitharari,607,11788,232,13,10,3,23
7655593705054686472,2026-06-26,Video,כנגד כל הסיכויים: אישה חולצה בחיים מההריסות בוונצואלה אחרי רעידת האדמה הקטלנית  (דב גיל-הר) 📸: מתוך חשבון ה-X @Surajit,33,150398,4823,34,151,19,157
7655411683275427093,2026-06-26,Video,המזרק המשזף - עור שזוף בלי שעות על החוף? הרופאים מזהירים מהטרנד החדש @maylaurencelola,775,306822,14375,103,2307,269,1514
7655406932823477524,2026-06-26,Video,משחק הסקווישי יכול להיות גם מסוכן (נוב ראובני),213,1444529,44412,672,24741,10544,4973
7655428976797699349,2026-06-25,Video,"מעצר חריג בנתב""ג: סבתא שעשתה מסע כדי לבוא לבקר את נכדיה בישראל כמעט גורשה רק כי הגיעה עם 60 דולר במזומן (שלי טפיירו)",245,404563,13123,66,391,89,586
7655402479110098197,2026-06-25,Video,אסון כבד בוונצואלה: שתי רעידות אדמה עוצמתיות פקדו את המדינה @yoavzehavi10,200,58056,927,26,58,24,53
7655376147126979841,2026-06-25,Video,"חגיגות המוניות של תלמידי תיכון ברחובות ביירות, לאחר שבחינות הבגרות לשנת 2026 בוטלו. במקומן, ייחשבו ציוני המגן. ואיך זה היה נראה בישראל? (עומר שחר)",20,138693,6948,50,878,60,203
7655301138253729045,2026-06-25,Video,גם השוטרים לא האמינו בהתחלה כשהם מצאו את זה בזירה (אורלי אלקלעי),210,195301,3581,35,722,161,359
7655284128635489557,2026-06-25,Video,בין שתי ערים (ושני מטבחים) @liran_kogahinoff,475,35483,482,2,31,10,32
7655269708903550229,2026-06-25,Video,"""מאיפה הם עשו את הכסף שלהם? מהפוליטיקה!"":  המתקפה החריפה של בנט נגד דרעי וגולדקנופף, והטענה - הם מנצלים את תקציבי המדינה לטובת ג'ובים ומקורבים @amsterdamski2 #המנגנון",76,37187,1752,59,162,85,72
7655258100513000725,2026-06-25,Video,"את זה חוקרי המשטרה לא רואים בכל יום: גבר 🔥 את הרכב של האקס של בת זוגו כנקמה לאחר עימות, והשאיר בטעות את הטלפון שלו בזירה (אורלי אלקלעי)",34,113694,2116,12,206,26,121
7655243926277803284,2026-06-25,Video,מבטיחים שלא ביימנו את מה שקרה בתחילת הכתבה (יאיר אטינגר),586,26710,961,10,28,14,56
7655220429946211605,2026-06-25,Video,"בניינים קרסו אחד אחרי השני: שתי רעידות אדמה חזקות בעוצמות 7.2 ו-7.5 בסולם ריכטר פקדו את ונצואלה. חשש לאלפי הר!גים ואף לעשרות אלפים, הנזק מוערך במיליארדים. טראמפ: מוכנים לסייע",98,231992,5817,124,605,163,360
7655059872697896193,2026-06-24,Video,"""מוכנים למסור נפש בשביל בחורי הישיבות ולימוד התורה"": מה דעתכם - מחאה לגיטימית?  @daniel.grovais",181,37725,954,73,34,8,60
7654895995137838357,2026-06-24,Video,"לא רק את חמאס, גם טר!ר איראני הם מממנים @roikais1987 (אליאור לוי)",123,45901,962,5,87,40,58
7654718062335134984,2026-06-24,Video,הם לא מפחדים,167,210114,6191,81,673,176,402
7654655626882338068,2026-06-23,Video,"""אנחנו לא אנרכיסטים"": שימי בלוי, ממארגני המחאה נגד הגיוס, רומז שהשיירות המתוכננות למחר עשויות להיות רק ההתחלה - ואולי להגיע גם לנתב""ג בשבוע הבא @mayarachlin",54,209639,7525,143,357,65,261
7654585790449732884,2026-06-23,Video,ביג פאשן גלילות נשאר פתוח בשבת אחרי שבית המשפט מחק את העתירה נגד המתחם. אבל המאבק רחוק מסיום - ועשוי להשפיע על עסקים פתוחים בשבת בכל הארץ @ofir.halperin,204,87724,3809,32,298,37,162
7654581217756564756,2026-06-23,Video,"כש-AI מאפשר לזייף כל אדם בכמה קליקים, חוקי המשחק משתנים. איך נדע למי להאמין במערכת הבחירות הקרובה? כתבו לנו בתגובות @ittaishickman2",461,13746,210,6,6,1,14
7654308248539008276,2026-06-22,Video,נתניהו קבע: הפריימריז בליכוד לא יבוטלו  @shahar_glick1,149,38028,576,10,9,2,29
7654275714186857749,2026-06-22,Video,"נתניהו קבע שהפריימריז בליכוד לא יבוטלו - והוא צפוי לקבל בין שמונה לעשרה שריונים. ח""כ טלי גוטליב לא מתרגשת: ""לבד אני שווה חמישה מנדטים"" @mayarachlin #כאןבשש",37,155359,7092,271,216,57,176
7654246049544129812,2026-06-22,Video,לקראת המשחק בדאלאס: הצעיר שמאחורי להיט היציעים של ארגנטינה - שרוצה לשמור על התואר ⚽ @itsikzuarets,48,42281,1231,11,20,5,42
7653962829220957460,2026-06-21,Video,עוקץ ה-AI הזה צריך להטריד את כולנו  @roiyanovsky,162,246022,5564,66,2826,1066,1182
7653950187534060820,2026-06-21,Video,כמה יוקר המחיה ישפיע על ההצבעה שלכם בבחירות? @lielkyzer1,502,151605,5694,199,221,38,308
7653937168653585685,2026-06-21,Video,"""נחזור ממשימתנו אחרי קרבות - כמנצחים"": סא""ל דור גדליה בן שמחון ז""ל, מג""ד גדוד 52 שנפל בסוף השבוע, תועד מחזק את לוחמיו רגע לפני הכניסה ללבנון 💔 (@itayblumental1כרמלה מנשה)",17,53983,4304,188,113,37,170
7653919443642371349,2026-06-21,Video,"עמוס הראל: היו 13 הסימנים שפספסו בצה""ל בליל 7 באוקטובר (מואב ורדי)",59,61017,1705,107,107,56,141
7653910042202180885,2026-06-21,Video,ביום שבו חמישה לוחמים הובאו למנוחות: בביתר עילית חוגגים את שחרורו של עריק חרדי מהכלא הצבאי @daniel.grovais,19,191948,8311,151,620,122,277
7653909920558894357,2026-06-21,Video,"אחות קטנה שלא יכיר: עינב, אימו של נוה חבשוש ז""ל, נמצאת בהיריון - ""אולי זו מתנה שהשארת לי""",40,91998,7638,172,232,34,140
7653880711371427092,2026-06-21,Video,במחאה על מעצר של הורים מהחסידות שחשודים בה@נחת בנם: מאות חסיד גור חוצים במעברי החצייה בערד שוב ושוב - כדי לגרום לעומסי תנועה בעיר @daniel.grovais צילום: קובי ישראל,10,303466,7795,310,1251,331,319
7653875731298094357,2026-06-21,Video,"בת הזוג של סמ""ר ליאב כבביה ז""ל ספדה לו: ""היית האהבה הראשונה שלי""",18,114724,14195,962,387,46,354
7653870818916699412,2026-06-21,Video,"מצמרר: סא""ל אור יול, שנפצע קשה בלבנון לפני כחודשיים, ספד לחיילו ליאב כבביה ז""ל: ""הצלת את חיי, היית כמו אח קטן שלי""",16,237800,20757,1210,320,79,546
7653843364261006612,2026-06-21,Video,"""ידוע שהאויב מתחשב בחגי ישראל"": עמוס הראל מסביר איך כמחצית מהלוחמים שהיו אמורים להיות מוצבים בעוטף - היו בכלל בבתים בבוקר 7 באוקטובר  (מואב ורדי)",37,23144,413,8,6,2,18
7653820619934567700,2026-06-21,Video,מתגעגעים לצלמי הפפראצי? @amitharari,58,583745,21946,101,3116,93,1560
7653809917266234644,2026-06-21,Video,הספר שחוזר ללילה שלפני אותו בוקר נורא מצליח למצוא את הנקודות בהן המערכת כשלה (מואב ורדי),839,49550,2122,41,77,39,173
7653809469427617044,2026-06-21,Video,הטאלנט של כל הטאלנטים: סוכן האמנים בועז בן ציון הלך לעולמו (יובל אגסי),918,17493,232,2,4,2,18
7653799029301726485,2026-06-21,Video,"״תכננו לטייל ולהביא עוד ילדים, ועכשיו אני קוברת אותך״: רעייתו של אלכסנדר פילין ז״ל, דריה (דאשה), איבדה את קולה בימים שעברו מאז שהתבשרה על נפילתו של בעלה. את ההספד שכתבה קרא בהלוויה חברו הקרוב של אלכסנדר, מתן, כשהיא לצידו",40,121338,11315,435,90,10,215
7653739629207653652,2026-06-21,Video,"“אל תספר לאימא שאולי אני חוזר ביום ראשון, שלא תהיה עצובה אם זה לא יקרה”: ⁨ חיים חבשוש, אביו של נווה ז”ל שנפל בלבנון, מספר על ההודעה האחרונה שקיבל מבנו שעה ורבע לפני נפילתו @asaf_liberman",90,197353,15054,1048,478,178,440
7653405302699707669,2026-06-20,Video,כשהכול כבר בסטורי: לאן נעלמו מי שהיו האנשים המושמצים ביותר בעולם הזוהר? @amitharari,453,316087,16785,53,536,44,904
7653405292738153749,2026-06-20,Video,למה הצנצנת לא נבדקה? העדות המטרידה וסימני השאלה בפרשת הרעלת התינוקות   (נוב ראובני),178,61444,931,6,57,33,51
7653405301302938901,2026-06-20,Video,"חשד לחולה אבולה ראשון בישראל: כך נראו פעולות החיטוי של צוותי מד""א והאמבולנס שפינו את המטופל לבית החולים.  האדם שחשוד כחולה אבולה שב בימים האחרונים מקונגו. הוא נמצא במתקן בידוד ייעודי בבית החולים רמב""ם, וכעת ממתינים לתוצאות הבדיקה שלו. במידה ויאומת החשד - הוא ככל הנראה יועבר לטיפול בבית חולים אחר שנערך לקליטת חולים במחלה.  משרד הבריאות מדגיש כי בשלב זה מדובר בחשד בלבד, ולא אובחן מקרה מאומת של אבולה בישראל. אבולה אינה מועברת באוויר, והדבקה מתרחשת במגע ישיר עם אדם חולה בעל תסמינים או עם דם, נוזלי ג",20,1049476,41238,309,10408,1342,2064
7653164064151014677,2026-06-19,Video,"תמירה לנג, תושבת מטולה, על ההסכם עם חיזבאללה: ""יש ראש ממשלה בישראל? מה עם להסביר את ההסכם המזופת שנסגר מעל הראש של כולנו?"" (תמר אלמוג, @ifatglick1)",49,61632,2350,25,109,34,68
7653062952311917844,2026-06-19,Video,"בועז בן ציון היה סוכן על שייצג את כולם, מגידי גוב עד לדודו טופז ומאסי כהן עד לאביב גפן. לאחרונה הלך לעולמו בגיל 84, והמיוצגים שלו, ביניהם אלי יצפאן, מתגעגעים מאוד הערב בחדשות שישי | פרידה מבועז בן ציון (יובל אגסי)",56,144528,5107,31,62,17,255
7653028300352261394,2026-06-19,Video,"מלקות על סרטון יוטיוב: הרשויות האיראניות שפטו את הזמרת פראסטו אחמדי עבטר ל-74 מלקות לאחר שהופיעה ללא חיג׳אב, בניגוד לחוק ברפובליקה האיסלאמית. אחמדי שרה שיר פטריוטי לאולם של צעירים בשנת 2024, במופע שצולם ועלה בסרטון יוטיוב שזכה לכמעט 3 מיליון צפיות (ישי בר יוסף) 📸: מתוך חשבון היוטיוב Parastoo Ahmadi",42,249624,10721,122,438,45,455
7652813367446523157,2026-06-18,Video,"ג'יי די ואנס, סגנו של הנשיא טראמפ, בביקורת חריפה: ""אנשים בקבינט של נתניהו תקפו את העסקה ואת הנשיא אישית, והמסר שלי אליהם הוא שדונלד טראמפ הוא המנהיג היחיד בעולם כולו שאוהד כרגע את ישראל, ולו אני הייתי בממשלה הישראלית לא הייתי תוקף את בעל הברית היחיד שיש לי בעולם. שני שליש מהנשק שהגן עליכם פותח בארה""ב ומומן על ידי משלם המיסים האמריקני. מי בישראל שחושב שהבעיה שלכם היא דונלד טראמפ צריך להתעורר ולראות את המציאות"" (ישי בר יוסף)",48,172578,3567,166,392,122,341
7652796565299449108,2026-06-18,Video,חולמים בספרדית: מתי בעצם התחלנו להגיד מונדיאל ואיזה סיפור אפל מסתתר מאחורי השם הזה? @annapines_,104,46212,2995,14,109,15,101
7652786316937039124,2026-06-18,Video,מה עוד אפשר לעשות אחרי 4-2 על קרואטיה בעצם? @itsikzuarets,19,19763,407,11,7,3,11
7652715652028878101,2026-06-18,Video,"תכירו את ג'ון, פול, רינגו וג'ורג': ארבע קפיברות נולדו לפני כשבועיים בגן החיות התנ""כי, ונקראו על שם ארבעת חברי הביטלס - ג'ון, פול, ג'ורג' ורינגו (הבת) זאת הלידה הראשונה מזה עשור של קפיברות בגן החיות התנ""כי, שכבר זכו לפניות מגני חיות בכל העולם בבקשה לקבל אליהם את ארבעת הגורים החדשים, כנראה גם בשל הפופולאריות של החיות ברשת בשים האחרונות @haimgoldich 📸: יובל רצון",13,332158,21858,171,5051,720,879
7652662632201194772,2026-06-18,Video,"לוחמי אש חילצו אמש גור כלבים משריפה בשטח פתוח באזור ירושלים. לאחר חילוצו, נמסר גור הכלבים לתושב מקומי שהתנדב לטפל בו ולדאוג לשלומו, כך נמסר מדוברות כבאות והצלה לישראל @haimgoldich 📸: כבאות והצלה לישראל",10,26264,752,9,11,3,15
7652658678268513557,2026-06-18,Video,איך נראים החיים כשמחליפים את בן הזוג בחברה הכי טובה? @ifat.amiel,41,311891,11127,112,2034,289,561
7652476655335640338,2026-06-17,Video,חשד: תרופות הרגעה הוכנסו למזון תינוקות במכוון  (נוב ראובני),180,576883,20254,284,5721,2454,1823
7652476120062823687,2026-06-17,Video,כבר צפיתם בסרט של קופה ראשית?  (עופר חלפון),184,163640,7770,286,957,152,397
7652474352591539463,2026-06-17,Video,"הפגנות הענק של החרדים נגד גיוס לצה""ל @daniel.grovais",128,31862,964,23,62,17,62
7652426173170945287,2026-06-17,Video,"השר שיקלי מהליכוד על גדי איזנקוט: ""יש לו יתרון סוציולוגי מסוים"", במפלגתו של איזנקוט תקפו: ""אמירה גזענית שמזלזלת במאות אלפי ישראלים""  @mayarachlin #כאןבשש 📸 סטילס: פלאש90",25,37803,841,37,98,26,40
7652379665792797969,2026-06-17,Video,"הדרום כמעט נחרב וההנהגה חוסלה - אז למה העדה השיעית בלבנון עדיין לא מורדת בחיזבאללה? מבט חד אל השד העדתי והמלכוד ההיסטורי של ""המדוכאים עלי אדמות @roikais1987 #בשכונה_שלנו ",470,60462,2213,5,142,68,149
7652354474777873684,2026-06-17,Video,"""רכבת התקלות"": כשהרשלנות הופכת לכאורה לשיטה, והמינויים גוברים על המקצועיות @ifatglick1",444,155142,6495,26,812,179,442
7652349250478673172,2026-06-17,Video,"""כמו זוגיות בלי סקס"": החברות הטובות שהקימו יחד משפחה @ifat.amiel",587,305510,22900,228,4550,584,1170
7652317388045634837,2026-06-17,Video,"‏ח""כ צבי סוכות מאיים על הקצונה הבכירה בצה""ל: ""יש לכם כאן אינטרסים, פנסיות תקציביות - אם תדרכו עלינו לא נעביר לכם בכנסת שום דבר שחשוב לכם. יש לנו כוח פוליטי"" סוכות אמר את הדברים בכנס ״לא לקרוע את צבא העם״ בכנסת, שנערך בעקבות שילוב נשים בשריון. כזכור, סוכות נחקר בחשד לפריצה לבסיס צבאי, בפרשת שדה תימן (דקלה אהרון שפרן)",44,21166,408,27,34,12,16
7652316227259452693,2026-06-17,Video,הסיוט של כל הורה: חומרי הרדמה התגלו במזון לתינוקות - אף אחד לא בדק את המוצר במשך יותר מחודש (נוב ראובני),254,341723,15932,168,3302,1370,1191
7652245212252638485,2026-06-17,Video,"מפגינים חרדים מתת-הפלג הקיצוני ""הרצפניקים"" ששייך לפלג הירושלמי חוסמים את כביש 4 במחלף גבעת שמואל לשני הכיוונים ומתעמתים עם המשטרה, זאת במחאה נגד כליאת עריקים שנעצרו על ידי המשטרה הצבאית. הכביש נסגר ונפתח לסירוגין  (דניאל גרובייס) 📸: יוסף כהן",26,483940,13858,207,1686,497,561
7652083115808148756,2026-06-16,Video,"גאווה ישראלית: איילה אוחנה, בת 13 מקצרין, הגישה לשופט את הכדור בפתיחת המשחק בין צרפת לסנגל במונדיאל. איילה אובחנה במחלה הנדירה גושה, והכדורגל והספורט עוזרים לה להתמודד עם התסמינים  @אנה פינס ",30,270135,17334,79,447,74,594
7652061280685051156,2026-06-16,Video,בסיאטל לקחו את לוח התוצאות לשמיים: רחפנים הציגו את תוצאת המשחק בין בלגיה למצרים שהתקיים בעיר ✨ (איתמר מרגלית) צילום: רויטרס,10,66517,1522,8,36,2,37
7652051891286838535,2026-06-16,Video,"ח״כ מאיר פרוש: ""אם היועצת המשפטית לממשלה לא תפסיק לרדוף את לומדי התורה - לא תהיה ברירה ונגרש אותה במקלות ובאבנים""  @daniel.grovais",12,33632,1440,92,85,28,56
7651960489374715154,2026-06-16,Video,"חתונה שמתחילה במשמר חמ!ש תיגמר, כמובן, במעצר של החתן לא? (אורלי אלקלעי)",106,458578,10343,116,1326,386,955
7651959543148121362,2026-06-16,Video,האיראנים בארה״ב באו חמים למשחק @itsikzuarets,170,19243,278,7,3,1,14
7651958450347429128,2026-06-16,Video,"״אם ישראל לא מסוגלת לעשות את העבודה בלבנון, סוריה תעשה את זה״: ביקורת חריפה של טראמפ בפסגת המנהיגים העולמית (איתמר מרגלית)",25,424595,14057,345,2047,592,936
7651723491426831632,2026-06-15,Video,"הקהילה האיראנית הגולה בלוס אנג'לס יוצאת למחות נגד נבחרת הכדורגל של ארצם. הם רואים בשחקנים נציגים של המשטר המדכא ומתכננים להשמיע את קולם באצטדיון, עם דגלי איראן שלפני המהפכה - וגם דגלי ישראל @itsikzuarets",65,92776,3776,93,102,20,182
7651697145141136641,2026-06-15,Video,"מסתכל על חצי הכוס המלאה? נתניהו מתייחס להסכם: ""איראן דהרה לפצצה אט!מית - אם לא היינו פועלים, כולכם הייתם בסכנת מ!!ת המוני""",32,367212,19332,455,1469,246,781
7651566292553501969,2026-06-15,Video,"""אין מנוס מפעולה יוצאת דופן"": מסמכי סינוואר שחושפים מה הפחיד את חמאס לפני 7 באוקטובר | בלעדי @elior_levy @roikais1987",408,145414,2826,12,149,52,344
7651375760199978261,2026-06-14,Video,מעכשיו יהיו סבבים חוזרים מול איראן? @mayarachlin,72,62813,1676,245,107,25,69
7651359362232978708,2026-06-14,Video,התיעודים המטרידים מהנגב - והמרדף המשטרתי שנגמר בהתרסקות @hadasgrinberg,145,186542,4761,45,479,83,337
7651330959597391125,2026-06-14,Photo,"שישה בני אדם נהRגו בתאונה בין שני מסוקים בריו דה ז'נרו שבברזיל, בהם הזמר האמריקני אוליבר טרי בן ה-32. טרי שהה בריו דה ז'נרו בעיצומו של סיבוב הופעות עולמי. ב-6 ביוני האחרון הוא קיים הופעה בסאו פאולו, והיה אמור לערוך את הופעתו הראשונה באירופה בליסבון, פורטוגל, ב-13 ביולי. לטרי כמעט 20 מיליון עוקבים ברשתות החברתיות, יותר מ-11 מיליון מאזינים חודשיים בספוטיפיי, והוא חתום על שירים עם יותר מ-700 מיליון השמעות, כמו ""Life Goes On"" ו-""Miss You"". לפני מותו הטרגי הוא פרסם סטורי מתוך אולפן הקלטות, לצד שמות מ",0,103520,3899,203,462,41,204
7651284838732942612,2026-06-14,Video,"זעם בקנדה: ראש הממשלה לשעבר ג'סטין טרודו לא הגיע למשחק הפתיחה של המונדיאל בטורונטו - אבל כן הצטרף לבת הזוג קייטי פרי במשחק הראשון של ארה""ב בלוס אנג'לס (יחזקאל קורנברג)",23,162064,3878,29,68,12,105
7651278088193658133,2026-06-14,Video,מתקפת התנים בכנרת היא רק קצה הקרחון? המומחים מזהירים: מתחילת השנה נרשם זינוק של עשרות מקרים של כלבת בישראל  (אופיר הלפרין),115,423831,12859,111,2768,530,765
7651254145818594580,2026-06-14,Video,"שתי מדינות? בצפון - מלחמה, בתל אביב - משתזפים על החוף  מתוך סדרת הכתבות ""שתי מדינות""  @Riad Alee",28,288766,16982,146,1227,122,467
7651159230036118805,2026-06-14,Video,"ישראלי ראה מביתו שתי דמויות חשודות נכנסות אל מקלט צמוד. הוא היה משוכנע שמדובר בגורם עוין והזעיק את המשטרה בהיסטריה. המשטרה הגיעה לשם, ומה שתועד לאחר מכן התפתח לסרט. (שלי טפירו)",500,712061,24869,122,3504,793,2037
7650986970549685525,2026-06-13,Video,"תצוגת תכלית על מדים: שוטר בבוסטון שאחראי על אבטחת חגיגות המונדיאל, הפך לכוכב רשת אחרי שהדהים את האוהדים בסדרת הקפצות מפתיעה (יחזקאל קורנברג)",17,164858,5851,25,139,12,179
7650866712119627029,2026-06-13,Video,"לא חשדתי, מה אני חשדניסט?  שוטרים בלימה, בירת פרו, הראו מחויבות מרשימה לתפקיד - ובעיקר יצירתיות - והגיעו למעצר של חשוד בסחר בסמ*ם כשהם לבושים כמו שניים מקמעות המונדיאל: אייל קורא, המייצג את קנדה, ועיטם לבן-ראש, המייצג את ארצות הברית.  קולונל המשטרה המקומית אמר כי ""הודות לעבודת המודיעין, הבנו שהאדם הזה הוא אוהד כדורגל מושבע. הוא חי את קדחת המונדיאל, אז הסווינו את אנשינו כקמעות המונדיאל כדי להגיע אליו ללא חשד, ללכוד אותו ולעצור אותו"". על פי כלי התקשורת המקומיים, ברשות החשוד נתפסו 2,524 חבילות של ק",20,170463,3676,14,318,23,234
7650847755593698580,2026-06-13,Video,נראה שחצי מהקהילה היהודית במקסיקו הגיעה למשחק הפתיחה של המונדיאל ⚽ כתבנו פגש את האוהדים המאושרים שיצאו מאצטדיון האצטקה עם ניצחון ראשון ביד 💪 @itsikzuarets,48,153530,9656,83,710,178,367
7650572178181836053,2026-06-12,Video,"קופה ראשית מגיעה לקולנוע - ונועה קולר וקרן מור מגלות אם הן יותר שירה שטיינבוך או יותר כוכבה (תמר אלמוג, @ifatglick1)",20,22333,598,14,11,0,31
7650496149522091285,2026-06-12,Video,"הפתעה נוגעת ללב בסיום השבעה: בסיום השבעה על ליה מלכה ז״ל, שנר3חה באיילון לאור יום, משפחתה עלתה לק_בר. כשחזרו, היילי בת השנתיים, בתה של מלכה שנותרה יתומה מאם, גילתה את ההפתעה שהכינו לה: כלבלב שחיכה לה שם ויצטרף למשפחה החדשה שיבנו @yaelciec",20,399640,32695,403,577,90,875
7650479706868829460,2026-06-12,Video,"""לא רוצה לחשוב על זה שהוא לא יהיה"": פעיל הליכוד שלא יכול לדמיין מצב בו נתניהו לא יהיה בשלטון (אלון שרביט)",36,117430,5231,264,409,130,193
7650465333425245461,2026-06-12,Video,"גם לאחר שהסירה את החולצה - נשארה בחוץ: שוטרים מנעו כניסה מצועדת שניסתה להיכנס למתחם מצעד הגאווה בתל אביב כשהיא לובשת חולצת מחאה. גם אחרי שהצועדת פשטה את החולצה והכניסה אותה לתיקה מנעו ממנה השוטרים להיכנס מדוברות המשטרה נמסר: ״מדובר באירוע נקודתי שטופל, כלל המשתתפים נכנסים לאירוע״",26,274647,8506,188,476,75,281
7650461107043175701,2026-06-12,Video,"אז מה יותר טוב, הסדרה או הסרט? @amitharari",649,128240,6635,52,757,96,383
7650399030039629077,2026-06-12,Video,מה כל כך מסוכן בנשים בשיריון? @mayarachlin,50,197060,8758,433,379,104,357
7650233453371215124,2026-06-11,Video,חסימות כבישים ופסי רכבת - והמונים שמתעמתים עם השוטרים והנהגים: כך נראו הפגנות החרדים  (עופר חלפון),173,425860,10748,132,960,180,632
7650230707926748437,2026-06-11,Video,לזה השוטרים ממש לא ציפו | הכתבה המלאה תשודר השבוע בחדשות השבת (שלי טפיירו),25,341973,8041,42,275,52,652
7650211441890299152,2026-06-11,Video,"""צריך ללמד את הילדים לקבל את השונה, פחות לבהות, פחות לצחוק"": אדיר נולד עם תסמונת ""טריצ'ר קולינס"" שגורמת לו להיראות אחרת מכולם. הוריו פתחו את עמותת ""פנים אדירות"" - ומסייעים למשפחות אחרות להתמודד עם האתגרים #חדשותהלילה (אליאור לוי) צילום נוסף: @rega_shel_chochma",34,526328,39388,849,1555,157,1340
7650178376207994113,2026-06-11,Video,"קשה לצפייה: מפגין שחסם את צומת גהה נדר0 ונפ3ע קשה - צוות מד""א פינה אותו לקבלת טיפול @_asik_0_07",15,304021,7169,562,789,98,330
7650158794487434512,2026-06-11,Video,החרדים חסמו כבישים בגוש דן - עימותים פרצו במספר מוקדים בין המפגינים לנהגים שנתקעו בפקקים @hadasgrinberg,38,881952,29456,300,6452,820,1847
7650136805160848641,2026-06-11,Video,"ניו יורק: הקומיקאי היהודי ג'רי סיינפלד יצא ממשחק כדורסל של הניקס, כשלפתע פנו אליו מספר אנשים ודרשו ממנו לומר למצלמה ""Free Palestine"" - הוא השיב: ""היא לא קיימת"" (ישי בר יוסף)",14,110465,7588,78,291,59,268
7650071810100251925,2026-06-11,Video,"בגלל שנולדה מתרומת זרע: המדינה לא מכירה בעפרי שאמא שלה נרצחה בבארי ב-7 באוקטובר, כיתומה משני הורים (יפעת עמיאל)",649,187922,11299,118,260,45,406
7650064237628247303,2026-06-11,Video,"אתם מוכנים לזה? ⚽ נכנסנו לאולפן המונדיאל החדש של כאן 11, רגע לפני שהטירוף מתחיל @yoavborowitz",200,33958,926,13,27,6,52
7649872639321820432,2026-06-10,Video,"הפגנות החרדים הולכות ומתרחבות - והם מבטיחים: ""זה רק הפרומו"" (יאיר אטינגר)",170,67590,1636,19,112,41,110
7649872643386133777,2026-06-10,Video,חדירת המHבל מלבנון והפיג|ע הקטלני ביישובי קו התפר בתחילת השבוע הציפו מחדש את הפחדים הכי גדולים של כל מי שגר סמוך לגבול @haimgoldich,294,82567,2873,14,155,31,171
7649721603076541716,2026-06-10,Video,"הנשיא הרצוג פנה לנשיא לבנון בערבית: ""מושיט יד לשלום, הוקיעו את חיזב@ללה ואיראן מתוככם"" (גילי כהן) קרדיט: גרגורי באדו, מקליט: גדעון ארנולד",31,106392,2615,215,386,138,175
7649706569248214293,2026-06-10,Video,"כתבנו רובי המרשלג, תושב קו העימות, קיבל את אות ההוקרה של פסטיבל ""שובר מסך"" במכללה האקדמית יזרעאל: ""אל תשכחו את תושבי קו העימות השקופים"" (נועה אקסינר) @רובי המרשלג Rubi Hammerschlag ",27,7380,66,6,5,2,1
7649674022451465493,2026-06-10,Video,"ח״כ שמחה רוטמן מהציונות הדתית, יו״ר ועדת החוקה בכנסת, הצהיר שלממשלה הייתה ״קדנציה נהדרת״ - והוציא מהדיון משפחות שכולות שהתנגדו לאמירה  (דקלה אהרון שפרן) 📸: באדיבות ערוץ הכנסת",46,24977,783,11,39,9,37
7649490877848636692,2026-06-10,Video,על אזעקת צבע שחור שמעתם? @daniel.grovais,473,246063,11263,208,1482,234,860
7649491795784568085,2026-06-09,Video,זה הוא שהביא לניקס את המנחוס...? (איתמר וישנקו),200,18090,356,3,11,1,16
7649460049382853906,2026-06-09,Video,"החמ""ל שמוביל את המלחמה נגד הגיוס נחשף: ""הדרישה - לשחרר את החטוף שלנו"" @daniel.grovais",22,72789,2560,70,159,22,90
7649388879291731208,2026-06-09,Video,שיאים חדשים בכנסת: חברת כנסת נובחת על האופוזיציה?!  (דקלה אהרן שפרן) צילום: ערוץ כנסת,30,50413,3222,299,98,36,82
7649325431224552720,2026-06-09,Video,משני צידי המפה הפוליטית: מה עומד מאחורי היחס העוין של הספרדים לישראל? #רקשתדעו,122,270621,14099,86,1239,341,919
7649277402459294992,2026-06-09,Video,"טראמפ התייחס הלילה בשורת ריאיונות למצב במזרח התיכון, וסיפר על השיחה עם נתניהו אחרי היר*י מאיראן: ""לא אמרתי לו יתקוף חזרה, אלא שיפסיק מהר ככל הניתן"". כזכור, גורמים המעורים בפרטים טוענים כי השיחה הייתה תקיפה מאוד. לדבריהם, טראמפ הבהיר במהלכה כי אם ישראל תצא לתק*פה רחבה באיראן - היא תישאר לבד. (איתמר מרגלית)",15,228337,6605,44,184,39,298
7649118850369244432,2026-06-09,Video,כל שבוע יוצא מוצר חדש עם תוספת חלבון - אבל האם זה בריא בכלל? (נוב ראובני) @קרן אן גיימן ,432,236216,7701,176,1668,522,983
7649116823421750544,2026-06-08,Video,האימפריה של שפע יששכר על המסך הגדול @doritassarafmizra,410,223146,11375,105,1869,357,719
7649075812154625300,2026-06-08,Video,האיום האיראני נתפס בעדשה??,18,150631,3708,49,125,21,218
7649054192396520720,2026-06-08,Photo,"סבב בזק: אחרי ההודעה על נצירת האש - פיקוד העורף עדכן את ההנחיות, הלימודים מחר יתקיימו ברחבי הארץ. בקו העימות הלימודים יתקיימו במרחבים מוגנים או במבנים שניתן להגיע מהם למרחב מוגן תקני בתוך זמן ההתגוננות @liran_kogahinoff 📸: אילוסטרציה",0,63849,1250,117,218,51,40
7649051088494038288,2026-06-08,Video,"""איראן וח*זבאללה ניסו לכפות עלינו משוואה חדשה: זה לא קרה, וזה גם לא יקרה"": כמעט יממה אחרי תחילת הסבב מול איראן, נתניהו התייחס לאירועים הערב בהצהרה מוקלטת. רה""מ אמר שהא.ש. בחזית איראן נצורה כרגע, אך אם היא תתק!ף שוב, ישראל תגיב בעוצמה. עוד הוסיף נתניהו כי עדכן את טראמפ בעניין",28,263771,10065,196,469,85,475
7649050084784590097,2026-06-08,Video,"ראש עיריית קריית שמונה, אביחי שטרן: ""טראמפ לא היה מאפשר לעיר בארה""ב לחיות תחת איום כזה"" (תמר אלמוג, @ifatglick1)",66,34479,918,22,43,13,42
7649036056628694288,2026-06-08,Video,"""צרצרים!"" 🦗 ביום של חילופי א.ש. מול איראן, כשהכנסת עבדה במתכונת מצומצמת, ועדת הכנסת דנה בבקשת החסינות הפלילית של ח""כ טלי גוטליב מהליכוד. לצד האשמות קשות נגד ראשי מערכת הביטחון, גוטליב סיפקה את רגע השיא של הדיון כשהחלה לחקות קולות של צרצרים בלייב כדי לעקוץ את חברי האופוזיציה. צפו בחיקוי שהשאיר את הנוכחים בהלם (דקלה אהרון-שפרן)",45,77882,3032,213,143,55,108
7649028948885572881,2026-06-08,Video,"במהלך ריאיון בלבנון עם חבר פרלמנט מטעם ח*יזבאללה, הציג המגיש שאלה שהופנתה לאולפן מטעם דובר צה""ל בערבית, אביחי אדרעי, בנוגע למוצב הבופור (קלעת א-שקיף). המרואיין סירב להשיב, בטענה כי אין לנהל שיח עקיף עם התקשורת הישראלית. @roikais1987",57,66664,758,2,22,8,42
7648762045990472977,2026-06-07,Video,"דובר צה""ל: ""איראן ביצעה טעות חמורה. אנו ערוכים לאפשרות של ירי נוסף""",63,100551,2997,56,69,20,133
7648747384582737168,2026-06-07,Video,"משחק חצי גמר הפלייאוף בכדורסל בין הפועל תל אביב והפועל ירושלים נעצר בעקבות השיגורים מאיראן, ולא יחודש. ""השחקנים שלנו לא מרגישים בנוח לחזור לשחק"", אמר מנהל הפועל ירושלים, ""הם מודאגים ואנחנו תומכים בהם"". התוצאה בסיום הרבע השלישי - 67:77 להפועל תל אביב. בינתיים לא ידוע האם ייערך משחק חוזר ומתי (@yoavborowitz ליאן וילדאו)",14,38538,790,14,36,8,44
7648717212609531156,2026-06-07,Video,"״איך שיצאה הקסטה הראשונה - כולם רצו להיות ישי לוי״: יהודה קיסר נפרד מחברו ישי לוי, שהכיר ממש מהיום הראשון @kerenuzan1  #ישילוי #מזרחית #מוזיקהישראלית #מוזיקה",37,55467,1893,19,47,15,71
7648672408865459474,2026-06-07,Video,"להתראות ישי, תודה על כל הלהיטים 💔 הפרק המלא של ""צליל מכוון"" מחכה לכם בכאן BOX⁩",208,189860,11243,115,208,39,453
7648670796403051796,2026-06-07,Video,מה כל כך מדליק את טראמפ באי נידח באלבניה? הערב במהדורת כאן חדשות (דב גיל-הר),39,47042,659,3,41,15,40
7648654632616594708,2026-06-07,Video,"״מי חשב שנבכה כל כך?״: איתמר, חברו של סמל אהד יערי ז״ל, שנפל בלבנון בסוף השבוע, הספיד אותו בהלווייתו",34,64715,4851,310,60,6,137
7648645126436228372,2026-06-07,Video,"סגן ע' הוא הגבר היחיד בפלוגת לוחמות היגואר הראשונות בצה""ל (יעל צ'כנובר)",38,437165,25491,250,1939,301,892
7648594324103384340,2026-06-07,Video,"לוחמות היגואר הראשונות בצה""ל - שמפעילות כלי עוצמתי וקטלני - לא מתרגשות מרעשי רקע @yaelciec",31,192920,13660,77,337,82,442
7648553945987599637,2026-06-07,Video,"שרה מיבנאל חותנה בגיל 15 - ותעשה הכול כדי שזה לא יקרה לאחרות: ""הרשויות יודעות ומתעלמות"" #גליקותמר @amitharari @ifatglick1",59,276925,13965,119,637,145,545
7648533698408746260,2026-06-07,Video,"תלמידי בית ספר מקיבוץ נאות מרדכי יצאו להתאוורר בטיול - ונאלצו להיכנס למיגונית בעקבות אזעקות. המורה הרגיעה אותם: ""גם אני קצת חוששת, וזה בסדר""  @rubihammerschlag",27,278256,15385,126,406,82,461
7648383640174447892,2026-06-07,Video,"אבטיח גורמה: עונת האבטיחים נפתחת, והפעם לא רק על החוף (איתמר מאירי)",585,327655,11310,54,970,132,525
7648382571142810900,2026-06-06,Video,"בעקבות הכתבה ששידרנו על טורקו, הצעירה הטורקייה-המוסלמית שהגיעה ללמוד בישראל והפכה לפעילת הסברה למעננו – היא הפכה ליעד. כעת היא נרדפת במולדתה, ואפילו ארדואן תובע אותה אישית (איילה חסון)",215,69729,2447,23,166,18,189
7648340057027317013,2026-06-06,Video,"תופס צד: בדרכו לביקור בן שבוע בספרד, נשאל האפיפיור לאו ה-14 על המטוס במי הוא תומך – ברצלונה או ריאל מדריד. תשובתו לא איחרה לבוא: ""האפיפיור בעד כל הקבוצות, אבל פרבוסט (שם משפחתו האמיתי) אוהד את ריאל מדריד"" (יובל ענבר)",12,208539,7122,77,417,46,272
7648174668641226005,2026-06-06,Video,"זוכרים אותו מ""בואו לאכול איתי""? המסעדן טל רשבסקי פותח מקום חדש שמוקדש כולו לשניצל (יובל אגסי)",893,365171,15061,115,1411,232,1194
7648047281689824532,2026-06-06,Video,הלוחמים ששרדו מתקפה של רחפן נפץ מספרים: כך זה מרגיש להיות על הכוונת של מhבלי חיזבאללה (אורי לוי),90,452271,20651,312,862,213,752
7648045349101145364,2026-06-06,Video,"חן אמסלם מתכוננת לתפקידה החדש כבמאית חדשות בסדרה ""טיפול לילי"" - ולוקחת טיפ מנצח מ-@ifatglick1  #גליקותמר @amitharari",49,21964,493,2,6,0,19
7648025025068403988,2026-06-05,Video,"רחפני הנפץ הם הסיפור - או אולי המחדל - הגדול של המערכה הנוכחית בלבנון, ופגיעתם בשורות הלוחמים קשה ומפחידה. מה עובר על מי שעומדים מולם בחזית חסרי אונים - ומגלים מאוחר מדי שהם על הכוונת של חיזבאללה? (אורי לוי)",537,59980,1927,3,62,31,113
7648020036984032533,2026-06-05,Video,ר3ח שהיה ניתן למנוע? 💔 @yaelciec,203,587175,27774,549,1608,409,1322
7647933676621253908,2026-06-05,Video,"ליה עפרי מלכה נר3חה אמש באיילון בפיצוץ מטען שהוצמד לרכבה - לפי החשד על ידי הפרוד שלה. אביה מספר: ""הוא איים לר3וח אותי ואת אשתי, את ליה וגם את הנכדה (שהיא ביתו). הלכנו למשטרה, אבל לא עשו עם זה כלום"" @yaelciec",47,197809,5160,105,459,170,250
7647884599984639253,2026-06-05,Video,"בזמן שבמרכז החיים ממשיכים – שרי ממטולה נאלצת לישון בממ""ד קטנטן: ""מרגישה כמו אנה פרנק"" מתוך סדרת הכתבות ""שתי מדינות"" @riad.alee",24,126205,5997,40,507,34,193
7647880218681675028,2026-06-05,Video,המטפס שכבר הוגדר מת – ואז נמצא בחיים באוורסט (יעל צ'כנובר),239,178335,6059,17,106,11,255
7647876153700519188,2026-06-05,Video,הנבחרת המפתיעה שהעפילה למונדיאל (אופיר הלפרין),297,145448,4480,35,209,35,225
7647874153227357460,2026-06-05,Video,המונדיאל במקסיקו בסכנה? (איתמר וישנקו),208,53073,1177,11,45,16,64
7647789451694968085,2026-06-05,Video,"כדי לתקשר עם המחבלים ולחפש דרך לשרוד, מקסים הרקין בחר לשחק את ""המשחק"" של חמאס ו״להתאסלם״. החשיפה הדרמטית של שורד השבי - הערב בחדשות שישי (איטה גליקסברג)",35,531749,31965,44,255,33,1059
7647585405377793298,2026-06-04,Video,תראו מי בא לטרנד! #מיהשוקולד,28,20918,551,15,28,6,36
7647556370085973269,2026-06-04,Video,"הממשל האמריקני שחרר מסמכי עב""מים - ורק גרם לכולם לחשוד יותר 🛸 (מיכל רשף) #סיפור_עולמי",518,196652,7295,73,843,203,1103
7647551829475118356,2026-06-04,Video,"""ראיתי הכול בעיניים שלי, ידעתי שאני הבא בתור"": שורד השבי מקסים הרקין חוזר לראשונה למקום ממנו נחטף ב-7.10. הריאיון הבלעדי - מחר בחדשות שישי (איטה גליקסברג)",28,405344,17059,218,215,41,657
7647522380222369044,2026-06-04,Video,רכבת התקלות: מה קורה על המסילות שמסיעות מאות אלפי ישראלים מדי יום? @ifatglick1,754,68007,1750,27,430,122,261
7647486780198980884,2026-06-04,Video,"""הבריונות המילולית הופכת לאלימות פיזית"": נשיא העליון לשעבר מגיב לראשונה להשחתת בית השופט סולברג. הריאיון המלא והבלעדי - ב-15:00 @ifatglick1 (תמר אלמוג)",18,52691,869,177,36,9,47
7647462562757365012,2026-06-04,Video,"שבוע למונדיאל 2026, הקרב האמיתי כבר הוכרע בארון הבגדים: כך חולצות הכדורגל הפכו רשמית לפריט האופנה הכי לוהט ברחוב 💅🔥 @maylaurencelola",520,58656,1666,10,79,17,122
7647245652887424277,2026-06-03,Video,"טעים, כשר - ובחינם: הראמן הקוריאני של לים וצ'ה כובש את סמטאות העיר העתיקה בירושלים  @anastasia.stu7 ",86,421400,31788,220,7336,1363,7599
7647242063314013461,2026-06-03,Video,"""היא המשפחה היחידה שלי פה בארץ"": חודשים אחרי שביתה נפגע במלחמה - המדינה דורשת לגרש את המטפלת הזרה של שושנה, ניצולת שואה בת 97, שגרה לבדה בארץ  @איציק זוארץ Itsik Zuarets ",48,275870,13742,84,344,19,520
7647204069961993479,2026-06-03,Video,"""הממשלה הכי רעה מאז הקמת המדינה, בלוף אחד שלם"": ראש מועצת מטולה, דוד אזולאי, בראיון זועם, תוקף בחריפות את החלטת הממשלה החדשה לצפון ומאשים את השרים בניתוק מוחלט מהמציאות בשטח. אזולאי חושף כי תוכנית הטבות המס לתושבי הצפון נבנתה בירושלים מבלי להתייעץ עם ראשי הרשויות המקומיות, מבהיר שרוב התקציבים נדחו בכלל לשנים הבאות: ""אני שבע מהבטחות, משרד ראש הממשלה אלוף ב'הפרד ומשול' וביצירת קרעים בינינו"" (קרן רפאלי לנץ)",77,28153,1132,70,46,17,34
7647193616590425365,2026-06-03,Video,"בלי תמונה אין אמונה? ח""כים מהליכוד התבקשו לצלם את עצמם מצביעים למבקר המדינה - כדי להוכיח שהם הצביעו למועמד שבו תמכה הקואליציה  📸: באדיבות ערוץ הכנסת",12,91284,2984,55,297,94,163
7647168715053796629,2026-06-03,Video,לבועז בן ה-7 משדה נחמיה נמאס מהמצב בצפון  @רובי המרשלג Rubi Hammerschlag ,11,17377,330,9,24,6,17
7647150637624429845,2026-06-03,Video,"שנים היא הלכה בין הטיפות, ועכשיו היא מעיזה לצפצף על טראמפ ולחבור לאיראן. מה באמת קורה מאחורי הקלעים של המתווכת השקטה מהמפרץ? 🤫 @roikais1987 #בשכונה_שלנו",409,43440,862,4,21,10,79
7647138777588174101,2026-06-03,Video,,51,385077,22668,684,4824,983,954
7647120818387832085,2026-06-03,Video,"טראמפ מודה: ""קראתי לביבי 'משוגע' ואמרתי לו שעזרתי לו לא להיכנס לכלא"" @Rambo ",21,126834,2401,73,376,157,198
7647097853977890068,2026-06-03,Video,אחרי שפתח שגרירות חדשה בפיג׳י: במדינת האי נפרדו משר החוץ סער בטקס צבאי ססגוני במפקדת הכוחות המזוינים בבירה סובה ובשירת פרידה מסורתית @Rambo ,23,16557,346,6,4,1,17
7647062313307999509,2026-06-03,Video,"“בטלן ברשות התורה, משפחות יושבות שבעה ואתה מגן על השתמטות”: ח”כ גלעד קריב מהעבודה תוקף במילים קשות את ח”כ גפני בדיון בוועדת הכספים על חוק המעונות, שנועד למעשה לעקוף את הקפאת הסבסוד לאברכים שמסרבים להתגייס לצה”ל (דקלה אהרון שפרן)",37,88405,5047,121,313,98,218
7646888873368341780,2026-06-03,Video,בחזרה לתיק שהסעיר את המדינה @nofar_moshe_ferdo,516,112262,5609,84,112,22,276
7646888586633153813,2026-06-02,Video,"""בלעדיי היית בכלא!"" @yoavzehavi10",161,336259,12799,194,1158,171,978
7646887142966234389,2026-06-02,Video,חוזרים לשלם יותר על הזמנות מחו''ל @yaelciec,232,47034,1099,29,120,24,79
7646873020132330773,2026-06-02,Video,"""רציתי שנמשיך ביחד עד שנהיה זקנים""💔 אלמנתו של סרן ד""ר אורי יוסף סילבסטר ז""ל ספדה לו בדמעות ד""ר אורי יוסף סילבסטר ז""ל, בן 30 מתל אביב, נפל מפגיעת רחפן נפץ של חיזבאללה סמוך למצודת הבופור. יהיה זכרו ברוך",41,186672,14112,1164,159,34,363
7646870940646771988,2026-06-02,Video,"""הניצחון רק הפך למתוק יותר"": שעתיים לפני משחק האליפות, שחקן א.ס. רמת השרון בכדור יד, רם טורקניץ, נתקע ביחד עם שלושה שחקנים זרים בחסימות של מחאות החרדים בכביש 4. אבל למה שזה יעצור אותם מלהגיע ולקחת את האליפות? @lianwildau1981",58,91210,2873,7,184,22,82
7646735689979071760,2026-06-02,Video,"קולות חריגים מביירות: ממשפיען נוצרי שמברך על התקדמות צה""ל מול המצלמות, ועד לסרטון AI שהוא למעשה הגרסה הלבנונית לקמפיין הליכוד @anastasia.stu7",212,63091,1832,56,52,17,89
7646733873124035841,2026-06-02,Video,"חברת LAST MINUTE מפרסמת דילים לחופשות בחו""ל, אבל לפי עדויות של לקוחות כשהתוכניות משתבשות אין למי לפנות (אופיר הלפרין)",203,404944,13532,160,3612,1140,1564
7646725022890970385,2026-06-02,Video,"אורחת במלון ""צלילי המדבר"" בדימונה הזמינה את נעמי וולקר לעשות בייביסיטר על ילדיה. אבל כשנעמי הגיעה היא גורשה משם על ידי מנהל המלון שאמר: ""יש לי ניסיון מר עם קהילת העבריים, אני לא רוצה טיילת"" @mayarachlin",57,327892,12917,203,1356,223,811
7646722569764162834,2026-06-02,Video,"רגעי החילוץ מתוך ההמון חייל צה""ל ירד מאוטובוס שנחסם בגשר המיתרים בירושלים, ונקלע להפגנת החרדים נגד מעצר עריקים. בתיעוד ממצלמות הגוף של לוחמי יס""מ ירושלים נראים רגעי החילוץ שלו, אחרי שלפי המשטרה מפגינים קיללו אותו, ירקו לעברו והשליכו חפצים. @haimgoldich (ורד פלמן) צילום: דוברות המשטרה",44,22565,551,4,17,8,15
7646695476149964033,2026-06-02,Video,"שי ומלי, הוריו של סמ""ר אדם צרפתי שנפל בלבנון: ""היו לו חלומות של ילד בן 20 - לטייל ולהיות עם חברים. נחיה את כל חיינו עם צער גדול"" @mayarachlin",23,59581,5707,148,39,1,101
7646525909775797525,2026-06-02,Video,תכירו את ״הטיגריס״ @yoavzehavi10,225,187849,8840,107,471,165,349
7646525019891322132,2026-06-01,Video,הנהג שלנו אוטומט @ittaishick,418,42645,868,14,103,31,80
7646353952711216405,2026-06-01,Video,רק 1 מתוך 7 אנשים שם לב לבלוף הזה בסופר. ואתם?  🛒👇 @Ofir  Halperin ,198,68316,4171,77,323,83,196
7646341604583673109,2026-06-01,Video,"השגרה של תושבי בוסטון הופרעה אתמול על ידי פיצוץ חריג - שהתברר שנגרם כתוצאה ממטאור שחדר לאטמוספירה (@yoavzehavi10, מיכל רשף)",160,314266,8683,53,558,127,659
7646325667256274196,2026-06-01,Video,אין צורך לנסות בבית: האתגר בטיקטוק שגורם לצעירים לנסוע היישר לתוך הכיכר @annapines_,162,498668,17328,119,1634,168,955
7646322774377516308,2026-06-01,Video,"חגיגות הזכייה של פריז סן ז'רמן יצאו משליטה: מאות עצורים, פצועים והרוג בחגיגות הניצחון של פריז סן ז'רמן (דב גיל-הר)",268,85352,2808,13,210,22,111
7646311401157430548,2026-06-01,Video,ממש בזול: אושר עד מתחילה למכור רכבים (עופר חלפון),180,759469,30028,365,5024,1383,1618
7646169651700944149,2026-05-31,Video,"תיעוד מטריד מחיפה: פקח מ@ה ומ#לל נער, כששוטרת עומדת לידו. מהמשטרה נמסר: ״נבהיר כי הסרטון מתעד חלק מצומצם מהאירוע בלבד, ואינו משקף את השתלשלות האירועים במלואה. החומר יועבר לבחינה של הגורמים הרלוונטיים״  (אורלי אלקלעי)",14,623028,19860,196,1999,187,1562
7646121995842751764,2026-05-31,Video,"שמעתם פעם על 10 יחידות בגרות בבישול?👨‍🍳 אורנה איזנמן, מנהלת תיכון אורט מיטרני, מסבירה למה החליטה לקחת את הבגרויות הכי לא שגרתיות ולהפוך אותן ללהיט בטיקטוק: ""התלמידים כל הזמן שמעו כמה הם לא יכולים, אבל הדבר היחיד שמעניין אותי זה במה הם טובים"" #כאןבשש (יאיר ויינרב)",79,261826,24226,236,2118,152,806
7646105408175607061,2026-05-31,Video,"בזמן שראש עיריית ניו יורק הנוכחי, ממדאני, סירב להגיע למצעד ההצדעה השנתי לישראל (Israel Day on Fifth), מי שהגיע להרים את השדרה החמישית הוא אריק אדמס שהצטרף לחגיגות🎉 המצעד הענק, שנערך תחת הכותרת ""אמריקנים גאים, ציונים גאים"", לווה באבטחה חסרת תקדים של משטרת ניו יורק והפך למפגן תמיכה עם עשרות אלפי משתתפים, למרות העלייה בתקריות האנטישמיות בעיר (נתן גוטמן)",14,87300,7091,90,87,25,136
7646053322717351186,2026-05-31,Video,"אחרי הזכייה בליגת האלופות, אלפי אוהדים התפרעו ברחובות פריז. עם הגעת הקבוצה לעיר הערב, האם המהומות רק יתגברו? שליחנו יצא לבדוק - עם קסדה, כמובן. (דב גיל-הר)",29,131293,3994,62,105,26,118
7646035065587207432,2026-05-31,Video,אחרי שכבשו את הבופור: תיעוד מפעילות לוחמי גולני במקום @itayblumental1 📸: שמעון סודרי,12,132533,5812,68,93,26,137
7646026344832257287,2026-05-31,Video,לבנון: רוחצים בנמל העיר צור חזו מרחוק בתקיפ!ת חיל האוויר בעירם (לירן אהרוני),10,237588,3615,25,87,30,117
7645984532390300935,2026-05-31,Video,חשבתם שזה ויראלי? זה פשוט בתשלום. ככה עובדת התעשייה שמזייפת תגובות ומחליטה מה תחשבו,412,63347,3016,72,754,288,415
7645781399097642247,2026-05-31,Video,"חצי הכוס המלאה: התיירות באילת פורחת בצל המצב, ויש מי שכבר חולם על מישלן @itayblumental1",329,95447,2679,34,770,245,448
7645938824899562770,2026-05-31,Video,"שוב אלימות: בפעם המי יודע כמה, כיסאות ""כתר"" התעופפו באוויר בקטטה המונית שפרצה אתמול בבריכה בערד. המשטרה עצרה שלושה מעורבים. (אסף פוזיילוב)",28,534455,15170,286,3596,538,848
7645772112547859730,2026-05-31,Video,"מוסטפא ריזרגני הוא מוסלמי, יליד מרוקו - וגם תומך גדול של ישראל ושל היהודים: ""שמעתי מהסביבה סיפורים נפלאים על יהדות מרוקו, אבל אז באה רשת אלג'זירה ותיארה את ישראל ואת היהודים כמפלצות. מתוך הבלבול הזה, הלכתי ובדקתי וכך חשפתי את השקרים שלהם"" (איילה חסון)",476,113083,5495,53,720,287,417
7645714802232380690,2026-05-30,Video,"""פרי פלסטיין, נא ללכת"": זוג יהודיות הואשמו בתמיכה ברצח עם - וגורשו מסאונה בברצלונה. הקהילה היהודית בברצלונה התייחסה לתקרית: ""לא יכולים לנרמל מציאות כזו, זו בושה לחברה שלנו"". (דב גיל-הר)",65,367928,15916,267,525,80,624
7645691906243988743,2026-05-30,Video,"כבר לא רק קו העימות: ח*זבאללה שיגר רקט!ת לעבר נהריה לראשונה זה שבועות - רוחצים בחוף בעיר נמלטו. בנוסף, לראשונה מאז ""הפסקת האש"" בצפון, ח*זבאללה *רה לעבר צפת והסביבה (אורלי אלקלעי)",6,1032971,14877,55,2458,410,730
7645679875768225032,2026-05-30,Video,"פליפה השישי והמלכה ליטיציה הגיעו לעיר ויגו כדי להוביל את האירוע המרכזי של יום הכוחות המזוינים הספרדי: מצעד צבאי גדול בו משתתפים 3,700 אנשי צוות, 70 מטוסים, יותר ממאה כלי רכב ו-32 אופנועים. בעת הנפת הדגל מול המלך, הוא צנח לקרקע, בעוד התותחים רועמים והתזמורת מנגנת. מה דעתכם על התגובה של מלך ספרד? (דב גיל-הר)",24,71054,1806,111,90,30,72
7645647601655745810,2026-05-30,Video,"נהוראי נפרד מסבתא רוזה: בשיא מבצע ""שאגת הארי"" פגשנו את נהוראי ממעלות, שרץ עם סבתא רוזה על הידיים למקלט בכל אזעקה. השבוע חזרנו אל המשפחה בצפון כדי להיפרד מסבתא רוזה הלכה לעולמה (אמיר גרא)",75,277744,23115,438,419,67,640
7645403687044582676,2026-05-30,Video,הקשר לשכונת התקווה ואלפי האוהדים המושבעים: הסיפור המרגש של קבוצת בני יהודה - נחשף בסדרה חדשה (אורי לוי),771,144795,3833,45,429,106,315
7645401083237502228,2026-05-29,Video,"""אני סוחב אותה בלב"": נהוראי ממעלות נפרד מסבתא שלו רוזה - אותה סחב למקלט ארבע קומות בכל אזעקה (אמיר גרא)",803,414527,33487,610,912,138,1382
7645351384174333204,2026-05-29,Video,"מוטי בננה מחלק לחיילים בצפון גם בננות - וגם רשתות נגד רחפנים: ""יהיה טוב, לא צריך להישבר"" (תמר אלמוג, @ifatglick1)",43,233830,14242,50,1087,113,416
7645330515326733588,2026-05-29,Video,לאוס: שבעה בני אדם נלכדו יותר משבוע במערה שנחסמה עקב גשמים. חמישה אותרו בחיים ושניים עדיין נעדרים. בתיעוד ניתן לראות צוות חילוץ תאילנדי מחלץ את אחד הלכודים (איתמר מרגלית) 📸: שימוש לפי סעיף 27 א' לחוק זכויות יוצרים,22,108708,2022,8,44,9,56
7645294894675660052,2026-05-29,Video,"לא הכול טיל: ניסוי הרקטה של ג'ף בזוס הסתיים בפיצוץ אדיר 🚀💥 רקטה של חברת ""בלו אוריג'ין"", שנמצאת בבעלות המיליארדר ומייסד אמזון ג'ף בזוס, התפוצצה במהלך בדיקה לקראת שיגור בפלורידה. על פי עיתונאי מקומי, גם בתים רחוקים יחסית מאזור השיגור רעדו מעוצמת הפיצוץ. רקטה זו הייתה אמורה להיות מרכיב מרכזי במשימות ""ארטמיס"" של נאס""א, שמטרתן להמשיך את חקר הירח ולהוות בסיס למשימה מאוישת עתידית למאדים. עם זאת, בבלו אוריג'ין ובנאס""א לא מוותרים על החלום - והבעלים ג'ף בזוס כבר הגיב לאירוע ואמר: ""זה יום קשה מאוד, אבל נבנ",23,150140,4306,48,146,22,178
7645275341073796372,2026-05-29,Video,"מוסטפא, מוסלמי שגדל במרוקו, משתף אילו שקרים שמע על ישראל במהלך נעוריו - ומספר על ניסיונותיו לגלות מהי האמת: ""חינכו אותנו לחשוב שהישראלים הם ר!צחי ילדים"" | הריאיון המלא - מחר בחדשות השבת עם איילה חסון",52,211002,14319,85,683,165,579
7645225707123002645,2026-05-29,Video,המסעדה הכשרה הראשונה שמקבלת כוכב מישלן: השף הישראלי עשה היסטוריה ✨ (דב גיל-הר),44,35988,1937,22,46,14,57
7645063284797771029,2026-05-28,Video,מטא משיקה מינוי פרימיום לרשתות החברתיות - אבל האם הוא בכלל שווה את המחיר? @ittaishick,171,68803,1878,68,357,51,180
7645063293681274133,2026-05-28,Video,"הלב נשבר: סמלת רותם ינאי ז""ל, מש""קית ת""ש בחטיבת גבעתי, הובאה למנוחות  (חן ביאר)",206,265827,19283,447,370,58,520
7645021511471942932,2026-05-28,Video,המעיין הנסתר במדבר שסוחף אליו אלפי מטיילים נרגשים (ישראל רוזנר),38,57412,1597,4,50,14,87
7644939681511001360,2026-05-28,Video,"""כשחזרת הביתה - ביקשת לבשל לחיילים שנשארו רעבים"": אימה של סמל רותם ינאי ז""ל שנפלה מפגיעת רחפן נפץ ספדה לה בכאב, וסיפרה על הנתינה הגדולה שהייתה חלק בלתי נפרד מרותם (חן ביאר)",59,412854,30946,2070,523,78,729
7644925481938177297,2026-05-28,Video,"שובר לב: משפחה של סמל רותם ינאי, שנפלה בפיצ!ץ רחפן של ח*זבאללה, נפרדת ממנה בהלוויתה 💔 (חן ביאר)",11,532745,36450,3344,832,104,1238
7644896941251284242,2026-05-28,Video,"בזמן שרחפני הנפץ משגעים את הצפון, באוקראינה מצאו דרך להפוך את האיום לנשק - וזה כבר משנה את כללי המשחק @yoavzehavi10 #סיפור_עולמי",372,189244,6080,35,1086,596,469
7644688439601909013,2026-05-27,Video,"חיפשו זהב ובעלי חיים - ונלכדו במערה: החילוץ הדרמטי בלאוס, והמרוץ נגד הזמן למציאת הנעדרים האחרונים ⛑️ (מיכל רשף)",161,68501,1405,7,30,7,66
7644626732812750101,2026-05-27,Video,בתעשייה האזרחית יש שפע של פתרונות לאיום רחפני הנפץ של חיזבאללה - אז איך אנחנו עדיין שומעים על חיילים שנפגעים מהם בלבנון?  @riad.alee,48,83336,2512,6,111,33,108
7644589278508551445,2026-05-27,Video,"שמעתם על אינדקס? הטרנד המסוכן של נערות ונערים הקיץ - כדי ""לחסוך"" בזמן השיזוף בים  (יעל צ׳כנובר)",45,584078,28999,216,2973,330,1350
7644569771433889045,2026-05-27,Video,"סוף טוב: יותר משבוע אחרי שאבד איתם הקשר - חמישה אנשים חולצו בחיים ממערה בלאוס. החמישה נמצאו כשהם יושבים על סלע ומוקפים במים, לאחר ימים ארוכים ללא מזון. החיפוש אחר שני לכודים נוספים נמשך  (איתמר מרגלית)",8,118536,3300,13,58,15,85
7644531608225074453,2026-05-27,Video,"ח""כ אייכלר: ""הקריאה 'משתמטים' מתירה את ד@ם של לומדי התורה, האברכים לא מוגנים מפני פו@עים""  (דקלה אהרון שפרן) 📸: באדיבות ערוץ הכנסת",19,14280,221,13,8,5,10
7644510089071660306,2026-05-27,Video,#קובנוביק מציגים: אבטיחוויזיון איך בוחרים אבטיח מנצח?,79,8738,97,2,6,2,5
7644280687163362578,2026-05-27,Video,"""פחות מאינדקס 10 אני לא באה לים""  המדד הבין-לאומי לקרינה (UV Index) הפך מתמרור אזהרה לכלי ליעילות השיזוף אצל בני נוער @yaelciec",239,554903,34866,355,3571,441,1516
7644475859822218513,2026-05-27,Video,"לפני שנפטר, אבא של שיראל הבטיח לה: ""אני אהיה בחתונה שלך"" - בריאיון היא מספרת איך הגשימה את הצוואה שלו בעזרת טכנולוגיה ועונה לביקורת שהגיעה מהסרטון הויראלי @sharondavidovitch",67,175093,9314,135,465,107,377
7644280015521074440,2026-05-27,Video,מירוץ דרמטי נגד השעון: שבעה כפריים שיצאו לחפש זהב בלאוס נלכדו בעומק האדמה בגלל גשמים ומפולות בוץ. צוות חילוץ יצא בעקבותם יואב זהבי,182,209088,4447,4,143,23,233
7644278951325502728,2026-05-26,Video,הציל חיות בר או השיג גבול? פעיל סביבתי שנכנס למזבלה כדי להציל חסידות פצועות וחברה גדולה שתובעת אותו בחצי מיליון - הכל על העימות הדרמטי אסף פוזיילוב,198,902829,48131,164,1179,246,2036
7644212281823235344,2026-05-26,Video,המשפחה שעזבה את ג'סר א-זרקא חושפת כמה כסף היא מוציאה @lielkyzer1,401,244841,4571,77,1034,355,563
7644129566386179348,2026-05-26,Video,גם ביבי דיבר פעם על שלום. אבל מה קרה מאז? השלום ושברו | פרק 2 (אורן אהרוני),635,33184,920,29,43,11,76
7644129121752124692,2026-05-26,Video,שלום שלום ואל תבוא לי בחלום: למה בישראל הפסיקו לדבר על השלום? השלום ושברו | פרק 1 (אורן אהרוני),718,122185,7662,72,347,82,470
7644128684269489429,2026-05-26,Video,עושה חשק? @liran_kogahinoff,180,476854,13551,98,7449,2734,2020
7643908170967944466,2026-05-26,Video,איך קם אדם בבוקר ומגלה שמישהו גנב את הזהות שלו כדי להנפיק חשבוניות פיקטיביות בשווי של 100 מיליון שקלים? @roiyanovsky,578,166922,2990,49,1080,450,517
7643907853278874887,2026-05-26,Video,"חודשים ארוכים של ריצה מטורפת למחסה בשברירי שניות, ורק עכשיו מודיעים על שינוי שיאריך את זמן ההתגוננות של תושבי הצפון - למה זה לקח כל כך הרבה זמן? @rubihammerschlag",233,22601,383,8,16,3,26
7643811015607520528,2026-05-25,Video,"מאי לייזר, אחותו של נהוראי לייזר בן ה-19 מאילת, שנהרג מפגיעת רחפן נפץ בלבנון: ""לא חשבנו שזה יבוא עלינו"" (יונתן אוחיון)",38,420617,38803,2249,556,96,952
7643799313025486096,2026-05-25,Video,"תופעה מטרידה: צעירים חיכו ששליח ה""וולט"" ילך - וגנבו משלוחי אוכל מהאופנוע שלו @itsikzuarets",213,912488,25970,266,5298,936,1539
7643797454055345424,2026-05-25,Video,"""אנחנו רוצים להאמין שזה אפשרי"": ג'ימבו ג'יי עדיין מדבר על שלום (אורן אהרוני)",34,37274,1598,23,31,9,46
7643712357356670229,2026-05-25,Video,בלתי נתפס: מטוס קל פגע במצנח רחיפה באלפים. הצונחת בת ה-44 הצליחה לפתוח את מצנח החירום ולנחות בבטחה (דב גיל-הר) 📸: שימוש לפי סעיף 27 א' לפי חוק זכויות יוצרים,142,5452993,65286,770,14881,288,5111
7643710880978455829,2026-05-25,Video,הטמגוצ'י חוזר אחרי 30 שנים: חיית המחמד הדיגיטלית תגיע שוב לחנויות (עופר חלפון),247,32538,807,19,138,27,81
7643545651808128273,2026-05-25,Video,עוקץ הביט: שלושה נוכלים גנבו יותר ממיליון שקלים מקשישים  @hadasgrinberg,208,229270,4133,38,929,362,396
7643533807039073557,2026-05-24,Video,סולימאן בן ה-108 מגלה מה הסוד לחיים ארוכים ולזוגיות מאושרת - ולא שוכח לברך @mayarachlin 📺 מתוך כאן בשש,59,1038878,71201,663,10277,4039,4105
7643491693844647185,2026-05-24,Video,"יובל, אחותו הקטנה של סמ""ר נועם המבורגר בן ה-23, שנפל סמוך לגבול לבנון מפגיעת רחפן נפץ, ספדה לו: ""אף אחד בחיים לא יוכל להחליף אותך. אני לא אקבל את זה בחיים""",28,65881,6802,569,79,9,161
7643481965915655444,2026-05-24,Video,"החתונה שהפכה לטר@דיה: 25 שנה לאס!ן אולמי ורסאי, שבהם נהר@ו 23 אנשים ומאות נ@צעו  @riad.alee",70,432585,15687,115,1024,194,1208
7643470451028675861,2026-05-24,Video,"בעקבות הסרטון של בן גביר עם פעילי המשט? הרצוג: ""קומץ אנשים חושבים שלעצירים אין זכויות אנושיות""  (ורד פלמן, חיים גולדיטש) צלם: אבי קנר, מקליט: גדעון ארנולד",24,233912,5396,866,392,112,347
7643469080095247617,2026-05-24,Video,"לכבוד יום הצב הבין-לאומי: הצבים בגן החיות ""מדבריום"" קיבלו טיפול ספא שכלל ""מתקן גרד"", המסייע לנקות את השריון ולהסיר ממנו בוץ וטפילים (אסף פוזיילוב) 📸: מדבריום",42,11811,118,2,5,2,2
7643450679511551249,2026-05-24,Video,"""תמשיך להמר"": מתחת לאפם של ההורים, עולם הגיימינג הפך לקזינו וירטואלי לילדים. משפיעני רשת מציגים זכיות ענק מפוברקות במשחקים ומציעים 'קוד קופון' לעוקבים - ובני הנוער מתפתים, מהמרים ומפסידים עשרות ומאות אלפי שקלים💸 (דניאל אלעזר)",78,194081,7158,108,1004,183,379
7643195892383862037,2026-05-23,Video,קזינו לילדים?  @Daniel Elazar ,600,585649,18268,376,7408,1969,2024
7643186604231642388,2026-05-23,Video,שורדי השבי יאיר ואיתן הורן לא הצליחו לעצור את הדמעות בטקס האליפות של הפועל באר שבע ❤️ @איציק זוארץ Itsik Zuarets ,19,72889,2350,13,47,5,45
7643136645822254356,2026-05-23,Video,"התינוק שי-אל נולד בריא וחייכן במשקל של יותר משלושה קילוגרמים, אבל רגע לפני שההורים היו אמורים להשתחרר מבית החולים - הוא נפ@ר. הם לא קיבלו תוצאות של ועדת בדיקה, ובית החולים סיפק להם מעט מידע. מה גרם למ!תו של שי-אל בבית החולים בגיל שלושה ימים בלבד? @יפעת גליק ",82,484366,21349,295,843,170,1170
7643101847258975509,2026-05-23,Video,"״אני אוהבת את עצמי ככה״: האלופה האולימפית לינוי אשרם עלתה 20 קילו אחרי הפרישה - ועפה על זה בלי להתנצל  @יפעת גליק, תמר אלמוג",58,392843,28489,99,247,18,588
7643079949565398293,2026-05-23,Video,"אחרי שלפני כשבוע ילדים קתולים לימדו את האפיפיור לאו ה-14 את טרנד ה-67, הוא תועד כשהוא מחווה תנועת 67 לקהל גם בסיור בעיירה אצרה שבדרום איטליה (ישי בר יוסף ויובל ענבר)",14,69527,2071,28,392,30,73
7642843946401549585,2026-05-22,Video,"דוקטור, אנחנו מאבדים אותו: השחקן תומר שרון מספר על הפעם ההיא שהוא החזיר לחיים תרנגול שעבר התקף לב באמצע סט צילומי הסדרה #גליקותמר @ifatglick1 תמר אלמוג",29,657669,43205,484,3321,138,2467
7642791216953806096,2026-05-22,Video,"תקרית חמורה לפנות בוקר בגבול הצפון: שני מחבל*ם חמושים הגיעו למרחק של כמה מאות מטרים מהגדר, לפני שח!סלו בידי חיל האוויר. כיתות הכוננות ביישובים הסמוכים לגבול הוקפצו, והתושבים - מוטרדים מאוד @itayblumental1",162,375630,14768,37,1737,372,820
7642468348038532372,2026-05-21,Video,גם בבית הספר שלכם זה נראה ככה? @liran_kog,213,336431,19170,120,2577,226,809
7642421450707701012,2026-05-21,Video,"אחרי שפרסם תיעוד של חברי המשט לעזה כפותים על הרצפה - בכל העולם מגנים את איתמר בן גביר, ויותר מעשר מדינות זימנו את השגריר הישראלי בתחומן לשיחת נזיפה, כשגם הקהילות היהודיות הביעו זעזוע (דב גיל-הר)",223,244171,7340,132,619,174,478
7642319755193502993,2026-05-21,Video,"יש אומץ, ויש את רמת האומץ שנדרשת כדי לפתוח ולטעום את הדג המשומר המסריח בעולם בשידור חי באולפן - והתגובות בהתאם🤢 @sharondavidovitch",31,80153,1472,10,47,5,70
7642250481070345489,2026-05-21,Video,"מאיטליה ועד ונצואלה, מנצרת ועד כפר ורדים: הכירו את בני הנוער שהחליטו לשבור את המחיצות, ללמוד באנגלית ולחיות יחד למרות השוני (אורלי אלקלעי)",298,484770,25178,89,1601,306,1822
7642249611956030736,2026-05-21,Video,"יכול להיות שאנחנו מדינה ""קטנה מדי ולא יציבה""? כך חושבים חלק מהמותגים האהובים עלינו 😫 אז עד שהם יעשו עלייה, איך הישראלים מצליחים להזמין מספורה ומפריימרק ישר לבית? כל השיטות בכתבה (אופיר הלפרין)",322,268950,11958,23,448,68,1173
7642005430234795285,2026-05-20,Video,אולי נחש אותי נחש: כשגם מאיה   וגם המרואיין התבלבלו בשידור חי @Maya Rachlin ,18,520797,28878,121,2141,133,1276
7641975143731940628,2026-05-20,Video,"טראמפ: ״נתניהו יעשה כל מה שאני רוצה. הנשיא הרצוג מתייחס אליו מאוד לא יפה״ (ישי בר-יוסף, איתמר מרגלית)",21,165708,4958,93,454,137,261
7641972368327429397,2026-05-20,Video,"רואי, אשתו של רס״ן במיל׳ איתמר ספיר ז״ל, ספדה לו: ״משהו ממני מת איתך, אבל אני צריכה לשמור על מעיין שלנו״  @חיים גולדיטש ",33,162390,18412,1162,206,25,424
7641972120423091477,2026-05-20,Video,"״דיפלומטיה כושלת, הפסקנו להיות ילדי כאפות!״: אחרי שפרסם סרטון לצד פעילי משט כפותים, השר בן גביר תוקף את שר החוץ גדעון סער - שביקר את המהלך (דקלה אהרון שפרן)",24,71976,3230,280,130,42,118
7641956578819575061,2026-05-20,Video,"קורע לב: תום מכפר עזה ספד לרס״ן במיל׳ איתמר ספיר ז״ל, שהציל אותו ואת משפחתו ב-7 באוקטובר  @חיים גולדיטש ",34,62690,5731,247,48,9,145
7641911202007829781,2026-05-20,Video,"הדיפ-פייק משנה את הבחירות בעולם, ופוליטיקאים מצאו את התירוץ המושלם להכחיש את המציאות. ברוכים הבאים לעידן הפייק. (מיכל רשף) #סיפור_עולמי",372,17933,366,3,4,2,20
7641889931186556181,2026-05-20,Video,"המציאות הבוערת בצפון: ככה נראו חגיגות שבועות בבית ספר בקריית שמונה, כשאזעקה תפסה את התלמידים באמצע היום. במקום לחגוג את החג, הילדים מצאו את עצמם מתגוננים ומצטופפים מתחת לשולחנות @rubihammerschlag",15,187190,5756,190,425,110,319
7641684541555379472,2026-05-20,Video,הישראלים שמוכנים לשלם הרבה כסף בשביל חלום המונדיאל @yoavborowitz,212,313602,12098,268,670,112,668
7641679025840147713,2026-05-19,Video,"שוטרים יצאו למרדף כדי לתפוס עבריין, וכשהוא המשיך לדהור על הכביש – אחד השוטרים פשוט נתלה על רכבו (שלי טפיירו)",250,846798,21296,157,2463,471,1775
7641578107899612437,2026-05-19,Video,"מה יותר קל להכין פסטה או שניצל? טל רשבסקי הידוע בכינויו ""הפסטה נאצ*"" פותח מסעדה חדשה בשם אוסקר'ס שתתמקד במנה אחד - שניצל. האם הוא מתרגש או רוצה שהיא כבר תיסגר?🍝 @sharondavidovitch",49,582192,24064,269,2880,348,1291
7641329651704646932,2026-05-19,Video,"עברית שפה קשה, אבל לא עד כדי כך לא...? @liran_kogahinoff @asafashtar",403,728487,47846,726,6213,1139,2647
7641329312888671509,2026-05-18,Video,"במקום דייט, חיכו לו בפארק נערים במארב אל*ם ומתוכנן @rubihammerschlag",202,510220,21486,114,1958,204,1522
7641256168861469972,2026-05-18,Video,"קנאב*ס זה טבעי - אז זה לא ממכר""? לא בטוח. לוו*ד המודרני יש גם צד אפל שרוב האוכלוסייה לא מודעת אליו עם אחוזי התמכרות שעלו בעשרות אחוזים משנות ה-90 וסיכון גבוה יותר לתסמינים של חרדה, דכאון ולפעמים גם התקפים פסיכוטיים (יפעת עמיאל)",53,438616,16600,136,3787,1079,1582
7641205575585402129,2026-05-18,Video,"בריטני בשירות חיל הים?🌊 פעילי המשט טוענים כי צה""ל שיבש את תדרי הקשר שלהם ושם את השיר ""Oops! I Did It Again"" של בריטני ספירס ברמקולים @itayblumental1 📸Chris Pizzello/AP",20,41905,1416,32,131,15,46
7641145387889200401,2026-05-18,Video,"ארבעה ימים לאחר שיצא לרצועת עזה: צה""ל החל להשתלט על המשט מטורקיה @itayblumental1 📸: שימוש לפי סעיף 27 א' לחוק זכויות יוצרים",23,61235,1957,30,48,12,74
7641105988396911893,2026-05-18,Video,"מההופעה המצמררת של עדן גולן, דרך מסע הריפוי של יובל רפאל, ועד לחזית הפוליטית המורכבת שמולה ניצב נועם בתן (עופר חלפון)",423,56454,3360,9,41,8,195
7641104556830641429,2026-05-18,Video,"""זה כבוד גדול בשבילנו"": בולגריה זכתה לראשונה באירוויזיון (דב גיל-הר)",267,308401,23816,72,434,44,902
7640948618735717649,2026-05-18,Video,"11 בני אדם שהיו בטיסה קצרה באיי בהאמה מצאו את עצמם תקועים בלב ים על רפסודה קטנה במשך שעות, אחרי ששני מנועי המטוס כבו בפתאומיות (איתמר וישנקו)",157,66154,1686,7,65,15,82
7640905365000867092,2026-05-17,Video,הגיע הזמן ליותר נשים בראשות המפלגות הגדולות? ,41,59945,2337,58,38,4,79
7640890663348735252,2026-05-17,Video,חבריו לצוות של סרן מעוז ישראל רקנטי ז״ל ספדו לו: ״מבטיח להתבגר ולהיות אבא לבן שייקרא על שמך״  @haimgoldich,45,139711,16197,575,139,29,420
7640879772486208788,2026-05-17,Video,"כתבנו רובי המרשלג מזמין את ח״כ חנוך מילביצקי מהליכוד - שטען שהצפון לא מופגז - ללילה בביתו שבמטולה  כאן חדשות ברשת ב׳ 🎙️ 📸 סטילס: יונתן סינדל, פלאש90 @rubihammerschlag(יגאל גואטה, רן בנימיני)",50,28451,1060,11,58,16,29
7640867420223180048,2026-05-17,Video,"נועם בתן מודה לעם ישראל אחרי ההישג האדיר באירוויזיון: ""האהבה שנתתם נתנה לנו כל כך הרבה כוח"" @annapines_",37,21834,1637,26,31,16,81
7640853912433462549,2026-05-17,Video,"במקום חתונה - לוויה: רוני, ארוסתו של סרן מעוז ישראל רקנטי ז״ל, נפרדה ממנו בדרכו האחרונה 💔  @haimgoldich",14,81152,8649,376,106,22,171
7640840087512960276,2026-05-17,Video,הלב נשבר: סרן מעוז ישראל רקנטי ז״ל וארוסתו רוני נרשמו לנישואין אצל רב היישוב רק לפני כשבוע. היום היא ליוותה אותו בדרכו האחרונה  @haimgoldich,23,58699,4367,214,62,22,96
7640828010161098004,2026-05-17,Video,שר החינוך הודיע: החל מהשנה הבאה לא יתאפשר שימוש בטלפונים ניידים בחטיבות הביניים  @liran_kogahinoff,11,623687,27313,2144,10810,1477,1637
7640821490941709575,2026-05-17,Photo,"משרד החינוך הודיע: החל משנת הלימודים הבאה, תלמידי חטיבות הביניים לא יוכלו להשתמש בטלפונים במהלך יום הלימודים. המטרה: פחות הסחות דעת, יותר קשב ומפגש אנושי @liran_kogahinoff",0,64502,1918,174,1084,183,113
7640820298803105044,2026-05-17,Video,"ראש הממשלה נתניהו בירך את נועם בתן על זכייתו במקום השני באירוויזיון: ״כולנו מאוד גאים בך, איזה ניצחון מדהים״  (גילי כהן, דקלה אהרון שפרן)",42,147332,12482,291,824,403,422
7640784008632143111,2026-05-17,Video,"""זה סתם לצחוקים"": קור הרוח המצמרר של עמית אלמוג דקות אחרי הר7ח של מאיה וישניאק ז""ל 💔 (שלי טפיירו)",566,863011,40114,194,3703,414,4085
7640651596401020181,2026-05-17,Video,אחרי שניחש 3 פעמים ברציפות את תוצאת האירוויזיון - המנטליסט אביב דורה שוב מסכן את המוניטין שלו בשידור חי. האם גם הפעם הוא יפגע בול?,22,602893,27307,134,1006,225,816
7640642249788837141,2026-05-16,Video,הלילה לא הולכים לישון: נועם והמשלחת הישראלית חוגגים את הזכייה במקום השני,24,66971,6496,69,76,16,229
7640632428243062036,2026-05-16,Video,המשלחת הישראלית חוגגת זכייה במקום השני! 🇮🇱,19,112245,16185,125,140,17,475
7640628951341190420,2026-05-16,Photo,"הישג נפלא: נועם בתן הגיע למקום השני באירוויזיון 2026 מרחק נגיעה מהתואר: הזמר הישראלי חתם הלילה את התחרות האירופית במקום השני והמכובד. בתן סיפק ביצוע עוצר נשימה על הבמה הגדולה בעולם, קטף ניקוד גבוה מהקהל והביא לישראל הישג אדיר. נועם, הבאת לנו המון כבוד! 👏",0,87092,5486,183,81,26,138
7640628034432748821,2026-05-16,Video,אחרי שישראל קיבלה 222 נקודות מהקהל וטיפסה זמנית לפסגה שריקות בוז באולם בווינה (דורית אסרף מזרחי),19,330811,22595,401,789,91,888
7640594620115864853,2026-05-16,Video,"תיעוד חריג מבית שמש: פטריית Xש ענקית נצפתה ליד מתקן ביטחוני. הפיצ!ץ התרחש במפעל של חברת ""תומר"", תעשייה ביטחונית ממשלתית, שמפתחת מנועים של מגוון טילים הגנתיים והתקפיים. לטענת החברה הפיצ!ץ היה מבוקר. עדיין לא ברור מדוע בחרו לבצע פיצ!ץ מבוקר ב-23:00 בלילה ביום שבת. @itayblumental1",17,394741,12989,205,1247,215,798
7640575365731126549,2026-05-16,Video,🤗,13,53351,1833,15,14,3,61
7640573444647587092,2026-05-16,Video,אחרי שדייק בתוצאות האירוויזיון בשלוש השנים האחרונות: המנטליסט אביב דורה יעשה זאת שוב?,56,735532,28506,196,756,148,1563
7640527975913639189,2026-05-16,Video,"""הוא יזכה"": רגע לפני הגמר הגדול, קורין, אימו של נועם, מספרת על החלום שלה מהלילה תמר אלמוג, @ifatglick1 (צילום תמונה: יעל עבאס גויסקי, פלאש 90)",28,138078,10185,121,136,34,286
7640503101480553748,2026-05-16,Video,"רגע לפני הגמר הגדול: נועם בתן שוחח עם השחקנית גל גדות שאיחלה לו בהצלחה. נועם שיתף את גל בקושי אחרי החזרה הגנרלית בה נשמעו קריאות בוז חריגות מהקהל. @amitharari (צילום תמונה של גל גדות: חיים גולדברג, פלאש 90)",37,436066,35262,149,374,44,967
7640219560435666193,2026-05-16,Video,החוף שהחברים שלכם שגולשים רוח לא מספרים לכם עליו (חן ביאר),781,348408,12465,32,1022,286,797
7640218977062505744,2026-05-15,Video,"נועם בתן מתכונן לגמר האירוויזיון: ""אני בתחושה טובה, מחר יום האמת"" (מואב ורדי)",341,135307,7394,132,111,29,368
7640120191409507600,2026-05-15,Video,שש שנים אחרי הר3ח של מאיה ווישניאק - התיעודים מהזירה והגרסה של הרו3ח נחשפים הכתבה המלאה - השבוע בחדשות השבת (שלי טפיירו),47,546411,23792,109,1710,182,1720
7640054904769269013,2026-05-15,Video,שורד השבי רום ברסלבסקי חגג במסיבת טבע ופנה אל הקהל: ״חמ@ס עצר לנו את המוזיקה בנובה - אבל אנחנו אף פעם לא נפסיק לרקוד ולחגוג״  (יעל צ׳כנובר),25,224132,11580,50,298,47,330
7640046266780519700,2026-05-15,Video,"ליהיא פרויד - ״מישל״ בשבילכם - התאוששה מהמכה שקיבלה בראשה מצלם במהלך חזרה, ומתכוננת לכבוש את גמר האירוויזיון (איילה חסון)",33,373333,23715,61,361,44,760
7639992318677749012,2026-05-15,Video,השר בן גביר: ״צריך לעודד הגירה מעזה ומיהודה ושומרון ולהתיישב בלבנון״  (חיים גולדיטש),18,55932,2150,130,206,70,123
7639989317238082836,2026-05-15,Video,"השר סמוטריץ׳: ״ארץ ישראל כולה שלנו, הגיע הזמן שנמחק סופית את הקווים שמבדילים בין שטחי A, B ו-C” (דקלה אהרון שפרן)",29,60786,2777,34,231,46,126
7639849891291827477,2026-05-14,Video,מה קרה לשי-אל בפגייה? @ifatglick1,655,1123732,69963,949,5337,1278,4921
7639756595689213192,2026-05-14,Video,"לאן נעלמו הטנקים של פוטין ואיך ""צבא של פיקסלים"" תפס את מקומם בכיכר האדומה? האמת על מה שבאמת קורה כרגע מאחורי מסך הברזל @yoavzehavi10 #סיפור_עולמי",430,201574,9280,29,664,225,644
7639751717055155477,2026-05-14,Video,"יומיים לגמר האירוויזיון: פרשן האירוויזיון, תומר שלפניק כבר בטוח - ""ישראל הולכת לזכות, צריך לחשוב איך נאבטח את התיירים שיסכימו להגיע"" #גליקותמר @ifatglick @almog_tamar",14,76203,2620,13,130,27,92
7639662987044801812,2026-05-14,Video,אפקט הוואו: הסודות מאחורי הבמה של נועם בתן שהשאירה את אירופה בהלם (דב גיל הר),446,185691,9086,48,287,100,571
7639646727473106197,2026-05-14,Video,"כך הפך ""אורח חיים בריא"" לתעשייה שמגלגלת מיליארדים @maylaurencelola",767,10321,167,0,8,4,22
7639511402008317185,2026-05-13,Video,"""פחדתי שימצאו את התפילין שהיה לי בתיק"": הישראלי שהגיע מבני ברק - ללב בירת החות'ים בתימן @roikais1987",440,581372,21236,84,1819,485,1686
7639488536252615952,2026-05-13,Video,נתראה בגמר 😘💃🏻 @amitharari,297,79990,4671,87,124,40,152
7639445655282289937,2026-05-13,Video,"אחרי שעלה לגמר האירוויזיון, נועם בתן סיפר: ""היו רגעים ששמעתי קריאות בוז, אבל האהבה שקיבלתי הייתה כל כך גדולה והיא הרימה אותי לאורך כל הביצוע"" (טל ברמן)",37,29743,2576,65,22,3,94
7639409421742804241,2026-05-13,Video,"לפלסטינים נמאס מאבו מאזן ומחמאס - וזה בכלל לא בגלל ישראל. האם אנחנו בדרך לשינוי היסטורי או לעוד קונספציה שתתפוצץ לנו בפנים? (אליאור לוי, #שובר_חומות)",333,47806,1338,13,41,16,109
7639369176167206165,2026-05-13,Video,סוד היהלום של נועם בתן: הערב בממהדורת כאן חדשות (דב גיל-הר),24,22243,378,3,6,1,22
7639357205711457556,2026-05-13,Video,נועם ביתן חולם לרגש יהודים מכל רחבי העולם @amitharari,14,16069,1183,28,18,5,57
7639356612473359636,2026-05-13,Video,מילד ביישן לנציג ישראל באירוויזיון: נועם בתן חלם ועבד קשה במשך שנים - ועומד לכבוש את הבמה הגדולה באירופה  @amitharari,40,55701,2898,38,61,14,200
7639127497342242069,2026-05-12,Video,"״תודה לכל מי שהצביע לי, ניפגש בגמר!״",43,102579,15761,614,244,60,408
7639124651494493461,2026-05-12,Video,"נועם עשה את זה! והמסע שלו להופעה הערב, ובגמר, התחיל על במות קטנות הרבה יותר @amitharari",600,11759,679,9,6,0,26
7639119621647355143,2026-05-12,Video,תודה לכם 🫶🏼🇮🇱💎 נתראה בגמר האירוויזיון במוצאי שבת בכאן 11 ובכאן BOX #Michelle #eurovision2026 #כאן_אירוויזיון ,8,35883,2582,64,22,3,109
7639118222519831816,2026-05-12,Video,נועם והמישליות רוקדים כל הדרך לגמר האירוויזיון! 🇮🇱💎 ניפגש בגמר ביום שבת הקרוב אחרי החדשות בכאן 11 ובכאן BOX #כאן_אירוויזיון,18,95211,6745,104,235,48,293
7639105617906519317,2026-05-12,Video,צופה בקהל האירוויזיון באולם בוינה הפריע לביצוע של נועם בתן וצעק ״פרי פלסטיין״ בזמן שהיה על הבמה. מאבטחי האירוע ניגשו אליו והעיפו אותו מהאירוע @amitharari 📸: שי ברק,39,52448,2255,46,179,20,80
7639103749591485704,2026-05-12,Video,יש מי שישמע 🔥  #Michelle  #eurovision2026 #כאן_אירוויזיון ,35,1134151,97946,1288,2983,290,4877
7639099955008916743,2026-05-12,Video,אוהבים אותך נועם בתן 🫶🏼✨🇮🇱,3,31445,1182,27,18,2,53
7639080980128550164,2026-05-12,Video,"רגעים לפני המופע, מה יותר חשוב - חימום, אוכל, תפילה או... שירותים?",19,22064,1560,14,19,0,74
7639064598938733845,2026-05-12,Video,"”הוא חי בתוך החלום שלו"": ההורים של נועם בריאיון חגיגי מוינה - רגע לפני חצי גמר האירווויזיון! (מואב ורדי)",23,26049,1514,48,30,16,43
7639015109062380821,2026-05-12,Video,"אחרי שהפגיז בחזרה הגנרלית: נועם בתן והצוות הישראלי סיימו רשמית את החזרות, והפעם הבאה שבה השיר יבוצע על הבמה - זה כבר יהיה מול כל העולם @amitharari",23,11366,341,15,2,0,12
7638958303996939541,2026-05-12,Video,הכירו את תופעת ההתמכרות המשתקת וההשלכות הנפשיות של הסם שהפך למוצר צריכה בכל בית ישראלי (יפעת עמיאל),599,962347,37091,752,19987,8487,6560
7638716032726600961,2026-05-12,Video,"מסיבת אירוויזיון כל שבוע - תכירו את להקת ""יורו פאלש"" שהופכת כל יום ראשון לחגיגה אירופית נוצצת בלב תל אביב. האם זאת ההסברה הכי טובה שיכולנו לבקש?⭐🎤 (ערן זינגר)",738,22795,558,9,46,12,49
7638714920585956609,2026-05-12,Video,"אתם מוכנים לזה? צוות ""שפע יששכר"" עוזב את המדפים ביבנה ומגיע הקיץ למסך הגדול בהרפתקה קולנועית ראשונה - אפילו כוכבה מתרגשת @doritassarafmizra",192,261331,16423,134,2195,308,1171
7638708344378756369,2026-05-11,Video,"בשירת ""מי שמאמין לא מפחד""🎤⭐: נועם בתן והרקדניות מתכוננים לעלות על הבמה לחזרה הגנרלית של חצי הגמר בפני השופטים הערב - בהופעה זו ייקבע 50% מהניקוד הסופי של המתמודדים חצי גמר האירוויזיון הראשון ישודר מחר, 12.05 בכאן 11 | 22:00 @amitharari",22,294356,23569,290,352,74,744
7638654614501461264,2026-05-11,Video,"""למה ברחת?"" ""אין לי רישיון"" - תיעוד המרדף אחר נהג שהתפרע בנהיגה ללא רישיון🚔🚨 נהג, בן 21 מחורה, מעולם לא הוציא רישיון נהיגה, וזו הפעם השלישית שהוא נתפס נוהג בניגוד לחוק @zuarets",15,140262,3170,22,699,78,198
7638658772533103880,2026-05-11,Video,גם SHIRAZ רוצה לווינה! ,91,13203,342,16,13,5,24
7638614173928148225,2026-05-11,Video,"הבסיס הסודי שישראל הקימה בעיראק - כ-400 ק""מ בלבד מגבול איראן @itayblumental1",191,617807,22489,122,3794,1524,1923
7638612872947371280,2026-05-11,Video,"שורד השבי רום ברסלבסקי הגיע לכנסת לדרוש הקמת ועדת חקירה ממלכתית ל-7 באוקטובר: ""למה הייתי צריך להיחטף מהבית שלי במשמרת שלכם?"" (דקלה אהרן שפרן)",55,219445,11376,249,284,72,398
7638609916449590544,2026-05-11,Video,אליטה או לא אליטה? @ronikuban @akiva.novick,49,78439,1650,68,72,35,87
7638365988982885652,2026-05-11,Video,"אל תתעסקו עם ארי💪 הילד שלא הסכים לוותר לרמי לוי. אחרי שסירבו לקבל ממנו בקבוקים למחזור, הוא הלך עד לבית המשפט ויצא עם 800 ש""ח בכיס ושיעור חשוב לכולנו (מיכל וסרמן)",142,1177833,44868,394,4013,1067,2695
7638365816865426709,2026-05-11,Video,"מקום ראשון זה כבוד - אבל המקום השני חוסך לכם 22 מיליון יורו 🤑 יצאנו לבדוק כמה באמת עולה לארח את האירוויזיון והאם הניצחון הוא בעצם ""קנס"" כלכלי למדינה המארחת @ittaishickman2",390,765232,34592,102,468,85,1715
7638342870684028180,2026-05-10,Video,"48 שעות לפני שנועם, המישליות והיהלום הענק עולים על הבמה💎 - ראיון עם האחד והיחיד - הנציג שלנו לאירוויזיון: ""אני ממש שמח להיות פה - זה רגע האמת. אני מוקף אנשים מדהימים, אני לא דואג"" @amitharari",12,23904,826,16,5,1,47
7638322272352079125,2026-05-10,Video,"ארי בן ה-7 ניצח את רמי לוי בבית המשפט לאחר שנשלח הביתה כשניסה למחזר בקבוקים: ""בשביל הקשישים שמחטטים בפחים""  @mayarachlin 📺 מתוך כאן בשש",29,737061,45196,151,1834,291,1626
7638305562261802261,2026-05-10,Video,"נאור נרקיס, שעומד מאחורי ""חוזרים בתבונה"", הותקף עם בן זוגו בידי מרדכי דוד: ""הצצה לישראל של העתיד"" @mayarachlin 📺 מתוך כאן בשש",47,354931,12668,804,2680,182,726
7638295348905004295,2026-05-10,Video,נועם והמישליות על השטיח הטורקיז ✨🇮🇱 #כאן_אירוויזיון #michelle ,35,62499,6191,166,132,36,223
7638249243462896917,2026-05-10,Video,"נצ""מ אבישי מועלם שובר שתיקה: ""עצרו אותי בלי ראיות - כמו שבחטיבה היהודית בשב""כ עוצרים מתנחלים בלי ראיות"" (איילה חסון)",82,377671,14088,171,1020,411,739
7638190453690567956,2026-05-10,Video,"הוריו של ימנו ז""ל מתייצבים שבורים מול המצלמות - ומפצירים שייעשה צדק עם בנם @uriyaelkayam",279,1618271,88232,1779,3865,414,4851
7638210814641556756,2026-05-10,Video,"שורד השבי איתן מור לשופטי העליון: ""מדוע עצרתם את חקירת מבקר המדינה, מה אתם רוצים למנוע מאיתנו לדעת?""  (ורד פלמן)",29,66615,3003,31,56,17,97
7638190048743050517,2026-05-10,Video,"""שיניתי את השם להרצל"": רגע לפני האירוויזיון - האוסטרים שמתגייסים למען ישראל @liran_kogahinoff",376,119831,7586,62,207,74,306
7637967905203784980,2026-05-09,Video,"הוריו של ימנו זלקה ז""ל, שנר@ח בערב יום העצמאות: ""הכאב בלתי נסבל, אנחנו מ@ים מבפנים. חשבנו שבישראל יהיה בטוח""  @uriyaelkayam",35,740633,48832,2040,1542,128,2396
7637962702371015956,2026-05-09,Video,"לא חינוך ולא תברואה: ליאם שריוואסטאווה, ראש העיר החדש של רובע לווישם בלונדון, מצפה ""להפגין סולידריות עם הפלסטינים"", למצוא עיר תאומה פלסטינית - ולוודא שקרנות הפנסיה של עובדי העירייה לא מושקעות בחברות ישראליות  (דב גיל-הר) 📸: רדיו טיימס",28,24290,199,6,8,2,11
7637930732194630933,2026-05-09,Video,"רחובות ת""א נצבעו אדום: אוהדי הפועל בדרך לדרבי @yoavborowitz",38,369328,15215,271,2889,681,610
7637910319947369748,2026-05-09,Video,למה גם בגוש השינוי מתנגדים לממשלה עם המפלגות הערביות? מתוך הפינה של בן אדם #גליקותמר @יפעת גליק (תמר אלמוג) @Benadaman ,25,270187,9517,142,363,50,452
7637882997336706324,2026-05-09,Video,מה קורה מאחורי הקלעים של האירוויזיון? @amitharari,164,64093,1627,11,22,10,58
7637878978421722388,2026-05-09,Video,"""ככה חיזב@ללה מסתובב לנו בחצרות. הצפון נפל בפח"": כטב""ם סמוך לכפר גלעדי  @rubihammerschlag 📸: מחצבות כפר גלעדי",16,414862,5924,42,874,243,484
7637874720880233749,2026-05-09,Video,גוייסו עוד כשהיו קטינים: חיילים יואשמו שהעבירו תיעודים רגישים לאיראן @haimgoldich,103,148517,2897,24,349,84,188
7637874453548059925,2026-05-09,Video,"טראמפ, איראן והפסקת האש השברירית: מה באמת קורה במצר הורמוז? (נתן גוטמן)",187,95393,1985,14,82,22,110
7637848673442925825,2026-05-09,Video,"סביצ'ה בסמטאות העיר העתיקה? 😱 גילינו את הצד הפחות מוכר של מזרח ירושלים עם מנות לא צפוית, אווירה של חו""ל ומחירים של פעם. האם האוכל הוא מה שיקרב בינינו? @anastasia.stu7",89,76738,1201,31,109,36,198
7637776285216869648,2026-05-09,Video,"""יש לי תואר ראשון בקרימינולוגיה ואת המעשי - אין את זה לאף אחד אחר"": רפי קדושים מגיב לסערה שעוררה ההתבטאות השנויה במחלוקת שלו בנוגע לנערים, וטוען שדווקא הוא זה שיכול להחזיר את הנוער למוטב @ifatglick1 תמר אלמוג #גליקותמר",69,244428,7797,311,427,84,428
7637590990592773397,2026-05-08,Video,"המפגינים ניסו לצעוד אל הביתן הישראלי - ונחסמו על ידי השוטרים עימותים עזים נרשמו בין מפגינים פרו פלסטינים לשוטרים במהלך צעדה נגד הביתן הישראלי בביאנלה של ונציה. הצעדה יצאה לדרך ביוזמת ארגון ""Art Not Genocide Alliance"", שהכריז על כוונתו לצעוד לביתן הישראלי בתערוכה ""נגד רצח עם, עבור זכויות עובדים ובסולידריות עם פעילי המשט 'סומוד' שעצורים כעת בישראל"". הביאנלה של ונציה היא תערוכת האמנות העכשווית הוותיקה בעולם. 18 מהמדינות המשתתפות ביריד האומנות כבר הכריזו שיחרימו את ישראל ויסגרו את תערוכותיהן במחאה ע",50,117475,3011,91,189,78,143
7637554001805987093,2026-05-08,Video,בגיל 13 בלבד: למה העולם רועד מהבת של קים ג'ונג-און? (מיכל רשף) #סיפורעולמי,377,135908,5016,23,92,23,266
7637490073801379079,2026-05-08,Video,בר יין בעיר העתיקה בירושלים וסביצ׳ה בשייח׳ ג׳ראח @anastasia.stu7,501,218491,3600,51,645,246,655
7637433128004472084,2026-05-08,Video,אגדת המוזיקה ההולנדית שהחליטה לעלות לארץ (דב גיל-הר),853,126572,4407,56,305,151,242
7637461348842048776,2026-05-08,Video,החתונה שהפכה לטרגדיה נוראית: 25 שנה לאסון ורסאי @riad.alee,53,472639,28653,125,672,78,1692
7637436597109099797,2026-05-08,Video,לעוד מישהו יש דה ז׳ה וו?,168,788750,32929,662,5973,1274,2410
7637436328866729236,2026-05-08,Video,החסידים בצפון שמחתנים נערים ונערות בגיל 14 @rubihammerschlag,170,1080098,51410,185,5870,966,3517
7637247170042694933,2026-05-08,Video,קורס מיומנויות החסקה והמשרוקית (איתמר מאירי),536,118727,3468,9,141,50,155
7637250386742578452,2026-05-07,Video,אחרי הסופש זה פה @amitharari,274,35193,1624,14,16,1,61
7637146015304289557,2026-05-07,Video,הערב הזה היה יכול להיגמר אחרת לגמרי @annapines_,188,484834,27634,131,1757,197,1205
7637145583261699349,2026-05-07,Video,השפית שגרמה לניו יורקרים לעמוד בתור בשביל בייגלע ירושלמי (נתן גוטמן),294,119407,4104,10,90,30,148
7637144981693566229,2026-05-07,Video,החתונה שהפכה לטרגדיה נוראית @riad.alee,523,705662,29047,240,2724,673,2694
7637044049463053589,2026-05-07,Video,ימים ספורים לחצי הגמר: טעימה מהחזרה של נועם בתן שלנו על בימת האירוויזיון 🇮🇱 @amitharari,35,68447,2752,40,144,24,112
7636876802429865237,2026-05-07,Video,הברית שהסעירה את בלגיה (דב גיל-הר),163,80231,2174,50,131,37,125
7636881296425340180,2026-05-06,Video,מתרגשים? אנחנו? איך ידעתם? @amitharari,284,109236,5242,27,69,12,160
7636877051206667541,2026-05-06,Video,נעמה שחר התעמתה עם החשוד באונס שלה ושל שי לי עטרי (ורד פלמן),178,231029,13319,77,191,24,456
7636875864881286420,2026-05-06,Video,מול המצלמות: נערים שברו את הג!לגולת של מאור בפט*ש בערב יום העצמאות - סתם @mayarachlin,49,439990,29412,144,1025,120,1130
7636822810022694160,2026-05-06,Video,"המשטרה הציבה פרשים בכניסה לאצטדיון, אוהדי בית""ר זועמים @yoavborowitz",9,152597,6230,76,344,62,248
7636813717895777556,2026-05-06,Video,מוכנים ל-30 שניות ממישל? #michelle #eurovision2026 #אירוויזיון ,23,69934,5473,59,94,20,230
7636765723926220053,2026-05-06,Video,"הזמרת יובל רפאל ועדן בן רובי הסתתרו יחד באותה מיגונית ב-7 באוקטובר, לאחר שנמלטו ממסיבת הנובה. עדן נרצחה ויובל שרדה. יובל ומירב בן רובי, אמא של עדן, שוחחו: ""יובל חיה היום בזכות עדן"" (רוני קובן ועקיבא נוביק)",53,119611,8398,42,62,10,283
7636760260702686485,2026-05-06,Video,"""אין פה דגל ישראל אפילו"": ערד הופכת לחרדית יותר - ולא כולם מרוצים (ישראל רוזנר)",36,51129,1518,9,83,14,75
7636743876342025492,2026-05-06,Video,"226 קמ""ש בכביש: האופנוען שהפך לכוכב רשת וסיים במעצר @itsikzuarets",214,869678,29976,385,2796,525,1578
7636740207899020565,2026-05-06,Video,"נעמה שחר יצאה מעימות עם החשוד בא!נס שלה. שי-לי עטרי, שהתלוננה על החשוד גם כן, קיבלה אותה מחוץ לבית המשפט: ""לעולם לא תהיי לבד, אחותי"" (ורד פלמן)",23,267668,20263,129,180,12,415
7636735524186656021,2026-05-06,Video,תמיד כדאי לבדוק מה שמים על הפנים @maylaurencelola,251,15593,171,9,9,3,12
7636731848227343637,2026-05-06,Video,"מלכת היופי של ישראל טוענת שראמה דוואג'י, אשתו של ראש עיריית ניו יורק ממדאני, סירבה להצטלם איתה כשגילתה שהיא ישראלית (מיכל רשף) 📸: מתוך האינסטגרם של מלאני שירז עשור",21,126071,9085,117,64,3,218
7636728357501062421,2026-05-06,Video,"מרתיח:  פרופ' בסאם חוסיין מהאוניברסיטה למדעים וטכנולוגיה בנורווגיה, אמר במהלך שיעור ש""7 באוקטובר הוא הדבר היפה ביותר שקרה במאה שלנו"" (דב גיל-הר)",7,108236,2488,130,159,47,176
7636486608384019729,2026-05-06,Video,האם המטפלת הבאה שלכם תהיה בינה מלאכותית? תכירו את ליב - פיתוח חדשני שנכנס לראשונה למיון הפסיכיאטרי כדי לקצר את זמני ההמתנה ולסייע לצוותים הרפואיים תחת העומס הכבד. יצאנו לבדוק איך ה-AI מבצע הערכות ראשוניות למטופלים והאם הטכנולוגיה באמת יכולה להחליף את המגע האנושי ברגעים הכי רגישים (נוב ראובני),276,31120,451,37,88,23,69
7636485374696541457,2026-05-06,Video,"אמירה אחת של שר האוצר הצליחה להרעיד את המדינה - בזמן שהמרוץ לבחירות מתחמם, סמוטריץ' סופג אש מכל הכיוונים @annapines_",260,35603,811,24,22,11,55
7636508745450753281,2026-05-05,Video,Copy_of_Template_of_Copy_of_ריל_רגיל_פלוס_שם_תוכנית_V2,35,82321,5001,116,57,12,156
7636487422120971536,2026-05-05,Video,"רגע לפני החזרה המכריעה: הלחץ, הציפיות, ההתרגשות והדרך למרכז במת אירוויזיון 2026 - אתם מוכנים?🎤✨ @amitharari",235,100528,5373,33,89,10,273
7636446476905794832,2026-05-05,Video,"לקיחת אחריות אישית על 7 באוקטובר, קריאה להקמת ""ועדת חקירה חיצונית ואובייקטיבית"" - וגם מחאת הטייסים במשבר הרפורמה: אלוף תומר בר מסכם קדנציה סוערת כמפקד חיל האוויר",74,129676,6850,48,162,39,211
7636418975479385345,2026-05-05,Video,"מחיקת תמונות נשים בקניון בערד, צניחה בדירוג הסוציו-אקונומי וקרב על כל קול בקלפי - האם המהפך בערי הפריפריה הוא רק קדימון למה שעלול לקרות למדינה או שיעור על מחיה זה לצד זה? ישראל רוזנר בפרק השני של ""עיר האלוהים"" (ישראל רוזנר)",907,257458,12584,148,809,150,781
7636429384781516048,2026-05-05,Video,"הלח*מה בצפון נמשכת: במטולה התגלתה ר.ק.ט.ה בקוטר 122 מ""מ שלא התפ!צצה. היא שוגרה ככל הנראה לפני יומיים ולא זוהתה במערכות, לכן לא הופעלו אזעקות @rubihammerschlag",22,136198,3021,24,158,29,145
7636411351115549969,2026-05-05,Video,"הוא שווה 100 מיליארד דולר, ואף אחד לא יודע מי הוא: מי אתה, סאטושי נקאמוטו? @ittaishick",236,108414,2580,33,391,126,770
7636403125464747280,2026-05-05,Video,"מזג האוויר ביטל את המדורות, אבל מערכת החינוך נשארה בחופש. עוד יום בבית אחרי המלחמה🔥 - האם הגיע הזמן לשנות את לוח החופשות? @liran_kogahinoff",181,109572,3209,59,89,6,124
7636375635023203585,2026-05-05,Video,חיים את הרגע: למה דור ה-Z מעדיף לבזבז עכשיו במקום לחסוך לטווח ארוך? (אלון שרביט),49,127765,3947,17,298,61,191
7636135314976705809,2026-05-05,Video,"מי צריך משכנתה כשיש גוצ'י וגאודה כמהין? 🛍️🧀 דור ה-Z מוותר על החיסכון לטובת דופמין מיידי, כי מי יודע מה יהיה מחר. הישרדות רגשית או טעות כלכלית? (אלון שרביט)",778,469926,23747,342,2853,615,1749
7636132575794269456,2026-05-05,Video,דניאל פינסקי חוזר לשנות ה-60 ומנווט בלב האוקיינוס עם מפות ובלי מנוע - הכל בשביל תחרות מאתגרת: הייתם שורדים 250 יום בים בלי לדבר עם אף אחד? ⛵💪 (עופר חלפון),231,288155,12574,132,406,90,587
7636131765295353104,2026-05-04,Video,מנציגי משפחות החטופים ועד מובילי המחאה - הכנסת ה-26 הולכת להיראות אחרת לגמרי. מי לדעתכם יהיה השחקן הכי משמעותי במרוץ?☑️ (דקלה אהרון-שפרן),179,63017,1077,14,30,9,40
7636094391005859073,2026-05-04,Video,"תיעוד: מטוס קל תמרן בין בניינים בבלו הוריזונטה שבברזיל - והתרסק לתוך אחד מהם. על המטוס היו כארבעה עד חמישה בני אדם - שניים נהרג!, בהם הטייס, ויש גם פצועים במצב קריטי (דב גיל-הר)",44,42135,523,6,32,6,23
7636055103908121857,2026-05-04,Video,"מבנה של מטוסי ק.ר.ב בליווי מטוס תובלה חלפו בשמי ירושלים ועוררו בהלה אחרי שבצה""ל לא עדכנו מראש את הציבור. צה""ל הבהיר כי מדובר באימון לקראת החלפת מפקד חיל האוויר היוצא אלוף תומר בר @roysharon11 @itayblumental1 (כרמלה מנשה)",13,266478,8454,37,634,149,344
7636035039880285441,2026-05-04,Video,"""בעלך נהרג במלחמה? מגיע לך"": תמרה, אלמנתו של נועם, שחזרה את התקרית עם מאבטח ב""דקטלון"" כפר סבא, שהטיח בה את המילים הקשות לעיני ילדיה כשסיפרה לו שבעלה נפל בקרב (קרן רפאלי לנץ)",65,168313,10059,93,336,52,200
7636008837077601557,2026-05-04,Video,וואו: שלג ירד בחרמון בחודש מאי  (רובי המרשלג) 📸: אתר החרמון,22,50400,1284,20,107,33,43
7635998521350475028,2026-05-04,Video,"העבריין המורשע ופעיל הליכוד רפי קדושים סיפק אמירה שנויה במחלוקת בנוגע לרצח ימנו בערב העצמאות - ח""כ פנינה תמנו שטה תקפה אותו בחריפות 📸: ערוץ כנסת ",21,565603,29051,406,3095,367,1526
7635913802227256597,2026-05-04,Video,"""עם ישראל חי"": הראפר האיראני ששר ""חרבו דרבו"" בפרסית (מיכל וסרמן ושיר דבש)",190,317850,22237,50,835,99,1278
7635911066253380884,2026-05-04,Video,"""בית ספר חילוני הפך לגטו חרדי"": איך התחרדו הערים הקטנות בפריפריה? (ישראל רוזנר)",777,291918,10859,160,1170,308,738
7635764745286536468,2026-05-04,Video,"הרשויות בתאילנד פשטו על מעון לילדים שפעל בניגוד לחוק. מתברר שלמדו בו כ-90 ילדים ישראלים, ובעלי הגן שנעצרו – הם בכלל ממוצא איראני @liran_kogahinoff",130,154099,4532,15,278,68,235
7635758288646180117,2026-05-03,Video,החגיגה של השר בן גביר @roiyanovsky,296,347706,13863,459,792,116,717
7635649154953481492,2026-05-03,Video,תיעוד: חולדות בארגזי הסיוע ו-70 אלף מקרי זיהום - ארגון הבריאות העולמי מדווח על נוכחות מכרסמים ב-80% מאתרי המגורים בעזה וזינוק בתחלואת עור וכינים בקרב כמיליון וחצי בני אדם (עומר שחר),21,333648,4811,328,334,59,276
7635397350202019093,2026-05-03,Video,היא נולדה כפתרון תחבורה זול והפכה לאייקון תרבותי שכבש את הוליווד ואת הלב של כולנו: וספה חוגגת 80 וצעירה מתמיד🛵 (עמית ולדמן),458,64391,1328,4,67,21,58
7635396499517525268,2026-05-03,Video,היא חשפה את הקשר בין השמאל לאסלאם הקיצוני - וכעת היא חיה תחת איומים: ראיון מיוחד עם נורה בוסיני על מחיר האמת (איילה חסון),543,143159,6286,64,534,185,555
7635395947207331093,2026-05-02,Video,האירוויזיון כבר כאן! נעם בתן נחת בווינה וההתרגשות בשיאה לקראת העלייה לבמה,205,174672,8881,100,118,15,351
7635350519652977941,2026-05-02,Video,לא ייאמן בנגב - נהג אוטובוס התחזה לאחיו: עשרות תלמידים הוסעו על ידי אדם ללא רישיון. צפו ברגעי המעצר הדרמטיים🚔 @itsikzuarets,84,424432,10577,57,899,301,603
7635276619992567060,2026-05-02,Video,"ירון קדושים, מייסד ""משמר השכונה"" בפתח תקווה למאבק בעבריינות נוער, התריע הרבה לפני רצח ימנו זלקה - אבל זה לא עזר @moavvardi7",41,164694,8404,34,197,43,276
7635271219603836181,2026-05-02,Video,"הייתם לוקחים? בדרום קוריאה התקיימה תחרות השנ""צ😴 (איתמר מרגלית)",22,1215519,64624,664,12223,1886,2689
7635259897445223700,2026-05-02,Video,"חבריו של ימנו זלקה, וגם אנשים שלא הכירו אותו, מנציחים אותו: ""רציתי להשמיע את הקול של בנימין"" @moavvardi7",34,56999,2786,67,31,8,93
7635201884403289364,2026-05-02,Video,ר3ח ימנו זלקה בפתח תקווה טלטל את המדינה כולה: מה יעצור את מגפת האלימ!ת של הנוער ברחוב? @moavvardi7,764,321786,22781,128,473,99,714
7635207529244495124,2026-05-02,Video,"הליכודיאדה באילת נפתחה - והשרים של הליכוד מאמינים: ""נהיה המפלגה הגדולה ביותר"" (אורי לוי)",35,82620,1910,198,152,49,82
7635194095794752789,2026-05-02,Video,"הם פשוטים להרכבה, עולים כמה מאות דולרים - וגורמים למותם של חיילי צה""ל בלבנון (חן ביאר)",582,125590,2909,17,106,39,179
7635186701320736021,2026-05-02,Video,"אחרי שנדחתה בגלל המלחמה, נפתחה באילת הליכודיאדה - מה חושבים הח""כים ומי עומד לנצח בפריימריז? (אורי לוי)",690,133762,3985,56,207,42,192
7635016331485515029,2026-05-01,Video,נועם בתן עושה את דרכו לבמה הכי גדולה בעולם! מה תאחלו לו? 🎤 @amitharari,234,34067,1541,34,36,6,91
7635008118975548692,2026-05-01,Video,"הזמר אייל גולן חוזר לחדר החקירות, הפעם בעקבות עדותה של אישה שטוענת כי הטר*ד אותה מ*נית לפני עשור (ורד פלמן)",88,192144,6391,276,770,67,553
7634972372872760596,2026-05-01,Video,"חיל הים עצר את ""המשט ההומניטרי"" לעזה - זה מה שהוא מצא שם @annapines_",211,204301,6358,12,229,37,228
7634972376257563925,2026-05-01,Video,"לראשונה בהיסטוריה, קזינו נפתח בניו יורק - והמהמרים מסתערים. האם העיר הגדולה שואפת להיות לאס וגאס? (עופר חלפון)",223,147524,2444,17,1586,643,221
7634972373548027156,2026-05-01,Video,לפני כשנתיים פרסמה ועדת החקירה הממלכתית לאסון מירון את מסקנותיה. כמה מהן באמת יושמו? @Roi Yanovsky ,938,318680,14476,53,352,37,807
7634939597998509333,2026-05-01,Video,"שמואל בוקסר, ראש עיריית נס ציונה, כינה את חברת האופוזיציה גלית אבינועם ""טיפשה"" - ומכחיש: ""לחשתי, לא אמרתי""  (אורן אהרוני) #ארץעיר 📷( תמונות הציד בספארי): ספארי סומרסבי",48,384487,12284,130,3729,482,612
7634916983275818258,2026-05-01,Video,"וכן, חלק מהם כבר עברו את הגבול פעם או פעמיים @ifatglick1",524,94481,3936,69,545,64,204
7634896779779050760,2026-05-01,Video,"״בוודאי שנראה מאחזים על הליטני, כך כתוב בתנ״ך״: פרופסור עמוס עזריה מתגורר באריאל, אבל רק בינתיים. מבחינתו זה רק עניין של זמן עד שיעבור להקים מאחז בלבנון, והוא לא האדם היחיד שחושב כך @ifatglick1",69,105001,4250,145,562,90,212
7634894013639789841,2026-05-01,Video,"לביא בן ה-4 הביא לגן ווקי-טוקי ועדכן דרכו את אימו במתרחש: ""פתאום שמענו אותו מדבר""  @sharondavidovitch",45,655348,46525,73,923,102,1925
7634869458036739335,2026-05-01,Video,"״אני לא מסוגלת כרגע, אתה מבחינתי עדיין לידי ואני מחכה שתצא מלבנון״: גלית, אמו של סמל ליאם בן חמו ז״ל, ספדה לו הבוקר בהלווייתו",33,176811,18595,972,338,63,422
7634854881391693077,2026-05-01,Video,"״ידענו לעמוד מול האויבים בחוץ, אבל לא בתוך המדינה בפנים. הייתי רוצה לדבר על ימנו בלשון הווה ועתיד, לא עבר״: זמנו הלמו, דוד של ימנו זלקה ז״ל שנרצח בערב יום העצמאות, נשא דברים לזכר אחיינו בטקס הנחת אבן הפינה של היכל הספורט שיוקם בפתח תקווה לזכרו",75,129472,8560,269,219,63,265
7634826506971122952,2026-05-01,Video,המשאית הישראלית ששיגעה את התימנים (לירן אהרוני),87,239378,5140,15,682,217,381
7634648084873628929,2026-04-30,Video,"מרדכי דוד רדף לצד צעירים נוספים אחרי תושבים בדרום ת""א - ועוכב בחשד להפרת הסדר הציבורי. לפני מספר ימים הכריז דוד שהוא ""יוצא למלחמה"" בכנופיית SSQ, והערב הוא ועשרות תושבים ופעילי ימין ערכו ""סיור"" בשכונת שפירא ודפקו על חנויות זרים במקום תוך קלל!ת ואיומ*ם @annapines_",44,1620387,72916,410,10204,1354,4315
7634647795110087953,2026-04-30,Video,"""לדעתי הייתה פה בגידה"": האם אפשר להגיע לחקר האמת של 7 באוקטובר? #האישבשטח(סולימאן מסוודה)",79,17980,309,14,8,3,12
7634573689689885968,2026-04-30,Video,"נהגת אוטובוס במיסיסיפי התעלפה במהלך נסיעה בכביש מהיר🚌 - תלמידים בני 12-15 זינקו לפעולה, תפסו את ההגה ובלמו את האוטובוס בבטחה. בזמן שהנהגת קיבלה טיפול ראשוני מהתלמידים, אחרים הזעיקו עזרה ומנעו אסון כבד בקרב 40 הנוסעים - צפו ברגעי תושייה יוצאת דופן 📸AP/Hancock County School District",55,442766,15629,104,739,115,696
7634537388282301716,2026-04-30,Video,"הקרב על הדולר יוצא משליטה: הפשיטה על ""צי הצללים"" של איראן היא רק ההתחלה בעימות החזיתי בין טראמפ לסין  #סיפור_עולמי @yoavzehavi10",482,96953,2166,4,160,98,135
7634522378579528976,2026-04-30,Video,"רון בן דוד, לוחם מגלן, ניצח באליפות הארץ בפיתוח גוף טבעי - והקדיש את נצחונו לאלון קליינמן ועדי אלדור ז""ל, חבריו שנפלו במלחמה (\ud83d\udcf8: לקס וידיאו) @ronben_david",35,71616,5526,18,143,33,161
7634485242228788481,2026-04-30,Video,סבתא אסתר סוחרת הסמים מאילת חוזרת עם הקלטות חדשות - ממצלמה שהציבה המשטרה ברכבו של בנה  @itsikzuarets,50,685409,28423,174,3152,433,1789
7634485063450709249,2026-04-30,Video,"תלמיד כיתה ד' מירושלים לא הולך לבית הספר גם אחרי סיום המלחמה - בגלל בריונות ואלימ!ת: ""הרבי@ו לו עד שהוא כמעט לא נשם"" @liran_kogahinoff",28,136548,4367,78,258,55,242
7634262072204758292,2026-04-30,Video,אחרי פסח של שמיים סגורים – הישראלים מסתערים על הכרטיסים לשבועות  (אופיר הלפרין),224,37219,602,7,20,8,22
7634433210906201345,2026-04-30,Video,"צה""ל השתלט על המשט שעשה את דרכו לעזה - ונראה שהפעילים נהנים בסיפון של כלי השיט הישראלי (גילי כהן וכרמלה מנשה)",19,61105,2195,20,210,30,88
7634258841613470996,2026-04-30,Video,לוחמי הסייבר מספרים על המלחמה מול איראן שלא נגמרת אף פעם @ittaishickman2,412,31613,501,1,21,13,25
7634254386541317396,2026-04-29,Video,"רשת סחר הOמים באילת: העסקאות, לקוחות שמתלוננים על איכות החומר – וגם הרגעים האחרונים שתועדו לפני המעצרים (איציק זוארץ)",342,1165974,44888,556,12741,2808,4397
7634213152133156117,2026-04-29,Video,"כשטלי מורנו הפכה ממראיינת למרואיינת: ""זווית מעניינת""",6,45299,311,7,44,2,21
7634199168776555796,2026-04-29,Video,"""יא ווארדי, איזה קציצה"": סצנות האוכל שאי אפשר לשכוח",48,25172,368,1,6,2,21
7634198622590225685,2026-04-29,Video,"""פנו את העיר כל עוד אתם יכולים"": ההודעות הקוליות שתושבי קריית שמונה קיבלו לטלפונים בשעות האחרונות  @rubihammerschlag",14,705471,37222,669,9276,911,3107
7634176109080317205,2026-04-29,Video,9 ירי!ת: ראש העיר עראבה שרד ניסיון התנקש!ת ועכשיו הוא לומד שוב ללכת (ערן זינגר),540,179833,2821,39,761,322,189
7634173430358691093,2026-04-29,Video,עשו היסטוריה: החברה שגייסה מיליארד דולר ועקפה את ויז שנמכרה לגוגל @ittaishickman2,343,94211,2021,20,518,261,324
7634191678412180757,2026-04-29,Video,״למה מה את יכולה לעשות לי?״: האלימ!ת משתוללת - והמורים נותרים חסרי אונים  @liran_kogahinoff,20,372947,21027,94,703,188,580
7634185527494790420,2026-04-29,Video,"רועי אשור בן ה-12 מעכו בחר להנציח את ימנו ז""ל, שנר@ח בערב יום העצמאות, בדרך ייחודית: הוא יצא לריצת 6 ק""מ, שיתף בטיקטוק והקדיש אותה לזכרו (יונתן אוחיון)",31,822604,81723,986,2694,206,2822
7634170417854418196,2026-04-29,Video,מכירים את האפליקציה שעושים בה תחרות עם אנשים אחרים על מי עשה יותר צעדים ביום? (אופיר הלפרין) @קרן אן גיימן ,243,1057812,56122,672,11624,1997,4062
7634120350812376340,2026-04-29,Video,"פעם נוספת: משט של כ-100 ספינות עושה את דרכו מאירופה לעזה 👇 המשט, שעליו כ-1,000 משתתפים, נמצא באזור יוון ועל פי ההערכות צפוי להגיע מול הרצועה במהלך סוף השבוע גורמי ביטחון מבהירים כי לא יאפשרו את שבירת הסגר הימי. כזכור, במשטים קודמים לוחמי שייטת 13 השתלטו על הספינות בלב ים. @itayblumental1 צילום: AP",26,132319,3685,65,263,29,134
7633914474700754196,2026-04-28,Video,״אני מספרת לאמא והיא אומרת לי שלא יכול להיות שזה הנסיך שלה״: המורים חסרי אונים מול הנוער האלים @liran_kogahinoff,261,1911292,89034,913,12025,1248,9117
7633914173461662996,2026-04-28,Video,"מילא לשלם לפי דקה, אבל למה לשלם דרך האף? @annapines_",313,41184,1262,25,34,5,47
7633870999267740948,2026-04-28,Video,"אישה ניסתה לחצות את כיכר צה״ל בירושלים בכיסא גלגלים, שם חרדים מפגינים נגד מעצר עריקים  @חיים גולדיטש ",16,607853,19081,197,1282,137,750
7633855479650766100,2026-04-28,Video,"גטאסו, אחיו של ימנו זלקה ז""ל, לשר החינוך קיש: ""למה התחילו לדבר על אלימות בבתי הספר רק אחרי שאחי נר@ח?!"" (יעל צ'כנובר)",29,139892,8194,92,131,20,372
7633847226489490708,2026-04-28,Video,"הבדיחה של טראמפ שפחות הצחיקה את אשתו מלניה (ישי בר-יוסף, 📸: AP)",12,124874,3072,16,130,24,126
7633844902345985301,2026-04-28,Video,טראמפ הצליח להביך את המלך צ'ארלס (ישי בר-יוסף) צילום: AP,25,80191,2697,33,294,73,126
7633826383365459220,2026-04-28,Video,בזמן שאלפים עושים את דרכם הביתה מהעבודה: חרדים חוסמים את כביש 4 במחאה על מעצר עריק  (אנה פינס),23,66349,1135,32,87,32,27
7633748497509960981,2026-04-28,Video,מפריצה למרכזיות בזק בשנות ה-2000 ועד לניהול רשת הברחות לעזה תחת אפם של כולם - איך הפורץ העיוור הצליח להדהים שוב את מערכת הביטחון?  @roiyanovsky,353,646197,12575,59,8071,3578,2725
7633529168763882773,2026-04-28,Video,האם אנחנו בדרך למשבר או להזדמנות של פעם בחיים? יצאנו לבדוק כמה באמת הבינה המלאכותית משפיעה על הענף הנחשק ביותר בעולם התעסוקה @ittaishick,372,87529,1744,37,312,108,296
7633411719217335572,2026-04-27,Video,למרות הפסקת האש: תושבי היישוב שלומי שעל גבול לבנון לא מרגישים שיש ביטחון (מואב ורדי),805,113258,2341,7,169,46,133
7633433452888542484,2026-04-27,Video,נגמר החורף? ברד ירד במדבר יהודה היום - וסיפק תמונות שנראות כאילו צולמו ביבשת רחוקה 🗻 📸: יורם כהן @איציק זוארץ Itsik Zuarets ,16,232133,9327,83,1432,347,479
7633410107996376340,2026-04-27,Video,"אחיו של ימנו זלקה, האל וירוס: ""אחי הלך לעבודה ולא חזר הביתה. זה יכול לקרות לכל אחד"" @yaelciec",39,222845,17774,299,206,30,607
7633341351769263381,2026-04-27,Video,"יצטרכו לצלם מחדש בגלל השחקנית: הדרמה על סט הצילומים של ""הלוטוס הלבן"" @doritassarafmizra",165,49845,738,4,50,6,61
7633376090383240469,2026-04-27,Video,"""מקווה שהמלחמה תחזור"": תושבי היישוב שלומי הסמוך לגבול לבנון - לא מרגישים שיש ביטחון (מואב ורדי)",29,36311,777,2,16,6,28
7633337085750955285,2026-04-27,Video,"בעיות הבריאות שהסתירו ראשי הממשלה בעבר, ממנחם בגין ולוי אשכול דרך גולדה מאיר ועד אריאל שרון (קטי דור)",317,186634,6759,217,245,66,400
7633333653459701013,2026-04-27,Video,בפתח תקווה מפגינים נגד האלימ!ת שהפכה למכת מדינה ולתופעה שפשוט השתלטה על העיר @nofar_moshe_ferdo,310,508330,40978,303,1903,308,1854
7633325591915171092,2026-04-27,Video,נוסעים שעות כדי לקבל טיפול: המלחמה הכפולה של חולי הסרטן שגרים בפריפריה (ויקו אטואן),776,105050,5578,42,240,61,211
7633211884950375701,2026-04-26,Video,"""די לאלימות, חברים"": עדן בן זקן עצרה את ההופעה בהיכל מנורה והתייחסה למקרי הר3ח המזעזעים בשבוע האחרון @doritassarafmizra",24,145886,13492,142,309,36,576
7633203619885616404,2026-04-26,Video,"רעות כהן בת ה-35 הייתה בהיריון מתקדם עם תאומות זהות. היא התמוטטה בביתה במהלך סוף השבוע והובלה במצב אנוש אל בית החולים, שם ניסו להציל אותה ואת שתי העובריות שבבטנה - אך שלושתן נפטרו 💔  (נוב ראובני)",169,244178,12546,226,525,137,426
7633203623899483412,2026-04-26,Video,"חבורת הנערים מקיפה את ימנו ז""ל - ות!קפת אותו באכזריות: פורסם התיעוד הקשה של הר3ח בליל יום העצמאות @hadasgrinberg",224,1023772,39801,313,2364,597,2806
7632986540792089877,2026-04-26,Video,"""הרגשתי את העוצמות שלו - צופה עלינו"": מדינה שלמה התרגשה יחד עם טליק גואילי כשעלתה להשיא משואה ביום העצמאות לכבוד גבורת בנה, רני גואילי ז""ל @uriyaelkayam",689,98953,5246,87,99,34,160
7632787452238810389,2026-04-25,Video,ככה נראה שילוב הטעמים הכי טעים (וחצוף) בעולם🔥 השפים ענר בן רפאל וחיים כהן מספרים לנו - מה באמת הופך אוכל לישראלי? @yaelciec,679,33764,367,3,6,0,26
7632687951117323541,2026-04-25,Video,ד״ר אלכס סינקלר נעצר על ידי המשטרה וכיפתו נגזרה - רק כי מופיע עליה דגל פלסטין  #גליקותמר @יפעת גליק (תמר אלמוג) ,62,777551,23991,1052,3040,313,1676
7632590159912979732,2026-04-25,Video,"⁨	‏ב’ זה בית וא’ זה אביחי אדרעי: המחווה המפתיעה של עלי, הילד הלבנוני, לדובר צה”ל בערבית - ותגובתו @anastasia.stu7  @Maya Rachlin  #כאןבשש",29,305834,11743,58,287,36,405
7632453258509946132,2026-04-24,Video,"השיר של שאולי: מיכל גרינגליק מוציאה מהמגירה את השיר שכתבה לאחיה לפני שנפל במלחמה - ""רציתי שהוא יפרוץ איתו"" (רועי אטינגר)",861,45317,2572,26,7,0,79
7632443327438261524,2026-04-24,Video,"""אנחנו מוכרים כיף"": מה הסוד של ה""אליאס""? @pelegnet",587,101505,2477,56,101,23,158
7632433460824591637,2026-04-24,Video,"""כשמעבירים לי מידע בזמן על סכנה אפשרית, אני רוצה לטפל בה מיד"": רה""מ נתניהו חשף שעבר ניתוח והקרנות בשל Oרטן הערמונית (קטי דור)",208,496106,15873,565,2373,695,925
7632420313057299733,2026-04-24,Video,נר3ח רק בגלל שהעיר לנערים שהתיזו ספריי קצף בפיצרייה בה עבד: בנימין ימנו זלקה בן ה-21 הובא למנוחות 💔 @yaelciec,241,829110,56837,999,2548,510,2433
7632311012636495124,2026-04-24,Video,"500 ט*לים ו-2,200 כטב""מים: המחיר ששילמה המדינה הערבית שהחליטה ללכת עם ישראל עד הסוף - והסיפור מאחורי הברית שש!רפת לאיראנים את התוכניות @roikais1987 #בשכונה_שלנו",425,126761,4378,6,159,83,287
7632310421797588245,2026-04-24,Video,"שוד מהסרטים: תיעוד ממצלמות האבטחה חושף כיצד שני, בת 22, סירבה לוותר לשודדים בתחנת הדלק באשדוד, ורדפה אחריהם עם כל מה שהיה לה @itsikzuarets",38,1175077,39904,242,1850,296,1556
7632272632364289300,2026-04-24,Video,איך יכול להיות שכולם משחקים את זה - אבל אף אחד לא מצליח לקנות? @pelegnet  #אליאס #משחק,19,96356,2304,21,49,10,95
7632235546894535956,2026-04-24,Video,אפילו טראמפ כבר מודאג (נתם גוטמן),168,323377,11932,84,1369,378,1234
7632259613697690901,2026-04-24,Video,"""שיזכרו את החיוך שלו, כולם אהבו אותו״: תמיר זילבר, מנהל הסניף, עבד עם ימנו (בנימין) ז״ל שנים ארוכות. בשיחה הוא משתף גם על ליל האירוע, בו הוא שהתקשר לאמבולנס וחיכה לצידו @yaelciec 📸: צילומי מסך מהרשתות החברתיות",22,1505741,121427,1871,3268,492,4312
7632232200368327953,2026-04-24,Video,זהב שחור כחול לבן (אורן אהרוני),670,220474,5078,34,315,110,460
7632036632991976725,2026-04-24,Video,שוד מהסרטים בדרום @itsikzuarets,207,1202046,47557,727,5549,1306,2505
7632038064277277972,2026-04-23,Video,"חמישים שנה, לך תזכור #קולנועישראלי #קולנוע #גבעתחלפוןאינהעונה (אלון שרביט)",778,147868,5895,67,548,256,502
7632036903260278037,2026-04-23,Video,"הסוד של ""מישל"" נחשף @amitharari",558,214760,9576,75,428,132,672
7631995486429498645,2026-04-23,Video,עיניים על הפ33ה: האם לאיראנים יכולה להיות פ33ת אטום תוך שנה? #רקשתדעו,113,229054,9244,79,540,116,566
7631922575462894865,2026-04-23,Video,"צבע אדום בברלין: צבע אדום הושלך על יורש העצר האיראני הגולה, רזה פהלווי, בדרכו החוצה ממסיבת עיתונאים בבירת גרמניה #IRAN#farsi #persian (רם ברנדס) 📸: צילום מסך מהרשתות החברתיות",28,1923001,18756,419,2750,643,1732
7631860785106488596,2026-04-23,Video,המונדיאל מתקרב: ההכנות האחרונות וההתלבטות של נבחרת איראן (ליאן וילדאו),210,160933,8932,95,629,34,325
7631856793827708177,2026-04-23,Video,למה השפים הגדולים חזרו לגריל? @ittaishick,539,110781,1645,12,56,22,89
7631852870614142225,2026-04-23,Video,"""שלא יהיו עוד מלחמות ונחיה באושר"": זה מה שילדי ישראל ביקשו לאחל למדינה ביום העצמאות  (שלי טפיירו)",16,60302,2073,10,22,7,49
7631660243704925457,2026-04-23,Video,רב הנסתר: כוכב הטיקטוק שהתחזה לרב וגנב את ההצגה בטקס המשואות (עופר חלפון),138,520666,21184,70,1222,281,1051
7631652062673046785,2026-04-23,Video,"מכינת ""אחים"" הוקמה בידי אחים שכולים ושמה למטרה להכין לגיוס גם בני נוער עם עבר פלילי @nofar_moshe_ferdo",652,174783,11820,65,263,72,448
7631648974063078657,2026-04-22,Video,האם בריטניה נפרדת מהסיגריות? זו לפחות התקווה בממשלה (דב גיל הר),149,517919,25969,139,3447,165,1174
7631656014063979793,2026-04-22,Video,הלוחם ארי שפיץ נפצע באורח אנוש בעזה - וצעד על במת טקס המשואות עם שתי פרוטזות (ויקו אטואן),59,45808,2213,51,45,20,37
7631590915785985301,2026-04-22,Video,למה לא שולחים את כוכבה לאירוויזיון? @amitharari,40,50937,1395,11,34,8,54
7631503471115635989,2026-04-22,Video,"המסע הבלתי ייאמן של ארי שפיץ: בזמן שהרופאים רק קיוו שהוא יתעורר, לארי שפיץ היו תכניות גדולות - אחרי 200 ימים של מלחמה על כל צעד, הלוחם שנפצע אנוש הגיע עד הר הרצל והדליק משואה (ויקו אטואן)",781,182077,8394,60,114,51,238
7631491760228928788,2026-04-22,Video,"דור העתיד כבר כאן: הכירו את המכינה שבעוטף שמגשימה את הצוואה של חן בוכריס ז""ל והופכת נערים בסיכון ללוחמים הכי טובים בצה""ל  @nofar_moshe_ferdo",656,924658,50082,171,1655,454,2775
7631292654499663125,2026-04-21,Video,"חאבייר אמת של ישראל🔥🎆 ראש ממשלת ארגנטינה, חוויאר מיליי, גנב את ההצגה בטקס המשואות כשאמר בעברית ""עם ישראל חי"", שר בספרדית ורקד עם חיילים על רחבת המסדרים בהר הרצל.",37,105748,6397,57,255,106,236
7631280855079472405,2026-04-21,Video,"""לכבוד הסבים והסבתות של כולנו - בזכותם הבן שלי אוכל בשישי מטבוחה וקניידלך""👨‍🍳 השף אסף גרניט השיא משואה הערב בהר הרצל ואמר בנאומו: ""אנחנו עם שיודע להתכנס בחזרה סביב שולחן אחד, סיר אחד, סיפור אחד ולמצוא את הכוח לקום מחדש יחד""",62,835090,47986,587,1616,270,1250
7631204514913094932,2026-04-21,Video,התיעוד המצמרר שחושף את הקרב הבלתי נתפס על מוצב יפתח: עשרות מחבלים מול קומץ לוחמים  - יחפים ועם מחסנית אחת בלבד @nofar_moshe_ferdo @liran_kogahinoff,668,777782,34580,212,732,199,1866
7631197559859514625,2026-04-21,Video,"הערב ומחר במהדורת כאן חדשות: הסיפור מעורר ההשראה של משפחת בוכריס מצדה ושלום בוכריס איבדו את אחיהם חן, סגן מפקד מגלן, שנפל בקרב, ואת אחותם ליאל למחלת הסרטן זמן קצר לאחר מכן. במקום לשקוע בכאב, הם בחרו להקים - יחד עם משפחתו של אריאל בן משה ז""ל - מכינה קדם צבאית: לוחמי יחידות מובחרות לצד אסירים משוחררים שמקבלים צ'אנס אחרון להשתקם דרך שירות קרבי @nofar_moshe_ferdo",37,291165,21907,235,263,46,432
7631185516066606353,2026-04-21,Video,"""בגיל צעיר הוא ביקש להסתפר קצוץ - החלום שלו היה להיות חייל: ""הוריו של איתי ז""ל מספרים על החיים בצל השכול 💔 (ריאד עלי)",44,590412,60688,446,665,63,1469
7631164254632021265,2026-04-21,Video,"יו""ר האופוזיציה לפיד הגיע לחלוק כבוד לח""כ לשעבר גדי איזנקוט, שבנו נפל בקרב ברצועת עזה ב-7 בדצמבר 2023 @yaelciec",20,252538,15904,66,89,20,248
7631157589358677265,2026-04-21,Video,"תקרית חריגה בטקס בעוספיא: ראש העדה הדרוזית אמר ש""המדינה נפקדת בחיי משפחות הנופלים"", נוכחים צעקו לעבר השר אלי כהן: ""את בתי הבנים הורסת הממשלה לא ט*לים מאיראן"" (אורלי אלקלעי)",58,424794,9512,122,1068,470,598
7631143785912749329,2026-04-21,Video,"""מסע ייסורים של שבע שעות"": נתניהו מספר על הרגע שבו שמע על נפילת אחיו יוני - ועל הנסיעה להוריו כדי לבשר להם את הבשורה המורה",44,309428,33827,444,645,114,931
7631136945376070929,2026-04-21,Video,"בין אסון המסוקים ל-7 באוקטובר: הסיפור מאחורי השיר ""שום דבר לא יפגע בי"" (אלון שרביט)",768,181333,15961,75,264,72,548
7630976438417640725,2026-04-20,Video,"""להיות סבא וסבתא לילד שלו יהיה סוג של ריפוי מהעצב הנורא הזה"": המשפחות שנאבקות להביא לעולם נכד מבנם שנפל ❤️‍🩹 (יפעת עמיאל)",860,375747,33185,257,499,60,935
7630879773421538581,2026-04-20,Video,"הוא שרד את התופת בעזה, אבל הלב לא עמד במשא💔: אלירן מזרחי ז""ל נחשב ל""סופרמן"" של החברים, עד שהפוסט-טראומה הכריעה אותו. אימו ג'ני יוצאת למסע כואב כדי להבין איך הגיבור שלה נשבר - וכדי למנוע את האסון הבא (יאיר ויינרב) (@nofar_moshe_ferdo)",89,681500,59457,734,901,98,2011
7630778723914026257,2026-04-20,Video,"מסעדה, בית קפה או בר? במציאות הכלכלית שבה אנחנו נמצאים, יש מצב שכל התשובות נכונות (עופר חלפון)",356,73241,1432,10,165,38,115
7630774691006860545,2026-04-20,Video,"התמיכה של הנשיא טראמפ בישראל חזקה למדי, אבל בציבור האמריקני - שפל חסר תקדים (נתן גוטמן)",343,179328,3942,14,183,55,225
7630770082142063888,2026-04-20,Video,"יומן השכול הלא שגרתי של דפני בק, שאיבדה את בעלה רב סרן במילואים איתי יהושוע ז""ל - מאבטח שב""כ שנפל בקרב בבארי (יפעת עמיאל)",641,204788,9886,30,70,17,296
7630755230765878545,2026-04-20,Video,סוכרייה או דקירה: איך ויכוח בגין אי תשלום על סוכריות גומי התגלגל לשליפת Oכין ואלה? (שלי טפיירו),197,1449616,47546,1133,7590,1347,3793
7630552922975227156,2026-04-19,Video,מיליי על המיקרופון: נשיא ארגנטינה חביאר מיליי הצטרף לשירה בחזרה הגנרלית של טקס המשואות - וגנב את ההצגה 🎤 (נוב ראובני),51,186767,9845,295,844,327,319
7630176748415765780,2026-04-18,Video,"אביו של ירדן בוסקילה ז""ל, שנרצח ב-7 באוקטובר, בטקס ""ישכח"" של מועצת אוקטובר: ""זה פצע פתוח שדורש חקירה ודורש צדק. לא ניתן לכם לשכוח""  (אסף פוזיילוב)",39,114166,7446,369,78,12,146
7630132747226434817,2026-04-18,Video,כשאין סדר בתרגילי הסדר: הסרטון מחגיגות 60 שנות עצמאות לישראל שגרם לכל הפאנל לצחוק  @ifatglick1 (תמר אלמוג),53,281283,6857,21,201,15,294
7629840163446820116,2026-04-17,Video,"אחרי תקופה ארוכה במרחבים המוגנים, בצפון מאוכזבים מהפסקת האש בלבנון (חן ביאר)",265,249770,6530,43,334,73,331
7629446476376149269,2026-04-17,Video,"""אופוריה"" חוזרת למסך: איך הסדרה תמשיך לאחר הפסקה של 4 שנים? @amitharari",536,226932,17095,75,878,50,1245
7629453498689522960,2026-04-16,Video,"צדק מאוחר? לי זיתוני בת ה-25 נהRגה בתא!נת פגע וברח בת""א בשנת 2011. הדורסים, אזרחי צרפת, נמלטו מהארץ תוך שעות, ולמרות מאבק עיקש של משפחתה - הם מעולם לא הוסגרו לישראל. היום, 14 שנים אחרי, מי שאחז בהגה ונטש את לי ז""ל נ!רה למ!!ת",118,269380,12573,111,204,41,463
7629446104882367765,2026-04-16,Video,אלפי שקלים על הכביש לאור יום – זה מה שקרה כשעסקת Oמים הסתבכה ברמלה @hadasgrinberg,162,1467768,43268,365,7641,1507,3664
7629432184008379665,2026-04-16,Video,"בדרך להסכם שלום עם לבנון? אחרי הכרזת טראמפ על הפסקת אש, ראש הממשלה נתניהו מסביר (גילי כהן) @suleiman.maswadeh 📷: איתי בית-און, יחזקאל קנדיל / לע""מ",82,220842,7034,189,360,70,311
7629333275609287957,2026-04-16,Video,פיקאסו מקורי ב-100 אירו??? ההגרלה שהסעירה את עולם האמנות והזוכה המאושר (דב גיל הר),189,219451,9606,28,246,67,338
7629278289600843028,2026-04-16,Video,אולי צריך להפגיש אותו עם פאנצ׳? 🥹 #מקסיקו #חיות #בעליחיים #גןחיות (איתמר מרגלית),28,58414,1825,29,160,12,65
7629068820291865876,2026-04-16,Video,במשטרה הופתעו לגלות שסבתא בת 74 ניהלה רשת סמים באילת עם משפחתה @itsikzuarets,287,1142230,35008,335,10152,2362,2838
7629068351888739604,2026-04-16,Video,בקיץ הקרוב מחירי הטיסות עומדים להיות יקרים מאוד. כמה יקרים? @noamgoldbergg,488,84234,1968,25,54,12,90
7629082631354764560,2026-04-15,Video,האזנות המשטרה נחשפות: איך סבתא לחמישה מאילת הפכה לסוחרת סמ*ם?  @itsikzuarets,52,1502935,66642,672,27637,3628,6462
7629070090415148308,2026-04-15,Video,"""הסבלנות שלנו פוקעת"": סבבי המילואים לא נגמרים - ואין חוק גיוס באופק @nofar_moshe_ferdo",66,36507,1357,8,24,5,27
7629065638769741076,2026-04-15,Video,"""80% רוצים הסכם שלום עם ישראל"": התגובות בתוך לבנון למשא ומתן @anastasia.stu7",213,89365,1886,32,131,31,113
7629064073308687633,2026-04-15,Video,"אודיה פינטו מתעדת את הירו@ים בצפון: ""אתן מבינות מה זה שי@ור?!"" @rubihammerschlag",7,471474,20303,30,527,32,655
7629058571178675472,2026-04-15,Video,"""השגריר הכי טוב של ישראל"": דני אבדיה משגע את ה-NBA @yoavborowitz 📸: AP",47,79783,3838,9,45,8,81
7629038765004131601,2026-04-15,Video,"דור, לוחם שנפ@ע אנ!שות, הבטיח לאחיו שירוץ איתו מרתון עוד כשהיה בטיפול הנמרץ. השבוע הוא קיים את ההבטחה: שני האחים רצו יחד במרתון באיטליה @mayarachlin",24,47812,1103,5,3,1,20
7629019879244336385,2026-04-15,Video,"הייתם מנחשים? הסופרת של ""עוזרת בית"" חשפה את הזהות שלה לראשונה - שרה כהן, רופאה @amitharari 📸: AP",13,40287,869,2,26,3,42
7629001816004463893,2026-04-15,Video,"נעמה חולת הסרטן החליטה להיאבק בעזרת הרשתות כדי לקבל תרופה שיכולה להציל את חייה - והצליחה👇 נעמה טרזי בת ה-23, שמתמודדת עם סרטן גרורתי בשלב 4 ועברה כריתת רחם ושחלות, סורבה על ידי קופת חולים ""כללית"" לקבל תרופה שיכולה להציל את חייה. נעמה פרסמה את הסיפור שלה ברשתות החברתיות בניסיון לגרום לקופת החולים לשנות את ההחלטה - והצליחה. לאחר פרסום הפוסט וגם לאחר פניית ""כאן חדשות"" לקופת חולים ""כללית"", קופת החולים החליטה לשנות את החלטתה ותספק לנעמה את התרופה שהיא זקוקה לה נעמה כתבה בפוסט שפרסמה בניסיון לקבל את ה",30,159303,7727,87,104,24,154
7628973093603593489,2026-04-15,Video,"עשו מהלימון לימונדה📼👑: לאחר שתחנות הרדיו הממסדי השליכו את התקליטים שלהם לפח, האחים ראובני התחילו למכור קסטות בעזרת מוכר לימונדה - וכך התחילה אימפריית המוזיקה המזרחית של ""האחים ראובני"" @pelegnet",60,66839,1395,10,45,8,86
7628967647702437137,2026-04-15,Video,"""רואים לכם!"": חברות הכנסת טלי גוטליב, לימור סון הר-מלך ומאי גולן הוצאו מהדיון בבג""ץ על העתירות להדחת בן גביר",35,235719,6654,225,408,120,388
7628708626433084689,2026-04-15,Video,"ההורים זעמו: ""הקצין התורן בבסיס היה חובש כיפה"" @itsikzuarets",157,650324,33741,771,3382,845,1403
7628717097874443537,2026-04-14,Video,"החופשה הבאה בטן-גב בחוף בצידון? שגריר ישראל אופטימי אחרי סבב השיחות עם שגרירת לבנון: ""אנחנו מאוחדים בצורך לח.ס.ל את הר.ש.ע של ח*זבאללה - נחצה את הגבול רק עם בגדי ים"" (נתן גוטמן)",28,30730,594,4,21,5,30
7628709587293621521,2026-04-14,Video,"אגב, הוא נתן 100 דולר טיפ (מיכל רשף)",161,180545,5177,8,97,17,174
7628681535339646209,2026-04-14,Video,"מוחמד חדיד העלה סרטון של כוכב הרשת, יוחנן טווינה רוקד במדי צה""ל - מה המסר של יוחנן לאבא של הדוגמניות האנטי-ישראליות בלה וג'יג'י?✨📢 @mayarachlin @yochanan_twina",100,595340,32585,237,4010,299,1344
7628651313110191380,2026-04-14,Video,"⁨	לא מוכן לוותר על הפרידה: חברו לצוות של אייל אוריאל ביאנקו ז״ל שנפצע באותה התקרית בדרום לבנון, הגיע להלוויה על אלונקה⁩",16,612283,53710,1140,723,102,1313
7628584113741630740,2026-04-14,Video,הכל בגלל סכסוך אישי? @rubihammerschlag,189,150348,3183,30,146,46,128
7628606569789312277,2026-04-14,Video,"״אתה יודע שיש לי פחד במה״ 💔: יאסה, אלמנתו של רס״ם אייל אוריאל ביאנקו ז״ל, נפרדה ממנו בהלווייתו",20,93331,5940,224,29,7,115
7628583602636279060,2026-04-14,Video,לא ידעו? או העדיפו לשתוק? (דב גיל-הר) #שואה #יוםהשואה #נזכורולאנשכח,856,517676,36403,118,549,100,2434
7628583257210096916,2026-04-14,Video,זוכרים את ליל הכטב״מים האיראני הראשון? ככה הוא נראה היום @maylaurencelola,454,107206,3031,10,62,6,158
7628335238074109204,2026-04-13,Video,תיעוד חריג: משאית לפינוי אשפה שעוררה את חשד הבודקים הביטחוניים במעבר חוצה שומרון נעצרה לבדיקה - ובתא האשפה שלה התגלו כ-40 פלסטינים שניסו להסתנן לישראל @Itay Blumental איתי בלומנטל  (כרמלה מנשה),24,302039,5932,55,735,177,371
7628332441194990868,2026-04-13,Video,התינוקת מברגן בלזן שנולדה אחרי תשעה חודשי היריון בתנאים בלתי אפשריים (יפעת עמיאל),545,217465,17647,63,273,52,954
7628115020932517141,2026-04-13,Video,למה דור ה-z מתלהב ממכשיר בן 20 שנה? @yaelciec,176,184403,9056,67,528,68,644
7628111895366470932,2026-04-13,Video,"אלדר, אם חד הורית לשני ילדים, מצאה את עצמה בגיל 40 חוזרת לגור אצל אמא שלה @lielkyzer1",348,672711,24840,294,1603,522,1460
7628065223278169361,2026-04-13,Video,"הקרב על המייפל: האם הסירופ המתוק יסבך את ""בית הפנקייק""? סועד הגיש תביעה ייצוגית נגד המסעדה המיתולוגית בטענה שהרוטב לא באמת עשוי ממייפל טהור והתחרט - אבל עורך הדין שלו החליט להמשיך בהליך בלעדיו @roiyanovsky",269,364951,11026,138,977,152,579
7627977162561178896,2026-04-12,Video,"נוסטלגיה בשידור חי: רגע לפני שיוצאים לדרך חדשה, אגדות ""שירים ושערים"" וקולות הזהב של הספורט הישראלי מתאחדים באולפן אחד לחגיגה של פעם ב-90 שנה (אורי לוי, רינה מצליח @sharondavidovitch)",48,184465,2863,67,96,44,123
7627951656105217301,2026-04-12,Video,"מי צריך חדר כושר כשיש את דליה מנטבר (מנהלת תחום פילאטיס במרכז האקדמי לוינסקי-וינגייט) באולפן? 🏃‍♀️ ""שעת כושר"" - גרסת 2026 @mayarachlin",26,65822,473,16,17,4,13
7627940872792870164,2026-04-12,Video,"לא, לא חזרתם בזמן: שירים ושערים חזרה בתוכנית מיוחדת במסגרת חגיגות 90 שנות שידור ציבורי 🥹",27,52300,437,17,27,19,24
7627596350128999701,2026-04-12,Video,"הצצה נדירה אל מאחורי הקלעים של שיתוף הפעולה ההיסטורי: הקצינים שניהלו את המערכה כתף אל כתף חושפים איך זה נראה מבפנים, ומה באמת קרה בדרמת החילוץ בשטח האויב איילה חסון",595,189719,4275,34,170,65,292
7627453046053686548,2026-04-11,Video,"""כמו פעם"": חוזרים לימים שכיבסו ביד, חרשו בקומביין ובישלו על פרימוס (רובי המרשלג)",47,405215,11325,38,348,73,662
7627422121140014356,2026-04-11,Video,לאיזו עדה יש המטבח הכי טעים? (עופר חלפון),802,26972,250,3,13,6,13
7627245452039326993,2026-04-10,Video,המטבח המרוקאי הפך למטבח הלאומי - או שיש לו מתחרים? (עופר חלפון),802,186858,3089,247,143,51,261
7627058958145948945,2026-04-10,Video,כולם הצליחו ליום הראשון בחזרה בבית הספר? @liran_kogahinoff,174,464454,18679,326,2596,131,1015
7627058456381377810,2026-04-10,Video,"פצחנים טוענים שהצליחו לחדור למערכות מידע רגיש סביב הרמטכ״ל לשעבר, וכך לחשוף את התמונות והסרטונים, שבחלקם מכילים מידע ביטחוני לצד חומרים אישיים נוספים @itayblumental1",174,264960,6803,49,268,60,272
7627006999615573249,2026-04-10,Video,למה כולם פתאום רוצים להגיע לירח? זה הסיפור של המרוץ הכי יקר בעולם  #רקשתדעו #ירח #חלל #חללית #כוכבים @talfraz,118,198281,12771,36,884,217,757
7626780451574779157,2026-04-09,Video,"""איך אבא ואמא אמורים להספיד את הילד שלהם?"": סמ""ר טובאל יוסף ליפשיץ ז""ל הובא למנוחות  (מיכל וסרמן)",36,234724,12155,1693,197,48,383
7626721145709972757,2026-04-09,Video,כבר התחלתם לארוז? אולי עוד מוקדם להתלהב #נתבג #טיסות #איראן #אלעל #חופשה  (אופיר הלפרין),187,159989,2323,16,169,53,116
7626720726019591445,2026-04-09,Video,"הסוף ללידות בחניה, לפחות לסבב הזה #איראן #יולדות #לידה #הריון #היריון (נוב ראובני)",194,140645,2343,13,121,49,77
7626719740018298133,2026-04-09,Video,בואו לאכול איתי בספיישל פסח - ומי שלא צופה מרור @amitharari,222,79304,1082,5,9,3,25
7626654453562641665,2026-04-09,Video,"""אפשר אולי להאריך את המלחמ_ה?"": אחרי 40 יום - כמה הילדים רוצים בכלל לחזור לבית הספר? @liran_kogahinoff #ביתספר #לימודים #איראן",21,158911,7168,106,372,29,222
7626422452326878485,2026-04-08,Video,"תומר, אלמנתו של רס""ן עילי זיסר ז""ל, שיתפה בפוסט בפייסבוק: ""אני מחפשת זוגיות"" @ifatglick1 (תמר אלמוג)",51,579897,31803,169,443,65,716
7626378017622822164,2026-04-08,Video,אין דבר מגבש כמו לשבת יחד במקלט בשלוש לפנות בוקר: מוריה והשכנים מהבניין רק ניסו להעביר את הזמן במקלט - והפכו לכוכבי סרטון ויראלי. תייגו שכן שהיה זורם (אלון שרביט),67,791324,63556,197,975,135,1757
7626374469472537877,2026-04-08,Video,"גאווה ישראלית עצומה: עמרי וייס שרעבי, עדיין לא בן 13, הוחתם בברצלונה. בספרד כבר הכריזו - ""הוא העתיד של קבוצת הכדורגל"" @yoavborowitz 📸: diariosport/Instagram",21,900344,37966,208,3258,787,1847
7626152891308428565,2026-04-07,Video,"לנה אוסטרובסקי-גרשוביץ ליוותה דורות של שחקנים כשלימדה פיתוח קול בבתי הספר הגדולים למשחק. השבוע נר3חה לצד בעלה, בנה וכלתה כשט*ל איראני פגע בביתם שבחיפה 💔 @doritassarafmizra",154,297423,14904,655,249,57,452
7626152818327571733,2026-04-07,Video,"תיעודים מרהיבים, תקלת שירותים - וצנצנת נוטלה מעופפת: ארטמיס 2 עושה היסטוריה בחלל (יואב זהבי)",209,264550,10252,63,293,34,558
7626069082646777108,2026-04-07,Video,"אחרי שבימים האחרונים הבטיחו דוברים מטעם משמרות המהפכה שאזרחי איראן יגנו בגופם על מטרות התק*פה - איראנים יצרו ""שרשראות אנושיות"" מסביב לתחנות כוח, גשרים ומתקני אנרגיה במדינה כדי למנוע את הפ33תם (גיא מעיין, איתמר מרגלית)",48,330496,9400,327,483,95,383
7625915774321921300,2026-04-07,Video,עם כל השכנים במקלט: אוריה מחולון ארגן מסיבת הפתעה ליום ההולדת ה-80 של שכנתו עדנה (יונתן אוחיון),32,113964,3870,27,48,13,79
7625901728998673684,2026-04-07,Video,"""ברוכים הבאים לשכונה הישנה שלי"": האסטרונאוט המנוח ג'ים לוול, שטס לירח ב-1968 באפולו 8, בירך את חברי צוות ארטמיס 2 כשהם התקרבו לירח. לוול, שהלך לעולמו באוגוסט האחרון, הקליט את הברכה זמן קצר לפני מותו 📸: AP, NASA",37,146388,4570,17,43,6,165
7625893281087507733,2026-04-07,Video,ארטמיס 2 השלימה את משימתה בהצלחה: האסטרונאוטים הקיפו את הירח והפכו לבני האדם שהתרחקו הכי הרבה מכדור הארץ - יותר מחברי אפולו 13 ב-1970. הנשיא טראמפ שוחח איתם ושמע מהם על הצד הרחוק של הירח  (רם ברנדס) 📸: NASA,25,215146,8303,38,175,42,281
7625745608636140820,2026-04-07,Video,משלחת ארטמיס 2 תטיס לראשונה מזה עשורים אנשים מסביב לירח,176,274341,8852,70,201,36,388
7625747021491653909,2026-04-06,Video,השם הוא בוט. קלוד בוט @amsterdamski2  #בינהמלאכותית #בינה_מלאכותית #צאטgpt,905,141327,2883,37,740,332,791
7625697129993866516,2026-04-06,Video,"טראמפ באירוע לכבוד הפסחא בבית הלבן (וזו גם הסיבה למוזיקה ברקע): ""האיראנים רוצים שייפלו עליהם פצצ!ת כי הם רוצים להיות חופשיים"" (ישי בר יוסף)",17,128538,2485,40,41,11,97
7625580647049972993,2026-04-06,Video,"נגמרו חיי הפאר: קרובי משפחתו של אחד מסמלי משמרות המהפכה חיו בארה""ב - עד שהאמריקנים החליטו שהחגיגה שלהם הסתיימה (מיכל רשף)",211,144931,4487,46,149,57,168
7625568704121556225,2026-04-06,Video,איך נשמע אירוויזיון בקוריאנית או וייטנאמית? תחרות המוזיקה הגדולה בעולם נוחתת באסיה – בגרסה מחודשת של הפורמט האירופי המוכר @amitharari,232,112321,5808,159,689,91,498
7625564798993845520,2026-04-06,Video,"צעד קטן לאדם – צעד גדול בדרך חזרה לירח: חללית ""ארטמיס 2"" מתקרבת ליעד שלה, רק אלפי קילומטרים מהירח @yoavzehavi10",196,93368,2445,24,71,20,102
7625533853775465745,2026-04-06,Video,תרחיש האימים של כל טייס התממש: מה קרה באותם רגעים דרמטיים של איתור הנווט – ואיך נראות ההכנות בישראל לאירוע דומה? @itayblumental1,370,680181,19449,105,794,272,1409
7625369030265703700,2026-04-05,Video,קליפ שכנים שכבש את הרשת וגרם להמונים לקנא במרחב המוגן הכי ויראלי בישראל (אלון שרביט),548,1078849,55956,329,1349,331,2489
7625349699947466001,2026-04-05,Video,"יום אחרי ההופעה המדהימה ברבע גמר הגביע האנגלי, דניאל פרץ במסר לעם ישראל: ""אתם נותנים לי המון המון כוח"" (דב גיל-הר)",52,215095,7262,152,37,8,174
7625293970402266375,2026-04-05,Video,"נחשים ותמנונים: ההבטחות ששר הביטחון ישראל כ""ץ מפזר כבר שנתיים (עומר קמפלר)",91,68111,867,43,40,11,53
7625287646784277778,2026-04-05,Video,"חופש ביטוי או סכנת נפשות? אלון לי גרין, מפגין שנעצר אתמול בכיכר הבימה, וסנ""צ איציק אלפסי מדוברות המשטרה מסבירים את עמדותיהם  (יונתן אוחיון)",57,122888,2827,161,65,19,140
7625282471411617042,2026-04-05,Video,דווקא עכשיו: משפחת לאו מירושלים מתכוונת לעבור לקריית שמונה כבר בקיץ הקרוב (יונתן אוחיון),39,229422,12162,77,366,42,296
7625237404240186645,2026-04-05,Video,אז מה דעתכם? (שלי טפיירו),954,1362724,46650,942,7881,1528,5173
7625238759914704148,2026-04-05,Video,"""הפכנו ממשפחה מאושרת למשפחה שכ!לה, יש לנו חור בלב שלא יתמלא לעולם"" 💔",84,207249,16751,982,139,25,319
7625215816090357012,2026-04-05,Video,מה היינו עושים בלעדיה? (אילה חסון),492,412024,12045,105,618,252,845
7624978176942279956,2026-04-04,Video,"כשהסדרה מתערבבת במציאות: ביתו של השחקן שרון אלכסנדר ספג נזקים מטיל איראני - מה קרה כשהוא ניסה להיעזר בצופה אדוקה של ""החממה""?  @ifatglick1, תמר אלמוג #גליקותמר",70,869205,62919,560,13444,1062,3669
7624939704873520404,2026-04-04,Video,"עידן, בן 5 מדימונה, מסביר על המל@מה: ""הם כמו שני רשעים, אנחנו לפחות עם אחד""  (אמיר גרא)",34,75521,1563,13,23,1,54
7624817930592734484,2026-04-04,Video,דימונה נהפכה למוקד יר* מרכזי - כולל פג*עה ישירה אחת עם עשרות פצ!עים - ותושבי העיר מנסים לעכל את המציאות החדשה שנכפתה עליהם (אמיר גרא),847,254146,5467,28,401,115,326
7624571403152428306,2026-04-03,Video,גורם ביטחוני מערבי: אחד מאנשי הצוות שהיו על המטוס האמריקני חולץ. בתיעוד ניתן לראות מטוס של חיל האוויר האמריקני טס בגובה נמוך מעל אדמת איראן במסגרת החיפושים @Itay Blumental איתי בלומנטל ,19,617933,12391,69,199,46,474
7624421145579687189,2026-04-03,Video,המשחק שכל המפורסמים נופלים בו @ittaishickman2,680,176338,3851,35,128,25,273
7624283659129916693,2026-04-02,Video,מה זה שמה בשמיים? 🌪 @erancicurel1,124,758578,22816,259,3994,845,1385
7624281833844313364,2026-04-02,Video,בדרך לעשות היסטוריה? ארבעת האסטרונאוטים ששוגרו למקום הכי רחוק אליו הגיע אדם אי פעם @amitharari,206,621397,24266,281,1148,179,1362
7624155420835302676,2026-04-02,Video,"נוסעים בטיסה מקוסטה ריקה לאטלנטה ראו מהחלון נוף לא שגרתי - את שיגור החללית ארטמיס 2, שהמריאה לירח 🌕✈️ 📸: רויטרס ",9,680964,15080,58,819,120,689
7624126593052478727,2026-04-02,Video,"מושבה אנושית ראשונה מחוץ לכדור הארץ? כל הפרטים על השיגור הדרמטי של נאס""א הלילה לירח",36,9169,135,3,2,0,9
7624122103570189575,2026-04-02,Video,הנשיא טראמפ מאחל חג פסח שמח  (רם ברנדס),42,157410,12552,405,862,363,463
7623778585605655829,2026-04-01,Video,"לא בפעם הראשונה: צעירים ניסו להבריח גדיים להר הבית ""במטרה להקריב קורבן פסח"" - ועוכבו על ידי המשטרה צילום: חוזרים להר @haimgoldich",39,493071,16709,686,1342,195,610
7623707663079099669,2026-04-01,Video,מאבק של יותר מאלף שנים עומד לחזור לסיבוב חדש? #בשכונה_שלנו @roi kais,413,324233,7194,57,475,242,544
7623714135166979349,2026-04-01,Video,"ב' נפ3ע קשה בלבנון מ*רי נ""ט של חיזבאללה ואיבד את רגלו. המסר שלו מבית החולים: ""זו זכות להגן על תושבי הצפון, נביא לכם את השקט שמגיע לכם"" @itayblumental1",41,309795,18152,71,562,203,455
7623682201254726933,2026-04-01,Video,ט*לים במקום מים? פרויקט הדגל של איראן נחשף - ואיתו המחירים הכבדים #רקשתדעו,113,663861,21762,54,4358,2230,1325
7623667727038876948,2026-04-01,Video,"ה*רי מאיראן: לפחות 10 זירות נפילה במרכז. במד""א מעדכנים - ילדה בת 11 נפ3עה קשה בבני ברק, נער ואישה נוספים נפ3עו בינוני (ורד פלמן)",6,244177,12394,35,958,131,269
7623499936910363921,2026-04-01,Video,בין האזעקות והשיגורים - ממשיכים להכין את מאכלי החג (עופר חלפון),481,42275,404,2,23,9,17
7623497804194909456,2026-03-31,Video,"בתי המלון בישראל הם המרוויחים הגדולים בעקבות ביטולי הטיסות בחג, ויש כאלה שנפתחים אפילו עכשיו (נעם גולדברג)",273,239288,4490,32,934,270,980
7623489137684892949,2026-03-31,Video,"שבועות ספורים לפני שנפל: סרן נועם מדמוני ז""ל בדברי פרידה והערכה להורי פקודיו ביחידת אגוז, רגע לפני שעבר לסיירת הנח""ל. ערן, אביו של אחד מלוחמיו ששיתף את התיעוד, כתב בכאב: ""הבנים שלנו יישארו צוות מדמוני לנצח, מעריך ואוהב אותך לעולמים 💔"" @חיים גולדיטש ",33,1093125,74952,1551,1444,358,2028
7623425418560883989,2026-03-31,Video,"שובר לב: אימו של סרן נועם מדמוני ז""ל נפרדת מבנה 💔",73,1532487,117065,5583,5079,1273,4074
7623415170764754177,2026-03-31,Video,"סמ""ר בן כהן, בן 21 מלהבים,  שנפל בלבנון הובא למנוחות. אמא של בן ספדה לו: ""סליחה שלא הצלחתי לשמור עליך""💔",23,537191,45368,738,557,107,857
7623400254771154183,2026-03-31,Photo,💔,0,246370,12864,2421,136,38,263
7623344379977043201,2026-03-31,Video,חזרנו אל עדן ופרח מקרית שמונה אחרי 20 שנה - מה השתנה?  (אורן אהרוני),41,141945,7962,42,163,28,231
7623343157907836161,2026-03-31,Video,"המציאות הכואבת בקרית שמונה: ""הבן שלי נכה ולא התקלח מתחילת המלחמה""  @rubihammerschlag",15,358909,21986,161,332,59,544
7623143769231117589,2026-03-31,Video,"""לגרמניה יש לא מעט אינטרסים בסוריה ולא מעט סורים בגרמניה"": נשיא סוריה, אחמד א-שרע, נחת בברלין לביקור מדיני משמעותי שמעצב מחדש את יחסי הכוחות באזור כולל התייחסות למלחמה עם איראן דב גיל-הר",211,76150,1237,8,22,6,70
7623291558539824405,2026-03-31,Video,800 מיליון שקל לחרדים: המהלך של הקואליציה  @michaelshemesh,191,210188,6665,91,347,51,258
7623289205937982740,2026-03-31,Video,בירת הנגב במוקד: המ@חים הלא פוסקים לבאר שבע  @itsikzuarets,275,223584,6532,26,914,248,315
7623136728596958484,2026-03-31,Video,עשרים שנה חלפו - והצפון עדיין באותם המקלטים עם אותן הדרישות לבטחון: האם אנחנו בלופ אינסופי של מציאות כואבת? אורן אהרוני,936,60508,1722,13,26,7,78
7623096726324268308,2026-03-30,Video,"נהוראי ממעלות יעשה הכל בשביל סבתא שלו: ""האימונים שלי נתנו לי את הסיבולת להרים אותה ארבע קומות עד למקלט"" @mayarachlin",24,869190,69985,1350,2518,298,2076
7623056407314615573,2026-03-30,Video,"זה לא פילטר או הכוכב מאדים - אלו השמיים במערב אוסטרליה התופעה הנדירה התרחשה רגע לפני הגעתו של הציקלון הטרופי ""נרל"", כאשר שילוב של עננות כבדה וחלקיקי אבק במרכז הסופה גרמו לסינון של קרני האור ולהופעתם של הגוונים האדומים העזים 📸: שימוש לפי סעיף 27 א'",12,354520,11608,179,1862,398,766
7623037962313387284,2026-03-30,Video,נקבל כניסה קרקעית לאיראן לפני GTA 6? @yoavzehavi10  #שאגתהארי #איראןדונטשוט #טראמפ #איראן #מלחמה,178,135828,1960,14,74,16,93
7623032271188020481,2026-03-30,Video,"עשרים שנה עברו, ואנחנו עדיין בבוץ הלבנוני #חיזבאללה #לבנון #מלחמה  (אורן אהרוני)",765,104943,3329,6,69,24,178
7622770372982705429,2026-03-30,Video,"כתובת אחת, טרגדיה כפולה: זירת ההרס בתל אביב שגבתה את חייהם של שני בני אדם, הפכה לפינת הנצחה עבור השכנים שצריכים כעת להתחיל את השיקום שוב מהתחלה אנה פינס",298,85850,1279,14,59,11,65
7622768397775932692,2026-03-30,Video,האם מדבקה אחת תעלה לנציג דנמרק בדוז פואה?🎤 סערה ברשת אחרי שהתגלה כתומך ישראל לכאורה  @amitharari,216,484731,34876,221,716,63,1097
7622786727186418965,2026-03-29,Video,"הקרב על תקציבי הישיבות: יו""ר ועדת הכספים חנוך מילביצקי נגד לימודי הליבה - לאחר שהתברר כי קיימים קשיים משפטיים בהעברת הכספים למוסדות שלא עומדים בחובת לימודי הליבה תקף מילביצקי: ""מבחינתם אין שום צורך בלימודי ליבה, זה מסיט אותם ממטרתם"" דקלה אהרון-שפרן 📸ערוץ הכנסת",40,109000,6228,341,477,173,304
7622737843042913554,2026-03-29,Video,"מה קרה כשכתבנו בצפון רובי המרשלג פגש את ההבורגר ""רובי"" - 220 גרם של כבוד שקרויים על שמו בפודטראק בצפון? @mayarachlin @rubihammerschlag",41,75934,1505,10,54,5,51
7622696384373755154,2026-03-29,Video,"40 דקות מהגבול, לא מעט ישראלים בחרו לרדת לסיני להתרחק מכל האזעקות והנפילות (דני דגן)",52,173355,4794,31,343,73,221
7622638484322389265,2026-03-29,Video,״כל לימודי הרפואה היו שווים את זה כדי לטפל בו״: לרב סרן מ׳ היה רק תנאי אחד כשהוא נכנס למרפאה של פרופ׳ איתי פרץ - ״אני חייב לחזור למילואים בעזה עד יוני״ (אילה חסון) #לוחמים #עזה #רופא  הטיפול בוצע בהדסה הר הצופים,69,408829,21433,552,1040,429,681
7622410653130591509,2026-03-28,Video,"""כמו רולטה רוסית"": רוזה איבדה את צלילותה אחרי שהנכד שלה נרצח בנובה - כך בני משפחתה נאלצים לשאת אותה למקלט (אמיר גרא)",38,1365421,103830,997,4549,704,3290
7622398939190316296,2026-03-28,Photo,"משפחתו של ויאצ'לסב וידאמנט, שנר3ח אתמול מט*ל מצרר בתל אביב, פרסמה את תמונתו 💔 ויאצ'סלב עבד כשומר בבניין שנ@גע ביום הראשון למלחMה ולא שהה במרחב מוגן - הוא נפ@ע מרסיסים של פ33ת מצרר שנפלה בסמוך אליו יהי זכרו ברוך 🕯️ (אסף פוזיילוב)",0,90832,3685,196,36,11,60
7622384342483864852,2026-03-28,Video,"הייתם מאמינים? ליאור סושרד, אמן החושים הבינלאומי, משתף: ""הייתי ילד חנון, צחקו עליי מול כל השכבה"" (מאי לורנס ביסמוט)",24,45582,1300,4,18,2,31
7622377207561735445,2026-03-28,Video,"המציאות הבלתי נתפסת של משפחת וגנר מקריית שמונה: שמונה ילדים, ללא ממ""ד - וי@י בלתי פוסק @uriyaelkayam",39,165728,10055,30,153,13,282
7622339199831690516,2026-03-28,Video,"הנשיא טראמפ על יורש העצר הסעודי, בנו של מלך סעודיה בן סלמאן: ""הוא מנשק לי את הת@ת""  (ישי בר-יוסף)",23,139941,2830,51,554,222,222
7622334272250072341,2026-03-28,Video,"ג'יי די ואנס, סגנו של טראמפ: ""השגנו את כל המטרות הצ@איות שלנו באיראן, הנשיא ימשיך בזה עוד קצת"" (ישי בר-יוסף)",9,25851,339,2,13,5,23
7622326216032308500,2026-03-28,Video,"""אנחנו באמצע שדה ק@ב"": תיעוד הנ@ילה באשתאול  @vered.pelman 📸: הלל חביביאן",28,813492,27430,197,1639,253,1280
7622303863219031316,2026-03-28,Video,"הטיל*ם האיראניים הגיעו גם לפתח הבית של טל מוסרי: ""כל הבניין רעד, חשבנו שנפתח את דלת הממ""ד ולא יהיה בית"" #גליקותמר @ifatglick1 (תמר אלמוג)",84,157932,6939,37,183,28,226
7622252013664914708,2026-03-28,Video,"""אנחנו אוכלים אותה מכל הכיוונים"": כשטיל*ם מאיראן נופלים 200 מטרים מאל-אקצא - מתברר שגם המקומות הקדושים הם כבר לא תעודת ביטוח. כך, בין הרובע היהודי למוסלמי, התושבים מגלים שדווקא כשהשמיים בוערים - הגורל שלהם הפך לאחד #האיש_בשטח @suleiman.maswadeh",31,1033772,14399,431,2666,707,1674
7622026134099692816,2026-03-28,Video,"כ-20 אלף ישראלים יצאו מהארץ לסיני בחודש האחרון, משאירים מאחור את אימי המלחמה ומוצאים קצת שקט באחת הזולות (דני דגן)",921,470180,8987,47,1772,672,754
7622025146554944789,2026-03-27,Video,הבית נהרס לחלוטין - אבל ההומור עדיין איתו 👑 (אילה חסון),238,162565,3305,105,194,79,134
7621950113358810369,2026-03-27,Video,"בשורות טובות: כראמל, החתול הכי מפורסם בטלוויזיה - יגיע בקרוב לקולנוע (דורית אסרף מזרחי)",81,53707,1969,59,200,38,168
7621877804447042836,2026-03-27,Video,העונה האחרונה של כראמל נגמרה? לא נורא - החתול הכי אהוב עובר מהטלוויזיה ישר לאולמות הקולנוע? ✨🎬 דורית אסרף מזרחי,300,206111,9142,263,2356,335,836
7621868261994433812,2026-03-27,Video,"תפסו את הרגע במהירות האור ⚡️ - תיעוד נדיר של ברק מכה ישירות בפסגת הבורג' חליפה בדובאי, המגדל הגבוה בעולם, במהלך סופת ברקים סוערת באיחוד האמירויות גיא מעיין 📸 סעיף 27א",14,594434,20586,172,1544,271,1241
7621845549561482517,2026-03-27,Video,מבט מקרוב על התכניות של טראמפ ליום שאחרי המלחמה באיראן. האם מודל ונצואלה יעבוד גם בטהרן? | מחר בחדשות השבת @אילה חסון - Ayala Hasson,154,81025,1172,6,13,5,59
7621657641135475989,2026-03-27,Video,מעריצי הארי פוטר שימו לב: הטיזר הראשון לסדרה החדשה של HBO יצא @ittaishick,220,101581,4171,202,870,253,419
7621654506707143957,2026-03-26,Video,הנשיא טראמפ רוצה שאיראן תסכים לעסקה שהוא מציע - ובמקביל מגביר את האיומים (נתן גוטמן),198,163864,2422,23,99,25,128
7621651580982660372,2026-03-26,Video,״פה אני יכולה לצעוק בקול שאני יהודיה בלי לפחד ללכת לכלא״ @sharondavidovitch,33,164948,5375,53,179,22,271
7621643634424679681,2026-03-26,Video,איך טראמפ משכנע את האמריקאים לתמוך במלחמה? #סיפור_עולמי,427,52180,623,10,6,2,48
7621586443756113160,2026-03-26,Video,״היינו אמורים לחכות שתחזור מהודו״:  אחות של סמ״ר אורי גרינברג ז״ל נפרדת @haimgoldich,18,1367487,68408,11895,1337,189,2760
7621279241170308372,2026-03-26,Video,הדור האבוד: מה קורה לבני הנוער בישראל אחרי שש שנים של סכנה קיומית? (יפעת עמיאל),717,488222,30691,128,1480,222,1629
7621271512678501652,2026-03-26,Video,"ארה""ב שולחת עוד כוחות למזרח התיכון @itayblumental1",237,408294,10678,341,896,351,678
7621267950976240916,2026-03-26,Video,היה בדרך למקלט: אמיר בן ה-12 נפצע קשה בדימונה מפגיעת טיל איראני (איציק זוארץ),255,348311,13230,589,633,174,713
7621280819188944149,2026-03-25,Video,"אמיר מבקש לא לחזור לדימונה: ""כשמזכירים לי את העיר אני מפחד""  @itsikzuarets",50,487433,24881,388,986,182,1106
7621267286229257493,2026-03-25,Video,"הלב נשבר: נוריאל הייתה אמורה להתחתן עם בחיר ליבה בעוד כחצי שנה, אך נר@חה אתמול ב@גיעה ישירה 💔 (אורלי אלקלעי)",34,303061,15351,471,417,89,447
7621248860945403156,2026-03-25,Video,הייתם נוסעים עכשיו לסיני? (דני דגן),23,261431,9333,148,1137,304,386
7621190864227798293,2026-03-25,Video,הדוגמן הישראלי יונתן קרלסון שחשוד בחטיפתם של ילדי משפחת בלוק - מספר איך גויס לחוליית החוטפים (דב גיל הר),228,178044,4376,25,207,29,327
7621179746159709457,2026-03-25,Video,נחמה אחת במלחמה: הסתיימו הצילומים לעונה החדשה של קופה ראשית @amitharari #קופהראשית #ראמזיעבדראמזי #שירהשטיינבוך #כוכבהשביט #אמנוןטיטנסקי,457,118038,6314,47,404,62,369
7621178232519413009,2026-03-25,Video,גם במלחמה: תל אביב נשארת תל אביב #שאגתהארי #אזעקה #קפה #תלאביב  (אלון שרביט),491,369992,13845,10,407,90,404
7620948943576337684,2026-03-24,Video,"אביאל, רק בן 8, סייע לאימו שעברה התקף חרדה ♥ @yaellevi.28 (יונתן אוחיון)",41,996765,57079,505,2006,438,2714
7620932640941640981,2026-03-24,Video,"""רוצה שאני אעביר משלוח? אני ליד בית שמש"": חנות בגדים בקריית שמונה נשארת פתוחה תחת אש, למרות שחברות המשלוחים כבר לא מגיעות. כתבנו לא נשאר אדיש, העמיס חבילה על האוטו - ודאג שהיא תגיע ליעדה @uriyaelkayam",29,241312,10516,60,331,52,258
7620901258131426581,2026-03-24,Video,"""מקלטים ומיגוניות רבים הם לא נגישים - אז המון אנשים עם מוגבלות לא יוצאים מהבית"" @mayarachlin",25,157967,6171,105,251,26,174
7620836354137672961,2026-03-24,Video,"למה התוכנית להפלת המשטר לא מתקדמת, ואיך זה קשור לאפשרות שהמלחMה תסתיים @yaara.shapira",145,179195,3896,65,79,21,223
7620827906540866836,2026-03-24,Video,אחת משלנו: תראו את מי תפסנו לריאיון בזירת הנפילה במרכז תל אביב 🙃 @yaelciec,28,223569,7805,212,141,49,181
7620797474541751572,2026-03-24,Video,"""המלחמה של ישראל היא המלחמה שלנו"": בתוך המקלט האטומי של התחנה המרכזית צמחה עיר אוהלים של הילדים והעובדים הזרים מדרום תל אביב @nofar_moshe_ferdo",446,232940,6065,20,514,95,397
7620803860847742228,2026-03-24,Video,"הייתם מעדיפים להיתקע במקלט עם ראמזי או עם כוכבה?🛒 הצצה לצילומים של ""קופה ראשית"" בזמן מלחמה | הערב במהדורת כאן חדשות",40,22074,664,8,46,13,59
7620732521864498448,2026-03-24,Video,"""הולי פאק*נג שיט"": המראות והקולות מזירת הנפילה בת""א (יעל צ'כנובר)",29,75256,2145,7,39,13,51
7620566400226184468,2026-03-24,Video,"סמוטריץ' לוחץ לקצר את החופש הגדול, המורים מבהירים: ""לא נאפשר פגיעה בתנאים שלנו"" בזמן שהשרים רבים וארגוני המורים מאיימים - התלמידים וההורים שוב נשארים בחוסר ודאות. איך ייגמר הקרב על הקיץ שלנו? @liran_kogahinoff",231,126903,3435,68,252,36,128
7620567308519378197,2026-03-23,Video,"""הרגשתי שכל העולם נחרב"": שלמה, היה במכוניתו כשרסיס נפל ממש לידו באיזור הבימה בתל אביב, כעת הוא משתף בתחושותיו וברגעים הדרמטיים שעברו עליו @mayarachlin",39,355969,14326,103,1076,272,611
7620549001565179157,2026-03-23,Video,"הדרוזים בגולן לא יושבים על הגדר ובוחרים בנאמנות מלאה לישראל, זה הסיפור המרגש של קהילה שבשעת מבחן קושרת את גורלה עם המדינה @riad.alee",609,283745,12244,141,751,260,552
7620515934834576660,2026-03-23,Video,"""חשבתי שמי שמאמין לא מפחד, עכשיו אני מבין שחובה להיכנס לממ""ד"": נקש, שביתו בראשל""צ נפגע מט*ל, מספר על רגעי הפחד @yaelci ",62,992086,26723,251,10762,2429,2349
7620485478868897044,2026-03-23,Video,"שובר לב: בנותיו של עופר ""פושקו"" מוסקוביץ', שנהרג בשוגג מאש צה""ל במשגב עם, סופדות לו בבכי",81,46862,1223,235,17,7,26
7620385285402037520,2026-03-23,Video,"בבניין אחד בערד גרו חסידי גור, בדואים ועולים מברית המועצות. את כולם הותירה הפגיעה הישירה בלי בית – וכולם ניצלו רק בזכות המרחב המוגן (ויקו אטואן)",365,237679,6003,51,363,105,344
7620382588896595201,2026-03-23,Video,הקשב שלנו מופנה לאיראן וחמאס נמנע מהצטרפות למלחמה – אבל זה לא אומר שהוא לא משתקם (אלון שרביט),713,557019,18002,98,2619,800,1442
7620368166702550289,2026-03-23,Video,"""זה קשה אבל אנחנו נשארים"": העובדים הזרים שמצאו את עצמם במלחמה @nofar_moshe_ferdo",44,168718,9607,73,392,56,307
7620193856109284625,2026-03-23,Video,"חייבים חופשה, אבל באיזה מחיר? #חופשה #פסח #טיסה #טיסות #שאגתהארי  (נעם גולדברג)",262,161919,2337,24,588,262,170
7620194669070241044,2026-03-22,Video,מה גרם לשתי פגיע!ת ישירות בדרום בתוך שעות ספורות? @itayblumental1  #שאגתהארי #ערד #דימונה #טקסטיל #נפילה,279,237937,6460,100,225,46,421
7620191338981575937,2026-03-22,Video,"״אתה מפוטר!״ מה, גם הדובר של הכוחות החמ!שים של איראן הוא מעריץ של ״המתמחה״? (עומר שחר, איתמר מרגלית)",9,248077,4967,149,330,52,264
7620124018456202517,2026-03-22,Video,יופי מסוכן: ככה נראה יירוט של ט*ל בליסטי בחלל בדרום הארץ לפני זמן קצר #מטח #דרום #חלל #איראןדונטשוט  @itsikzuarets #שאגתהארי צילום: טליה הללי,12,1575990,82222,441,12454,2906,5983
7620101853669313813,2026-03-22,Video,"״לא דפקנו חשבון לאף אחד, ישר רצנו להציל אנשים״ #ערד #שאגתהארי #אחים #דרום  (יונתן אוחיון, אסף פוזיילוב)",45,1050157,43597,1270,5910,1609,2133
7620068666654182676,2026-03-22,Video,"בני מכינת עין פרת בניר עם מתנדבים בארגון ""לב אחד"" ומסייעים בפינוי הזירות בערד: ""לא נותנת חשבון למי אני עוזרת"" (אסף פוזיילוב)",35,141773,5300,42,403,97,144
7620064078001753360,2026-03-22,Video,"עופר ""פושקו"" מוסקוביץ, שנ@צח הבוקר בפ@יעת ט*ל במשגב עם, בריאיון בנובמבר האחרון - ""אני לא רגוע"" 💔 (שרון וכסלר, אורי לוי)",19,56344,1801,51,23,5,43
7619869069319195925,2026-03-22,Video,"תיעוד מזירת הנפילה בערד, כ-90 בני אדם פונו",18,177323,6022,273,191,50,301
7619770797913099541,2026-03-21,Video,המראיין הכי פופלארי - על כיסא המרואיין: יונתן גרוסמן הגיע אלינו לביקור באולפן @ifatglick1 (תמר אלמוג),444,95705,1262,27,23,4,57
7619745901552176404,2026-03-21,Video,"""קשה לי לרדת למקלט, אני לוקחת כדור הרגעה כל יום"": מטירה, תושבת קריית שמונה שפונתה, משתפת בקושי הנפשי והפיזי המתמשך שחוותה בקו האש (אורי לוי, שרון וכסלר)",50,111688,3049,43,155,72,81
7619713970173578516,2026-03-21,Video,"אז מה דעתכם: התקשורת צריכה להתייחס לנפילה של שברי יירוט כאל פגיעה, או שזו סתם זריעת פאניקה? @roysharon11",23,103854,1570,30,29,8,85
7619692633010556176,2026-03-21,Video,המדינה נערכה למלחמה - אבל מה עם פתרון למסגרות של הילדים? (גילי כהן),29,104619,2453,54,28,8,77
7619627805302656272,2026-03-21,Video,זה מה שעושים חבלני המשטרה עם חלקי הטילים מאיראן שלא התפוצצו @moavvardi7,837,658410,21018,69,2520,758,1877
7619624486890900737,2026-03-21,Video,חייל המילואים רז כהן מסר מידע ביטחוני רגיש לאיראן - בשביל כסף @roi.yanovsky,264,912843,28536,425,5940,1989,2165
7619619013127081233,2026-03-21,Video,"מה זה ""אלרמס""? העולים החדשים לישראל שקבלת הפנים שלהם היא מלחמה עם איראן (אמיר גרא)",878,349827,13472,81,1207,125,733
7619464057640307988,2026-03-20,Video,נפרדים מהשחקן האייקוני צ'אק נוריס ♥ @amitharari,205,192832,5855,88,392,141,369
7619446014260333845,2026-03-20,Video,אז איך שומרים על הזוגיות בזמן מלחמה? התשובה אצל גיא הוכמן #גליקותמר@ifatglick1@guy_niceguy,33,82122,1899,9,66,5,59
7619433361592945928,2026-03-20,Video,איראן שלפה את נשק יום הדין הכלכלי וזה הולך להקפיץ את מחיר הדלק לכולנו. איך פקק תנועה אחד במצר הורמוז מריץ את טראמפ למנוע כאוס עולמי? ⛽ @talfraz,129,253242,7216,23,846,358,382
7619324678250777872,2026-03-20,Video,"גם אם לא יבוטלו הטיסות, כמה לדעתכם זה יעלה לנו? #טיסה #טיסות #נתבג #אלעל #חופשה (נועם גולדברג)",214,185923,4430,97,450,72,177
7619331119426637072,2026-03-20,Video,חנות פיזית? במציאות? זוכרים שיש דבר כזה? #שאגתהארי #שופינג #הזמנות  (אופיר הלפרין),227,119895,1876,48,276,61,171
7619326532862889232,2026-03-20,Video,מה גרם לנתניהו ובן גביר לפרסם סרטוני הוכחה שהם עדיין בחיים? @yaara.shapira  #איראן#שאגתהארי#נתניהו #בןגביר,183,178357,5441,42,98,14,175
7619318040378772737,2026-03-20,Video,שלח פ33ה לחיבורים: המטח האחרון מאיראן השאיר בור פעור במגרש הכדורגל של קבוצת מכבי שעריים 📸: לפי סעיף 27א׳ לחוק זכויות יוצרים #שאגתהארי #רחובות #כדורגל,15,75864,1443,16,277,104,112
7619278756674424085,2026-03-20,Video,זה שאין מופעים לא אומר שהסטנדאפיסטים הפסיקו לעבוד @barakjon@thisisnoamanor1@giorazinger @shaullybadishi  (יובל אגסי),30,237783,14592,38,393,23,492
7619080074624503060,2026-03-19,Video,"""אני לא יודעת אם זה ראיון אחרון שלי"": נועה, תושבת קריית שמונה שמתגוררת בבית ללא ממ""ד, מציגה את המציאות הבלתי נסבלת של חייה ומביעה ביקורת נוקבת כלפי הממשלה בצל המצב הביטחוני הרעוע: ""אני ימנית ואני מתביישת בכם - הפקירו אותנו. אני מרגישה פה חסרת אונים, איך אני אוכל לסלוח להם?"" @mayarachlin",30,428709,13689,340,493,166,419
7619051209327987988,2026-03-19,Video,"ראש המטה ללוחמה בטרור לשעבר, ג'ו קנט, בביקורת חריפה אצל טאקר קארלסון: ""ישראל גוררת את ארה""ב למלחמה מול איראן ומעוניינת ב'כאוס מוחלט'"" - קנט גם רמז למעורבות ישראלית בר3ח צ'ארלי קירק וטען כי המודיעין הישראלי עוקף את הדרגים המקצועיים בבית הלבן @ramelibrandts",16,44752,440,15,32,7,37
7618930111298931985,2026-03-19,Video,ואיך לדעתכם חוגגים עכשיו בטהראן? @maylaurencelola,268,79047,1135,15,189,89,74
7618929413152902416,2026-03-19,Video,"למרות המל.ח.מ.ה, ותחת א.ש.: משפחת נדיב נחושה לא לוותר על הבית @rubihammerschlag",249,146941,2657,9,53,20,94
7618969414829985044,2026-03-19,Video,לכתב שלום (גיא מעיין),22,220857,6873,126,813,94,285
7618928639190584592,2026-03-19,Video,איך הלילות הלבנים במלח.מ.ה משפיעים עלינו? (נוב ראובני),239,350998,15262,59,651,169,638
7618927383671770384,2026-03-19,Video,ההורים מפנקים אתכם או נונתכים לכם על הראש? (נוב ראובני),341,118402,3515,16,135,32,123
7618641446882610453,2026-03-18,Video,"אחרי שעוררו סערה כשלא הסכימו לשיר את ההמנון וחלקן אף קיבלו מקלט מדיני באוסטרליה - שחקניות נבחרת הכדורגל האיראנית שבו למדינה. כשנחתו הן התקבלו עם זרי פרחים ושירים, אבל במקום גם חיכו להן פעילי משמרות המהפכה - והן נאלצו לדרוך על דגלי ישראל וארה""ב (לירן אהרוני)",9,622918,11691,86,359,37,467
7618625791349361940,2026-03-18,Video,"""לא האמנתי ששוב יפגע כאן"": רז והכלב שלו היו בזירת פגיעת הט*ל ברמת גן - שסמוכה מאוד למקום שבו פגע הט*ל הקטלנ* שהביא למ!תם של בני זוג רק כמה שעות לפני כן @hadasgrinberg",37,248461,10912,14,615,66,241
7618611472356347156,2026-03-18,Video,הדברים שמצחיקים אותנו אחרי שבועיים וחצי במ@חמה... @roysharon11 @mayarachlin,16,33966,481,6,49,2,21
7618609724342144276,2026-03-18,Video,"""אני בהלם, הילדים מפוחדים"": עדות מזירת נ@ילה ברמת גן @hadasgrinberg",20,1492400,48263,8396,2038,430,3062
7618598643934842133,2026-03-18,Video,"""זו פגיעה משמעותית שגבתה את חייהם של שני אזרחים ותיקים ברמת גן. דירתם היחידה שנפגעה בבניין - שאר הדירות לא נפגעו. אך בזירות אחרות בעיר נאלצנו לפנות מספר משפחות מבתיהן"" ראיון ממקום הפגיעה הישירה אמש ברמת גן עם סגן ראש העיר, רועי ברזילי @ifatglick1 תמר אלמוג",43,70070,853,3,19,2,36
7618529338689899796,2026-03-18,Video,"סיגל, שכנתם של בני ה-70 שנרצ@ו אתמול בפ@יעת הט*ל ברמת גן: ""כל הבית נה@ס - רק הממ""ד נשאר שלם. זה מה שהציל אותנו"" @yoavborowitz",34,412867,21998,178,987,303,571
7618512006009670933,2026-03-18,Video,"המרוץ לממ""ד: הישראלים שמאסו בריצה למקלטים - ומחפשים דירה עם מרחב מוגן (אופיר הלפרין)",183,139502,3213,15,92,36,106
7618335410842012949,2026-03-17,Video,"נתניהו במסר לאיראנים, לקראת ראש השנה הפרסי: ""חי@לנו שניים מראשי הט@ור - כדי שאתם תוכלו לחגוג. נורוז שמח"" (סולימאן מסוודה) 📸: וידאו: עומר מירון/ לע״מ, סאונד: יחזקאל קנדיל/ לע״מ.",14,42486,1403,43,32,8,59
7618312325870734599,2026-03-17,Video,נעים קאסם הימר על כל הקופה וגילה שהיא ריקה: האיום האמיתי על חיזבאללה - בכלל לא מי שחשבתם @roikais1987 #בשכונה_שלנו,343,229246,5012,11,227,111,288
7618294428611906833,2026-03-17,Video,חגיגות בברלין: גולים איראנים מפגינים מול שגרירות איראן בגרמניה וחוגגים את ההתנקש!יות בעלי לאריג'אני ובכירי הבסיג' בליווי דגלי ישראל 🇮🇱 (דב גיל-הר),18,86213,2348,26,33,7,63
7618248681489304849,2026-03-17,Video,ניתאי בן ה-10 מספר את האמת על הלימודים בזום  (יעל צ'כנובר),18,41521,847,15,36,3,36
7618237432705617153,2026-03-17,Video,ט*ל איראני פ@ע בביתה של דנה מראשון לציון - שניצלה כי נכנסה למרחב המוגן @hadasgrinberg,21,199453,7730,48,514,108,233
7618221007484243221,2026-03-17,Video,"""יש עוד הרבה הפתעות"": נתניהו בהצהרה מהבונקר, כשברקע בובה של באגס באני  (גילי כהן)",25,96294,3212,159,132,35,128
7618220626985176340,2026-03-17,Video,במלחמה ובאהבה אין חוקים: טוהר אבן אודם מחפש אהבה ❤️ (שרון דוידוביץ׳),22,322508,13918,308,7660,549,550
7618189168883059988,2026-03-17,Video,"הבריסטה שגנבה את ההצגה, אולי קצת יותר מדי (ורד פלמן) #שאגתהארי #קפה #נתניהו",120,1159075,53237,284,1878,318,2143
7618130990044679445,2026-03-17,Video,בין אזעקה להמראה: נתב״ג תחת 🔥 (נעם גולדברג) #שאגתהארי #איראן #נתבג #טיסות,294,159538,3292,13,123,34,139
7618129915371687169,2026-03-17,Video,לבד במערכה: העסקים הקטנים קורסים ללא סיוע (עופר חלפון) #שאגתהארי #עסקים #עסקיםקטנים,243,117386,4231,19,66,16,150
7618117266382654740,2026-03-17,Video,"בלב שכם: עשרות חסידי ברסלב התפר3ו לקבר יוסף והתבצרו בו, כוחות הביטחון מנסים לחלץ אותם @haimgoldich",45,294611,10575,137,368,65,359
7617965135327579413,2026-03-17,Video,שבעה ילדים על מזרונים במקלט ציבורי וטיפול באב סיעודי בפינת חניון - זו המציאות הבלתי אפשרית של מי שנותרו ללא מיגון ראוי תחת אש @nofar_moshe_ferdo,583,173038,5066,78,496,150,276
7617964693654621461,2026-03-16,Video,"בזמן שירדנו למקלטים - בהוליווד חגגו את הלילה הגדול בקולנוע⭐ מצד אחד הסרט ""קרב רודף קרב"" זכה ב-6 פסלונים, וזכייה נשית ראשונה בפרס הצילום, מהצד השני - השטיח האדום הפך לזירת מחאה פוליטית נגד ישראל עם נאום חריף של חוויאר ברדם @amitharari",281,49272,1520,3,53,5,103
7617962273528679701,2026-03-16,Video,"""הם משועממים"": המלחמה נמשכת וכולנו מאבדים את זה @mayarachlin",42,318435,22273,105,5413,236,1177
7617832761918803221,2026-03-16,Video,עושים לכם סדר בתעלומה סביב המנהיג העל*ון החדש של איראן,403,58747,879,5,18,5,39
7617882806710013205,2026-03-16,Video,"ניר יששכר, ששירת כבר 350 ימים במילואים, משמיע את זעקת המילואימניקים: ״אשתו של חבר בצוות עברה הפלה והוא לא היה שם איתה״  (אורי לוי, שרון וכסלר)",33,290188,20524,55,234,45,367
7617852851066309908,2026-03-16,Video,""".בבוקר היה לי טוב, עד שהגיע צבע אד!ם"": דור, שחזרה היום לבית הספר אחרי יותר משבועיים, מספרת על המציאות הבלתי אפשרית של לימודים תחת א.ש @liran_kogahinoff",34,155715,5194,55,196,47,185
7617831513648205077,2026-03-16,Video,"יר* ללא הפסקה: כך נראה לילה בצפון המ!פגז, דקה אחר דקה @rubihammerschlag",185,329562,13348,75,616,85,740
7617812564797443344,2026-03-16,Video,"ירון איציק מראשון לציון חילץ את בתו מהממ""ד לאחר שט*ל פ@ע בביתם (עופר חלפון)",39,214517,13570,78,427,69,331
7617787323400473872,2026-03-16,Video,חזרה לשגרה? ילדים בעוטף עזה רצים למקלט בזמן ההפסקה בבית הספר @liran_kogahinoff (יונתן אוחיון),8,1363696,47467,545,5648,1744,2274
7617784281875696913,2026-03-16,Video,מה הסיטואציה הכי מביכה שבה אזעקה תפסה אתכם? (עופר חלפון),17,32902,1017,10,41,7,32
7617771863090973969,2026-03-16,Video,"על במת האוסקר, לקול תשואות הקהל: השחקן חאווייר ברדם קרא ""להפסיק את המלח@ה הלא חוקית ולשחרר את פלסטין"" 📸: AP",24,210815,3109,252,255,33,159
7617611002309381396,2026-03-15,Video,"ניסים מזרחי, מלך הקובה, חושף את הסוד לקובה המושלם🍜 -  ומסביר למה הכורדים הם התקווה היחידה שלנו מול איראן @קרן אוזן ",85,523657,18140,163,2348,975,981
7617589456563997972,2026-03-15,Video,"תומר ויוגב הם הורים לרביעיית בנות שנתיים. במהלך המלחמה הם מוצאים את עצמם במאבק כלכלי ולוגיסטי - עם הוצאות גן בגובה 15,000 ש""ח בזמן שהגנים לא פעילים במלואם. ""היה מצופה שהמדינה תיקח את הנושא הזה לידיים שלה, ושלא תשים אותנו כחיץ בין ההורים לגננות. המדינה הזאת מתורגלת במצבי חירום - ראוי שיהיה מענה הולם"" @mayarachlin",69,418223,16470,85,799,228,454
7617515909766253845,2026-03-15,Video,בימים האחרונים נפוצו ברשת שמועות שלפיהן נתניהו נהRג מטיל איראני. בין היתר הופצו תמונות מהצהרת ראש הממשלה שבהן הוא נראה לכאורה עם שש אצבעות - כביכול עדות לכך שהתמונה נוצרה ב-AI. כעת נתניהו מתייחס לשמועות ומפריך אותן,14,538149,11878,777,1158,328,593
7617483478132608276,2026-03-15,Video,סכנת נפשות: תושבי בני ברק תיעדו את עצמם מתקרבים ומחזיקים נפל של פ33ת מצרר לאחר השיגור מאיראן @hadasgrinberg,9,486509,10450,65,504,149,469
7617433379759344917,2026-03-15,Video,מה עושים החקלאים והעובדים הזרים בזמן ירי ט*לים - וללא מיגון קרוב? (דניאל אלעזר),38,153978,6913,11,144,21,194
7617228184588782869,2026-03-15,Video,״זאת מלח_מת אין ברירה״: הקצינים במלחמה מול איראן בראיון ראשון (אילה חסון),621,258259,8776,35,603,210,591
7617237832729496853,2026-03-14,Video,תכירו את משטרת הדיכוי של המשטר האיראני (אילה חסון)#איראן #שאגתהארי #טהרן,435,221514,4853,33,230,90,258
7617042049891601681,2026-03-14,Video,"זה מה שקורה בחוץ עכשיו 😵‍💫 (אסף פוזיילוב, שרון וכסלר, אורלי אלקלעי) 📷: שמוליק דוד, חברת החשמל",13,475373,21578,362,2529,511,913
7616822123578871048,2026-03-13,Video,"אורי גלר טוען: ""לימדתי את נתניהו וטראמפ לתקשר בניהם בטלפתיה""  #גליקותמר @ifatglick1 (תמר אלמוג)",30,224124,6149,148,942,132,406
7616783233723682066,2026-03-13,Video,"ביתו של ארי הקטן מבאר שבע נ@גע מט*ל: ""האזעקה היא טובה"" @ittaishickman2",47,117101,3445,42,68,10,89
7616753258274622741,2026-03-13,Video,נכנסנו לו באמצע: פיצ!ץ בבניין סמוך קטע את הצהרתו של ראש הרשות השופטת של איראן במהלך יום ירושלים האיראני (ישי בר יוסף),35,207006,4880,78,192,41,179
7616748763830308117,2026-03-13,Video,ממהרים לצאת המרחב המוגן? תיעוד מקריית צאנז בירושלים - שבר יירוט נופל יותר מ-7 דקות אחרי שנשמעה אזעקה  (ורד פלמן),12,1624281,28876,192,4728,1345,1731
7616737869700402453,2026-03-13,Video,גברת רביע הגיעה לביקור אצלנו - מה דעתה על מערכת היחסים בין טראמפ לנתניהו? (קרן רפאלי),31,45217,890,11,28,9,58
7616734630032461074,2026-03-13,Video,"מזכיר ההגנה האמריקני הגסת': ""המשטר האיראני רואה בשמיים שני דברים: את דגל ארה""ב ומגן דוד""  (ישי בר-יוסף)",11,60060,2417,31,83,34,70
7616487907427192082,2026-03-13,Video,תכירו את הלוחמים שאחראים להגן עלינו מה-🚀  @itayblumental1,261,119698,2857,33,138,39,158
7616488583209209095,2026-03-12,Video,"משפחת ביטון מנסה להתאושש מאסון הפגיעה הישירה בבית שמש, וללמוד לחיות עם לב שבור @nofar_moshe_ferdo #שאגתהארי #ביתשמש",223,619968,50751,1363,2675,598,2131
7616288094139993352,2026-03-12,Video,ירושלים: אדם הסתכל על ייר!טים בשמיים במקום להיכנס למרחב המוגן - וכמעט נ@גע מר#יסים  (אורלי אלקלעי),9,442161,7513,39,642,154,357
7616273841945349394,2026-03-12,Video,תזכרו את השם: ניר קריגל בן ה-11 עומד מאחורי הלהיט שהפך להמנון המ@חמה - והוא כבר עובד על שיר נוסף @amitharari,37,350820,11802,251,1417,140,510
7616263816288029959,2026-03-12,Video,בן ה-11 שעומד מאחורי השיר שהפך להמנון המ@חמה  @amitharari,227,812999,40725,400,4973,480,1855
7616257503487167762,2026-03-12,Video,"סועד תובע את בית הפנקייק ביותר מ-2.5 מיליון שקלים - ""כי קיבל סירופ בטעם מייפל ולא סירופ מייפל טהור""  @mayarachlin @roiyanovsky",31,947710,46717,1000,7131,1197,2155
7616247306903489800,2026-03-12,Video,"הנשיא טראמפ אופטימי: ""לאיראן אין חיל ים וחיל אוויר""  @ramelibrandts",18,173386,4338,50,110,32,133
7616109266017013012,2026-03-12,Video,"טייס קרב איראני שערק לארה""ב פותח הכל וחושף את המחדלים המטורפים שמשתקים את האייתוללות בזמן שצה""ל שולט בשמיים יאיר אטינגר",472,689316,13665,68,527,215,842
7616126540438342932,2026-03-11,Video,"אז איך החליטו בארה""ב מה יהיה שם המבצע באיראן? (ישי בר יוסף)",25,145683,7097,58,855,206,353
7616115673042816276,2026-03-11,Video,"תקיפות מהאוויר זה לא מספיק: מה ישראל וארה""ב צריכות לעשות כדי להשמיד את איום הגרעין האיראני (גילי כהן)",93,163566,5011,9,239,79,302
7616103232133287189,2026-03-11,Video,"אחרי שחטפו מכות שלפי הערכות, דחקו אותם עשרות שנים אחורה, חיזבאללה מהמר על הכל בשביל איראן - האם הפעם זה ייגמר בקריסה סופית? @roikais1987 @itayblumental1",476,209872,4640,5,178,33,239
7616091060736920852,2026-03-11,Video,"מחר לירז מבית שמש הייתה אמורה לחגוג את בת המצווה שלה - אבל אז ביתה נפגע באסון הפגיעה הישירה בבית שמש, והיא נאלצה להתפנות מביתה. למרות המצב, אימה רויטל, יחד עם מתנדבי בני עקיבא, ארגנו לה אירוע בת מצווה מרגש בהפתעה ❤️ @חיים גולדיטש ",21,123536,3829,40,90,23,114
7616064211969543444,2026-03-11,Video,ברית של ע!צמה: האזינו לקולות הקשר משיתוף הפעולה של טייסי צבא ארצות הברית וטייסי חיל האוויר 🇮🇱🇺🇸,11,163958,7350,34,194,49,305
7615976108810390802,2026-03-11,Video,"ח""כ ינון אזולאי מש""ס השווה בין לוחמי צה""ל ללומדי התורה, והוסיף: ""אבא שלי עשה צבא, אני יודע מה זה ריח של מדים"" (דקלה אהרן שפרן) 📸: באדיבות ערוץ הכנסת",46,88918,4421,227,208,41,220
7615958386672454930,2026-03-11,Video,"""הטייסים שתוק@ים כרגע באיראן גדלו על טל מוסרי"" #גליקותמר @ifatglick1 (תמר אלמוג)",30,101805,4795,6,79,7,130
7615957437949938945,2026-03-11,Video,"""ככה נראה מתווה החינוך של ישראל"": מתקשים עם הלמידה מרחוק? גם שר החינוך קיש נתקל בבעיות בזום: ""שומעים אותך כאילו אתה בחלל"" @liran_kogahinoff",69,17890,408,2,31,1,19
7615950243003141393,2026-03-11,Video,"מי עושה את זה טוב יותר: תומר ""משקף לבן"" - או לירן ""חולצה אפורה""? @sharondavidovitch#חדשותהלילה",85,344482,10658,187,3520,959,719
7615927442498129160,2026-03-11,Video,"ריקי קיטרו: ""ה@לחמה תסתיים בעוד שבוע וחצי, צפויים שינויים בממשלה""  @sharondavidovitch",48,402391,6242,267,1380,560,520
7615710298867076360,2026-03-10,Video,סרטון התודה של בר קופרשטיין למשטרת ישראל,33,445684,34642,87,519,81,803
7615661720467508501,2026-03-10,Video,"סמדר, שאיבדה את בעלה אורן ז""ל בפג*עת הטיל בבית שמש, במסר לעולם: ""עם ישראל חי וקיים. אולי ישברו לנו את הגוף - אבל את הנשמה ואת הנפש לא ייקחו לנו"" (דקלה אהרן שפרן, גילי כהן, ורד פלמן,@haimgoldich) 📷: שלומי אמסלם - לע""ם",24,576251,16834,2165,273,44,903
7615623775408901397,2026-03-10,Video,"לינור ברבי, שביתה נפגע מהדף למרות שלא נשמעה אזעקה, מספרת על התקרית המבהילה: ""כל החלונות התנפצו, זה היה הלם"" (יונתן אוחיון)",41,925259,40634,648,3879,1279,1933
7615573537524387092,2026-03-10,Video,"""נופלים טילים, איך אפשר ללמד ככה?"": הלימודים חוזרים באזורים צהובים - אבל האם זה בכלל אפשרי תחת אש? כל הפרטים על המתווה החדש @liran_kogahinoff",208,222784,8351,54,286,39,320
7615555643985906952,2026-03-10,Video,"לורים, בלוצ'ים, כורדים ואזרים: מי מרכיב את העם האיראני - והאם הוא עלול להיקרע מבפנים? (יואב זהבי)",81,86762,1937,8,140,82,166
7615472201491402004,2026-03-10,Video,"בלב אירופה: תכירו את אימפריית הנדל""ן של המנהיג העליון החדש של איראן - ולמה זה בעייתי כל כך (דב גיל-הר)",613,195861,3451,20,647,256,329
7615355271828786453,2026-03-09,Video,"שוב מתחת לאדמה - הפעם בנסיבות אחרות לגמרי: שורדי השבי אלקנה בוחבוט ואוהד בן עמי מצאו את עצמם יחד במקלט באחת האזעקות, והעלו זיכרונות מהתקופה המשותפת בשבי @yaelciec",31,460358,35598,203,828,79,854
7615354190713359636,2026-03-09,Video,כתבנו הצבאי קיבל שיחת איומים מאיראן - אבל היה חשוב לו לוודא דבר אחד 🫧 @itayblumental1,75,486038,23300,134,1964,373,1195
7615336059215367444,2026-03-09,Video,"תיעוד מרמלה: למרות שלא נשמעה Xזעקה, משפחה החליטה לקום לממ""ד  כי התקבלו התרעות ביישובים סמוכים - תוך שניות הבית נפ_גע מהדף והחלונות התנפצ! מעל ראשם של הילדים (נוב ראובני)",13,3539033,72157,857,10926,3034,4196
7615328226986020116,2026-03-09,Video,"הפ3יץ גם על המגרש? בעיצומה של הMלחמה: טראמפ הקדיש את יום ראשון (יום השבתון בארה""ב) למשחק גולף (איתמר מרגלית)",14,295521,14120,94,1034,95,404
7615280771133230354,2026-03-09,Video,"כולם מסתכלים על המלחמה, אבל טראמפ מסתכל על משהו לגמרי אחר. למה מחיר הנפט הוא שעון החול האמיתי של הלחימה? @amsterdamski_2",263,102304,4053,19,431,166,223
7615269646912032021,2026-03-09,Video,"יסמין ח'טאר, אלמנתו של רס""ל מאהר ח'טאר ממג'דל שמס שנפל בדרום לבנון: ""הוא עשה את זה בלב שלם"" (אורי לוי ושרון וכסלר)",28,300050,15110,755,809,328,373
7615203377785392404,2026-03-09,Video,נפילה בנמל חיפה ואיראנים שמודים לביבי? פחות - סרטוני הפייק על המלחמה מתפשטים @ittaishick,41,162084,3639,39,159,46,166
7615178132026346772,2026-03-09,Video,"אחרי שלא נפגשו מתחילת המלחמה: טייס הקרב א' פגש את ילדיו 📸: דובר צה""ל",24,458069,40754,317,948,129,908
7615175440516566292,2026-03-09,Video,בלעדי: עדות מתנגדי המשטר האיראני בטהראן הבוערת @yoavzehavi10,240,89286,1942,9,33,14,81
7615151146172419348,2026-03-09,Video,"""זכות להיות חלק מהדבר הזה"": הרקדנית ליהיא פרויד סיפרה על איך הפכה להיות ""מישל"" מהקליפ לאירוויזיון @sharondavidovitch",21,423415,28943,86,460,62,930
7615135461547330837,2026-03-09,Video,סרטוני הפייק על המלחמה מתפשטים: איך לזהות אם מדובר ב-AI? @ittaishickman2,216,183610,4190,22,213,74,193
7614795856201436424,2026-03-08,Video,מה גרם לנשיא איראן להתנצל פתאום מול המפרציות? #שאגתהארי #איראן #דובאי #אבודאבי,164,187540,3397,33,44,9,156
7614795229652159762,2026-03-08,Video,״כמו מדע בדיוני״: הטייסים שהשתתפו במכת הפתיחה משחזרים @itsikzuarets  #טייס #שגר #שאגתהארי #איראן,447,728973,31119,272,1576,474,1496
7614794502615698696,2026-03-08,Video,״הוא עדיין קורא לאיראן המולדת״: הימים האחרונים של הישראלים באיראן (ערן זינגר) #איראן #טהרן #פרסים #שאגתהארי,857,126544,4030,21,224,102,193
7614810463041375506,2026-03-08,Video,״איזה מערכת מח1רבנת״: הורים ברחבי הארץ מדווחים על קשיים להיכנס למערכות הלמידה מרחוק ועל קריסה של חלק מהאתרים ללמידה מקוונת @liran_kogahinoff,30,398642,17631,349,2822,891,1188
7614793846299446546,2026-03-08,Video,חוזרים למלחמת המפרץ: כבר 35 שנה שט*לים נופלים על רמת גן (אורן אהרוני) #שאגתהארי #רמתגן #מלחמהבישראל,582,335855,13276,16,2170,452,806
7614706937464409364,2026-03-08,Video,ריאיון אחלה @ittaishickman2,11,35301,867,32,24,13,21
7614627151895170312,2026-03-07,Video,הצלחתם להבין? בכיר בכוחות הביטחון באיראן במסר לציבור בישראל בעברית שבורה עם מבטא פרסי כבד (עומר שחר),43,1662062,59365,3446,5541,960,4165
7614473943721856276,2026-03-07,Video,"קיבלנו תקיפה אמריקנית-ישראלית באיראן לפני שקיבלנו GTA 6? הבית הלבן במחווה מפתיעה למשחק GTA בסרטון המציג את יעדי מבצע ""זעם אפי"" נגד איראן. בכל פעם שמושמדת מטרה  - מופיע הכיתוב האייקוני: ""Wasted"" 📸: X, The White House",36,31863,1224,17,197,15,135
7614473489919053077,2026-03-07,Video,"""אנו עומדים לצד ישראל. אעשה כל שביכולתי כדי להילחם באנטישמיות"" - מסר חד מקנצלר גרמניה דב גיל הר 📸רויטרס",17,113757,6802,153,235,67,220
7614200733377793301,2026-03-06,Video,ברוכים הבאים הביתה 😅 @hadasgrinberg,13,143116,2292,174,72,16,125
7614175710323690772,2026-03-06,Video,"""ממשיכים לה*לחם מסביב לשעון - ומרגישים את התמיכה שלכם כל הזמן"": תיעוד מיוחד ממטוס הקRב של חיל האוויר בשמי איראן @itayblumental1 📷: דובר צה""ל",31,176212,9164,367,192,45,339
7614127937779961096,2026-03-06,Video,"הקונספציה התפוצצה: למה המדינות העשירות במפרץ נמנעות ממלחמה ישירה עם האייתוללות, ואיך הן הפכו ללובי הכי חזק של איראן בוושינגטון? @roikais1987 #בשכונה_שלנו",384,297166,8144,102,371,159,494
7614107408788458772,2026-03-06,Video,"בלב טהראן: השמדת הבונקר התת-קרקעי של חמינאי @itayblumental1 📸: דובר צה""ל",15,55355,1276,24,11,7,44
7614079435838377236,2026-03-06,Video,"""שיקדמו את הפינוי-בינוי"": הבקשה המיוחדת של משה מהאיראנים (אוריה אלקיים)",16,929145,50763,598,9724,2053,2374
7614058205504621845,2026-03-06,Video,"""המטרה נפלה"": הקולות הקשר מהפלת המטוס האיראני @itsikzuarets",285,261008,9680,98,293,78,456
7614026036547816724,2026-03-06,Video,"""אני מייצג את כל העם"": נועם בתן עומד לייצג את ישראל באירוויזיון עם השיר ""מישל""❤️",33,156323,14226,408,108,15,549
7613873876098927893,2026-03-05,Video,"""לכל אחד יש מערכת יחסים שהיה בה קצת רעל"": על מי נכתב השיר ""מישל""? (הילה קורח)",12,293719,13838,81,524,77,488
7613838327455681793,2026-03-05,Video,"שחר וליאו דווקא נהנים באזעקות, כל עוד לכלוך וג'וקים!!!! #שאגתהארי #אזעקה #טילים #חמוד #ילדים",22,242264,10806,48,430,29,376
7613831205817027860,2026-03-05,Video,שאף אחד לא יגע בפצצונת! #איראן #שאגתהארי #איראןדונטשוט #טילים #אזעקה,36,601840,19496,57,1327,417,1102
7613810922204712200,2026-03-05,Video,"שיום חדש יזרח 🌞 דואט העברת השרביט של נועם ויובל  הערב אחרי החדשות, משדר חשיפת השיר שלנו לאירוויזיון 2026 🇮🇱 בכאן 11, כאן גימל ובכאן BOX #אירוויזיון2026 #newdaywillrise ",36,262153,19811,221,508,74,871
7613803728327478549,2026-03-05,Video,העיקר לשמור על קור רוח: ככה מגישי כאן חדשות מתחממים בשידור🥶 @suleiman.maswadeh @roikais1987 @lielkyzer1 @itayblumental1,32,95768,3289,32,63,14,80
7613734259521572113,2026-03-05,Video,"""הבית נפגע, אבל הוא שומר על המורל"": ממשיכים לרקוד למרות הכל - דני מחצור הגלילית לא נותן לטיל של חיזבאללה לשבור אותו וממשיך להרקיד, גם את פיקוד העורף, על רקע ההריסות בביתו שנפגע💃 @rubihammerschlag",25,92529,3669,39,152,29,108
7613516313620712725,2026-03-05,Video,"הו-הא, מוג'תבא, המנהיג העליון הבא (מיכל רשף) #איראן#שאגתהארי #איראןדונטשוט #חמינאי",274,83572,2103,16,36,10,132
7613515757657394453,2026-03-04,Video,היסטוריה בשחקים,183,529158,18836,250,1060,403,928
7613514448480849173,2026-03-04,Video,אזעקה? סורי לא מכיר אותה: הישראלים והישראליות שברחו מהטילים לאילת ולא מתחרטים לרגע (נוב ראובני) #שאגתהארי #אילת #טילים #ים,45,649703,28629,24,2534,397,1015
7613482578707827989,2026-03-04,Video,למה הימני השמרן טאקר קרלסון מפיץ שקרים על ישראל - והאם זה קשור לקטר? (אילה חסון),200,74479,2956,10,85,38,187
7613463772639874325,2026-03-04,Video,אפשר להתקלח?? האתר הזה יגיד לכם מה הסיכוי שתהיה אזעקה בזמן שאתם מתקלחים @mayarachlin,24,216897,10116,77,1472,212,919
7613422442123447559,2026-03-04,Video,"מ""הגאון הקולינרי"" ל""איש הכי מצחיק בארץ"": שאלנו את הכתבים שלנו עם מי הם היו מוכנים להיתקע בממ""ד",44,28519,423,5,16,3,20
7613412536372808980,2026-03-04,Video,איך הכלבים שלכם מתמודדים עם המל@מה? 🐶 @ittaishickman2,41,32636,563,3,13,2,25
7613365373869608213,2026-03-04,Video,"מבלי ששמנו לב: המלחמ_ה בין ארה""ב וישראל ובין איראן מתפשטת לכל רחבי האזור? @anastasile",162,106694,2436,10,36,6,106
7613363946824731924,2026-03-04,Video,"לא החלטה של רגע, אלא היערכות של שנים: פרטים חדשים על המבצע לחיסו!ל חמניאי (יואב זהבי)",142,1273472,66706,770,10995,3902,4762
7613348918578990357,2026-03-04,Video,"בני הזוג שריגשו מדינה שלמה כשהתחתנו בחניון הסנטר בריאיון ראשון כנשואים: ״אמרתי לו ׳זה התאריך שלנו, יאללה - מתחתנים׳״ (יונתן אוחיון)",53,161338,8662,66,495,56,239
7613342894660816136,2026-03-04,Video,"בשולי הדברים: הצלם חשב בטעות שה!פל מט!ס ישראלי בידי האיראנים ולא להפך, והחל לקרוא קריאות שמחה. אופסי... @Itay Blumental איתי בלומנטל (יובל ענבר)",23,383857,12053,244,423,117,440
7613336311671328007,2026-03-04,Video,"באיחור אופנתי: צה""ל מצטרף לטרנד שהשתלט לכם על הפוריו",10,1367913,116602,1600,13677,840,5201
7613140078440877332,2026-03-03,Video,"מבצע החילוץ של הישראלים מחו""ל יוצא לדרך (נעם גולדברג)",233,41847,828,16,71,35,43
7613137094650678549,2026-03-03,Video,הישראלים שירדו לאילת כדי לברוח מהאזעקות ומהמלחמה (נוב ראובני),426,286684,12465,121,1416,335,323
7613115360740379920,2026-03-03,Video,נס: בזמן שהכול סביבה מתנפץ - שושנה בת ה-96 שרדה את ההדף העוצמתי של הטיל האיראני 🙏 @itsikzuarets,52,2875853,91622,4882,10544,2063,4977
7613072380566752533,2026-03-03,Video,״קופסאות יהלומים בבגאז׳״ 😳 @hadasgrinberg,30,269399,6406,90,205,43,202
7613063925331954965,2026-03-03,Video,"בזירת נפילת הטיל ברמת גן: גבר ניסה לחסום את רכבו של יאיר גולן והתעמת עם סגן ראש העיר רועי ברזילי. בין השאר, הוא קרא לעבר גולן: ״ב-7 באוקטובר היית עם חיוך מאוזן לאוזן, עם מדים מגוהצים״ @roiyanovsky",34,2535142,63292,3321,9117,1705,4519
7613059542804466945,2026-03-03,Video,איפה עדיף להיות עכשיו - בישראל או באבו דאבי? @ifatglick1,33,393398,19218,213,1336,321,605
7612978325815823633,2026-03-03,Video,"הסלמה בצפון: חיזבאללה מצטרף למערכה וצה""ל משיב במכות אנושות על תשתיות הארגון והנהגתו רובי המרשלג",253,132145,2661,28,45,17,135
7613025590483930389,2026-03-03,Video,״הקדוש ברוך הוא מצילנו״: תושבים בבני ברק סמוך למקום שבו נפל ט*ל ❤️‍🩹 @haimgoldich 📸: יונתן כהן,11,54537,1314,66,38,21,42
7612986695360859408,2026-03-03,Video,המלחמה במפרץ מתחממת: איראן פוגעת בלב תעשיית הנפט הסעודית והעולם הערבי מאיים בתגובה צבאית ישירה נגד טהראן לירן אהרוני,167,93613,2143,28,35,12,106
7612967408185167120,2026-03-03,Video,התשובה הישראלית למלחמה בפורים: אם הישראלים לא יכולים להגיע לחגיגות פורים - חגיגות פורים ייכנסו למרחבים המוגנים ✨🎭 אופיר הלפרין,191,140999,5848,60,89,13,170
7612912012170890514,2026-03-03,Video,העיניים והאוזניים שלנו במזרח התיכון: הצצה לדסק שלא עצמו בו עין כבר שלושה ימים ברציפות,35,177577,6962,41,152,31,288
7612908724109184273,2026-03-03,Video,"""כל החיים שלנו היו פה"": איך זה מרגיש לאבד את הבית במתקפת טילים?  (אורן אהרוני)",379,109804,2886,61,130,55,118
7612908535315189009,2026-03-03,Video,תעלומת קאאני: מה עלה בגורל מפקד כוח קודס שנעלם מתחילת המלחמה? @ריאד עלי ,333,517317,13775,220,1218,455,1065
7612778889726790933,2026-03-02,Video,כזה שידור עוד לא היה לנו: איתי שיקמן ניסה לדווח ממסיבת פורים בחניון של דיזינגוף סנטר  @ittaishickman2,26,34180,480,32,28,6,16
7612772060544126229,2026-03-02,Video,האנה מונטנה במסר מעצים לעם ישראל @ittaishickman2,32,322137,24916,160,1105,78,633
7612760724573539604,2026-03-02,Video,"קורע לב: סבתא של יעקב, אסתר ושרה ביטון ז״ל, שנ@צחו אתמול בפגיעת הט*ל האיראני בבית שמש, מלווה אותם בדרכם האחרונה @nofar_moshe_ferdo",12,630239,31420,10754,489,72,1146
7612731942869421333,2026-03-02,Video,חוגגים את הניצחון על המן הרשע: קריאת מגילת אסתר בחניון 🎉 @ittaishickman2,29,148087,3355,1033,41,5,153
7612728752014937352,2026-03-02,Video,כמו קטע מסרט: אחרי שהמטוס שלה ה!פל והיא ביצעה נחיתת חירום - כוויתי איתר על הקרקע את הטייסת האמריקנית @Itay Blumental איתי בלומנטל ,20,483078,26931,169,1157,231,1190
7612727601328672018,2026-03-02,Video,"גולים איראנים הניחו פרחים למרגלות שגרירות ישראל ביוון, לאות תודה על חיס!לו של חמינאי - חלק מהם אפילו קראו Thank you Bibi",21,361905,20524,368,1151,415,530
7612720017401974017,2026-03-02,Video,"""תנו לי רוקנרול - אבל בשקט"": דני בסן הגיע להופיע בפגייה בזמן המלחמה @yaelciec",35,21139,415,4,4,1,10
7612711022587104528,2026-03-02,Video,"""זה הבקבוק יין השישי כבר"": ככה נראו המקלטים של תל אביב בליל תחילת המלחמה (אלון שרביט)",48,632916,21353,270,577,73,744
7612690640022899985,2026-03-02,Video,למקרה שתהיתם: זה מה שקורה באולפן כשיש אזעקה באמצע השידור,65,628497,22198,104,360,71,1070
7612666647538584833,2026-03-02,Video,תמיר כהן איבד את אימו ברוריה כהן ואחיו יוסף כהן בפגיעת הטיל האיראני בבית שמש @haimgoldich,9,2676529,77462,24324,3696,603,5252
7612666370756529424,2026-03-02,Video,"פנינה נפצעה והגיעה להספיד את בעלה יוסף כהן, שנרצח מפגיעת הטיל האיראני בבית שמש @haimgoldich",30,408502,22246,6612,353,68,811
7612636416878628097,2026-03-02,Video,"""תכינו אוזני חמינאי ותעשו מסיבות במקלט"": סופר נני עם טיפים איך לעזור לילדים להתמודד עם המציאות המורכבת @יפעת גליק ",28,116751,3966,38,232,60,151
7612582706915888392,2026-03-02,Video,"חטיפים, מתוקים ואפילו סטייקים: מה אנשים אוכלים בממ""ד? (נוב ראובני)",21,254798,18909,31,887,80,476
7612410525556722951,2026-03-01,Video,בינתיים במקלט: לא ייאמן היא אמרה לו כן!,31,101897,4246,35,286,47,112
7612255756309531920,2026-03-01,Video,"זולגות הדמעות מעצמן: השדרנים בגופי התקשורת האיראניים, בפרסית ובאנגלית, לא הצליחו לשדר את הידיעה על חיס!לו של המנהיג העליון עלי חמינאי מבלי לפרוץ בבכי בשידור חי (ישי בר יוסף) #שאגתהארי #עםכלביא #IRAN #alleyesoniran",36,420749,10242,449,380,59,503
7612196429330681108,2026-03-01,Video,"""תודה אמריקה, עם ישראל חי"": איראנים ברחבי העולם חוגגים את סוף שלטון הטרור של חמינאי אחרי 36 שנה",38,5578808,213843,5209,11749,2131,11697
7612182942516858133,2026-03-01,Video,36 שנות שלטון טר!ר באו אל סופן @riad.alee #שאגתהארי #עםישראלחי,372,275567,12047,79,218,49,509
7612165448351714581,2026-03-01,Video,"בר הקטן ישן הלילה בחניון דיזינגוף סנטר: ""חוויה כיפית""  (שלי טפיירו)",41,540963,41204,327,3740,175,1554
7612145288626654485,2026-03-01,Video,בוכים במסגד: התקשורת הרשמית באיראן פרסמה תיעודים בעקבות ההודעה הרשמית על חיס!ל חמינאי  (לירן אהרוני),30,292077,6120,314,412,115,332
7612037334552284423,2026-02-28,Photo,"עכשיו זה רשמי: ישראל וארה""ב חיסלו הבוקר בפעולה משולבת וחסרת תקדים את עלי חמינאי, המנהיג העליון של איראן ב-36 השנים האחרונות. האירוע הדרמטי מטיל צל כבד על עתידו של משטר האייתוללות במדינה טראמפ אישר את החיסול ואמר: ""חמינאי, אחד מהאנשים המרושעים בהיסטוריה, מת. זה לא צדק רק עבור העם האיראני, אלא גם עבור כל האמריקנים הנהדרים, ואנשים ממדינות רבות בעולם שנהרגו על ידי ח'אמינאי או הכנופייה צמאת הדם שלו"". 📸: AP",0,25689,627,6,13,0,26
7612017184323292437,2026-02-28,Video,"חגיגות באיראן: כך נשמעות קריאות השמחה ברחבי המדינה בעקבות הדיווח על חיס!ל המנהיג העליון חמינאי (איתמר מרגלית, לירן אהרוני)",26,319358,18823,76,684,109,590
7611991365005692161,2026-02-28,Video,"דז'ה וו: שוב האיראנים הורסים את המסיבה🎧 יש דברים שלא משתנים - שיגורים מאיראן, והמסיבה של עופר ניסים מתבטלת - שוב. איילה חסון ואיתי שיקמן נפגשים לדיווח בדיוק באותה נקודה בזמן, ומנסים להבין איך המבצע הקודם והנוכחי הביאו לאותה תוצאה: ""אמרתי לך שלא תהיה לך עופרה"" כמו שאמר איתי ""אנחנו נתמודד, נכון?"" @ittaishick איילה חסון",30,135159,4228,14,191,53,120
7611906505813626129,2026-02-28,Video,"קריאות ""תודה לנתניהו"" במגפון באיזור מרכזי בעיר ברלין - הגולים האיראניים בהכרת תודה פומבית בעקבות התקיפה הישראלית באיראן דב גיל-הר",40,996194,51168,529,3738,1407,1817
7611880417158761735,2026-02-28,Video,"דובר צה""ל פרסום תיעוד ראשון של תקיפ!ת חיל האוויר הבוקר במסגרת מבצע ""שאגרת הארי""",15,243160,5033,29,183,46,241
7611874196641025287,2026-02-28,Video,בראשון לציון כבר נכנסו לשגרת מלחמה: ראש העיר ושוטרים נצפו משחקים עם ילדים באחד המקלטים בעיר 🧒👧 @Hadas grinberg ,14,496719,29834,127,644,127,1027
7611837310702750994,2026-02-28,Video,"נתניהו בהתייחסות ראשונה לתק*פה באיראן: ""פועלים יחד עם ארה""ב, המבצע יימשך ככל הדרוש""",19,1235234,42946,1699,1489,276,1980
7611824365763562772,2026-02-28,Photo,"⁨	בהתאם להערכת המצב, בפיקוד העורף הודיעו על שינוי בהנחיות: - המרחב האווירי נסגר (טיסות הופנו לקפריסין) - מעבר מפעילות מלאה לפעילות הכרחית בכל הארץ, ללא קיום פעילויות חינוכיות, ללא התקהלויות, ללא מקומות עבודה למעט משק חיוני - המדיניות בתוקף החל מיום שבת, 28 בפברואר 2026, בשעה 08:00 ועד ליום שני, 2 במרץ 2026, בשעה 20:00 ההנחיות המלאות באתר פיקוד העורף - יש להמשיך ולעקוב אחר הפרסומים 📸: פלאש 90⁩",0,402249,9599,254,2524,622,485
7611814493802286356,2026-02-28,Video,"מבצע ""שאגת הארי"": מטוס קרב בשמי בירת איראן",7,2343856,64753,423,3671,561,2614
7611814132416826645,2026-02-28,Video,"ישראל וארה""ב תקפו באיראן  - בוטלו הלימודים בכל הארץ בימים ראשון ושני @yoavzehavi10",5,873695,10864,81,2198,588,497
7611681088628346133,2026-02-27,Video,"ש' הובילה לוחמות ולוחמים ב-7 באוקטובר - וזה המסר שלה למי שמתנגד לשילוב נשים בתפקידי לוחמה בצה""ל (אורי לוי)",547,338572,16779,20,656,200,778
7611681089920322836,2026-02-27,Video,"הבית נהרס, המשפחה נפגעה: האנשים שכבר פגשו את המחיר הכבד של הטילים האיראניים מתקשים להחזיר את חייהם למסלול ❤️‍🩹 (מואב ורדי)",968,375373,17950,80,866,244,704
7611681058668465429,2026-02-27,Video,הם איבדו את היקר מכל - ומצאו נחמה אחד בשני ❤️‍🩹 (רועי אטינגר),830,35833,1341,8,19,7,52
7611587775845993748,2026-02-27,Video,"רינה פושקרנה, בעלת רשת המסעדות ""טנדורי"", האכילה את רה""מ נתניהו ורעייתו ואת רה""מ ההודי בביקורו בישראל  - וסיפרה לנו את כל הסודות מהמטבח 🤫 @ifatglick1 (תמר אלמוג) #גליקותמר",60,173552,6361,21,412,102,305
7611570471682788625,2026-02-27,Video,הרבה ארבה (יובל ענבר),32,146718,4285,21,254,20,188
7611555780902505749,2026-02-27,Video,מקישקשתא ועד הקטע של צ'יצ'ולינה שמעולם לא שודר 📷 חוגגים 60 שנה לטלוויזיה החינוכית - הערב בחדשות שישי (מואב ורדי),37,255155,6161,28,188,35,500
7611515196758035729,2026-02-27,Video,האישה שי*רתה לעבר בן זוגה באקד_ח אחרי שלטענתה תפסה אותו בוגד שוברת שתיקה (שלי טפיירו),27,1279987,52667,423,5787,1071,4077
7611481132017683733,2026-02-27,Video,איך ישראל צומחת בזמן מלחמה ולמה הריבית הולכת לחנוק לנו את הנטו בכיס? השורה התחתונה על הכסף של כולנו @amsterdamski2,383,91941,4280,32,169,74,254
7611475272612793608,2026-02-27,Video,"מנכ""ל של חברה סינית החליט לפרגן ל-7,000 העובדים שלו ב-26 מיליון דולר: ""עובדים צעירים סובלים מעורר המחייה, צריך לעזור להם עם תמיכה של ממש, ולא רק הבטחות ריקות"" (מיכל רשף)",7,93604,1692,11,122,37,90
7611462584469884161,2026-02-27,Video,"במשחק ידידות בפוארטו ריקו, אוהד הצליח לפרוץ למגרש ולקפוץ על מסי - המאבטחים זינקו על השניים והפילו אותם אל הדשא",7,59021,1017,5,19,0,28
7611443737557781778,2026-02-27,Video,"אל תתנו למזג האוויר החורפי להרוס לכם את התוכניות לסופ""ש: החרמון נצבע בלבן! בעקבות השלג שירד הלילה, אתר החרמון ייפתח בסוף השבוע הקרוב לקהל הרחב - והכניסה ללא תשלום @רובי המרשלג Rubi Hammerschlag ",7,629272,35995,128,4881,1318,1734
7611255926418312469,2026-02-26,Video,"לוסי, כולנו כאן איתך (טלי מורנו)",12,589217,17528,1319,1026,242,872
7611246912385174801,2026-02-26,Video,"אימה של ליבי כהן מגורי ז""ל שנר3חה בנובה על ביה""ס למנהיגות פוליטית שיפתח ראש שב""כ לשעבר רונן בר באוניברסיטת רייכמן: ""זלזול בחיים שלנו שהתרסקו ובילדה שלי שקבורה מתחת לאדמה"" #כאןבשלוש (קרן רפאלי לנץ) @michaelshemesh",90,229058,17634,124,555,147,379
7611116405890567425,2026-02-26,Video,"""אנחנו מפחדים להסתובב, קולות הנפצים מחזירים אותנו לשדה הקרב"": הבקשה של הלומי הקרב לקראת פורים (אורלי אלקלעי)",196,542941,30330,232,1225,255,1535
7611113447455051009,2026-02-26,Video,"נו, אז תתחילו לקנות סרדינים?",176,174162,4908,87,904,217,588
7611114065531915521,2026-02-26,Video,משה ירד לחופשה חלומית באילת כדי לחגוג עם אשתו חתונת זהב - זה הסתיים באסון,597,264775,8139,130,526,159,574
7611142729153924369,2026-02-26,Video,אל תפספסו את רגעי הסוף של המדינה הקומוניסטית: המהלך של טראמפ שהשאיר מדינה שלמה בלי חשמל ודלק @yoavzehavi10 #סיפור_עולמי,412,80534,2544,28,159,82,139
7611111946674310417,2026-02-26,Video,הצד האפל של השואב הרובוטי 🤖 @ittaishick,196,192982,3390,51,2049,923,513
7611098324615073040,2026-02-26,Video,"השחקניות של ""כל האימהות משקרות"" נפגשו על המגרש עם ההשראה לדמויות שלהן - חבורת אימהות מקבוצת כדורשת מיפו @nofar_moshe_ferdo",566,127145,3611,17,177,46,176
7610900781679643924,2026-02-25,Video,על רקע המתיחות עם איראן: פנינה רוזנבלום תוציא עוד להיט? @mayarachlin,22,54130,1965,11,162,8,88
7610885162028633365,2026-02-25,Video,3.48 מיליארד דולר: רווחי הענק של אל על בשנת 2025 נחשפים (נעם גולדברג),366,90824,2857,24,70,16,108
7610878032844229909,2026-02-25,Video,משחק הכיסאות בכנסת - בזמן ביקור ראש ממשלת הודו בישראל  @yaara.shapira,175,394244,21785,137,765,91,846
7610845944032136468,2026-02-25,Video,"חברת הכנסת לשעבר פנינה רוזנבלום ישבה במקומו של ח""כ מהאופוזיציה בזמן ביקור ר""מ הודו - לאחר שבאופוזיציה החרימו את נאומי נתניהו ואוחנה: ""לא מתעסקת ברכילות, לכל ממשלה יש את הרצונות שלה. לא צריך להתעסק במי הגיע ובמי לא""  @Maya Rachlin ",20,75091,1811,49,35,9,51
7610829909195361557,2026-02-25,Video,"כמה יעלה לכם לחיות במודיעין-מכבים-רעות, וכמה במודיעין-עילית? פערי המחירים בין הערים השכנות  (אלון שרביט)",55,172548,3946,62,317,71,208
7610801299684166932,2026-02-25,Video,"זוכרים את מזוודות הדולרים לעזה? עכשיו הן בדרך חזרה, וקטר כבר מסמנת דריסת רגל ברצועה #שובר_חומות @elior_levy",413,62700,1605,24,236,103,144
7610777907266440468,2026-02-25,Video,"ביום איש כספים בהייטק - בלילה מתקשר עם פיות🧚 זה אלון ליפליס, אולי אתם מכירים אותו מהפיד ואולי מהחיקוי בארץ נהדרת. איש הפיות האמיתי הגיע לחדשות הלילה לספר לנו למה כדאי לכל עם ישראל להסתובב עם זרי פרחים על הראש ואיך משלבים בין רוחניות וחיי היומיום @sharondavidovitch @alonlipelis",67,427798,22028,545,11529,897,1375
7610532287406525697,2026-02-25,Video,איך הבובה של הקוף שננטש הפכה למוצר הכי מבוקש שנמכר במאות דולרים? הצצה לסיפור ששבר את הרשת ביפן והפך לשיגעון שיווקי מטורף מיכל וסרמן,184,814328,37668,218,2315,497,2039
7610531886330416401,2026-02-25,Video,מסוריה ועד אפגניסטן: הכירו את המטיילים שמתעלמים מאזהרות המסע ויוצאים לתעד את היעדים המסוכנים בעולם. הצצה לצד הפחות מוכר של מדינות האויב דרך העדשה של הרפתקנים אמיתיים @maylaurencelola,322,196823,5726,2,115,17,358
7610384638598597889,2026-02-24,Video,"איפה מיכאל? מסע החיפושים של האב שבנו בן ה-6 נחטף ע""י אימו לחו""ל @nofar_moshe_ferdo",555,856765,47409,473,3412,653,2578
7610456116266470677,2026-02-24,Video,היום הרביעי להתחדשות המחאות באיראן: עימותים באוניברסיטאות בטהראן בין סטודנטים שמתנגדים למשמרות המהפכה לבין סטודנטים תומכי המשטר (עומר שחר),10,179109,3270,38,62,9,116
7610454858457435409,2026-02-24,Video,"איפה מיכאל? שלושה חודשים שמתן לא יודע איפה נמצא בנו בן ה-6, לאחר שנחטף על ידי אמו לחו""ל - כעת המשפחה יוצאת למאבק משפטי חובק עולם כדי לאתר את מיכאל ולהשיבו הביתה @nofar_moshe_ferdo",66,311510,14405,47,353,71,528
7610440038723243281,2026-02-24,Video,אין יותר מועדונים? למה הדור הצעיר נוטש את חיי הלילה בתל אביב? (עופר חלפון),26,125053,5614,31,217,43,154
7610384105242397953,2026-02-24,Video,מסע בין חיי הלילה התוססים של מודיעין לסיורי הצ'ולנט במודיעין עילית הצפופה בין שתי ערים | פרק 2 (אלון שרביט),743,162645,6486,79,766,125,488
7610427208040992020,2026-02-24,Video,"תושבת היישוב שלומית שנמצא על גבול מצרים ועזה: ""אני בטוחה שיש כאן מנהרות, שמעתי נקישות דרך חור הביוב במקלחת. אני לא מוכנה שנהיה המגן האנושי"" @suleiman.maswadeh",68,44303,1505,8,45,13,80
7610383189521042689,2026-02-24,Video,שוטרים וגנבים: המחדל מאחורי סגירת תיקי הפריצות והגניבות בישראל (אורן אהרוני),646,253510,9220,61,449,103,500
7610373382533614865,2026-02-24,Video,גבר נתפס יוצא ממלון עם אישה אחרת ביום האהבה - וניסה לברוח כשאשתו על מכסה המנוע (מיכל וסרמן),12,542770,20864,183,2287,349,923
7610165405339929857,2026-02-24,Video,"אחרי שנים של ביקורת, החינוך הפיננסי הופך למקצוע חובה בבתי הספר. יצאנו לבדוק מה כוללת התוכנית החדשה והאם היא באמת תכין את התלמידים לניהול הכסף בחיים האמיתיים?💰 אופיר הלפרין",161,51998,1426,26,114,37,106
7610165560046931221,2026-02-24,Video,עיר ללא הפסקה עוצרת? המועדונים נסגרים והרחובות מתרוקנים - יצאנו לבדוק למה דור ה-Z מעדיף להישאר בבית עופר חלפון,440,574266,27047,197,4566,1253,2156
7610141080608132373,2026-02-23,Video,הרגע שכולנו חיכינו לו: זה שם השיר שייצג אותנו באירוויזיון 2026! 🇮🇱✨ הנציג שלנו נועם בתן חושף את השם של השיר שייצג את כולנו על הבמה הגדולה באירופה -מוכנים לזה? שם השיר הוא... @amitharari,23,158063,10334,104,479,65,380
7610122870341012753,2026-02-23,Video,אלכס יצאה לחופשה משפחתית בניו יורק - ומצאה את עצמה במרכזה של סופת שלג עוצמתית  (יונתן אוחיון),32,68377,2963,9,49,8,77
7610120196635839761,2026-02-23,Video,"לורד פיטר מנדלסון, פוליטיקאי בריטי ממוצא יהודי וחברו של עבר**ן המ*ן ג'פרי אפשטיין, נעצר היום. רק לפני כחודש הוא הבהיר בריאיון שלא היה לו כל קשר לחיי המ*ן של אפשטיין: ""בגלל שאני הומו""  (דב גיל-הר, ישי בר-יוסף)",19,138571,4469,5,130,12,219
7610078699349675280,2026-02-23,Video,חמישה קילומטרים בלבד מפרידים בין מודיעין-מכבים-רעות למודיעין-עילית - אבל נראה שבין שתי הערים יש תהום מתוך סדרת הכתבות בין שתי ערים - פרק 1 | אלון שרביט,50,639288,29882,228,1505,238,1118
7610045804186701057,2026-02-23,Video,"ימים אחרי העימות עם מרדכי דוד: אשת התקשורת לוסי אהריש קיבלה אות אבירות ממרכז פרס לשלום, והודתה לבעלה צחי הלוי - ""עם הגבר הזה אני הולכת לישון כל לילה, ימ!תו קנאים"" (ורד פלמן)",25,458432,16730,1101,902,214,812
7610012763896827137,2026-02-23,Video,כתב אישום יוגש נגד מאבטח לשעבר של ראש הממשלה נתניהו - 11 שנים אחרי שהיה מעורב בתאונת דרכים במקסיקו שבה נהרגה הצעירה טל נחום (שלי טפיירו),253,90074,2292,46,30,9,95
7610031312736390401,2026-02-23,Video,הרב יגאל כהן המציא את עצמו מחדש ומצליח להגיע לדור ה-Z דרך הרשתות החברתיות (יאיר אטינגר),672,111498,5198,35,191,46,294
7610009678210157841,2026-02-23,Video,"אהבת השם גורדון על יריבו הטורקי שפרסם אמירות אנטי-ישראליות: ""כלב נובח הוא כלב מפוחד"" (יואב בורוביץ')",30,65806,5769,25,63,26,151
7609983165293268240,2026-02-23,Video,ההערכה שתקיפה אמריקנית מתקרבת מעוררת תקווה במפגינים באיראן @yoavzehavi10,184,83358,2013,33,56,24,75
7609981302971878657,2026-02-23,Video,"מודיעין מכבים-רעות ומודיעין עילית: מרחק של 5 ק""מ - ושוני בלתי נתפס (אלון שרביט)",930,493752,22663,194,2222,499,1318
7609978091238133008,2026-02-23,Video,"בקרוב אצלנו? חברת פולימרקט פתחה סופר חינמי בארה""ב (אופיר הלפרין)",200,141337,6782,41,237,50,206
7609778551054667009,2026-02-22,Video,"""המחאות פרצו באוניברסיטאות תחת פיקוח המשטר, משם יצאו מדעני הגרעין"": נתי נביד טוביאן, חוקר בכיר לענייני איראן, מסביר במה שונה גל המחאות הנוכחי מהגל הקודם - ולמה הוא כל כך משמעותי @roysharon11 @lielkyzer1",36,40522,785,3,22,1,17
7609772385327271184,2026-02-22,Video,"מ!תו של מי שהיה יעד מבוקש  במקסיקו ובארה""ב במסגרת פעולה של כוחות הביטחון הוביל לכא!ס נרחב המדינה: ה3תת כלי רכב, חסימות מכוונות של כבישים מרכזיים באמצעות משאיות, והימלטות המונית משדה תעופה מרכזי במדינת חליסקו (יואב זהבי)",16,855919,22778,113,1562,249,1118
7609730257079274759,2026-02-22,Photo,"יש לכם חבר שכל הזמן שוכח לאחל לכם יום הולדת שמח? על פי דיווח באתר WABetaInfo, מעכשיו לא יהיו לו יותר תירוצים 🙅‍♂️ 📸: אילוסטרציה",0,56726,1794,47,258,39,213
7609689953613778196,2026-02-22,Video,"המאבק של משפחתה של טל נחום ז""ל: 11 שנים אחרי האסון - מאבטח השב""כ לשעבר יעמוד לדין👇 הפרקליטות הגישה כתב אישום חסר תקדים נגד הנהג שהיה מעורב בתאונה הקטלנית במקסיקו, בה נהרגה טל נחום ז""ל. למרות הזמן הרב שחלף והמרחק הגיאוגרפי, הוחלט להעמידו לדין בגין גרימת מוות ברשלנות. כעת, המשפט יוצא לדרך עם רשימת עדים הכוללת שוטרים ורופאים ממקסיקו, בניסיון לסגור מעגל של כאב שנותר פתוח יותר מעשור | שלי טפיירו עם כל הפרטים >> שלי טפיירו",279,138235,2991,13,117,34,212
7609686813879520533,2026-02-22,Video,"גולני: הקרב על האמת👇 לוחמי גדוד 51 הרגישו שתחקירי צה""ל לא משקפים את המציאות שהייתה בשטח ב-7 באוקטובר. עמרי אסנהיים מביא את עדויות הקצינים, קלטות הקשר הבלעדיות ותיעודי הווידאו הבלתי נתפסים של הלוחמים שמתעקשים לחשוף את האמת שלהם | הערב בכאן 11 עומרי אסנהיים",70,323889,19212,53,618,204,813
7609444757693074709,2026-02-21,Video,"""איפה המשטרה?"": פעילי הימין מרדכי ודוד רמי בן יהודה נעצרו מחוץ לביתה של לוסי אהריש👇 שוטרי תחנת תל אביב עצרו הערב את השניים לאחר שפרצו לבניין מגוריה של אהריש וגידפו אותה במגפון מחוץ לדירתה. זו הפעם השנייה בימים האחרונים שמרדכי דוד ובן יהודה מטרידים את העיתונאית, כאשר לפני כמה ימים עשו זאת מתחת לבניין מגוריה והערב פרצו פנימה. הם חשודים בהסגת גבול והפרת הסדר הציבורי והועברו לחקירה בתחנת המשטרה @hadasgrinberg 📸סעיף 27א",31,403401,15421,82,813,162,741
7609432632723524884,2026-02-21,Video,"כבר לא רק קונספירציות? אובמה מודה, טראמפ רומז והפנטגון כבר לא בדיוק מכחיש: הנה מה שקרה כשהמנהיגי העולם החופשי התחילו לדבר על חייזרים עמית ולדמן",647,388329,15135,132,1563,207,1462
7609410825048182036,2026-02-21,Video,"הסטודנטים בטהראן לא מפחדים: גל מחאות חדש שוטף את הקמפוסים. בזמן שהעימותים באוניברסיטאות מחריפים, הנשיא פזשכיאן מבהיר שהמדינה לא תתקפל מול הלחץ העולמי איתמר וישנקו, עומר שחר",15,149669,5625,69,133,16,128
7609279128486825217,2026-02-21,Video,בריטניה בהלם מתמונת הנסיך אנדרו בסיום חקירה בת 11 שעות: מבט של אימה והבנה שהקשר עם ג'פרי אפשטיין עלול להוביל אותו אל מאחורי הסורגים (דב גיל-הר),254,242574,6589,20,114,21,343
7609059287284993281,2026-02-21,Video,"ממובילי ""אחים לנשק"" ל""דמוקרטים"": עמרי רונן מצטרף ליאיר גולן ומשיב לסערת הסרבנות. קצין המגלן שאיבד את סבתו ב-7 באוקטובר מדבר על המעבר לזירה הציבורית והלחימה בעוטף ששינתה הכול מואב ורדי",791,106057,2651,257,86,27,139
7609057433255726353,2026-02-21,Video,האם היוזמה החדשה תציל את ענף הדיג הישראלי? עם ספינה עתיקה וחזון קולינרי - חברי קיבוץ עין גב מנסים לנצח את היבוא ולהחזיר לשולחן את הדגים הכי נקיים בארץ אמיר גרא,1211,150291,3295,36,340,137,221
7609055636566936833,2026-02-20,Video,"אשר בן עוז ונהוראי מהפוסקאס הכי מצליח במדינה הגיעו לספר לנו מה סוד ההצלחה, למה הכפתורים לא מכופתרים עד הסוף - ומתי ארה""ב יתקפו באיראן? תמר אלמוג @ifatglick1",47,432858,14482,183,1036,161,645
7608987601382493457,2026-02-20,Video,"לפחות 4 הרוגים ו-17 פצועים בפיצוץ עז של משאית גז שהתהפכה בכביש מהיר בבירת צ'ילה, סנטיאגו. האירוע גרם לנזק כבד ליותר מ-50 כלי רכב ולשריפות בבתי עסק סמוכים ישי בר יוסף",33,116591,1713,8,57,16,96
7608841555629067540,2026-02-20,Video,"האם גיא חבר חי? ״היו אנשים שהוחזקו במעבה האדמה בסוריה במשך שנים, זה לא בלתי אפשרי״  @רובי המרשלג Rubi Hammerschlag ",50,341349,16495,75,236,33,599
7608668372951125265,2026-02-20,Video,"אלפי צעירים וצעירות באו לאודישן: הסדרה ""משמר המפרץ"" תחודש אחרי 40 שנים (דורית אסרף מזרחי)",175,94803,3365,11,72,12,178
7608666291825691905,2026-02-19,Video,"ראיתן ""הטופ מודל הבאה של אמריקה""? טיירה בנקס עשתה חשבון נפש @amitharari",542,177803,9716,44,267,36,838
7608659985840590081,2026-02-19,Video,"אף אחד לא יודע אם ארה""ב תתקוף באיראן - והטסים לחו""ל מקווים ""לא להיתקע"" @noamgoldbergg",37,388114,19818,64,1069,219,514
7608646615770909969,2026-02-19,Video,"""לא אמשיך ללמד בשנה הבאה"": האם בקרוב כבר לא יישארו מורים בכיתות? @liran_kogahinoff",38,560626,28614,258,1235,341,1033
7608625364230884625,2026-02-19,Video,במכת פטיש ולצלילי YMCA: טראמפ חתם את הכינוס הראשון של מועצת השלום  (איתמר מרגלית),10,515966,17464,152,837,100,741
7608565345758268693,2026-02-19,Video,הערוץ הישיר נחשף: איך מלניה טראמפ עקפה את כל הדיפלומטים והצליחה להגיע להסכמות עם פוטין? (מיכל רשף) #סיפור_עולמי,393,68343,1506,24,57,22,103
7608588226013449492,2026-02-19,Video,"״כמה נדפקנו כחברה שאנשים לא מסוגלים להאמין לנו שאנחנו מסוגלות לאהוב את עצמנו?״ רוני רמז וללי אופיר כבר מנוסות מספיק כדי לא להתרגש יותר מדי מיעל פוליאקוב, ולא מפחדות לענות לה בחזרה @roni_remez @lalyophir",42,36082,797,20,13,1,44
7608579131218890000,2026-02-19,Video,אתם חושבים שדני אבדיה בן ה-18 ידע שהוא יככב ב-NBA יום אחד?  (אורי לוי),29,433378,36257,108,2471,76,1346
7608492847557250305,2026-02-19,Video,"המינון של זריקות הוויגובי יעלה עד פי שלושה, והתוצאות של התרופה מורגשות כבר בכל העולם (נוב ראובני)",216,421049,7337,232,3086,1516,1297
7608552145310338321,2026-02-19,Video,"דור ה-Z לא רוצה לעבוד - ובעלי העסקים משלמים ביוקר: ""הבנתי שזו 'מלחמה' שאני לא יכול לנצח בה, אז סגרתי את המסעדה""  @r79663",44,657446,36865,594,3520,765,1887
7608553268490505493,2026-02-19,Video,המסע של אריק מלמד להחזיר את דגי הכינרת למטבח הישראלי חדשות שישי | מחר ב-20:00 (אמיר גרא),34,83334,2172,42,75,26,130
7608492429238422800,2026-02-19,Video,״בשנה הבאה אני עוזב״: מה עובר על מערכת החינוך? @liran_kogahinoff,321,512362,26277,349,2196,731,1299
7608492119992323329,2026-02-19,Video,למי קראת פרה? התשובה לסערת יעל פוליאקוב (יפעת עמיאל),595,330528,26920,153,499,43,1107
7608491871463083284,2026-02-19,Video,המסע של שף תומר טל - מהשיפוצים ועד לערב הפתיחה של מסעדתו החדשה @ittaishick,800,130843,3513,31,423,161,368
7608310063505181972,2026-02-19,Video,תיעוד: נהג רדף אחרי רכב אחר - ונסע נגד כיוון התנועה @hadasgrinberg,163,1389648,50512,902,11700,2519,4353
7608319227153452308,2026-02-18,Video,ש!ד בלתי נתפס: שעות אחרי 7 באוקטובר - כך גנבו שלושה אנשים את רכוש הנר3חים בנובה @itsikzuarets,52,495206,17391,108,1014,285,817
7608317436080803092,2026-02-18,Video,"נשיא ארה""ב טראמפ: ""שאלתי את ניקי מינאז' אם הציפורניים שלה אמיתיות - היא אמרה 'בוא לא ניכנס לזה'"" (איתמר מרגלית)",18,199094,9225,90,1393,162,502
7608308226316127508,2026-02-18,Video,מפולות השלגים שנראות מרהיבות בתמונות - גובות חיי אדם במציאות  (דב גיל הר),209,8997,114,2,3,1,6
7608234630386519316,2026-02-18,Video,הקרע בין סעודיה לאמירויות משנה את המזרח התיכון - ואיפה ישראל בתוך המאבק על הים האדום? @roikais1987 #בשכונה_שלנו,529,81313,2037,11,114,56,162
7608205298179919125,2026-02-18,Video,מהשבי למסלול: המסר שכתב עומר ונקרט בחושך - הפך לחולצות לזכר חבריו שנרצחו @yaelciec,394,68229,2904,4,21,4,60
7608221994840100117,2026-02-18,Video,"יפתח והדס, הוריו של סמ""ר עפרי יפה, לוחם בסיירת צנחנים שנהרג בעזה מאש של כוחות צה""ל: ""אין לנו שום כעס על הצבא. אנחנו כועסים על המדינה שמכניסה את טובי בנינו לסיטואציות לא הגיוניות ומיותרות, לאחר שכל חטופינו חזרו הביתה"" (מיכל וסרמן)",21,174810,12037,214,284,75,229
7608211058066574613,2026-02-18,Video,"המאבק על הנצחת 7 באוקטובר: הממשלה רוצה לקרוא למלחמה ""מלחמת התקומה"" - המשפחות השכולות נאבקות @yaara.shapira",307,30758,1156,24,6,1,36
7608208269995150612,2026-02-18,Video,"שר האוצר: ""אחנך את בתי לא להתגייס"" (דקלה אהרן שפרן)",194,44567,1016,16,26,3,36
7608167034706267412,2026-02-18,Video,עומר ונקרט מגשים חלום ומשיק קולקציית בגדים לזכר חבריו שנרצחו  (יעל צ'כנובר),50,116499,9175,19,49,5,149
7608160193129598228,2026-02-18,Video,שורד השבי עומר ונקרט ובת הזוג עדי מסכמים את השנה שעברה עליהם מאז שחרורו ❤️ (יעל צ'כנובר),31,131756,8694,12,85,12,114
7608133570955087125,2026-02-18,Video,"רעות אכט אדרי, אימו של סגן במיל' עידו אדרי ז""ל, ומעיין שרמן, אימו של רון שרמן ז""ל, יוצאות נגד שינוי שם המלחמה ל""מלחמת התקומה"" @Yaara Shapira ",36,373729,27151,273,553,91,665
7607938197359807765,2026-02-18,Video,האם המשק בדרך למהפכה תעסוקתית בגלל הדור החדש?🤔 ריאד עלי יצא לבדוק למה עסקים נסגרים ואיך הדרישות החדשות של הצעירים מאלצות את עולם העבודה לחשב מסלול מחדש @riad.alee,649,361893,16627,441,2544,808,1393
7607940193718521109,2026-02-18,Video,"אירופה בוערת🔥🎤 הלהיט היווני שמשגע את הרשת והמתחרים הכי חזקים של ישראל לאירוויזיון - בזמן שהשיר שלנו כבר קיבל אישור, יצאנו לבדוק מי מוביל בטבלאות ההימורים ומה מחכה לנו על הבמה הגדולה בעולם",336,78794,3330,4,52,9,181
7607941091039399189,2026-02-17,Video,"פחות מדים, יותר פוליטיקה וגיימינג: אלה התחפושות של פורים 2026🤡 יצאנו לבדוק איך טראמפ ורובלוקס דחקו את תחפושות החיילים, ומה זה אומר על החזרה לשגרה בגזרת החג אופיר הלפרין",198,403339,23323,238,740,50,833
7607899064360766737,2026-02-17,Video,"""זה סיפוק שאני לא יכולה לתאר"": הרוקחת אמאנדה אבו זיד הייתה במשמרת בהרצליה כשלפתע נכנסו הורים עם תינוקם בן החודשיים כשהוא נhנק. בקור רוח היא הגישה לו עזרה ראשונה - והצילה את חייו @professional_voiceover",70,1644067,121431,4290,5107,1080,5433
7607846750388260117,2026-02-17,Video,"אריאל שירת בעזה יותר ממאה ימים, לקה בפוסט טראומה ומאז הוא מנסה להשתקם ולחזור לשגרה - אבל כשניסה להיכנס לסניף סופר פארם ליד ביתו הוא גורש מהמקום, רק כי הגיע עם כלב השירות שלו @itsikzuarets",72,109409,3865,36,79,16,137
7607846552794565908,2026-02-17,Video,המשפחות שירדו מהארץ מדברות (דב גיל-הר),1191,122260,3115,38,103,36,222
7607857413676469525,2026-02-17,Video,"טרנד הפבלות: מה ישראלים מחפשים על הכיסא בקצה הצוק?🪑 יושבים על כיסא פלסטיק מול נוף עוצר נשימה, והרחפן עושה את השאר - צילום הפבלות בברזיל הפך לטרנד התיירות החם ביותר בטיקטוק, דיברנו עם מדריך מקומי שהסביר לנו איך זה עובד, כמה עולה השוט המושלם ולמה הישראלים הם הראשונים בתור? @sharondavidovitch",324,150473,3631,24,235,67,249
7607836739515829505,2026-02-17,Video,"נסחפו בעקבות הזרימה החזקה: אדם וכלבו חולצו ע""י צוותי ההצלה מגדות נחל שניר 🙏🏻 ​בכבאות והצלה לישראל מזכירים לציבור המטיילים: אין לחצות נחלים ומקורות מים זורמים ללא היכרות עם השטח ובמקומות שאינם מוסדרים - שכן זרימת המים עלולה להיות מטעה ומסוכנת @rubihammerschlag 🎥: כב""ה צפון",20,84643,2555,18,66,23,54
7607785688032890132,2026-02-17,Video,🦅❤️ @חיים גולדיטש  (צילום: סתיו מוסרי),6,113039,3554,22,281,20,163
7607777400562158869,2026-02-17,Video,"סערה בכנסת: עימות חזיתי בין סמוטריץ' לח""כית ח'טיב יאסין מרע""מ (דקלה אהרון שפרן)",30,123303,3150,270,237,64,163
7607569853158804756,2026-02-17,Video,הש!דדים שעלו על מדים  @haimgoldich,210,2300917,37613,942,8903,1641,4456
7607567273250819349,2026-02-16,Video,"כשא' הזעיקה את המשטרה להתלונן על בן זוגה בטענה שהפיץ את תמונות אינטימיות שלה, היא לא דמיינה שהתלונה שלה בכלל לא תיבדק – והיא זו שתמצא את עצמה נאשמת בתקיפה שלו (שלי טפיירו)",363,397504,17241,66,581,77,1161
7607448364426333461,2026-02-16,Video,הנטישה השקטה: שלוש משפחות בשלוש מדינות שונות מספרות על הסיבות שהובילו אותן לעזוב הכול,695,320761,9488,261,794,296,838
7607477402389712148,2026-02-16,Video,🚀🚀 (יובל ענבר),23,1149724,18567,582,4861,882,2316
7607446734771358996,2026-02-16,Video,הוא באמת מתכוון לזה? 👽 (אופיר הלפרין),241,176090,4911,26,242,55,331
7607441080002432276,2026-02-16,Video,"אריאל שירת בעזה יותר ממאה ימים, לקה בפוסט טראומה ומאז הוא מנסה להשתקם ולחזור לשגרה - אבל כשניסה להיכנס לסניף סופר פארם ליד ביתו הוא גורש מהמקום, רק כי הגיע עם כלב השירות שלו @itsikzuarets",275,744459,48218,347,2250,478,2322
7607395461820992788,2026-02-16,Video,"אחרי חודשים של לחימה בעזה, מפקדת קרקל, סא""ל אור בן יהודה קיבלה שיחה מרגשת מהילדות שלה: ""הן אמרו לי: 'אנחנו גאות בך מאוד, תחזרי אחרי שתנצחו במלחמה'. הבנות שלי גם התגייסו למען המדינה בשנתיים האלה"" היא שיתפה בכנס הוקרה ללוחמות צה""ל והוסיפה: """"יש דור מדהים של לוחמות שגדלות כרגע בצה״ל והן הולכות להיות מדהימות""💪 דקלה אהרון-שפרן, @yaara.shapira",47,55709,3656,16,63,22,88
7607368180767526165,2026-02-16,Video,"דני אבדיה עשה היסטוריה כחול-לבן באולסטאר: ""עולה למגרש עם אומה שלמה"" 🏀✨ נתן גוטמן",15,114062,6360,26,43,4,128
7607195918651215105,2026-02-15,Video,השדכניות עושות קאמבק? @maylaurencelola,38,650551,23810,156,1443,242,1169
7607177206502133012,2026-02-15,Video,יכול להיות שהסתירו מאובמה את החייזרים שהראו לאורי גלר? 👽 @mayarachlin,39,1494918,66895,1495,12683,1867,5834
7607103225992465680,2026-02-15,Video,תפילין וסידור שר!פים: זה מה שנשאר מהאופנוע שהצ*תו חרדים קיצונים בבני ברק (אורלי אלקלעי) @hadasgrinberg @liran_kogahinoff,15,1767412,31325,186,1521,202,1531
7606841064791543041,2026-02-15,Video,❤️⚽ (איתמר מאירי),557,76319,1691,5,33,9,51
7606840470433451265,2026-02-14,Video,טראמפ החליט ללכת על מלחמה כוללה? (מיכל רשף),182,184145,5114,43,210,39,251
7606840057458117906,2026-02-14,Video,"שורד השבי שרקד עם צאצאי הנאצים למען ישראל 👇 הופעה מרגשת בגרמניה הערב של לואיס הר, שחולץ משבי חמאס, עם להקת רקדנים המורכבת מצאצאי פושעים נאצים. מדובר בערב מחווה לישראל שנערך בקהילת ״מצעד החיים״ בעיר טובינגן בגרמניה - קהילה נוצרית שמקדישה את כל פעילותה לתמיכה בחיים היהודיים ובמדינת ישראל.  הר, שנחטף מקיבוץ ניר יצחק, התאמן על הריקוד לצלילי ״שקופים״ של קרן פלס רק היום אחה״צ, וכבר הופיע בערב. השבוע ציין לואיס שנתיים לחילוצו בידי כוחות מיוחדים מרצועת עזה. (דב גיל-הר)",21,104191,6808,11,313,31,149
7606830071751494930,2026-02-14,Video,"""בחור שאוהב לישון"": דני אבדיה עושה היסטוריה באולסטאר, ומפרגן לכל מי שהולך להקריב שעות שינה בשביל להיות איתו ברגע הזה 🥱 (נתן גוטמן)",28,832065,58908,226,1681,149,1401
7606738108096253192,2026-02-14,Photo,"כידוע, על קלוד יש הגבלות שנועדו למנוע ממנו לסייע כדי בפעילות אלימה, בפיתוח נשק או בניהול מעקב 😬 @Rambo  התמונה נוצרה באמצעות AI ✨",0,25687,446,10,25,1,21
7606673683586862353,2026-02-14,Video,"""זה גורל"": פתק על חבילת מזון ששלחה נועה לאביהוא במלחמה - הפך לסיפור אהבה וחתונה (אמיר גרא)",46,307833,17739,42,470,54,480
7606623587092466961,2026-02-14,Video,הרווקים יוצאים מהאפליקציות: איך פוגשים בני זוג ב-2026 מחוץ למסך? (אמיר גרא),1185,177699,3886,23,481,149,503
7606436579606924564,2026-02-13,Video,"סולימאן מסוודה, הכתב המדיני של כאן חדשות: ""אני מסתובב עם גז פלפל. כאזרח ערבי במדינה, אני מפחד. המדינה חלשה"" @suleiman.maswadeh",46,600938,22160,230,567,89,1109
7606285055144561928,2026-02-13,Video,מחר במהדורת כאן חדשות: איך ולמה הסתיר ראש הממשלה לשעבר אהוד ברק את הקשר העסקי עם עבריין המין ג'פרי אפשטיין? (אילה חסון),25,72784,3090,33,170,45,114
7606067844387769620,2026-02-12,Video,"תיעוד קורע לב: כשאימה של ניצן גויכמן ז""ל שמעה על האסון במקום העבודה של ביתה - היא הגיעה לבית הזיקוק באשדוד וגילתה שאחת ההרוגות היא ניצן @itsikzuarets",46,1170946,49031,559,1209,253,2131
7606067562220162325,2026-02-12,Video,"טראמפ תוקף את הרצוג: ""הוא צריך להתבייש שהוא מסרב לתת לנתניהו חנינה"" (איתמר מרגלית, גילי כהן, נתן גוטמן)",26,125307,6736,279,636,282,196
7606056903457787157,2026-02-12,Video,פרשת הימור מסוכן נחשפת  @roiyanovsky,265,83739,1723,13,198,58,158
7606017989980523796,2026-02-12,Video,חרם בפיתה: השפים הישראלים שלא מוותרים על ניו יורק - למרות העלייה באנטשימיות | הערב במהדורת כאן חדשות  (נתן גוטמן),25,74904,3822,5,18,1,84
7606003516565589268,2026-02-12,Video,לא צריך יותר לשקר שהכרתם במציאות: ככה מכירים מחוץ לאפליקציות הכתבה המלאה - מחר בחדשות שישי בכאן 11 (אמיר גרא),56,36290,943,6,75,17,42
7605995709917154580,2026-02-12,Video,"""יש גמרא שלא למדת"": סמוטריץ' וגולדקנופף מתווכחים על הגמרא - בזמן דיון על רפורמת החלב בכנסת  @yaara.shapira 📸: באדיבות ערוץ הכנסת",50,258450,10061,173,1128,474,749
7605975814844304661,2026-02-12,Video,הכלי הזה נתן לי כוחות על - ועשה סיוטים לוויקס ומאנדיי. הכירו את קלוד קוד @amsterdamski_2,375,44515,1642,15,448,226,373
7605962915526774037,2026-02-12,Video,תקיפת הילדים בעמק המעיינות: תלמידי חטיבת הביניים בסכנין יצאו לטייל בעמק המעיינות וסיימו בטיפול רפואי - עכשיו הם מדברים על רגעי התקיפה בגז מדמיע וסכינים ותוהים האם כל זה קרה רק כי הם ערבים? ערן זינגר,62,455134,12361,120,1000,164,1145
7605967163635109141,2026-02-12,Video,"לאור יום, מול אזרחים המומים: בולען ענק נפער בשנגחאי וגרם לקריסת כביש          @Rambo ",19,158761,4406,62,244,25,165
7605711044484369685,2026-02-12,Video,"ימי הולדת, חגים ותמונות מחזור - ככה נראים הכלבים שלא נשארים לבד בבית. הייתם רושמים את הכלב שלכם לגן?🦴✨ עופר כלפון",324,387308,18777,367,4468,1567,1296
7605898988805557525,2026-02-12,Video,"דרמה בראשון לציון: חילוץ כלבה מבור בעומק 10 מטרים 🐾🚒 הכלבה נפלה לבור עמוק עם גזים רעילים, מה שחייב את המחלצים לרדת עם חבלים וציוד נשימה מיוחד - אחרי רגעים מותחים היא חולצה בשלום והועברה לטיפול וטרינרי ""מחוייבים להצלת חיים מכל סוג שהוא"", סיכמו בכבאות והצלה אורלי אלקלעי",9,203496,8222,113,158,30,239
7605710399748508949,2026-02-12,Video,"ניסיון לטשטש את המציאות? דרישת משרד רה""מ להסיר את המילה ""טבח"" מחוק ההנצחה מעוררת זעם בקרב המשפחות השכולות @yaelciec",255,303744,4522,99,256,59,347
7605693583865187604,2026-02-11,Video,"הרב לנדו, מנהיג הציבור החרדי-ליטאי, הכריז: ""אף אברך לא יתגייס לצבא, לא בדרך כזאת ולא בדרך אחרת. כל העולם היהודי מזועזע מהמעשה הנפשע של שלטונות הרשע""  (יאיר אטינגר)",37,43680,1254,33,112,41,66
7605646843984268565,2026-02-11,Video,איראן: שחקניות כדורגל זכו באליפות במדינה - וסירבו לחגוג את הניצחון כמחווה לזכר הנרצחים האיראנים בהפגנות  (עומר שחר),9,282461,9143,117,223,16,263
7605642869227146517,2026-02-11,Video,"אגם רודברג חוגגת 40 ונזכרת בשנים הראשונות שלה בתעשיית הבידור - כילדה: ""הייתי מאוד עצמאית, יש לי על זה קצת ביקורת היום""  (דנה הרמן)",71,484946,32106,296,1357,179,1107
7605628682241084680,2026-02-11,Video,"8,000 חיילים אינדונזים נערכים לפריסה בעזה ככוח שמירת שלום בין-לאומי :המדינה המוסלמית הגדולה בעולם בדרך לרצועה @roikais1987",159,233596,6434,78,404,82,351
7605609400782359829,2026-02-11,Video,איך יכול להיות שהטרור ביהודה ושומרון צנח ב-80% אבל השטח מעולם לא היה נפיץ יותר? זה מה שקורה כש-30% אבטלה פוגשים ואקום פוליטי - השקט שלפני הסערה @elior_levy #שובר_חומות,321,131433,4975,58,168,55,359
7605548247666527508,2026-02-11,Video,לזוגות שאוהבים עד השמים ❤️ @maylaurencelola,210,25311,635,4,30,4,44
7605617411156495634,2026-02-11,Video,"אגרופים בשידור חי: חברי הפרלמנט בטורקיה ניסו למנוע בגופם את השבעת שר המשפטים החדש של ארדואן 👊 אקין גורלק, האיש שהוביל את הרדיפה נגד האופוזיציה, הגיע להישבע אמונים - ונתקל בחומה אנושית וקטטה המונית עומר שחר 📷סעיף 27א",36,5355230,66360,2379,10960,2292,6597
7605613909856308501,2026-02-11,Video,שיאי הטרור ביהודה ושומרון נשברים: האם המשטרה מאבדת שליטה - או עוצמת עיניים? (אורן אהרוני),51,184115,6752,21,344,73,456
7605547973283532052,2026-02-11,Video,רמי לוי פתח חנות סטוק חדשה - ועם ישראל התייצב בהמוניו (מיכל וסרמן),216,585301,18277,121,3560,1132,1309
7605547662410059029,2026-02-11,Video,כבר לא רק ג׳אנק ומזון מהיר (עופר חלפון),296,182613,8147,43,722,97,264
7605546537476721941,2026-02-11,Video,"אלון אהל חגג סוף סוף את יום הולדתו כאדם חופשי, והגשים על הבמה את המשאלה עליה חלם בשבי כל כך הרבה ימים #מוזיקהישראלית #מוזיקה #אלוןאהל #הביתה",335,18944,1878,4,25,2,53
7605350040814488853,2026-02-10,Video,נעולים בחוץ בגשם ואוכלים על הרצפה: התנאים המחפירים במתקן המעצר לחיילים @itsikzuarets,166,250001,11679,171,1454,423,741
7605350034397302036,2026-02-10,Video,נהג צעיר *מדי*: התיעוד הבלתי נתפס מהשרון @roiyanovsky,144,765130,32280,232,2932,402,1726
7605227848298695956,2026-02-10,Video,הצצה נדירה ללב עזה: ח'אלד (שם בדוי) מתעד מבפנים באמצעות מצלמת כאן חדשות את המציאות המורכבת בעזה - מי באמת שולט ברחוב? @anastasia.stu7,103,102149,2336,41,49,11,110
7605204574718283028,2026-02-10,Video,מהבמה לחדר החקירות: הצד האפל של הזמרים המוכרים (אורלי אלקלעי),275,141332,3741,75,311,63,317
7605129060833840405,2026-02-10,Video,"רגעים שיכולים לקרות רק בשידור חי: אף אחד לא מושלם - אתמול במהדורה כיסא גנב את ההצגה, אבל אנחנו למדנו מהטעות, זה לא יקרה שוב😉 @sharondavidovitch",36,234496,13854,51,395,29,400
7604983590127979797,2026-02-10,Video,"""הכל כדי לברוח מהאמת"": נפגעי ה-7 באוקטובר מתייצבים מול המצלמות ומשיבים למסמך התגובות של נתניהו. משפחות השכול וניצולי הממ""דים הבוערים בדרישה אחת: לקחת אחריות @itsikzuarets",358,63562,3651,255,163,48,156
7604884443999784213,2026-02-09,Video,"מה הסיפור האמיתי מאחורי ""מלחמת החלב"" של סמוטריץ' והאם באמת תחסכו כסף בסופר? @amsterdamski_2",33,23000,599,91,15,6,15
7604897872202468628,2026-02-09,Video,"הפטור על חבילות מחו""ל הוכפל, אבל ועדת הכספים כבר מתכננת לבטל אותו עד ה-23.2. בזמן שהעסקים המקומיים זועמים והדואר בקריסה - יש לכם שבועיים לנצל את זה. מה הזמנתם בחודש האחרון? @liran_kogahinoff",313,543486,12681,364,2263,524,1408
7604902469084220692,2026-02-09,Video,"""מכירה את הרב מהיוטיוב והטיקטוק, אין רב כזה"": מה מושך את דור הזי לרבנים בפוריו? מחפשים תשובה, פרק 2 | הערב במהדורת כאן חדשות (יאיר אטינגר) @haravigalcohen",24,217025,17453,297,649,67,915
7604897624457596181,2026-02-09,Video,"רק מכה קלה בכנף?✈ רשות התחרות הודיעה על קנס שיא לחברת התעופה - הקנס אולי כבד, אבל רבים טוענים שהוא לא מתקרב לרווחים שעשתה על חשבוננו",227,196916,6938,144,367,79,219
7604870069398785300,2026-02-09,Video,"פרנצ'סקה אלבנזה, הדווחית המיוחדת למצב זכויות האדם ביהודה ושומרון מטעם האו""ם, קוראת להפסיק לחמש את ישראל, תוקפת את התמיכה הכלכלית בה ומסמנת את המדינה כ""אויבת האנושות"" @ramelibrandts (איתמר מרגלית)",17,88838,921,230,42,20,97
7604879068697349396,2026-02-09,Video,"""מזל טוב לדוד יוסי"" וחתימה על ציצית: דיג'יי חאלד עם מעריצים במיאמי ✡️ המפיק האמריקני-מוסלמי המפורסם (ממוצא פלסטיני) העלה לאינסטגרם שלו סרטון עם מעריצים דוברי עברית (ישי בר יוסף)",44,973738,49127,637,10403,780,3413
7604869797729422609,2026-02-09,Video,"""אם אתגעגע אליך, אלך להסתכל במראה"": פרידה מאגדת המוזיקה מתי כספי, שהובא למנוחות בגיל 76 בבית העלמין בכפר סבא. קרוביו נאספו להיפרד ממנו ולספוד לו, ביניהם ריקי גל, שלום חנוך ומיקי גבריאלוב, וילדיו של הזמר שספדו לו",47,25882,946,47,18,5,42
7604869098283011349,2026-02-09,Video,"60 שב""חים בבת אחת: חריג מעוטף ירושלים 🚔 לוחמי מג""ב תפסו הלילה עשרות פלסטינים שחצו את החומה באזור ענאתא - רגע אחרי שזוהו בתצפית @haimgoldich",16,205241,6105,87,603,139,214
7604842825439530260,2026-02-09,Video,"למרות המשא ומתן בין איראן לארצות הברית, האיום במתקפה עדיין על השולחן, ונושאת המטוסים אברהם לינקולן עדיין כאן - קבלו הצצה למפלצת המלחמה ששומרת על המזרח התיכון",330,205425,5555,63,223,84,365
7604835649081838868,2026-02-09,Video,לזה לא ציפיתם: המשטרה חוקרת כמה עבריינים בחשד שהחביאו כמויות גדולות של סמים - מתחת למצבות בבית העלמין באשדוד @itsikzuarets,191,484029,15895,264,4599,1058,1128
7604756526636469511,2026-02-09,Video,"תיעוד מהנגב - פעוטה אוחזת ב-M-16: כתב אישום נגד שני תושבי ערערה בנגב, שאצלם נתפסו רובה סער ותחמושת. אחת הראיות: סרטון שבו נראית פעוטה משחקת בנשק הקטלני (אסף פוזיילוב)",13,1078169,38098,890,11469,545,2879
7604603666737253652,2026-02-09,Video,"מה מושך כל כך את בני הנוער בישראל אל העולם האמוני? השנה, בחסות ההתחזקות בקרב דור הזי, הילולת הבבא סאלי הפכה מאירוע משפחות - לרייב שספק אם נראה כמותו בנתיבות (יאיר אטינגר)",625,78926,3672,53,133,23,179
7604602668060806421,2026-02-08,Video,"76 שנה שמתי כספי שומע צלילים, מלחין, כותב, ושר כל שיר כמו בפעם הראשונה. היום הלך לקצה השמיים ולסוף המדבר, והשאיר אותנו רק עם הצלילים #מתיכספי #מוזיקהישראלית #מוזיקה",165,64108,4437,63,94,25,242
7604575920996748561,2026-02-08,Video,א' דקר צעיר בן גילו וישב בכלא לשלוש שנים - למרות הכל הוא השתקם והתגייס לצבא @uriyaelkayam,57,138585,8262,36,132,40,257
7604562890586115344,2026-02-08,Video,המשטרה עצרה שני אנשים בעקבות קטטה רבת משתתפים סמוך לאתר בנייה בעיר אופקים @itsikzuarets 📸: שימוש לפי סעיף 27 א',126,1198695,23395,1140,10848,3622,2373
7604521189473520913,2026-02-08,Video,איך הפכה ההילולה בקבר של הבאבא סאלי - לאירוע של צעירים? הערב ב-20:00 במהדורת כאן חדשות (יאיר אטינגר),24,157139,7116,124,162,26,248
7604442866278092053,2026-02-08,Video,"אחרי שישב בכלא על דקירה, הוא החליט להקדיש את הזמן שלו לשיקום. נגד כל הסיכויים הוא התגייס לצה""ל והיום הוא בקורס מ""כים: זה המסע מעורר ההשראה של א' @uriyaelkayam",549,222464,8233,93,288,122,427
7604423840227282196,2026-02-08,Video,"מטבעות, תכשיטים או השקעות: למה כולם רצים לקנות זהב דווקא עכשיו?🪙 המתכת העתיקה בשיא של כל הזמנים - בדקנו מה גורם למחירים לזנק @maylaurencelola",668,60392,1123,11,218,67,140
7604383648883821831,2026-02-08,Video,פרידה מענק💔 המוזיקאי מתי כספי הלך לעולמו בגיל 76 לאחר מאבק בסרטן. הותיר אחריו פס קול ישראלי נצחי של מאות יצירות וזיכרונות. יהי זכרו ברוך,20,189264,13347,859,407,107,334
7604235168290770196,2026-02-08,Video,״לא חשבתי שאני אוסיף ׳פושעת מלחמה׳ לקו״ח רק כי הנפתי דגל ישראל בצד הכביש״ (אילה חסון),448,50230,1027,22,16,4,33
7604230687352311061,2026-02-07,Video,הסרטון הגזעני של טראמפ - והתירוצים אחרי שמחק אותו מחשבונו,134,447615,22826,427,3826,236,1018
7604130632872070420,2026-02-07,Video,מי ידע שזה מה שדני אבדיה רצה להיות?⭐ רגע לפני התהילה הבינלאומית: אבדיה בן ה-18 לוקח לאורי לוי את המיקרופון ומוכיח שהוא כוכב מהרגע הראשון Uri Levy,59,45107,2854,6,93,11,130
7603864324410543376,2026-02-06,Video,"""מי שאומרת שהיא לא משקרת - משקרת"": אגם רודברג מדברת על הכול (דנה הרמן)",1215,344326,14444,94,304,45,1028
7603863222243855617,2026-02-06,Video,"""זה נתן לי סיבה לקום בבוקר"": הספורט שעזר לנועה להתמודד עם הטראומה (דני דגן)",1157,257958,12546,179,672,54,459
7603697476410854677,2026-02-06,Video,"ראשל ונילי, ישראליות שעלו מצרפת, ניסו למנוע כניסת משאיות סיוע לעזה - וזומנו לחקירה בצרפת בחשד לסיוע לרצח עם | הכתבה המלאה - בחדשות השבת עם איילה חסון",38,168969,8401,225,102,19,216
7603473308641856788,2026-02-06,Video,"הכיתה הכי מפתיעה בישראל נמצאת - בכלא הצבאי. במקום עריקות וסמים, בחינות בגרות ו-12 שנות לימוד. הצצה נדירה לכלא 10 @roysharon11",502,969654,39801,683,5924,1291,3564
7603686630704155925,2026-02-06,Video,אחרי שנגנב ואותר בצפון תל אביב: כריס הוולבי הושב לגן גורו  @רובי המרשלג Rubi Hammerschlag  📸: רשות הטבע והגנים,37,357052,16359,121,688,81,491
7603469520304360725,2026-02-06,Video,"בזמן שהם מתמודדים עם פוסט-טראומה, המשפחות שלהם נלחמות על הבית. בלי הכרה מספקת, בלי סיוע - הגיבורות בחזית @nofar_moshe_ferdo",678,49978,2237,9,58,17,89
7603437043406064916,2026-02-05,Video,העולם הוא מונופול: הכירו את הגישה העסקית של טראמפ שמשנה את כללי המשחק #סיפור_עולמי @yoavzehavi10,408,63161,1859,19,194,109,180
7603373412211264788,2026-02-05,Video,הכבישים מדממים - והנהגים ממציאים תירוצים: מבצע האכיפה המיוחד של המשטרה @noamgoldbergg,206,1025546,32644,714,9410,3432,2272
7603416410441731348,2026-02-05,Video,"הורידו את הדגל בשביל לייקים - וסיימו במעצר 🚔 שני נערים שתועדו מבזים את דגל המדינה באזור שער יפו בירושלים ומעלים לרשת, נעצרו לחקירה ע״י שוטרי מרחב דוד @haimgoldich",15,126936,2979,33,69,12,114
7603415060811189525,2026-02-05,Video,"חופשה באילת שהסתיימה בטרגדיה: המוות המיותר בבית החולים יוספטל מה שהתחיל כחופשה משפחתית - הפך לסיוט כשאב לארבעה הגיע עם התייבשות לבית החולים המבודד במדינה - ולא יצא ממנו. תחקיר ""כאן חדשות"" חושף את מחדלי המענה הרפואי בעיר הנופש של ישראל @ifatglick1",85,253868,11657,221,430,152,489
7603302482747608340,2026-02-05,Video,אמא של מגישת החדשות הפופולארית מארה״ב נעלמה בלי עקבות. המשטרה חושדת: מדובר בחטיפה @erancicurel1,168,21943,464,10,8,0,24
7603302093629263125,2026-02-05,Video,"וגם: ביל גייטס, מייסד מייקרוסופט, מנסה להרחיק את עצמו מאפשטיין אחרי שנחשף במסמכים (נתן גוטמן)",185,256871,10476,272,1207,173,837
7603301188158770453,2026-02-05,Video,הפתרון החדש נגד האלימ1ת בתחבורה הציבורית: יחידת אבטחה שתשמור על הנהגים (נעם גולדברג),209,481466,14650,331,892,242,976
7603300849628056852,2026-02-05,Video,רון הגיע לבלות באילת - ומת מהתייבשות. תחקיר חושף מדוע בית החולים יוספטל לא הצליח להציל אותו @ifatglick1,855,290966,11801,279,1088,386,694
7603135171663121685,2026-02-04,Video,"זה לא עוד פודקאסט: כבר הקשבתם ל""פוסקאס"" ששבר את הרשת? (איתי שיקמן)",334,950239,29421,582,10319,2650,3015
7603129166799588629,2026-02-04,Video,ההערות הגזעניות הפכו לאלימ!ת: הבריונות בבתי הספר לא עוצרת ❤️‍🩹 @liran_kogahinoff,264,1296230,63060,2481,8165,1273,5505
7603057810514939152,2026-02-04,Video,"הכורדים ניצחו את דאעש עבור העולם, ועכשיו כולם הפנו להם גב. בואו לראות איך החלום הכי גדול במזרח התיכון מתרסק לרסיסים בשבועות האחרונים @roikais1987 #בשכונה_שלנו",507,119442,3923,60,165,56,333
7602930391267183892,2026-02-04,Video,"""יוצא לי לשבת הרבה עם עצמי ולחשוב איפה אני יכול לתקן, עם האישה, עם הילדים"": אלקנה בוחבוט משתף על המסע לחזור לעצמו אחרי יותר משנתיים של שבי (שרון דבידוביץ') #חדשותהלילה",56,46360,2299,23,24,3,49
7602737700185148692,2026-02-03,Video,הקרב של סמוטריץ' והרפתנים יביא למחסור בחלב?  (אופיר הלפרין),220,712679,23928,370,1950,570,1196
7602737166568983829,2026-02-03,Video,"הפנים החדשות שלנו בעולם הערבי: קפטן אלה מונתה לדובר צה""ל בערבית  @itayblumental1",228,551909,18888,426,1100,415,816
7602736717312953620,2026-02-03,Video,היסטוריה: אישה שעברה המ@ת חסד תרמה את הפנים שלה לאישה אחרת  (דב גיל-הר),167,93181,3267,40,161,17,165
7602736402849172757,2026-02-03,Video,"עסקית החלומות: איפה תמצאו מנה עסקית בפחות מ-100 ש""ח? (עופר חלפון)",495,41002,1124,12,50,16,71
7602738207171562773,2026-02-03,Video,"אחיו של ראש השב""כ דוד זיני יואשם בהברחה לעזה: ""סיוע לאויב בזמן מלחמה""  (אורלי אלקלעי, אסף פוזיילוב)",214,185211,3456,16,675,276,314
7602735311738719508,2026-02-03,Video,המלחמה של האיטלקים בתיירים עולה שלב: ביקור במזרקה המפורסמת ברומא יעלה כסף  (נעם גולדברג),225,198811,8295,73,997,192,304
7602721327442709767,2026-02-03,Photo,"איזה עולם, איזה עולם... (עומר שחר)",0,404492,7493,166,1233,112,543
7602667619342093588,2026-02-03,Video,"קרב צעקות וקללות וכמעט אלימות פיזית בין ח""כ דוד ביטן ליועץ רה""מ נבו כץ סביב מחלוקת בנוגע לרפורמת החלב בתוך הממשלה @yaara.shapira",48,365759,7371,469,727,291,581
7602662499380382977,2026-02-03,Video,בזמן שמחכים לאובר בישראל: עשרות אלפי נהגים עובדים במערך הסעות פיראטי - בלי ביטוח ובלי מיסים  (נעם גולדברג),35,420847,19676,461,1114,248,1231
7602662011549273360,2026-02-03,Video,"שמואל זיני, אחיהם של ראש השב""כ דוד זיני ושל בצלאל זיני - שיואשם בהברחת סיגריות לעזה: ""עם ישראל מספיק חכם כדי להבין את הסיטואציה. האמת תצא לאור, מאמין בחפותו"" (אסף פוזיילוב)",12,83109,2750,182,106,33,63
7602656201540816148,2026-02-03,Video,שמחה וכאב בערבוביה: אביו של רן גואילי מקבל את סיכת החטופים שהייתה תלויה על הלבנה לזכר בנו בהר הרצל @haimgoldich,38,224068,13735,177,181,57,286
7602645439795580177,2026-02-03,Video,"מצמרר: הריאיון הגנוז של איש העסקים ועבריין המין ג'פרי אפשטיין מ-2019 נחשף - ""אתה חושב שאתה השטן?"" (נתן גוטמן)",22,576082,22870,244,1216,64,1399
7602602030758219029,2026-02-03,Video,"עומר אמסלם, הלום קרב, אמר בוועדת העבודה והרווחה בכנסת: ""שלושה הלומי קרב התאבדו בסופ""ש, המדינה לא מכירה בפציעה שלנו"" @yaara.shapira 📸: ערוץ הכנסת",31,48405,1788,47,50,10,49
7602549572807806229,2026-02-03,Video,אחרי שורת מקרי הטרדה אלימים - כולל חסימת רכבו של נשיא העליון ברק: פעיל הימין מרדכי דוד נחקר אמש במשטרה והורחק מהגורמים שבהם פגע @hadasgrinberg,186,326869,12223,921,253,33,525
7602546809336089876,2026-02-03,Video,"השטן עשתה קאמבק: 20 שנה אחרי הסרט ""השטן לובשת פראדה"" חוזר למסכים בגרסה חדשה @doritassarafmizra",218,43206,1795,11,188,50,120
7602382099554815252,2026-02-03,Video,מזון מהיר - ומחיר גבוה: עליות המחירים הגיעו גם למקדונלדס,192,382715,17715,379,2278,219,806
7602380090114051349,2026-02-02,Video,ראיון גנוז של ג׳פרי אפשטיין שנחשף לראשונה בסוף השבוע חושף: איך ענה ג׳פרי אפשטיין על השאלה? #אפשטיין #שטן,193,380464,15859,313,2365,221,1540
7602184136505183509,2026-02-02,Video,מהיום אסור להשתמש בטלפונים ניידים בבתי הספר היסודיים - זה אפשרי להרחיק ילדים מהמסכים? @liran_kogahinoff,273,336772,12621,505,1059,247,730
7602225726854565141,2026-02-02,Video,"הדוגמנית הטרנסג'נדרית ממזרח ירושלים דימה סעב במסר לקהילה: ""אנחנו לא לבד ואנחנו יכולות לעשות המון דברים"" @sharondavidovitch",54,568670,11551,376,3023,595,1184
7602179925390413077,2026-02-02,Video,"בשביל שוחד של עשרות אלפי שקלים ומגשי בקלוואות: מנהלת מפעל בכלא הבריחה לאסירים טלפונים, שעוני יוקרה וסרטי פורנו - וקיבלה עונש קל | תיעוד בלעדי של ההודאה בחדר החקירות (שלי טפיירו)",385,814093,30264,231,3530,765,2465
7602200826030853397,2026-02-02,Video,"הכדורסלן דני אבדיה, הישראלי הראשון שנבחר לאולסטאר של ה-NBA: ""עם ישראל היקר, מקור הכוח וההשראה שלי - עזרתם לי להגשים חלום"" (ליאן וילדאו) 📸: מתן סימן טוב וייצוג 1",16,368310,33950,443,872,138,685
7602173895428295957,2026-02-02,Video,בתקיפה בקטר לא הצליחו לחסל בכירי חמאס - אבל היא כן הובילה לסיום המלחמה ושחרור החטופים (גילי כהן),939,279361,8445,74,227,78,863
7602037386444360981,2026-02-02,Video,הייתם הולכים? (ערן זינגר),665,201931,3419,95,1051,462,509
7602035944698498325,2026-02-02,Video,הרשת החברתית שמיועדת לבוטים מבוססי בינה מלאכותית בלבד @ittaishick,241,295529,13776,192,2369,358,1505
7602003307829153045,2026-02-01,Video,"""בפעם הבאה שתדבר - תעשה את זה מול ועדת חקירה ממלכתית"": אחרי הסערה - יונתן שמריז עונה לגל הירש",59,159702,6205,577,118,20,192
7601940719963491604,2026-02-01,Video,"""האיום לא השתנה? אז למה שולחים אותנו לגור כאן?"" נעם פרי, בתו של חיים פרי ז""ל שנרצח בשבי: מחזירים תושבים לקיבוץ ניר עוז, אבל דלתות הממ""ד נשארות לא חסינות לירי - בדיוק כמו ב-7 באוקטובר @mayarachlin",55,182998,9747,34,153,31,222
7601879660032478472,2026-02-01,Video,"""כל בוקר שואל: את מי מילדיי אאבד היום?"". הירי על הסופר בסכנין היה רק הניצוץ למחאה של חברה שלמה שמאסה בהפקרות @suleiman.maswadeh #האיש_בשטח",71,200974,3098,39,226,80,267
7601800998092524820,2026-02-01,Video,היוניקורן של הקולינריה הישראלית 🦄 (יובל אגסי),549,621047,25146,130,2242,377,1265
7601802089970289941,2026-02-01,Video,בוקר טוב או צהריים טובים? שיגעון הבראנץ' כבש את ישראל @amitharari,364,61988,1602,3,77,18,75
7601624977816767765,2026-02-01,Video,"תעשיית הכופר האכזרית: גונבים סוסים מחוות, חלקן חוות טיפוליות שמסייעות לנפגעי ה-7 באוקטובר. ככה פועלת רשת הגנבים שמתפרנסת מסחיטה ואיומים 🐎 (חן ביאר)",590,234505,7679,40,563,174,360
7601624012074028308,2026-01-31,Video,"מספר פיצוצים באיזורים אסטרטגיים קרו היום באיראן - האם מדובר במקרה, או מבצע חשאי? ארה""ב וישראל מתנערות מאחריות (מיכל רשף)",193,129845,2765,17,70,23,122
7601485503883463956,2026-01-31,Video,"סא""ל גיא מדר לחם כתף אל כתף עם רן גואילי ב-7 באוקטובר - והוא האחרון שראה אותו בחיים (מואב ורדי)",69,66098,3704,106,13,5,102
7601440614227463444,2026-01-31,Video,"""כיפת ברזל ישבה לי במשק, בזמן שהייתי מחכה שיפלו רסיסים הייתי מעלה סרטון"": החקלאי שהתפרסם במלחמה נותן טיפים למצב רוח טוב @Sharon Davidovitch ",61,388200,20149,89,5309,252,971
7601435659693493525,2026-01-31,Video,"הנשים שנלחמות בענקי הנדל""ן כדי להציל את החתולים מההריסות",612,193713,8850,79,495,99,421
7601273805163515157,2026-01-30,Video,"מיליוני צפיות ואולמות מלאים: ""דונקי"" כובשים את המסכים - והבמות (רועי אטינגר)",1057,70531,2616,40,226,44,168
7601273024070847764,2026-01-30,Video,"מגיני עלומים: סא""ל גיא מדר חוזר למקום בו נפרד מרן גואילי ז""ל 💔 @moavvardi7",900,309488,14065,85,295,137,626
7601231690484288788,2026-01-30,Video,"תק*פה או עסקה עם איראן: לאן זה הולך מכאן? (איתמר וישנקו, נתן גוטמן)",14,208572,4470,47,179,49,156
7601156007280020757,2026-01-30,Video,"שניצל וצ'יפס אאוט, ודגים נאים או ראמן אין - איך השתנו הרגלי האכילה של ילדי ישראל? @liran_kogahinoff",403,67875,1915,14,105,16,66
7601154617073765652,2026-01-30,Video,הטבעת מתהדקת סביב צווארו של המשטר בטהראן @erancicurel1,214,108231,2436,20,26,9,105
7600882511048133908,2026-01-29,Video,"השר יצחק וסרלאוף: ""מפגינים קפצו עליי ועל בתי הקטנה מתחת לבית. שלוש שנים כולם שותקים - נזכרים רק כשחוסמים את אהרן ברק"" (איילה חסון)",87,374323,21752,235,531,138,715
7600876577747930389,2026-01-29,Video,"לראשונה מזה 25 שנה - יהודים התפללו הבוקר לאור יום בקבר יוסף. אחד ממארגני האירוע הוא אביו של רס""ל במיל' שובאל בן נתן ז""ל, שנפל בדרום לבנון: ""קראתי לו שובאל מתוך הרצון לשוב לפה""  @haimgoldich",18,226572,12274,218,151,38,354
7600840145184574740,2026-01-29,Video,"""הנוער של היום בסכנה"": המלחמה של אורן להב נגד הבריונות ברשת #כאןבשלוש(קרן רפאלי לנץ)",87,1067448,56566,443,3706,210,2225
7600788135370312981,2026-01-29,Video,"מיכלית בנזין התדרדרה לכביש סואן סמוך לנווה יעקב שבירושלים, ונוצרה דליפה גדולה של חומר דליק ומסוכן על פני הכביש, כך לפי הודעת כבאות והצלה לישראל. לוחמי האש פעלו כדי לפנות את החומר הדליק @vered pelman @נעם גולדברג Noam Goldberg  📸:  שימוש לפי סעיף 27 א'",11,528478,6774,87,808,323,395
7600787608104357140,2026-01-29,Video,הצביעו לממשלה ומפגינים נגדה: הציבור הדתי-לאומי נאבק כדי שהציבור החרדי יתגייס (ישראל רוזנר),54,317886,27852,75,577,93,766
7600748778307718421,2026-01-29,Video,אברה מנגיסטו ששוחרר מהשבי השתתף בחתונה של אחיו❤️ @nofar Moshe  📸: דניאל צנעני,26,349342,26175,114,596,81,725
7600714509703073044,2026-01-29,Video,"לאגם איזן יש עשרות אלפי עוקבים ושיר מצליח - כולם יודעים שהוא AI? @Sharon Davidovitch  📸 קליפ: באדיבות - אופק כהן הפקות | יקיר ונה הפקות, יצירה וניהול אומנותי - AI TALENTS (גיל נגר ומאור זכריה)",27,63914,1954,16,108,14,74
7600679845349166357,2026-01-29,Video,תשכחו מלבובו: בובת הסוס שנוצרה בטעות והפכה ללהיט בסין @דורית ,116,230482,9841,170,1227,145,531
7600675018590211349,2026-01-29,Video,ממש בקלות: ארבעה פרצו לחנות בבאר שבע וגנבו ממנה סחורות בשווי עשרות אלפי שקלים (אסף פוזיילוב),164,643447,14167,136,2641,603,794
7600503849358609684,2026-01-29,Video,"הארי סטיילס חוזר להופיע אחרי תקופה ארוכה - והמעריצות זועמות על המחירים המוגזמים (שיר דבש, אופיר הלפרין)",217,111865,6919,116,750,121,263
7600499324228783377,2026-01-28,Video,"""היועמ""שית אמרה מותר לחסום"": מרדכי דוד ופעילים נוספים חסמו את רכבו של לאחר שהשתתף בכנס של התנועה לאיכות השלטון @Roi Yanovsky  📸 תומר אפלבאום, הארץ",35,143700,10309,220,334,116,242
7600495498662923540,2026-01-28,Video,"""כבוד הבת"": צעיר נפגש עם נערה - אב ובן מבית שאן נאשמים שסחט! אותו והצית! את רכבו (אורלי אלקלעי)",131,873083,37697,442,4306,749,2146
7600432630827404564,2026-01-28,Video,"לא תמיד בשאנטי: משפחת אבן אודם מודה: ""יש עוקבים שמתנצלים"" (שרון דוידוביץ')",50,152381,5004,45,262,22,252
7600427598547619088,2026-01-28,Video,סכין בגב: חמאס תכנן לפרק את הג'יהאד האיסאלמי מבפנים? מסמכי מודיעין סודיים חושפים את מבצע ההונאה הגדול של חמאס ואת הפעלת הסוכנים הכפולים @elior_levy #שובר_חומות,427,132889,3459,4,118,31,403
7600414404831759636,2026-01-28,Video,"""כמה גיבורים יש במדינה"": הלוחם והזמר עידן עמדי שר בהלוויתו של רו גואילי - החטוף האחרון שהושב מעזה💔",31,66955,5611,93,61,16,153
7600397154707852561,2026-01-28,Video,"""סתימת הגולל על קברו של רני גואילי חותמת את המציאות הכאובה של הימצאות חטופים ישראלים ברצועת עזה"": נאום ראש הממשלה נתניהו מהלווייתו של רס""ר רן גואילי ז""ל",45,238841,8098,237,234,53,333
7600390002261904660,2026-01-28,Video,"שירה, אחותו של רן גואילי ז""ל, חיבקה את קברו של אחיה: ""תרשה לי להוריד את הטייטל 'אחות של חטוף', תן לי להיות פשוט אחות של רני"" (איתי שיקמן)",45,326042,27104,1580,171,30,793
7600378894012697877,2026-01-28,Video,"אביו של רן גואילי נפרד מבנו: ""נישקנו אותך, אחרי שנתיים נשארת שלם""  (איתי שיקמן)",19,242432,19158,318,341,90,394
7600371383167733012,2026-01-28,Video,"ירון מדר, חברו של רן גואילי ז""ל ליס""מ: ""לא ידענו מה עלה בגורלו עד היום, יש עכשיו איפה לבכות. המעגל נסגר""  (איתי שיקמן)",20,55167,2549,48,28,15,83
7600344241973349650,2026-01-28,Video,ילדה בת 4 נעלמת בלי סימן: בחזרה לפרשה שזעזעה את כל המדינה #truecrime #פשע @אנה פינס,132,654495,45765,210,1507,174,2675
7600329090813529360,2026-01-28,Video,"כבוד אחרון: המונים מלווים בשעה זאת את החלל החטוף האחרון, רס""ר רן גואילי ז""ל, בדרכו האחרונה, בשיירה ממחנה שורה ועד ליישובו מיתר. בשעה 12:00 צפוי להתקיים טקס ההספדים ביישוב, לשם צפויים המוני אנשים להגיע, בהם ראש הממשלה בנימין נתניהו ונשיא המדינה יצחק הרצוג, שיישאו דברים. לאחר מכן תתקיים לווייה בבית העלמין במיתר, בה יקחו חלק רק בני המשפחה והחברים הקרובים (אסף פוזיילוב)",28,26325,1342,40,10,5,32
7600320362651372817,2026-01-28,Video,"חברת הקונגרס הדמוקרטית בעלת הדעות האנטי ישראליות, אילהן עומאר, הותקפה לפנות בוקר במהלך מפגש תושבים במיניאפוליס. גבר שישב בשורות הראשונות קם לעברה והתיז נוזל לא מזוהה. השוטרים השתלטו על התוקף, אנתוני קזמירצק בן ה-55, וריתקו אותו לרצפה. נשיא ארה""ב טראמפ נשאל על האירוע, והודה שלא ראה את הסרטון. הוא אף הוסיף על עומאר שהיא רמאית ובטח ""ריססה את הנוזל על עצמה"" (איתמר מרגלית)",39,64707,1569,20,28,6,56
7600306263951494417,2026-01-28,Video,"המשטרה בשירות השר? תיעודים מההפגנות חושפים שמעצרים מבוצעים כמעט תמיד בלי עילה מספקת, ומסתיימים בלי כתב אישום דגל שחור | פרק 1 (אורן אהרוני)",50,77473,1595,40,46,12,83
7600156789530840341,2026-01-28,Video,בקרוב לא נצטרך לטוס בשביל להסתובב עם שקיות שופינג בצבע תכלת? אז בשביל מה נטוס בעצם? @annapines_,200,145729,8046,101,522,81,413
7600154945689586965,2026-01-27,Video,"בתוך שטח עצום ובמשך ימים - כוחות רבים חיפשו אחרי רן גואילי, עד שאיתרו אותו ואפשרו לעם שלם לנשום סוף סוף לרווחה אחרי יותר משנתיים. כעת הם משחזרים את מבצע ״לב אמיץ״ צעד אחר צעד, עד שנאמרו סוף סוף את המילים שחיכו כל כך לשמוע: ״יש אימות, מצאנו את רן״ @roysharon11  #ביחד_ננצח🇮🇱 #עםישראלחי #הביתה",318,115037,5703,47,134,58,240
7600152558442745104,2026-01-27,Video,אכל חמישה מטרים של לאפה שווארמה - וסיים בבית חולים 😳 @mayarachlin,88,1060954,44965,441,3906,644,2434
7600134878302080257,2026-01-27,Video,"רה""מ נתניהו במסיבת העיתונאים: ""האמנתי שנחזיר את כולם הביתה"" @michaelshemesh גילי כהן",70,212092,12286,206,291,57,326
7600084435320704276,2026-01-27,Video,"״עברנו הכל ונעבור גם את זה״: בטקס עצירת השעון בכיכר החטופים, רום ברסלבסקי הבהיר בדמעות: זו רק ההתחלה של המלחמה בדרך לשיקום @yaelciec #ביחד_ננצח🇮🇱 #עםישראלחי #הביתה",83,30120,1066,9,17,4,28
7600059393790545153,2026-01-27,Video,"מהומות דמים ברחובות מינסוטה ו-250 מיליון דולר שנעלמו: האם זו רק אכיפת חוק נחושה, או ""ניסוי כלים"" ראשון לשינוי פניה של אמריקה? (מיכל רשף) #סיפור_עולמי",508,135279,3714,43,137,53,255
7600028521548827921,2026-01-27,Video,"חברת הפקות הביאה העתק של קבר הבבא סאלי לאירוע בר מצווה שהתקיים ביום ההילולה - מפיק האירועים שמחה מרגלית, מספר על מאחורי הקלעים של האירוע @sharondavidovitch",66,88266,3078,24,131,16,127
7599981766207622416,2026-01-27,Video,"""אתם קוראים להם שקופים - הם לא שקופים, הם פה, הם חיים והם צריכים עזרה"" זוגתו השכולה של ג'וש בון ששם קץ לחייו אחרי מעל 700 ימי מילואים דיברה היום בועדת חוץ ובטחון בדיון על הצעת חוק הגיוס",62,18606,439,7,5,1,17
7599788190915972369,2026-01-27,Video,"סיפור הגבורה של שוטר היס""ם רן גואילי ז""ל, החטוף האחרון שהושב לישראל ♥ @ifatglick1",938,578817,27177,140,1752,931,1949
7599777022063267088,2026-01-26,Video,שלושה מאסרי עולם: האם גזר הדין של ראש ארגון ה@שע יניב זגורי ישאיר אותו בכלא עד סוף ימיו? @hadasgrinberg,288,524677,12410,53,1871,568,848
7599774589958294801,2026-01-26,Video,"המעגל נסגר: אחרי שנתיים ושלושה חודשיים בעזה, שוטר היס""ם רן גואילי ז""ל שיצא לה*לחם והציל חיים ב-7 באוקטובר הושב לישראל @yaelciec",289,541359,36559,257,287,66,1044
7599731657943289105,2026-01-26,Video,"אביו של רן גואילי נישק את ארונו, וסיפר: ""היו לך את כל הסיבות להישאר בבית, אבל אמרת לי 'אבא - לא אשאיר את החברים שלי להילחם לבד'"" (רועי ינובסקי)",42,17362,1083,40,7,2,33
7599716424881310993,2026-01-26,Video,"""כאן קודקוד - החזרנו את החטוף האחרון רן גואילי ז""ל"": מפקד גדוד 9203 בחטיבת אלכסנדרוני מבשר בקשר מתוך עזה על החזרת רן גואילי ז""ל בתום המבצע לאיתורו @haimgoldich",59,7205,279,9,7,2,9
7599707322063097104,2026-01-26,Video,לוחמי הפלוגה שחילצו את גואילי כשהם מתבשרים שזוהה ❤️‍🩹 @רועי שרון  📷: idfonline,24,2270845,92868,4146,2039,384,3924
7599650995307613441,2026-01-26,Video,הייתם קונים חיקוי של בושם ב-100 שקל? @maylaurencelola,681,74001,2535,82,598,156,528
7599684990053453072,2026-01-26,Video,"תמונות שחודרת ללב: אביו של רן איציק, שחיכה 843 ימים לחזרת בנו, מתפרק בחיבוק ארוך בזרועות החברים וקרובי המשפחה",42,140305,15430,592,451,149,323
7599668394845129991,2026-01-26,Photo,,0,41829,4203,184,89,26,73
7599650556021378305,2026-01-26,Video,סופה חסרת תקדים מכה בארצות הברית (עופר חלפון),189,31240,529,5,33,20,26
7599405235123146005,2026-01-25,Video,מה קרה לגיא חבר? אמא של החייל הנעדר עוד מחכה לשובו (אורי לוי),426,547354,37896,184,803,110,1816
7599404633253022996,2026-01-25,Video,בלי חבל או רתמה: האיש שטיפס על גורד שחקים לעיני מיליונים  @erancicurel1,189,713148,28481,194,1627,327,1387
7599404304767651093,2026-01-25,Video,"ישראלים שוב נתפסו על חם בתאילנד: ""למקומיים מתחיל להימאס""  @hadasgrinberg",293,942786,30249,142,5086,1292,1930
7599403592490962196,2026-01-25,Video,בן גביר מעכב קידום של קצינה שחקרה בתיקי נתניהו (רועי ינובסקי),186,186598,4255,67,242,70,298
7599402990100876564,2026-01-25,Video,"200 אלף ש""ח וביקור בעזה: מה אסף גרניט עשה במילואים? @ifatglick1",517,765611,25663,171,3263,1030,2408
7599394972818951444,2026-01-25,Video,תמונה באינסטגרם ו-140 ימי מילואים: מה אסף גרניט עשה בלב עזה? | התחקיר של @ifatglick1,47,317265,10038,39,929,206,578
7599372051077549313,2026-01-25,Video,"""מצטערת אין לי עוגה, אנחנו בדיאטה"":  ביאנקה לא מבינה למה שמיליון וחצי איש יצפו בסרטון שלה מגישה קפה לשיפוצניק שתלוי על החבלים בחוץ. ""זה רגיל, לא?"" @daffyelieli (יונתן אוחיון)",38,600490,43945,171,713,62,1714
7599344407543926037,2026-01-25,Photo,"""הם נהנים מחירויות שאיראנים אחרים נהרגים בשבילן"": הבכירים באיראן שילדיהם חיים או לומדים במדינות מערביות ומאמצים אורח חיים ראוותני (איתמר מרגלית) 📸: לפי סעיף 27א' #standwithiran #iran🇮🇷 ",0,168956,1934,8,128,23,180
7599279789349932305,2026-01-25,Video,"שמונה סוגי כריות, סיגרים, אלכוהול יקר, נוף מרהיב ושירות מהסרטים - למצוא חופשת יוקרה בארץ ברמה של חו""ל?",584,16286,398,5,28,5,52
7599277188285844753,2026-01-25,Video,מה הרגע שלא תשכחו מהשנה הזו?,576,30134,431,2,5,0,19
7599276130461355281,2026-01-25,Video,"חורף אמיתי בארה""ב 🥶 (נתן גוטמן)",199,171084,3619,46,351,117,168
7599186154411314448,2026-01-25,Video,"תקרית חריגה בדטרויט, ארה""ב: אדם פרץ במכוניתו לתוך טרמינל הנוסעים בשדה התעופה. שישה אנשים טופלו במקום אחרי שספגו פציעות קלות. האיש, שלבש חולצה של קבוצת הפוטבול המקומית, נעצר מיד. עדיין לא ברור מה המניע למעשה (נתן גוטמן)",8,336945,3997,8,567,45,206
7599040837539892501,2026-01-25,Video,הסכסוך שקורע את משפחת בקהאם - ואת הממלכה המאוחדת כולה @amitharari,276,143541,5143,13,62,7,251
7599040511248256277,2026-01-24,Video,אילה חסון ירדה לקו הפסקת ה-🔥 ושמעה מהל1חמים על האתגרים מולם הם ניצבים עדיין יום יום בקו הצהוב (אילה חסון),680,422750,14237,152,391,157,658
7598969821178416405,2026-01-24,Video,מגיפה חדשה הגיעה לישראל והיא מדבקת במיוחד: המיוזיקלס (דנה הרמן),1076,60164,3385,10,248,27,266
7598682435475295506,2026-01-23,Photo,"צו איסור הפרסום הוסר: ההתפתחות בפרשת החייל גיא חבר שנעלם לפני 29 שנים 👇 חמישה תושבי הכפר טובא זנגריה נעצרו לפני כחודש בחשד למעורבות בהיעלמותו של החייל גיא חבר לפני כמעט שלושה עשורים. החשודים נעצרו בעקבות מידע מודיעיני שהצביע על כך שהם רצחו לכאורה את חבר. על המעצר ופרטי החקירה הוטל צו איסור פרסום, ולאחר מספר הארכות מעצר החשודים שוחררו בעקבות מבוי סתום שהחקירה נקלעה אליו.  גיא חבר נעלם באוגוסט 1997 מבסיסו הצבאי ברמת הגולן. מאז נערכו חיפושים בהיקפים נרחבים - אך לא נמצא קצה חוט שיוביל לפתרון התעלומה",0,106102,2164,18,103,44,104
7598665113888918801,2026-01-23,Video,"לא עזה או איראן - נראה שזה המקום שבאמת מטריד את דונלד טראמפ: גרינלנד, האי הקפוא בצפון האוקיינוס האטלנטי, שגדול כמעט פי מאה מישראל מבחינת שטח - אבל שחיים בו פחות מ-60 אלף איש. אז מה יש שם שטראמפ כל כך רוצה, והאם יש לו בכלל סיכוי לקבל אותו? (אמיר גרא)",950,180936,4115,8,107,39,229
7598566665168719120,2026-01-23,Video,רגע של תקווה: שורד השבי בר קופרשטיין חוגג את החופש על הבמה 📷: עופר מנחם תקשורת ויחסי ציבור,28,16818,651,3,12,5,28
7598535033455906069,2026-01-23,Video,גשמים גרמו למפולת אדמה קטלנית בניו זילנד: שניים נהרגו ורבים עדיין נעדרים – בהם גם ילדים (איתמר וישנקו),177,44820,535,3,31,13,19
7598497940356795669,2026-01-23,Video,"כרמיאל, עפולה ונוף הגליל: הפשיעה בחברה הערבית גורמת למעבר של אזרחים ערבים לערים היהודיות (ערן זינגר)",35,538688,13307,39,1124,304,936
7598466546138172692,2026-01-23,Video,"עפולה, נוף הגליל וכרמיאל: תושבים ערבים עוברים לערים יהודיות בגלל הפשיעה (ערן זינגר)",622,713732,17223,31,2384,755,1264
7598291592532938005,2026-01-23,Video,עוד מזכרת מ-2016: איך זארה לארסון חזרה פתאום לחיים שלנו? @amitharari,378,494948,40274,108,1095,38,1876
7598300436352748821,2026-01-22,Video,"אמילי דמארי ודניאל עמית מאורסות!!!!!!: אחרי חצי שנה ביחד, אמילי דמארי ירדה על הברך והציעה לזוגתה במסיבה בה חגגו שנה מאז השתחררה דמארי מהשבי ❤️ 📸: צילום מסך מהרשתות החברתיות, שימוש לפי סעיף 27 א׳ לחוק זכויות יוצרים",30,171248,4392,203,336,91,164
7598290949441178900,2026-01-22,Video,התחזית לסוף השבוע: מתלהט @ittaishick,234,125878,9346,147,1998,158,947
7598224585569422613,2026-01-22,Video,קריית שמונה נפגעה קשות ממלחמת חרבות ברזל - על מי התושבים סומכים שיביא את העיר לשיקום? (יגאל גואטה),60,466084,19748,218,1931,551,886
7598210667807657237,2026-01-22,Photo,"שלושה אוהדים בלגים של קבוצת הכדורגל קלאב ברוז' חשבו שהם מצאו את הדרך המושלמת להרים את האווירה במשחק החוץ של קבוצתם בקזחסטן מול קייראט המקומית הם התפשטו ביציע וחשפו את ה""מנקיני"" הירוק והמפורסם של בוראט, דמותו האייקונית של סשה ברון כהן, תוך שהם שרים ""בוראט הוא משלנו"". אלא שמה שנראה להם כהלצה משעשעת, נתפס אצל המקומיים כביזוי לאומי בוטה. המשטרה המקומית עצרה את השלושה בגין ""חוסר כבוד"", והם נשלחו לתא המעצר שם ישהו עד יום ראשון הקרוב, בנוסף לקנס כספי שהוטל עליהם",0,144725,4149,41,432,54,176
7598177482306620692,2026-01-22,Video,איגור שם קץ לחייו בעקבות ה-7 באוקטובר - אלמנתו גילתה שהיא בהיריון בשבעה (יפעת עמיאל),74,472388,35165,284,426,57,1097
7598162549275692306,2026-01-22,Video,לא נגענו: האולסטאר הנצחי שאקיל אוניל וארדואן התחרו על מגרש כדורסל בטורקיה @roikais1987#ComproDoPequeno ,24,27125,316,3,14,2,10
7598095811871902997,2026-01-22,Video,Copy_of_מיתוג_כתום_ורטיקלי_של_16_9_V3 (1),152,939626,24479,254,2802,534,1722
7598090862941293845,2026-01-22,Video,"""שונא את הסטיגמה של שורד שבי, זה לא פעם ראשונה שלא הכניסו אותי למקום ואני מקבל את זה ומבין את זה. זה לא לגיטימי להתנהג באלימות"": רום ברסלבסקי הגיע להגיש תלונה במשטרה (אנה פינס)",197,1050143,37905,437,1938,371,2034
7598087993747918101,2026-01-22,Video,תושבי קריית שמונה לא מאמינים לדיבורים - ומחכים לאלפי התושבים שעוד לא חזרו (יגאל גואטה),677,327143,4705,58,515,240,313
7597932439226305793,2026-01-22,Video,המתנה שלא זכה להכיר: חן איבדה את איגור - ואז גילתה שהיא בהיריון ❤️‍🩹 (יפעת עמיאל),735,180827,10190,62,155,32,293
7597930799593196801,2026-01-21,Video,#התחלנו: נועם בתן בדרך לכבוש את אירופה 🎶 @amitharari,589,52324,3280,27,59,25,186
7597896454920850705,2026-01-21,Video,אחרי כעשור: נדב גדג' שר לראשונה את שירו Golden Boy - שאיתו ייצג את ישראל באירוויזיון - במהלך הופעת השקת אלבום חדש (עמית הררי),13,164532,7640,42,242,27,326
7597894717010889985,2026-01-21,Video,"""הייתה מדיניות של אפרטהייד"": אביהו מדינה - שעומד מאחורי קלאסיקות כמו ""הפרח בגני"", ""כינור דוד"", ""שבחי ירושלים"" ועוד רבות - מעולם לא הצליח להיכנס לפסטיבל הזמר העברי מתוך סדרת הכתבות #סלסולחוזר של אלון שרביט",38,32771,1009,10,69,19,41
7597887373468241168,2026-01-21,Video,"""זוהר ארגוב הגיע אליי עם דמעות בעיניים"": מאחורי יצירת ""הפרח בגני"" - השיר שהכניס את הזמר המזרחי למיינסטרים  מתוך סדרת הכתבות #סלסולחוזר של אלון שרביט",41,167452,4049,34,143,39,252
7597859774235004177,2026-01-21,Video,"טראמפ נלחם ב""נגיד הדביל"" של הבנק המרכזי בארה""ב, אבל המחיר של מלחמת הריבית הזאת עלול להגיע עד החסכונות שלנו @amsterdamski_2",449,76454,3826,33,183,84,225
7597871646875077905,2026-01-21,Video,טיטינסקי ישים צ'ק? שורדי נובה התארסו על הסט של קופה ראשית ❤️ @kerenuzan1,55,33846,1322,4,33,4,41
7597844572596620565,2026-01-21,Video,מה טראמפ חשב על משקפי השמש של מקרון?😎 (ישי בר יוסף) 📸רויטרס,7,86025,1694,71,214,92,93
7597832034966326529,2026-01-21,Video,"רכב ד@ס אדם במהלך הפגנה של הלומי קרב בירושלים, מצבו קל (ורד פלמן)",8,192763,5180,46,177,28,170
7597829002593635585,2026-01-21,Video,"נשיא ארה""ב טראמפ: ""אמרתי לביבי להפסיק לקחת קרדיט על כיפת ברזל, זו טכנולוגיה אמריקאית""  (ישי בר-יוסף)",8,378862,9555,246,1126,306,642
7597825269231193361,2026-01-21,Video,"נועם בתן מחכה להניף את דגל ישראל בווינה: ""אין לנו ארץ אחרת"" | הריאיון המלא - הערב ב-18:00 בכאן 11 @kerenuzan1",27,64249,5311,55,54,6,172
7597786337189694737,2026-01-21,Video,אזרחי המדינה פועלים לחשוף את ממדי הטבח ומספר הנרצחים - המשטר האיראני מנסה לצייר תמונה אחרת (מיכל רשף),193,23423,276,4,1,0,10
7597786768502557953,2026-01-21,Video,עם הפנים לוינה: נועם בתן בראיון ראשון אחרי הניצחון! #קלמןליברמן,54,192795,14666,63,133,12,440
7597739837919202576,2026-01-21,Video,"""האירוע הכי מזעזע שקרה לי בחיים"": רום ברסלבסקי הגיע למשטרה למסור עדות על התקרית מחוץ למסיבה של נסרין - והתייחס לאירועים (אנה פינס)",17,918064,44862,451,1926,275,1969
7597731938073382165,2026-01-21,Video,"שיר פריזאי, בעיה רפואית - או עניינים של בינו ובינה? הסיפור מאחורי האקססורי המפתיע של מקרון  (דב גיל-בר) 📸: AP",10,68384,689,16,28,14,38
7597537351786597633,2026-01-21,Video,הבינה המלאכותית תוכל להחליף בעתיד גם את הרבנים? (עופר חלפון),201,32050,622,13,52,17,46
7597529618601479441,2026-01-21,Video,"לא חשבו שככה זה ייגמר: נסיעה מסורבלת בקורקינט, מרדף משטרתי – וסחורה שמתפזרת לכל עבר (הדס גרינברג)",125,946006,39348,357,5897,692,2025
7597560119362178312,2026-01-20,Photo,@כאן ,0,18591,866,39,22,5,29
7597527905316375809,2026-01-20,Video,דוחות החניה שלכם שווים המון כסף – ואולי תקבלו את חלקו בחזרה  (איציק זוארץ),194,630714,16025,61,4245,1634,2960
7597419747310963975,2026-01-20,Video,למה מדינות ערב והמפרץ שותקות בזמן שאיראן בוערת? מה עומד מאחורי קשר השתיקה המפתיע של האויבים הכי גדולים של משטר האייתוללות? @roikais1987#בשכונה_שלנו,500,85781,1779,9,98,54,136
7597400879221705985,2026-01-20,Video,הסוף למונופול המוניות? (נעם גולדברג),211,126813,2285,97,185,87,104
7597444884617858321,2026-01-20,Video,"שתי מורות החליטו לפתוח הכול בפודקאסט - והתלמידים מבסוטים: ""הן לא מוכרות חרטא"" @liran_kogahinoff",36,225268,15126,33,881,128,616
7597400543727750401,2026-01-20,Video,אבות המוזיקה המזרחית משוכנעים: הזמים של היום לא באמת מייצגים את הז'אנר (אלון שרביט),906,172130,7815,61,1680,296,712
7597383104508005633,2026-01-20,Video,הממשל הסורי יצא למסע השתלטות על צפון מזרח המדינה שבשליטת הכורדים - דיווחים על עימותים קשים בין הצדדים (אנסטסיה סטוקנוב ועומר שחר),20,2351456,31551,626,4924,826,3874
7597347243837984001,2026-01-20,Video,הייתם רוצים שגם המורה שלכם ידבר בפודקאסט על חוויות מהכיתה? @liran_kogahinoff,382,70861,1238,20,218,71,92
7597345961131674881,2026-01-20,Video,המשטר האיראני שרד את האיום? (יואב זהבי),192,87616,2071,15,42,6,95
7597171742578134290,2026-01-19,Video,"לא לפנות אליי? אחרי שבן זוגה של נסרין תקף לפי החשד את רום ברסלבסקי, הזמרת התקשרה לרום ברסלבסקי, והשיחה עלתה לטונים גבוהים @אנה פינס ",81,1020359,42260,911,5895,1415,3217
7597068014621609237,2026-01-19,Video,רוג'ר ווטרס בדרך כלל תוקף אותנו - הפעם הוא החליט ללכת בכיוון קצת אחר @amitharari,212,90824,2178,71,127,37,146
7597066304943852820,2026-01-19,Video,"בציון שנה לעסקת החטופים השנייה, אמהות השבים הגיעו לשחזר את הקמפיין המצמרר ""אמא לא מוותרת"" יחד עם טליק גואילי אימו של החטוף האחרון בעזה - רני @yaelciec",305,43456,2300,12,21,4,51
7597016353203146005,2026-01-19,Video,"הנהג החשוד בהמתה בקלות דעת של נשיא בית המשפט המחוזי בבאר שבע: ""חשבו שזאת התנקשות - התייחסו אליי כאחרון העבריינים. עישנתי רק שאכטה וחצי לפני שבוע"" (שלי טפיירו)",234,555901,16057,121,684,209,795
7596802907954105621,2026-01-19,Video,"יותר מ-16 אלף נר3חים - הדיווחים, התיעודים והעדויות על מה שקרה באיראן בימי ההפגנות נחשפים",227,396871,20215,77,368,65,666
7596828491140615432,2026-01-18,Video,חגיגה כפולה 🤩 מכבי חיפה ניצחה 4-1 את מכבי תל אביב - שורד השבי מתן אנגרסט חגג בחדר ההלבשה עם השחקנים (לירן וידאו),15,63315,5257,69,197,52,194
7596813539852012820,2026-01-18,Video,"האופוזיציה האיראנית טוענת שהצליחה לפרוץ לשידורי הטלוויזיה הממלכתית של המשטר סביב 21:30 שעון טהראן: במשך כ-10 דקות, במקום לוח השידורים הרגיל, הוקרנו על המסך מסרים של האופוזיציה ושל רזא פהלווי, יורש העצר הגולה (מיכל רשף)",21,260053,8811,84,254,31,358
7596799070958521620,2026-01-18,Video,הבילוי הלילי שיצא משליטה 😯,190,722438,28921,132,1790,296,1699
7596727129899912468,2026-01-18,Video,"סא""ל אביגדור דיקשטיין נלחם על החיילים החרדים בצה""ל: ""אי אפשר לקחת אנשים שמעולם לא היו לוחמים ולהגיד להם 'מחר אתם עולים על מדים'. חייבים לעבור תהליך""  (יאיר אטינגר)",44,72477,2909,6,43,15,67
7596659377323445525,2026-01-18,Video,"אזהרת טריגר אונס שי לי עטרי שיתפה בוועדה לקידום מעמד האישה את סיפור האונס שעברה ואת ההתמודדות הקשה מול הרשויות - ותקפה את צווי איסור הפרסום הממושכים על חשודים: ""המערכת משתיקה אותנו לכל החיים"" @שי-לי עטרי  @yaelci ",90,181275,9880,57,102,17,321
7596447878596332820,2026-01-18,Video,"ההישרדות בשבי, הערבית שלמד והקשר המיוחד עם אבא צביקה - שורד השבי איתן מור בראיון פתוח ומיוחד (איילה חסון)",998,212841,10140,158,286,70,587
7596448262945656084,2026-01-17,Video,"""משטי הסיוע"" שמטרתם האמיתית הייתה להכפיש את ישראל - נעצרו במבצעים מדויקים ואמיצים. הצצה מיוחדת לפעולות הלוחמה של חיל הים",600,367458,14369,14,565,109,1012
7596233204579798292,2026-01-17,Video,האייתוללות עלו לשלטון ב-1979 ומאז הצליחו לשרוד את כל המחאות. מה הסוד האפל של המשטר הרודני?,782,331448,9544,15,166,58,538
7596230580853902612,2026-01-17,Video,יכול להיות שהדיכוי הקשה של ההפגנות באיראן הצליח? (יואב זהבי),333,195650,6430,60,97,23,213
7596072721616784647,2026-01-17,Video,שוק תלפיות בחיפה - הסצנה הקולינרית שמשאירה אבק לתל אביב ולירושלים. הצצה לשוק הכי חם בישראל (יובל אגסי),731,172569,5517,42,1673,525,854
7596038163638914325,2026-01-16,Video,"השחקן אור בן מלך על הביקורת שהופנתה נגד השר מיקי זוהר, אחרי שהחליט לבטל מימון פרסים לאומנות: ""מה קרה? תקציב התרבות עלה בתקופת כהונתו, הוא החליט לחלק את הכספים בצורה אחרת""  @orbenmelech @benadaman @ifatglick1 #גליקותמר",27,134251,3381,26,44,11,159
7595902091994959121,2026-01-16,Video,אחרי ששברה שיאי רייטינג בחברה הערבית וגם בקרב צופים יהודים: תחרות ״המיקרופון שלך״ מגיעה לגמר הגדול הערב בערוץ מכאן (עופר חלפון),325,38447,808,7,59,30,61
7595912993557236993,2026-01-16,Video,בנס לא היו נפגעים: מסוק תקול התרסק סמוך ליישוב מעלה עמוס לאחר שהתנתק ממסוק התובלה שפינה אותו,24,52238,1242,25,66,18,56
7595898919473728784,2026-01-16,Video,סומכים על מדבקות סימון המזון האדומות? תחשבו שוב הולכים לעיבוד | פרק 2 @ifatglick1,451,123997,4183,29,230,92,250
7595876428252581136,2026-01-16,Video,"תכירו את סא""ל אביגדור דיקשטיין, ששם לעצמו שליחות אחת: לגייס חרדים לצבא",519,147950,8449,6,238,82,348
7595657724348648721,2026-01-16,Video,מתגעגעים למוזיקה המזרחית של פעם? זה בשבילכם | הכתבה המלאה - בשבוע הבא במהדורת כאן חדשות (אלון שרביט),64,204350,11081,68,1276,191,908
7595701664124767489,2026-01-15,Video,אמבולנס מהחלל: האסטרונאוטים הושבו לכדור הארץ בגלל מקרה חירום רפואי  (איתמר וישנקו),153,156139,5192,10,90,16,279
7595701366295776513,2026-01-15,Video,חי/ה? האפליקציה הסינית שנלחמת במגפת הבדידות (יעל צ'כנובר),194,16420,278,5,10,5,22
7595701076351929617,2026-01-15,Video,"""חשבנו שאלה טילים מאיראן"": רעידת אדמה הפעילה אזעקות בנגב @itsikzuarets",154,637182,27521,103,1103,167,1321
7595699932300922129,2026-01-15,Video,טרגדיה: וופא נ@צחה לעיני ילדיה - 4 שנים אחרי בעלה (אורלי אלקלעי),129,563565,16454,246,784,185,937
7595699396134636817,2026-01-15,Video,"בדרך לגל ביטולי טיסות? הישראלים שכבר תקועים בחו""ל (נעם גולדברג)",185,338604,6244,32,719,263,360
7595676511210949889,2026-01-15,Video,בנימין אחימאיר בן ה-14 נר3ח כשיצא לרעות כבשים בבנימין. בשבוע הבא צפויה הכרעה במשפט נגד המhבל - ומשפחתו של בנימין דורשת: הטילו עונש מו!ת על ר!צח בננו @haimgoldich,74,221371,17952,131,165,34,459
7595651875932818689,2026-01-15,Video,"פולינה וגיא, מתאגרפים ובני זוג, מייצגים את ישראל בזירות מסביב לעולם - אבל מתקשים לסגור את החודש. עם קצבה של כ-7,000 ש""ח בלבד מהמדינה, זוג הספורטאים שוקל לעזוב את הארץ  @lielkyzer1",41,388356,28498,115,442,87,689
7595635876974136577,2026-01-15,Video,"שלומי דמרי, אח שכול ומילואימניק, קורא לחרדים: ""תגידו מה אתם צריכים כדי להתגייס לצה""ל - ונדאג לזה. היכנסו איתנו מתחת לאלונקה""  חן ליברמן וישי שנרב בכאן חדשות ברשת ב' 🎙️",14,88003,5580,58,70,3,128
7595546277522263316,2026-01-15,Video,נועה קירל ועדן פינס כבר ניסו את אופני האינפרא אדום - אבל המומחים פחות מתלהבים  (נוב ראובני),62,194459,8353,69,407,78,572
7595515205933731092,2026-01-15,Video,"זהירות: ממתקים, חטיפים ושתייה מתוקה - מי מרוויח מזה שתאכלו אוכל לא בריא? (יפעת גליק)",724,147655,4372,129,1525,602,827
7595489431105096980,2026-01-15,Video,רמז: תכינו שבע ספרות בדולרים (איתמר וישנקו),160,201035,10204,166,715,73,677
7595488969886878996,2026-01-15,Video,עובדים על הבטן: המכשיר שמבטיח קוביות בלי מאמץ? המומחים לא ממש משוכנעים (נוב ראובני),412,287542,14805,163,1210,280,1479
7595329728714706197,2026-01-15,Video,"שורד נובה, כוכבת טיקטוק ושני ישראלים נוספים נעצרו בקופנגן: רשת סמים ישראלית נחשפה בתאילנד ועוררה גל של שנאה נגדנו ברשתות (ורד פרמן)",144,517025,17690,125,3037,749,1046
7595328659775393045,2026-01-14,Video,חודש המתנה וביקורים בתיאום מראש בלבד: כמה עולה לילה קרוב לחרמון למרות שמסלולי הסקי עדיין סגורים?❄ (נעם גולדברג),195,309160,13557,84,1508,392,717
7595262922482404628,2026-01-14,Video,הטורטית של ברגותי טרפה את הקלפים: כוחם של המ@בלים בכלא ירד בשנים האחרונות - מה גרם לכך? #שוברחומות @paldesk,407,191189,6367,72,153,58,416
7595219922893049108,2026-01-14,Video,"שורד השבי רום ברסלבסקי משתף: ""זה רגע מאוד מרגש שלי במסיבה עם חברים ותיקים. הקהל צעק לי ׳יאללה רום׳, הדי-ג'יי אמר לי שהוא מאושר שאני פה רוקד איתו - ואני אמרתי לו שזה מרגש אותי. אני אחד השמחים כרגע""  📸 סטילס: פלאש90",6,112552,2354,25,18,3,52
7595192884203097365,2026-01-14,Video,"הזמרת ריטה פנתה לאיראנים בפרסית במהלך הופעה: ""עם ישראל עומד לצדכם""  (דורית אסרף מזרחי)  📸: יח""צ עופר מנחם",12,451354,19616,338,922,353,707
7595148635348962581,2026-01-14,Video,חמינאי צריך להתחיל לארוז?,32,38674,1291,31,42,12,46
7595118237512125716,2026-01-14,Video,"במהלך ביקורו של טראמפ במפעל מכוניות בדטרויט צעק לעברו אחד העובדים שהוא ״מגן על פדופילים״ - ככל הנראה כרמז לפרשיית ג׳פרי אפסטין. בתגובה, טראמפ שלף לעברו אצבע משולפת וצעק ""פאק יו״. בבית הלבן הגיבו לתקרית וטענו שאדם משוגע צעק קללות לעבר טראמפ ״והנשיא נתן לו תשובה הולמת״ (נתן גוטמן)",12,473254,11247,223,1147,178,912
7594952727608708373,2026-01-14,Video,אנשים באיראן נר3חים ברחובות - והעולם בדממה (מאי לורנס ביסמוט),323,339066,20003,134,461,81,717
7594928837834673429,2026-01-13,Video,אזהרה: קשה לצפייה העדויות הקשות של התושבים שנמלטו מהת!פת באיראן  (יואב זהבי),339,433152,23769,49,769,154,1313
7594876242474568980,2026-01-13,Video,"בשיא השלג והסערה: תיעוד של כוחות חטיבת ""ההרים"" באתר החרמון (כרמלה מנשה, אורלי אלקלעי) 📸: דובר צה""ל",55,74790,3716,85,152,39,85
7594866477963005202,2026-01-13,Video,"טראמפ רוצה את גרינלנד - גם אם זה אומר לצאת למלחמה מול אירופה. מה מסתתר מתחת לקרח ששווה טריליונים, ואיך נשיא ארה""ב מתכנן להשתלט על האי הגדול בעולם? (מיכל רשף) #סיפור_עולמי",437,74436,1778,5,94,47,133
7594756521892793616,2026-01-13,Video,"תכירו את האב, הבן ורוח הטכנו @anastasiastukanov",149,37729,661,9,95,34,60
7594830060809407764,2026-01-13,Video,"מה דעתכם, אירוע קיצוני או סתם עוד קצת רוח חורפית? (שרון וכסלר)@sharondavidovitch",35,83926,3314,11,65,11,74
7594756080970763536,2026-01-13,Video,"הבטיחו לנו רכבת מירושלים ומבאר שבע עד לחיפה בלי עצירות בתל אביב, אבל האם רכבת ישראל תעמוד בלוח הזמנים?",191,231432,10648,92,555,76,377
7594804932432252176,2026-01-13,Video,"⁨ ⁨ אירוע חריג בדהריה: חשודים חמ!שים הלבושים כחיילים לכל דבר ביצעו שוד של חנות זהב. לאחר מרדף אחרי החשודים נתפסו עד כה שלושה מהם, בדואים אזרחי ישראל. דובר צה''ל ביקש להדגיש כי לא מדובר בחיילי צה""ל⁩",21,1206123,16132,36,4590,1419,1896
7594794881764035856,2026-01-13,Video,"""לא ראיתי, לא שמעתי ולא הרחתי"": הגרסה של יועצת השרה מאי גולן למעבדת הסמים שנמצאה בדירתה (שלי טפיירו)",212,325299,10675,154,871,221,485
7594753327011859713,2026-01-13,Video,איפה אפשר למצוא אוכל רחוב במחיר של פעם? @yaelciec,210,301927,13940,200,397,104,700
7594591543139241237,2026-01-13,Video,הייתן מנסות או פחות?  (אנה פינס),187,170934,6829,87,1152,215,438
7594593776669183253,2026-01-12,Video,"""לא רוצה אוטו, לא רוצה כלום - רוצה לשדר בגלגלצ"": במהלך השבי חלמו אמילי דמארי ורומי גונן לשדר יחד ברדיו - היום הן גם הגשימו ♥ (דורית אסרף מזרחי)",249,52311,3185,8,22,7,72
7594441641197358353,2026-01-12,Video,לעבוד פחות - לחיות יותר: איך תצאו לפנסיה לפני גיל 67? זו הנוסחה לפרישה מוקדמת. האם זה יכול לעבוד לכולם?🤔 @amsterdamski_2,798,369310,9524,159,3107,1430,2595
7594488696745790741,2026-01-12,Video,אמילי דמארי ורומי גונן זכו להגשים הבוקר חלום - ושידרו ברדיו בדיוק כפי שחלמו בשבי ❤ 📷: באדיבות גלגלצ,20,53193,2183,11,21,4,43
7594483144506526993,2026-01-12,Video,"הפסיד את הפרס - אבל גנב את ההצגה✨: השחקן האגדי ליאונרדו דיקפריו הציג צד חדש אתמול בטקס גלובוס הזהב. מי שלרוב מצטייר כרציני ומרוחק באירועים מתוקשרים, נתפס בקהל כשהוא עושה תנועות ידיים ופרצופים שמזכירים מאוד את הממים שלו. גם תגובתו לעקיצה של המנחה על גיל בנות הזוג שלו הייתה ברוח טובה וקלילה. האם דיקפריו הוא מלך הממים החדש? @alonfruchter",24,18827,664,2,9,0,15
7594440361574026513,2026-01-12,Video,"Love is in the air✈️ - איך תטוסו לחו""ל ביום האהבה ליעדים הכי משתלמים בלי לקרוע את הכיס",184,11441,114,2,1,0,0
7594427492199320848,2026-01-12,Video,"ההיסטוריה חוזרת? ב-79' העם האיראני הפיל את המלך והעלה את האייתולות. היום, אחרי כמעט 50 שנה, הרחובות שוב בוערים. האם אנחנו בדרך למהפכה הבאה? @riad.alee",495,221145,5974,23,238,69,475
7594211667563613441,2026-01-11,Video,המשטר האיראני בדרך לאובדן שליטה? (יואב זהבי),178,429165,11961,76,378,77,527
7594204506607471893,2026-01-11,Video,"אז מה אתם אומרים, זה מרתיע את טראמפ או דווקא עושה לו חשק? (לירן אהרוני)",43,30018,690,11,45,12,59
7593852303451426069,2026-01-11,Video,אימפריית קרדשיאן רק הולכת וגדלה - אז למה קים מספרת לחברים שהשנה האחרונה הייתה נוראית?🫢 @amitharari,483,104056,4381,19,118,11,282
7593796129901284628,2026-01-10,Video,"ניצול השואה - ד""ר גדעון ביאליסטוק: ""זה החיבור הין ישראל ויהדות"". כך הוא מתאר את בית הכנסת הגדול בו הוא מתפלל מאז שברח כילד מהולנד ומצא את מקומו באלנבי בתל אביב🕍 (שירלי ברקוביץ')",53,74403,4197,14,36,9,174
7593708036171058449,2026-01-10,Video,"יונתן שלו, מייסד ארגון המילואימניקים ""כתף אל כתף"", על חוק הגיוס: ""מפקירים את הדור שלי, ההנהגה בצד של המשתמטים""  #גליקותמר @ifatglick1 (תמר אלמוג)",52,112498,3866,46,128,22,151
7593462468488219921,2026-01-10,Video,30 שנה אחרי: פרטים חדשים מהמבצע לחיסול האיש שאחראי על הפיג!עים של שנות ה-90 (יובל אגסי),784,275172,7983,42,434,161,826
7593455927534062865,2026-01-09,Video,המחאות באיראן לא פוסקות - ובקהילת יוצאי איראן בארץ בטוחים שהמהפכה מגיעה (אורי לוי),620,173097,3702,24,688,383,253
7593395395670134032,2026-01-09,Video,"רכב פרטי ניסה לחצות מעבר מים בנחל, נסחף ונתקע בלב הזרם. בעל הרכב הצליח להיחלץ בכוחות עצמו אל הגדה, אך כלבו נותר לכוד בתוך הרכב כשהמים עולים סביבו. יחידה לחילוצים מיוחדים של מכבי אש חילצה את הכלב בשלום😍 (ורד פלמן) 📸: תיעוד מבצעי כב""ה ירושלים",63,359591,5572,67,432,165,231
7593394947324218640,2026-01-09,Video,"גולש קייט כבן 40 נהרג בזמן שגלש בבת ים. גולשת רוח וחברה של ההרוג בתאונה: ""אני בסערת רגשות. רגע אחד אתה רואה בן אדם ורגע אחרי הוא לא בין החיים. יצאנו לגלוש והגיע ענן עצום, ה וא עף רחוק והבנתי ישר"" (אנה פינס) 📸: שחר סנדורי",34,1136480,31136,223,3239,718,1766
7593390354750000385,2026-01-09,Video,"תושבי הכפר השקט ליד ירושלים עדיין רוצים דיו קיום - אבל לא מאמינים שיעצרו את המציתים: ""אם זה היה הפוך היו סוגרים לנו את הכפר"" (חיים גולדיטש)",35,426490,9055,27,682,275,623
7593347226844417297,2026-01-09,Video,מישהו עשה קופה על המלחמה? 💸 מנפילת מדורו ועד לתקיפות בתימן: הכירו את הקזינו העולמי החדש שהופך את המציאות של כולנו להימור אחד גדול @amsterdamski2,443,142184,7397,24,1265,497,852
7593296581042916609,2026-01-09,Video,העתיד כבר כאן: אלה ההמצאות שישנו לנו את החיים - ויש גם נציגות ישראלית! @ittaishick,454,45397,1170,5,71,42,63
7593295309128617232,2026-01-09,Video,"""כאן תומכים בחמא0"": המסרים של המפגינים הפרו פלסטינים מול אירוע ישראלי בניו יורק (נתן גוטמן)",18,26240,651,6,8,3,18
7593285757398158600,2026-01-09,Photo,⁨	כשמזג האוויר באמת משתגע: בזמן שאירופה המומה מגל הקור הקיצוני - אוסטרליה רותחת מחום. איך ולמה בעצם זה קורה? ❄️🔥 (שרון וכסלר),0,21620,447,14,10,2,41
7593115924635471125,2026-01-09,Video,בשר וחמאה זה בריא?🥩 המהפכה של טראמפ בצלחת: המומחים מגיבים לשינוי הדרמטי בפירמידת המזון (נוב ראובני),245,340747,18538,105,1926,599,1066
7593042826124971265,2026-01-08,Video,קיבוץ קריית ענבים התרחב - ולקיבוצניקים הוותיקים קשה להתרגל לחדשים (ויקו אטואן),52,152239,6072,6,125,27,161
7592953930179448080,2026-01-08,Video,"בגיל 97 יעקב אגמון ממשיך ליצור, וזוכה בפרס ישראל (דורית אסרף מזרחי)",181,112006,5699,18,110,37,276
7592973200061943057,2026-01-08,Video,"""אתה מצה שאי אפשר לאכול"": איך קיללו פעם בכנסת? (אורן אהרוני)",713,42244,1006,18,33,10,59
7592970101150829840,2026-01-08,Video,מטוס הנוסעים ניסה לנחות - אבל הרוחות החזקות פשוט לא אפשרו לו לגעת בקרקע,30,1124498,36677,332,4158,895,1904
7592959595056844052,2026-01-08,Video,קיבוץ קריית ענבים מתרחב - ואיתו המתח בין החברים הוותיקים לחדשים (ויקו אטואן),618,570218,27601,85,1060,301,1475
7592930441678589202,2026-01-08,Video,המאבק הסמוי בין ירושלים לאנקרה יוצא מהצללים: מההכרה בסומלילנד ועד לקרב הישיר על השליטה בים האדום. איך הפכה ישראל למכשול המרכזי בחלום האימפריה של ארדואן? #בשכונה_שלנו @roikais1987,497,155858,4508,37,295,140,316
7592926199358262544,2026-01-08,Video,"המחאות באיראן ממשיכות לבעור: מפגינים בעיר משהאד, העיר השניה בגודלה באיראן, הורידו מהתורן את דגל הרפובליקה האיסלאמית וקרעו אותו ברחוב, ובמקום אחר ש7פו את הפסל של בכיר משמרות המהפכה לשעבר קאסם סולימאני",21,226069,6502,87,198,49,241
7592724177816194321,2026-01-08,Video,מתחת ל-30: השפים הצעירים שמשתלטים על עולם המסעדנות הישראלי (עופר חלפון),523,72252,2542,7,114,28,110
7592713756170308881,2026-01-08,Video,תחבורה ציבורית מהעתיד: הרכבים האוטונומיים שעומדים לשנות את הכביש (איתי שיקמן),294,73373,1246,10,88,21,62
7592698310364777745,2026-01-07,Video,אחרי ונצואלה - גרינלנד? טראמפ מנסה להשתלט על האי הגדול בעולם (נתן גוטמן),191,151592,3035,11,113,36,189
7592652149880802581,2026-01-07,Video,"""הצוותים הרפואיים לא ערוכים לטיפול במצבים כאלה"": אשתו של הלום קרב בן 27 השמיעה אתמול בכנסת הקלטה מצמררת מהאשפוז של בעלה @yaara.shapira 📸ערוץ הכנסת",58,465602,35683,417,1000,100,1571
7592569439950818561,2026-01-07,Video,"אפילו השוטרים הופתעו: במהלך סריקות באתר בנייה בחדרה, חשפו לוחמי יס""מ ושוטרי התחנה בעיר שני שוהים בלתי חוקיים תושבי חברון כשהם מסתתרים עמוק בתוך תעלת ביוב תת-קרקעית. השב""חים נעצרו במקום, הועברו לחקירה ונכלאו (אורלי אלקלעי) צילום: דוברות המשטרה",9,892237,11443,136,3231,450,605
7592361948759461140,2026-01-07,Video,"מאות טיסות התבטלו, אבל איזה תמונות!",186,295814,10965,160,852,179,448
7592361579925064981,2026-01-06,Video,עכשיו חסר רק רובוט שיסדר את החדר @ittaishick,186,123694,1836,50,240,99,130
7592303971784543489,2026-01-06,Video,"גנב לטראמפ את הריקוד? נשיא ארה""ב על שליט ונצואלה, מדורו, אחרי שנלכד במבצע אמריקני @ramelibrandts",27,38394,800,6,35,11,43
7592263655513787649,2026-01-06,Video,"האם הירח עומד להפוך לנדל""ן היקר ביותר בהיסטוריה? ארה""ב וסין כבר במרוץ מטורף - מי תנצח בקרב על האוצר של העתיד? #סיפור_עולמי (יואב זהבי)",537,12195,197,6,7,2,17
7592187650983939345,2026-01-06,Video,"פרשת ""הנסיך"": כך עד המדינה הפיל את ארגון הפשע ""אבו לטיף"" (אורלי אלקלעי)",286,1000557,20743,17,3060,1151,2101
7592223025932586241,2026-01-06,Video,אחרי ההכרה הישראלית: שר החוץ גדעון סער מבקר בסומלילנד ונפגש עם הנשיא עבדירחמן מוחמד עבדיללאהי (ישי בר-יוסף),8,49094,891,9,6,2,24
7592216271496744208,2026-01-06,Video,"אף פעם לא מאוחר💍 יהורם גאון התחתן בגיל 86 עם בת זוגו ב-15 השנים האחרונות, אלה לוסה",33,65660,2740,70,567,156,116
7592201520452603137,2026-01-06,Video,ח'מנאי יגמור כמו אסד?,166,140177,4166,38,83,33,176
7592187139278867728,2026-01-06,Video,"הרבש""צים שנלחמו ב-7 באוקטובר והחליטו להחליף מקצוע @itsikzuarets",526,57979,1826,8,56,23,93
7591957710078217479,2026-01-05,Photo,"הערב, מעל ביתם של טליק ואיציק גואילי טייסים ציירו בהפתעה בשמיים את סמל החטופים - שכניהם ההמומים שהבחינו בכך מיהרו לקרוא להם על מנת שיצאו החוצה לצפות במחווה המרגשת. זהות הטייסים שביצעו את המחווה אינה ידועה. (יעל צ'כנובר)",0,38901,1057,9,12,5,30
7591610634135964948,2026-01-05,Video,גם אתם התעייפתם כבר מוולט? אפליקציית משלוחים חדשה מבטיחה לספק אלטרנטיבה,294,518198,15829,223,2476,737,1294
7591840447111122196,2026-01-05,Video,מתחת לאף של המשטר: תושבים החליטו לשנות את הכללים - ואת שם הרחוב גורג'י בבירת איראן (איתמר מרגלית),22,286545,7899,128,391,49,443
7591813827910536469,2026-01-05,Video,"אחרי המלחמה, יותר ויותר ישראלים מחליפים את המגדלים הגבוהים של העיר במרחבים הירוקים של הקיבוץ - ולא רק בגלל האידיאולוגיה פרק ראשון בסדרת ""נוהרים לקיבוצים"" (ויקו אטואן) #נוהרים_לקיבוצים",593,153938,4320,14,268,111,260
7591622046875012373,2026-01-04,Video,אין גבול לציניות: כוחות המשטר באיראן פשטו על בית חולים ועצרו מפגינים פצועים (איתמר וישנקו),33,566390,18677,355,885,102,1548
7591608635638304021,2026-01-04,Video,רק בת 15 💔,206,246131,18506,270,142,17,422
7591527347518508309,2026-01-04,Video,"תיעוד משיראז שבדרום-מערב איראן: צעיר איראני מבעיר שוטרים באמצעות מטף כיבוי, ולאחר מרדף נתפס בידי כוחות המשטר. בהמשך, פרסמה סוכנות הידיעות האיראנית תיעוד של הודאתו במעשה, כשהוא מחזיק באותו מטף שבו השתמש, כך לדברי הסוכנות, וצופה בתיעוד המעשה שביצע (לירן אהרוני)",22,16373446,315626,1939,22760,960,25149
7591525878711061781,2026-01-04,Video,"תראבין זו רק ההתחלה: פריצות, שוד ותקיפות הפכו לשגרה בבאר שבע (אסף פוזיילוב)",67,785992,42022,194,4551,827,2153
7591508545921764628,2026-01-04,Video,"ילדה קטנה הוברחה דרך גדר ההפרדה - לוחמי מג""ב עצרו חשוד במעשה @roysharon11",7,13388348,66184,1272,4747,508,6213
7591490799108459796,2026-01-04,Video,"ח""כ מאיר פרוש מיהדות התורה התייחס לאפשרות לביטול מימון מעונות היום לילדי האברכים: ""האם זה תואם את אמנת האו""ם? זו הרעבת תינוקות""  @yaara.shapira 📸: באדיבות ערוץ הכנסת",24,60486,1081,49,75,30,49
7591245659513097488,2026-01-04,Video,יחידת ק!מנדו אחת עומדת מאחורי מבצעים ברחבי העולם - מהמזרח התיכון ועד ללכידה של מדורו בונצואלה אתמול (נתן גוטמן),161,231712,8634,26,214,45,572
7591245267404360980,2026-01-03,Video,"לא רק בלובר, גם פה בישראל פיצחו כמה כספות @yaelciec",578,236864,5643,46,478,125,564
7591087099189775637,2026-01-03,Video,"50 שנה להקמת עוקץ: ""הכלבים האלה חסכו עשרות דפיקות בדלת - ועשרות חיי אדם"" (אמיר גרא)",935,164686,8075,58,369,124,400
7591079968310938900,2026-01-03,Video,עד לפני שבוע לא שמעתם עליה - זה הסיפור של סומלילנד (מואב ורדי),766,299110,10031,61,360,93,544
7591076153436278037,2026-01-03,Video,"ארה""ב תקפה בבירת ונצואלה והודיעה: ""לכדנו את הנשיא ואשתו והוצאנו אותם מהמדינה"" (מואב ורדי, דב גיל הר ומיכל רשף) 📸: שימוש לפי סעיף 27 א'",26,337860,8917,27,445,87,296
7590940901090823445,2026-01-03,Video,"כ-40 הר!גים וכ-115 פצ!עים, רובם קשה: פרטים חדשים על הטרגדיה באתר הסקי בשווייץ (דב גיל-הר)",305,374591,13271,46,385,82,666
7590884503896214805,2026-01-02,Video,"""את בן גביר לא מעניין להוריד את אחוזי הפשיעה בחברה הערבית - הוא רק רוצה להסתובב שם מול מצלמות התקשורת בשביל הקמפיין שלו לבחירות הבאות"": כתבנו @suleiman.maswadeh על ""מבצע המשילות"" של בן גביר בתראבין",55,286042,6924,136,259,67,447
7590820079185448212,2026-01-02,Video,"האש מתלקhת - והחוגגים רוקדים ושרים: תיעוד חדש מהרגעים הראשונים של השר*פה בבר בשווייץ בחגיגות השנה החדשה - בו נראים המבלים צוחקים ולא מגיבים מהר. האס!ן הכבד הוביל למ!תם של לפחות 40 בני אדם, וכמאה אנשים נוספים שהיו במקום נפ3עו @ramelibrandts",9,577202,14156,91,800,114,586
7590753573902994709,2026-01-02,Video,"כוכבת הקולנוע אנג׳לינה ג׳ולי הגיעה הבוקר לצד המצרי של מעבר רפיח, וראתה את הסיוע ההומניטרי שעובר לרצועת עזה  (יובל ענבר)",19,412859,13835,198,1227,116,645
7590715141155507476,2026-01-02,Video,"משפחה שנתקעה עם רכבה במים חולצה מנחל שילה: ""נכנסו עם המכונית לנחל בזמן שיטפון""  @haimgoldichk 📸: דוברות כב""ה מחוז יו""ש",13,58264,1018,7,54,7,36
7590704110366739733,2026-01-02,Video,אסון בסילבסטר: עשרות נהרגו בפיצוץ באתר סקי בשווייץ (דב גיל-הר),197,81615,2202,26,46,11,72
7590702048593644820,2026-01-02,Video,אחרי שקיבל אחריות: ראש חטיבת המחקר ב-7 באוקטובר נפטר ממחלה קשה (רועי שרון),266,249800,8246,117,246,77,439
7590701443443739925,2026-01-02,Video,סופו של עידן: הכדורגלן ערן זהבי הודיע על פרישה  (יואב בורוביץ'),384,340529,13614,108,443,145,733
7590490772969950481,2026-01-02,Video,"לא רק ""קחו כדור"": בית הספר שלוקח ברצינות את שיעורי הספורט (לירן כוג'הינוף)",524,375402,21064,291,2289,249,842
7590665112181017877,2026-01-02,Video,"החורף הגיע לחרמון: כ-10 ס""מ שלג נערמו במפלס העליון של ההר, שפתוח למבקרים ⛄❄️ @rubihammerschlag 📸: תומר נגלי",7,390877,17432,69,2260,592,570
7590661397005077781,2026-01-02,Video,"משפיענית סומלית אמרה במהלך שידור לייב ש""עדיף שאילון מאסק ימות"", מאסק הגיב: ""זו מלחמה""  (איתמר מרגלית)",10,288274,4800,209,740,52,393
7590654739054972181,2026-01-02,Video,שורד השבי שגב כלפון התראיין לסוכנות הידיעות האמריקאית AP וחשף את העינויים הקשים שעבר בשבי (איתמר מרגלית),43,810420,45650,355,628,125,1518
7590486508977589521,2026-01-02,Video,רוב המסעדות נסגרות מהר - זה הסוד של אלו שלא (ריאד עלי),663,74315,1700,18,119,46,177
7590478129173417237,2026-01-01,Video,"בשביל קבוצת בני יפו אורתודוכסים דו-קיום זה לא סתם ביטוי, זו הדרך למסור את הכדור ולהכניס את הגול הבא (ערן זינגר)",44,307584,11378,59,571,108,586
7590472220632157441,2026-01-01,Video,"פוליטיקאים, אומנים וביבי: חגיגות השנה החדשה באחוזה של טראמפ (נתן גוטמן)",172,235546,10002,29,150,26,353
7590411381459979521,2026-01-01,Video,"מצעד השערים של כדורגלן העל שהכריז שהוא יגיע ל-1,000 - כולל אחד שהוא הבקיע עם הגב (יואב בורוביץ')",215,158077,6536,83,233,43,335
7590410593396509973,2026-01-01,Video,"מה סוד הקסם של ""האחוזון העליון"" - והאם שחר חסון בכלל מבין את התשובות לשאלות שהוא שואל? 🤔 @sharondavidovitch",60,163972,7464,34,183,23,283
7590404692988153109,2026-01-01,Video,"משפיענית, חבר כנסת וזמרת מצליחה: הכוכבים מספרים באומץ על החרם שעברו בילדות (נופר משה פרדו)",630,62554,3181,14,18,4,164
7590383419167624469,2026-01-01,Video,חשבון נפש או הונאה? מה חמאס באמת חושב על המלחמה ואיפה הוא מתכנן להכות בפעם הבאה  @elior_levy #שובר_חומות,326,140012,3504,12,128,68,282
7590364357293378817,2026-01-01,Video,"צלילים של חורף: אחרי שנה קשה מאוד, נחל שניר (החצבאני) חוזר לזרום בקצב מרשים @rubihammerschlag צילום: אסד חטיב",29,160180,4736,21,197,93,112
7590052504570694928,2025-12-31,Video,שווה את המחיר? הארוחות הנוצצות לליל השנה החדשה - והמסעדות שמעלות מחירים (עופר חלפון),46,426502,17598,176,708,152,638
7590008634721963281,2025-12-31,Video,"לראות ולא להאמין: שר הביטחון ישראל כ""ץ שכח את הטלפון שלו במזנון הכנסת, ללא השגחה (מיכאל שמש)",5,1676810,16428,89,7404,49,668
7589984217304534293,2025-12-31,Video,“זה הדליק לי את הפיוז”: שיר אלמליח מתייחסת  להודעה שנשלחה אליה ועוררה סערה (יאיר ויינרב) #חדשותהלילה,30,426872,13857,59,201,35,562
7589935948700355861,2025-12-31,Video,יש ממה לחשוש? @ittaishick,234,654217,27574,443,4740,1096,1889
7589980244413598996,2025-12-31,Video,העולם מתחיל להיפרד מ-2025 ולקבל את השנה החדשה (איתמר מרגלית),9,249898,14814,165,562,28,403
7589931973267721492,2025-12-31,Video,מה דעתכם - שווה את המחיר? (עופר חלפון),296,227373,7010,70,413,100,299
7589931775149886740,2025-12-31,Video,תחילתו של אירוע דרמטי במזרח התיכון? @anastasia.stu7,220,93283,1665,13,109,42,89
7589757791644994837,2025-12-31,Video,"המאבק של ההורים של יואב על חייו - רגע לפני שכבר יהיה מאוחר מידי כדי לסייע למשפחתו של יואב, חפשו ""הדקה ה-90 של יואב"" (יפעת עמיאל)",626,387455,22047,248,630,77,899
7589751913185348885,2025-12-30,Video,המחאות באיראן מתגברות - והמפגינים קוראים להפלת המשטר (דב גילהר),199,331059,10369,117,306,118,414
7589699607077195029,2025-12-30,Video,"למה הצעירים מוותרים על ילדים, ומה יקרה לכלכלה שלנו כשלא יהיו יותר ידיים עובדות? ""סיפור עולמי"" עם מיכל רשף בשיתוף כאן חדשות בדיגיטל #סיפור_עולמי",389,76503,4327,38,286,51,305
7589678562714602768,2025-12-30,Video,התגעגעתם? @itay_shay_ @ittaishick  #Fכאן בשלוש,35,123106,6964,58,203,17,412
7589564666100075777,2025-12-30,Video,"אוהב להיות בבית? עוד ועוד מהלו""ז של הנשיא טראמפ עובר לאחוזתו במאר-א-לאגו (נתן גוטמן)",180,45307,1039,7,43,12,44
7589564973907578128,2025-12-30,Video,"העם האיראני יוצא שוב לרחובות, הפעם בגלל הכסף (יואב זהבי)",143,173110,5541,53,251,121,214
7589565645172296976,2025-12-30,Video,על מוקטיילז שמעתם? טרנד השתיה ה(לא) אלכוהולית צובר תאוצה גם בארץ @maylaurencelola,303,131477,7453,53,473,48,322
7589408693637156113,2025-12-29,Video,תמונת ניצחון: שורדי השבי מתן צנגאוקר ואילנה גריצווסקי התארסו (אנה פינס),243,39923,2138,38,22,5,48
7589385113478221074,2025-12-29,Photo,"טראמפ, אגב, התרגש מאוד ואפילו אמר שישקול להגיע לטקס ההענקה (גילי כהן) 📸: פלאש 90, AP",0,27424,432,26,30,5,17
7589369567135452423,2025-12-29,Photo,אז איזו אמירה הכי הדהימה אתכם? (ישי בר יוסף),0,21251,280,9,9,3,20
7589367950243548417,2025-12-29,Video,"אביה של אביב ז""ל, שנרצח בפיגוע בצפון, נפרד ממנה בהספד מצמרר",39,112305,12851,409,103,12,275
7589318906284674325,2025-12-29,Video,הילדים שעברו חרם קשה חושפים את הכאב שלא מרפה - גם שנים אחרי | הכתבה המלאה הערב במהדורת כאן חדשות @nofar_moshe_ferdo @Dekel @Shiramargalitt ,66,707934,58945,367,719,117,2211
7589030440367836432,2025-12-28,Video,אחרי שעברו את הקורונה וגם את המלחמה: איך הצעירים מצליחים להתמודד עם החיים היקרים בישראל? (אנה פינס),480,607095,35097,362,2356,559,2746
7589029313740098832,2025-12-28,Video,"""הכאב הזה לא יעזוב"": ככה מרגיש לעבור חרם 💔 @nofar_moshe_ferdo",703,129175,8964,131,241,33,536
7588978369019055380,2025-12-28,Video,"רפי בן שטרית, ראש עיריית בית שאן לשעבר שבנו אלרואי ז""ל נפל ב-7 באוקטובר, ביקש מהשר וסרלאוף - מכר ותיק מהעיר - להצביע נגד ועדת החקירה הלאומית. וסרלאוף הצביע בעדה (מואב ורדי)",39,88140,3408,59,70,18,102
7588963433014398228,2025-12-28,Video,"רפי בן שטרית, איש ליכוד וראש עיריית בית שאן לשעבר, איבד את בנו אלרואי ז""ל בקרב ב-7 באוקטובר. מאז הוא נלחם על הקמת ועדת חקירה ממלכתית (מואב ורדי)",46,79348,3252,216,318,136,119
7588936918214184213,2025-12-28,Video,"מכונית או צוללת? רכב טבע בנחל גרר שבנגב, אין נפגעים @itsikzuarets 📸: רפי בביאן",13,464337,4453,50,415,163,226
7588925387523018004,2025-12-28,Video,"""הי@לר מקנא בכם, ש*קסע!"": עימותים בין שוטרים ולוחמי מג""ב לחרדים בהפגנה נגד מעצר עריקים, כביש 4 נחסם לתנועה (אנה פינס) 📸: שמעון ברוך",18,670026,20559,610,1892,280,1229
7588883691875765524,2025-12-28,Video,הדרום בוער: האם מדובר במסע הנקמה? רעולי פנים פרצו ליישובים והציתו כלי רכב. לפי החשד - בעקבות מעצרי המשטרה בנגב @itsikzuarets,158,120378,1894,50,157,43,129
7588893489325296917,2025-12-28,Video,"""אין זכר לשוטרים"": יומיים אחרי הפיגוע הרצחני שביצע שב""ח - פלסטינים תועדו חוצים לישראל באזור התעשייה עטרות ללא הפרעה @haimgoldich",42,4819689,81777,977,9437,2551,5040
7588889633954565396,2025-12-28,Video,"למרות פסיקת בג""ץ: ח""כ בועז ביסמוט, יו""ר ועדת החוץ והביטחון בכנסת, כינה את היועצת המשפטית גלי בהרב-מיארה 'היועמ""שית המפוטרת' @Yaara Shapira (דקלה אהרון-שפרן), צילום: פלאש90",18,80552,2177,248,65,13,72
7588824749187370261,2025-12-28,Video,"חילוצים, הצפות ושלג כבד - ישראל בסערה⛈️ ישראל במערכת חורפית קיצונית: משפחה חולצה מלב שיטפון בדרום, הצפות נרשמו ברחבי הארץ ושלג כבד נערם בחרמון. @itsikzuarets 📸 אתר החרמון, אמנון זיו, ויקטור ברנובסקי, מוסע אבו גודה",54,71087,2178,13,93,42,66
7588643931630423312,2025-12-28,Video,"אזרחי סומלילנד רוקדים ברחובות בתגובה להכרה הישראלית במדינה, בשאר העולם שמחו הרבה פחות (יואב זהבי)",170,371256,17380,395,756,150,990
7588642819695267073,2025-12-27,Video,לפני 40 שנה יצא האלבום ״נערי שובה אלי״ ומרגול נכנסה אלינו בסערה - שממשיכה עד היום (עופר חלפון),598,80084,3027,27,114,25,127
7588531368636747009,2025-12-27,Video,"תייגו חבר מאופקים: כבר קשה למצוא בית מרווח בישראל במחיר שפוי - אבל מסתבר שאופקים הפכה לפנינת נדל""ן 🏠 (אמיר גרא)",892,461478,14286,298,3701,1404,1002
7588530292772670721,2025-12-27,Video,"מאז שבנו סמ""ר אלרואי ז""ל נפל ב-7 באוקטובר - רפי בן שטרית לא מפסיק להיאבק בניסיונות לטייח את המחדל (מואב ורדי)",761,61226,1292,31,39,10,26
7588528066339671304,2025-12-27,Photo,"על פי החשד, החשודים גייסו את הכסף במסווה של גיוס כספים הומניטרי לטובת האוכלוסייה הפלסטינית בעזה (איתמר מרגלית)",0,38866,626,4,33,3,24
7588484207274462471,2025-12-27,Video,"עיריית קייב: מאות אלפים נותרו בלי חימום בגלל פגיעת כטב""מ רוסי. בקייב, אם תהיתם, מזג האוויר ביום הוא סביב מעלה אחת, כשבלילה הטמפרטורות צונחות עוד (יואב זהבי)",10,3115235,54198,1400,4599,413,3582
7588465573730716935,2025-12-27,Photo,"אז מה בכלל יוצא לנו מההכרה בסומלילנד? 📸: AP, פלאש 90 (שלו סגל)",0,161352,4193,223,223,37,317
7588288951174171921,2025-12-26,Video,"בסומלילנד חוגגים את ההכרה הבין-לאומית מישראל עם דגל 🇮🇱 ענק: סביר שמעולם לא שמעתם על סומלילנד, אבל היום ישראל הפכה למדינה הראשונה בעולם שמכירה בה רשמית כמדינה עצמאית. בסומלילנד האפריקנית, שבמשך שנים תפקדה כדמוקרטיה יציבה ושקטה בלב אזור סוער, כמובן מיהרו לחגוג - ואפילו האירו את דגל ישראל כאות תודה ‪‪@roikais1987",16,610997,26955,882,2205,221,1493
7588229211203128577,2025-12-26,Video,"""אם הוא היה מקדים בכמה שניות - הוא היה גומר אותנו"": גילו חצה את השער עם נכדו הפעוט רגעים ספורים לפני שהמhבל הגיע @ifatglick1 (תמר אלמוג)",80,892561,47275,269,1582,454,1559
7588159010562477333,2025-12-26,Video,ניצלו בשנייה האחרונה: סבא הרים את נכדו והספיק להכניס אותו לחצר הבית - שניות לפני שהמחבל חלף עם הרכב ליד השניים  (אורלי אלקלעי),17,1504776,56512,310,2080,357,1915
7587907564713626897,2025-12-25,Video,"בנט על הכוונת: הישראלי שריגל עבור איראן - ועבד בעבר במשרד של הרמטכ""ל @hadasgrinberg",277,137012,2557,30,184,65,171
7587907279530282256,2025-12-25,Video,"סופ""ש באירופה בפחות מ-1,000 ש""ח (נעם גולדברג)",136,62421,1682,9,88,27,98
7587906756852993297,2025-12-25,Video,מה הייתם עושים אם הייתם זוכים ב-1.8 מיליארד דולרים בלוטו?  (יואב זהבי),144,164600,8225,49,437,63,330
7587898315732176144,2025-12-25,Video,"הפטריארך הלטיני של ירושלים, הקרדינל פיירבטיסטה פיצבאלה, במסר לחג המולד: ""ישראל צריכה להסתכל לעתיד בצדק ושלום כלפי כולם"" @anastasia.stu7",33,82768,2913,58,141,46,167
7587896901039656208,2025-12-25,Video,"מפכ""ל המשטרה דני לוי - בניגוד לנתונים בשטח: ""משטרת ישראל רשמה השנה ירידה מתמשכת בנתוני הפשיעה"". בפועל, נתוני הפשיעה נמצאים בעלייה, כשבראשם מעשי הרצח @hadasgrinberg",15,164366,3211,619,148,68,168
7587888306633919761,2025-12-25,Video,"נוצרים, יהודים ומוסלמים: כולם חוגגים את חג המולד ברובע הנוצרי בירושלים - ""מקבלים את כולם באהבה"" @anastasiastukanov",25,450640,20361,490,1122,123,1060
7587877751319743760,2025-12-25,Video,"בתום חמש שנות מאבק משפטי, אחרי שטען שלאי-שפיות - וחזר בו: עמית אלמוג הורשע בר@ח מאיה ווישניאק ז""ל במסגרת הסדר טיעון מקל (אורלי אלקלעי)",32,679909,26791,352,903,137,1351
7587831221900561681,2025-12-25,Video,"""מוטי, איך הייתה הדק#רה?"": משפחות פשע ערביות השתלטו על שכונת נווה שאנן בדרום תל אביב - ומטילות אימה על התושבים  (אנה פינס)",49,520640,18880,76,781,94,927
7587532256403524884,2025-12-24,Video,"המבצע של אורבניקה שרוקן את המדפים: ""אפילו הבובה עירומה""  (עופר חלפון)",176,769594,41453,349,4085,893,1919
7587531523339898132,2025-12-24,Video,למה אין ספורה בישראל - והאם עוד יש תקווה?  (דורית אסרף מזרחי),296,324116,20254,325,1438,162,1336
7587530735632928021,2025-12-24,Video,"נשיא ארה""ב דונלד טראמפ מופיע במסמכי אפשטיין  (נתן גוטמן)",188,36177,772,28,45,4,55
7587530362578947349,2025-12-24,Video,למרות התיעודים והעדות הדרמטית של בת הזוג: הר!צח ממזרח ירושלים קיבל עונש מקל בלבד  (שלי טפיירו),348,589704,13874,79,2263,628,1786
7587528723994316052,2025-12-24,Video,"משפחות פשע ערביות השתלטו על שכונת נווה שאנן בדרום תל אביב ומטילות אימה על התושבים: ""סימנו אותי"" (אנה פינס)",399,1164111,42913,207,4561,959,3253
7587527049615609109,2025-12-24,Video,"הרמטכ""ל של לוב נה@ג בהתפוצצ!ת מטוס - והקונספירציות מציפות את האינטרנט  (מיכל רשף)",196,86282,1284,33,23,7,58
7587526254056967445,2025-12-24,Video,"בן גביר נכנס לצלילי סטאר ווארס, המפכ""ל נכנס לצלילי רוקי - אבל האם באמת יש להם סיבה לחגוג?  (אורלי אלקלעי)",215,9434,172,11,3,1,6
7587525571748449556,2025-12-24,Video,האם תעלומת רון ארד עומדת להיפתר?  @roysharon11,249,174121,4847,64,260,117,410
7587524885669367061,2025-12-24,Video,"ההצעה לוועדת חקירה לאומית עברה, הורים שכולים מחו: ""נתניהו מפחד מהאמת"", ""איך אתם ישנים בלילה?"" (דקלה אהרון-שפרן)",215,174428,6306,247,102,23,270
7587427308533828880,2025-12-24,Video,למה איחוד האמירויות מהמרת על כל הקופה במלחמות רחוקות - ואיך המדינה הקטנה מהמפרץ משנה את חוקי המשחק במזרח התיכון? @roikais1987 #בשכונה_שלנו,481,130416,3857,37,181,83,326
7587335331297512721,2025-12-24,Video,כמה קשה להגיע לחופים של מעגן מיכאל אם אתה לא מהקיבוץ? @ifatglick1,385,290701,12563,154,993,246,643
7587326378568092944,2025-12-24,Video,"גלולת הרזיה קסומה? לא, זה לא מדע בדיוני, אלא פיתוח נוסף שאושר לשימוש על ידי מנהל התרופות האמריקני (נוב ראובני)",234,914125,27145,596,16425,7514,6341
7587325906251779329,2025-12-24,Video,"בגיל 72, שדרן הספורט המיתולוגי אבי מלר, מלר׳קה, הלך לעולמו (ליאן וילדאו)",177,187884,6948,99,96,32,216
7587329585692314896,2025-12-24,Video,"אגדת הגיימינג וינס זמפלה, שאחראי לאחד ממשחקי הוידאו המשפיעים בעולם, נה7ג בתאונה נוראית (יואב זהבי)",145,658801,24791,327,3839,659,1665
7587160226021920020,2025-12-24,Video,"אם אתם מתכננים לטוס בפסח, זה בדיוק הזמן להתחיל להזמין - איך מוצאים טיסות זולות ליעדים המבוקשים? הנה המדריך המלא לחיסכון בחופשה הבאה שלכם✈️ (נעם גולדברג)",176,189413,6919,42,1255,565,1046
7587159523811396884,2025-12-23,Video,"יפן היא אולי היעד הכי מבוקש לטיסות, אבל היא כבר מזמן נחתה כאן בישראל - מאנימה ועד לשגרת הטיפוח היפנית, כך הפכה יפן לסיפור אהבה ישראלי🏯",717,76784,3892,93,437,51,365
7587138636966137106,2025-12-23,Video,"⁨	יותר יקרה מתל אביב? 📈 הצצה נדירה לשוק הנדל""ן הכי יוקרתי (והכי עתיק) בישראל: העיר העתיקה בירושלים. דירות בסכומי עתק, ביקוש גבוה, ונוף לכותל מהסלון   @חיים גולדיטש ",55,149946,6690,32,271,38,245
7587036907666705684,2025-12-23,Video,20 מ״מ בפחות משעה: כמויות גשם כבדות שירדו בפרק זמן קצר גרמו להצפות של רחובות שלמים בנתניה ולחסימה כמעט של נתיבים שלמים בכביש החוף (אורלי אלקלעי) 📸: לפי סעיף 27א לחוק זכויות יוצרים,39,492566,15165,270,3439,1296,622
7587023390788160769,2025-12-23,Video,"גרטה נע3רה? כלי תקשורת מדווחים כי משטרת לונדון ע3רה את פעילת האקלים אחרי שנשאה שלט ובו הביעה תמיכה ב""פלסטיין אקשן"" - ארגון פרו-פלסטיני שהוצא מהחוק בבריטניה @ramelibrandts",32,229639,10910,160,525,50,324
7586798082935868673,2025-12-23,Video,לא הייתם רוצים גם חבר מיליארדר שיקנה לכם אולפן חדשות? (יואב זהבי),457,26364,644,26,11,3,36
7586797066014215440,2025-12-23,Video,ירושלים של נדל״ן: הצצה לכמה מהדירות הכי יקרות בארץ @haimgoldich,354,525549,19610,150,2648,938,1116
7586796890562350337,2025-12-23,Video,מה יכול להסביר את הטירוף היפני שהשתלט על ישראל בזמן האחרון? כאן ביפן | פרק 1 @ittaishick  (קרן זוהר),646,271764,10417,74,1879,531,939
7586796405486849301,2025-12-22,Video,ומה אתם הייתם עושים אם זה היה קורה בארץ? (עופר חלפון),203,438424,28503,802,14667,553,1972
7586656704603983120,2025-12-22,Video,"""כמו בחו""ל"": כתבת כאן חדשות הגיעה לקניון הגדול ברמאללה (אנסטסיה סטוקנוב)",49,843687,23027,341,4844,1253,2028
7586409299094686977,2025-12-21,Video,"פאינה הסדרנית כבשה את הרשתות כשרקדה בקהל של אחד ממופעי החנוכה לילדים - עכשיו היא מתרגלת לתהילה ומחפשת לה ""כוכב גדול מתל אביב"" @mayarachlin 📷: באדיבות משגב עורי וסולן הפקות",90,843745,52354,1069,11289,2146,2849
7586404403268177168,2025-12-21,Video,"דיור, שאנל וטומי הילפיגר: ביקור בקניון הכי גדול בגדה @anastasia.stu7",407,1687607,70755,1714,23718,4022,7257
7586357303176088833,2025-12-21,Video,"""כולנו בני אדם"": שבוע אחרי הפיג!ע בסידני, גיסו של אחד הנר3חים הגיע להודות לאחמד הגיבור שהסתער על המhבל. ""בסך הכול הלכתי להסתפר - אבל אלוהים שלח אותי להציל חיים"", סיפר אחמד לרב 🙏 (רועי קייס)",26,165323,4248,210,269,96,298
7586356372460047633,2025-12-21,Video,איך עובד הקמפיין השקרי שמעודד אנטישמיות ואלימ!ת נגד יהודים? (איילה חסון),741,78826,3408,16,68,25,163
7586313195791437057,2025-12-21,Video,"ללא מילים: בזמן שכוחות ההצלה מטפלים בשוהה בלתי חוקי שטיפס על גדר ההפרדה באזור עטרות ונפל - שב""ח נוסף משתלשל מהגדר לשטח ישראל 🤦🏻‍♀️ (ורד פלמן)",6,1701529,21017,275,2204,468,1075
7586303913050066193,2025-12-21,Video,"ראש ממשלת אוסטרליה הגיע להדלקת נר במוקד הפיגוע בסידני והתקבל במחאה חריפה שגרמה לו לבטל את נאומו. שבוע לאחר המקרה הקשה בבונדיי ביץ', הקהילה המקומית דורשת תשובות וחקירה רשמית (רם ברנדייס)",28,114056,4628,29,32,3,88
7586034365117861127,2025-12-20,Video,הטריליונר הראשון בהיסטוריה? אילון מאסק מתכנן להחליף את ויקיפדיה  (עמית ולדמן),398,475440,24223,126,748,103,1344
7586033559115287815,2025-12-20,Video,"""הריביירה של המזרח התיכון"": תוכנית טראמפ בעזה נחשפת  (נתן גוטמן)",124,355889,10090,161,470,149,613
7585985119165418759,2025-12-20,Video,"""כן, הרובוטים יוכלו להשתלט על העולם"": הרובוט שימי, שמככב בימים אלו בפסטיגל, ופרופ' אמיר שפירא מאוניברסיטת בן גוריון עונים על השאלה שמדאיגה את כולנו (איתמר מאירי)",28,73374,2558,33,170,29,147
7586009002954247432,2025-12-20,Video,"סניף של גלידריית אוטלו בהרצליה הושחת בסוף השבוע. החשד: ""נקמה על כך שהסניף פתוח בשבת"" (אנה פינס)",39,126599,3277,133,252,44,102
7585941197584174356,2025-12-20,Video,30 שנות קריירה לצד פרשות וחקירות - מבט על הדרך הסוערת שעבר אייל גולן מהפריצה ועד היום  (ורד פלמן),271,853415,38785,1725,2867,259,2689
7585951439445445906,2025-12-20,Video,"ליברמן חושף: ""יאיר גולן תמיד היה מאגף אותי מימין ואומר: 'להפציץ, למחוק להשמיד'"" - וקורא לבני גנץ לפרוש מהפוליטיקה (מואב ורדי)",24,101916,2436,130,289,130,150
7585867344333786388,2025-12-20,Video,"ינאי, הבעלים של הפועל תל אביב משחזר את הרגע שבו הותקף במהלך משחק של הקבוצה ביוון. התוקף קילל וסימן לעבר הכיפה שלו, אך ינאי סירב להצניע את זהותו: ""אמרו לי תוריד את הכיפה, אמרתי זה לא אני... שהם יתמודדו"".  התוקף נעצר באופן מיידי, מנויו בוטל והוא הורחק מהאצטדיון לכל החיים",49,171786,7247,77,353,57,219
7585690203440942352,2025-12-20,Video,"דבורה קורקוס נרצחה בחניה מול ילדיה, בעלה טל נשרף בעודו בחיים ואלישע סבח חוסל ביריות מטווח אפס. מאחורי שלושת מעשי הרצח המבעיתים האלו עמד יניב זגורי, העבריין מבאר שבע שיצא למסע נקמה אכזרי - השבוע הוא הורשע",1092,972700,25806,163,3806,1510,3277
7585508117291486480,2025-12-19,Video,"דיווחים מפוברקים הסעירו מדינה שלמה, הגיעו ליותר מ-13 מיליון איש, ביניהם אפילו הנשיא מקרון (יואב זהבי)",141,41466,637,21,17,4,34
7585496511086169360,2025-12-19,Video,דוקו חדש חושף את טיילור סוויפט כמו שעוד לא ראינו - ומה הקשר לישראל שהרגיז מעריצים בכל העולם? @amitharari,285,52321,1971,34,87,16,127
7585494081434963201,2025-12-19,Video,"הגשם הגיע אפילו לדובאי המדברית והצחיחה, והציף את הרחובות (גיא מעיין)",27,414437,8613,132,2260,949,470
7585473731598847248,2025-12-19,Video,"״אמרתי להם תחזרו אחרי, ואמרנו שמע ישראל ביחד״: חיה דדון התגלתה כגיבורה בזירת הפיג!ע בחוף בונדי, כשסוככה בגופה על ילדים קטנים. ועדיין, היא תעדיף שלא תקראו לה ככה צילום: רויטרס",37,129342,13451,104,128,21,350
7585351127797976340,2025-12-19,Video,תייגו חבר עם פחד גבהים 🫢 (ריאד עלי),506,175505,9051,78,321,24,420
7585297765945609492,2025-12-18,Video,"טאיסיה מגיבה בריאיון בלעדי לתלונה החדשה נגד אייל גולן: ""זה דפוס שיטתי שלו. מחזקת את המתלוננת, שלא תוותר"" (ורד פלמן)",74,471433,22764,565,1577,156,1236
7585260700323417365,2025-12-18,Video,"התיעוד שבלשכת נתניהו לא רצו שתראו אלי פלדשטיין נחשף בלב הבור בקריה לצד נתניהו ומפקד חיל האוויר, רק שלושה חודשים לפני המעצר הדרמטי. הסרטון מוכיח את הקרבה של פלדשטיין לנתניהו ואת הגישה שקיבל למקומות המאובטחים ביותר, בניגוד לטענות נתניהו כי לא היה עובד הלשכה (מיכאל שמש)",21,64646,1131,13,104,17,80
7585128944253275408,2025-12-18,Video,משלחת ללב האדמה: אוצר הטבע הנדיר שהתגלה לגמרי במקרה (אלון שרביט),545,73156,1148,36,104,41,90
7585221375845993748,2025-12-18,Video,"כובש את הבמה הגדולה במדינה⭐ דניאל נזרי רק בן 13, וכבר מגשים את החלום של כל ילד ישראלי - הוא עולה על הבמה הגדולה בארץ בתפקיד הראשי של הפסטיגל, לצד האמנים עליהם גדל. למרות מגבלת ההליכה, דניאל מוכיח שכישרון ענק וכוח רצון חזק יותר מכל אתגר: ""זה חלום של כל ילד ואני הצלחתי להגיע לשם ועוד בתפקיד הראשי שזה מטורף""",44,296088,16593,244,806,69,591
7585128310301003024,2025-12-18,Video,אחרי שנמנעה מתקשורת כמה שיכלה במשך שנים: סרט תיעודי חדש על אשת הנשיא מלאניה (נתן גוטמן),139,25351,628,9,28,9,53
7585194563195669761,2025-12-18,Video,"גברת, לשים לך קצת חריף בסופגניה? @sharondavidovitch  #רולדין #סופגניות #בריאות #חנוכה #חגשמח",23,44678,934,25,57,12,43
7585143607980559633,2025-12-18,Video,ניסיון חטיפה בבאר שבע מקושר לפרשת היימנוט - האם סוף סוף נגלה מה קרה בצפת? @nofar_moshe_ferdo,266,348653,10700,56,514,145,568
7585121529273404689,2025-12-18,Video,סעודיה התכסתה לבן ונהרות באיראן נצבעו אדום: חורף חריג בעולם הערבי @anastasia.stu7,152,297948,5888,122,690,254,411
7585116734504373521,2025-12-18,Video,"57 ילדים נחטפו מאז קום המדינה, לא לכולם היה סוף טוב 😢 (אורי לוי)",290,529165,24670,115,689,119,1359
7585110030274317585,2025-12-18,Video,"חוגגים מבלי לשער מה יקרה: בתיעוד חדש שנחשף היום נראים מתילדה בריטואן והרב אלי שלנגר ז״ל בחגיגות חנוכה בחוף בונדי בסידני, שעות ספורות לפני שהמחבל*ם פצחו באש ור3חו את שניהם (איתמר מרגלית) צילום: AP",34,245989,17217,384,160,20,464
7584813328392785169,2025-12-17,Video,כפר סבא כבר לא רחוקה מהחזית. האיום הרקטי שמתפתח ביהודה ושומרון #שובר_חומות @elior_levy,341,433071,11666,148,2792,506,981
7584571795060165889,2025-12-16,Video,"אחרי העימות בין אוהדי הפועל תל אביב למשטרה, בדקנו אילו חולצות עם מסרים פוליטיים עוברות את הבידוק באצטדיונים ואילו נעצרות בשערים @roiyanovsky",349,307463,14733,358,1122,305,853
7584540373012221185,2025-12-16,Video,"בר מצווה בלב פיגוע: במרחק פחות ממאה מטרים מהי!רים שביצעו את הפיג!ע בחוף בונדי בסידני, הבר מצווה של זכי נאלצה להיפסק בדיוק באמצע ריקודי ההורה. ""יכולתי לשמוע את הנשק נטען, זה היה כל כך קרוב"" @itsikzuarets",33,264571,17376,54,216,27,539
7584512227005287696,2025-12-16,Video,"השוק בקרית שמונה נפתח פעם בשבוע, אז מה הפלא ששולי הבאסטיונר רק מחכה להזדמנות לעזוב גם הוא את העיר? (ישראל רוזנר)",19,226974,7677,119,469,191,217
7584489253350984977,2025-12-16,Video,"⁨ אירוע חריג ומטריד באשקלון 👇 אתמול אדם עצר את הרכב מול ילדים, הוציא מהחלון קנה של ר1בה צעצוע והחל ליר!ת כדורי פלסטיק לעבר הפעוטות, בזמן שהוא מצלם את המעשה. ההורים מזועזעים (אסף פוזיילוב)",32,796678,33570,856,5834,1146,1986
7584470371902983440,2025-12-16,Video,"הקיצון כבר לא בשוליים: כך נאו-נאצים מדברים לדור הצעיר ומשנים את השיח בארה""ב (יואב זהבי) #סיפור_עולמי",449,483317,24841,583,1859,402,1821
7584457193471102228,2025-12-16,Video,"המשטרה תעצור גם חולצת ""כהנא 3דק"" בכניסה לאיצטדיון? או שהאיסור להיכנס עם סממנים מעוררי אלימ!ת תקף רק על חולצות של הפועל? מבחן החולצה במגרש | הערב בכאן חדשות",11,392935,13302,414,508,70,470
7584405289244544276,2025-12-16,Video,הטרגדיה שמטלטלת את עולם התרבות: הבמאי רוב ריינר ואשתו מישל זינגר נרצחו בביתם בלוס אנג'לס. החשוד ברצח הוא בנם - שסיפר בעבר על התמכרותו לסמים @amitharari,280,38880,1054,8,15,4,38
7584370196400459029,2025-12-16,Video,גל האנטישמי!ת ברחבי העולם נמשך? נוסעים יהודים שחזרו מאירוע הדלקת נרות חנוכה במנהטן ה!תקפו פיזית ומילולית בשל יהודתם (איתמר מרגלית),17,2388317,75517,5986,5933,1113,4922
7584361615772945684,2025-12-16,Video,"פרחים, נרות ומכתבי ""סליחה"": כתבנו באוסטרליה @itsikzuarets מדווח מהאנדרטה שהוקמה לזכר הנרצחים בטבח בסידני",63,90226,2877,47,32,8,105
7584219799878700304,2025-12-16,Video,החשוד בר3ח הבמאי רוב ריינר ואשתו מישל - הוא בנם: הטרגדיה שמזעזעת את עולם התרבות @amitharari,280,77669,2859,26,56,20,94
7584220626332699921,2025-12-15,Video,החג שהסתיים בטרגדיה: אוסטרליה מתאבלת על נר3חי הפיג!ע בחגיגות החנוכה בסידני (מואב ורדי),342,226075,24354,220,79,7,409
7584086233337433365,2025-12-15,Video,"בין הדמעות לתפילות💔 שליח חב""ד, הרב לוי וולף והקהילה המקומית בסידני בשירת 'עושה שלום' בהדלקת נר שני - על רקע מאות זרי האבל שנערמו בבית הכנסת המרכזי",33,65679,4840,105,100,33,135
7584085659355270408,2025-12-15,Photo,הפנים והשמות: קורבנות הירי בסידני שהותרו לפרסום,0,222453,12547,514,146,30,420
7583812210477124881,2025-12-15,Video,"פיצה ב-30 ש״ח, ברד ״מגניב״ ב-25: המחירים במזנון הפסטיגל עלו בין 10-20% בממוצע - וההורים זועמים",196,313114,18985,227,904,202,632
7583831506414570772,2025-12-14,Video,"""בזמן שביקשתי מבורא מעולם להעביר לאורי כוחות - הוא עשה בדיוק את אותו דבר "": הרב אלחנן דנינו, אביו של אורי ז""ל שנר3ח בשבי, מספר על התיעוד של בנו מדליק נרות חנוכה במנהרות",87,58998,3162,84,95,44,82
7583810896254848272,2025-12-14,Video,נכנסים לכיס של משפחת בן ארוש כדי להבין: איך משפחה ישראלית סוגרת את החודש? @lielkyzer1,326,928910,54916,682,3525,924,3159
7583806941042969874,2025-12-14,Photo,מאה מיליון העוקבים של גל גדות באינסטגרם ייחשפו לזוועות (דורית אסרף מזרחי) 📸: AP,0,75596,5215,81,14,4,98
7583787257849548053,2025-12-14,Video,"""זו הייתה התקפה אנטישמית לחלוטין"": נשיא ארה""ב מתייחס לפיג!ע ההמוני באוסטרליה ומתייצב לצד הקהילה היהודית (איתמר וישנקו)",16,620543,52005,276,685,75,1420
7583763465248967943,2025-12-14,Photo,"מעזה ועד החרמון, מלבנון ועד השומרון: כך נראתה הדלקת נרות חנוכה של לוחמי צה""ל @menashecarmela @rubih  📸: עופר רענן, דובר צה""ל",0,106834,10132,89,161,47,272
7583733295872085268,2025-12-14,Video,"מחושך לאור: שגב כלפון מציין נר ראשון של חנוכה בכותל המערבי עם אביו, הרב הראשי לישראל, ראש עיריית ירושלים ורב הכותל @haimgoldich",14,119230,9211,79,176,66,199
7583666645504216341,2025-12-14,Video,"תיעוד דרמטי: אזרח משתלט בידיים על חשופות על היורה באירוע חנוכה בחוף בסידני גורמי ההצלה פינו 16 פצועים בינתיים והחשודים נעצרו, בינתיים מדווח על לפחות 10 נרצחים באירוע",28,6846964,95430,923,4508,1033,4778
7583451000753671440,2025-12-14,Video,איך הפך חנוכה לחג נס פך השומן טראנס? (עופר חלפון),459,79996,2945,43,76,18,123
7583451458268302593,2025-12-13,Video,אלפים שהגיעו לראות את מסי בביקורו בהודו - ושילמו ממיטב כספם התאכזבו לאחר שכוכב הכדורגל ירד מהמגרש לאחר דקות ספורות @yoavborowitz,174,170627,4846,59,356,78,226
7583349493936950545,2025-12-13,Video,משלחת ענקית של 70 ישראלים פירקה את אליפות אירופה בנינג'ה וחזרה עם ערימות של מדליות. איך הפכנו לאלופים והאם הזהב האולימפי בדרך?🏆 (יובל אגסי),596,487035,16420,73,435,94,583
7583384857523293441,2025-12-13,Video,"אוהדי הפועל תל אביב שהגיעו למשחק החוץ נגד עירוני קרית שמונה בנתניה נדרשו על ידי המשטרה והמאבטחים להראות מה החולצה שהם לובשים מתחת לבגדים העליונים על מנת להיכנס למגרש. כזכור, בשבוע שעבר אלפי אוהדי הפועל החרימו את המשחק נגד הפועל פתח תקווה לאחר ששוטרים הרחיקו אוהדים שלבשו חולצה עם סימון כנגד המשטרה @yoavborowitz",25,370104,14581,178,860,137,466
7583349093745904912,2025-12-13,Video,"עשרות שנים של מרדף בחצי עולם הסתיימו בהרשעה. מני וקס לא ויתר לרב שפגע בו מ*נית כילד, התעמת איתו פנים מול פנים - והשבוע סוף סוף זכה לראות אותו מורשע בבית המשפט (יובל אגסי)",331,342963,19647,80,273,70,850
7583348161498844417,2025-12-13,Video,"סופ""ש סוער ומסוכן: בזמן שבירושלים אותרה גופת גבר בשלולית, בירקון נמשכים המאמצים לאתר את בן ה-19 שנעדר. הכל על נזקי הסערה (אסף פוזיילוב)",200,20991,361,5,9,3,22
7583342244044770577,2025-12-13,Video,"בלי טלפונים בבית ספר? הנוער אומר: הבעיה במקום אחר 🤯 בזמן שבמשרד החינוך מתמקדים באיסורים, אורן להב ויו""ר מועצת התלמידים דרור כהן מציעים להתמקד דווקא בחינוך ובטיפול בבריונות ברשת. לדעתם, החרמת הסמארטפונים היא לא פתרון קסם לבעיות האמיתיות, בטח שלא לטווח הארוך Tamar Almog Levy יפעת גליק⁩⁩",73,106395,4346,51,200,15,170
7582711943975243024,2025-12-13,Video,חולם על אולימפיאדה: כשאמיתי איבד את שתי הרגליים בעזה הוא חשב שהכל נגמר. ואז הוא גילה את הטניס (יפעת עמיאל),65,60170,1256,16,3,1,29
7583097203359632660,2025-12-12,Video,ביירון הכתה בישראל - וגבתה מחירים כבדים (אסף פוזיילוב),200,236796,10823,58,385,46,318
7583084481028869397,2025-12-12,Video,"המשטרה בגרמניה חוקרת חשד להסתה מצד אוהדי מכבי ת״א - הכוונה היא לא רק לקריאות אתמול במשחק של הקבוצה נגד שטוטגרט: ״תנו לצה״ל לנצח ול***ן את הערבים״, אלא גם ל-״שיר האונס״ ששרו מאות אוהדי מכבי לפני המשחק  ""שיר האונס"" מושר בדרך כלל נגד אוהדי הפועל יושבי שער 5 בבלומפילד, אלא שמשטרת שטוטגרט מגלה עניין במלים המסיתות שמשולבות בו. (דב גיל-הר)",43,300559,12736,132,901,162,580
7582950077577071889,2025-12-12,Video,תושבי כפר הנשיא מסתגרים בבתים בגלל ירי ביישוב בדואי סמוך (רובי המרשלג),145,636536,14029,361,2583,866,1216
7582940762673794320,2025-12-12,Video,אייפונים בסופר זו רק ההתחלה?! (אנה פינס),519,467014,16901,208,2645,991,2466
7582938821487004929,2025-12-12,Video,איש השנה של מגזין טיים הוא... בינה מלאכותית?! (איתי שיקמן),214,24525,471,1,12,0,16
7582934588578614529,2025-12-12,Video,רועי אובחן בניוון שרירים - אבל זה ממש לא מונע ממנו לרקוד בכיסא הגלגלים במסיבות טבע עם אהובתו שרון ❤️ (יפעת עמיאל),44,47448,1346,24,56,15,53
7582876126863969557,2025-12-12,Video,"פלסטיני התחזה לישראלי - וניסה להבריח שני שב""חים לישראל בתא המטען. לוחמי מג""ב במחסום חיזמה תפסו אותו, אתמול הוגש נגדו כתב אישום  (ורד פלמן) 📸: דוברות המשטרה",6,618239,18020,100,1948,121,712
7582870824483425556,2025-12-12,Video,"לילה סוער בדרום: כמויות גשם חריגות גרמו להצפות באשקלון, שישה בני אדם שנלכדו בבתיהם חולצו ממושב בית שקמה הסמוך ופונו לבתי חולים  @איציק זוארץ Itsik Zuarets ",20,400225,18729,162,2376,497,842
7582709479368674561,2025-12-12,Video,"מהפכה בבתי הספר היסודיים: שר החינוך הודיע כי החל מפברואר הקרוב ייאסר השימוש בטלפונים ניידים בבתי הספר. לא בשיעור, וגם לא בהפסקות (לירן כוג'הינוף)",239,456608,16843,807,2565,615,1005
7582707498025602321,2025-12-11,Video,נתפס על חם - ומשתחרר 🚔 איך בכיר בארגון פשע חוזר לרחוב דקה אחרי מרדף משטרתי דרמטי? הקלטות הקשר נחשפות ומגלות את הכשלים המערכתיים שמאפשרים לזה לקרות (שלי טפיירו),257,1079232,21279,16,3641,1356,2914
7582707102016212241,2025-12-11,Video,קים קרדשיאן ומילה קוניס ממליצות: קרן ברטוב לא מפסיקה להתרגש בכל פעם שכוכבת מפורסמת ממליצה עליה. ומה הטיפ שלה לשקיות מתחת לעיניים של המגיש שלנו? @sharondavidovitch,50,186360,11171,17,312,42,495
7582635675913096464,2025-12-11,Video,"הונאת המיליונים של ג'וני ביטקוין: הוא נוהג ברכבי יוקרה, משדר חיים נוצצים ומבטיח ש""גם אתם יכולים"". אבל הפער בית הפנטזיה למציאות גדול מידי. (דניאל אלעזר)",76,975344,33833,510,4233,1236,3000
7582628899209628945,2025-12-11,Video,"נרות חנוכה עמוק במנהרות: תיעוד חדש של ששת החטופים שנר3חו כרמל גת, עדן ירושלמי, הירש גולדברג-פולין, אלכסנדר לובנוב, אלמוג סרוסי ורס״ר אורי דנינו מראה אותם מדליקים ביחד נרות חנוכה ושרים את שירי החג, גם עמוק מתחת לאדמה. השישה נר3חו בחודש אוגוסט 2024 בידי מחבלי חמאס",73,82591,4323,111,132,36,162
7582596384814026000,2025-12-11,Video,סופת ביירון בשיאה והנזקים כבר כאן ⛈️,42,770505,28622,429,5861,1697,1440
7582250949960387861,2025-12-10,Video,מאות לוחמי קומנדו פעלו 25 מטר מתחת לאדמה במשך שנה וחצי בניסיון לאתר את הדר גולדין - הצצה נדירה למה שהתרחש מתחת לרפיח. (איתי בלומנטל),459,623844,22251,198,538,145,930
7582277943179611412,2025-12-10,Video,"עד כמה שרה נתניהו מעורבת בזירה הפוליטית? יעקב ברדוגו: ״מיכל הרצוג מעורבת פי מיליון בחייו של הנשיא, למה על זה לא כותבים?״ פגישה עם רוני קובן, מוצ""ש בכאן 11",38,265758,8812,454,432,177,278
7582247351348268309,2025-12-10,Video,"לגו כמעט קרסה, הילדים איבדו עניין, והחברה דיווחה על אובדן דרך. אבל מהלך אחד מבריק הצית מחדש את הטירוף. היום אלפי מבוגרים משקיעים סכומים גדולים בדגמים נדירים (עופר חלפון)",514,410080,27188,165,1587,420,1189
7582276597286259989,2025-12-10,Video,מסיבות טראנס - אהלן וסהלן. שלום עם ישראל - פחות. ממה בן סלמאן מפחד?@roikais1987 #בשכונה_שלנו,456,337978,9708,80,331,147,787
7582246818394705172,2025-12-10,Video,"""טקסי גו"" - אפליקציית מוניות חדשה, מאיימת לערער את השליטה של גט בשוק המוניות. האם זוהתחרות שכולם חיכו לה? כתבתה של  (נעם גולדברג)",223,390652,13275,157,1147,558,766
7582253516106796305,2025-12-10,Video,"צעיר שנתפס בנתב""ג עם אלפי גרמים של קטמין מספר בחקירה איך חובות ואיומים דחפו אותו להפוך ל""קוף"" של העבריינים (שלי טפיירו)",264,523790,15991,141,1350,352,958
7582249656726539541,2025-12-10,Video,"ליאור וילצ'ינסקי, מקימת ""חשבונית ירוקה"", עלתה לארץ כנערה מבלארוס והתמודדה עם קשיים. לאחרונה היא מכרה את החברה שלה ב-150 מיליון דולר: ""אין חרדה יותר""  (יפעת עמיאל)",47,280703,14013,128,644,196,630
7582243651674508565,2025-12-10,Video,ליאור וילצ'ינסקי עלתה מברית המועצות כנערה בלי הרבה הזדמנויות - עד שהקימה חברה ועשתה אקזיט במאות מיליונים.  (יפעת עמיאל),585,395533,16348,158,1134,446,1070
7582200482962132244,2025-12-10,Video,"""החטוף הישראלי האחרון בעזה"": תמונתו של רן גואילי בטיימס-סקוור בניו יורק ❤️‍🩹 (גילי כהן)  📸: משרד החוץ",14,184279,17017,82,77,11,253
7581947658034564359,2025-12-09,Photo,יספיקו להתאושש עד המשחק בשבת? (ליאן וילדאו) 📸: אורן בן חקון,0,75552,1517,25,147,43,60
7581938635323362581,2025-12-09,Video,"אסון בטנריף: גל סחף מתרחצים מהבריכה לים - ארבעה נהרגו. לדברי מקומיים, המתרחצים התעלמו משלטי האזהרה ומהגדרות שהוצבו כדי למנוע כניסה לבריכה בשל תנאי מזג האוויר (ישי בר יוסף)",17,523785,13173,120,402,82,465
7581914555928808720,2025-12-09,Video,"עד 150 מ""מ גשם בשלושה ימים: שרון וכסלר מכינה אתכם לסערה (שרון וכסלר)",60,649946,24762,330,2509,677,1181
7581804819921276176,2025-12-09,Video,"קראתם נכון. אבל איך הוא הגיע לשם, ומה עושה לגבי זה הממשלה הבלגית? (דב גיל-הר)",178,326626,10183,234,367,83,442
7581803861480967440,2025-12-09,Video,השקשוקה הכי טובה בעולם? ספר הבישול הטוב של השנה בתחרות בינלאומית הוא דווקא על ארוחות בוקר ישראליות של השף תום פרנץ @yoavborowitz,262,48630,1469,26,43,12,92
7581846314904816913,2025-12-09,Video,"שיא החמידות: 2397 כלבי גולדן רטריבר ובעליהם התאספו בפרק בבואנוס איירס כדי לשבור את שיא העולם במספר הכלבים הגדול ביותר מהגזע הזהוב במקום אחד. השיא הקודם, שהיו צריכים לשבור, היה של 1,685 כלבים שהוחזק בקנדה. עכשיו מארגני האירוע רק מחכים לאישור רשמי שהשיא נרשם @ramelibrandts 📸: AP",21,104581,6713,61,1296,190,259
7581802809444584720,2025-12-09,Video,הייטקיסטים יקבלו גם רפואה טובה יותר מעכשיו? @ittaishickman2,369,247278,11985,216,2118,673,697
7581782793273789713,2025-12-09,Video,מה עושה הדיקטטור של סוריה עם כל הזמן הפנוי שיש לו עכשיו בסוריה? @roikais1987 (דב גיל-הר),436,418764,8208,140,272,67,688
7581781741749194000,2025-12-09,Video,"אמיתי חזר מהטיול הגדול יום לפני שבעה באוקטובר, והתגייס מיד. אבל זה שאיבד את שתי הרגליים לא אומר שהוא מתכוון להפסיק לזוז (יפעת עמיאל)",783,106730,4917,136,62,26,108
7581222988679286033,2025-12-08,Video,הכירו את שיטת וולט,692,357360,13819,252,976,287,779
7581224695509388545,2025-12-08,Video,בקרוב: הדרך החדשה למדוד את המהירות שלכם בכבישים,182,789832,25023,631,8959,3042,2172
7581248785691479317,2025-12-07,Video,"העדות של רום מול חברי מפלגת השלטון באיטליה שורד השבי רום ברסלבסקי תיאר פרטים מחרידים מרגעי חטיפתו ב-7 באוקטובר. ""ראיתי נשים צעירות ויפיפיות מחוררות בכדורים"", סיפר רום במהלך כנס של מפלגת ""האחים של איטליה"" - מפלגתה של ראש הממשלה ג'ורג'יה מלוני. ""נשים, מבוגרים וילדים קטנים נטבחו רק כי היו ישראלים ויהודים"", אמר רום. הוא תיאר את הנזק הנפשי הכבד שנגרם לו בעקבות השבי. הוא זכה בתום דבריו לתשואות לאחר שקרא לחברי המפלגה להמשיך בתמיכתם - ""אני מבקש מכם, אנשים יקרים, להמשיך בעבודה הטובה שאתם עושים למען הצדק""",36,50368,2457,47,42,15,80
7581219499970710805,2025-12-07,Video,חמאס עצר את הסוחר הכי גדול ברצועת עזה,185,328001,7853,97,267,88,467
7581130184217218321,2025-12-07,Video,המלחמה של טראמפ בהברחות מסתבכת: הקונגרס פתח בחקירה בעקבות תקיפה של ספינה בים הקריבי (יואב זהבי),599,39514,724,11,5,1,32
7581127941376068865,2025-12-07,Video,"תומכי נתניהו שדווקא מתנגדים לחנינה: ״רוצים נקמה, התביעה קרעה את המדינה״ (איילה חסון)",599,137577,3576,163,201,79,215
7581126257736174855,2025-12-07,Video,הונאת המיליונים של ג׳וני ביטקוין  (דניאל אלעזר),599,288647,6974,324,3032,1195,980
7581077950183853328,2025-12-07,Video,"""תודה שאני מגיש תלונה במשטרה - ולא נמצא במנהרות"": שורד השבי בר קופרשטיין שחזר לישראל לפני כחודשיים שיתף שפרצו לו הבוקר לרכב וגנבו לו את הטלפון @yaelciec",38,1012989,85725,702,1988,247,2268
7580857365767949588,2025-12-06,Video,"אברך שנעצר על עריקות ושוחרר סיפר לזקן מועצת חכמי התורה של ש""ס על הקשיים שחווה בבית הכלא הצבאי. הרב השיב לו: ""מהרגע שעצרו את בחור הישיבה הראשון ושמו אותו בכלא אני לא ישן, יש כאן גזרה קשה משמיים""  @yaara.shapira",11,87985,2117,123,96,22,98
7580826529798589717,2025-12-06,Video,"⚠️ טריגר - תיאורי אל*מות קשים ⚠️ ""פסיכופת, מניפולטיבי וקר רוח"": השוטרים שחקרו את אורן דנן, @דופיל מורשע שר@ח את שירלי יהודה ז""ל, חוזרים לחקירה המצמררת  (אנה פינס)",61,324683,14671,192,533,121,831
7580816088175250705,2025-12-06,Video,אין כניסה או יציאה מאילת בעקבות השיטפונות הכבדים בדרום  @itsikzuarets,195,679595,23841,341,4180,1404,1071
7580776061529541908,2025-12-06,Video,"אדל, תלמידת חטיבת ביניים מאשקלון, חושפת באומץ את ההתמודדות עם מחשבות אובדניות בעקבות חרם ואלימות שהיא עוברת בבית הספר @liran_kogahinoff ",42,339585,16419,454,780,178,1065
7580774516016598292,2025-12-06,Video,יהיה משחק? ברד יורד בשעה זו בנוף הגליל - שם אמור להתקיים הערב משחק כדורגל בין מכבי בני ריינה לבני סכנין  (ליאן וילדאו)  📸: שלום אלבז יחסי ציבור,14,749202,21278,182,3430,1094,876
7580762909710568724,2025-12-06,Video,"""הוא לא חי במציאות"": שורד השבי הישאם א-סייד, מתמודד נפש ששהה בעזה כעשור, לא זוכר דבר מהתקופה הזאת - ""הבן שלי חזר חי מעזה, אבל אני לא יודע מה הוא עבר"" (ערן זינגר)",55,806092,33402,226,780,141,1533
7580742055392005397,2025-12-06,Video,"הגשם הגיע - ואיתו השיטפונות: כביש 90 הוצף באזור נאות הכיכר שבערבה (שרון וכסלר, איציק זוארץ) 📸: נגה גיבורי, חי צומברג, נעה גורדון - רשות הטבע והגנים",48,377985,9641,71,1815,780,312
7580706971637075221,2025-12-06,Video,"בת ים על הכוונת של איראן? ""פנו אליי, שאלתי אותם אם יש גונדי"" (יעל צ'כנובר)",31,760234,42721,601,2288,250,1728
7580682328658169109,2025-12-06,Video,"מגוף שאמור לעזור לפלסטינים - לגוף שעובדיו חטפו ישראלים ב-7 באוקטובר: מה הסיפור של אונר""א? (איטה גליקסברג)",925,86374,3143,29,79,27,203
7580504908328127761,2025-12-06,Video,"""בשביל כסף"": חייל צה""ל מואשם שפעל עבור איראן (שלי טפיירו)",286,541124,17295,411,1666,362,1096
7580506615778938113,2025-12-05,Video,סופית: ישראל בדרך לאירוויזיון 2026 בווינה! 🇮🇱 (דורית אסרף-מזרחי),213,139209,5948,64,66,29,201
7580436085524794642,2025-12-05,Photo,"⁨	""זה כבוד מהגדולים שקיבלתי בחיי"": טראמפ זכה בפרס לשלום של פיפ""א (נתן גוטמן) 📷: AP⁩",0,32320,448,2,12,0,7
7580388160635489552,2025-12-05,Video,"""בית הספר הוא הסיוט הכי גדול שלי"" ❤️‍🩹 @liran_kogahinoff",218,725278,48471,1227,4077,675,3027
7580386369860570385,2025-12-05,Video,"איך נראה האי של ג'פרי אפשטיין מבפנים, ולמה הייתה שם מרפאת שיניים? (נתן גוטמן)",134,651341,18339,289,1994,328,1655
7580311650423606536,2025-12-05,Video,"החוקים של האירוויזיון השתנו קצת השנה, ולשופטים מהמדינות יהיה משקל יותר גדול על פני הקהל בבית, מה שעלול לפגוע בסיכויים שלנו באירוויזיון 2026. מה ה-נציגה חושבת על השינויים? 🧡 #אירוויזיון #יובלרפאל #eurovision #מיוזיקטוק ",50,24776,1424,63,44,6,110
7580108823512321301,2025-12-04,Video,"ישראל תשתתף באירוויזיון - אבל האם גל הפרישות יוביל לתחרות קטנה במיוחד השנה? אז זהו, שלא  @Amit Harari  📸: AP",60,141086,7966,109,156,30,344
7580059021999131924,2025-12-04,Photo,"אחרי הצבעה דרמטית, הניסיון להעלות את הדחת ישראל מהאירוויזיון באיחוד השידור האירופי נכשל, וישראל תשתתף ללא בעיה באירוויזיון 2026 בווינה. הולנד וספרד כבר הודיעו בתגובה על פרישתן הרשמית מהתחרות",0,81360,2359,79,49,17,81
7580032897352994069,2025-12-04,Video,התמונות שטל מוסרי לא ישכח: המעריצים שהצטלם איתם כשהיו ילדים - ונפלו במלחמה @amitharari,55,307262,32781,255,917,63,1326
7580004571246791956,2025-12-04,Video,"מזמינים תוספי תזונה מאתרים בחו""ל? יש מצב שזה מסוכן (נוב ראובני)",362,172778,3632,116,1004,326,646
7579974215856606465,2025-12-04,Video,"הליכודניקים, דור ההמשך: כמה משפחות נקרעו סביב הויכוח כן/לא ביבי סביב שולחן השבת? ברית הליכוד | פרק 2 (אלון שרביט)",47,116292,4695,24,327,59,190
7579759117993118993,2025-12-04,Video,רגע לפני שביצע פיג!ע: נער מהנגב שנשבע אמונים לדxעש - נעצר @itsikzuarets,149,753220,33272,186,2910,639,1596
7579669244724530452,2025-12-03,Video,"ארונו של חטוף חלל הועבר לידי ישראל, תושבי העוטף מקבלים את השיירה שמובילה אותו למכון לרפואה משפטית ❤️‍🩹🇮🇱 (איציק זוארץ) ",16,367072,17966,200,173,16,228
7579643399192546581,2025-12-03,Video,"ניו יורק: הכומר פיל פאניוף יצא מהארון כאישה טרנסג'נדרית - ""מפסיקה להעמיד פנים שאני גבר""  @Rambo ",13,266881,11729,309,971,74,484
7579639436019780884,2025-12-03,Video,"הייתם משלמים אלף ש״ח בשביל לילה של שינה רצופה? עוד ועוד הורים טריים שוכרים אחות לילה, שמטפלת בתינוק בלילות - בזמן שהם ישנים ללא הפרעה @liran_kogahinoff ",27,647223,24978,506,2588,758,1258
7579590684513013008,2025-12-03,Video,לוחמי 669 מסכמים שנתיים של אינספור חילוצים דרמטים @itayblumental1,557,516086,18532,126,697,214,1391
7579548206405717265,2025-12-03,Video,קונים או לא קונים?,231,541645,22390,254,2396,550,1128
7579543430137761025,2025-12-03,Video,"על רקע סערת חוק הגיוס: מפגינים חרדים מנעו מעצר של עריק חרדי 👇 כוח של משטרה צבאית הגיע אתמול בערב (שלישי) לעיר אופקים כדי לעצור עריק חרדי - המוני חרדים הוזעקו למקום באמצעות התרעת ""צבע שחור"" במטרה למנוע את המעצר. בעקבות מהומה שהתפתחה במקום נאלצו כוחות המשטרה הצבאית לשחרר את העריק. גורמים במשטרה הסבירו כי כוח של המשטרה הצבאית ביצע את המעצר ללא תיאום מוקדם עם משטרת ישראל ושלא בהתאם לנהלים",15,149245,4546,188,546,119,150
7579183191357967623,2025-12-02,Video,לולולמון בדרך החוצה? @דורית ,247,719040,31669,517,4690,1075,1600
7579265120619023624,2025-12-02,Video,"סיפור החטופים שממשיך להעסיק את טראמפ - ולא, זה לא קשור אלינו בכלל | סיפור עולמי (יואב זהבי)",447,71075,2012,19,96,34,134
7579182828613602568,2025-12-02,Video,שובו של ״הנסיך״: כך עזר העברי*ן מבפנים להפליל את קרוביו ממשפחת הפ₪ע (מיכל וסרמן),170,486917,9939,112,731,323,591
7579252614152441096,2025-12-02,Video,"כבר לא רק בחקלאות: עוד ועוד עסקים בישראל מקבלים אישור להעסיק עובדים זרים מתאילנד, והם לאט לאט מתאקלמים ולומדים את השפה, או לפחות את המילים החשובות לעבודה @nofar_moshe_ferdo ",47,171828,5140,42,214,82,173
7579182411544677639,2025-12-02,Video,"הבטיחו לנו מכוניות באוויר, בינתיים נסתפק בסירות (נתן גוטמן)",130,330290,10715,112,288,65,404
7579011018706210065,2025-12-02,Video,"תיעוד מיוחד: איך נראית פשיטה של צה""ל בלב רמאללה?",349,731882,20088,211,1587,390,1176
7579009397846854913,2025-12-02,Video,מתאילנד באהבה 🇹🇭,382,529420,20955,420,2462,1181,1058
7579012817043442961,2025-12-01,Video,המסמכים שחשפו את האמת,141,232932,11368,34,237,41,838
7578988962904018193,2025-12-01,Video,"""תחשבו על כל מי שנמצא בסבבים אינסופיים. חוק ההשתמטות פוגע בבטחון המדינה"". טור מיוחד של עמרי רונן",114,55975,2310,129,27,6,45
7578623438638566676,2025-12-01,Video,בין הרמיזות של טראמפ והתמיכה מהח״כים בבית המשפט: הדרך שהובילה לבקשת החנינה @yaara.shapira,221,175245,3309,170,55,16,128
7578622063833910549,2025-11-30,Video,הקרדשיאנז פינת טירת הכרמל (אורלי אלקלעי),191,447248,19578,106,1997,461,1634
7578536479509581072,2025-11-30,Video,יוסף חיים אוחנה חזר הביתה לקריית מלאכי ♥ (אנה פינס),51,202230,16258,141,158,19,328
7578480712286833941,2025-11-30,Video,"נתניהו בהצהרה ראשונה אחרי בקשת החנינה: ""אני נדרש להעיד 3 פעמים בשבוע. האינטרס הלאומי מחייב לעצור את המשפט"" (דקלה אהרן-שפרן) @suleiman.maswadeh",83,496468,19163,1664,645,211,583
7578435584385944848,2025-11-30,Video,קרמבו מזהב? מחיר הממתק של החורף ממשיך לעלות (אנה פינס),342,153188,6906,86,196,30,274
7577748711254658325,2025-11-30,Video,"״אני מת על בגין, אבל ביבי יותר גדול״: מה סוד הקשר העמוק בין הליכוד ובין עדות המזרח? ברית הליכוד | השבוע במהדורת כאן חדשות, כל ערב ב-20:00 (אלון שרביט)",110,27796,595,18,35,12,32
7578261925126098196,2025-11-29,Video,"הכל הלך טוב לגל גדות השנה, ואז התגלה לה קריש דם במוח @amitharari",186,237297,17718,41,93,10,475
7578224730696862997,2025-11-29,Video,"״אתם החזרתם את הדר״: איילת גולדין מודה לכל מי שעזר להחזיר את הדר הביתה, ומבטיחה שהשיקום בדרך",43,167710,8731,574,68,17,196
7578144852253117712,2025-11-29,Video,🇮🇱❤️ @yoavborowitz,11,14401,214,7,3,0,4
7578130604110122256,2025-11-29,Video,"אליק פלמן, פילוסוף ואיכר, עבר להתגורר ביישוב אקולוגי, מגדל לעצמו את המזון - ובעיקר מציע נוסחה אחרת לחיים מאושרים מזו שכולנו פועלים על פיה. מה דעתכם? (דני דגן)",60,118444,3115,95,264,114,223
7578102278964530449,2025-11-29,Video,"שלומי וקנין, פעיל ליכוד: ""נתניהו הוא אחד המנהיגים הגדולים בעולם. בלעדיו הייתן מתעסקות במזג האוויר ובגניבות טלפונים"" ‪‪‪‪@ifatglick1 (תמר אלמוג) #גליקותמר",70,508777,20445,1265,2027,966,642
7578100647543835921,2025-11-29,Video,"למרות יוקר המחייה, אנחנו בישראל קונים ומבזבזים כמו משוגעים: יותר מ-13 מיליארד שקלים - זה הסכום שהוצאנו ב-2024 רק על רכישות באינטרנט, לפי נתונים שפורסמו השבוע. אבל לא כולנו - יש קומץ ישראלים נבחרים שהחליטו לחיות בלי לעשות קניות וכמעט בלי להוציא כסף, אפילו לא על מזון. איך הם עושים את זה? (דני דגן)",1076,531366,15033,322,1554,412,1190
7577905776291794184,2025-11-28,Video,⁨	⁨	בביצוע משותף ומרגש: שורד השבי אלון אהל ניגן יחד עם קרן פלס במלון שבו עבד לפני שנחטף ♥️⁩⁩,24,86567,7350,28,100,21,192
7577881343388929300,2025-11-28,Video,"חברת הכנסת לשעבר זהבה גלאון על החשד ליר* במחבל*ם שנכנעו בג'נין: ""הם הרימו ידיים - ויר! בהם מטווח קצר"" @ifatglick1(תמר אלמוג)",82,463933,10199,1297,680,237,675
7577715975013944597,2025-11-28,Video,"מזהים אותו מהטלוויזיה? תיפרדו יפה, כי מוריס החליט כבר מזמן: בגיל 50 הוא פורש מהמשחק @amitharari",583,476278,17335,173,817,223,1048
7577715480618716437,2025-11-28,Video,הרפתנים יוצאים למאבק נגד הרפורמה של סמוטריץ' (עופר חלפון),490,100894,1677,76,57,24,93
7577696055697919252,2025-11-28,Video,נגד כיוון התנועה וללא רישיון: בן 18 הצליח להתחמק מכוחות המשטרה במשך דקות ארוכות של מרדף פרוע בנגב @itsikzuarets,144,404133,7353,85,489,139,389
7577734670587071765,2025-11-28,Video,"״תיזהרו מדו״צ״: תיעוד מצלמות הגוף של החיילים בפעולה בדרום סוריה הלילה חושפת את רגעי ההיתקלות בהם נפ3עו ששת החיילים, כשכבר היו בדרכם לרכבי ההאמרים",28,932900,26208,627,1604,356,1760
7577695045340417300,2025-11-28,Video,מעכשיו נשלם רק על הזמן שבו חנינו באמת בחניון. נשמע טוב נכון? אז למה בסוף נשלם יותר? (אנה פינס),172,438228,11455,273,1128,298,536
7577717331183275284,2025-11-28,Video,"עגלה, חמור ואוהל - צריך יותר? הערב בחדשות שישי: האנשים שלא קונים כלום | 20:00 בכאן 11",49,804938,31782,518,2113,475,1121
7577694286616087828,2025-11-28,Video,פיגומי במבוק שעלו באש הבעירו קבוצת בניינים בשריפה שגבתה עשרות חיי אדם עד כה (יואב זהבי),133,239026,7493,111,168,46,277
7577690984482360597,2025-11-28,Video,"צוותי חילוץ והצלה חילצו לכוד בעגורן באתר בנייה ברחוב סלמה בתל אביב, כנראה תייר שלא דובר עברית שהיה בגילופין (אנה פינס)",23,153869,3763,140,410,71,138
7577468174283590932,2025-11-27,Video,לבד מול עשרות מחבלים -  הסיפור הבלתי נתפס של רן גואילי @ifatglick1,44,206093,8958,195,195,67,307
7577427590609145104,2025-11-27,Video,"אזרחים ישראלים פרצו את הגבול עם סוריה - במטרה להתיישב מעבר לגדר 👇 הפריצה מתבצעת בחסות כנס שנערך הערב בירושלים, הקורא להתיישבות בגולן הסורי. הפורצים חצו את הגדר בכוח, התעמתו עם כוחות הביטחון - ולבסוף נעצרו מדובר בשני אירועים נפרדים שהתרחשו במקביל: האחד במרכז הגולן, והשני באזור החרמון. @itayblumental1",13,574173,33095,455,1938,168,1396
7577409964545772816,2025-11-27,Video,תשובה לבלאק פריידי? האנשים שלא קונים כלום - וצוללים לפחים במקום הכתבה המלאה תשודר בחדשות שישי,38,566828,20264,428,3182,605,1136
7577405090651311368,2025-11-27,Photo,"פעם נוספת - מחיר הנסיעה באוטובוס מתייקר 👇 מחירי התחבורה הציבורית יעלו בינואר מ-8 ל-9 שקלים. בשנה שעברה המחיר היה אמור לעלות ונבלם ברגע האחרון שרת התחבורה רגב דווקא שומרת על אופטימיות, ומסרה בתגובה: ""לא יקום ולא יהיה"". @נעם גולדברג Noam Goldberg   📸: פלאש 90 (אבשלום ששוני)",0,417289,24078,1763,9453,852,1233
7577380668989033749,2025-11-27,Video,"""תהיה פה רק צניעות"": העימות בין התושבים החילונים לחרדים בערד עולה שלב (איציק זוארץ)",46,637763,34628,1517,2601,610,1639
7577362455974759700,2025-11-27,Video,"7 מתל אביב וצדיקה מירושלים - נכנסו לרשימת 1,000 המסעדות הטובות בעולם  (אנה פינס)",276,418790,10894,91,1401,454,2684
7577343261006695700,2025-11-27,Video,"השר בן גביר התווכח עם אח שכול שמחבלי חמאO רצח! את אחיו וצילמו את ההתעללות בו - ואמר לו: ""לי מתו 1,500 אחים"" (אורלי אלקלעי)",146,417626,10411,351,382,108,758
7577301781512850709,2025-11-27,Video,אלוהים ישמור: בניינים בני 31 קומות נשרפו בהונג קונג (מיכל רשף),165,86772,2673,72,149,41,113
7577145939798822164,2025-11-26,Video,הילד בן ה-16 שהציל את המצב - ומנע שוד עצום מחנות תכשיטים באופקים  (יואב בורוביץ'),189,1049411,43988,572,3036,446,2381
7577144763317554453,2025-11-26,Video,"צעירים מארה""ב תכננו לגייס צבא הומלסים, לכבוש את האיטי - ולטבוח בתושבים  (נתן גוטמן)",136,277359,13397,137,2582,203,766
7577144185392745749,2025-11-26,Video,תיעוד בלעדי: איך תושבי רהט מבריחים אייפונים וסמים למחבלי חמאס? @itsikzuarets,199,945488,24616,73,5911,1624,2010
7577140820973800725,2025-11-26,Video,"הבלאק פריידיי מגיע לנתב""ג - האם המחירים באמת משתלמים? (נעם גולדברג)",267,52736,2084,11,212,69,126
7577072090260573461,2025-11-26,Video,ברוכים הבאים לנרקוס לבנון,424,208037,4043,27,256,120,346
7576975360852577552,2025-11-26,Video,"מכון ויצמן נאלצו להתמודד עם בעיה שלא מוכרת למדע המודרני: איך מצילים מעבדות שנהרסו מפגיעת טילים? אחרי שמחקר הסרטן במכון ספג מכה קשה, ליווינו את החוקרים במשך חמישה חודשים, וכשהם מנסים להציל את מה שנהרס במלחמה, כדי להמשיך במלחמה, נגד הסרטן (אורן אהרוני)",991,229227,9800,137,285,71,539
7576971619566914832,2025-11-26,Video,"אחרי יותר משלוש שנים וחצי של מלחמה קשה, בבית הלבן אומרים שזלנסקי הסכים למתווה השלום האמריקני. אז כבר אפשר להכריז על שלום במזרח אירופה? (נתן גוטמן)",165,100410,2446,18,105,18,98
7576989810556947720,2025-11-26,Photo,"רום ברסלבסקי וסשה טורפנוב, ששהו יחד בשבי, נפגשנו לראשונה לאחר השחרור ❤️ רום כתב על המפגש עם סשה: ""הפעם האחרונה שראינו את את השני זה בתוך תא מטען של רכב בעזה שחלקנו ביחד. אחר כך הופרדנו באכזריות אחד מן השני. סשה היית לי לאח גדול בתוך השבי ולעוגן משמעותי, ואתה בליבי תמיד! אחי אני אוהב אותך ❤️ ״הג׳יהאדניקים״ 😅👊🏽"" (יעל צ'כנובר)",0,54882,2099,10,18,6,43
7576970375095979265,2025-11-26,Video,הצפות ברחבי ישראל וחילוצים של אזרחים מביתם - אלו תוצאותיהן של היממה הגשומה אתמול (אורלי אלקלעי),170,176798,4561,41,186,81,173
7576946990349602066,2025-11-26,Photo,"בדיוק שנתיים אחרי שילדיו חזרו מהשבי - דרור אור הושב אתמול לקבורה ראויה בישראל 💔 (יעל צ'כנובר) 📸: דובר צה""ל, רויטרס",0,108573,6327,92,66,15,124
7576772679680691457,2025-11-25,Video,בקרוב אצלנו (סתם לא): ככה מתכוננים לחג המולד באירופה (דב גיל הר),246,165198,7610,94,386,61,411
7576667934404234513,2025-11-25,Video,"מיליונים כבר קיבלו ""מדריך למלחמה"", בסין כבר מציינים את ""יום ההחזרה"" ויפן הספיקה לגרום לסינים לאיים בעריפת ראשים. האם המלחמה הגדולה במזרח מתקרבת?  #סיפור_עולמי (מיכל רשף)",411,285336,11497,118,422,135,681
7576606945092701441,2025-11-25,Video,למה דווקא עכשיו הקמפיין לביטול משפט נתניהו חזר בשיא המרץ? @yaara.shapira,792,103610,1735,204,52,24,80
7576605546246180113,2025-11-25,Video,"אחרי 30 שנה ביחד, עכשיו כשהם מאוחדים שוב מחוץ לשבי, אוהד ורז בן עמי החליטו להינשא בשנית @yaelciec",136,73883,2857,25,15,5,60
7576582545244982529,2025-11-25,Video,"""הפנים נפלו לי מצער, אז הרמתי אותם"": בבר נסע בגיל 70 לעשות הרמת פנים בחו""ל, וממליץ מאוד על החוויה @sharondavidovitch | חדשות הלילה",45,1153132,38224,780,6529,806,2729
7576564179214011649,2025-11-25,Video,ריברייה חדשה בבית שמש? צוותי ההצלה בעיר נעזרו באמצעים יצירתיים כדי להתנייד בעת החילוצים מהשטפונות (אורלי אלקלעי) צילום: צוות הצלה,15,364424,13852,180,2013,435,455
7576559782518082833,2025-11-25,Video,"דקירה בשידור חי: @mayarachlin כבר התחסנה לשפעת, ומה איתכם? מוכנים לחורף?",40,15915,343,13,12,2,9
7576424681083899137,2025-11-25,Video,"""תרופת פלא"" נגד חרדה? (נוב ראובני)",243,513456,24642,336,2800,917,3767
7576547594617359617,2025-11-25,Video,הצפות ושטפונות תפסו את אזרחי ישראל בכבישים ברחבי הארץ בעקבות הלילה הגשום @itsikzuarets (אורלי אלקלעי)@vered.pelman צילום: מתוך הרשתות החברתיות (שימוש לפי סעיף 27א בחוק זכויות היוצרים),18,400388,5302,76,1247,679,245
7576427719093734673,2025-11-25,Video,זול שעולה ביוקר: מסתבר שהרכישות מ-SHEIN לא פוגעות רק בכיס (עופר חלפון),185,1141434,26966,1234,28306,13535,3934
7576378963438750992,2025-11-24,Video,"""אל תשבו בבית - צאו לטרוף את העולם"": חני נחמיאס מוכיחה שאף פעם לא מאוחר לטיול אחרי צבא (יונתן אוחיון)",79,79821,3519,26,200,44,81
7576200001412533520,2025-11-24,Video,תקוע בגובה 36 קומות: נער בן 15 אותר על משקולת של עגורן בראש מבנה בירושלים. צוותי חילוץ שהגיעו למקום יצרו איתו קשר ופעלו לחילוצו 📸: קבוצת תקשורת ירושלים ועוטף @vered.pelman,23,703428,18484,237,670,154,635
7576024524626349328,2025-11-24,Video,לחזור לחיות: אבות שאיבדו את בניהם במלחמה - למדו לגלוש בסרי לנקה,1369,212556,14284,122,270,85,510
7576010487855418644,2025-11-23,Video,"איפה ראש ""אגודת הילדים"" מ-1979 היום? רון קרייטלר מגיב לסרטון הוויראלי שלו: ""גם הילדים שלי צוחקים""  @Maya Rachlin ",49,510162,21961,329,2401,587,1558
7576002519936093457,2025-11-23,Video,גיבורים - לא חטופים: טראמפ קיבל בזרועות פתוחות את שורדי השבי (יעל צ'כנובר),37,101976,5442,11,41,8,104
7575981326067584277,2025-11-23,Photo,@Itay Blumental איתי בלומנטל  @רועי שרון ,0,274447,8595,353,559,140,528
7575942714219351317,2025-11-23,Video,טרנד הזרקת זרעי הסלמון הגיע לישראל - איך תיהנו ממנו גם בסקין-קייר ובתקציב נמוך? דקל מסבירה  (מאי לורנס ביסמוט) @May-Laurence Faye 💙 ,48,100109,2582,11,83,25,281
7575926837390380305,2025-11-23,Video,תחילה של ידידות מופלאה ומטרידה בין הנשיא טראמפ וזוהרן ממדאני?  (נתן גוטמן),157,217590,5972,219,142,46,265
7575919236065840401,2025-11-23,Video,רביב כנר לא נח - ובין מילואים למוזיקה הוא גם עולה לראשונה על בימת התיאטרון (איתמר מאירי),48,30476,634,9,15,2,29
7575909022298082568,2025-11-23,Video,"צה""ל תקף בדאחיה שבביירות, היעד: היית'ם עלי טבטבאי, רמטכ""ל חזבאללה בפועל 👇 היית'ם עלי טבטבאי, מפקד הזרוע הצבאית של חזבאללה, היה בעבר מפקד כוח רדואן של חיזבאללה ופיקד על הכוח במשימות מיוחדות במלחמה בסוריה ובתימן. טבטבאי מונה לאחראי מבצעים בחזבאללה לאחר חיסול צמרת הארגון בשנה האחרונה טבטבאי הפך להיות למעשה הרמטכ""ל של הארגון אחרי שבעקבות חיסול נסראללה והרמטכל הקודם פואד שוכור וניהל במשותף את הזרוע הצבאית עם הבכיר אבו עלי חיידר. טבטבאי הפך למי שאחראי על הפן הצבאי ואבו חיידר על הפן הביטחוני (עומר שחר,",13,248443,4794,171,229,125,132
7575656158640246033,2025-11-23,Video,ברצינות. (מאי לורנס ביסמוט),664,458480,18715,282,4690,903,2168
7575654033315122448,2025-11-22,Video,"התפקיד החדש של רביב כנר ב״סיפור הפרברים״, ומסע ההופעות שנאלץ לבטל בגלל פרו-פל0טינים בארה״ב (איתמר מאירי) @raviv_kaner",669,22312,346,3,4,1,11
7575623324621966612,2025-11-22,Photo,"גולש אנונימי בטוויטר צייץ בבקשה מסגן נשיא ארצות הברית, ג'יי די ואנס, שיגיד לאקסית שלו לקבל אותו בחזרה. החשבון האישי של ואנס הגיב לציוץ וכתב: ""היא צריכה לקחת אותך בחזרה בוודאות. תגיד לה שאני אמרתי"". גם החשבון הרשמי של חדר המלחמה של טראמפ צייץ את ההתכתבות כולה ותייג את ואנס (גילי כהן)",0,68852,743,13,13,4,30
7575603595094101265,2025-11-22,Video,"שריפה פרצה לפנות בוקר ברחוב החשמונאים בתל אביב, החשד: הצתה. כוחות המשטרה עצרו אדם שעל פי החשד הצית את עצי הדקל - שהדליקו את חזית הבניין הסמוך. אישה שהייתה לכודה בדירה שנפגעה מהשריפה חולצה והועברה להמשך טיפול (אנה פינס, סולימאן מסוודה)",12,173793,2754,37,259,80,128
7575477014115716368,2025-11-22,Video,"דניאלה וייס: ""נתחיל בהתיישבות היהודית בעזה כבר בחנוכה""  (תמר אלמוג) @ifatglick1",29,331871,14642,1047,753,150,521
7575469031851855120,2025-11-22,Video,"רינת גבאי עברה לטבריה - ויש לה כבר שתי נכדות: ""אני סבתא מאוהבת"" (תמר אלמוג) @ifatglick1",38,223714,5105,98,628,99,224
7575487255482027265,2025-11-22,Video,"יותר משנה עברה מאז שהפסקת האש עם חיזבאללה נכנסה לתוקף - אבל הבית של שולי מקרית שמונה עדיין הרוס: ""לא יודעת אם להאשים, אבל אנשים מקבלים כסף ושום דבר לא מתקדם""  (יובל אגסי)",36,140237,4654,36,113,29,124
7575471190760819985,2025-11-22,Video,נתניה נפרדת מראש העיר מרים פיירברג 💔 (הדס גרינברג),241,565759,24547,312,760,199,856
7575303137691503889,2025-11-21,Video,פגישה היסטורית התרחשה בבית הלבן - כשהנשיא טראמפ נפגש עם שורדי השבי ששוחררו בעסקה האחרונה @yaelciec,194,36525,1302,8,7,0,33
7575301189898603793,2025-11-21,Video,"אחרי שטראמפ כינה אותו בשלל כינויים - שלב חדש ביחסים בין נשיא ארה""ב לראש עיריית ניו יורק ממדאני?",19,24824,431,12,28,16,29
7575282574705085712,2025-11-21,Video,עונש מוות למחבלים? סולימאן מסוודה בטוח שלחוק שהממשלה מקדמת יש בכלל מטרה אחרת: להשכיח מהציבור מהציבור את מה שחשוב באמת (סולימאן מסוודה),52,538715,16780,852,934,271,1118
7575251362200423696,2025-11-21,Video,זמן קצר לפני תחילת המשחק בין מכבי תל אביב לוירטוס בולוניה: המוני מפגינים פרו פלסטינים התכנסו מחוץ לאולם שבו אמור להתקיים המשחק (איתמר וישנקו),18,64381,1236,18,52,9,20
7575211017882422546,2025-11-21,Photo,מהמנהרות בעזה לבית הלבן - בתוך חודש: גלי וזיוי מסכמים את הפגישה עם טראמפ @yaelci ,0,115363,4274,17,18,5,70
7575199929036066066,2025-11-21,Photo,"גל חום חריג בעיצומו של הסתיו 👇 היום היה הכי חם בחודשי נובמבר מאז שהתחילו המדידות מחר (שבת) צפויה עלייה נוספת בטמפרטורות, שתורגש בעיקר בחוף ובשפלה. לקראת אמצע השבוע ירד עומס החום ובשלישי אף צפוי גשם. 📸: AP",0,135905,4614,81,535,71,190
7575087394010008848,2025-11-21,Video,רק הספרדים יתגייסו? המחלוקת על חוק הגיוס קורעת את הרחוב החרדי @suleiman.maswadeh #האיש_בשטח,68,111178,2251,86,138,73,121
7574923396564192513,2025-11-21,Video,"ארץ עוץ חוזרת לבתי הקולנוע, בחלק שני ואחרון של ״מרשעת״ @amitharari",444,17029,977,17,26,2,52
7574919871876566289,2025-11-20,Video,כתב כאן חדשות תחת 🔥 בפעילות בשומרון @haimgoldich,259,397258,10662,68,780,138,721
7574910779036552464,2025-11-20,Video,"״מתן הוא העדות לאומץ וללב של העם היהודי״: בפגישתו עם שורדי השבי, הנשיא טראמפ פנה ישירות למתן אנגרסט ואפילו החמיא לו אישית @yaelciec",24,99823,4224,26,77,16,124
7574899740689648912,2025-11-20,Video,הדברים המרגשים של טראמפ למשלחת שורדי השבי בבית הלבן (גילי כהן),16,14221,565,6,5,2,18
7574890133644709140,2025-11-20,Video,"הגזרה ב!ערת: במקביל לדיון אצל ראש הממשלה בנוגע לפש*עה לאומנית, פלסטינים מאשימים פורעים יהודים בה3תת מגרש לפירוק רכבים ליד הכפר חווארה שבשומרון. עד כה אין שליטה על הלהבות, ולפי דיווחים שמגיעים לחטיבת שומרון - הפורעים גם השליכו אבנים לעבר כלי רכב באזור @itayblumental1",3,1904,13,1,5,1,3
7574833850958859521,2025-11-20,Video,"״בחרתי לקחת קורקינט חשמלי, והתעוררתי באשפוז״: מיכל היא אחת מתוך יותר ויותר נפגעי תאונות דרכים על דו גלגליים בשנים האחרונות @riad.alee",88,228135,5948,20,470,160,267
7574812716511137045,2025-11-20,Photo,"אחרי עשור בשבי חמxס - אברה מנגיסטו הגיע לציין את חג הסיגד בירושלים ❤️ 📸: (ארנון בוסאני, אורטל פרודקשנס)",0,168745,11386,70,385,50,318
7574748298658024724,2025-11-20,Video,"אהרן כהן ז""ל, תושב קריית ארבע שנרצח בפיגוע בצומת גוש עציון, הוא הדייר השמיני מאותו הבניין שנרצח בפיגוע💔 (הדס גרינברג)",237,306002,14062,221,700,162,752
7574805254353472824,2025-11-20,Video,"מודיעין חדש שצה״ל פרסם מהעיר בית חאנון בצפון רצועת עזה חושף את רשת הטר!ר שנבנתה בעיר בלב האוכלוסיה האזרחית, כולל פיר מנהרה מתוך בית ספר יסודי @itayblumental1",29,573186,7269,22,357,76,503
7574785487546682635,2025-11-20,Video,שיפודיות בגבוה: ניסיתם את הטרנד החדש? (יואב בורוביץ'),385,119971,1830,38,173,85,177
7574745977450548501,2025-11-20,Video,איך תוכלו לנצל את מחירי סוף השנה בשוק המכוניות החשמליות? (נעם גולדברג),273,233131,5799,112,1014,473,476
7574737618701765909,2025-11-20,Video,"בשביל הכסף: חיילים במילואים ובסדיר חשודים שהבריחו נשק מסוריה לעבריינים בישראל (רובי המרשלג, אורלי אלקלעי)",165,602021,13743,252,4223,1807,1357
7574736613851417877,2025-11-20,Video,"עוד יום במשרד: בכירים בעיריית בני ברק טסו במחלקה ראשונה לארה""ב כדי לבדוק מגלשות לגני שעשועים (אנה פינס)",210,198463,8377,268,720,235,362
7574552409507204353,2025-11-19,Video,סגירת המעגל של רומי גונן: עדן בן זקן הקדישה לה בהופעה את השיר ששרה ביום הולדתה הקודם של רומי בתפילה לחזרתה הביתה ♥ (דורית אסרף-מזרחי),47,312755,29704,164,683,132,726
7574525907205901589,2025-11-19,Video,"האחים אביעד וגדעון (גיגי) ריבלין ז""ל נרצחו בנובה, משפחתם חולמת להקים לזכרם בית לחיילים בודדים - אך מתקשה לגייס תרומות: ""יש עוד אינספור סיפורים כמו שלנו. ביום רגיל לא היינו צריכים לרוץ מאולפן לאולפן ולהתחנן לתרומות""  (מאיה ראכלין)",34,49913,2790,96,36,8,74
7574483955961892113,2025-11-19,Video,"אילון מאסק: ""אם ההתפתחות הטכנולוגית בבינה מלאכותית וברובוטיקה תימשך - כנראה שכסף כבר לא יהיה רלוונטי בעתיד"" (רם ברנדס)",10,170111,3833,224,815,331,399
7574478816135875860,2025-11-19,Video,"""אם היו חושבים שאני משתמט - הייתי מתבייש"": כאלף צעירים וצעירות עם צרכים מיוחדים משרתים בצה""ל במסגרת פרויקט ""גדולים במדים"" של עמותת יד לילד המיוחד (שירלי ברקוביץ')",20,92526,7258,128,529,89,212
7574472954977799440,2025-11-19,Video,"ח""כ אביחי בוארון מהליכוד: ""רוב הציבור לא רוצה ועדת חקירה ממלכתית, האתגר הוא להעמיד ועדת חקירה שכל הציבור - מימין ומשמאל - יאמין בה""  כאן חדשות ברשת ב' 🎙️  (רן בנימיני)",61,22609,667,78,27,7,23
7574441637363928321,2025-11-19,Video,"למה בדואים ריכים כל כך הרבה נשק - והאם הוא יופנה בסופו של דבר גם נגד היהודים? סאלם (שם בדוי), תושב הפזורה הבדואית, מסביר מתוך סדרת הכתבות מכת ירי (אורן אהרוני)",19,238708,5534,194,317,99,543
7574395386211699989,2025-11-19,Video,"שף טל אשכנזי היה בלב סצינת האוכל התל אביבית, עבד עם השמות הכי גדולים, עד שיום אחד החליט לארוז את חפציו ולעבור לדרום כדי לעבוד בחקלאות. עכשיו, רחוק מן המרכז, הוא פותח שם מסעדת שף @ittaishick",675,115830,2198,23,232,88,242
7574389018234719508,2025-11-19,Video,"הוא מהיר, זול וחוסך פקקים - אבל שוב המספרים מזכירים לנו את המחיר. הקורקינט החשמלי, שכבש את ערי ישראל, הפך לאחת הסכנות הגדולות בכבישים - אכיפה כמעט שלא קיימת, שבילי אופניים שלא נבנו, וערים שמעדיפות חניונים על פני בטיחות. התוצאה: שיאים חדשים של הרוגים ופצועים @riad.alee",670,369909,14467,263,1734,673,839
7574377304592305429,2025-11-19,Video,"שוב: כריש נצפה בחופי חדרה 👇 מרשות הטבע והגנים נמסר: ""הציבור מפני צלילה ושנרקול בסמיכות לכרישים המתרכזים בתקופה זו בשנה (נובמבר עד מאי) באזור תחנת הכוח בחדרה. המפגש עם הכרישים אינו צפוי או נשלט, כשלצערנו שנה שעברה הסתיים מפגש בין כריש לאזרח שנכנס למים במוות טרגי."" (אורלי אלקלעי) 📸: גיא לויאן, רשות הטבע והגנים",8,133140,4782,74,486,83,184
7574354096665185556,2025-11-19,Video,מרגש: אלון אהל מנגן על הפסנתר בכיכר החטופים את שיר ללא שם ❤ (אנה פינס),18,30282,2819,23,39,4,91
7574176440602725648,2025-11-18,Video,תושבי חיפה שנכנסו לסניף רמי לוי בעיר - לא רצו לאכול אחרי הקניות: יצאנו לבדוק מה קורה בסניפים אחרים (אנה פינס),303,669026,21879,783,5827,2532,1953
7574107659398401296,2025-11-18,Video,"בכבוד מלכים: דונלד טראמפ קיבל את מוחמד בן סלמאן בטקס ראוותני במיוחד, שכלל תהלוכת סוסים ומטס F-35 מרשים מעבר לסמליות, אפשר לראות במטס רמז עבה לעסקת ה-F-35 שנרקמת בין ארה״ב לסעודיה מתחת לרדאר. אם העסקה תבשיל - זו תהיה הפעם הראשונה שמדינה נוספת במזרח התיכון, מלבד ישראל, תחזיק במטוס המתקדם. (גילי כהן, ישי בר יוסף)",15,487603,12946,253,269,72,533
7573989954037058837,2025-11-18,Video,"הממצא הקדום ביותר שמתאר קשר בין אדם לבעל חיים, ודמות האישה הטבעית הכי קדומה במזרח התיכון, נמצא בחפירות בארץ @rubihammerschlag",149,203413,9134,297,274,64,484
7574065262362660112,2025-11-18,Video,נשים בלי חיג'אב ופסלים בלב טהרן - כל השיטות של המשטר לשרוד נגד כל הסיכויים,396,75852,1898,34,56,29,105
7573988549632986388,2025-11-18,Video,"התושבים בדרום רואים את הרחפנים ושומעים את ה*רי, ומפחדים מהיום בו זה יגיע גם אליהם | מכת יר* - פרק 2 (אורן אהרוני)",515,358536,7861,214,1331,362,802
7573987454839966996,2025-11-18,Video,בעלות של 150 מיליארד שקלים: מתי כבר נוכל לקנות כרטיס למטרו? (נעם גולדברג),184,208717,10778,283,509,88,517
7573997163009690900,2025-11-18,Video,עשרות דגים מתים נצפו הבוקר צפים בירקון לאחר זיהום כבד במי הנחל (עופר חלפון),41,213274,7075,142,682,168,259
7573987960714956053,2025-11-18,Video,גם אבוקות באולם ודרישות אנטישמיות כדי להופיע בפסטיבלים לא ימנעו מבן שני להופיע באולמות הגדולים ביותר באירופה (דב גיל-הר),396,23714,753,6,2,0,26
7573964196170255636,2025-11-18,Video,⁨ כל 8 ימים בממוצע עוד אישה נרצחת - אבל לבן גביר יש כנראה דברים חשובים יותר מלהגיע לוועדה שעסקה בכך אתמול בכנס @ifatglick1,69,72254,3394,111,72,28,127
7573871789676186900,2025-11-18,Video,"שבועיים אחרי הניצחון של זוהרן ממדאני, ראש עיריית ניו יורק היוצא אריק אדמס בביקור בארץ: ""רציתי להעביר מסר ברור לאנשים בישראל - אנחנו עומדים לצדכם"" (מיכל רשף)",370,208161,14059,80,225,46,415
7573860647243468053,2025-11-18,Video,המבוכה החדשה במוזיאון הצרפתי: הטיקטוקרים התחמקו מהאבטחה - ותלו יצירה משלהם לצד המונה ליזה (יואב זהבי),120,423564,30533,88,613,46,1196
7573680321510575376,2025-11-17,Video,כוכבים עם זנב: הכלבים שהפכו למשפיעני רשת עם מאות אלפי עוקבים (עופר חלפון),53,107520,6099,21,181,33,174
7573430861756960001,2025-11-16,Video,"אריאל בן השמונה חודשים נמצא מחוסר הכרה במיטתו אחרי ששוטרים ערכו חיפוש בחדרו, ובהמשך נפטר. מח""ש סגרה את התיק  @haimgoldich",418,627234,33119,629,2010,300,2273
7573428957215788305,2025-11-16,Video,"הממשלה קבעה שלא תהיה ועדת חקירה ממלכתית לאירועי 7 באוקטובר, הורים שכולים מוחים נגד ההחלטה (יעל צ'כנובר)",228,123160,4138,350,184,61,169
7573428325993975057,2025-11-16,Video,היוטיובר מיסטר ביסט פתח פארק שעשועים בסעודיה 🫢 (יואב בורוביץ'),216,66065,1821,25,162,22,102
7573427408741731585,2025-11-16,Video,"""לא מצית רכבים""? מרדכי דוד, המקורב לבן גביר שחשוד באיומים על העיתונאים גיא פלג ואביעד גליקמן, הצית אוטובוס - ואפילו פרץ לכלוב בספארי והתגרה בתנינים (רועי ינובסקי)",384,194343,8112,633,260,70,363
7573425299409390864,2025-11-16,Video,"המשפיענים הכי חמודים ברשת: ערן מצלם את להקת הכלבים שלו יוצאת לטיולים, אביה מתעדת את השיחות האינטימיות עם באנזי - ובשניהם צופים מאות אלפים ❤️ (עופר חלפון)",314,39740,3363,51,219,38,147
7573386346392194320,2025-11-16,Video,אחרי שהוארך מעצרם של שני חשודים מנוער הגבעות: חבריהם רדפו אחרי הרכב בו הוסעו וניסו לשחרר אותם @haimgoldich,10,539872,18321,284,531,59,791
7573342755271773441,2025-11-16,Video,ועכשיו בגרסת המציאות: חברת הגיימינג שעברה ליירט איומים מחוץ למסך (איתמר מאירי),589,180288,5815,65,488,213,460
7573336207506132240,2025-11-16,Video,בזמן שחלק גדול מהציוד ההומניטרי נמצא במחסנים ברצועה: חמxס ניצל את מזג האוויר החורפי לקמפיין נוסף נגד ישראל (אילה חסון),100,216425,7461,668,274,38,275
7573318289041001744,2025-11-16,Video,המתכון לחורף מושלם - והסיפור האמיתי של שקדי המרק (אסף פוזיילוב),279,72840,2973,20,59,13,123
7573311392355274001,2025-11-16,Video,מתגעגעים לטורקיה - או אפשר בלי? (אילה חסון),664,377659,7936,394,931,305,589
7573282593622265104,2025-11-16,Video,"""ז*** יהודייה"": גרפיטי אנטישמי רוסס על שערי ארמון הנשיאות במקסיקו. הנשיאה היהודייה עומדת במרכז גל מחאות רחב, לאחר שאלפי מפגינים יצאו לרחובות במחאה על כישלון הממשלה במאבק בכנופיות הסמים 📸: רשתות חברתיות @ramelibrandts",28,339798,6598,292,497,157,348
7573002101786430741,2025-11-15,Video,"נועה קולר נזכרת בילדות בפתח תקווה - וחושפת את הנשיקה הראשונה על הטנק בגן המשחקים: ""אין את זה בכל מקום""  (רועי אטינגר)",47,246542,11026,98,662,142,429
7573001200786885909,2025-11-15,Video,משיב/ה ל-@inbal ofer נועה קולר כובשת את המסך - חלק 2  (רועי אטינגר),516,219599,7205,53,118,35,347
7572976399317880065,2025-11-15,Video,"טראמפ תוקף את תופעת המהגרים בלונדון, בדרכו ה... ייחודית: ""בלונדון של היום אנשים נדקרים בתחת"" (ישי בר יוסף)",15,155881,5788,73,361,111,218
7572975516366441748,2025-11-15,Video,"אל""מ במיל' אלי ג'ינו, מפקד סיירת גבעתי בצוק איתן, חוזר לרגעים הדרמטיים במנהרה - כשהדר נשאר מאחור: ""היו ויכוחים, איך משאירים חייל?!"" (אמיר גרא)",66,25668,580,9,14,5,19
7572958459713441032,2025-11-15,Video,אין מפלט לפליטים? מחנות העקורים בעזה עלו על גדותיהם - תיעוד של המונים צועדים בתוך מים בגובה הברכיים הופצו ברשתות (גיא מעיין),17,264615,7928,1353,350,85,267
7572949878142356757,2025-11-15,Video,עשתה זאת שוב: נועה קולר כובשת את המסך והלב בסדרה חדשה על החיים עצמם (רועי אטינגר),575,110822,4110,32,216,95,231
7572569258870312208,2025-11-15,Video,הייתם מחזיקים את הסוד? רוני לייבוביץ נזכר איך זה הרגיש לשמור את הסוד הכי מעניין במדינה (אלון שרביט),33,330341,9198,74,217,49,443
7572636173223365889,2025-11-14,Video,"נתניהו מפרגן לטראמפ: ""הוא הדבר הכי טוב שקרה ליהודים מאז כורש"". כורש, שליט האימפריה הפרסית במאה השישית לפני הספירה, זכור כמי שאיפשר ליהודים לשוב לארץ ישראל מגלות בבל ולבנות מחדש את בית המקדש. מסכימים איתו? (גילי כהן, ישי בר-יוסף)",11,207508,7191,146,646,25,542
7572589139699240208,2025-11-14,Video,הטבע משתולל: זה מה שקרה בראש העין אחרי שברק פגע בעץ במהלך הסופה - ושרף את קווי החשמל הסמוכים (אורלי אלקלעי),35,792710,42679,1540,10469,2430,3030
7572320756345130260,2025-11-14,Video,"""לצאת מהמקום שאנחנו בנינו?"": קרב הנדל""ן על הבוננזה האחרונה של תל אביב (אורן אהרוני)",460,264626,5840,136,523,242,407
7572558074188238097,2025-11-14,Video,איך זה מרגיש להיות אשתו של אחד הפושעים הכי מפורסמים בישראל? (אלון שרביט),22,58248,1223,7,19,2,46
7572320244270779669,2025-11-14,Video,אין יותר אצטדיונים? היורוליג חוזר להיכל מנורה - והזמרים מחפשים במה חדשה @amitharari,206,176739,11072,111,519,36,352
7572322594481851665,2025-11-14,Video,"שירלי יהודה, אם לשלושה נרצחה בתל אביב לפני כחודש על ידי פדופיל מורשע שעבד איתה. בעלה של שירלי מדבר לראשונה וחושף את התלונה למנהל לפני הרצח - וההתעלמות (אנה פינס)",426,537459,24304,259,1198,335,1311
7572322260057394449,2025-11-14,Video,"תיק האופנובנק נפתח מחדש: 35 שנים אחרי שחבש קסדה ושדד עשרות בנקים, רוני ליבוביץ - האופנובנק, חוזר לזירות הפשע, מתייצב מול המצלמות וחושף גילויים חדשים: איך הצליח להוליך את כולם שולל (אלון שרביט)",965,442392,17062,154,935,281,1387
7572316455287524629,2025-11-14,Video,תיק לאייפון ב-800 שקל: המוצר החדש של אפל מסעיר את הרשת (חן ביאר),187,494628,18728,430,2561,327,847
7572321578281667841,2025-11-13,Video,"באיטליה פתחו בחקירה נגד אזרחים בחשד שבשנות ה-90 השתתפו ב""ספארי אנושי"" וצדו אזרחים בזמן המצור על סרייבו (יואב זהבי)",201,209087,9184,170,700,182,916
7572323819134962945,2025-11-13,Video,"כשהוא לבוש במדי צבא איראן - בכיר איראני תקף את המשטר והודיע שיערוק ממנו 👇 קולונל (מקביל לדרגת אל""מ בצה""ל) סג’אד עזאדה, קצין בצבא איראן, הכריז על עריקתו מהמשטר האסלאמי והצהיר אמונים לדגלו של השאה, השלטון באיראן שלפני המהפכה ואחד מסמלי מהאופוזיציה למשטר הנוכחי לדברי עזאדה, “דברים גדולים עומדים לקרות” ו“המשטר הזה של שקרים, הונאה וכיבוש – יגיע בקרוב לסופו."" מהלך זה מתכתב עם יוזמת “שיתוף הפעולה הלאומי להצלת איראן” שיזם רזא שאה פהלווי השני - נצר לשושלת פהלווי ששלטה באיראן עד המהפכה. היוזמה נועדה לארגן",10,558851,13302,116,934,437,585
7572289456221326609,2025-11-13,Video,"אחרי הסערה שעורר שלט החוצות ""להיות שמן, זו בחירה?"", בר פחימה, שמככב בו, מגיב: ""הזוי לומר שאני מעודד הפרעות אכילה"" @mayarachlin",51,753001,42546,1348,2581,333,2063
7572251369185365268,2025-11-13,Video,המסר של אורן להב לילדים שעוברים חרמות ❤️ (קרן רפאלי לנץ),56,40394,1424,34,64,3,56
7572210315782262017,2025-11-13,Video,"החיילים שמתעקשים להתגייס לצה""ל - פגשו את עידן עמדי (שירלי ברקוביץ')",41,247760,20588,144,455,72,591
7571957023877729557,2025-11-12,Video,370 מיליון שקל והיא שלכם: למה לא מצליחים למכור את הווילה הזאת בקיסריה? (אורלי אלקלעי),186,1859371,89346,3862,21485,5474,8667
7571938538187459861,2025-11-12,Video,רגע לפני החורף - הקרמבו (ועוד ממתקים אהובים) מתייקרים (אנה פינס),227,354416,16627,454,1086,187,741
7571936841956412693,2025-11-12,Video,טראמפ ידע? ההתכתבויות החדשות בפרשת אפשטיין (נתן גוטמן),166,151599,2886,66,157,19,185
7571934169853480213,2025-11-12,Video,"סופו של עידן? השר כ""ץ הודיע: גלי צה""ל תיסגר כבר בחודש מרץ הקרוב @yaara.shapira",286,116703,3312,392,100,33,104
7571932216612179221,2025-11-12,Video,"המכתב של טראמפ לנשיא הרצוג: ""תן לנתניהו חנינה, זה תיק פוליטי""  (דקלה אהרון שפרן)",173,19170,572,11,12,5,31
7571865693713485076,2025-11-12,Video,"ח""כ ניסים ואטורי מהליכוד, במהלך נאום במליאת הכנסת: ""כהנא צדק בהרבה דברים. תאמין לי, היום הוא היה קדוש, היום הוא היה מקבל פרס ישראל""  (דקלה אהרון שפרן) 📸: באדיבות ערוץ הכנסת",5,159445,3971,387,246,47,188
7571858933518814485,2025-11-12,Video,"השר עמיחי אליהו על ההתפרעויות האלימות ביהודה ושומרון: ""זה לא טרור, זו פשיעה - אלה נערים שעושים לפעמים שטויות וצריך לחנך. זה כמו שרוני רון הוא פושע מתועב אבל לא טרוריסט""  מתוך התוכנית #שלוש עם יונתן אוחיון",46,31589,368,87,21,12,24
7571827655637536020,2025-11-12,Video,מה קורה בסוריה? #בשכונה_שלנו,449,138277,3405,74,225,111,332
7571813519562263828,2025-11-12,Video,"טראמפ התבדח עם נשיא סוריה א-שרע בביקורו ההיסטורי בבית הלבן: ""כמה נשים יש לך? רק אחת? במקרה שלכם אף פעם אי אפשר לדעת"" @tuongvyy",28,697451,13895,669,3378,1168,1208
7571784359036980500,2025-11-12,Video,"יום הרווקים הסיני הוא חג הקניות הגדול בעולם: אינספור סיילים מציפים את הרשת, והמונים נוהרים לחנויות גם בישראל - אבל האם המחירים שם באמת אטרקטיביים - או שהחנויות פשוט רוכבות על הגל? @liran_kogahinoff",221,18712,322,7,12,3,17
7571573945858624784,2025-11-12,Video,איך נדאג לעתיד הכלכלי של הילדים שלנו? | #תיק_לכל_ילד פרק 1 @amsterdamski2,723,84152,1364,10,576,259,446
7571549886970088705,2025-11-11,Video,"רובוט עושה בושות🤖 הרובוט הראשון תוצרת רוסיה שמבוסס בינה מלאכותית הוצג הערב במוסקווה - אלא שבמהלך הפרזנטציה הרובוט קרס, נפל ויצא מכלל שימוש (אלכס נירנבורג)",31,510189,14315,1722,1487,310,724
7571410690255129876,2025-11-11,Video,"זו הפעם הראשונה בהיסטוריה בה הממשל האמריקני לא תפקד במשך כל כך הרבה זמן. האזרחים זועמים, ולטראמפ יש רעיון איך לפייס אותם (נתן גוטמן)",145,138023,2142,18,57,28,88
7571475878287363348,2025-11-11,Video,"כמה ההורים חסכו לכם? וכמה אתם תחסכו לילדים שלכם? | תיק לכל ילד, הערב במהדורת כאן חדשות @amsterdamski2",28,223157,12291,93,2908,696,860
7571412124447100181,2025-11-11,Video,"ההכנות לתקיפה ההיסטורית באיראן - ומה בדיוק קרה כשטהראן תקפה את ישראל?  | ""כל הדרך לאיראן"", פרק 2 (גילי כהן)",891,180332,5871,148,153,30,474
7571434974994533652,2025-11-11,Photo,"אחרי 20 שנה בתפקיד, אל״מ אביחי אדרעי יסיים בקרוב את תפקידו לבקשתו. אדרעי, שהחל את דרכו ביחידה 8200, המשיך לשרת בהמשך כראש מדור תקשורת ערבית בדובר צה""ל במסגרת תוכנית ההתנתקות, קיבל דרגת ייצוג של סרן, ובהמשך הועלה לדרג רב- סרן לאחר שהשלים קורס קצינים. הוא מכהן בתפקידו הנוכחי מאז שנת 2005, 20 שנה שבהם ייצג את צה""ל ומדינת ישראל בעולם הערבי ותהליך החילופים צפוי בחודשים הקרובים. הוא התראיין מאות פעמים לערוצי הטלוויזיה הערביים השונים, כדוגמת אל-ג'זירה ואל-ערביה, נחשב לדמות מוכרת בעולם הערבי, ומפעיל את ",0,52806,1067,47,28,15,34
7571411238115134741,2025-11-11,Video,"""כולם נה7גו - ואני יצאתי בחיים"": המילואימניקים מתקשים להתאושש מהלחימה (נופר משה פרדו)",547,19575,588,17,6,3,15
7571399707751140628,2025-11-11,Video,"""נגמר"": עידן עמדי, חברם של משפחת גולדין המלווה אותם בשנים האחרונות, סופד להדר גולדין בדמעות ושר מעל קברו הפתוח",49,690677,64167,614,904,155,1691
7571390447285800212,2025-11-11,Video,"""שתדע, תמיד אהבתי אותך"": לאה גולדין נפרדת מבנה הדר גולדין, שזוכה סוף סוף לקבר ישראל אחרי 11 שנה",37,582731,42799,695,316,69,837
7571378011354778901,2025-11-11,Video,"בשעה זו מתחילה הלווייתו של סגן הדר גולדין ז''ל, שהיה 4,118 יום בשבי החמאס בעזה",74,51958,2498,69,18,5,37
7571213361241689361,2025-11-11,Video,וולקאם טו יהוד: שם טוב האבי חזר ובגדול (עופר חלפון),215,421301,28239,316,1648,250,1545
7571215411920915713,2025-11-10,Video,"""שידרו שקרים בטלוויזיה"": ההתפטרות ברשת BBC הבריטית - ואיך זה ישפיע עלינו? (דב גיל הר)",259,42674,1778,53,37,15,78
7571212087523921160,2025-11-10,Video,"קרויזר עם עוגה, בן גביר עם בקלאוות: חברי עוצמה יהודית חוגגים את המעבר של חוק עונש מוות למחבלים בקריאה ראשונה בכנסת @yaara.shapira",9,180670,10014,246,532,113,284
7571143739100384529,2025-11-10,Video,"רה""מ נתניהו הצהיר בכנסת מול משפחות שכולות מ-7 באוקטובר: ""לא נקים ועדת חקירה שחצי עם מאמין שהמסקנות שלה יהיו כתובות מראש"" (דקלה אהרן שפרן)",89,121920,5794,664,236,64,243
7570838527169121557,2025-11-10,Video,"זו עיר עם פוטנציאל מדהים"": בזמן שהממשלה גוררת רגליים בשיקום הצפון - יש מי שלא מחכים ולקחו יוזמה. אז כמה תעלה לכם וילה בקריית שמונה עם נוף ללבנון? @rubihammerschlag",295,138434,3847,52,219,53,197
7570838206137060629,2025-11-09,Video,"הסודות הגדולים וההחלטה הדרמטית לתקוף: חמישה חודשים מאז המלחמה עם איראן, צללנו בחזרה למבצע הגדול שנכנס לדפי ההיסטוריה וכלל הכנות של יותר מעשור בכל זרועות הביטחון הישראליות. אילו החלטות של ראש הממשלה נתניהו שינו את כל התמונה, ומה היה שורש הוויכוח בין צה""ל למוסד על פרויקט הדגל של מערכת הביטחון? (גילי כהן)",976,518148,16494,219,1028,441,1980
7570804684139564306,2025-11-09,Video,"משפחת גולדין עם מסר נוקב לאחר חזרתו של הדר: ""צריך לעסוק בערכים ולא באינטרסים, זה ישראלי, זה יהודי. הדר הוא הסמל לזה - הפקרנו את הסמל, עכשיו החזרנו אותו. המשימה שלנו היא לשמור עליו שלא יזדהם שוב.""",81,197312,7326,268,61,18,140
7570741211443612944,2025-11-09,Video,"""מלא מחבל*ם מתקרבים, שלא יהיה פה אירוע חט*פה מנחל עוז לרצועה"": הקלטות הקשר המצמררות מהטנק של צוות פרץ ב-7 באוקטובר (יעל צ'כנובר)",44,271604,18325,336,420,81,1176
7570740002242579729,2025-11-09,Video,"""כמה רציתי שהסוף יהיה אחר - שטעו, שתחזור בחיים"": אמו של איתי חן הי""ד נפרדה ממנו בכאב (יעל צ'כנובר)",72,44510,3344,180,20,2,77
7570684369627647250,2025-11-09,Video,"""סירב ללחוץ יד כי אני מישראל""👇 עמרי חביב זכה בתואר אלוף העולם בג'ו ג'יטסו בתחרות בבנגקוק בשישי האחרון. האלדיאר סריק, הלוחם הקזחי שהתחרה בחביב בגמר, איבד שליטה ורגע לפני סוף הקרב בעט בו. ""זאת לא הייתה הפעם הראשונה שאני מתחרה בו"", סיפר חביב. ""בדרך כלל הוא לוחץ את היד ומכבד – בתחרות הזאת הוא היה כנראה לחוץ ומתוסכל. הוא בעט בי כי רצה שאני אגיב, המאמן שלו טען שאני בעטתי קודם, בדקו ב-VAR וראו שלא בעטתי. ""כבר יצא בעבר שניגשתי ללחוץ יד ואנשים סירבו, אבל כל זה לא מעניין כי זכיתי. זו ההרגשה הכי כיפית בעול",23,367367,20642,205,210,37,522
7570469157393812756,2025-11-09,Video,"יותר מארבעה עשורים אחרי שר3ח שלושה אנשים בפצצה בסניף דואר בגבעתיים, שמעון גוטמן חשוד פעם נוספת (דניאל אלעזר)",645,501144,22171,270,1129,179,1589
7570463578021530900,2025-11-09,Video,"במסעדות, בחנויות ייעודיות ואפילו במגירות: איך הטירמיסו כבש את ישראל? (אנה פינס)",308,98261,4675,80,632,84,226
7570464759015886101,2025-11-08,Video,"החיים של ל1חמי כוח 100 התהפכו ביום שבו נעצרו בשדה תימן. עכשיו הם חושפים מה עברו מאז, ומתי נשברו (אילה חסון)",1069,555555,20959,1005,2127,860,1743
7570438609937960213,2025-11-08,Video,שרק תצחק: רום ברסלבסקי עלה ספונטנית לדבר בעצרת השבועית בכיכר החטופים @yaelciec,80,648160,62642,1168,1664,325,1566
7570436507694026005,2025-11-08,Video,העימותים מהמגרש זלגו לרחובות: קטטות אלימות ברחובות סכנין אחרי המשחק בין מכבי חיפה ובני סכנין. בתיעודים המופצים כעת ברשתות ניתן לראות את האוהדים בחולצות הירוקות ברחובות סכנין ואף תוקפים מסעדה מקומית (ליאן וילדאו),39,773804,17414,727,3724,1096,1136
7570376084466715911,2025-11-08,Photo,"אוהבים כדורסל? הנה כל מה שאתם צריכים לדעת על המפץ הגדול בכדורסל האירופי (איתמר מרגלית, שלו סגל) 📸: AP, אלעד גולדשטיין, מכבי Rapyd תל אביב ",0,77501,844,10,114,20,80
7570288461140249873,2025-11-08,Video,"חטיבה 401 של השריון נלחמה במלחמת חרבות ברזל שנתיים רצוף, מאז 7 באוקטובר עצמו, ואיבדה כמעט 50 לוחמים. העומס החריג של החזיתות והנפגעים הביא להקמת פלוגת חילוץ מיוחדת, שהוקדשה כל-כולה לפינוי ולטיפול בלוחמי גדוד 52 של החטיבה. סרטוני החילוץ שעדיין לא נראו נחשפים - עם סיכום המלחמה הארוכה ביותר שהלוחמים ידעו (אורי לוי)",727,673447,24124,260,737,172,1765
7570288077621497105,2025-11-08,Video,"זה התחיל ב-1989, כשכלבן אוסטרלי החליט להכליא יחד פודל ולברדור ויצר את הלבר-דודל הראשון. זה נמשך בעשור האחרון, כשהכלאות של פודל עם גזעים נוספים כבשו את אמריקה - ועכשיו זה מגיע לחופי ישראל, עם ביקושי שיא לגולדן-דודלים וללבר-דודלים, ומגדלים שמוכרים כל גור ב-20 אלף שקלים (יובל אגסי)",748,2587,30,5,2,2,2
7570287571738168593,2025-11-08,Video,"מהגר מוסלמי צעיר, שהוא גם סוציאליסט ואנטי-ציוני, עשה את מה שעד לא מזמן היה בלתי מתקבל על הדעת - ונבחר לראשות עיריית ניו יורק. הניצחון המדהים של זוהראן ממדאני מעלה לא מעט שאלות: האם זה הכיוון אליו תלך עכשיו המפלגה הדמוקרטית? עד כמה יהודי העיר צריכים לחוש עכשיו איום על ביטחונם? והאם אמריקה עברה את נקודת האל-חזור במלחמת התרבות שמפצלת אותה? (מואב ורדי)",746,88279,1155,69,33,15,82
7570257683396234514,2025-11-08,Video,"זה שלום זה? רגע אחרי ההצטרפות של קזחסטן להסכמי אברהם, לוחם קזחי בעט בצורה לא חוקית בעומרי חביב בגמר אליפות העולם בג'יו ג'יסטו, נפסל - ואז סירב ללחוץ את ידו",10,256372,7959,23,139,17,193
7570028653350882580,2025-11-07,Video,"טבח המוני - והעולם שותק: אוסומעין ברקה, שנמלט מהמלחמה בסודאן, מסביר למה התקשורת הבינלאומית מתעניינת רק במלחמה בעזה: ""הכול בגלל אינטרסים""  הכתבה המלאה של אנסטסיה סטוקנוב זמינה לצפייה באתר ובערוץ היוטיוב של כאן חדשות",50,460184,24246,49,572,103,980
7570010422829419797,2025-11-07,Video,"""אל תספרו לנו שהמהפכה הפמיניסטית הושלמה ושיש שוויון"": תמר אלמוג ויפעת גליק חושפות את ההודעות שהן מקבלות מדי יום ברשתות החברתיות",32,70162,818,30,11,3,34
7569986198152924436,2025-11-07,Video,"נועה איתיאל מצאה את מכשיר הטלפון של הפצ""רית בשחיית הבוקר השגרתית שלה - וסירבה לקבל את הפרס הכספי שהציע אדם פרטי: ""אני אזרחית שומרת חוק, טובת המדינה לפני הכול""  (עופר חלפון)",40,947632,47477,1696,3364,667,2283
7569977287878298887,2025-11-07,Video,"הטלפון שכולם מחפשים? נועה איתיאל היא השחיינית שמצאה הבוקר את הטלפון עם תמונתה של הפצ""רית בחוף הצוק. במרחק 200 מטר מהחוף היא הבחינה במכשיר טלפון במרחק 2 מטרים מתחתיה בקרקעית הים, כשיצאה איתו לחוף – ""קפצה לי התמונה של הפצ""רית עם עוד בחורה צעירה"". היא סיפרה שהתקשרה למשטרת גלילו, ולא נענתה לבקשה של אדם שיזם חיפושים בים והציע עבור המכשיר מאה אלף שקל. ""הלב שלי היה על מאתיים. אמרתי לשותפה שלי לשחייה נראה לי שאני מחזיקה בהיסטוריה"" צילום: איתן וארז גלאים",30,669784,23245,715,1081,283,1300
7569688520361512213,2025-11-07,Video,"טרנד הגולדן-דודלים הגיע גם לארץ - אבל באיזה מחיר? | צפו בכתבה המלאה הערב, בחדשות שישי",33,336371,14546,462,1066,322,651
7569713212149583124,2025-11-07,Video,האישה מאחורי ממדאני: מי את הגברת הראשונה של ניו יורק? (נתן גוטמן),173,177789,4033,237,214,69,198
7569711456954944789,2025-11-07,Video,"הטרקטורון של אביב נגנב מהעוטף - והגיע לעזה: ""אין לנו ביטחון"" @itsikzuarets",140,571984,21406,177,2227,568,1194
7569705818031918357,2025-11-06,Video,המפגש המפתיע בין קניה ווסט לרב פינטו: “הביע חרטה עמוקה על דבריו בנוגע לעם היהודי” (עמית הררי),150,12109,482,11,135,16,27
7569678436898278677,2025-11-06,Video,שלושה שודדים ניסו לפרוץ לחנות תכשיטים בבאר שבע. הם לא חשבו שטוני תילחם בהם בחזרה @mayarachlin,24,293852,12809,144,514,82,467
7569618592669519125,2025-11-06,Video,"הוארך מעצרם של תשעה קטינים החש@@ודים שהכו ופצעו נער בן גילם, שפונה לבית החולים במצב בינוני (אנה פינס)",33,514241,19454,1683,2293,411,1130
7569580514508557589,2025-11-06,Video,מה הילדים שלנו אוכלים? הצצה למפעל שמכין את החמגשיות לצהרונים @liran_kogahinoff,590,562315,20720,504,1459,489,1489
7569584419078409473,2025-11-06,Video,"אימו של סמ""ר עוז דניאל ז""ל שנר3ח ב-7 באוקטובר וג!פתו הוחזרה משבי חמא0: ""סוף סוף אתה באדמת הארץ שכל כך אהבת"" (נוב ראובני, יעל צ'חנובר)",43,27149,1309,57,6,1,29
7569580277614316820,2025-11-06,Video,"""סרטון אחד מחמאס מקפץ את כל העולם, אבל אלפיים איש נרצחים בסודן והתקשורת שותקת"": חברי הקהילה הסודנית בארץ דואגים למשפחה שנשארה באזורי הטבח בדארפור @anastasia.stu7",305,297904,18464,513,1026,153,1163
7569539016341622032,2025-11-06,Video,"למה צריך לשים לב כשקונים אייפון ב""אושר עד"" - חוץ מזה שזה זול יותר  (איתי שיקמן)",241,428629,19010,286,2565,846,1222
7569311433381416213,2025-11-05,Video,"אתי גלבוע, כוכבת ""בואו לאכול איתי"", נהנית מהחשיפה - ומתכננת להישאר באור הזרקורים: ""אני רוצה לעשות פרסומות, אני מקבלת כל כך הרבה תגובות!""  @Maya Rachlin ",60,56116,2150,41,198,35,116
7569284682240494869,2025-11-05,Video,"אימו של החטוף החלל סמ""ר איתי חן, שגופתו הושבה לארץ: ""הוא חזר שלם, לבוש בחולצת המש""צים שלו ובסרבל"" ❤️‍🩹",47,195646,15970,198,170,37,295
7569254580115000596,2025-11-05,Video,"ח""כ משה גפני, יו""ר דגל התורה, שוחח עם האברך אריאל שמאי - ששוחרר מהכלא הצבאי לאחר שנעצר על עריקות: ""מחזק אותך ומברך אותך, נעשה הכול כדי שזה לא יקרה יותר שוב""  (יערה שפירא) 📸: חיים גולבדרג, יונתן זינדל - פלאש90",16,58890,751,84,21,6,32
7569251230178872596,2025-11-05,Video,"הפרס למוצא - 100 אלף ש""ח: עשרות הגיעו לחוף הצוק כדי לחפש את הטלפון של הפצ""רית (אנה פינס)",39,616745,36438,196,843,93,963
7569242798117997844,2025-11-05,Video,"""טעם של אוכל של כלבים"": אימהות וילדות התכנסו למבחן טעימה עיוורת של מנות מחברות קייטרינג שמספקות מזון לצהרונים. איזו חברה קיבלה את הציון הנמוך ביותר - ומה הילדים שלכם אוכלים בצהרון?  (לירן כוג'הינוף)",45,377797,16000,170,338,57,557
7569221557550075157,2025-11-05,Photo,,0,36323,569,14,179,20,36
7569208218904251668,2025-11-05,Video,"דם על שולחנות בית הספר: נער בן 15 נד@ר בידי תלמיד אחר בתיכון באשדוד, מצבו בינוני  (איציק זוארץ)",12,1318643,69693,2001,23057,2890,5252
7569201688465231124,2025-11-05,Video,"אחרי שזכה בתואר ""הגבר הסקסי בעולם"" של מגזין פיפל - כוכב ""ברידג'רטון"", ג'ונתן ביילי, סוגר חשבון עם כל מי שאמר לו שיציאה מהארון תפגע לו בקריירה (עמית הררי)",58,322875,19571,219,980,97,620
7569158309169696017,2025-11-05,Video,המבנה שעומד ברומא כבר 800 שנה התמוטט מול המצלמות - אדם נהרג (מיכל רשף),171,67684,1378,10,148,34,60
7569125262638599425,2025-11-05,Video,"לפחות 7 בני אדם נהרגו ו-11 נפצעו בהתרסקות מטוס מטען בנמל תעופה בארה""ב",25,201589,9361,120,459,90,413
7568966970582797588,2025-11-05,Video,חשבתם פעם מה יש באוכל בצהרון? התשובה בפנים @liran_kogahinoff,747,1297668,31460,1304,9582,4317,3522
7568965336645586196,2025-11-04,Video,"החיפושים אחר מכשיר הטלפון הנעלם של הפצ""רית נמשכים במרץ. למאמצים של כוחות הבטחון הצטרפו גם לא מעט חובבי אתגרים וגלאי מתכות, שאף הכריזו על פרס כספי למוצא (אנה פינס)",236,664370,31291,606,2125,382,1298
7568895431657213205,2025-11-04,Video,"מעיין אורון לא תכננה להפוך לתופעה, היא פשוט התחילה לתעד חנויות קטנות - ומשם נולד המיזם ""מפיצים אור"" @maayan_oron",84,221130,22118,150,219,24,535
7568895210097265936,2025-11-04,Video,"יש מי שמחפשים את הטלפון של הפצ""רית בחוף בשביל הפרס, ויש את רחמים (אנה פינס)",29,262145,10298,89,178,30,240
7568867628152786197,2025-11-04,Video,"""איבדתי חבר"": אל""מ טל אשור נפרד מחברו הקרוב אסף חממי ז""ל",31,326509,19985,490,357,151,509
7568864775225085185,2025-11-04,Video,"טראמפ אולי מתגאה בסיום מלחמות, אבל הפעולות של ארה""ב בוונצואלה יכולות להתחיל מלחמה חדשה סיפור עולמי | יואב זהבי",410,80157,1898,33,68,27,144
7568858495970200849,2025-11-04,Video,"⁨ באיראן מציינים בחגיגות את יום ההשתלטות על השגרירות האמריקאית ב-1979. ניתן לראות ברחובות טהראן ילדים נושאים דגמי טילים דורכים על דגלי ישראל וארצות הברית, בובות של טראמפ וביבי, חלקן אף נתלו באוויר, והמחזה של הלוויות לחללי צה""ל (יובל ענבר, עומר שחר)",28,179677,4712,118,187,31,221
7568835921164995841,2025-11-04,Video,שורד השבי איתן מור חזר לראשונה היום לבית הקפה רוסטרס ברחוב בצלאל בירושלים בו עבד עד לחטיפתו ואפילו הכין קפה ראשון @haimgoldich,22,221253,14645,91,208,36,320
7568623145960180993,2025-11-04,Video,קרן פלס שלחה שיר לקדם אירוויזיון היווני - האם באירוויזיון הבא נפגוש אתגר מכיוון לא צפוי? @amitharari,279,69507,2582,39,61,9,98
7568624369895771408,2025-11-03,Video,הפעם זה ייצא לפועל? @yaara.shapira,146,147346,5182,286,141,47,207
7568614926219021585,2025-11-03,Video,חושבים שאתם יודעים מה הילדים שלכם אוכלים בארוחת הצהריים? שלחנו את האוכל בצהרונים לבדיקות מעבדה ומבחני טעימות | כל התוצאות המפתיעות - החל ממחר (שלישי) ב-20:00 בפרויקט המיוחד של כאן חדשות @liran_kogahinoff,38,527131,26003,767,2079,538,2115
7568540176033647888,2025-11-03,Video,מה חושבים לוחמי כוח מאה על ההתפחות בפרשה?,55,145179,5511,350,180,56,217
7568233205749304577,2025-11-03,Video,"הגזרה הצפונית מתחממת? בחיזבאללה ממקדים מאמץ בהתחמשות מחדש, אך ממשיכים לספוג אבדות כתוצאה מתקיפות ישראליות - כשבשטח מחבלי הארגון מתוסכלים מחוסר היכולת להגיב (אנסטסיה סטוקנוב)",135,191065,4087,65,104,36,162
7568230828241702160,2025-11-02,Video,"""היא כמעט רצחה את בת זוגה בגלל הסמים"": הדוגמנית לין פאר בת ה-31 היא החשודה ברצח בפרשת מותו של שלום ניסים בפתח תקווה. פאר נחשפה לציבור בעבר כשהייתה אחת המתלוננות נגד סוכן הדוגמניות שי אביטל. אלון, בן זוגה לשעבר של פאר שנדקר על ידה לפני מספר חודשים, הגיב לראשונה לאירוע הקשה, סיפר לכתבתנו על רגעי האימה - והצהיר: הכתובת הייתה על הקיר @hadasgrinberg",223,778992,22157,411,1937,470,1536
7568199944314555664,2025-11-02,Video,"אין גבול לחוסר האנושיות: זמן קצר אחרי שהופרך החשש ששמה ק.ץ לחייה - פעילי ימין התאספו מתחת לביתה של הפצ""רית והאשימו אותה בבגיד.ה @hadasgrinberg",14,549194,23580,2276,691,165,642
7568125506399243541,2025-11-02,Video,כשהוא מתופף ועטוף באנשים - בר בדרך הביתה לחולון!  (יואב בורוביץ'),21,78385,2820,20,31,5,55
7568096854236237072,2025-11-02,Video,"""עושה הכול כדי להחזיר את הבנים הביתה""👇 מה חשב רבין על שחרור חיילים חטופים? ב-1985 נחתמה עסקת ג׳יבריל ומאות מחבלים שוחררו בשביל להחזיר שלושה חיילים חיים מהשבי. אורי לוברני ז״ל, שהיה מתאם פעולות הממשלה בלבנון, סיפר בריאיון שנחשף לראשונה: ""רבין התחרט על זה"". את הלחץ לביצוע העסקה הוא ייחס למרים גרוף, אמו של אחד החיילים: ""כולם פחדו ממנה פחד מוות"". הסיפור הזה וסיפורים נוספים נחשפים בפעם הראשונה בהסכת תיעודי בהגשת יואב קרקובסקי, ""רבין: עכשיו כבר מותר לספר"", פרויקט של רשת ב׳ שחושף מסמכים וראיונות שעד עכ",52,614500,27574,621,630,186,1170
7567880972121689361,2025-11-02,Video,"ביישובים הכי פסטורליים בארץ עם אוכלוסייה שברובה אמידה, חווים התושבים על בסיס קבוע רעש מירי מנשק אוטומטי - ולא רק רעש. הקליעים גם מגיעים לחצרות הבתים, הם מגיפים את החלונות וחווים מבחינתם סוג של טרור משכניהם ביישובים הסמוכים. הרבה שנים הם שתקו, מהפחד, מאי הנעימות אבל כעת נמאס להם. הם לא מוכנים לשתוק (דניאל אלעזר)",700,636303,16107,436,3429,976,1399
7567880430389628176,2025-11-01,Video,"40 מנהיגים, יותר מ-20 שנות בנייה ומבנה ענק אחד שנחנך בסוף השבוע בגיזה: נשיא מצרים א-סיסי הפך את השקת ""מוזיאון התרבות המצרית העתיקה"" לפסטיבל להאדרת שמו @roikais1987",218,204690,4003,173,224,99,285
7567819688470760705,2025-11-01,Video,שורד השבי מתן צנגאוקר הגיע לראשונה לכיכר החטופים עם אמו עינב ובת זוגו שורדת השבי אילנה גריצווסקי (אנה פינס),35,269096,12009,1195,440,150,333
7567512602201312532,2025-11-01,Video,"""אני לא בעניין של גיוס, אני בעניין של עבודת השם"": הקולות מעצרת התפילה בירושלים (אורי לוי)",533,102063,3211,121,58,14,149
7567328971247996177,2025-10-31,Video,"החיים חזרו לעוטף עזה, ובעלי דוכני הקפה המקומיים מוכיחים שאין תקומה בלי משהו טוב לאכול | מקורב לצלחת @amsterdamski2",579,48620,672,5,32,18,41
7567328161881410832,2025-10-31,Video,"עכשיו כשאין חטופים חיים בשבי, אפשר להתחיל לשאול: איך אפשר להעמיד אותם לדין? @yaara.shapira",166,272557,4239,80,65,19,223
7567359631329103124,2025-10-31,Video,אחרי שנתיים בהן לישי הבטיחה לבנות שאבא עמרי מרגיש אותן בשבי - היא גילתה שצדקה @yaelciec,49,53269,1233,15,11,2,44
7567327205810769168,2025-10-31,Video,"עמרי מירן חזר הביתה, וסוף סוף אפשר להגיד ״אבא״ - בלי להשלים אחר כך ״בעזה״ @yaelciec",260,275397,22496,55,90,14,522
7567325921993100560,2025-10-31,Video,שהחיינו וקיימנו והגיענו: בר קופרשטיין ואביו טל מניחים תפילין ביחד בכיכר החטופים,90,135597,12371,94,370,126,350
7567110315528260884,2025-10-31,Video,רק בת 13: הכירו את אביגיל ויסמן - הכוכבת הבאה של ישראל🤩 (עמית הררי),625,586553,28265,1486,4327,322,1874
7567117813236632853,2025-10-31,Video,"הסודות של דודו טופז: ההקלטות האחרונות של הראשון בבידור נחשפות – ""אני לא שטן"" (יפעת גליק)",672,187122,5934,34,161,49,501
7567116386942618901,2025-10-30,Video,"״רעדתי, אבל קיבלתי עידודים לא מהעולם הזה״: הנגד ארי רוזנפלד מפרשת המסמכים המסווגים מדבר לראשונה | הסרט המלא של שלי טפיירו ישודר אחרי חדשות השבת בכאן 11",90,56939,909,9,33,17,63
7567104297620606228,2025-10-30,Video,"גיא וגאיה גלבוע-דלאל מציגים: תירוץ השנה להיעדרות מבית הספר⁩ 📷: בועז אופנהיים - לע״מ, טיקטוק",16,271609,29482,95,503,43,983
7567094018253868304,2025-10-30,Video,"סמ""ל מ', החייל החרדי שניגן בפסנתר בתחנת הרכבת: ""הגעתי כדי להעביר מסר של אחדות. הייתה לי התלבטות אם להתגייס, אבל אני גאה להיות חלק מהחטיבה הסגולה""",250,49874,1571,71,51,28,64
7567076316072348948,2025-10-30,Video,"לא ייאמן: השלט לזכר אביב ואופיר ז""ל שנפלו ב-7 באוקטובר - הושחת בפעם השלישית",29,78793,3483,63,100,16,70
7567011694199770388,2025-10-30,Video,יש דרך להתחמק ממחירי המופעים בחנוכה הקרוב? (דורית אסרף-מזרחי),208,111460,3535,81,87,29,203
7567047725825477909,2025-10-30,Video,"""איך אמא אמורה לעמוד בזה?"": אופיר צרפתי ז""ל הובא למנוחות - בפעם השלישית 💔",69,275746,24417,358,151,20,501
7567009800144342292,2025-10-30,Video,עשרות ישראלים תקועים בסופת שלג בנפאל ומחכים לחילוץ (אורלי אלקלעי),195,49366,574,7,40,9,28
7567026022495816976,2025-10-30,Video,אסון בהפגנה בירושלים,11,1054635,31343,736,1975,274,1337
7566981396045024533,2025-10-30,Video,יצרן הגלידות הוותיק עזב את החברה שהקים (בן&ג׳ריס) כדי לייצר גלידה עבור ״שלום בפל0סטין״ (נוב ראובני),180,157465,3848,175,238,39,188
7566980233987919125,2025-10-30,Video,סיי צ׳יז: יותר ויותר מקשטות באבני חן דווקא את השיניים (עופר חלפון),175,95764,1337,70,143,36,129
7566969459366366485,2025-10-30,Video,המוזיקה מאחדת? חייל שר ומנגן ביחד עם בני הישיבות בתחנת הרכבת בירושלים - שבדרכם לעצרת נגד הגיוס (הדס גרינברג),37,72875,3882,108,131,57,84
7566953266743905556,2025-10-30,Video,"הדרך לעצרת התפילה עוברת בתחנת יצחק נבון בירושלים: אלפי בני ישיבות בדרכם כעת לירושלים לעצרת המחאה נגד הגיוס. כביש 1 לירושלים כבר סגור, ותחנת הרכבת צפויה להיסגר גם היא בשל העומס הכבד בשעות הקרובות (ורד פלמן, הדס גרינברג) צילום: חדשות עכשיו",12,425357,13772,1052,2942,845,548
7566952554450554128,2025-10-30,Video,"חרדים בדרך ל""עצרת המיליון"" נגד הגיוס וחיילים בתחנת הרכבת יצחק נבון בירושלים. צילום: יונתן כהן",9,481918,31101,661,2704,513,1109
7566948912259714324,2025-10-30,Video,"עימות חריף בין המשפחה של המטפלת חביבה ושדי ובין המואשם ברצח שלה, שמעון גוטמן (ורד פלמן)",48,767464,18659,375,672,198,1299
7566766750075817237,2025-10-30,Video,פרופ' נורית יערי בת ה-78 יצאה מבית החולים איכילוב ביום ראשון האחרון - ועקבותיה נעלמו. החיפושים אחריה נמשכים (אנה פינס),300,484474,11855,617,723,236,865
7566768516901145877,2025-10-29,Video,חקירה פלילית נפתחה בעקבות הדלפת הסרטון משדה תימן - שהציג התעלל!ת לכאורה בעצור פלסטיני (תמר אלמוג),148,831438,19060,784,927,320,1223
7566723259203390721,2025-10-29,Video,"לתפארת מדינת ישראל: השרים מיקי זוהר מהליכוד ויצחק וסרלאוף מעוצמה יהודית כמעט גלשו לעימות פיזי. בתיעוד שפורסם בכאן חדשות נראים השניים מתעמתים מילולית כשאזרחים ניגשים להרחיק אותם זה מזה. העימות פרץ בשולי הקונגרס הציוני, שבו נותרה מפלגת עוצמה יהודית בחוץ לאחר ""דיל"" של הליכוד עם האופוזיציה",50,52828,555,134,112,60,47
7566659848524401941,2025-10-29,Video,סדר עולמי חדש: הסיפור מאחורי הפסקת האש בעזה,426,234644,5619,172,1820,1047,711
7566621487638056213,2025-10-29,Video,"הם נכנסו לעומק מנהרות חמאס, אל פינות שאף לוחם ישראלי לא היה לפניהם - עכשיו הלוחמים שחילצו 18 חללים מהמנהרות חושפים את מה שאיש לא ראה, עם תיעוד בלעדי של המבצעים (אלון שרביט)",90,547986,20021,189,332,116,863
7566599296267717889,2025-10-29,Video,"במסעדה הזו לא רק ההמבורגרים הפכו ויראליים - גם הבעלים. כפיר ארביב, ממסעדת ""טרומן אנד קו"" באיירפורט סיטי, צבר מיליוני צפיות לסרטונים שמציגים לא רק את הרגעים הכיפיים - אלא גם את הצדדים הפחות זוהרים של ניהול מסעדה בישראל (עופר חלפון)",240,361104,25361,176,843,156,829
7566607956867910932,2025-10-29,Video,"בן מ""בן אנד ג'ריס"" משיק טעם גלידה בטעם פרו פלסטיני? 👇 בן כהן, ממייסדי ""בן אנד ג'ריס"", פרש באחרונה מהחברה בטריקת דלת, וטען כי חברת-האם יוניליוור מנעה ממנו להשיק טעם חדש שמביע סולידריות עם הפלסטינים בעקבות זאת, כהן החל בייצור עצמאי של גלידה בטעם אבטיח – שלדבריו נועדה ""לקדם שלום יציב בפלסטין ולסייע בשיקום ההרס"". הוא אף פנה לציבור בבקשה לעצב את הלוגו ולבחור שם לטעם החדש כהן הוסיף: ""כמות הסבל של הפלסטינים בשנתיים האחרונות בלתי נסבלת – במיוחד של ילדים. הם עדיין חיים תחת כיבוש ומתאוששים משנים של דיכוי.",5,402961,15543,660,1220,102,609
7566588463898725633,2025-10-29,Video,"הם נכנסו לעומק מנהרות חמאס, אל פינות שאף לוחם ישראלי לא היה לפניהם - ובמבצעים נועזים הצליחו לסגור מעגל עבור משפחות חטופים - עכשיו הם חושפים בפנינו את מה שאיש לא ראה (אלון שרביט)",934,588975,26006,461,1091,419,1521
7566560525107088657,2025-10-29,Video,"דרמה בבג""ץ: חרדים התפרצו לדיון על הגיוס וצעקו לעבר השופטים - ""נמות ולא נתגייס"" (ורד פלמן ודקלה אהרון שפרן)",15,610018,4572,425,334,93,282
7566535065266572545,2025-10-29,Video,"למה טראמפ רומז 🧐? ""חמאס חייב להתנהג יפה, או שיחוסל. ישראל יכולה להיות זו שתעשה את זה - אבל גם מדינות אחרות"" @ramelibrandts ",17,191542,5641,209,145,53,188
7566381478959942933,2025-10-29,Video,בין פורדיס לזיכרון מפריד כביש - ובשתיהן מנסים להבין איך אפשר לחיות בשקט  (אורלי אלקלעי),230,145980,1637,66,1156,462,245
7566379184205991188,2025-10-28,Video,"ארי רוזנפלד, הנגד שמאחורי פרשת המסמכים המסווגים: ""רציתי שהמידע יגיע לדרג מקבלי ההחלטות"" (שלי טפיירו)",230,139171,2779,82,231,80,316
7566352787496258837,2025-10-28,Video,הדוגמנית ביקשה לפטר את עורכי הדין שלה בתחילת הדיון: פרטים חדשים בפרשת הדוגמנית שחשודה ברצח (אנה פינס),173,760784,16151,368,1339,506,1273
7566328996460252433,2025-10-28,Video,איזה כיף שאתה פה 💛,41,117873,13103,994,100,21,185
7566256563158142229,2025-10-28,Video,בגלל תקלה חמורה בבדיקות: חשש שחולות סרטן שד ורחם קיבלו טיפול שגוי (נוב ראובני),160,95921,2139,27,325,161,127
7566254371932097812,2025-10-28,Video,רובוטים ובינה מלאכותית בדרך לשפר את החופשה הבאה שלנו @ittaishick,153,28339,324,5,10,1,10
7566214907524402452,2025-10-28,Photo,"זו השנה השניה ברציפות שפחות תלמידים בישראל לומדים 5 יחידות במקצועות הטכנולוגיים, ובראשם כמובן 5 יח״ל מתמטיקה  @liran_kogahinoff ",0,172549,8296,348,1285,91,318
7566008592982134036,2025-10-28,Video,תיעוד ממצלמה נסתרת: כתבת כאן חדשות נכנסה בזהות בדויה לאחת מאוניברסיטאות היוקרה בלב פריז – וגילתה את הפנים המדאיגות של דור העתיד של צרפת (מאי לורנס ביסמוט),996,157246,3608,118,176,64,271
7566007053609602325,2025-10-28,Video,מתקשה ללכת ונעזר במקל: התיעוד האחרון של סינוואר - ימים לפני שח!סל @itayblumental1,177,843520,29710,314,1023,233,1978
7566010673252044052,2025-10-27,Video,"ח""כ אביחי בוארון מהליכוד הודיע שישתתף בהפגנת המיליון של החרדים נגד גיוסם לצה""ל - יונתן שלו, מייסד תנועת ""כתף אל כתף"", לא נשאר חייב @lielkyzer1 @akiva.novick",90,544739,27871,1280,546,78,1014
7565984606302801173,2025-10-27,Video,אייל גולן אירח בהופעה בפארק הירקון את שורדי השבי מתן אנגרסט ובר קופרשטיין (דורית אסרף מזרחי),19,95529,4986,34,194,42,120
7565974908551941396,2025-10-27,Video,תיעוד מאילת: כריש נצפה ליד חוף הדתיים @itsikzuarets,21,162348,3722,89,602,153,155
7565969995994369301,2025-10-27,Video,סגירת המעגל של אביתר ❤️ (אנה פינס),21,37007,2234,22,15,5,27
7565908671570398485,2025-10-27,Video,"""היית עוגן"": ההספד של אלי שרעבי לאחיו יוסי ז""ל 💔",84,39087,1767,56,18,8,31
7565574717646605576,2025-10-26,Video,רועי קייס מכור והוא יודע את זה: איך נראה יום בחיים של כתב בחטיבת החדשות הגדולה בישראל? #חדשות_זה_כאן @roikais1987,103,85932,2363,47,49,11,90
7565530180115123474,2025-10-26,Video,בנסיבות הכי משמחות שיש: מחלקת השבים בבית החולים בילינסון נסגרת - ושורד השבי אביתר דוד כיבה את האורות (נוב ראובני) 📷: דוברות בילינסון,14,280662,22564,49,180,27,298
7565449690703990034,2025-10-26,Video,שלושה חודשים בשלושים שניות: איך ייראה האולפן החדש שלנו? הערב כולם עומדים לגלות  #חדשות_זה_כאן,37,25942,251,22,2,1,14
7565288975896792341,2025-10-25,Video,"תיעוד ויראלי מהימים האחרונים מטהרן: המוני צעירים וצעירות משתתפים בהופעת רוק ברחוב איראנשהר, באזור השגרירות האמריקאית לשעבר. מאז ""מחאת החיג'אב"" מלפני כ-3 שנים, המשטר האסלאמי נמנע יותר ויותר מאכיפת חוקי הצניעות. עם זאת, לפי מספר דיווחים של גולשים איראניים, לאחר שהסרטון הפך לפופולארי הנגנים שהופיעו נעצרו לחקירה.",24,545274,35282,425,654,91,981
7565264462337363207,2025-10-25,Video,המומחים עדיין מנסים לפענח איך קרה השוד במוזיאון הכי מפורסם בעולם - הלובר (עמית ולדמן),447,387760,13250,206,670,175,985
7565251710441049351,2025-10-25,Video,"אביו של גיא גלבוע דלאל: ""צילמו לגיא סרטון דומה לזה שבו אביתר חופר לעצמו קבר – אחרי שהסרטון של אביתר עורר זעם בעולם, החליטו לגנוז את הסרטון של גיא ולתת להם לאכול"" (מואב ורדי)",30,51152,2009,7,9,0,40
7565234356868975879,2025-10-25,Video,מול אלפים: אייל גולן קיבל את פניו של אלקנה בוחבוט ששב משבי חמאס בשבוע שעבר (דורית אסרף מזרחי),29,49409,1976,36,65,26,50
7565201558107852050,2025-10-25,Video,"חמאס ממשיך להפר את העסקה - וארה""ב מונעת מישראל להטיל סנקציות על חמאס בתגובה (גיא מעיין)",41,130953,1628,61,44,8,43
7565183706562940168,2025-10-25,Video,"""ביום הראשון גיא אמר לי: סוף סוף מחבקים אותי אחרי שנתיים של מכ!ת"" - אביו של גיא גלבוע דלאל מספר על החזרה של בנו לחיים כאדם חופשי, וגם על ההתמודדות עם הפציע!ת בנפש שלא רואים מבחוץ (מואב ורדי)",67,54197,2306,24,49,14,67
7565154503167642888,2025-10-25,Video,על רקע התנגדות ישראל למעורבות טורקיה בכוח הבינלאומי בעזה - תיעוד מהעיר הטורקית טרבזון חושף מפגן שנ.אה נגד נתניהו @itayblumental1 (עומר שחר),20,221113,4930,220,1145,182,363
7564881989564697863,2025-10-25,Video,"קוראים לו אלון רטר, והוא נולד לאחת המשפחות הכי נחשבות בישראל - סבא של אלון הוא עמוס עוז, ואימו היא גליה עוז. עם המטען המשפחתי והתרבותי הזה, בחר אלון לחיות חיים מרדניים ואנטי בורגניים בעליל - כולל הזדהות כאישה, כולל פרנסה מזנות בגנים ציבוריים, כולל בימוי סרטים חושפניים על חייו (יותם וקס)",839,480033,14004,285,897,203,1420
7564880751678737671,2025-10-24,Video,"לתל אביב יש היסטוריה ארוכה של אורחים זרים שהתלהבו מהרחובות ומאתרי הבילוי שלה, אבל הרומן בין שליחי טראמפ למזרח התיכון וויטקוף וקושנר למסעדה ""פרא"" ברחוב נחלת בנימין הוא לגמרי אהבה מהביס הראשון (מואב ורדי)",683,439627,11110,145,956,371,935
7564729560282057992,2025-10-24,Video,"הצד האפל של השחמט: אחרי שהואשם על ידי ""הבריון"" של התחום שרימה, דניאל נרודיצקי נמצא בביתו ללא רוח חיים @erancicurel1",197,114198,3448,65,159,34,158
7564727169599999239,2025-10-24,Video,גלידריית שמנא בפרדס חנה מתעקשת: גלידה ישראלית מחומרים מקומיים בלבד @amsterdamski2,488,484538,21526,169,2383,767,1803
7564764577527827719,2025-10-24,Video,"מה עמוס עוז היה חושב על הנכד שלו אלון רטר, שקורא לעצמו גם אלונה, לובש שמלות וחזר בתשובה? הכתבה המלאה הלילה ב-21:00, בחדשות השבת (יותם וקס)",69,558233,13564,296,3598,195,1219
7564747435256352007,2025-10-24,Video,"""הרגשתי את האהבה שלכם במנהרות בעזה"": רגע לפני שנכנס לביתו בלבון, אלון אהל הודה לכל מי שתמכו במשפחה שלו ונאבקו להשיב אותו הביתה",30,188096,9194,77,62,15,190
7564724370883480840,2025-10-24,Video,"התרגיל הגדול ביותר של צה""ל בגבול הצפון מאז תחילת המלחמה מנסה להיערך לאתגרים של מחר במקום לטעויות של אתמול @rubihammerschlag",371,613747,16768,180,2253,628,1198
7564720786439687431,2025-10-24,Video,הכניסה ליישוב לבון שבגליל התמלאה בתושבי האזור שנאספו לברך את אלון אהל שחוזר הביתה (חן ביאר),25,219965,14681,71,247,37,244
7564509239075540241,2025-10-24,Video,"אייר ג'ורדן באוויר: מלך הכדורסלנים חוזר לפרקט בתפקיד חדש, הפעם מאחורי המיקרופון @yoavborowitz",247,125520,5723,89,394,120,342
7564710203724238087,2025-10-24,Video,"ירדנה ארזי מסכמת שנתיים שבהן שירה ""הביתה"" מושמע בכיכר החטופים, ושמחה שעכשיו יוכלו לנגן אותו קצת פחות ואולי להיזכר בכמה שירים אחרים שלה... צפו בראיון המלא איתה היום ב-17:00, אצל גליק ותמר בשישי @ifatglick1 (תמר אלמוג)",23,17763,207,5,4,2,11
7564706772045335815,2025-10-24,Video,⁨ אלון אהל שוחרר מבית החולים ויחזור סוף סוף לביתו בצפו (חן ביאר),100,26435,1262,14,3,1,30
7564506513474211073,2025-10-24,Video,אחרי שמוחים פרו פלסטינים פרצו לכיתת הפרופסור הישראלי - עכשיו הוא מגיב (דב גיל-הר),199,118488,4471,137,67,18,178
7564501484063264016,2025-10-24,Video,בטבעת שקנה לפני שבעה באוקטובר: אלי-ה כהן כרע ברך והציע נישואין לזיו עבוד (אנה פינס),199,23103,1152,8,7,0,28
7564502831135198465,2025-10-23,Video,"בדרך לביתו בקרית ביאליק, מתן אנגרסט ביקש לעצור באצטדיון סמי עופר (חן ביאר)",219,342355,13406,95,177,50,374
7564426856494157064,2025-10-23,Video,מרגש: אלי-ה כהן הציע נישואין לזיו עבוד 😍💍,76,83869,10238,144,423,91,246
7564422006742027538,2025-10-23,Video,איך נראים האולפנים החדשים שלנו? בראשון הקרוב גם אתם תגלו #חדשות_זה_כאן,48,13210,172,11,4,2,3
7564421356524162312,2025-10-23,Video,"כבר לא צריך לדמיין: הקליפ של ""סוף טוב"" התגשם עם התמונות שכולנו חיכינו להן  @amitharari",113,124106,10336,41,209,25,325
7564420227736276231,2025-10-23,Video,"בזמן חגיגות השחרור של מתן אנגרסט הביתה מכפר המכביה, מתן חיבק את טל, אביו של בר קופרשטיין, וחגי אבא של מתן סיפר לו על הדרך שאבא שלו עשה כדי לחבק אותו על הרגליים כשיחזור סוף סוף הביתה (אנה פינס)",19,113943,8975,37,99,15,245
7564379798278081809,2025-10-23,Video,סמוטריץ' במתקפה על סעודיה: נורמליזציה תמורת מדינה פלסטינית? תמשיכו לרכוב על גמלים במדבר @yaara.shapira,15,69006,1257,227,148,58,54
7564372473894964498,2025-10-23,Video,"""מקבל חיבוק ענק מהציבור"": ימים ספורים אחרי שחזרו לישראל - שורדי השבי מדברים לראשונה (אורי לוי)",207,252686,6714,53,199,46,292
7564360061422669073,2025-10-23,Video,"""סליחה שלא באו לעזור לך ונשארת שם לבד"": רוני נפרדה מאחיה הגדול תמיר אדר ז""ל, שנפל בקרב הגבורה על ניר עוז והושב מעזה אחרי שנתיים (@itsikzuarets אסף פוזיילוב)",61,26134,1280,39,19,3,31
7564126324793609493,2025-10-23,Video,בפעם הראשונה בהיסטוריה: יתושים נמצאו מתעופפים באיסלנד – ועוררו בהלה🦟,139,238455,8549,75,466,74,354
7564124222843276564,2025-10-23,Video,"פלוגת תומר בגבעתי הייתה אמורה לקלוט אליה מאות צעירים חרדים מועמדים לגיוס, אבל חלומות לחוד ומציאות לחוד – בצה""ל התאכזבו מאוד מנתוני הגיוס, ושוקלים לסגור את הפלוגה (יאיר אטינגר)",227,208166,10882,109,377,93,331
7564126699181362453,2025-10-22,Video,"""אני ישראלית ברברית גאה"": מה הסיפור של המתחרה שגונבת את ההצגה ב""בואו לאכול איתי""? @yoavborowitz",420,151431,4880,50,159,31,218
7564075669617970453,2025-10-22,Video,"ההספד קורע הלב של אלה, אלמנתו של טל חיימי ז""ל: ""חזרת לבוש ושלם. נגעתי בכל חלק וחלק ממך. אתה יכול לנוח, אתה מוגן. לא יכול לקרות לך יותר כלום"" 💔 (אסף פוזיילוב)",86,103230,8975,192,38,10,184
7564025919053090069,2025-10-22,Video,"חזר למדים: שורד השבי סרן במיל' מקסים הרקין, שסיים קורס קצינים כחודשיים לפני שנחטף לעזה, הגיע לטקס המצטיינים ביחידתו 💪 @Itay Blumental איתי בלומנטל ",41,91055,5993,111,215,58,152
7564002365754314005,2025-10-22,Video,"אמו של סגן עידו ז""ל שנפל ב-7 באוקטובר: ""אם לא תוקם ועדת חקירה ממלכתית - נוציא את העם לרחובות"" (דקלה אהרן-שפרן) 📷: דוברות הכנסת",78,157355,7516,1058,284,62,219
7563938016897584402,2025-10-22,Video,"החדשות זה כאן.  מוכנים? כאן חדשות עם אולפן חדש, מיתוג חדש ותוכן חדש - בטלוויזיה, ברדיו ובדיגיטל. בואו להתחדש!",58,28939,351,25,14,3,35
7563761142477229333,2025-10-22,Video,"⚠️אזהרה: הכתבה מכילה תיאורים קשים⚠️ ""זה א!שוויץ קטן"": העדויות של השוטרים שהיו רגילים לזירות רצח - וגילו ששום דבר לא יכול להכין אותם למה שראו במחנה שורה | #הסודות_של_שורה",902,596403,23525,374,1317,509,2432
7563767878990826772,2025-10-21,Video,"ישל קדוש, שרצח לפני חודש את בת זוגו לשעבר מירן ביתן וירה בעצמו - מת מפצעיו. בעבר חשפנו את התלונות שנסגרו, ואת השיחות המצמררות בין השניים, שהן כרוניקה של רצח ידוע מראש @itsikzuarets",209,559232,12134,420,997,305,770
7563690516571802897,2025-10-21,Video,"""מתרגש מאוד, מהשנייה שחזרנו לישראל אנחנו מוצפים בהמון אהבה"": המונים ליוו את אבינתן אור, שהשתחרר היום מבית החולים, בדרך לביתו בשילה @haimgoldich",28,270160,19020,66,202,20,347
7563662232068934913,2025-10-21,Video,בכבוד מלכים: אבינתן אור השתחרר מבית החולים - המונים קיבלו את פניו ❤ @haimgoldich,32,330537,4322,36,56,14,156
7563392639274339605,2025-10-21,Video,תפתחו תסטורי: עומר אדם כובש את ניו יורק 🤩,179,505024,39247,652,2732,1005,1435
7563396199164759317,2025-10-21,Video,⚠️הכתבה מכילה תיאורים קשים⚠️ החיילים שראו במו עיניהם את זוועות 7 באוקטובר מדברים על המחיר הנפשי הכבד #הסודות_של_שורה,711,460427,22800,350,953,275,1914
7563356071893519632,2025-10-21,Video,"⚠️ הסרטון מכיל תיאורים קשים ⚠️ החיים והמו1ת התערבבו סביב שלמה בזמן שעבד במחנה שורה, כשמיהר מזיהוי החללים היישר לחדר הלידה של אשתו, רק כדי לגלות שהמו!ת עקב אחריו גם לשם #הסודות_של_שורה (אלון שרביט)",48,329177,15530,109,238,63,568
7563353880319331600,2025-10-20,Video,"⚠️ הסרטון מכיל תיאורים קשים ⚠️ ""שק אחרי שק אחרי שק כמו קופה בסופר"": יהודה ששירת בזיהוי חללי הטבח לא עבר שום הכנה לפני שנחשף לזוועות של מחנה שורה | #הסודות_של_שורה (אלון שרביט)",55,616004,46559,448,1146,199,2041
7563397225343143188,2025-10-20,Video,בת לניצולת ש!אה קב7ה את אמה בחצר  – רק כדי לקבל את השילומים שלה מגרמניה. כך נחשפה האמת המזעזעת (מיכל וסרמן ואורלי אלקלעי),243,685009,31943,855,2966,589,1726
7563373657746165013,2025-10-20,Video,⚠️הכתבה מכילה תיאורים קשים⚠️ החיילים שעסקו בזיהוי הג!פ!ת ב-7 באוקטובר מדברים על המראות שלא עוזבים אותם | #הסודות_של_שורה,894,575458,23912,445,2156,605,2623
7563339949987187984,2025-10-20,Video,"⚠️ הסרטון מכיל תיאורים קשים ⚠️ שנתיים אחרי, המראות המזוויעים של מחנה שורה ממשיכים לרדוף את מי ששירתו במלאכה הקשה כל כך של זיהוי קרבנות טבח שבעה באוקטובר | #הסודות_של_שורה(אלון שרביט)",56,1003892,62819,281,854,162,2631
7563317156163751188,2025-10-20,Video,על רקע החרם של הממשלה על נשיא העליון - נתניהו והרצוג התעמתו מעל בימת הכנסת,51,392585,11117,749,424,167,644
7563311691379920144,2025-10-20,Video,"נתניהו מנה את שמות החטופים החללים שנותרו בעזה וטעה בשמו של סמ""ר איתי חן – חברי כנסת מהאופוזיציה תקפו (דקלה אהרן שפרן)",63,259597,10368,247,237,47,340
7563309431656598805,2025-10-20,Video,"מהומה פרצה במליאת הכנסת לאחר שהיו""ר אוחנה פתח את הטקס וסירב לקרוא לנשיא בית המשפט העליון יצחק עמית בתואר הנשיא בנאומו. חברי כנסת מהאופוזיציה מחו וקראו קריאות ביניים בתגובה, והוצאו בזה אחר זה אל מחוץ לאולם. ""כללי המשחק נקבעים כאן"", קבע אוחנה כשהמשיך בנאומו לאחר העיכוב שארך דקות ארוכות",54,81359,1247,198,60,16,55
7563291457658965269,2025-10-20,Video,מה ענה נתניהו כשנשאל אם הממשלה הזאת תשלים את הכהונה? @michaelshemesh,11,44165,810,47,12,5,20
7563282740972375312,2025-10-20,Video,מול עשרים אלף צופים: עומר אדם הקרין בהופעה שלו בניו יורק את הסרטון מיום השחרור של מתן שבו הם שרים ביחד (שלו סגל) 📸: לפי סעיף 27 א',15,69931,5225,33,126,27,135
7563256757200407809,2025-10-20,Video,"חמישה חודשים מאז שהגיעה אל המקום השני באירוויזיון, יובל רפאל הוציאה הבוקר מיני-אלבום חדש. לצד השמחה וההתרגשות הגדולה, האלבום הזה יוצא בתקופה מורכבת: רגע אחרי ציון שנתיים לטבח 7 באוקטובר שאותו היא שרדה, ומותו של חברה הקרוב רועי שלו ששם קץ לחייו @amitharari",531,49884,1563,39,42,5,104
7563251305041415440,2025-10-20,Video,"שוטר לאוהדת לאחר ביטול הדרבי התל אביבי והמהומות שפרצו בעקבות ההחלטה: ""תקשיבי יא בטטה, גם שיכור לא ייגע בך״ @hadasgrinberg",10,632098,28933,421,3433,378,1515
7563223206107122960,2025-10-20,Video,"וויטקוף, אדריכל העסקה, התייחס לשריקות הבוז לראש הממשלה בכיכר החטופים: ""הם מרגישים שנתניהו עיכב את שחרור החטופים מטעמים פוליטיים - אני לא חושב שזה המצב"" @RamEliBrandts",30,72573,2635,58,97,34,121
7563221495271509264,2025-10-20,Video,"מטוס שהגיע מדובאי סטה מהמסלול ונפל לים בזמן ניסיון נחיתה בנמל התעופה של הונג קונג. שני אנשי צוות קרקע נהרגו, וארבעה נוספים פונו לבית החולים @ramelibrandts",13,444124,12315,117,1232,268,554
7563213399446801665,2025-10-20,Video,חיילים נקלעו להפגנת חרדים סוערת בצומת בר אילן בירושלים - ונזקקו לחילוץ משטרתי  @haimgoldich,35,173073,6440,100,315,74,195
7563014423489580304,2025-10-20,Video,קטר וטורקיה מגיעות לעזה? הניצחון הגדול של הציר האסלאמי | #בשכונה_שלנו,469,151213,2527,142,452,251,224
7563184202959670546,2025-10-20,Photo,"בתה של ניצולת הש!אה ובן הזוג שלה החביאו את ג!פת האם בחצר ביתה בכרמיאל, אחרי שנפטרה בשיבה טובה לפני כשנה וחצי, וחיו מקצבאותיה על סך 18 אלף ש""ח (אורלי אלקלעי) צילום: אילוסטרציה, דוברות המשטרה",0,198003,9899,187,832,70,364
7563027951193771265,2025-10-19,Video,"כאוס בבלומפילד: פרשי משטרה דהרו לעבר אוהדים שיצאו מהאיצטדיון לאחר ביטול הדרבי, נער אחד נרמס @yoavborowitz",20,2204640,21431,700,3836,1390,1656
7562994616467803413,2025-10-19,Video,"לאכזבת הצופים גלי וזיוי בבית: לראשונה אי פעם בוטל הדרבי התל אביבי עוד לפני שריקת הפתיחה, בשל הפרות סדר, שיגור זיקוקים ורימוני עשן למגרש, ולטענת המשטרה אף אלימות שהובילה לפציעת שוטר @yoavborowitz",69,278328,8017,179,565,153,224
7562977331975982344,2025-10-19,Photo,הותר לפרסום: רס״ן יניב קולא וסמ״ר איתי יעבץ נפלו בתקרית ברפיח,0,75236,1432,171,24,12,34
7562968495424605461,2025-10-19,Video,"בשבת התאחדו לראשונה כאנשים חופשיים טל שוהם, גיא גלבוע דלאל ואביתר דוד, לאחר שהוחזקו ביחד במנהרות חמאס. שוהם הפתיע אותם והעיר אותם ישר לחיבוק עליו חלמו בשבי (יעל צ'כנובר, גילי כהן)",39,342715,26344,63,218,21,555
7562962831067335956,2025-10-19,Video,"את סוף השבוע החופשי הראשון שלו איתן מור בילה בבית החולים בילינסון, בין השאר בחגיגות ושירת קריוקי עם חבריו בחצר בית החולים (נוב ראובני) צילום: אלעד גוטמן",33,36230,2260,34,25,8,59
7562956137369242901,2025-10-19,Video,❤️לב ענק: אלקנה בוחבוט חוזר הביתה,13,51811,1756,28,17,4,31
7562946293669154068,2025-10-19,Video,מקסים הרקין חזר הביתה לטירת כרמל ועלה על הבמה כמנצח להודות לעם ישראל שהחזיר אותו הביתה (נוב ראובני),27,75048,3993,59,56,21,102
7562934882662436112,2025-10-19,Video,"אריאל קוניו חזר לראשונה הביתה - והכיר את ריו, הכלב שארבל אימצה לביתם כשהיה בשבי🐶 @itsikzuarets",39,29671,992,3,13,4,22
7562915547063618833,2025-10-19,Video,"עשרות חיכו לקבל את פניהם של גלי וזיוי ברמן בחזרה הביתה. הם ביקשו רק דבר אחד: ""תביא את הדרבי!"" @haimgoldich",14,339237,23027,118,544,101,483
7562899188128828692,2025-10-19,Photo,"בצה""ל התייחסו לפרטי התקרית ברפיח, ומסרו כי מוקדם יותר היום, מחבלים ירו טילי נ""ט וביצעו ירי לעבר כוחות צה""ל, ""אשר פעלו להשמדת תשתיות טרור במרחב רפיח בהתאם לתנאי ההסכם"". ‏נמסר כי ""צה""ל החל בתקיפות מטוסי קרב של חיל האוויר ובירי ארטילרי במרחב רפיח להסרת איום, והשמידו מספר פירים מבצעיים ומבנים צבאיים בהם זוהתה פעילות של מחבלים"". לסיום מסרו בצבא: ""‏מדובר בהפרה בוטה של הסכם הפסקת האש, צה""ל יגיב בעוצמה"".",0,119078,1848,77,101,37,82
7562880738945715476,2025-10-19,Video,"""אמרת שאתה חי במסיבה ושתמות במסיבה"": נעמי ברוך, אמו של החלל החטוף אוריאל ברוך שהושב ארצה, סופדת לו מעל קברו",35,208656,9666,699,405,178,295
7562874739333680405,2025-10-19,Video,"הלובר נסגר: פושעים פרצו לתוך מוזיאון הלובר בצרפת, שברו חלונות וברחו עם תשעה תכשיטים מאוסף נפוליאון (רם ברנדס)",8,209495,5770,158,565,161,202
7562663515358629136,2025-10-19,Video,ישראל אימפריה! בעוף... @haimgoldich,365,125628,5035,65,339,55,209
7562663286622211344,2025-10-19,Video,מה הסוד מאחורי המנהיגות של דונלד טראמפ? (איילה חסון),717,283320,11041,227,538,244,838
7562662951736331521,2025-10-19,Video,מצעד שירי מלחמת חרבות ברזל 🎧 #חרבותברזל #חרבודרבו #השםיתברך #השםיתברךתמידאוהבאותי,705,231433,14630,80,171,24,966
7562658238668295441,2025-10-18,Video,החטופים ששוחררו מבלים שבת ראשונה בבית (עופר חלפון),297,83806,3451,22,21,4,78
7562568201473723669,2025-10-18,Video,"שורד השבי עומר ונקרט התאחד עם שורדי השבי אביתר דוד וגיא גלבוע דלאל, איתם שהה בשבי בעזה: ״סיוט שנגמר, חלום שמתחיל״  (אנה פינס)",38,52422,2950,17,47,3,73
7562458751723179285,2025-10-18,Video,"ברית אדרי, אם ל-4, שרדה את התופת בנחל עוז בשבת השחורה – והפכה לאם פונדקאית לזוג חשוך ילדים❤️ (אמיר גרא)",1054,286721,11893,78,237,61,460
7562287620579970321,2025-10-18,Video,"הם נחטפו לעזה חודש אחרי שחגגו יומולדת 26 ואז, לראשונה בחייהם, הופרדו זה מזה. גם אנחנו לא זכינו לראות אותם מאז - שום אות חיים מגלי וזיו ברמן, התאומים מכפר עזה, לא התקבל במהלך השבי, וכל מה שעמד מול עינינו היו התמונות היפות של שניהם מהחיים בעוטף. השבוע, עם שובם לארץ, הם יכלו סוף-סוף לחדש את הברית הנצחית שלהם ולחייך מאוזן לאוזן כמו פעם (יובל אגסי)",551,232069,12429,39,174,50,499
7562286217719598352,2025-10-17,Video,"הקצינה הצמודה של לי-שי מירן והקצינים של משפחות אנגרסט והורן סגרו אתמול מעגל באיכילוב, וסיפרו לכתבנו על המסע המייסר והמפחיד שנגמר עבורם עם הסוף הטוב שכולם ייחלו לו (ריאד עלי)",471,180665,10788,44,133,35,382
7562255805161032976,2025-10-17,Video,"אתמול היה אתמול, היום הוא יום חדש: רביד פלוטניק שר עם שורדי השבי אביתר דוד ואבינתן אור @haimgoldich 📷: יואב בקרמן",24,59818,5133,12,135,18,164
7562250577665772807,2025-10-17,Photo,"יעלה דוד, אחותו של אביתר שחזר מהשבי, שיתפה בסטורי תמונה מתוך ארוחת השבת הראשונה של אביתר בבית עם המשפחה (אנה פינס)",0,200555,13024,193,83,20,293
7562239915149380885,2025-10-17,Video,"""אם הייתי יודע את זה, הייתי אומר לחמאס לקחת אותי"": נשיא מכבי חיפה יעקב שחר התקשר לגיא גלבוע דלאל ובישר לו - יש לך מנוי לכל החיים למשחקי הקבוצה (ליאן וילדאו)",21,315241,24249,201,1137,271,663
7562230407828098325,2025-10-17,Video,ערב שבת ראשון בבית: שורד השבי איתן מור תופס מיקרופון ושר עם השבים בבית החולים @haimgoldich ,8,134530,8665,95,96,11,194
7562217144142794004,2025-10-17,Video,"הלחץ של המתווכות על חמאס עובד? לפי דיווחים, ארגון הטרור מבצע חפירות בח'אן יונס בחיפוש אחר גופת חלל חטוף - כידוע חמאס עדיין מחזיק ב-19 חללים חטופים, ובכך הוא למעשה מפר את העסקה שנחתמה (עומר שחר)",15,635606,11535,273,313,43,394
7562210182571281682,2025-10-17,Photo,"עידית, אימו של אלון אהל שחזר משבי חמאס, העלתה לרשתות החברתיות תמונה של אלון אהל עם אחיו ואחותו וכתבה: ""שבת ראשונה של אור אחרי שנתיים של ציפייה - תודה על הנס, תודה על החיים, תודה על התמיכה"" (יעל צ'כנובר)",0,103829,3086,39,27,5,59
7562199139484699925,2025-10-17,Video,"""קראו לסדרה סעידנא יוסוף"": שורד השבי שגב כלפון מספר שראה סדרה על סיפור יוסף ויעקב - אבל בגרסה שמופיעה בקוראן (רחלי רזי סלע)",19,545808,24327,270,661,241,1337
7562177249802226945,2025-10-17,Video,"עדות מיוחדת מתוך רצועת עזה: עזתי שנעצר על ידי ארגון הטרור מספר על העינ!יים שעבר בחקירות, ומה הסיכוי שההתנגדות לארגון תיצור מציאות חדשה בשטח? @anastasia.stu7",181,425610,17561,458,908,111,1079
7562186764639587604,2025-10-17,Video,"תיעוד חריג: יען רץ ברחובות רמת גן - אחרי שנמלט מהספארי מהספארי נמסר: ""בשעת סגירת קופות הספארי יען זכר יצא משער הכניסה - ודקות ספורות לאחר יציאתו  המטפלים שלנו הגיע ליען, עד להגעת הצוות הרפואי שטשטשו את היען על מנת להשיב אותו לספארי בביטחה"" צילום: לפי סעיף 27 א'",14,165746,3792,122,899,248,178
7562183569418833153,2025-10-17,Video,הביתה: מאות ישראלים הגיעו לקבל את פניו של שורד השבי עמרי מירן ששוחרר מבית החולים 📷,38,49654,2053,11,19,12,23
7562172177982786836,2025-10-17,Video,"""דג מוזר בחוף של ח'אן יונס!"": כריש הלוויתן שנצפה בחופי ישראל הגיע לחופי עזה - וניצוד על ידי ההמון 💔 (עומר שחר)",9,635198,29100,1079,3663,611,1487
7562171837979921680,2025-10-17,Video,"""זו הייתה בשבילי ממש סגירת מעגל"": הרגע שגרם לבר קופרשטיין להתרגש ביום השחרור מהשבי (רועי שרון, יעל צ'כנובר)",62,60475,3286,18,74,25,70
7562155902845979920,2025-10-17,Video,"""בגלל שאת אדם שעוזר לכולם - פשוט חיכית שאנשי הנובה יחזרו לישראל"": אמה של ענבר הימן ז""ל, האישה החטופה האחרונה שהושבה מעזה, נפרדת ממנה 💔",62,32056,1780,42,10,2,27
7562132109431819536,2025-10-17,Video,"איזה כיף לראות אותם ככה: עמרי, לישי והבנות בים לראשונה אחרי השחרור🥹💛 צילום: אלי טייכמן ושיר כץ",37,165895,14137,122,185,28,205
7562090164307135764,2025-10-17,Video,"מזעזע: שירלי יהודה, אם ל-3 מתל אביב, נר3חה באכזריות מול מקום עבודתה, על פי החשד בידי אחד העובדים איתה, פד!פ*ל ששוחרר לאחרונה ממאסר (אנה פינס)",188,561451,26044,559,1989,545,1433
7562089074136321301,2025-10-17,Video,"הרחפנים ה""מסתוריים"" שמלחיצים את אירופה: מה הסיפור מאחורי מלחמת הצללים של פוטין? #סיפורעולמי @yoavzehavi10",486,333204,10597,209,838,300,783
7562082613934951700,2025-10-17,Video,אמאלה😨 חזיר בר נכנס לבית ספר בגליל – ותקף תלמידים,132,121940,3851,79,926,106,264
7561918767064796437,2025-10-16,Video,"""אמן שיהיו בריאים תמיד"": חנן בן ארי שר עם השבים בשיבא (נוב ראובני)",35,35622,2146,31,43,11,67
7561874192719711506,2025-10-16,Photo,"בקרוב: חוזרים לשירות צבאי של שלוש שנים 👇 בצה״ל נערכים לחקיקה שתאריך חזרה את השירות מ-32 חודשים ל-36 חודשים, כפי שהיה עד שנת 2015. עד כה - למרות המחסור בכוח אדם - החוק לא קודם, על רקע העיכוב בחוק הגיוס. במערכת הביטחון מצפים שעם ההתקדמות בגיוס החרדים, יעבור גם החוק להארכת השירות מאיזה מחזור גיוס זה ייכנס לתוקף? למרות שנוסח החוק קובע שהחוק יחול מיידית מרגע שיעבור בקריאה שלישית, בצה״ל עדיין שוקלים מאיזה מחזור גיוס הוא ייכנס לתוקף. אחת האפשרויות שנשקלות היא להאריך את השירות הצבאי רק לחיילים שצפויים ל",0,289687,8130,226,1521,220,236
7561845384033619221,2025-10-16,Video,סוף סוף: אמילי דמארי התאחדה עם גלי וזיוי (אנה פינס),57,40143,2600,32,46,14,49
7561819795260214548,2025-10-16,Video,איתן הורן מתקבל בתשואות רמות של ההמונים בדרכו לביתו שבכפר סבא  צילום: דנור אהרון (יעל צ'כנובר),58,127369,4403,27,38,3,65
7561818916373613845,2025-10-16,Video,שורד השבי שגב כלפון צפה במעמד השחרור של אוהד בן עמי - וסיפר מה היה עושה אם היה משתתף בטקס כזה @michaelshemesh,21,567938,48259,391,1066,209,1250
7561785285286169877,2025-10-16,Video,"""בסיוטים הכי גדולים שלי לא חשבתי שאצטרך להספיד אותך. שנתיים חיכיתי למשהו ממך, חיכינו לחיבוק אבל בו זמנית גם לדפיקה בדלת"": עמית, אחותו הקטנה של תמיר נמרודי, ספדה לו (אנה פינס)",76,647313,56955,847,596,68,1792
7561542638000803088,2025-10-15,Video,"שורד השבי מתן אנגרסט ספד למפקדו, דניאל פרץ ז""ל, שגופתה הושבה מעזה השבוע: ""דניאל הוא גיבור ישראל, אלווה את המשפחה שלו כל החיים""",68,211172,17546,177,194,33,358
7561533570410466576,2025-10-15,Video,"טל קופרשטיין, שנפצע בתאונת דרכים והפך לסיעודי לפני שבנו בר נחטף, מדבר על חזרת בנו מהשבי ❤️",75,237879,24562,284,403,37,849
7561511333863165201,2025-10-15,Video,למרות הכל: רום ברסלבסקי שמר על הזהות היהודית בשבי (נוב ראובני),24,246080,11628,167,215,35,333
7561484085848263937,2025-10-15,Video,"ואדים עלה לארץ מבלארוס ישר לשירות סדיר בצה""ל, ולמרות הפציעה והפוסט טראומה - עדיין נחוש לחזור למילואים (חן ביאר)",27,61742,3227,97,57,14,76
7561511519364582657,2025-10-15,Video,אביתר דוד חזר לנגן - ובגדול (מתוך הסטורי של יעלה דוד),14,63441,5500,47,138,17,115
7561504786076405008,2025-10-15,Video,"החיבוק המרגש של השיריונר שחזר מהשבי והרמטכ""ל השיריונר @itayblumental1 📸: דובר צה""ל",19,76534,6465,82,142,22,139
7561482520143875344,2025-10-15,Video,"בירנדרה צ'אודהארי, חברו הטוב של ביפין ג'ושי שראה אותו נחטף ב-7 באוקטובר, עדיין לא קולט שחברו לעולם לא יחזור (מיכל רשף)",25,114852,6509,59,53,7,156
7561493608440876289,2025-10-15,Video,הסיפור הלא ייאמן של רום ברסלבסקי - שניצל ברגע האחרון מלינץ' של עשרות עזתים (נוב ראובני),90,546868,26774,114,563,120,1065
7561464966109318416,2025-10-15,Video,"עמית בן שושן, צוער בבה""ד 1 שנפצע קשה ברפיח בחודש שעבר: ""אני רק מחכה לחזור לצוות"" (חן ביאר)",44,260636,19148,412,200,53,336
7561432541467577616,2025-10-15,Video,אגף השיקום - שנמצא ליד אגף שורדי השבי (חן ביאר),293,51163,1989,30,28,11,58
7561446146611121424,2025-10-15,Video,"גיא עבד כטכנאי סאונד, בין היתר עם מתי כספי, היהודים ושלום חנוך (אנה פינס)",9,445297,25419,175,379,109,426
7561418815960010000,2025-10-15,Video,"באור יום, על כביש ראשי: החיסול הפלילי בצומת גינתון (הדס גרינברג)",20,715331,10728,231,3468,1317,983
7561199658798746901,2025-10-14,Video,"""פשוט בהינו בו"": החברים של יוסף חיים אוחנה על המפגש הראשון",36,300122,30119,70,1043,76,718
7561144712862666002,2025-10-14,Video,"שורד השבי יאיר הורן, שאחיו איתן חזר מהשבי אתמול, מודה לכוחות הביטחון בדמעות",26,103056,6714,145,27,8,108
7561129358895795463,2025-10-14,Video,"עמרי, לישי, רוני ועלמא חזרו לרקוד💛",9,58351,5096,28,72,14,79
7561067584888622356,2025-10-14,Video,"""לא עוזבים אותך לעולם"": רגע האיחוד המרגש של אלון אהל עם משפחתו🥹 ❤️",32,191104,9921,61,94,31,250
7561062068649069845,2025-10-14,Video,"אימו של החלל החטוף תמיר אדר: ""כשיו""ר הכנסת הוריד את סיכת החטופים - הבנתי שהחללים נשארים מאחור""",55,184855,7348,255,84,28,193
7561047655946751240,2025-10-14,Video,אחרי שנתיים בלי רוני ועלמא: עמרי מירן מתחיל להשלים פערים (צילום: שגיב טל),25,240806,23335,69,241,28,459
7560953964120853776,2025-10-14,Video,"אביו של גיא גלבוע דלאל: ""בחודש האחרון דחפו להם אוכל בכוח""",48,182617,18759,54,251,84,407
7560804479172480257,2025-10-13,Video,הסיוט של אביתר נגמר,56,793094,54844,468,684,172,1338
7560793397125074193,2025-10-13,Video,"איזה יום זה היה: הדמעות, החיבוקים וההלם - 20 חטופים חזרו לישראל אחרי שנתיים בשב* חמxס 💛",74,53574,2698,25,29,12,102
7560787467587030289,2025-10-13,Video,"גדלו יחד, נחטפ! יחד - ושוחררו יחד: אביתר וגיא בחיבוק שאומר הכול ♥",53,56102,3867,41,55,18,107
7560774176454298901,2025-10-13,Video,"""חשבתי עליכם כל הזמן"": אחרי שנתיים בשבי* חמxס - איתן הורן נפגש עם בני משפחתו",23,628196,47267,257,369,72,947
7560773077471218964,2025-10-13,Video,"""אח שלי, אתה גיבור!"" 🥹",88,236030,15599,120,140,32,442
7560772931568127240,2025-10-13,Video,,22,70541,5380,30,35,6,88
7560767998580067600,2025-10-13,Video,הלב שוב שלם❤️,29,96057,5002,38,45,16,136
7560764860380744967,2025-10-13,Video,,9,2147384,127513,860,1981,239,3407
7560740752125480199,2025-10-13,Video,"תמונת ניצחון: נועה ארגמני ואבינתן אור שוב יחד💛 📸: דובר צה""ל",17,702809,54510,444,1262,298,1624
7560738803632049416,2025-10-13,Video,"""את לוחמת, אני גאה בך"": האיחוד המרגש של אלקנה ורבקה בוחבוט 📸: דובר צה""ל",31,52010,2738,35,38,9,62
7560735272279887125,2025-10-13,Video,אחרי שנתיים של אי-ודאות משתקת: החיבוק הראשון של החייל נמרוד כהן ומשפחתו - והרגע שגרם להם לפרוץ בצחוק,53,64763,2224,84,43,13,66
7560733053178498312,2025-10-13,Video,"עם צ'פחה בעורף: האיחוד המדהים בין האחים שורדי השבי 📸: דובר צה""ל",32,105070,4945,54,81,38,91
7560728644436479240,2025-10-13,Photo,אחרי שנתיים של געגוע: הנשיקה הראשונה של אבינתן אור ונועה ארגמני🥰 📸: דובר צה״ל ,0,142725,4309,76,50,17,80
7560720924312472840,2025-10-13,Video,"""כל השבי רק שירים שלך"": השיחה המרגשת בין מתן אנגרסט לעומר אדם",53,257505,23434,217,603,115,729
7560719883487431956,2025-10-13,Video,סוף סוף: אביתר דוד התאחד עם הוריו ♥,75,61810,3028,45,70,22,105
7560719501671550229,2025-10-13,Video,המפגש המרגש בין עמרי מירן לאבא דני ♥,52,84919,4705,26,36,15,91
7560714959240383752,2025-10-13,Video,"קם מכיסא הגלגלים לכבודו: סוף סוף, בר וטל קופרשטיין מתאחדים💛 📸: דובר צה""ל",35,1462871,103798,2320,4927,862,4744
7560705253952310536,2025-10-13,Video,"""בזכותכם אני כאן"": דוד קוניו הגיע לבית החולים - והודה לקהל שהתאסף בשעריו",12,138066,6626,22,26,7,111
7560698316850220306,2025-10-13,Video,"""רוצה להתעורר"": מתן אנגרסט חזר לשיר💛 (צילום: באדיבות המשפחה)",102,147845,8239,380,273,119,161
7560694475782245640,2025-10-13,Video,"זיוי וגלי ברמן טסים מעל האיצטדיון של קבוצתם האהובה💛💙 (צילום: דובר צה""ל)",20,60388,3305,22,22,7,60
7560678805606518037,2025-10-13,Video,"אף עין לא נשארה יבשה: טל, אביו של בר קופרשטיין, קם מכיסא הגלגלים לכבודו - ונתן לו חיבוק שעליו חלם שנתיים שלמות  🥹",147,552166,10240,198,367,120,473
7560678011452869908,2025-10-13,Video,"כמה טוב שבאת הביתה: אביתר דוד בחבירה הראשונה לכוחות צה""ל ביציאה מהרצועה",19,108355,4190,46,79,29,100
7560675686977998101,2025-10-13,Video,"סוף סוף בידיים אוהבות: רום ברסלבסקי במפגש הראשון עם כוחות צה""ל ביציאה מהרצועה",22,563470,13055,264,193,48,395
7560670668421975313,2025-10-13,Video,"יו""ר הכנסת אמיר אוחנה שלח את עודה וכסיף מחוץ למליאה - טראמפ התלהב",57,649181,18681,541,1387,455,850
7560654116167355669,2025-10-13,Photo,"שעות ספורות מאז חזרו גלי וזיוי ברמן וחברתם אמילי דמארי כבר מפרסמת את החשבונות הפרטיים של חבריה ואומרת: ״למי שתהתה, הם רווקים״",0,200892,6496,60,115,32,144
7560651718468439317,2025-10-13,Video,"יו""ר הכנסת אמיר אוחנה מוריד את סיכת החטופים שקיבל מאביו של איתן מור - כי הוא כבר בבית",19,593569,36936,283,633,110,1137
7560650466594426133,2025-10-13,Video,איתן מור מנופף לקהל שבא לצפות בו בכניסה לבית החולים,20,123100,9874,46,70,18,211
7560640568573840661,2025-10-13,Video,"""הפסנתר בבית הנשיא מחכה לך"": הנשיא הרצוג ורעייתו שוחחו עם אלון אוהל (נופר משה פרדו)",43,42060,1520,16,11,4,27
7560636046279757077,2025-10-13,Video,"כשהם על המסוק בדרך לבית החולים- התאומים גלי וזיוי קיבלו שיחה מפתיעה מכוכב מה קשור, שלום מיכאלשווילי (דורית אסרף-מזרחי)",20,44741,2467,21,23,8,58
7560633459752865041,2025-10-13,Video,"ניב כהן, חברו של אביתר דוד שהלך איתו לנובה והצליח להימלט, לא מצליח להמשיך לעמוד כשהוא רואה סוף סוף את חברו בפעם הראשונה לקראת השחרור (שלי טפיירו)",49,571423,42255,194,310,75,994
7560632677200612624,2025-10-13,Video,קצת חוצפה ישראלית מצליחה להוציא תשובות אפילו מהנשיא טראמפ,17,1837926,46269,674,938,215,2002
7560626717119810836,2025-10-13,Video,כשהוריו מחבקים אותו: איתן מורבמילים ראשונות לאחר השחרור ❤️ (חיים גולדיטש),25,58802,4829,51,43,8,75
7560623581282028818,2025-10-13,Video,"ציפייה של שנתיים מגיעה לסיום: הוריו של מתן אנגרסט צופים בחבירתו לכוח צה""ל בעזה צילום: דובר צה""ל",11,50657,1777,6,11,2,36
7560617263187971348,2025-10-13,Video,ראם בוחבוט ממתין לאביו אלקנה - אותו הוא צפוי לפגוש ממש בשעות הקרובות,37,165715,11688,28,93,9,220
7560604703961206036,2025-10-13,Video,"""אמא הכול בסדר, אל תדאגי"": רום ברסלבסקי בשיחה ראשונה עם ההורים ❤️ (נופר משה פרדו)",48,499266,13286,291,527,134,626
7560604283557743893,2025-10-13,Video,מרוצה וגאה: טראמפ נחת בישראל!,33,115470,4326,37,135,35,152
7560601360450817300,2025-10-13,Video,אחרי שנתיים בשבי: אביתר דוד בשיחה ראשונה עם המשפחה ❤️ (הדס גרינברג),9,166818,3148,15,60,24,105
7560600806022565138,2025-10-13,Video,השיחות ממשיכות: משפחתו של יוסף חיים אוחנה קיבלה שיחת וידאו ממנו (הדס גרינברג),15,89762,3207,31,47,21,66
7560599167526046984,2025-10-13,Video,"""תירגעו, אני בסדר"": החטוף בר קופרשטיין בשיחה ראשונה עם משפחתו אחרי שנתיים בשבי (לירן כוג'הינוף)",79,593007,20544,172,2212,387,1412
7560597774136364309,2025-10-13,Video,"""הוא מחייך!"": בני משפחתו של אלון אהל כבר ראו אותו עושה את דרכו אליהם 🥹 (חן ביאר)",19,46300,1908,18,11,4,31
7560585047582051600,2025-10-13,Video,"בפעם הראשונה מאז 7.10 עינב צנגאוקר מדברת עם בנה מתן, שעדיין ברצועה, באמצעות שיחת וידאו בטלפון של מחבל חמאס",33,217752,6572,272,125,46,203
7560564489436056840,2025-10-13,Video,אחרי שנתיים: שגב סוף סוף יפגוש את המשפחה והחברים 💛 (אסף פוזיילוב),15,87830,5003,45,119,28,99
7560564170035449095,2025-10-13,Video,המשפחה והחברים של אלקנה בוחבוט סוף סוף מתחילים לנשום שוב 💛 (ורד פלמן),34,19847,687,14,5,2,14
7560553029947198721,2025-10-13,Video,"""אמא לא ויתרה עליך"": ענת וחגי אנגרסט בדרך לפגוש את מתן🎗️❤️",29,210097,15569,62,116,21,339
7560422660899884309,2025-10-12,Video,"כשבר קופרשטיין נחטף, אביו טל - שעבר תאונה קשה - לא יכול היה לדבר או ללכת. מחר, כשבר ישוב מהשבי, הוא יראה את אביו לראשונה כשהוא על הרגליים ומדבר ❤️ (יפעת עמיאל)",23,1240286,117400,1500,2649,406,3758
7560416287675960596,2025-10-12,Video,"""הילדים"" של אוהד בן עמי סוף סוף ישוחררו מחר: בר קופרשטיין, אלקנה בוחבוט, יוסף אוחנה, שגב כלפון ומקסים הרקין יתאחדו עם בני משפחותיהם אחרי יותר משנתיים במנהרות בעזה  (נופר משה פרדו)",41,284304,24398,23,90,11,398
7560415497024458005,2025-10-12,Video,"אביתר דוד, גיא גלבוע דלאל, אלון אהל, אבינתן אור, רום ברסלבסקי, יוסף חיים אוחנה, גלי ברמן, זיו ברמן, מתן אנגרסט, איתן הורן, מקסים הרקין, אלקנה בוחבוט, נמרוד כהן, איתן מור, שגב כלפון, מתן צנגאוקר, עמרי מירן, אריאל קוניו, דוד קוניו, בר קופרשטיין - מדינה שלמה מחכה לכם ❤️ עוד קצת והם בבית",191,178703,13888,68,201,31,370
7560401440963906834,2025-10-12,Video,"סמדר, אימו של סרן איליי לוגסי ז""ל: ""הייתה בי קצת נחמה כשנחתמה העסקה, אבל זה התנפץ לי בפנים עם קריאות הבוז לנתניהו בכיכר החטופים""  (איילה חסון) ",81,275223,22042,1967,1894,831,494
7560365140487441682,2025-10-12,Video,"המיטות כבר מוצעות, הבגדים מגוהצים - ומדינה שלמה מחכה להם 💛  📸: דובר צה""ל",15,140960,15577,69,200,17,255
7560362737654582546,2025-10-12,Video,"אביו של רועי שלו ז""ל, ששם קץ לחייו, מספר על סימני המצוקה של בנו - ומקווה שהמקרה שלהם יביא לשינוי: ""אם הצלנו את המתאבד הבא, עשינו את שלנו""  (מאיה ראכלין) ",60,293964,17674,257,176,44,392
7560349458026843399,2025-10-12,Video,"אחיו של רס""ר במיל' שמואל גד רחמים ז""ל, שנפטר לאחר שנפצע קשה בעזה: ""כל כך רצית שהחטופים יחזרו, והנה זה קורה - ואתה לא פה כדי לראות את זה"" 💔",21,1597428,59234,3803,1030,200,2203
7560331707845463317,2025-10-12,Video,"עוד רגע הוא כאן: משפחתו של שגב כלפון מתכוננת לשובו הביתה אחרי שנתיים בשבי חמXס 🥹 (יעל צ'כנובר, אנה פינס) 📷: באדיבות המשפחה",38,166045,11932,66,121,21,187
7560312938792324368,2025-10-12,Video,"""לא ישנתי כל הלילה, הרגשתי חלק מסיפור היסטורי"": מבצע שידורים מיוחד - אנחנו כאן עד שהם חוזרים",101,76060,3602,53,29,13,107
7560257860748184852,2025-10-12,Video,"זלזול מחריד: רגע אחרי סיום המלחמה - מסעדה ובית קפה חדשים בשם ""נובה"" נפתחו בעיר עזה (עומר שחר)",15,410961,12887,1093,3165,763,895
7560073402682232065,2025-10-12,Video,"""אתם השורשים שלנו"". מה דעתכם על התמיכה של נוצרים מכל העולם?",460,105846,6227,102,133,42,235
7560061242421890321,2025-10-12,Video,"פרק בהיסטוריה: כוחות צה""ל יוצאים מעזה אחרי הפסקת האש",85,110913,3981,41,35,7,131
7560076285700066561,2025-10-11,Video,"קושנר הודה לחיילי צה""ל: ""בלעדיהם העסקה לא הייתה אפשרית""",50,191895,5248,496,344,77,325
7560056949497187601,2025-10-11,Video,הטרגדיה הלא נתפסת של רועי 💔,264,435653,31338,701,873,209,1333
7560032369470737680,2025-10-11,Video,כך הגיבו בכיכר החטופים כשוויטקוף הזכיר את ראש הממשלה נתניהו,103,435742,16496,4144,3072,1047,1036
7559977951224171797,2025-10-11,Video,"אייל, ‏אחיה של שיראל גולן ז""ל ששרדה את הנובה ושמה קץ לחייה, זועק מדם ליבו: ""יש כאן 3,500 פצצות מתקתקות, שנתניהו והמנהלת יתעוררו על החיים שלהם!"" 💔 @mayarachlin",77,384177,15969,250,234,73,507
7559893735362940168,2025-10-11,Photo,"סגירת מעגל מרגשת: נציגת ישראל לאירוויזיון ושורדת הנובה יובל רפאל תופיע הערב יחד עם קרן פלס, כותבת השיר New day will rise, אותו הן ישירו יחד על הבמה ❤️ @דורית  📸: פלאש 90 (חיים גולדברג, אורן בן חקון)",0,188916,7815,70,179,62,218
7559888056879205652,2025-10-11,Video,"פחות מיממה אחרי שצה""ל נסוג: כוחות חמושים של חמאס נראו פרוסים ברחבי העיר עזה (יובל ענבר)",49,739434,12221,784,823,207,625
7559856567437380881,2025-10-11,Video,"אחרי ציפייה גדולה בבית הלבן וגם בישראל - פרס הנובל לא יוענק לטראמפ. משפחות החטופים גיבו את הנשיא, שפרסם הודעה זועמת. אז מי היא הזוכה המאושרת? (דב גיל-הר)",282,253315,7426,118,138,33,296
7559856110052674833,2025-10-11,Video,רגע לפני אישור העסקה: העימות החריף בין בן גביר לנציב הבכיר של ממשל טראמפ @yaara.shapira,185,192435,3599,138,55,19,175
7559686186760047890,2025-10-10,Video,"אם הכול יתנהל כמתוכנן, כיכר החטופים תהיה ריקה כבר בעוד כמה ימים, אבל מוכר הבייגלה בכיכר לא מודאג: ""יהיו עוד סכסוכים בע""ה. אני מאוהב בשמאלנים, הם צועקים 'ביבי לך', מתייבש להם הגרון - והם קונים ממני מים""  (מואב ורדי) ",26,933124,49631,938,10227,1501,2675
7559678465998359826,2025-10-10,Video,"אופיר, אחיו של החטוף מתן אנגרסט, לא יכול לחכות לחגוג ולשיר איתו: ""תבואו לשכונה שלנו לשמוח איתנו, גם אם אתם לא אוהדי מכבי חיפה"" 💚 (אנה פינס)",29,71935,5210,104,119,30,193
7559607306598583559,2025-10-10,Video,"הוריו של החטוף אלון אהל במסר לעם ישראל: ""תודה לכם על כל התמיכה והעזרה, שתהיה לכם שבת שלום"" ❤️ @איציק זוארץ Itsik Zuarets ",19,100624,6579,471,57,17,88
7559606485190298900,2025-10-10,Video,"דני, אביו של החטוף עמרי מירן, מאושר אחרי קבלת השבת בכיכר החטופים: ""אין עוד עם כזה"" - וחושף את הסיבה המפתיעה לכך שלא יגלח את זקנו: ""אמא יונה אליאן ואבא ששי קשת לא מרשים לי""  @danayarkechy",43,44930,1251,49,35,17,40
7559591103247174930,2025-10-10,Video,התרגשות שיא: עינב צנגאוקר ואילנה גריצ׳ווסקי - אימו ובת הזוג של החטוף מתן צנגאוקר - נפגשות לראשונה מאז הבשורה על העסקה ❤️ (הדס גרינברג),68,292998,6525,166,60,18,187
7559567173824384273,2025-10-10,Video,דובר צה״ל אפי דפרין לא הצליח לעצור את הדמעות בגרון במהלך הכרזתו על פעילות צה״ל במסגרת הפסקת האש וההסכם להשבת החטופים שאישרה הממשלה אתמול בלילה,31,560527,23956,644,455,100,633
7559511117123390736,2025-10-10,Video,מנוחת הלוחמים: חיילי גבעתי חוגגים בריקודים את הפסקת האש והיציאה שלהם מעזה @itsikzuarets #לוחמים #עזה #גבעתי,10,870160,35081,878,834,182,905
7559318586028821768,2025-10-10,Video,"עינב צנגאוקר הפכה לסמל של מחאת משפחות החטופים. אם הכל יילך כשורה, בקרוב היא תתאחד עם בנה מתן",319,526920,23987,1223,365,91,875
7559323859757894932,2025-10-09,Video,דור של גיבורים 🫡 @roysharon11,75,72834,4992,157,227,83,203
7559314281758477586,2025-10-09,Video,במיוחד היום: זוכרים את הנופלים,100,492872,62329,931,1035,135,2164
7559305829883710728,2025-10-09,Video,עם דמעות אושר ותחושות מעורבות: היום ההיסטורי שעבר על כיכר החטופים (אלון שרביט),521,62625,1692,62,14,8,45
7559250311378947349,2025-10-09,Video,אופוריה בכיכר החטופים: המונים קיבלו את עינב צנגאוקר בתשואות (אנה פינס),21,297411,6950,627,131,44,181
7559241896820854037,2025-10-09,Video,"משפחות החטופים מתחילות לחזור לנשום ❤️ (איציק זוארץ, יעל צ'כנובר)",43,33392,901,21,3,0,21
7559202109405760789,2025-10-09,Video,איפה אתם טיילתם בקיץ? כי בני ווקסלר נסע ללב שכונת הדאחייה בביירות - ושרד כדי לספר @roikais1987 @benny_waxler,54,409997,14337,47,362,79,574
7559179465964653845,2025-10-09,Video,"עם ישראל יצא לחגוג עם משפחות החטופים בכיכר, והמציא גם שירים משל עצמו @liran_kogahinoff",25,1086857,42630,600,6126,1431,2562
7559167701076266261,2025-10-09,Photo,כאן לעשות סדר בפרטי ההסכם להשבת החטופים הביתה,0,119520,3312,60,73,20,159
7559131298913062164,2025-10-09,Video,איציק הורן יחגוג את החזרה של איתן בנו לפי המסורת הארגנטינאית: אסאדו! (תמר אלמוג),25,340542,35068,155,1374,213,910
7559109787850394900,2025-10-09,Video,"הזקן שדני גידל במשך שנתיים, מאז נחטף בנו עמרי מירן, כבר הפך לסמל. האם עכשיו הוא יוריד אותו כשיחזור סוף סוף? (תמר אלמוג)",24,565809,26072,161,127,25,439
7559094431211687189,2025-10-09,Video,"""רד כבר גשם"": בתזמון מושלם הגשם התחיל לרדת על החוגגים בכיכר החטופים, אבל לא הפריע להם להמשיך לרקוד",21,221678,15730,222,125,28,300
7559087195252919572,2025-10-09,Video,אושר בעיניים: אמילי דמארי ורומי גונן מבשרות לאמא של גלי וזיו ברמן על העסקה,46,125600,7103,54,92,26,209
7558933910919351570,2025-10-09,Video,טרנד ההומלס הדמיוני בסלון שכמעט גרם להורים לקרוא למשטרה (עופר חלפון),223,31776,941,16,49,11,57
7559050578425400584,2025-10-09,Video,"הישראלית שהגיעה לחגוג בכיכר החטופים עם דגל ארצות הברית: ""רק טראמפ הזיז דברים פה""",16,429785,30228,1521,1560,214,1174
7559044522554969364,2025-10-09,Video,"שורדי שבי ומשפחות חטופים הודו לטראמפ: ""עשית את זה! מאמינים בך וסומכים עליך שתמלא את המשימה והם יחזרו"" (יעל צ'כנובר)",50,211917,9378,149,215,81,287
7559039690653945095,2025-10-09,Video,"שורדי השבי אליה כהן, עומר ונקרט ועומר שם טוב בריאיון: ""גם החטופים שישוחררו יעמדו פה חזקים ואיתנים כמו שאנחנו עכשיו""  (אנה פינס)",31,398381,37289,220,287,38,768
7559029548021484808,2025-10-09,Video,שמפניות וצהלולים: חגיגות בכיכר החטופים בתל אביב 💛,8,50373,2011,82,30,9,52
7559025323220765960,2025-10-09,Video,"עינב צנגאוקר חוגגת בכיכר החטופים: ""סוף סוף המשפחה תהיה שלמה""  (אנה פינס)",13,509498,24130,2134,425,114,539
7559010090792127762,2025-10-09,Video,"חגי, אביו של החטוף מתן אנגרסט, פנה אליו: ""אהוב שלנו, אנחנו מתים מגעגועים וכבר אין לנו סבלנות"" - וקרא לעם ישראל להגיע לכיכר החטופים עכשיו: ""אנחנו כבר בדרך""  (אנה פינס)",21,22782,1330,13,4,1,22
7559009804430085397,2025-10-09,Video,שורד השבי עומר ונקרט מגיב לעסקת החטופים: ״לא יכול לחכות לחבק אתכם. ככה זה מרגיש כשחלומות מתגשמים?״ @haimgoldich,20,32194,1557,9,7,2,51
7559004515647737096,2025-10-08,Video,"אביו של החטוף רום ברסלבסקי פונה אל בנו אחרי הבשורה על העסקה: ""אתה גיבור, רק עוד קצת ואתה איתנו""  (אנה פינס)",9,258068,10998,147,85,21,297
7558995642207456519,2025-10-08,Video,אין גבול לאושר: שורדי השבי עומר שם טוב ואליה כהן חוגגים את הבשורות על העסקה  (הדס גרינברג),27,12086,754,15,9,4,10
7558990886361779474,2025-10-08,Photo,טראמפ הודיע שישראל וחמאס הגיעו להסכמות: ״חטופים ישוחררו בקרוב מאוד״,0,61122,1775,90,74,34,41
7558930900356992264,2025-10-08,Video,"החרדי מירושלים שביקר בביירות - והצטלם בלב הדאחייה, מעוז חיזבאללה @roikais1987",596,503796,19434,225,1868,497,1545
7558890761849195797,2025-10-08,Video,"""אני ביפין, אני סטודנט מנפאל, הגעתי לעבוד בישראל בשדות הפרי"": אות חיים של החט!ף ביפין ג'ושי, שיש חשש כבד לחייו, נחשף לראשונה (יעל צ'כנובר)",22,171465,5293,58,96,22,161
7558766321375218965,2025-10-08,Video,"קיבוץ ניר עוז - אחד מסמלי ההפקרה והמחדל הקשים ביותר - נמצא כבר שנתיים בדילמה: האם להרוס את הבתים ולבנות מחדש, או להשאיר אותם כעדות דוממת? ובעיקר כיצד לחזור לבתים שר!פים, כשתשעה מהשכנים והחברים עדיין בשבי? (אורן אהרוני)",890,112104,5083,57,50,15,192
7558757606802705665,2025-10-08,Video,"לראות ולא להאמין: התיעוד וקולות הקשר ממסוק הקרב בניר עוז נחשפים לראשונה – ""אני פה עם הרבה הרבה מח2לים בכוונת"" @itayblumental1",178,399084,11438,534,642,193,867
7558743262710762760,2025-10-08,Video,"התינוק שריגש מדינה שלמה: התמונה של קאי בן 10 הימים על אדן חלון הממ""ד בקיבוץ נירים הפכה לאחד מסמלי 7 באוקטובר. שנתיים אחרי, הוא והוריו חוזרים הביתה (נופר משה פרדו)",675,637549,34388,175,814,179,1541
7558599635426675975,2025-10-08,Video,"יונתן שמריז, אחיו של החטוף אלון שנורה למוות על ידי צה""ל בשוגג, בנאום סוחף בטקס הזיכרון ל-7 באוקטובר: ""הדור שלנו יקום וישטוף את המחדלים של הדור הקודם""",30,223688,10401,1153,237,76,219
7558591544010263815,2025-10-07,Video,"גלית דן, שאיבדה את אימה כרמלה וביתה נויה בקיבוץ ניר עוז ב-7 באוקטובר: ""אני מתפללת, לא עוד אמהות שכולות, לא עוד ילדים מתים. הגיע הזמן שהיום הזה ייגמר""",31,139386,11515,242,71,9,305
7558583290400181522,2025-10-07,Video,"ויקי כהן, אמו של החטוף נמרוד, וענת אנגרסט, אמו של החטוף מתן, בטקס הזיכרון ל-7 באוקטובר: ""אנחנו לא מוותרות עליכם""",31,28884,855,13,3,0,19
7558570771396775176,2025-10-07,Video,שנתיים אחרי 7 באוקטובר: טלפון של מחבל נמצא בבארי  @איציק זוארץ Itsik Zuarets ,41,547669,24034,120,896,89,1087
7557779021820464391,2025-10-07,Video,"חברי קבוצת ""דארק שכול"" מתמודדים עם האובדן בעזרת בדיחות על כל מה שאסור לצחוק עליו: ""אי אפשר לבכות כל היום""  @uriyaelkayam",78,84211,7434,24,83,12,164
7558502511783513362,2025-10-07,Video,"אביה של שי אשרם ז""ל, שנפלה במוצב נחל עוז: ""למה הפקרתם את הבת שלי? לא אסלח לאף אחד"" @mayarachlin",37,60524,3770,169,42,13,64
7558495167431445777,2025-10-07,Video,"איילת ארנין ז""ל, עורכת משנה במהדורת כאן חדשות, נרצחה כשהתחבאה במיגונית המוות. איילת שלנו, לא נשכח אותך 💔 (הדס גרינברג)",28,51864,3545,39,5,0,60
7558479938358136080,2025-10-07,Video,"שי-לי עטרי, שאיבדה את בעלה יהב וינר ז""ל בטבח 7 באוקטובר, מספרת על בתם שייה - שהייתה רק בת חודש כשהמחבלים נכנסו לבית: ""היא יותר דומה לו, הוא שולח לנו כל הזמן סימנים""  (מאיה ראכלין)",40,119874,9600,50,28,5,176
7558477972349537556,2025-10-07,Video,"בקמפוס האמריקני שהיה מוקד ההפגנות נגד ישראל: מיצג לזכר נרצחי ה-7 באוקטובר ביוזמה משותפת של הארגונים DiploAct, Let’s Do Something וסטודנטים למען ישראל, נפרסו ברחבי הקמפוס של אוניברסיטת קולומביה בניו-יורק 1,200 כיסאות ריקים - כל אחד מהם ייצג חיים שנגדעו באכזריות בטבח שביצע חמאס בישראל. על כל כיסא הוצבו תמונת הקורבן, נר זיכרון, פרחים טריים וסיפור החיים האישי של כל נופל. המיזם יתפרס על פני קילומטר וחצי בקמפוס.",14,330960,13119,223,79,24,322
7558462891523837201,2025-10-07,Video,"קאי היה רק בן עשרה ימים כשהוריו נאלצו להגיע להחלטה בלתי אפשרית: להסתגר בבית העולה באש ולהסתכן בחנק, או לפתוח חלון - כשברחוב מסתובבים מחבלים? הכתבה המלאה של נופר משה פרדו - הערב במהדורת כאן חדשות",49,789123,64559,331,1045,173,2092
7558443548576730375,2025-10-07,Video,"בשעות האיומות של מתקפת 7 באוקטובר, הנרצחים והשורדים שלחו כמעט מיליון הודעות וואטסאפ. הם קראו לעזרה ושלחו הודעות פרידה ליקיריהם. שנתיים אחרי הטבח, ההודעות האלו נאספו והפכו למוזיאון וירטואלי - ויוקרנו, ממש כפי שנשלחו, מ-06:29, דקה אחר דקה. (אסף פוזיילוב)",183,91589,4560,34,22,8,134
7558439368663371016,2025-10-07,Video,"ארז כהן, הצלם שלנו שנקלע ללב התופת ואיבד את חברתו הקרובה רינת, משתף בדמעות: ""לקח לי זמן להבין שאני צריך טיפול"" 💔 @ifatglick1, (תמר אלמוג)",81,245019,11834,86,51,15,314
7557849827153923336,2025-10-07,Video,"אביו של מתן רוזנברג ז""ל, שנרצח במסיבת הפסיידאק כשהיה רק בן 17: ""הייתי רב איתו שלא יעשן בבית בגלל הריח, אחרי הטבח לא רציתי שריח הסיגריות ייעלם"" (יפעת עמיאל)",37,680914,53956,275,805,80,1601
7558184820740869396,2025-10-07,Video,עוד לפני שהתגלו ממדי הטבh - כך תועדו הרגעים הראשונים בהם התברר שמחבל*ם פשטו על מסיבת הענק של הנובה בעוטף #שנתיים,48,552081,32518,405,649,187,1235
7558253054223584533,2025-10-07,Video,"""דופקים לנו על הדלת, אני מפחדת לדבר"": שיחת הטלפון המצמררת עם סיגל, תושבת העוטף, שתיעדה את רגעי הא*מה בזמן חד*רת המחבל*ם לבתי הקיבוץ בבוקר 7 באוקטובר #שנתיים #7באוקטובר",81,582007,29394,273,183,39,1293
7557838239428578568,2025-10-07,Video,"הלב נקרע: ז'וז'ו רביע, שאיבד את בניו יובל ונועם בטבח במסיבת הפסיידאק, מגיע כל בוקר לאתר ההנצחה בנגב: ""בפנים אני שרוף, נשארתי בלי בנים""  (יפעת עמיאל)",33,534195,22913,369,241,72,589
7557777318266031367,2025-10-07,Video,"חיים ילין, לשעבר ראש המועצה האזורית אשכול ותושב בארי: ""זה סיפורי סבתות שהזמן מרפא הכול, אני רואה בול עץ וחושב שזה מחבל""  (מואב ורדי)",45,61394,2676,22,18,2,61
7558251629745589525,2025-10-07,Video,"מטחי רקט!ת לכל רחבי הארץ, חד*רת מחבל*ם במצנחי רחיפה ודיווח על הר!גה ראשונה - כך נראתה פתיחת מתקפת הפתע על ישראל ב-7 באוקטובר #שנתיים #7באוקטובר",48,167674,4708,61,67,16,210
7558166742040579348,2025-10-06,Video,"למרות ההצהרות של טראמפ והחזרה למשא ומתן - אביו של איתן הורן החט!ף בעזה לא ממהר להתרגש: ""אני חושב שפתחו שמפניות מוקדם מדי. עד שהבן שלי יחצה את הגבול - אני לא אאמין"" @vered.pelman",39,145577,7748,112,51,8,130
7558079167330372865,2025-10-06,Video,"כך נראה מערב פרוע: קרב החמולות בסכנין מחריף, והעבריינים לא חוששים מאכיפה כלל - עד שהם מעלים תיעודים של עצמם יורים לטלגרם (אורלי אלקלעי)",163,532829,13471,317,1851,452,1105
7558053187102444801,2025-10-06,Video,למרות המגעים המתקדמים לסיום המלחמה - ההפגנות נגד ישראל באירופה שוברות שיאים עם עימותים אלימים (יואב זהבי),163,206390,6493,215,335,86,306
7557828296965246215,2025-10-06,Video,עירוי ויטמינים מישהו? הטרנד החדש - אינפוזיה עד הבית לתחושת וולנס (קטי דור),284,212480,5573,208,1518,598,728
7558007822286458130,2025-10-06,Photo,"בפעם השנייה: נגנב המחשב מביתם של נרצחי 7.10 סיון ונאור בכפר עזה אביה של סיון, שמעון אלקבץ, סיפר כי גילה על הגניבה בעיצומה של האזכרה לסיון ונאור אתמול: ""מדובר במעשה נבלה של אנשים חסרי לב וחסרי מצפון. הם נכנסו לבית המחולל שבו בוצע טבח נוראי והוסיפו חטא על טבח"". מאז השבעה באוקטובר, המחשב פעל מתוך הממ""ד 24/7 והקרין סרטוני הוידאו שצילמה אימה של סיון, המתעדים את הזוועות בבית. עד כה ביקרו בבית של סיון למעלה מ-150 אלף מבקרים מהארץ ומהעולם (אסף פוזיילוב)",0,393334,14753,253,121,32,385
7557829201273965845,2025-10-06,Video,"דניאלה גלבוע משחזרת לראשונה את החטיפה לעזה: ""ניסיתי לשחק אותה מתה והמח2ל קלט"" @itsikzuarets",344,602609,41200,204,479,52,2098
7557831958819065109,2025-10-06,Video,"ארבעה בני משפחה יצאו לפסיידאק - רק אחד חזר: ""החגים כבר לא שמחים"" 💔 (יפעת עמיאל)",840,358320,18690,299,403,105,876
7557814412946541845,2025-10-05,Video,מחדל ביטחוני באזור בנימין: רעולי פנים שחדרו ליישוב נעלה תועדו מסתובבים ללא הפרעה (חיים גולדיטש),148,604158,14407,262,1475,416,714
7557737860825156881,2025-10-05,Video,"""נפרדנו כי אני בקרבי"": אורי עמיר כתב שיר אישי על הפרידה שעבר בגלל השירות במלחמה. מתברר שהוא לא היחיד שעבר את זה @uriamir1 (יובל אגסי) #קרבי #זוגיות #לוחמים",42,482581,43307,160,1314,173,1545
7557684292055305473,2025-10-05,Video,תיעוד חדש מרגע החט*פה של מירב טל מניר עוז לעזה (יעל צ'כנובר),10,280802,8510,64,73,23,247
7557642264516840725,2025-10-05,Video,למודות אכזבות רבות מדי: משפחות החטופים מעזות לאופטימיות זהירה שאולי הפעם זה באמת (עופר חלפון),171,39996,834,8,4,2,20
7557633339583220993,2025-10-05,Video,"תושב בית שמש תקף באלימות וניפץ בקבוק על ראשו של אדם אחר בעת בילוי בבר מקומי. הנאשם נעצר ונחקר במשטרה, וסיפר לשוטרים כי הרקע למעשה הנו 'רומנטי', כפי הנראה בשל חשדו כי הקורבן היה ביחסים עם גרושתו, וזאת על אף היכרות משפחתית שקיימת בין הנאשם לקורבן @haimgoldich",18,2393129,20574,235,2201,566,1380
7557450144690507025,2025-10-05,Video,"""אור של שלום"": תמיכה בינלאומית רחבה בתוכנית טראמפ (ערן סיקורל)",129,41748,860,16,9,4,28
7557447446691990804,2025-10-04,Video,איך קטר מצליחה לרקוד על שתי החתונות - ומה יהיו ההשלכות? (איילה חסון) #קטאר #קטר #ארצותהברית #אמריקה #טראמפ #ישראל #חדשות #כאן11,583,160499,3468,69,145,61,275
7557450831507770644,2025-10-04,Video,"בעזה מצפים להפסקת אש קבועה: ""התעייפנו כבר"" @anastasiastukanov",24,138201,1716,250,37,15,76
7557446948391865621,2025-10-04,Video,"נתניהו: ""מקווה שכל החטופים יחזרו - עוד במהלך סוכות"" (יערה שפירא) #ביבי #ביבינתניהו #נתניהו #ישראל #כאן11 #חדשות",16,77719,2856,285,91,29,80
7557288215330163976,2025-10-04,Photo,"תוך שעות – רצף דרמטי של אירועים בגזרת עזה. קמתם מבולבלים? הנה הסיכום שיעשה לכם סדר צילום: AP, פלאש 90",0,714506,30307,595,1559,395,1280
7557109985340050708,2025-10-03,Video,"לוחמי צה""ל עצרו את כל כלי השיט הפרו-פלסטיניים שהיו בדרכם לעזה - וכעת נערכים לגרש את מאות הפעילים בחזרה למדינותיהם (כולל גרטה) @itayblumental1",218,85014,2042,15,38,12,73
7557105181905669396,2025-10-03,Video,"הרב שחסם את כניסת המhבל לבית הכנסת בבריטניה: ""הוא ניסה עם הסכ*ן, החזקנו את הדלת"" (דב גיל-הר)",403,93490,4538,51,38,9,132
7556915042449493264,2025-10-03,Video,הסבים של חורף 73' דואגים לנכדים של אוקטובר 23' (איטה גליקסברג) #כיפור,848,70612,2002,11,19,6,68
7557002607571651856,2025-10-03,Video,העולם עצוב אז צוחקים: האנשים שאיבדו את יקיריהם - ובחרו להתמודד בעזרת הומור שחור @uriyaelkayam,753,313245,23681,65,260,49,812
7556983023078509832,2025-10-03,Photo,"שביתה כללית הוכרזה באיטליה בתגובה לעצירת משט המחאה ״סומוד״ לעזה, ועיתון לה רפובליקה המקומי מדווח על למעלה ממיליון מפגינים בכמאה מוקדי הפגנה שונים ברחבי המדינה (איתמר מרגלית) 📸: AP #italianbrainrot  #איטליה ",0,533995,12808,832,2110,372,502
7556914424263527681,2025-10-03,Video,"חודש אחרי שנפ3ע אנוש - סאלח כבר עמד על הרגליים. עכשיו הוא חוזר לצה""ל (איתמר מאירי)",671,242599,4739,200,537,251,319
7556914052685909265,2025-10-03,Video,יאסו אין יוון: ספר הבישול החדש של שי-לי ליפא - באנגלית @yoavborowitz,634,50697,830,14,15,9,28
7556920703669259536,2025-10-03,Video,"הנרי חמרה, בנו של הרב הראשי של סוריה לשעבר יוסף חמרה, הכריז על מועמדתו לבחירות בפרלמנט הסורי על מושב בעיר דמשק, העתידות להתקיים בראשון הקרוב. בסרטון הוא מתועד בטקס תקיעת שופר לרגל חגי תשרי באחד מבתי הכנסת בבירה דמשק @roikais1987 (גיא מעיין)",32,69693,3838,47,92,27,126
7556913512950336785,2025-10-03,Video,איפה היה אלוהים בשבעה באוקטובר? | אלוהים ישמור - פרק 3 (יאיר אטינגר),695,94048,3284,109,38,14,187
7556775960629054741,2025-10-03,Video,עם של גיבורי על: הרב דניאל ווקר ממנצ׳סטר מנע מהמחבל להיכנס לבית הכנסת - ובכך הציל את המתפללים. נשיא המדינה הרצוג הודה לו על גבורתו בשיחת טלפון: ״לכולנו בישראל אכפת״  (דב גיל-הר),23,44447,2700,24,25,9,75
7556724735288167700,2025-10-02,Video,פ*ג!ע מזעזע במהלך יום הכיפורים #בריטניה #יוםכיפור #תפילה,205,135185,6633,93,97,10,166
7556716435939118357,2025-10-02,Video,כמה זמן הייתם מצליחים לחיות עם שימפנזים?🙈 #קופים #קופיקו #שימפנזה,176,126778,5515,40,109,23,197
7556710509895077137,2025-10-02,Video,למרות האזהרות החוזרות והנשנות: פעילי המשט המשיכו להתקדם לאזור עזה - ונעצרו #צהל #גרטה #משט,245,870147,47480,527,1489,238,1835
7555977965008424210,2025-10-01,Video,כבר מזמן לא משחק ילדים: הצד האפל של רובלוקס - והאם הוא יוגבל גם בישראל? @liran_kogahinoff,297,388886,12955,1588,9559,2221,1671
7555981462336523536,2025-10-01,Video,ישראל מתחזקת: הצעירים שהתקרבו לדת בעקבות המלחמה - והפכו את הסליחות לטרנד ואת הציצית לפריט חובה אופנתי | #אלוהים_ישמור  (יאיר אטינגר),614,630836,49434,1011,1952,365,2225
7555977788109360401,2025-10-01,Video,כבר התארגנתם על אליאס? משחק הקופסה שכבש את ישראל - ונעלם מהמדפים לקראת יום הכיפורים (עופר חלפון),193,241886,11602,371,916,264,656
7555963032992582929,2025-09-30,Video,"""את תשלמי על מה שעשית"": כמה ימים לפני שנר3חה, מירן הקליטה את השיחה האחרונה עם בן זוגה לשעבר, שלחה לחברותיה וידעה - זה הולך להיגמר רע @itsikzuarets",305,812761,23510,1201,2699,786,2057
7555918456554540305,2025-09-30,Video,"לקראת יום הכיפורים הרב אלחנן דנינו אביו של אורי ז""ל סיפר בדמעות על הפיוט המצמרר שבנו אהב 🎙️ כאן רשת ב' #בנימיניוגואטה",63,59179,2668,97,71,27,98
7555881975429549332,2025-09-30,Video,"תיעוד: המח*ל רץ לכיוון אל""מ במיל' חזי נחמה - שיורה ומנטרל אותו @itayblumental1",6,10191529,74944,1857,7991,1329,4176
7555751036959477000,2025-09-30,Video,הורי לוחמים חוסמים את איילון דרום בדרישה לסיום המלחמה: ״לא ניתן לנתניהו לטרפד!״  (נופר משה פרדו),9,322075,6911,539,167,34,137
7555611496219249936,2025-09-29,Video,"נאום נתניהו לאחר הסכמתו לתוכנית ""21 הנקודות"" של טראמפ #ביבי #נתניהו #טראמפ",89,101577,5075,309,178,56,208
7555604511390207233,2025-09-29,Video,"מסיבת העיתונאים ההיסטורית של טראמפ ונתניהו נגמרה בלי שאלות מהקהל, למרות שנשיא ארצות הברית הציע לנתניהו לקבל שאלה מ""עיתונאי ישראלי ידידותי"". ראש הממשלה בחר שלא לקבל שאלות מהעיתונאים בקהל",25,499172,21813,555,1219,308,866
7555592869566778641,2025-09-29,Video,טראמפ מכריז שהחטופים יחזרו הביתה תוך שלושה ימים - אם החמאס יסכים לתנאים,34,166923,5223,133,192,51,157
7555562576579480853,2025-09-29,Video,שורד השבי אלי-ה כהן מדבר בגילוי לב על האמונה שהחזיקה אותו ברגעים הקשים  #אליהכהן #אלוןאהל #אלקנהבוחבוט,68,808613,46207,288,707,175,1332
7555498001624567057,2025-09-29,Video,הקול הישראלי שילווה את משחק הווידאו האהוב #מגיהיקרי #פיפא #כדורגל,226,114354,3131,49,285,40,184
7555495663786609936,2025-09-29,Video,במשך 8 שנים הצליח לורנץ קראוס מניו יורק להסתיר שר3ח את הוריו #ניויורק #ארהב #חדשות,191,408459,8411,55,207,38,428
7555480603701906705,2025-09-29,Video,השוטרים שפשטו על מתחם משפחת הפשע באום אל פחם נדהמו למצוא מאות קליעים מוסלקים - בתוך חבילות מזון לתינוקות (אורלי אלקלעי),16,2504421,2912,22,400,37,136
7555471962022186261,2025-09-29,Video,"ישראל מתחזקת: מה השתנה באמונה שלנו מאז 7 באוקטובר? #אלוהים_ישמור פרק 2, הערב במהדורה",45,143765,7954,80,208,43,320
7555450885896293653,2025-09-29,Video,העיתונאית הלבנונית שלא שוכחת מה ישראל עשתה עבורה בילדותה - ונלחמת למעננו (אילה חסון),69,119852,7496,126,204,71,210
7555239821090786577,2025-09-29,Video,נר3חו בשידור חי: 3 צעירות מארגנטינה הגיעו למסיבה - ונר3חו באכזריות לעיני המצלמות (יואב זהבי),151,524279,14731,178,680,142,997
7555281152345476372,2025-09-29,Video,"איפה אלוהים היה ב-7 באוקטובר? השורדים מדברים על האמונה שהתחזקה דווקא במנהרות – ""אני מתפלל כי הבטחתי לעצמי בשבי שכשיהיה לי מים אני אגיד עליהם תודה"" (יאיר אטינגר)",866,506371,42557,561,2145,534,2660
7555237645870189840,2025-09-28,Video,"""אני מפחדת ממך"": ההקלטות הקשות של מירן ז""ל שנר3חה על ידי בן זוגה לשעבר @itsikzuarets",276,1092025,56831,1835,6087,1133,4433
7555186718568090896,2025-09-28,Video,"לאחר אזהרת הפינוי: בניין ""מכה"", אחד מהמגדלים הגבוהים שנותרו עד כה בעזה, ה!פצץ וקרס (עומר שחר, יובל ענבר)",10,148081,3274,116,167,58,80
7555170898513300737,2025-09-28,Video,"""קיוויתי לנס, שאולי הגיע אמבולנס וטיפלו בכם - אבל חזרתי לשני קבר*ם"": אגם גולדשטיין-אלמוג שרדה עם אמה ושני אחיה הקטנים את השב* - אביה ואחותה הגדולה נר3חו ב-7 באוקטובר ונקברו בקבורה זמנית. היום הם הועברו למנוחת עולמים בכפר עזה. יהי זכרם ברוך 🕯 (יעל צ'כנובר)",71,103008,8443,138,75,16,203
7555065626063162641,2025-09-28,Video,"להתחזק במנהר1ת בעזה? #אלוהים_ישמור, פרק ראשון הערב",45,366198,34726,232,763,157,1112
7554866510527843604,2025-09-28,Video,"""צאת כיפור? רק מתוק!"" המתוקים המושחתים שאיתם הישראלים ישברו את הצום (יעל צ'חנובר)",359,64408,1253,14,34,10,71
7554879554402176257,2025-09-27,Video,"בין הדוברים הערב בהפגנת הרבבות הפרו פלסטינית בברלין היתה גם אלה קידר גרינברג - ישראלית, טרנסית, שהפכה השנה לסרבנית השירות הראשונה מקרב קהילת הטרנס. קידר גרינברג שהוצגה לקהל כישראלית זכתה לתשואות כשעלתה על הבמה. היא כינתה את המתרחש בעזה ״רצח עם״, וטענה כי ״זו רק מילה אחת, כדי לתאר קנה מידה בלתי נסבל של זוועה ואכזריות״. אלה קידר גרינברג החליטה כבר עם הצו הראשון, בגיל 16 וחצי, שאינה מתכוונת להתגייס, וריצתה עונש מאסר בבידוד בכלא צבאי על בחירתה לסרב (דב גיל-הר) צילום: אורן זיו",12,310692,6555,1010,582,94,348
7554867436541988116,2025-09-27,Video,"בריג'יט גבריאל נולדה למשפחה נוצרייה בכפר לבנוני ונרדפה עם משפחתה באכזריות על ידי השיעים. מי שהושיט לה יד אז הייתה מדינת ישראל. היום היא היא עיתונאית, אמריקנית, שלוחמת עבור ישראל בחירוף נפש. (איילה חסון)",447,368893,25925,210,494,104,1357
7554519746398457109,2025-09-27,Video,יותר מעניין מהטיקטוק והטלוויזיה? הפודקאסטים כובשים את ילדי ישראל (עופר חלפון),41,154934,5040,19,184,31,147
7554538395431718145,2025-09-27,Video,"פספסתם? כל הרגעים החשובים מנאום ראש הממשלה נתניהו באו""ם (נתן גוטמן)",281,677928,21219,719,522,166,1001
7554512190217227541,2025-09-26,Video,"""במקום שיגידו בצה""ל 'זאת משימה מטומטמת' ויסמנו וי - החליטו להגדיל ראש ולסכן לוחמים"": @roysharon11 על מבצע הרמקולים בעזה שניסה להשמיע את נאום נתניהו באו""ם לחטופים ולתושבי הרצועה",90,121763,2680,278,60,23,65
7554320221671034129,2025-09-26,Video,שלושה תינוקות נפטרו תוך שבוע - כולם בירושלים (קטי דור),173,187930,3132,123,690,393,221
7554319286085471505,2025-09-26,Video,הטוויסט החדש בפרשת הבגידה שהסעירה את הרשת (יואב זהבי),104,338498,11553,55,282,22,400
7554390831831026965,2025-09-26,Video,ראש הממשלה נתניהו עלה לנאומו בעצרת הכללית - כשברקע קריאות בוז לצד מחיאות כפיים סוערות ונציגי מדינות שיצאו במחאה מהאולם (ישי בר יוסף),70,190903,3580,348,100,49,124
7554389919196646672,2025-09-26,Video,"""אחינו הגיבורים"": ראש הממשלה נתניהו פונה מעל בימת האו""ם אל החטופים בעזה, בנאומו שמשודר כעת גם ברצועה",26,241786,10052,395,252,73,341
7554318920182664449,2025-09-26,Video,"חיים בן ה-100 שרד את שבעה באוקטובר, ועכשיו הוא חוזר סוף סוף הביתה @nofar_moshe_ferdo",436,216028,8503,160,303,100,349
7554356542972169488,2025-09-26,Video,"שלושים שנה אחרי נווה חמציצים, עידן אלתרמן ואבי גרייניק חוזרים לבמה ביחד - ומדברים על הפרידה הקשה: ""שנינו היינו במצוקה""  הכתבה המלאה בבימויה של שירלי ברקוביץ' - הערב בחדשות שישי",20,40237,776,17,8,2,36
7554318497342328065,2025-09-26,Video,המצלמה הנסתרת שלנו תיעדה את ערב גיוס העובדים במקום הסודי בישראל @itayblumental1,441,330167,8511,299,1027,309,926
7554348235863723281,2025-09-26,Video,אותר הכריש שנצפה מוקדם יותר בחוף הים באשדוד - כל החופים בעיר נסגרו לרחצה @itsikzuarets צילום: עיריית אשדוד,21,301028,6318,153,1297,492,260
7554320689218506001,2025-09-26,Video,ביום בו היתה אמורה לחגוג 37 - בן זוגה לשעבר ר3ח אותה ברכבה @itsikzuarets,183,480447,14407,302,1218,315,736
7554317954037452049,2025-09-26,Video,השיטה הפופולארית של השודדים בארצות הברית (נתן גוטמן),114,680801,12316,164,1592,302,781
7554122990628162823,2025-09-25,Video,"הבדיחה של טראמפ בפגישה עם ארדואן: ""הוא מבין בבחירות מזויפות יותר מכל אחד"" צילום: רויטרס",5,5215,54,5,16,10,7
7554049419709140244,2025-09-25,Video,"חיים בן ה-100, ששרד את טבח 7 באוקטובר ואיבד את משפחתו בשואה, חוזר הביתה לקיבוץ נירים - ומתקשה להאמין בשלום הכתבה המלאה - הערב במהדורת כאן חדשות @nofar_moshe_ferdo",22,286671,14225,321,332,96,554
7554045690947685649,2025-09-25,Video,מועדים לצמיחה: נבחרת ישראל בגידול זקן כובשת את אירופה 🧔🏼‍♂️ (יונתן אוחיון),44,424954,29245,311,5324,407,1241
7554035805883288849,2025-09-25,Video,"מבצע ""חבילה עוברת"": שר הביטחון ישראל כ""ץ על התקיפה הישראלית בתימן  @itayblumental1",18,137735,3052,273,135,64,111
7554029848470080789,2025-09-25,Video,"רב הקהילה האתיופית בב""ש מנחם את משפחתו של סמ""ר צ'אלצ'או שמעון דמלאש ז""ל #צ'אלצ'אושמעון #חלליצהל #צהל",38,756060,38422,4088,1411,403,1581
7554021093728685332,2025-09-25,Video,"שם המבצע: ""חבילה עוברת"" #חילהאוויר #תימן #צה""ל",12,133142,1275,20,37,14,54
7553992116049808661,2025-09-25,Video,"פ*צ!ץ בלב תל אביב: רכב עלה באש באירוע פלילי ברחוב לה גווארדיה, הנהג פונה במצב קל (עופר חלפון)",10,269690,5636,143,982,276,238
7553982897254894865,2025-09-25,Video,"הטיל החמיץ את המסוק ולא היו נפגעים באירוע. המסוק המשיך במשימתו במרחב #צה""ל #חילהאוויר #מסוק",14,375853,8257,178,186,33,294
7553977708980522241,2025-09-25,Video,"""השארת לי מתנה הכי גדולה"": עדי חומש, אלמנתו של רס""ן שחר נתנאל בוזגלו ז""ל, עדיין בחודשים הראשונים להריונה, לתינוק שלא יזכה לפגוש את אביו. היום היא נפרדה ממנו מעל קברו",45,177873,10989,1553,135,29,273
7553970489224416529,2025-09-25,Video,"תיעוד מגל ההצתות מול מעון רה""מ, שבמהלכו נגרם נזק כבד לרכב שחנה במקום #אש #ביבי #נתניהו",15,221944,3836,172,178,44,122
7553960462941949202,2025-09-25,Video,"התגעגעתם לגשם?☔ אל תדאגו, מחר הטמפרטורות כבר יעלו #גשם #מזגאוויר #סתיו",21,434148,17934,215,703,108,511
7553943403826892052,2025-09-25,Video,"המדינה שפכה מיליונים על השיפוץ של עין הנצי""ב - אך הוא נשאר סגור בגלל מחלוקת #עיןהנציב #מעיין #צפון",455,83081,1921,25,141,65,101
7553766329900076305,2025-09-25,Video,"זה היה מהיר: ג'ימי קימל הוחזר לתוכניתו אחרי השעייה של יומיים והתנצל - ""לא התכוונתי לזלזל ברצח"" (מיכל רשף)",192,118965,3434,29,12,1,114
7553761936832335120,2025-09-24,Video,זעזוע בירושלים: קשיש שהורשע בר3ח משולש לפני 45 שנים - ר3ח את המטפלת שלו @haimgoldich,184,523821,18189,284,1444,360,1021
7553759417741692167,2025-09-24,Video,"ניצלו ברגע האחרון: תיעוד פיצוץ הכטב""ם באילת (איתי בלומנטל)",30,299356,7293,167,879,165,451
7553754407150669063,2025-09-24,Video,"נס וסטלה: ""שכחנו את הכסף לוודקה – וניצלנו מהכטב""ם"" (אסף פוזיילוב)",24,391927,16729,112,1882,200,475
7553717836858805525,2025-09-24,Video,"משפחת אהל לאחר קבלת אות החיים מאלון: ""מצפים שנתניהו יחזור עם בשורה מנסיעתו הקריטית וההיסטורית לארה""ב"" (יעל צ'כנובר)",69,44743,2231,88,25,4,45
7553707719107136789,2025-09-24,Video,"השד פלתיון, זה אתה? משה ניסימפור היה עד ראייה לפגיעת הכטב""ם באילת",61,662545,43933,618,3667,661,2058
7553693378639105281,2025-09-24,Video,"""היה בום עז, לא היה זמן לרוץ לממ""ד"": ראובן יבלונקה, אביו של חנן יבלונקה שנר3ח וג!פתו הושבה מעזה, היה עד לפיצ!ץ הכטב""ם באילת (יאיר ויינרב)",56,117970,2104,27,63,31,73
7553670475436674305,2025-09-24,Video,"בפעם השנייה תוך שבוע: כטב""ם ששוגר לאילת נפל ליד בית מלון בעיר, ארבעה פצ!עים מטופלים במקום @itayblumental1 @itsikzuarets",17,282784,5851,161,873,322,238
7553656922163956993,2025-09-24,Video,"הצבה יריב חזרה לים🐢 (רובי המרשלג) צילום: ארז ארליכמן, רשות הטבע והגנים",48,97556,2941,26,152,23,61
7553586110593502482,2025-09-24,Video,"בלב רחוב סואן בבנגקוק: בולען בעומק של 50 מטרים נפער בתאילנד, מחוץ לבית חולים. לא דווח על נפגעים  (מיכל רשף)",58,646469,8207,75,1493,502,451
7553386532028173569,2025-09-23,Video,"לא רק ישראל והפלסטינים: עיני כל העולם היו נשואות לנאומו של טראמפ בעצרת האו""ם - והוא סיפק פנינים כמו שרק הוא יודע (נתן גוטמן)",181,344353,11594,245,230,59,521
7553331227026017552,2025-09-23,Video,"לא רק ישראל: לצד ההתייחסות לגל ההכרות במדינה פלסטינית, נשיא ארה""ב הקדיש חלק ניכר מנאומו לסוגיית ההגירה לאירופה והאשים את מדינות היבשות כי הן לא עוצרות גלי הגירה בלתי חוקיים, כדבריו, בגלל שיקולי פוליטקלי קורקט. נשיא ארה""ב גם כינה את ראש עיריית לונדון המוסלמי ""נוראי"", ואף טען כי בלונדון רוצים לעבור לחוקי השריעה, כלומר, למערכת החוק של דת האסלאם @ramelibrandts, (נתן גוטמן)",19,58433,2239,45,46,8,72
7553233870536117511,2025-09-23,Video,"נשיא צרפת מקרון נתקל במחסום משטרתי בניו יורק בדרכו לעצרת האו״ם, לדיון על הקמת מדינה פלסטינית.  מקרון התקשר לנשיא טראמפ, שהיה בדרכו למקום, ואמר לו: ״נחש מה? אני תקוע ברחוב כי הכול חסום בשבילך״, אבל גם זה לא עזר - והוא נאלץ להמשיך ברגל",51,138295,4087,101,272,68,181
7552893382176115989,2025-09-22,Video,את הצפון משקמים עם פחמימות טובות🥨 @amsterdamski2 #אוכל #שאולאמסטרדמסקי #צפון,56,17088,219,10,0,0,11
7552878409571896597,2025-09-22,Video,הרגע שבו טייס הקרב הבין שעשרות האנשים שרצים בשבילי הקיבוץ הם מח2לים #כרםשלום #חילהאוויר #טייס,88,74520,2499,28,36,12,92
7552861298636164369,2025-09-22,Video,"""האחרונים שיטיפו לנו מוסר הם הישראלים"": ח""כ בל""ד לשעבר סמי אבו שחאדה יוצא להגנת חנין זועבי @lielkyzer1 ואליאור לוי",89,226642,3911,736,294,119,316
7552857747625233665,2025-09-22,Video,"על הכוח של חמש מילים: ""אנחנו איתכם - אתם לא לבד"" @roysharon11",85,38041,640,18,22,2,20
7552840407701327120,2025-09-22,Video,ברכת שנה טובה מבית הכנסת המרכזי בטהרן @roikais1987,17,159546,6133,149,708,360,283
7552830504915995920,2025-09-22,Video,בראש השנה יוסף ישאיר את המשפחה בבני ברק ויצא למילואים בפעם החמישית @danayarkechy,31,132506,9836,102,112,27,217
7552766937244208401,2025-09-22,Video,"""מאי גולן הייתה ילדה מקסימה ומיוחדת, אבל ככל שהשנים עברו גיליתי מישהי מלאה בזעם ועלבון"": עיתונאי שראיין את השרה בילדותה מספר על הציפיות הרבות שהיו לו ממנה @lielkyzer1 @elior_levy",87,738356,21328,810,732,346,1081
7552638387170102548,2025-09-21,Video,"מה דעתכם, ישראל צריכה להשתתף באינטרוויזיון?  @erancicurel1",191,119005,4673,168,335,47,285
7552637534006742273,2025-09-21,Video,"חרדים, חילונים ותורי ענק: לילה באושר עד בבני ברק - רגע לפני ראש השנה @danayarkechy",493,174330,5316,110,296,93,299
7552635508384484628,2025-09-21,Video,אילו סרטים וסדרות של אריה מוסקונה ז״ל ראיתם? ❤️‍🩹 (דורית אסרף-מזרחי),189,170802,5640,213,106,49,224
7552634993382526216,2025-09-21,Video,תיעוד בלעדי: הרגע שהטייסים הבינו שהקיבוץ מלא מחבלים @itsikzuarets,812,296275,5659,194,360,162,506
7552631574953479441,2025-09-21,Video,כשהוונדליזם בבית ספר הופך לטרנד בטיקטוק  @liran_kogahinoff,202,656654,36563,1344,4380,397,2435
7552631021208964372,2025-09-21,Video,"ח״כ מהליכוד טוען: ״עברתי לינץ׳ בידי מפגינים״, המפגינים טוענים: ״הוא רק מעד״  (יערה שפירא)",151,42257,497,96,17,5,24
7552632506118327570,2025-09-21,Video,"באצטדיון פוטבול: צ׳ארלי קירק יובא למנוחות, טראמפ ינאם בלוויה  (נתן גוטמן)",187,18979,668,8,5,0,24
7552630353832217876,2025-09-21,Video,"בריטניה, אוסטרליה וקנדה הכירו במדינה פלסטינית (דב גיל-הר)",223,23599,369,46,8,2,20
7552597655495511316,2025-09-21,Video,"שנים לפני שהפכה לשרה לשוויון חברתי: החלום של מאי גולן בת ה-10 - ""הייתי רוצה לפחות איזה חוג, כדי שאחזור מבית הספר בשמחה""",49,698847,28856,535,1016,375,1276
7552582737757015317,2025-09-21,Video,"ההבטחה של נתניהו אחרי ההכרה המשולשת במדינה פלסטינית: ""המענה יגיע כשאשוב מארה""ב. תמתינו"" (סולימאן מסוודה)",36,276719,10469,458,243,75,331
7552565145692622097,2025-09-21,Video,"בריטניה, קנדה ואוסטרליה הכירו במדינה פלסטינית, ראש ממשלת בריטניה: ""הכרנו במדינת ישראל לפני יותר מ-75 שנה - כעת הגיע הזמן להכיר בפלסטין"" @ramelibrandts",29,77014,1248,204,113,25,77
7552501455433862420,2025-09-21,Video,ההרשעה שהעירה את השדים בברזיל @yoavzehavi10 #ברזיל #דרוםאמריקה #סיפורעולמי,417,118262,3897,61,79,24,223
7552270805833420048,2025-09-20,Video,הקטרי שחושף את הפנים האמיתיות של קטר,349,162525,3177,67,202,73,318
7552157666643119361,2025-09-20,Video,"דניאלה וייס על תוכנית ההתיישבות שלה בעזה: ""גם בת""א אומרים לי 'כל הכבוד' ו'אני בא איתך'"" @ifatglick1 @tamar.almog",88,67133,1593,296,60,23,76
7552149963799629073,2025-09-20,Video,"""ההנהגה הביאה אותנו למצב שאנחנו שבורים. אני לא מזהה את המדינה שלי"": שירי, אם ללוחם, מספרת מה גרם לה לנסוע עד לבסיס שלו ולנסות למנוע ממנו להכנס לעזה (מואב ורדי)",90,204887,9828,345,198,61,237
7551895360159894785,2025-09-20,Video,רקטות - גם ביהודה ושומרון? @itayblumental1,83,159243,2880,42,229,76,143
7551895058371349780,2025-09-19,Video,מה יהיו ההשלכות אם ישראל אכן תודח מהאירוויזיון? (דנה הרמן) #אירוויזיון #אירוויזיון2025 #מוזיקה #מוזיקהישראלית #דנהאינטרנשיונל #כאן11 #חדשות,582,47676,1493,47,22,9,93
7551888709000498449,2025-09-19,Video,"שורדת השבי נעמה לוי בנאום באו""ם: ""הפנים של החטופים שעוד בעזה לא עוזבות אותי"" (יעל צ'כנובר)",26,128859,9536,112,115,14,289
7551753880481172744,2025-09-19,Video,"אחרי שנים באוויר, התכנית של ג׳ימי קימל בוטלה בגלל בדיחה על טראמפ, והוא לא המגיש הראשון שמאבד את העבודה שלו מהסיבה הזאת (נתן גוטמן)",197,508555,14387,303,146,25,492
7551858148106194196,2025-09-19,Video,"""עד הניצחון"": עידן אלכסנדר מדבר בפעם הראשונה מאז שוחרר מהשבי - ומתכנן לחזור לשרת בצה""ל צילום: FIDF",12,165712,9002,272,119,47,213
7551832291459239188,2025-09-19,Video,"עטרה, אשתו הטרייה של איתן אבנר בן יצחק ז""ל שנפל אתמול ברפיח, נפרדת ממנו בדמעות💔",39,97981,8186,662,122,26,235
7551820325592239381,2025-09-19,Video,"""מצטער שלא הצלחתי להציל אותך"": הפרידה הכואבת של בנו של יצחק הרוש ז""ל, שהגיע למעבר אלנבי דקות אחרי הפיגוע בו נפל אביו",15,612248,17845,8139,343,68,730
7551752563318623505,2025-09-19,Video,"רצח משולש מזעזע את הנגב, הפעם של שלושה אחים ביחד. הפשיעה בחברה הערבית ממשיכה להשתולל והרשויות אובדות עצות (אסף פוזיילוב)",162,437507,6662,250,714,277,699
7551751278745996564,2025-09-19,Video,"בזמן שהיא עצמה מסרבת להתייצב לחקירה, השרה מאי גולן לקחה את אמא שלה הביתה מתחנת המשטרה באמצע החקירה בזמן שיצאה להפסקת שירותים (אורלי אלקלעי ושלי טפיירו)",156,143319,3175,257,57,15,165
7551770643675630868,2025-09-19,Video,"מרגש: שנה וחצי אחרי שנפצע בעזה, ניקו חזר לתקשר - באמצעות כתיבה  (רחלי רזי סלע)",19,492440,21887,349,210,37,393
7551739207929040136,2025-09-19,Video,"מה משותף לבילי אייליש, ריצ׳ארד גיר וחואקין פיניקס? (יואב זהבי)",175,299439,11421,1466,3404,404,944
7551518947896495381,2025-09-19,Video,המורים והמנהלים שמסרבים להשאיר את הפוליטיקה מחוץ לכיתה - גם במחיר נזיפה משר החינוך @ifatglick1,541,134890,5285,699,595,115,359
7551442355111480596,2025-09-19,Video,"נאווה, אימו של סמל ינון נוריאל ז""ל, הרגישה שהדפיקה בדלת עומדת להגיע: ""כנראה שהוא היה צריך ללכת""  (נוב ראובני)",22,38155,2255,41,9,2,42
7551402358568226068,2025-09-19,Video,"עומר חלבי הוא המתמודד הישראלי הראשון בתחרות מיסטר יוניברס. למרות האיומים שהוא מקבל ברשתות, יש לו סיכוי לא רע להעפיל לגמר: ""כרגע אני במקום השני"" (מיכל רשף)",33,792777,49014,507,2960,413,1830
7551519201383435521,2025-09-19,Video,"בדרך לאומן (לא) עוצרים בנתב""ג: הקומבינות של החרדים העריקים לצאת מהארץ בראש השנה @israelperkal",320,315000,9549,405,364,79,445
7551511163515800833,2025-09-18,Video,"כדי להוכיח שהיא אישה: אשתו של מקרון תציג ""ראיות מצולמות"" בבית המשפט (דב גיל-הר)",219,694599,24405,374,1918,429,1433
7551493461921303825,2025-09-18,Video,"הותר לפרסום: רס""ן אומרי-חי בן משה, סגן רון אריאלי, סגן איתן אבנר בן יצחק וסגן ערן שלם נפלו ברפיח. יהי זכרם ברוך🕯️",218,503442,12408,611,224,65,437
7551480797644000513,2025-09-18,Video,נמלטו ברגע האחרון: תיעוד רגעי הפגיעה באילת @itsikzuarets,10,510586,12963,158,1888,495,578
7551366057404157204,2025-09-18,Video,"פחות סטרטאפים, יותר אקזיטים: משבר ההייטק הישראלי  @ittaishick",228,36726,581,9,21,8,44
7551365638745312533,2025-09-18,Video,הגיע לצלם את חממות הסמים בנגב והותקף באלימות @itsikzuarets,154,360687,8786,284,860,178,656
7551362284950392084,2025-09-18,Video,התפתחות מרגשת: ניקו חזר לכתוב  (רחלי רזי סלע),178,506966,39681,625,1229,243,1333
7551365093552819476,2025-09-18,Video,"אימו של ינון שנפל בח'אן יונס: ""ידעתי שתגיע הדפיקה בדלת"" (נוב ראובני)",528,117836,7271,146,40,15,196
7551361998630571284,2025-09-18,Video,"""פריצת דרך טכנולוגית"": מערכת היירוט החדשה של צה""ל @itayblumental1",245,185510,6859,242,479,137,520
7551361653691010324,2025-09-18,Video,האיחוד האירופי נגד ישראל - מה זה אומר? (דב גיל-הר),179,44554,906,74,69,28,60
7551359195950435591,2025-09-18,Video,עד מדינה בדרך? פרשת מאי גולן מסתבכת (שלי טפיירו),112,537649,8468,695,217,63,493
7551246345890204929,2025-09-18,Video,מבחן הטעימות הגדול: חושבים שתצליחו להבדיל בין קפה איכותי לקפה מתחנת דלק? | עם הספל @amsterdamski_2,47,101251,4929,7,80,21,139
7551232067581775105,2025-09-18,Video,המצעד השנתי יוצא לדרך: תנו הימור - מי יהיה שיר השנה שאתם בחרתם? 🎶 (דורית אסרף-מזרחי),273,19987,1160,14,22,4,60
7551230935329410321,2025-09-18,Video,"הוא הישראלי הראשון שמשתתף בתחרות - ומתכנן להיות הישראלי הראשון שזוכה בה: תכירו את עומר חלבי שינסה לזכות בתואר ""מיסטר יוניברס"" (מיכל רשף)",178,217718,15612,135,678,95,521
7551059951947468049,2025-09-17,Video,עם הספל - פרק 3 @amsterdamski2 #קפה#קפהקר,909,76321,1114,17,130,48,127
7551097823488462101,2025-09-17,Video,מהאפיפיור עד לרב עובדיה: חנות הבדים של בילאל בירושלים העתיקה משרתת את בני כל הדתות כבר שנים @anastasia.stu7,64,18946,577,8,6,0,47
7551062220742987025,2025-09-17,Video,עם הספל - פרק 2 @amsterdamski2 #קפה #קפהקר #כחוללבן,850,10682,298,5,10,5,21
7551048622746422529,2025-09-17,Video,"""כמו לשתות מיץ מתרכיז"": קפה נמס הוא לא באמת קפה?! | עם הספל  @amsterdamski2",31,138517,2852,65,427,120,188
7551037575402671361,2025-09-17,Video,"חוקרים מאוניברסיטת חיפה נתקלו בלהקת דולפינים שקיפצה מולם במשך כשעה, בים העמוק כשמונה עשר קילומטרים מערבית לחיפה (מיכל וסרמן) צילום: ד""ר אביעד שיינין",29,333145,14372,95,1512,324,631
7551004435300764948,2025-09-17,Video,"השחקנית היהודייה זכתה באמי והכריזה: ""פרי פלסטין"" (מיכל רשף)",182,474053,15577,507,345,47,656
7551015749033184532,2025-09-17,Video,העתיד כבר כאן: מתי המכוניות האוטונומיות יגיעו לישראל? @ittaishick,243,17457,332,5,2,1,15
7551015262909205781,2025-09-17,Video,עכשיו גם ספרד: החרם על ישראל באירוויזיון מתרחב @amitharari,217,49379,889,75,52,10,43
7551012092673887508,2025-09-17,Video,המפלגה החדשה של גדי אינזקוט  (יערה שפירא),166,29132,462,46,10,4,23
7551011684685483282,2025-09-17,Video,"""שתיתי קצת ויסקי ואיבדתי שליטה"": תאונת הדרכים של גידי גוב @hadasgrinberg",209,379910,8292,88,259,65,391
7551007034179636496,2025-09-17,Video,"מזעזע: פקחים בחדרה תלשו וקרעו תמונות של חללי צה""ל (אורלי אלקלעי)",114,438523,17376,837,1734,285,725
7551004013425151253,2025-09-17,Video,"""ביישתם את ספרד"": פרו-פלסטינים התפרצו למרוץ אופניים - כי התחרו בו ישראלים  (דב גיל-הר)",284,356359,13443,595,722,177,482
7550992610404388117,2025-09-17,Video,"כתב כאן חדשות מיכאל שמש שאל את נתניהו על פרשת קטר-גייט, הוא סירב לענות: ""אני לא מתעסק עם תועמלנים"" @michaelshemesh",18,627860,12333,1194,582,227,673
7550780575473274132,2025-09-17,Video,מחירי המוניות יירדו? Uber בדרך לישראל @yoavborowitz,186,230893,5247,526,615,249,327
7550784390478056724,2025-09-17,Video,מצליחים להבדיל בין קפה מתחנת דלק לקפה פרימיום?  ☕ #עםהספל,849,54351,1563,24,84,23,129
7550735206865538320,2025-09-16,Video,"איברהים, תושב עזה שעבד 50 שנים בישראל, מספר בעברית: ""אין בעולם כמו מדינת ישראל. ישראל מכניסה מספיק אוכל"" (מיכל רשף)",83,298757,9985,643,692,199,574
7550701131786095889,2025-09-16,Video,"מירי רגב: ""החלטתי – יהיה Uberבישראל. אזרחי ישראל לא יכולים להיות שבויים בידי בעלי מוניות"" @mayarachlin",38,605885,22567,1249,3286,1081,906
7550393103329299728,2025-09-16,Video,"נשיא מצרים מאיים: ""השלום עם ישראל בסכנה"" (אנסטסיה סטוקנוב)",219,208544,4510,209,276,72,377
7550450756822797586,2025-09-15,Video,"עינב צנגאוקר, אימו של החטוף מתן צנגאוקר, הגיעה עם משפחות חטופים נוספים מחוץ למעון ראש הממשלה ופנתה לשרה נתניהו: ""צאי החוצה, תספרי איך שיקרת לי בניר עוז. אמרת לי שתהיה עסקה!"" @itsikzuarets",19,1327176,49386,1485,1321,392,1943
7550412226650279189,2025-09-15,Video,"מרתיח: פלסטינים תקפו נכה צה""ל באתונה - איך הוא ואחותו הגיעו למעצר?! (עופר חלפון)",178,531043,12018,339,755,266,535
7550411686335843600,2025-09-15,Video,בנק חדש נולד: בנק אש ישנה את השוק?  @danayarkechy,231,177008,4523,157,1211,475,743
7550411108830432529,2025-09-15,Video,"על חשבון משלמי המיסים: בן גביר העביר טבלה - וביקש מהשרים ""לתרום"" לימ""מ  @lielkyzer1",144,100041,1585,308,69,20,80
7550408224759876865,2025-09-15,Video,"סילביה, אמא של החטופים אריאל ודוד קוניו, משתפת בחלום שלה: ""שהילדים שלי יחזרו הביתה לפני ראש השנה""",15,105613,2424,155,61,21,70
7550393466681904400,2025-09-15,Video,מעבדת סמ*ם עצומה התגלתה אצל המזכירה של מאי גולן (אורלי אלקלעי),206,431656,10258,333,517,141,524
7550371052694686992,2025-09-15,Video,"ישראל נכנסת לבידוד, נצטרך להסתגל לכלכלה סגורה @yaara.shapira",140,628537,15037,772,2594,798,1184
7550333835624418581,2025-09-15,Video,"מרתיח: אחים ישראלים הותקפו בידי פרו-פלסטינים באתונה - ונעצרו בעצמם. אחותם ובת הזוג בריאיון לכאן בשש: ""כשהם הגישו תלונה נגד התוקפים, גם התוקפים הגישו תלונה נגדם. במזל לא היה עליהם עוד לינץ' בתא המעצר"" @mayarachlin",20,262618,5585,118,204,77,201
7550302934894923029,2025-09-15,Video,הלביש את הרב עובדיה ואת האפיפיור: הכירו את מלך הבדים של ירושלים @anastasia.stu7,64,100331,4559,42,83,20,312
7550259069098003728,2025-09-15,Video,בני הזוג עידן ורון נר3חו בנובה – אימהותיהם ממשיכות לרקוד לזכרם 💔 (אמיר גרא),88,32177,1972,46,8,2,36
7550232148754566401,2025-09-15,Video,עם הספל - פרק 1 @amsterdamski2 #קפה #קפהקר #שאולאמסטרדמסקי,598,146493,6860,103,551,180,572
7550076660293422344,2025-09-14,Video,האם החרם על ישראל באירוויזיון יעבוד?! @amitharari,250,54186,2754,144,47,16,137
7550074016074042642,2025-09-14,Video,הפעם אחרונה של נתניהו בניו יורק? האיום של המועמד המוביל לראשות העיר (נתן גוטמן),167,84120,1417,167,40,13,61
7550072442115427602,2025-09-14,Video,לירי אלבג מספרת לראשונה על החטיפה מבסיס נחל עוז 💔 @itsikzuarets,294,813805,26164,574,804,201,2546
7550071645965258002,2025-09-14,Video,איך הישראלים ויוצא המוסד חטפו ילדים בגרמניה? (דב גיל-הר),292,49590,1485,7,31,8,165
7550071095013985544,2025-09-14,Video,"""אכזבה קשה"": מסוק הקרב טס מעל הנובה ולא ירה במחבלים  (אסף פוזיילוב)",239,675743,18129,994,2267,866,1303
7549986913642482961,2025-09-14,Video,"מירוץ האופניים הוואלטה אספניה הופסק לאחר שמפגינים פרו-פלסטינים התפרצו למסלול במדריד. פרו-פלסטינים התנגדו להשתתפות רוכבים ישראלים לאורך התחרות, והקבוצה הישראלית אפילו נאלצה להוריד משמה את המילה ""ישראל"" (ליאן וילדאו)",22,62284,1235,82,43,15,31
7549975136544263440,2025-09-14,Video,"חגי, אביו של החייל החטוף מתן אנגרסט: ""אנחנו מחכים שראש הממשלה יחזור להיות ראש הממשלה שבו בחרנו. אם יקרה למתן משהו - לנתניהו יהיה דם על הידיים"" @mayarachlin",26,36804,952,75,17,6,32
7549970863307640080,2025-09-14,Video,מי רוצה להשיג את מספר 2 של פוטין? #ביזארבנכר,118,142929,8485,121,1159,81,494
7549942377759165704,2025-09-14,Video,המסוק זיהה את שיירת המח2לים דוהרת מהנובה לבארי - למה הוא לא ירה? #נובה #איילהחסון #צהל,77,952333,23118,342,1153,434,1187
7549928062817815824,2025-09-14,Video,"עומר אמסלם, לוחם הלום קרב, התחנן בפני סמוטריץ' בוועדת הכספים: ""תעצרו את המתאבד הבא! לשלוח ילד בן 19 לקרב ידעתם, אבל לא לטפל בו. מה כבר ביקשנו - חיבוק?!"" (יערה שפירא)",34,282847,21192,394,757,215,944
7549904192824020244,2025-09-14,Video,האימהות שלא הכירו לפני הנובה - והתאחדו בעקבות האובדן המטלטל #רוןצרפתי #עידןהרמתי #נובה,462,113091,5656,121,72,19,163
7549887345323937045,2025-09-14,Video,פיצוץ אדיר בשמי הערבה: תיעוד דרמטי מרגע פגיעת המיירט של חיל האוויר,5,2265,23,2,2,0,1
7549876215713156359,2025-09-14,Video,החשוד בר3ח צ'ארלי קירק שהוסגר על ידי אביו #צ'ארליקירק,168,669024,29636,193,401,55,1160
7549853990708710676,2025-09-14,Video,הכירו את הפאדל - הספורט החדש שכבש את ישראל #בןזיני #פאדל #ספורט,75,425034,13288,106,825,210,409
7549675102095346964,2025-09-13,Video,"סכנת חדירת המח2לים מיו""ש: הפרצות בגדר, ההתעלמות והחשש ל-7.10 נוסף #יהודהושומרון #ירושלים #יו""ש",519,820604,13952,275,1853,401,1026
7549665830313807111,2025-09-13,Photo,#ארזאיסקוב #האחהגדול #איסקוב ,0,165363,4894,142,224,76,134
7549571635959893256,2025-09-13,Video,דניאל גפנים הגיע לעשות בלגן באולפן והראה לנו איך מפלטים רימון לכבוד ראש השנה @ifatglick1 (תמר אלמוג),72,33810,502,12,16,6,36
7549197795769502994,2025-09-12,Video,אירוויזיון 2026 בסכנה? הולנד ואירלנד כבר הודיעו שלא ישתתפו באירוויזיון אם ישראל תשתתף בו @Amit Harari ,75,75052,3017,76,67,15,135
7549196272696085780,2025-09-12,Video,"נשיא ארצות הברית דונלד טראמפ: ""יכול להיות שכמה מ-20 החטופים שהוגדרו חיים מתו בימים האחרונים"" (ישי בר-יוסף)",6,76829,1635,18,11,0,44
7548933280750423314,2025-09-11,Video,"יוסף חדאד על הר3ח של הפעיל הפרו-ישראלי צ'ארלי קירק: ""אסור לתת לזה להשתיק אותנו"" #יוסףחדאד #charliekirk #צ׳ארליקירק ",62,614165,38139,864,412,80,1040
7548830601827126548,2025-09-11,Video,אייפון דקיק ואוזניות שמתרגמות שפות: כל מה שצריך לדעת על הדור הבא של אפל (יואב זהבי),174,487329,14503,148,2735,727,1912
7548813634751827216,2025-09-11,Video,שתי צעירות אמריקניות רצו לטוס לעיר ניס שבצרפת - אבל מצאו את עצמן על טיסה לתוניס שבאפריקה 🤦‍♀️ תייגו מישהו שזה היה קורה לו 👇 @ittaishick,63,241562,11840,90,379,49,339
7548813164893211921,2025-09-11,Video,"מה שמענו עכשיו? בקטע שמופץ ברשת, ראש הממשלה הספרדי מביע צער על כך שאין לספרד נשק גרעיני - ולכן אין ביכולתה לעצור את ישראל לבד (איתמר מרגלית, דסק החוץ)",25,327017,6667,856,622,212,394
7548569200881650945,2025-09-11,Video,"צרות של עשירים: 385 מיליארד הדולרים שלו כבר לא מספיקים - אילון מאסק כבר לא ""האיש העשיר בעולם"" (איתי שיקמן)",112,427998,19100,210,858,206,894
7548722584175611144,2025-09-11,Video,"""זהו רגע אפל לאמריקה"": טראמפ מגיב לר3ח פעיל הימין הפרו-ישראלי צ'ארלי קירק (נתן גוטמן)",48,212974,19400,280,321,67,562
7548570515523276049,2025-09-11,Video,"המלחמה על החופה: איציק ונחמה, זוג חיילים בודדים, היו רגע לפני חתונה – אבל אז איציק נפצע אנושות בלבנון. אחרי שיקום של שנה הוא נישא לאהובתו כנגד כל הסיכויים ❤️ (יפעת עמיאל)",627,482273,24671,215,433,141,742
7548453729943506193,2025-09-10,Video,מה הקשר בין יעקב פרי ובין סכסוך גירושין שהתדרדר לפלילים בגרמניה? (דב גיל-הר),457,40481,481,7,73,36,59
7548485134740180244,2025-09-10,Video,לא רק דניאל עמית: כך המשפיענים מייקרים לנו את החיים💸 @danayarkechy,65,387705,30769,486,723,106,1033
7548449165060082960,2025-09-10,Video,"דו""ח חדש מחזק את הקביעה שאלכוהול מסרטן - אבל טראמפ לא מוכן לשמוע על זה (קטי דור)",200,233587,8903,100,4648,859,951
7548459976877002004,2025-09-10,Video,"הר3ח המזעזע בארה""ב: חסר בית דקר למ!!ת צעירה ברכבת - והמשיך להסתובב בין הנוסעים (ערן סיקורל)",73,1744170,44241,620,3691,648,2740
7548458740425477392,2025-09-10,Video,"חני, תושבת שכונה ירושלמית שצמודה לגדר ההפרדה, מתריעה: ""רכבים חשודים מגיעים מאזור שועפאט, מתצפתים ומצלמים"" (תמר אלמוג, יפעת גליק)",43,160081,3741,49,189,68,170
7548446578059595009,2025-09-10,Video,"ארגון הפשע של האחים מוסלי חדר ללהב 433, ארבעה שוטרים נעצרו בחשד שקיבלו מהם שוחד בתמורה למידע רגיש @hadasgrinberg",271,342509,4360,108,914,477,486
7548427247850507537,2025-09-10,Video,"""ראיתי תיק באוטובוס והתביישתי לקום לנהג. אחרי שתי דקות התיק התפ!צץ"": אילנה נפ3עה אנ!ש בפיגוע תופת בשנת 2000 (יפעת גליק, תמר אלמוג)",90,77011,2361,14,11,2,65
7548336620441701650,2025-09-10,Video,"מפגינות פרו-פלסטיניות קראו לטראמפ ""ה*טלר של זמננו"" ודרשו ""לשחרר את פלסטין"" במסעדה - דווקא כשהוא ביקש להדגים כמה עיר הבירה בטוחה אחרי פעילות המשמר הלאומי (איתמר מרגלית)",24,246148,9186,193,370,72,416
7548185068519361810,2025-09-10,Video,פדיחה או הצגה מבוימת? הצעירות שרצו להגיע לניס - ונחתו בתוניס @ittaishickman2,149,394240,19902,183,1347,215,774
7548138422976711952,2025-09-09,Video,"ראש הממשלה נתניהו אחרי ניסיון החיסול בקטר: ""דם יהודי איננו הפקר"" @yaara.shapira  #ביבי #ביבינתניהו #נתניהו #ישראל #קטאר #קטר #כאן11 #חדשות",27,92690,4383,225,149,29,118
7548080770498235665,2025-09-09,Video,תיעוד: ניסיון החיס*ל של הנהגת חמא0 בקטר (גיא מעיין),19,328839,8803,477,885,407,345
7547780461221793042,2025-09-09,Video,"עם כלביא, טיפת מזל, צלילי הכרם ורבות הדרכים: מי באמת בוחר את שמות המבצעים בצה""ל?  ישראל שומר, ראש חטיבת המבצעים, שם סוף לשמועות  @roy.sharon.71",26,117416,3985,22,251,103,191
7547774512939453704,2025-09-08,Video,"מה משותף לפיגועים בתחנה המרכזית בבאר שבע, במרכז קניות בעיר ובטרמפיאדה בערד? את כולם ביצעו מחבלים ישראלים שנולדו לאימהות פלסטיניות. למה גברים בדואים מעדיפים להתחתן עם נשים פלסטיניות? (אסף פוזיילוב)",50,347021,6805,415,1230,459,637
7547808039328288018,2025-09-08,Video,סיפוריהם של הנר3חים בפיג!ע בירושלים #חדשות #כאן11 #ירושלים,182,169715,11498,269,182,60,390
7547807233581763858,2025-09-08,Video,"האב מניו זילנד שחטף את ילדיו ליער, נתפס - ונורה למ!!ת #ניוזילנד #יער #כאן11",122,245560,8515,32,148,21,367
7547804917696662792,2025-09-08,Video,הקשר בין אלכוהול וסרטן #אלכוהול #יין #סרטן,182,168927,6013,231,3229,781,698
7547748706083294471,2025-09-08,Video,"הפוליגמיה בישראל היא מחוץ לחוק, אבל במשך שנים המדינה פשוט עודדה נישואין של בדואים ליותר מאישה אחת - וזה עולה לכולנו ביוקר: ""גבר שיש לו 40 ילדים - יקבל קצבת ילדים על 40 ילדים"" (אסף פוזיילוב)",51,489083,10077,458,1031,426,477
7547739550999710983,2025-09-08,Video,"כן, זה בישראל: בת 15 נמכרה והתחתנה עם בן 37 - והיא אפילו לא אשתו הראשונה. החתן נעצר, אבל לא בטוח שהנישואין יסתיימו (אסף פוזיילוב)",42,672219,12923,151,2159,490,1190
7547786715650460935,2025-09-08,Video,"קורע לב: בתה של שרה מנדלסון ז""ל, שנ@צחה הבוקר בפיגוע בצומת רמות בירושלים, ספדה לה - ""אמא, אנחנו צריכים אותך פה כל כך""",28,599446,36232,3062,601,113,1095
7547726199766682898,2025-09-08,Video,בקרוב נקבל מרשם לחיבוק עצים? רפואת היער תופסת תאוצה בישראל - ועכשיו זה גם מדעי  (נוב ראובני),71,67575,1058,54,464,38,64
7547710769345907969,2025-09-08,Video,"יגאל, נהג המונית שחילץ נוסעת מזירת הפיג!ע: ""שמעתי שריקות של כדורים מסביב - ולא יכולתי פשוט להשאיר את הנוסעת שלי, אישה מבוגרת, לבד בתוך המונית כשכל זה קורה. לא ראיתי את עצמי כגיבור, פשוט עשיתי את מה שכל נהג מונית אחר היה עושה במקומי""",45,839597,42781,859,1274,401,1576
7547697374886448392,2025-09-08,Video,"אסתר, שנפצעה בפיג!ע בירושלים, מתארת את התזמון המצמרר של נהג האוטובוס",39,520442,30052,507,1136,337,1117
7547688586972351752,2025-09-08,Video,"אלי, אברך שהיה בדרכו לישיבה ונקלע לזירת הפיגוע בירושלים: ""זה לא ימנע ממני לנסוע ללמוד, אין בי פחד לעמוד פה"" @haimgoldich",18,621959,45077,647,785,129,1303
7547683532202609928,2025-09-08,Video,"עם של גיבורי על: בזמן שכולם ברחו מהירי, נהג המונית דאג לעזור לנוסעת מבוגרת להתפנות מהפיגוע בירושלים ❤️‍🩹 (יערה שפירא)",52,1269945,42722,1094,2425,963,1940
7547679041172606215,2025-09-08,Video,"קורע לב: מתנדבי זק""א אומרים קדיש בסיום העבודה בזירת הפיגוע בירושלים 💔 @haimgoldich",30,611151,43436,1030,496,89,917
7547654770987715848,2025-09-08,Video,"""אנחנו רגילים לזה כירושלמים, אבל המראות היום היו קשים במיוחד"" @haimgoldich",26,213001,9244,132,100,34,249
7547659740663270674,2025-09-08,Video,משבח את המנטרלים החרדים - ותוקף את בית המשפט: הצהרת נתניהו בזירת הפ*גוע בירושלים @haimgoldich,28,394861,27202,857,810,330,768
7547647803410074898,2025-09-08,Video,נהג מונית עוזר לנוסעת מבוגרת לברוח - כשקליעים שורקים מעליו: תיעוד חדש מהפ*גוע בירושלים @itayblumental1,42,4008706,118861,7171,14714,4033,7960
7547638707906415880,2025-09-08,Video,ירי בתחנה הצפופה: תיעוד מהפ*גוע בירושלים (הדס גרינברג),21,156215,3285,85,203,67,116
7547635551197875474,2025-09-08,Video,בתחנת אוטובוס בשיא העומס: תיעוד הבהלה בפיג*ע בירושלים (הדס גרינברג),13,478579,8775,160,646,250,391
7547595599420329217,2025-09-08,Video,"בנט בלי פילטרים: ""השרים מטומטמים ומרושעים, הם מקוששים קולות על חשבון החיילים שלנו"" @yaara.shapira",172,197665,4710,1395,309,103,257
7547586750793780496,2025-09-08,Video,"טראמפ איים בפשיטה נגד מהגרים בשיקגו - והתושבים זועמים: ""הוא אוהב שאנשים מפחדים"" (יואב זהבי)",153,58562,850,40,39,14,44
7547404295356861713,2025-09-07,Video,הירח האדום מציץ סוף סוף מבין העננים במהלך הליקוי המלא צילום: רויטרס,29,140815,5505,199,182,69,243
7547373964062903560,2025-09-07,Video,"""כשאתה לא מגיע - אתה בוחר בכאוס"": סרן נ' מסביר למה הוא חוזר לסבב נוסף במילואים למרות הכול (מואב ורדי)",31,84718,2611,59,11,3,42
7547342524420001041,2025-09-07,Video,"שלושה כטב""מים מתימן יורטו או נפלו בדרך - אחד התרoק בלי התרעה מוקדמת: כך נראים חלק מנזקי הפג*עה בנמל התעופה רמון @itayblumental1 @itsikzuarets",14,316162,5342,116,656,286,208
7547253516851514642,2025-09-07,Video,"אחרי שעורר סערה כשהעלה מעריצות מישראל לבמה, סולן להקת קולדפליי כריס מרטין מגיב בדרכו: ""כולנו מכדור הארץ, כולנו בני אדם. ברוכים הבאים מישראל ומפלסטין""  📸: מתוך עמוד האינסטגרם של אור לב-ארי @orxlevari",21,82211,2364,118,158,31,121
7547090083548056850,2025-09-06,Video,"""אף אחד לא עונה בקשר"": ההקלטות האחרונות של אורי שני מ-7 באוקטובר נחשפות  (איילה חסון)",238,303057,14062,632,666,207,1091
7547089582903381256,2025-09-06,Video,בת 15 התחתנה עם בן 37: המלחמה בפוליגמיה בישראל (אסף פוזיילוב),726,1235650,47294,1847,6902,1343,4610
7547088767144807688,2025-09-06,Video,פאה או שינוי תדמית? הבלונד של קייט מידלטון מסעיר את בריטניה  (מיכל רשף),177,134651,3713,47,39,5,108
7547087439324515592,2025-09-06,Video,"משפחת הנייה עוברת לגור ביישוב עומר?! עסקת הנדל""ן שעוררה סערה @itsikzuarets",370,685270,21468,1030,2148,621,1372
7547045986942684434,2025-09-06,Video,"קובי, אביו של החטוף אלון אהל, ראה את בנו לראשונה אחרי כמעט שנתיים - בסרטון שחמאס פרסם. הוא פונה לשובים של בנו ולראש הממשלה: ״זה לא אלון שאני מכיר״ (איילה חסון)",24,110451,3850,70,34,5,79
7547026815294999816,2025-09-06,Video,"ענת, אימו של החייל החטוף מתן אנגרסט, חשפה הקלטה של שיחה עם נציג צה""ל - בה הוא מבהיר שהסיכון לחייו של מתן גדל עם הרחבת התמרון בעזה @yoavborowitz",19,109213,1784,56,33,8,65
7547018369812204808,2025-09-06,Video,"כמעט שנתיים אחרי: לפי דיווחים בעזה, מחמוד מהדי עפאנה, המחבל שהתגאה בשיחת טלפון עם הוריו שרצח ""עשרה יהודים במו ידיו"" בזמן טבח 7 באוקטובר בקיבוץ מפלסים - חוסל בתקיפות חיל האוויר. שיחת הטלפון המזעזעת שהוא קיים עם אביו הייתה דרך מכשיר הטלפון של אחת הנרצחות @itayblumental1 (גיא מעיין)",173,1544594,24121,1028,5034,1074,3648
7546962040204709127,2025-09-06,Video,"דן, לוחם מילואים: ""אין פילוג בצבא? מישהו שצפה ביותר מדי ערוץ 14 קרא לי 'בוגד' בתוך מגנן, בזמן שאני מחפה עם הנשק - כי הוא שמע שהייתי בקפלן"" @ifatglick1 (תמר אלמוג)",20,78843,2530,162,34,9,74
7546228399069842706,2025-09-06,Video,"האמבולנס שמסייע ללוחמים שנפצעו להגיע לסופר, לים - ולבילויים עם חברים #כאן11 #צהל #לוחמים",66,148538,3479,137,62,15,87
7546225612948655376,2025-09-06,Video,הצד האפל של המנגו🥭 החקלאים בישראל שמשלמים את מחיר המלחמה #מנגו #כאן11 #חקלאים,56,181215,6361,262,285,120,204
7546186445875072263,2025-09-06,Video,מה עושים בקייטנת לייזר? המדריכה והילדות מסבירות (קטי דור),25,533734,23171,1010,9332,981,1379
7546180691889786119,2025-09-06,Video,"מ' התביישה ללבוש מכנסיים קצרים והתחילה עם טיפולי הסרת השיער כבר בכיתה ב', אחותה ביקשה להוריד שיער מהגבות כבר בגיל שלוש  (קטי דור)",31,257873,6468,178,413,47,298
7546701014049606928,2025-09-05,Video,מה גרם לטל מוסרי להתרגש עד דמעות? 🥹 (@ifatglick1 תמר אלמוג),89,558322,34910,427,1058,67,1502
7546626142908730631,2025-09-05,Video,"הסרטן פגע בפס הקול של הספורט הישראלי - בגרון של יורם ארבל. אחרי יותר משנה של מאבק במחלה, הוא מתחיל לחזור לשדר: ""אין לי ווליום, הקול לא בדיוק מה שהיה"" הכתבה המלאה - הערב בחדשות שישי (אורי לוי)",36,203811,4853,155,254,98,204
7546604914013768976,2025-09-05,Video,"""אני רואה כמה שאתה ס!בל, לא מאמין שאתם עדיין חיים את התופת המזעזעת הזו"": שורד השב* אלי-ה כהן שהוחזק עם אלון אהל מגיב לאות החיים שלו שפרסם חמxס לראשונה מאז 7 באוקטובר (אנה פינס)",35,143346,10480,64,32,1,184
7546235331071282433,2025-09-05,Video,"גננת מראשון לציון חשודה בסחר בקוקאין, עורך דינה טוען: ""זו השלמת הכנסה, היא לא ידעה מה יש בתוך הקופסה""  @haimgoldich",37,536757,9997,521,2343,833,678
7546327948622646545,2025-09-05,Video,"הדור הבא של הפוטושופ: כבר ניסיתם את ה""ננו בננה"" של גוגל? (עופר חלפון)",195,30199,1001,24,51,17,150
7546326536027229457,2025-09-04,Video,הייתם משלמים 140 שקלים על עוגת השוקולד של דניאל עמית? @liran_kogahinoff,169,538438,25383,435,1008,152,975
7546301905786391825,2025-09-04,Video,שתי עוגות כמעט זהות - אבל בהפרש של עשרות שקלים במחיר. האם העוגה של דניאל עמית שווה את זה?   @Dana yarkechy @kerenuzan1,64,629987,25084,335,510,75,869
7546217060322364689,2025-09-04,Video,זה מטוס? זו ציפור? לא! זה הלווין שישראל שיגרה לחלל (איתי בלומנטל),217,155875,3857,74,266,99,224
7546203065469127953,2025-09-04,Video,"""נתניהו, גלנט וסמוטריץ' אחראים למחדל בעורף"": הדו""ח החריף של מבקר המדינה (יעל צ'כנובר)",221,25607,322,10,10,5,17
7546202586064456961,2025-09-04,Video,"סדר עולמי חדש? המצעד הענק של נשיא סין - שמנסה לערער את ארה""ב (ערן סיקורל)",206,286083,6397,202,237,80,419
7546251085040700689,2025-09-04,Video,"יעקב נפצע בעזה, והחליט לא לדחות את החתונה - ולהינשא לתאיר בבית החולים ♥ @itsikzuarets",8,76025,2636,82,32,12,55
7546226510227574032,2025-09-04,Video,בקבוק תבערה של נוח'בות בשקית של גלידה: המלחמה של שורדי הנובה רחוקה מלהסתיים הכתבה המלאה - הערב במהדורת כאן חדשות (ויקו אטואן),39,105375,2248,22,30,5,118
7546201767071976720,2025-09-04,Video,הגרעין האיראני חוזר?! זה מה שרואים בתצלומי הלווין (מיכל רשף),137,265115,4736,69,299,71,328
7546222416020655361,2025-09-04,Video,"אומנית מהעוטף שפיסלה בחלקי טילים גילתה לאחר חודשים שיצירה שלה הכילה בתוכה פצצה מתקתקת, ושהיתה במרחק נגיעה מאסון, מילולית (שלי טפיירו)",59,361070,8527,46,276,58,404
7546201533344517393,2025-09-04,Video,"אחמד גדל בעזה, יוצא נגד חמאס - ומותקף ברשתות (נתן גוטמן)",368,54098,1195,25,17,4,67
7546200838759288081,2025-09-04,Video,"""כריס מרטין טיפש"": סערת קולדפליי לא נרגעת  @amitharari",247,417625,27231,380,777,166,1012
7546193369991515409,2025-09-04,Video,"אחמד פואד אל-חטיב, פלסטיני שגדל בעזה, מתנגד לחמאס ומותקף: ""מאוד קל לתמוך בחמאס כשאמא ואבא משלמים 50-100 אלף דולר בשנה על תואר יקר ולא שימושי באומנות""  (נתן גוטמן)",35,66330,3111,49,57,11,103
7546182147372043538,2025-09-04,Photo,"זדורוב זוכה מאשמה לאחר שריצה 15 שנות מאסר בעקבות הרשעתו בגין ר3ח הנערה תאיר ראדה.  פרשת הר3ח של תאיר הסעירה את המדינה מאז 2006. במסגרת החקירה תשאלה המשטרה כ-1,000 אנשים שהיו בין כותלי בית הספר בקצרין בזמן הר3ח. כשבוע לאחריו, נעצר רומן זדורוב, אזרח אוקראינה ששהה בארץ באשרת תייר ועבד כפועל בניין. לאחר שמונה ימי חקירה הודה זדורוב בר3ח בפני מדובב משטרתי, כשהמניע היה עלבונות שלכאורה הטיחה בו ראדה. בתוך ימים חזר בו מהודאתו, אבל אז שב והודה פעם נוספת. התיק נפתח מחדש בעקבות ראיות חדשות שהיוו את הכף והשו",0,582674,20119,558,1355,267,800
7546168856025484551,2025-09-04,Video,"מזעזע: אזרח הונגרי שהגיע לעיר נצרת ללימודי הברית החדשה הרג גור חתולים באכזריות ""כי הוא יילל והפריע לו בלימודים"". מהחקירה עולה שהאזרח טיפל בגור יום לפני כן, לקח אותו לדירתו, קילח אותו והשיב אותו לרחוב. החשוד טוען שבמהלך הלימודים ""הוא הבין שהחתול הוא יצר של השטן"", ולכן החליט להרוג אותו (אורלי אלקלעי) 📸: משטרת ישראל",17,52331,923,22,70,9,37
7546168065579371792,2025-09-04,Video,קלן הפכה את המקרה שלה למאבק: להוציא מהחוק צילומים מחפיצים בלי רשות #גרמניה #תמונות #כאן11,206,25498,380,2,10,2,17
7546162247907757329,2025-09-04,Video,האומנית מהעוטף שמתעדת את המלח@ה באומנות #אומנות #עוטף #כאן11,235,87868,3683,21,75,12,138
7546161089520733458,2025-09-04,Video,"ליבי בת ה-6 עוברת טיפולי הסרת שיער בלייזר כבר שנה: ""לעגו לי בגן"" (קטי דור)",14,443387,15669,280,751,86,597
7546157251694808321,2025-09-04,Video,כשהמלח@ה מגיעה אל המנגו🥭 המחסור בפועלים והחרם בעולם על סחורה מישראל #מנגו #חקלאות #כאן11,21,193342,4427,52,80,33,129
7546151470261914898,2025-09-04,Video,כמעט חסר תקדים בקבינט: ראש הממשלה וחברי הקבינט החליטו נגד הדעה של כל ראשי מערכת הביטחון @מיכאל שמש Michael Shemesh ,50,53504,1181,356,66,27,47
7546127229634301192,2025-09-04,Video,הילדים השאירו לגו על הרצפה? #לגו #שיאגינס #ניוזילנד,31,203926,8460,146,626,102,220
7545969771326541057,2025-09-04,Video,השפים מגבירים להבות: מכתב המסעדנים הישראלים נגד ההרעבה בעזה (עופר חלפון),156,154850,6505,887,241,56,248
7546118070721465608,2025-09-04,Video,"הרכבל האיירוני בליסבון, בירת פורטוגל, סטה מהמסילה - והתרסק #פורטוגל #חול #טיסה",21,19618,326,6,23,11,11
7545970300601552145,2025-09-04,Video,"""הילדים בגן צחקו שיש לי שפם"": הילדות שמסירות שיער בלייזר לקראת כיתה א' (קטי דור)",666,590962,31446,1521,5684,959,2094
7545826243178958087,2025-09-03,Video,עוזרים ללוחמים שנפצעו - לחזור לחיים❤️‍🩹#צהל #לוחמה #חיילים,502,175553,6567,245,222,91,212
7545818983019171079,2025-09-03,Video,"במקביל להכנות של צה""ל לתמרון - תושב עזה מעיד: ""חמxס עומדים בדרכנו ועוצרים את הירידה דרומה"" @itayblumental1@itsikzuarets (כרמלה מנשה) 📷: דובר צה""ל",26,77691,827,21,46,12,56
7545574653750906120,2025-09-03,Video,מחירי הטיסות יירדו? WIZZ מקימה בסיס קבוע בישראל - ומבטיחה מהפכה,410,105241,3615,114,376,76,207
7545573698917502226,2025-09-03,Video,העולם הערבי נגד קרפור - בגלל פעילותה בישראל @anastasia.stu7,119,545133,10377,657,1156,464,555
7545586026136358162,2025-09-02,Video,ישראל שיגרה לחלל את הלווין ”אופק 19” - שישמש למטרות תצפית,17,390319,16962,337,1825,536,710
7545575685172120840,2025-09-02,Video,"""השלמת הכנסה"": גרסת הגננת שחשודה בהחזקת חצי ק""ג ק!קא*ן @haimgoldich",147,65110,1318,61,206,81,107
7545556694160690449,2025-09-02,Video,"עידו הרוש ז""ל ראה את עשרות המח2לים מגיעים - והסתער בגבורה בלתי נתפסת #חלליצהל #עידוהרוש #צהל",79,437047,29548,616,361,78,970
7545553087365139720,2025-09-02,Video,איתיי בנדה שר ללבבות של אנשים ברחבי העולם - ולא נעלב גם כשהוא מקבל קללות: ״זו שליחות״  (ערן זינגר),47,212701,8079,180,118,37,261
7545427860576537874,2025-09-02,Video,"שגרירנו בטיקטוק: איתיי בנדה, מוזיקאי ישראלי שחי בלוס אנג'לס, יודע לשיר ב-40 שפות. במפגשים ברשת עם צעירות וצעירים ערבים ומוסלמים הוא מצליח לגעת להם בלב - אבל גם מתמודד עם תגובות שנאה (ערן זינגר)",733,454502,23703,221,401,113,1020
7545220023078358280,2025-09-02,Video,"שנה למינוי המפכ""ל דני לוי: הפשע שמשתולל, המשטרה שהתרסקה – ומה באמת קורה בין המפכ""ל לבין השר בן גביר? @hadasgrinberg",950,262268,4022,369,553,258,440
7545222358370372882,2025-09-02,Video,"החות'ים קבר! את הבכירים - ומאיימים: ""ישראל תספוג תגובה קשה וכואבת""",172,368450,11021,671,522,103,862
7545211702996978962,2025-09-02,Video,"""תפתחו מוסדות לילדות שלכם"": האפליה נגד הילדות הספרדיות - והגיבוי מגפני @haimgoldich",220,368717,13980,544,735,229,648
7545203414540487944,2025-09-01,Video,בן 11 מטקסס מתח את השכנים - ונורה למ!!ת: אתגר הטיקטוק שנגמר אסון @yoavzehavi10,107,777523,42048,707,3486,296,2042
7545193037102714119,2025-09-01,Video,"""גזענות טהורה"": חבר הכנסת משה גפני קרא לש""ס לפתוח בתי ספר - לאחר שתלמידות ספרדיות לא הורשו ללמוד בבתי ספר חרדים  @קרן אוזן ",19,110206,3327,355,88,51,108
7545184832213585169,2025-09-01,Video,"עשרות ילדות חרדיות, רובן ספרדיות, נשארו ב-1 בספטמבר בבית בגלל ""עומס בבתי הספר"". חבר הכנסת משה גפני מדגל התורה: ""שש""ס יפתחו מוסדות משלהם"" @haimgoldich",76,180049,7201,458,338,119,334
7545169826369539345,2025-09-01,Video,"מרתיח: משיח, שגר בשנים האחרונות בקולומביה, הגיע לארץ ב-7 באוקטובר ומאז נלחם במילואים בלי הפסקה. למרות תרומתו האדירה, המדינה מסרבת לחדש את תעודת הזהות שלו - והוא אפילו לא מקבל את ההטבות למילואימניקים @kerenuzan1",33,181567,7343,213,186,54,198
7545139681801899265,2025-09-01,Video,"סתיו, בת הזוג של החטוף החלל עידן שתיוי ז""ל, נפרדה ממנו: ""האמנתי שאתה חי, דמיינתי אותך חוזר"" (יעל צ'כנובר)",32,128552,8022,1002,122,33,196
7545115890237377793,2025-09-01,Video,"איך מלמדים בבוקר של ""הותר לפרסום"" - ואיך מתמודדים עם השאלות הקשות של הילדים על המלחמה? טליה, מנהלת בית החינוך היסודי מרחבים ביבנה, מסבירה @r_m_aharoni",40,12195,275,12,1,0,13
7545114529768688913,2025-09-01,Video,אחרי שנתיים רחוק מהבית: את שנת הלימודים הזאת אמיר ונטע פותחים סוף סוף בבבית הספר בניר יצחק @itsikzuarets @rubihammerschlag,23,18214,534,7,7,1,13
7545092140313873681,2025-09-01,Video,הסיפור המוזר של הטרנסית הנאו-נאצית שהשתלטה על הכותרות באירופה (דב גיל-הר),245,99931,3083,118,475,82,235
7545102035524324609,2025-09-01,Video,"ליאת, אימו של רותם סהר-הדר ז""ל ומורה בתיכון יצחק נבון ביבנה, חוזרת ללמד בני נוער שיתגייסו לצבא כבר בעוד פחות משנה: ""מנסה לא לחשוב על זה"" @r_m_aharoni",44,92751,6860,63,113,22,137
7545076901384162567,2025-09-01,Video,"מאות בני נוער במרכז סירבו להתחיל את שנת הלימודים כסדרה, ויצאו לרחובות במחאה למען שחרור החטופים @yoavborowitz  צילום: זוהר גלדמן, דפנה בנקי",14,34398,1587,178,83,13,45
7545073768910179585,2025-09-01,Video,"תקדים רפואי בסין: ריאת חזיר הושתלה לראשונה בגופו של אדם. הריאה תפקדה חלקית במשך תשעה ימים - אז ביקש המטופל להפסיק את הניסוי, על אף סימני ההצלחה. (נוב ראובני)",201,427935,13430,339,1379,227,919
7545002537242381569,2025-09-01,Video,"דוד ד'אור הותקף בפולין על רקע אנטישמי: במהלך הופעה של הזמר בעיר ורשה, מפגינה פרו-פלסטינית התיזה עליו צבע אדום וצרחה ""פרי פלסטיין"" (דב גיל-הר, אלון פרוכטר) 📸: עופר מנחם",8,601528,9021,1365,1177,81,417
7544838413522947329,2025-09-01,Video,"בנוכחות חלקית, אחרי שנתיים: ילדי העוטף וקו העימות חוזרים לכיתה @itsikzuarets @rubihammerschlag",456,189380,7983,44,386,86,228
7544842134407417104,2025-08-31,Video,אחד בספטמבר שמח מיהב ולוטם החמודים 💜 @kerenuzan1  #ביתספר #לימודים #1בספטמבר #כאן11 #חדשות,21,583497,36905,685,2240,167,1145
7544835006695214353,2025-08-31,Video,"""פסגת הרשע"" העולמית בסין יוצאת לדרך. מה תאחלו לאורחים? @yoavzehavi10  #סין #רוסיה #הודו #טורקיה #צפוןקוריאה #פוטין #ארדואן #כאן11 #חדשות",112,127404,2411,113,90,36,138
7544816473965858065,2025-08-31,Video,"גבנ""צ עם... ענבים? כך תשדרגו את הסנדוויצ'ים לבית הספר (יפעת גליק)",32,35751,1014,8,32,5,52
7544733226560916743,2025-08-31,Video,"האם טהראן, למרות המהלומה שחטפה מישראל ומארה""ב, למרות השפל הכלכלי חסר התקדים והסנקציות שבדרך, תחזור להילחם עם ישראל? (איילה חסון)",210,264478,6451,153,313,55,337
7544760868962110728,2025-08-31,Video,"היהודייה שהתחתנה עם חות'י, עברה לתימן והסתננה לשורות ההנהגה של ציר הרשע האיראני (אילה חסון)",55,378958,12351,91,285,70,756
7544728169346075922,2025-08-31,Video,"היא נולדה בפריז למשפחה יהודית. התחתנה עם מוסלמי תימני, נסעה אחריו לתימן, הייתה עדה לעליית החות'ים לשלטון, ונעה על קו צנעא-טהראן. כשהיא עוטה חיג'אב ראיינה את נשיא איראן ראיסי ונפגשה עם בכירים שם. בשלב מסוים נמלטה מבעלה, חזרה ליהדות ומאז היא מתויגת בעולם הערבי ""סוכנת מוסד"". סיפורה הלא ייאמן של היהודייה שהתאסלמה והגיעה הכי קרוב שאפשר לאויב - עד שהתפכחה הריאיון צולם בהרודס תל אביב (איילה חסון)",775,653936,31031,337,2282,767,3199
7544712501452164359,2025-08-31,Video,"המלחמה בעזה נמשכת והנטל על חיילי המילואים גדל. לכן החליטו שתי נשות מילואימניקים, איילה כהן ואביה בזק, לקחת יוזמה ולהציע לצה""ל תפקיד חדש: רכזת משפחות. הן סיפרו על האתגרים בתקופה המורכבת הזאת, על הדאגה לבני הזוג שבחזית ועל היוזמה הקטנה שלהן שמנסה לעשות שינוי גדול. @yoavborowitz",527,60546,2314,22,35,9,85
7544648544754371858,2025-08-31,Video,ארגוני פשיעה משתמשים לא פעם בצעירים נורמטיביים שלא אמורים לעורר חשד והופכים אותם למבריחי סמים - בתמורה לכסף. (שלי טפיירו),696,492789,14650,357,1030,225,930
7544644211665063186,2025-08-31,Video,מאחורי ההצלחה המסחררת של חיסול הבכירים במלחמה עם איראן עומד מודיעין טוב של ישראל – וגם פרצת אבטחה של משטר האייתולות. תחקיר חדש בתקשורת האמריקנית חושף כיצד הטלפונים של המאבטחים הפילו בפח את הצמרת בטהרן. (יואב זהבי),203,177184,4868,59,178,49,263
7544098984915258625,2025-08-30,Video,אודי כגן מביא את הפוסט טראומה לבמת הסטנדאפ #פוסטטראומה #הלומיקרב #אודיכגן,579,435016,33181,214,661,228,1746
7544079109094198529,2025-08-29,Video,"גבורתו של אילן וייס ז""ל💔 #אילןוייס #נגהוייס #חטופים",152,95249,4025,171,60,41,120
7544078294765882640,2025-08-29,Video,"שנה עברה מאז הר3ח של הרש גולדברג פולין, כרמל גת, עדן ירושלמי, אלכס לובנוב, אלמוג סרוסי ואורי דנינו💔 #הרשגולדברגפולין #עדןירושלמי #כרמלגת #אלכסלובנוב #אלמוגסרוסי #אורידנינו",836,142041,11923,202,82,16,451
7543987418156895506,2025-08-29,Video,הערב בחדשות שישי: מוני ובראבא חוזרים לשתף פעולה על הבמה - ומספרים על הדברים שלומדים בגיל 70 (איטה גליקסברג),110,55822,1339,29,31,9,53
7543982925184879890,2025-08-29,Video,הטבעת נגנבה רגע לפני הצעת הנישואין😳 (אורלי אלקלעי),130,574966,33155,155,822,123,1095
7543902747473546514,2025-08-29,Video,"הופעות, שת""פים ושיעורי בית: אייל לוי ויולי ויצמן חוזרים ללימודים @May-Laurence 🎗️🦋💋 ",424,543832,37065,343,1340,40,1716
7543714343456705799,2025-08-29,Video,יש לכם מספיק כסף לקנות את הבית הכי יקר באמריקה? (מיכל רשף),72,205575,9810,82,618,141,443
7543709292071865621,2025-08-28,Video,"במבצע סבתא, בחמישייה הקאמרית וברשימת שינדלר: נפרדים מרמי הויברגר 💔 @amitharari",518,74151,4739,74,65,20,190
7543709892192816385,2025-08-28,Video,תיעוד חריג מפולין: מטוס F-16 התרסק בטיסת אימון לקראת מטס חגיגי (איתמר מרגלית),19,1417195,38431,1144,4981,202,3242
7543694482349346056,2025-08-28,Video,"""מי חשב לתלוש ילד מהידיים של אמא שלו?"": 20 שנה אחרי ההתנתקות - הסדרה שפותחת את הפצעים (אמיר גרא)",54,500547,40715,848,796,126,2460
7543688145934519559,2025-08-28,Video,"פעילים השליכו צבע אדום מחוץ לבית הרמטכ""ל זמיר וקראו לו לסרב ליציאה למבצע לכיבוש עזה, חמישה נעצרו @itsikzuarets",33,654892,11389,2005,1351,324,531
7543669482816818449,2025-08-28,Video,"שנה לר3ח ששת החטופים, ההורים של אורי דנינו והירש גולדברג-פולין ז""ל חושפים את הקשר העמוק שנוצר בין הילדים שלהם במנהרה, שהתחיל ביום החט*פה - ונגמר כשנר3חו זה לצד זה (רחלי רז סלע)",40,127421,8470,92,54,8,256
7543622955721444616,2025-08-28,Video,"העיתונות תמיד היתה יותר ממקצוע עבור דן מרגלית, שהלך לעולמו היום בגיל 87 (דורית אסרף מזרחי)",27,46857,512,49,8,4,10
7543360191115365639,2025-08-28,Video,"פטריוטים או גזענים? הקרב על תליית הדגל בבריטניה: ""זה יכול להעליב את המהגרים"" (דב גיל-הר) #לונדון #אנגליה",276,297672,16277,684,894,301,698
7543363377423338770,2025-08-28,Video,האירוסים של טיילור סוויפט לטראוויס קלסי הם אירוע בינלאומי - לפחות אם תשאלו את המעריצות @amitharari,259,51362,4673,104,114,19,174
7543361477378428178,2025-08-28,Video,"הורים אמריקנים מאשימים את צ'אט ג'י פי טי בהתאבדות של בנם בן ה-16, ועכשיו הם תובעים את האחראים @ittaishick",251,609275,28096,378,3550,633,2016
7543365092264480018,2025-08-27,Video,יכול להיות שבקרוב בית הספר שלכם יחסום לכם את הרשתות החברתיות? #טיקטוק #טלפון #ביתספר @liran_kogahinoff,81,679763,29603,4749,14842,1127,2507
7543359396890348808,2025-08-27,Video,בגלל קמפיין פרו פלסטיני - המפיקים הישראלים של פסטיבל בפורטוגל נאלצים לבטל יום לפני הפתיחה וכשכולם כבר בדרך (נוב ראובני),256,81589,2315,58,103,39,95
7543291468065049863,2025-08-27,Video,"""שגב הגיע לעזה כשהוא כבר סובל מפוסט טרא!מה"": משפחתו של שגב כלפון חושפת עדויות מהשב* (יעל צ'כנובר)",44,66125,2857,22,96,36,72
7543278164517080321,2025-08-27,Video,"""גילינו מה הפסדנו"": תושבי קרית שמונה גילו את המרכז - והעיר התרוקנה @rubihammerschlag",88,34604,583,15,17,9,19
7543245520093842704,2025-08-27,Video,"קברו של חלל צה""ל הושחת בסוף השבוע בחלקה הצבאית באור עקיבא, באמצעות שריפת דגל ישראל על מצבתו. המשטרה עצרה את החשוד, שטען להגנתו שניסה להדליק נר (אורלי אלקלעי) צילום: דוברות המשטרה",11,578575,13105,401,187,31,1920
7543231167701470482,2025-08-27,Video,ממגרש הכדורגל לעולם התחתון: עומרי קנדה על ההתמכרות שכמעט עלתה לו בחייו #כדורגל #עומריקנדה #כסף,57,227871,8441,26,390,101,365
7543213562500549906,2025-08-27,Video,הרשימה עוד ארוכה - אבל לא יכולנו להכניס את כולה בסרטון אחד #חינוך #ביתספר #יואבקיש ,89,117356,3665,316,360,144,144
7543204201720057095,2025-08-27,Video,"תחייכו, מצלמים אתכם מהחלל📸 | צילום: SpaceX #חלל #כאן11 #מצלמה",39,94804,2835,68,259,116,114
7543183475659001095,2025-08-27,Video,21 ראשי רשויות מאוימים #כאן11 #ראשעיר #חדשות,636,265414,5577,48,815,293,514
7543182990872956178,2025-08-27,Video,אוסטרליה גירשה את שגריר איראן #אוסטרליה #חדשות #כאן11,193,140621,8228,87,182,44,267
7543168111105690888,2025-08-27,Video,מזג אוויר טרופי באשקלון? התושבים הופתעו לגלות גשם יורד - בשיא הקיץ צילום: דיאנה כהן,17,283809,18160,394,2431,279,560
7542994221246991624,2025-08-27,Video,"המסע בדרך לאומן - המשטרה נערכת לעצור את העריקים שינסו לצאת מהארץ לראש השנה, חלקם אפילו הלילה (אורלי אלקלעי)",228,131124,3907,435,196,64,213
7543149697402146056,2025-08-27,Video,בגלל המל@מה: המחסור במורים מחריף - ובבתי הספר מנסים לאלתר פתרונות #מילואים #צהל #ביתספר,212,162472,7450,105,177,60,204
7542994849809616136,2025-08-26,Video,"משפחתו של החטוף שגב כלפון משתפת קטע מהשיחה האחרונה עמו, וממשיכה להיאבק להשבתו (יעל צ'כנובר)",570,375243,12745,122,620,181,667
7542980220765228296,2025-08-26,Video,"חברי נבחרת ישראל בכדורסל ביקרו במחנות ההשמדה אושוויץ ובירקנאו מוקדם יותר היום, במסגרת ההכנות ליורובאסקט. הם סיימו את הסיור בשירת ההמנון יחד, על האדמה עליה נספו מעל למיליון יהודים @yoavborowitz צילום: איגוד הכדורסל",63,20945,1171,21,8,3,21
7542966182911970567,2025-08-26,Video,"אמא לא מוותרת בחיים: הזעקה של סילביה קוניו, אמם של החטופים דוד ואריאל קוניו (יעל צ'כנובר)",25,331097,22183,931,934,130,717
7542881166194445575,2025-08-26,Video,ניתוח הגבהה? עכשיו זה אפשרי גם בישראל (איתמר מאירי),41,122089,4058,24,106,19,156
7542863044980903186,2025-08-26,Video,"אימו של החטוף אלקנה בוחבוט מתחננת: ""תסיימו עם זה, אנחנו מרוסקים. קצת רחמים"" (אורי לוי, שרון וכסלר)",31,45507,1708,82,26,3,29
7542851825704226066,2025-08-26,Video,"צאצאי נאצים הגיעו לסגור מעגל ומתנדבים בשיקום מטולה: ""אני עומד לצד ישראל, גם אם זה אומר שאאבד חברים"" @rubihammerschlag",45,64824,3445,30,54,13,101
7542849344303549714,2025-08-26,Video,"נהג קרא למפגינים שחוסמים כביש בצומת שער הנגב לעלות לירושלים, שי לי, אשתו של החטוף עמרי מירן, השיבה: ״בוא איתי!״ (אסף פוזיילוב)",10,306504,8087,115,96,28,180
7542829730450492680,2025-08-26,Video,"""נאנסתי שוב - בחסות המשטרה"": נעם הגישה תלונה על אונס נגד המאמן שלה, אבל הטיפול בתיק לא מתקדם כבר יותר משלוש שנים (ורד פלמן)",65,768514,51294,520,663,56,1892
7542777974819540232,2025-08-26,Video,"יום המחאה: מפגינים שחוסמים בשעה זו את איילון בקריאה להשבת החטופים, הבעירו מדורה על הכביש  (אנה פינס) 📸: דנה ברק",6,145084,3156,295,324,122,96
7542625009047457025,2025-08-25,Video,"שחר מנע, כוכב הריאליטי ""אהבה חדשה"" מסתבך #אהבהחדשה3 #שחרמנע#לירעוז תגובת חברת AMS: ""החברה מתייחסת לכל פנייה ברצינות ומתחייבת לבחון כל טענה בשקיפות ובאחריות. כך נהגה בעבר ותמשיך לפעול גם בעתיד, מתוך מחויבות מלאה ללקוחותיה. למרות בקשותינו, הכתבה ופרטי הלקוחות לא הוצגו בפנינו טרם הפרסום ולכן נמנעה מאיתנו האפשרות להגיב באופן ענייני ומבוסס.אל מול הטענות שכן הוצגו, הצגנו מסמכים ועדויות המפריכים אותן, אך אלו לא שוקפו במכוון בכתבה. כך נוצרה תמונה חד־צדדית המתמקדת במקרים בודדים ומתעלמת ממאות סיפורי הצלחה",90,495517,22965,666,4843,994,1347
7542608471519268103,2025-08-25,Video,משפחות חטופים יוצאות ביום עצירה נוסף מחר. מה זה אומר?  יעל צ׳כנובר עושה סדר,35,143384,3213,128,737,254,146
7542588873084259592,2025-08-25,Video,"כפסע מסיום מוחלט של המלחמה? (נתן גוטמן, ישי בר יוסף) #טראמפ#חרבותברזל",17,49147,1150,32,43,14,41
7542558050532658439,2025-08-25,Video,"סבתו של בר קופרשטיין שנמצא כבר כמעט שנתיים בשב*: ""אנחנו שבורים לגמרי, המשפחה הרוסה. בעלי ניצול הש!אה אומר שזו שו!אה גרועה יותר"" (כאן רשת ב 🎙️ יגאל גואטה ומזל מועלם)",84,54647,2547,132,55,17,69
7542538093245615377,2025-08-25,Video,למרות הסיכון והעלות: הישראלים שעשו ניתוח גובה #כאן11 #גובה #ניתוח,462,532018,28372,276,1858,324,1160
7542527903511170311,2025-08-25,Video,משרד החינוך צריך להבין: זו לא כמות המורים - זו האיכות @liran_kogahinoff  #ביתספר #מתמטיקה #לימודים ,85,442528,24808,2206,6004,856,1588
7542499748247375121,2025-08-25,Video,"""אנחנו יכולים להביס את חמxס"": בנו של בכיר חמxס שהפך לאחד הקולות החזקים למען ישראל (אילה חסון)",64,183137,12037,370,423,139,6711
7542492853822311696,2025-08-25,Video,"""יש כבר נשים בטנקים, רופאות ומהנדסות - אין סיבה שלא תהיה מצילה"": תמר עושה היסטוריה בתור המצילה הראשונה של תל אביב (אנה פינס) #ים #קיץ",71,12716,370,12,1,0,10
7542405338197216520,2025-08-25,Video,"אין מילים: קאזם חליליה ז""ל, שהיה חבר של החטוף יונתן סמרנו ז""ל, ספד לו רק ביוני האחרון, כשהוא הובא למנוחות. הוא שיתף בכך שהם לא הספיקו ללכת לשתות בירה ביחד, וביקש ממנו לבקר אותו בחלומות. יהי זכרם ברוך 💔",23,473931,36849,534,536,97,933
7542396373346438418,2025-08-25,Video,"טרגידה: קאזם חליליה ז""ל, משתתף האח הגדול, נהרג הלילה בתאונת דרכים. בחודש יוני האחרון הוא ספד בהלוויה של חברו יונתן סמרנו ז""ל, שנחטף מהנובה ב-7 באוקטובר וגופתו הושבה ארצה",29,424963,16262,403,390,103,600
7542274665633434898,2025-08-25,Video,הוויכוח על בתי הכנסת והתפילות בהפרדה בתל אביב חוזר?  (אנה פינס),230,199331,7221,733,354,134,314
7542276236807048455,2025-08-24,Video,ר!צחים אכזרים או קורבנות תמימים? האחים מננדז נשארים בכלא - אבל כנראה שזה עדיין לא הסוף  (נתן גוטמן),305,360312,16974,343,708,66,1200
7542273387255631111,2025-08-24,Video,"טראמפ: ""כנראה שיש פחות מ-20 חטופים בחיים"" - המשפחות דואגות  (יעל צ'כנובר)",206,19573,633,10,7,4,19
7542265318123506952,2025-08-24,Video,"בני גנץ הציע ""ממשלת פדיון שבויים"" - נתניהו ולפיד התעלמו  (יערה שפירא)",184,47979,572,126,12,5,31
7542224379812252929,2025-08-24,Video,מה עשתה השרה שאחראית על הרכבות בזמן השיבושים הכי משמעותיים במערך הרכבות מאז קום המדינה? @ifatglick1,432,112131,7363,174,188,36,182
7542220303812939025,2025-08-24,Video,"מזעזע: חולה סופני בן 88 שהורשע ברצח אשתו ונשלח למאסר עולם – הודה גם בהמתת בנו, שהיה אז רק בן חמש @itsikzuarets",158,1071937,33634,503,3120,788,2013
7542215884803149073,2025-08-24,Video,"מזעזע: תיעוד חדש ובלעדי של הגבר שהתעלל בכלבו – וצפוי להמשיך לפגוש אותו למרות שהוגש נגדו כתב אישום 👇 משה ברששת מאור יהודה נעצר לפני שבועיים לאחר ששוטר הבחין במעשיו ועיכב אותו לחקירה – שם התברר כי מדובר בהתעללות ממושכת. הכלב, שסבל משטפי דם ורעידות, הועבר לטיפול השירות הווטרינרי - אלא שבמשרד החקלאות החליטו להעביר את הכלב לגיסו של ברששת, מה שאומר שהוא צפוי לפגוש את המתעלל שוב ושוב. תגובת משרד החקלאות: במשרד החקלאות בחנו בקפידה ובכובד ראש את סוגיית החזקתו של הכלב ברונו הכוללת בין היתר: לידי מי יימסר ",17,133136,4689,204,1073,120,373
7542150286169640208,2025-08-24,Video,"14 מטוסי קרב הטילו כ-40 פ33ות בצנעא. שם המבצע: ""נווה צדק"" #תימן #חות'ים #כאן11",18,454270,11898,420,644,108,528
7542067582237494544,2025-08-24,Video,"ל' מפקדת על צוות הלוחמות ביחידת יהל""ם - שפועלות עמוק בשטח האויב   #צה""ל #לוחמות #יהל""ם",48,324016,19599,225,886,260,883
7542056056864754961,2025-08-24,Video,הולנד סוערת - בגלל ישראל #הולנד #חדשות #כאן11,153,102338,2017,46,27,10,74
7541868838770593032,2025-08-24,Video,כשהנסיך הירוק פגש את איילה חסון,824,609485,32388,654,2274,824,2782
7541876858334268692,2025-08-23,Video,"הכירו את תמר, המצילה הראשונה של תל אביב🏖️ (אנה פינס) #ים #חוף #חוףהים #תלאביב #מציל #כאן11 #חדשות",329,121059,5964,87,111,34,158
7541807455362223380,2025-08-23,Video,מה קרה לבני גנץ? @yaara.shapira  #גנץ #בניגנץ #פוליטיקה #פוליטיקהישראלית #בחירות #כאן11 #חדשות,632,165184,3526,214,80,19,145
7541803652034383124,2025-08-23,Video,נוסעים לחופשה באירופה? האנטישמיות ביבשת עולה מדרגה (דב גיל-הר) #אירופה #הולנד #צרפת #פארקמים #חופשה #אנטישמיות #כאן11 #חדשות,207,77228,1632,45,68,24,77
7541764179556912400,2025-08-23,Video,סיפור על הכלה שניצחה את האש 🤍 (אורי לוי),538,132516,6955,20,77,18,227
7541715992548740369,2025-08-23,Video,"דאלית אל-כרמל בדרך להפוך למעצמת שווארמה לאומית - ומי הם בכלל אותם חברי ""כת השווארמה"" שמעניקים לה את התואר הזה? (יובל אגסי)",793,542175,11489,188,2869,1084,1428
7541519308547984656,2025-08-22,Video,"""עושים כסף טוב"": בית הספר שבו לומדים לתכנת במקום לעשות בגרויות - ומרוויחים כמעט כמו ההורים @liran_kogahinoff #ביתספר #הייטק",28,57019,2076,68,123,18,81
7541394099002264840,2025-08-22,Video,מצפצפים על החוק: מצעד התירוצים של נהגי ישראל,42,113439,3861,49,154,18,158
7541330805809794305,2025-08-22,Video,"""העם רוצה התערבות ישראלית"": תיעוד בלעדי מהר הדרוזים בסוריה (ריאד עלי)",52,843100,22668,1122,2508,626,1557
7541132135109774593,2025-08-22,Video,"זריקות הרזיה לילדים? המומחים מזהירים: ""לא מדובר בפיתרון קסם""",190,208951,8139,135,756,113,610
7541130125060902161,2025-08-22,Video,אין כניסה עם כאפייה: גרמניה אסרה על הכנסת כאפיות למחנה הריכוז בוכנוולד,174,134729,14658,80,179,20,763
7541129773582519568,2025-08-22,Video,"""השופט הכי נחמד בעולם"": השופט האמריקני פרנק קפריו הלך לעולמו בגיל 88",180,1104130,80375,519,2186,344,4037
7541136024290807057,2025-08-21,Video,עשרות אלפי ילדים בעקבות שוקולד: ההשקה שהקריסה את קניון TLV #סולטיז,160,544356,16467,478,1244,328,960
7541087974159551760,2025-08-21,Video,"פיצרייה ליד ח'אן יונס, קינוחים מושחתים בלב ההפגזות: העשירון העליון בעזה לא מוותר על הנאות החיים גם בעיצומה של המלחמה @anastasia.stu7",33,36681,690,17,36,4,26
7541047953339763984,2025-08-21,Video,"היועמ""שית אשמה בפקקים? שרת התחבורה מירי רגב כוללת גם את היועצת המשפטית לממשלה באחראים לכאוס התחבורתי בשבוע האחרון: ""אם היועמ""שית לא היתה מאשרת לחסום כבישים - האוטובוסים היו מגיעים בזמן"" (נעם גולדברג)",25,83401,2109,717,256,103,87
7541037623393963265,2025-08-21,Video,"אפשר למנוע את הרצח הבא? המדינה לא משתמשת בחוחק האיזוק האלקטרוני, שיכול להציל נשים - למה? (יעל צ'כנובר)",123,64974,4159,99,55,8,126
7541007392285150481,2025-08-21,Video,"נתניהו מעריך בראיון לחו""ל: ""אנחנו על סף סיום המלחמה - ואז תיווצר הזדמנות לשלום"" @ramelibrandts",14,21154,506,45,8,3,17
7541006505097661712,2025-08-21,Video,"מה הייתם עושים בשביל שוקולד בחינם?👇🏼 בעקבות אירוע השקת שוקולד בקניון TLV: למעלה מ-30 אלף הורים וילדים הצליחו להיכנס לקניון, אך כוחות הביטחון סגרו את האירוע בשל סיבות בטיחותיות. מהנהלת הקניון נמסר: ""מתנצלים בפני אלפי הורים וילדים שלא הצליחו להיכנס לקניון בעקבות אירוע השקת השוקולד""",10,544218,9831,461,2332,890,527
7540761640103382289,2025-08-21,Video,מת בשידור חי: כוכב הרשת ספג התעלל!ת במשך חודשים - ומת לעיני המצלמות,140,601791,20523,200,758,65,1308
7540949925023042817,2025-08-21,Video,"מירי רגב עושה גזלייטינג לציבור? סיון שמואלוביץ', מנכ""לית ארגון 15 דקות, על הכאוס התחבורתי: ""השרה לא נמצאת פה כדי לראות מה קורה ברציפים, יש משבר אמון עם התחבורה הציבורית"" (נעם גולדברג)",23,57269,3015,87,19,3,43
7540757404569390352,2025-08-21,Video,השכונה שהפכה למוקד בילוי - וכעס התושבים הוותיקים,529,154247,5208,111,399,151,317
7540750485997751569,2025-08-21,Video,הגיע הזמן למהפכה בחינוך? @liran_kogahinoff ,580,671155,45148,1023,6053,1975,3548
7540762867671305479,2025-08-20,Video,"פיצרייה ליד ח'אן יונס, תכשיטים במרחב ההומניטרי וקינוחים מושחתים בלב ההפגזות: העשירון העליון בעזה לא מוותר על הנאות החיים גם בעיצומה של המלחמה @anastasia.stu7",341,55641,841,44,52,12,59
7540711658528754945,2025-08-20,Video,תיעוד מסיכול מתקפת הפתע הבוקר בח'אן יונס: המחבל מנסה להימלט לפיר מנהרה – ומחוסל מהאוויר @itayblumental1,3,5939,92,4,14,4,9
7540704175575878929,2025-08-20,Video,"⁨	‏תיעוד מבית ליד: בסרטון ממחאת חרדים נראים מפגינים קוראים ""שיקסע"" ושופכים מים על צעירה. בהמשך היא נראית בועטת באחד המפגינים. לטענתה, היא עשתה זאת לאחר שהותקפה פיזית בידי אחד המוחים (דניאל אלעזר)",32,708630,32212,1644,9950,1120,2297
7540695078847761665,2025-08-20,Video,עימותים בין המשטרה למפגינים במסגרת הפגנה של החרדים נגד כליאת עריקים (דניאל אלעזר),24,290462,6863,814,636,155,815
7540689635593309457,2025-08-20,Video,"דיווח: חוסל המח2ל שהכריח את עומר שם טוב לנשק אותו במעמד השחרור מקורות המקורבים לחמאס מדווחים כי המח2ל ר'סאן סלות, פעיל חמאס שבחודש פברואר האחרון שורד השבי עומר שם טוב הוכרח לנשק את מצחו בטקס שחרור החטופים המשפיל, חוסל בתקיפה בדיר אל-בלח אתמול (עומר שחר)",3,5072,63,1,8,0,6
7540613933145541889,2025-08-20,Video,"""כמו אחרון הנ!חב!ת"": מאבטחים תקפו הלום קרב מ-7 באוקטובר @itsikzuarets#כאן11 #חדשות #הלומיקרב",83,1306540,67963,1835,2018,507,4912
7540418164002147591,2025-08-20,Video,מהמגרש - לחדר החקירות @Hadas grinberg #כדורגל #ליגתהעל #כאן11 ,788,238434,5145,52,362,95,501
7540568035531230465,2025-08-20,Video,"התפתחות בפרשת מ!תו של כוכב הסדרה ""חברים"" #מתיופרי #friends #חברים",183,103714,3970,59,855,139,262
7540417545388559624,2025-08-20,Video,העדויות הקשות - והתמיכה בישראל: תיעוד מהר הדרוזים בסוריה,685,240690,4537,184,628,265,445
7540418559344758023,2025-08-20,Video,גנבו את הזיכרונות האחרונים מהבנים שלו 💔,216,147321,12153,216,194,28,368
7540389423473609992,2025-08-19,Video,ניקול מגדרה מנסה להתמודד עם הכאוס ברכבת😍,63,55174,2702,60,113,37,57
7540383355129302280,2025-08-19,Video,"הזמרים מחו""ל יחזרו להופיע בישראל? @amitharari",58,31205,1022,8,27,5,22
7540355756931960065,2025-08-19,Video,הנאום קורע הלב של רייצ'ל באזכרה להירש💔,30,17195,1227,46,8,0,20
7540268699526253831,2025-08-19,Video,מה הסוד של רשתות הסטוק? @danayarkechy  #מקססטוק #סטוק #קניות #שופינג #כלכלה #כאן11 #חדשות,201,154879,7774,82,414,74,271
7540298887802752257,2025-08-19,Video,"""בן גביר עסוק ביחסי ציבור"": הכנופייה ששדדה תחנות דלק בדימונה וירוחם עם ציוד מכני מתקדם (אורלי אלקלעי)#פשע #שוד #הדרום #דרום #הנגב #נגב #דימונה #ירוחם #כאן11 #חדשות",170,577012,9790,269,1509,316,765
7540267145280703752,2025-08-19,Video,הדיפלומטית המרוקאית שהקדישה לישראל שיר של עידן יניב @roikais1987  #מרוקו #מרוקוישראל #הסכמיאברהם #שלום #כאן11 #חדשות,300,30364,989,39,117,53,31
7540311801309842705,2025-08-19,Video,עשרות מפגינים חרדים חסמו את כביש 4 במחאה על מעצר עריקים (יואב בורוביץ') #חרדים #גיוס #גיוסלצהל #הפגנה #בניברק #כאן11 #חדשות,22,164642,5169,634,471,88,180
7540297712567061761,2025-08-19,Video,"הכנופייה ששדדה שלושה עסקים בדרום תוך יומיים: ""בן גביר עסוק ביחסי ציבור"" (אורלי אלקלעי) #פשע #שוד #הדרום #דרום #הנגב #נגב #דימונה #ירוחם #כאן11 #חדשות",49,560260,7863,278,1241,364,613
7540257263127186695,2025-08-19,Video,"""מבחינתנו אין הפסקת אש"": באיראן נערכים לסבב הבא @itayblumental1  #איראן #ישראל #כאן11 #חדשות",114,432100,7896,423,2715,870,721
7540256733088730386,2025-08-19,Video,"האומנים מחו""ל הפסיקו להגיע לישראל, ובתעשיית ההופעות מנסים להסתגל למציאות החדשה @amitharari  #מוזיקה #מוזיקהישראלית #ברונומארס #פארקהירקון #כאן11 #חדשות",540,232774,19275,722,462,31,949
7540253375544282375,2025-08-19,Video,שיבושים ברכבת? שרת התחבורה מירי רגב לא מתרגשת @noamgoldbergg  #רכבת #רכבתישראל #רכבת_ישראל #תחבורהציבורית #תחבורה #מירירגב #כאן11 #חדשות,140,97610,3725,127,133,22,98
7540250673477160193,2025-08-19,Video,"שנה לרצח ששת החטופים, אמא של עדן ירושלמי ז""ל באזכרתה היום: ""אני לעולם לא אשכח את המילים האחרונות שאמרת בחטיפה""",42,112808,9889,572,75,22,246
7540192904225033479,2025-08-19,Video,המורה לספורט יכול ללמד אנגלית? #ביתספר #חופש #לימודים ,61,358475,18016,502,3587,474,912
7540025450463005953,2025-08-18,Video,"לא שילם על הרכב, צעירים נשלחו להצית אותו - והציתו את הרכב הלא נכון",98,218686,2801,22,310,98,231
7539999830555380993,2025-08-18,Video,"אירוע יר* בגליל התחתון הסתיים תחילה בלי נפגעים - עד שהחשוד במעשה הובל, כבול באזיקים, אל בית המשפחה שלכיוונה *רה. שם, הוא הותקף בידי המון זועם, לעיני השוטרים",25,709246,12515,284,1720,531,1672
7539983929202265351,2025-08-18,Video,למרות שהיה חף מפשע: בריאן הורשע בר3ח שלא ביצע וישב בכלא 27 שנים - עד שהרו3חת האמיתית התוודתה (נתן גוטמן),81,570407,19911,215,512,92,789
7539948557013503239,2025-08-18,Video,"בין ההצלות, בן דפרין משגע את הילדים מסוכת המציל, מתעד ומעלה לרשת (יונתן אוחיון) @ben_defrin #בריכה #קיץ",24,245093,11983,90,469,75,433
7539941934173883665,2025-08-18,Video,שורד השבי עומר ונקרט על ההתמודדות הנפשית - והתגובות הקשות #עומרונקרט #חדשות #כאן11,46,253620,26622,531,233,38,563
7539918215854558480,2025-08-18,Video,כשהכאב חרוט על הגוף #צה״ל #לוחמים #קעקועים,486,45479,1566,17,23,6,55
7539674304301092114,2025-08-18,Video,התיעוד המצמרר של צוות הטנק שנחטף - שבוע לפני 7 באוקטובר  @itsikzuarets,251,237867,9774,70,103,42,285
7539670402881031442,2025-08-17,Video,כאוס ברכבת ישראל: מתי הרכבות יחזרו לפעול? (נעם גולדברג),174,349207,12356,149,1299,301,422
7539669402879298824,2025-08-17,Video,הסכם שלום בדרך? הפגישה של זלנסקי וטראמפ (נתן גוטמן),200,47887,784,43,15,8,40
7539668977740418312,2025-08-17,Video,"""גילינו את המרכז"": עוד ועוד תושבים מקרית שמונה - שפונו מבתיהם במהלך המלחמה - עוזבים את העיר  (רובי המרשלג)",486,522721,12743,619,1496,630,792
7539661328370224391,2025-08-17,Video,"המחירון הקטרי: כמה שילמה קטר למעורבים שונים ב""קטרגייט""? החשיפה של רועי ינובסקי",230,195189,3796,551,1760,904,389
7539628155527810311,2025-08-17,Video,"לישי, אשתו של החטוף עמרי מירן, פנתה אליו בעצרת בכיכר החטופים: ""עם שלם יצא, הלוואי שראית קצת וקיבלת כוח""",21,70663,3835,174,33,5,82
7539620105009876231,2025-08-17,Video,"חן, אחיו של רון ארד קורא לציבור להפגין לשחרור החטופים: ""פישלתי, אמרו לנו לא לעשות רעש. היה אפשר להחזיר את רון""  @lielkyzer1 (אליאור לוי) תמונות סטילס: פלאש90",39,68776,3035,45,44,9,67
7539610480227175688,2025-08-17,Video,בסיום יום המחאות והשביתה: המונים בכיכר החטופים בתל אביב (יואב בורוביץ') 📸: אמיר גולדשטיין,16,97908,3148,97,29,7,54
7539605678575455495,2025-08-17,Video,"""צאו, תעשו רעש"": משפחת צנגאוקר פרסמה תיעוד של מתן מהשבי. מדובר בתיעוד שנמצא בידי צה""ל לפני מספר חודשים, שהמשפחה בחרה לפרסם הערב (יעל צ'כנובר)",14,36540,1479,25,9,1,33
7539583925186743559,2025-08-17,Video,ראש הממשלה נתניהו ושרים נוספים אמרו שהפגנות וחסימות כבישים הן לא הדרך להשיב את החטופים - זו התשובה של רועי שרון @roysharon11,21,70184,1110,147,9,1,29
7539550831427734800,2025-08-17,Video,"שורדת השבי במיצג קורע לב המדמה את החתונה שתכננה עם בן זוגה, מתן צנגאוקר",56,109828,3569,97,41,23,87
7539526249421622544,2025-08-17,Video,"ארבל ואריאל גדלו ביחד מגיל אפס בניר עוז, עד שהאהבה ביניהם צמחה. הם נחט@ו מביתם והיא שוחררה בעסקה הראשונה",59,27669,1609,38,25,6,37
7539522793302510864,2025-08-17,Video,גל גדות הגיעה לחזק את המפחות בכיכר החטופים | 📸: מטה משפחות החטופים #גלגדות #חטופים #חדשות,22,17998,610,18,4,1,11
7539470438800329991,2025-08-17,Video,"סרן יוסף חיים אשרף, בן 28 מטבריה, שם קץ לחייו אחרי מאות ימים במילואים💔 #צה""ל #מילואים #חדשות",161,262070,8970,548,322,110,345
7539462585884675335,2025-08-17,Video,הבן של ביידן מסתבך עם אשתו של טראמפ #חדשות #טראמפ #מלאניה,194,194248,4908,67,122,41,251
7539461732155067656,2025-08-17,Video,התנין היחיד ששרד בחווה בפצאל - בה ח!0לו 262 תנינים #תנין #פצאל #חדשות,126,488321,19759,426,647,118,1168
7539432396832181522,2025-08-17,Video,"חיל הים תקף הלילה בעומק תימן - במרחק של כ-2,000 קילומטרים מישראל #צה""ל #חיילים #תימן",8,228207,4722,77,175,75,195
7539256399738588437,2025-08-16,Video,"אחותו של החטוף ביפין ג'ושי, סטודנט מנפאל שנחטף ב-7 באוקטובר, דיברה לראשונה בעצרת בכיכר החטופים: ""מתגעגעת לחבר הכי טוב שלי""",34,2601947,179355,2720,3206,75,5929
7539226257997778196,2025-08-16,Video,אודיה פינטו הייתה ילדה חרדית מנהריה - איך היא הגיעה לאורח חיים ראוותני?  (מאי לורנס ביסמוט),18,781085,36788,670,769,77,1294
7539166598112906504,2025-08-16,Photo,"הירי התבצע ביום חמישי על ידי פקחי רשות הטבע והגנים. ברשות הסבירו כי הירי אושר על ידי המנהל האזרחי במטרה להגן על חייהם של עשרות ישראלים שמבקרים במקום, שבו פעלה חוות התנינים הגדולה. כזכור, מוקדם יותר החודש נורו למוות יותר מ-260 תנינים שאכלסו את החווה - הרשויות הצדיקו את המהלך בטענה שהתנינים הפכו למסוכנים לציבור לאור העובדה שהם והחווה שחיו בה סבלו מהזנחה מתמשכת אביהו שרווד, פעיל עמותת ""למען חיות הבר"", הגיע למקום לאחר שנפוצו תיעודים של התנין ששרד, במטרה לפגוש אותו. כשהגיע למקום גילה להפתעתו שאנשי רש",0,612625,9297,436,257,57,455
7539100903647825160,2025-08-16,Video,הונאה חדשה מציפה את הרשתות החברתיות בתמונות מזויפות - רק כדי לקבל לייקים ותגובות. איך תוכלו לזהות את מלכודות ה-AI והאם עומד מאחוריהן רק רצון תמים ללייקים? @ittaishick,215,192340,6328,113,206,36,258
7539097936999845138,2025-08-16,Video,חמודות או מפחידות? מה שבטוח - אי אפשר להישאר אדישים לתופעת הבובות הריאליסטיות (עופר חלפון),302,638450,23799,666,3336,709,1538
7539083091155913991,2025-08-16,Video,"כלי הטיס מסוג ""דוהר שמים"" לאיסוף מודיעין, שמפעילים לוחמים מחיל התותחנים, נפל בעקבות תקלה במהלך פעילות מבצעית של צה""ל בשכונת רימאל שבעיר עזה @itayblumental1",32,812619,19635,711,1881,601,939
7538991955255037201,2025-08-16,Video,"תסתכלו טוב: זה אולי נראה כמו תינוק אמיתי - אבל זו לגמרי בובה. קסום, קריפי או גם וגם? תגידו אתם 👶🍼👇 (עופר חלפון) #תינוק #בובה",90,485187,9571,465,1344,624,793
7538963184795929864,2025-08-15,Video,"בפעם הבאה במוסקווה? טראמפ ופוטין נפגשו באלסקה, ונראו מרוצים אחרי הפגישה: ״אמרתי לו ׳אחר צהריים טוב, שכן׳״.  פוטין חתם את מסיבת העיתונאים ואמר באנגלית: ״בפעם הבאה במוסקווה״ (ישי בר-יוסף)",12,549815,20011,306,549,121,760
7538835868971289872,2025-08-15,Video,"אמה של ענבר הימן, האישה החטופה האחרונה שנותרה בעזה: ""אני לא חושבת שהשבתת המשק תעזור להחזיר את בתי"" @amitharari תמר אלמוג",58,207425,9046,302,176,63,182
7538773975405579527,2025-08-15,Video,אודיה פינטו משתפת על היציאה בשאלה שהובילה למשבר ביחסים עם אבא - ועל ההתקרבות המחודשת אליו ואל הדת  הכתבה המלאה של מאי לורנס ביסמוט - הערב בחדשות שישי,51,440358,21526,200,276,49,936
7538546618002378002,2025-08-14,Video,לא חוזרים ללימודים אחרי החופש הגדול? @liran_kogahinoff עושה סדר,89,566983,26339,994,6082,712,1455
7538543696057208071,2025-08-14,Video,מאות חרדים מהפלג הירושלמי מול הכלא הצבאי - במחאה על מעצר של 7 עריקים #חיילים #חרדים #חרדים,22,612308,19697,1251,3348,762,1673
7538533664095882504,2025-08-14,Video,כמה אנשים צריך כדי לצלם תמונה אחת לאינסטגרם של אודיה פינטו ביום החתונה שלה? הכתבה המלאה של מאי לורנס ביסמוט - מחר בחדשות שישי,30,709076,41703,738,1882,167,1541
7538529074872978706,2025-08-14,Video,ויכוח על 50 שקל עבור תיקון הביוב בבניין הוביל לר3ח באשקלון #חדשות #אשקלון #כאן11,98,836903,31454,980,3169,787,1835
7538525364235078920,2025-08-14,Video,הינומה + מדים = שילוב ראוי? 👰🏽‍♀️,261,167869,8855,87,1170,91,216
7538494198102707474,2025-08-14,Video,אסון בהודו: לפחות 33 ה@וגים ו-200 נעדרים בשיטפונות #הודו #קשמיר #שיטפונות ,25,65089,1246,33,96,25,48
7538493104203042049,2025-08-14,Video,"ברמלה, עיר הולדתם של ציון ברוך, שלום מיכאלשווילי ואסי ישראלוף, נחנכה כיכר חדשה על שמם של חברי שלישיית ""מה קשור"". הכיכר ממוקמת בצומת הרחובות משה דיין וגולדה מאיר, ובה הוצבו שלוש דמויות פסל המייצגות את השלישייה. לפני כחודש יצא לאקרנים הסרט החדש שלהם, ""לשחרר את שולי סאן"", שהפך להצלחה קופתית מסחררת עם למעלה ממיליון צפיות – הישג שהופך אותו לשני רק ל""אסקימו לימון"", אותו הוא צפוי לעקוף בקרוב. (דורית אסרף-מזרחי)",30,65368,2957,59,207,26,142
7538461959730072839,2025-08-14,Video,"קרב השיקום של פצוע המלחמה: במוסד הרפואי הודיעו שאם לא תהיה פריצת דרך משמעותית - הטיפול יסתיים. אביו: ""המדינה חייבת לניקו פתרון"" (רחלי רזי סלע)",86,1136841,44851,1617,972,243,1240
7538443991562439954,2025-08-14,Video,שורד השבי עומר ונקרט משתף ברגע שבו הטראומה התעוררה #עומרונקרט #חטופים #אביתרדוד,74,859774,68097,477,578,93,1995
7538439065109318930,2025-08-14,Video,"מיכאיל נהרג מפגיעת ט*ל, איבריו הצילו את החיים של בן דוד של החטוף אלקנה בוחבוט #טיל #אלקנהבוחבוט #כאן11",49,317678,7993,149,306,135,390
7538433354090188049,2025-08-14,Video,"לקול תשואות הקהל: אולימפיאדת הרובוטים נפתחה היום בבייג'ינג 🤖 בתחרויות, שהן סוג של אולימפיאדה לרובוטים, ישתתפו למעלה מ-500 רובוטים המייצגים 280 קבוצות מ-16 מדינות @ramelibrandts",29,20905,278,9,18,1,10
7538175545486445831,2025-08-14,Video,ישב 30 שנה בכלא - עד שהר!צחת האמיתית הודתה באשמה 😨,88,439803,23326,155,710,80,977
7538174248234355975,2025-08-14,Video,רוקדים על הקבר? תיעוד החרדים במצבה של בן גוריון - והטענות: מדובר בפייק,105,163225,4387,238,163,42,201
7538179162259918088,2025-08-14,Video,"""אנשים מהצד שומעים 'פצוע' ונושמים לרווחה, אבל זה עולם שלם שמשתנה"" 💔",725,440247,29783,656,1490,336,1309
7538145693001633031,2025-08-13,Video,"""למה לא הראו את גיא?"": התהיות של עומר ונקרט אחרי התיעוד הקשה של אביתר דוד (יעל צ'כנובר)",65,179822,11668,106,68,8,348
7538095540278545671,2025-08-13,Video,"""זה אותו הגבר שהתאהבתי בו"": ניקו נפגע בראשו במהלך הקרבות בעזה - בת זוגו לא מוותרת עליו ונשארת לצידו  (רחלי רזי סלע)",88,1446626,119536,2904,4516,696,4486
7538080254754082066,2025-08-13,Video,שודדי ים - הגרסה הישראלית  @hadasgrinberg,125,611599,12147,299,2719,1022,598
7538082229239418119,2025-08-13,Video,המזרח כבר לא כל כך רחוק  (נעם גולדברג),247,279059,11375,93,2856,812,791
7538079579555024136,2025-08-13,Video,"נהג משאית שרד תשעה ימים בלי אוכל, באמצע היער. איך הוא ניצל?  (נתן גוטמן)",114,297386,11817,77,122,15,406
7538076428525391111,2025-08-13,Video,"תוקפים שיסו כלב באישה בהריון, שגרירות ישראל הושחתה (דב גיל-הר)",217,119482,2615,106,78,19,127
7538075704353754376,2025-08-13,Video,"""נזק בלתי הפיך"": הדוח המדאיג על מצב החטופים ושורדי השבי  (אנה פינס)",231,34415,1265,27,5,0,30
7538032544202198280,2025-08-13,Video,"אמונה קליין, אשתו של איש מילואים, על חוסר השוויון בנטל: ""אף אחד לא שאל אותי אם זה מתאים לי"" (יערה שפירא)",16,166570,9064,144,93,32,162
7538011504981904658,2025-08-13,Video,"הרב תמיר גרנות חיתן את ארוסתו של בנו אמתי ז""ל, שנפל בעזה: ""תאמינו בחיים, תאמינו באהבה"" @amsterdamski_2 @lielkyzer1",91,53481,4231,111,134,57,153
7537796795498384647,2025-08-12,Video,כאשר החופים השקטים שאין בהם שירותי הצלה - הופכים למלכודת #ים #חוף #חופים,317,602348,32344,290,2502,483,1992
7537791523472035079,2025-08-12,Video,"""משהו במבט של אביתר השתנה"" 🎗️💔",583,275293,20254,107,163,30,717
7537731594304408840,2025-08-12,Video,שנת שירות בעוטף - בגיל 71❤️‍🩹🐴,63,36617,1172,11,25,4,37
7537710272174214408,2025-08-12,Video,"חנה גופרית, שורדת ש!אה בת 91, מתייצבת לצד משפחות החטו@ים",55,171767,15357,584,217,35,530
7537611662803733778,2025-08-12,Video,פונו בהתנתקות כילדים - וחולמים לחזור לגוש קטיף (ויקו אטואן),807,197690,10062,363,112,16,328
7537678405828136210,2025-08-12,Video,@adiangelll מספרת על הטיסה שכמעט התרסקה (@professional_voiceover)  #טיסה #מטוס #מטוסים #התרסקות #רודוס #כאן11 #חדשות,46,544236,35902,314,599,86,1496
7537608671086284040,2025-08-12,Video,"סמ""ר ישי פיטוסי פונה מגוש קטיף עם משפחתו כשהיה ילד. ב-7 באוקטובר, הוא נפל בקרב על נחל עוז, קילומטרים ספורים מהמקום בו נולד (ויקו אטואן)",41,26778,828,37,6,1,27
7537607153171959048,2025-08-12,Video,למה עכו ריקה מתיירים? (חן ביאר) #עכו #עכוהעתיקה #גליל #תיירות #כאן11 #חדשות,523,482840,12258,1080,1207,436,776
7537311376650390802,2025-08-12,Video,"הראפר לוקץ' לא מסתיר את דעתו על המלחמה, על שחרור החטופים ועל ההפגנות @r_m_aharoni",34,143483,12565,505,416,44,466
7537602851246230791,2025-08-12,Video,קשה לצפייה: הטיח את כלבו ברצפה - שוטר בחופשה עצר אותו (הדס גרינברג),110,183107,8939,465,1658,280,440
7537426087924632839,2025-08-12,Video,"נתקעתם בחו""ל בגלל המלחמה עם איראן? סמוטריץ' לא מתכוון לפצות אתכם",190,89764,2659,174,93,33,84
7537587208509836562,2025-08-12,Video,תיעוד חריג: 42 שוהים בלתי חוקיים מעזה נעצרו הלילה בנצרת בשלוש דירות שונות צילום: דוברות המשטרה (אורלי אלקלעי),24,730264,8755,339,2256,962,499
7537425606418451720,2025-08-12,Video,הקאמבק של טוב טעם,169,203022,5615,236,694,178,373
7537432279354756359,2025-08-11,Video,הם: יש הרבה דגים בים. הדגים:,185,777956,35747,882,6741,1761,2944
7537331508634225927,2025-08-11,Video,"סמל דביר לישה ז""ל פונה עם משפחתו מגוש קטיף כשהיה ילד. הוא נפל בחוף זיקים בשבעה באוקטובר (ויקו אטואן)",37,60019,3455,457,40,7,409
7537309842428497160,2025-08-11,Video,"הראפר לוקץ' נגמל מאוכל, מציג זוגיות חדשה - ולא חוסך בביקורת על המלחמה בעזה  @r_m_aharoni",826,355122,19215,183,772,65,777
7537327798256405767,2025-08-11,Video,"""אלה המילואים שלנו, אנחנו משמחים את עם ישראל"": שלישיית מה קשור חוגגת מיליון צופים לסרט ""לשחרר את שולי סאן"" בבתי הקולנוע. האם הפעם הם יעקפו את אסקימו לימון - ומה גרם לציון לפוצץ את הריאיון? הריאיון המלא - הערב בשש עם מאיה ראכלין @mayarachlin",42,403759,26446,188,278,14,690
7537302245549935879,2025-08-11,Video,מה גרם לקנצלר גרמניה להתהפך על ישראל?  (דב גיל-הר),255,64799,886,38,19,3,53
7537269348726000904,2025-08-11,Video,ההורים זועמים על הטלוויזיות שהציבו בגני הילדים  @liran_kogahinoff,183,83046,1993,131,134,47,113
7537275457339772178,2025-08-11,Video,"התגנב באמצע הלילה וריסס ""יש שואה בעזה"": תיעוד הגרפיטי בכותל @haimgoldich",18,420451,12155,429,662,90,5944
7537273791647452423,2025-08-11,Video,"""למה אבא שלי במילואים ואבא שלה לא?"": בעלה של שרון גויס שוב, והיא נאלצת לג'נגל בין העבודה לחופש הגדול  (רובי המרשלג)",28,26191,800,17,15,0,13
7537269082320538898,2025-08-11,Video,"חיים, ישי ודביר פונו מגוש קטיף - ונפלו ב-7 באוקטובר ההתנתקות - פצע פתוח: פרויקט מיוחד ל-20 שנים להתנתקות  (ויקו אטואן)",959,84003,2789,47,38,11,167
7537206067411930375,2025-08-11,Video,"המשרד להגנת הסביבה ומשרד הבריאות מתריעים: זיהום אוויר גבוה מאוד באזור ירושלים, יהודה, שומרון ובקעת הירדן בעקבות סופות חול בירדן.  במשרד הבריאות ממליצים לאוכלוסיות רגישות - בהן ילדים, קשישים ונשים בהיריון - להימנע מפעילות גופנית מאומצת בחוץ. בנוסף, לאוכלוסייה הרגילה מומלץ לצמצם פעילות גופנית מאומצת בחוץ.  (שרון וכסלר, מיכל וסרמן)  📸: דוברות מעלה אדומים",8,1233823,39406,885,9056,2879,1882
7537059054728891656,2025-08-11,Video,"""המקומיים מאוד אוהבים אותנו"": כך נראה ""יום הזעם"" הפלסטיני ביוון #יוון #חופשה @itsikzuarets",242,132050,5014,134,642,190,189
7537062095515323656,2025-08-10,Video,"""הצבא נשחק ומתפרק מבפנים"": המילואימניקים והמשפחות שלא נחים כבר כמעט שנתיים @rubihammerschlag #צהל",165,65657,2725,100,40,4,81
7537053780047580423,2025-08-10,Video,"בזמן שמוחים פרו-פלסטינים ביוון הכריזו על ""יום זעם"" - פגשנו את היוונים שלא מפחדים לאהוב את ישראל @itsikzuarets #יוון #חופשה",44,423137,38625,450,2143,590,1424
7537012970706996498,2025-08-10,Video,"""הנסיך הירוק"", בנו של מנהיג חמאס שהפך לסוכן שב""כ: ""ישראל לא בחרה במלחמה הזאת, הקמפיין לכיבוש עזה מתבקש אחרי שהמשא ומתן לעסקה נפל""  @lielkyzer1 (אליאור לוי)",36,119083,8242,264,314,73,1854
7536950355112889607,2025-08-10,Video,בעקבות הביקוש: הממתק האהוב שחוזר לסופרים | הכתבה המלאה של עופר חלפון - הערב במהדורת כאן חדשות #שוקולד,26,268824,8079,321,1381,396,429
7536914790464130322,2025-08-10,Video,משפחתו של אביתר דוד במאבק להציל את חייו  #אביתרדוד #חדשות #כאן11חדשות,484,139418,6628,204,92,24,205
7536901869583617298,2025-08-10,Video,פ33ת האטום ששינתה את ההיסטוריה - והסיכוי להפ33ה גרעינית נוספת #גרעין #אטום #איראן,462,365190,9053,78,363,101,887
7536887918275808519,2025-08-10,Video,הלומי הקרב זועקים לסיוע מהמדינה #לוחמים #צהל #פוסטטראומה,64,111083,3894,82,73,23,148
7536865693979921672,2025-08-10,Video,"4 צעירות נפצעו מרימ!ן רסס שהושלך לעבר בית באשדוד. אחת מהן, בת 16, נפצעה באורח קשה #חדשות #אשדוד #כאן11 ",26,678167,17905,367,2708,528,1049
7536686077491350791,2025-08-09,Video,איך אתם מתמודדים עם החום הכבד? #חם #ים #קיץ,167,144151,5153,44,93,20,106
7536683725124324615,2025-08-09,Video,ה*כ! יהודי ברחוב לעיני ילדיו - והשליכו את הכיפה #קנדה #כאן11חדשות #חדשות,86,679075,12554,551,520,156,945
7536683447817899272,2025-08-09,Video,הצצה למקום שבו מייצרים טילי לייזר #רפאל #לייזר #טיל,527,286056,6414,146,579,267,620
7536671636603309319,2025-08-09,Video,שורדת השבי אילנה גריצווסקי פונה בדמעות לבן זוגה מתן צנגאוקר שעדיין בשבי,74,30349,973,46,28,8,31
7536605820440677640,2025-08-09,Video,"איך יודעים שאבטיח בשל? דוד, חקלאי מהעוטף, חושף את כל השיטות #עוטף #אבטיח #אוכל",74,256701,4376,45,390,186,465
7536601269943815432,2025-08-09,Video,"ניפצו את דלת הזכוכית בלובי והתנפלו באגרופים: קטטה במלון ""אמריקנה"" באילת #אילת #מלון #חופשגדול",23,162127,1616,114,472,190,88
7536577782998945032,2025-08-09,Video,"ארטיקים בטעמים של דם, בשר ופירות: הדרך של החיות בפארק המדבריום להתרענן 📸: עדי מרקביץ'",35,26973,396,9,12,2,15
7536573263623752967,2025-08-09,Video,הייתם עושים שנת שירות בעוטף? #כאן11 #שנתשירות #עוטף,689,123833,6019,38,379,108,223
7536561969655041298,2025-08-09,Video,"הנה ברוש לבדו: המוזיקאי אריאל זילבר על הסערות שעורר, החברים שהתרחקו - והצלילים שחשובים מהכול | הכתבה המלאה של שלי טפיירו - הערב בחדשות השבת בכאן 11",84,144032,5426,168,104,29,208
7536272475420740872,2025-08-08,Video,"אביו של החטוף איתן הורן: ""אני רוצה שראש הממשלה וחברי הקבינט שהחליטו על כיבוש עזה יצאו לציבור - ויגידו שהולכים להר!ג את הבן שלי"" (@ifatglick1 תמר אלמוג)",56,74245,2772,135,30,3,68
7536228301845613832,2025-08-08,Video,המלחמה שאחרי המלחמה💔,46,1186948,66054,1116,2305,659,2409
7535946542797163794,2025-08-08,Video,"""אני פצצה מתקתקת"": הטיפול החדש שנותן תקווה למתמודדים עם פוסט טראומה (אלון שרביט)",87,90961,5232,33,143,45,232
7535948361908669703,2025-08-08,Video,שנתיים אחרי הטבח - השכונה החדשה שנבנית בניר עוז,295,54707,1337,28,12,9,56
7535948071247662344,2025-08-08,Video,בואו להתחתן איתה😍,368,269097,17195,55,434,56,596
7535947489384336648,2025-08-08,Video,"""זו מצווה להתגייס"": החרדים והמילואימניקים שנפגשו כדי לדבר על חוק הגיוס",413,201290,11067,525,305,85,648
7535937704257768722,2025-08-07,Video,תיעוד: זוג נסע בירושלים – והותקף על ידי חרדים 👇 (יעל צ'כנובר),21,558046,18241,978,855,96,868
7535915599164230920,2025-08-07,Video,"עינב צנגאוקר: ""נתניהו שיקר לי"" (מאיה ראכלין)",39,140803,5452,983,194,60,214
7535913372852817170,2025-08-07,Video,תיעוד חריג מקנדה: כלב פומרניאן הבריח דוב שנכנס לבית מגורים (איתמר מרגלית) צילום: קיילה קליין,12,142171,5746,101,743,124,316
7535887304473185543,2025-08-07,Video,"""מתמטיקה זה הדבר שאני הכי אוהב לעשות"": הנערים שמייצגים את ישראל בעולם וקוטפים מדליה אחר מדליה באולימפיאדות המדעיות (יפעת עמיאל) #מדע#מדעים #כימיה #פיזיקה#מתמטיקה#אולימפיאדה#כאן11 #חדשות",58,302079,22727,477,3653,322,908
7535858736309472530,2025-08-07,Video,"""המתא2ד הבא כבר פה!"": איציק סעידיאן בהפגנת הלומי הקרב (יואב בורוביץ')",28,420434,13951,269,245,84,306
7535858342569266450,2025-08-07,Video,הלומי קרב חוסמים את איילון במחאה; גם איציק סעידיאן הגיע למקום,46,80489,4359,187,100,31,106
7535807605374061832,2025-08-07,Video,הבנקים רושמים רווחי שיא - איפה בנק ישראל והמפקח על הבנקים? @danayarkechy  #כסף #כלכלה #כלכלה_בטיקטוק #בנק #בנקים #בנקישראל #חדשות #כאן11,241,37483,603,21,16,7,38
7535793534251666696,2025-08-07,Video,"תושבי חבל דגסטן ברוסיה תלו חמור על אומגה, המשטרה טוענת שהיא לא יכולה לחקור: ""החמור לא נפצע ואין דרך לדעת אם חווה טראומה או שהיה לו כיף"" (ישי בר-יוסף) #רוסיה #חמור #בעליחיים #חיות #דגסטן #כאן11 #חדשות",17,4967145,48283,1679,17126,1021,3428
7535789631502109959,2025-08-07,Video,אתם מוכנים לשי אביבי הבת? הכתבה המלאה הערב@amitharari,76,150523,10360,55,532,69,414
7535567652652076296,2025-08-07,Video,מי ימצא לכם את הטיסה הכי זולה? (נעם גולדברג),390,44814,650,22,100,36,113
7535558067967036690,2025-08-07,Video,"""אני מצטער, אבל זה לא יעזור"": הצעיר שעקץ מאות אלפי שקלים מקשישים מדבר (שלי טפיירו)",227,422573,7030,117,653,229,486
7535568283144129799,2025-08-06,Video,"יום הזעם ביוון – וחשש התיירים הישראלים: ""נוריד פרופיל, נישאר במלון"" (עופר חלפון)",194,357027,7491,379,1427,565,347
7535486525673327873,2025-08-06,Video,"""זה מה שאוריאל היה רוצה"": בגן החיות התנכ""י מנסים לחזור לשגרה @ifatglick1",282,819680,34842,389,898,126,1605
7535471578029559057,2025-08-06,Video,שר ההשקעות דרקו גלישיץ' פונה במצב קשה מהאולפן,10,595758,19957,170,940,98,784
7535430182727994632,2025-08-06,Video,איך יכול להיות שכל כך מעט ישראלים עוברים בנק?  @danayarkechy,224,76874,1152,53,98,45,150
7535194938380750088,2025-08-06,Video,"עוקץ הכספומטים הרוסי: הונה קשישים, השיג את כרטיסי האשראי שלהם ושלח מזומנים לרשת עבריינים בחו""ל (שלי טפיירו) #עוקץ #כספומט #כסף #עבריינים🥷🏽🦅 #עבריינים #פשע #הונאה #כאן11 #חדשות",205,775808,14917,305,5565,2229,1405
7535192413908847879,2025-08-06,Video,"חנק למוות את אימו, ולאחר חודש במעצר - גם את שותפו לאשפוז פסיכיאטרי. תיעוד בלעדי משחזור הרצח @hadasgrinberg  #שומרון #טרוקריים #משטרה#כאן11 #חדשות",858,917118,37865,607,2864,516,3401
7535187147284892936,2025-08-05,Video,"זה בדם שלה: ירשה מיליונים ממשפחתה בעלת העבר הבעייתי, ונמצאת על משט בדרך לעזה (דב גיל-הר) #עזה #גרמניה ##כאן11 #חדשות",150,707606,31207,1276,2310,301,1970
7535131628893441287,2025-08-05,Video,בית החולים זיו בצפת טיפל בעשרות דרוזים שנפצעו בקרבות בסווידא. עבור חלקם - זו הפעם הראשונה שפגשו יהודי @riad.alee  #דרוזים #דרוזים🇸🇨 #ביתחולים #סוריה #סווידא #כאן11 #חדשות #רפואה,76,72427,1539,34,82,31,85
7535141061312875794,2025-08-05,Video,"""אני נשבעת – אם לא היה לי ילד, כבר הייתי נכנסת לעזה בעצמי"": רבקה, אשתו של אלקנה בוחבוט שחטוף בעזה, מדברת בכאב על הגעגוע לבעלה ועל המאבק להשבתו @kerenuzan1",45,270853,17244,71,73,6,327
7535137824895503624,2025-08-05,Video,"קרינה אנגל-ברט, שוחררה מהשבי, בעלה רונן ז""ל חטוף בעזה: ""זו יכלה להיות אני, אלו יכלו להיות אתם. שוחררתי אחרי 52 ימים, והייתי רעבה מאוד"" כאן רשת ב 🎙️ #בנימיניגואטה  (רן בנימיני, יגאל גואטה)",61,79904,3007,55,28,4,61
7535122867839634696,2025-08-05,Video,אריאל לוי נחטף מרכבו כשהיה תינוק. היום - הוא נהג מירוצים בינלאומי (פלג נתנאל) #מירוצים #פורמולה #פורמולה1 #רכבים #רכב,66,45117,1520,9,37,5,60
7535115289332043016,2025-08-05,Video,הצעירים בישראל מוציאים את הכסף מהבנקים. למה הרבה מהמבוגרים עדיין נשארים נאמנים? @danayarkechy  #בנק #בנקים #בנקהפועלים #לאומי #דיסקונט #הבינלאומי #כסף #כלכלה #השקעות #כאן11,193,63571,960,37,128,50,143
7535063344168832272,2025-08-05,Video,ישראל וארצות הברית - כבר לא?  (דב גיל-הר),353,96027,1805,230,57,23,101
7535070318558334224,2025-08-05,Video,השתמשו בהגדת פסח כדי לגייס כסף לעזה (דב גיל-הר),247,181879,4946,174,232,58,214
7535086155629366529,2025-08-05,Video,הפשע חוגג ביפו - אבל התושבים חוששים להתלונן ולפנות למשטרה  (ערן זינגר),21,1435517,31690,2059,2416,536,2472
7535062647956426000,2025-08-05,Video,"מילנה בת ה-12 קפצה אל מותה - משפחתה: ""אפשר היה למנוע את האסון"" (אנה פינס)",177,655276,38010,1151,1901,419,2145
7535062216161152257,2025-08-05,Video,"""זו הפעם הראשונה שפגשתי יהודי"": דרוזים מסוריה פונו לישראל לקבלת טיפול רפואי  (ריאד עלי)",568,357250,15907,501,1138,467,1097
7535047926859451649,2025-08-05,Video,תיעוד דרמטי מהנגב: אסיר לשעבר ברח משוטרים - המרדף נגמר בירי @itsikzuarets,198,390648,6949,143,499,167,491
7535027717138287889,2025-08-05,Video,המחירים ממריאים: מתי כרטיסי הטיסה יעלו כמו לפני המלחמה? (נעם גולדברג),160,153854,3197,70,328,83,109
7535037273058856193,2025-08-05,Video,סוף עצוב: מאות תנינים נורו למ!!ת בישראל  (מיכל וסרמן),146,773014,20649,615,1199,302,1312
7535023770478710033,2025-08-05,Video,עצומת האומנים נגד המלחמה ממשיכה לעורר הדים: אסף אמדורסקי התנצל - וקריאות לחרם על החתומים  (יואב בורוביץ'),267,307074,11197,1401,363,102,362
7534832590809845000,2025-08-04,Video,המציאות החדשה ביפו מטילה אימה על התושבים (ערן זינגר),665,307456,9228,269,1096,339,679
7534755827257806088,2025-08-04,Video,בכיכר הכי מפורסמת בעולם: התיעוד המזעזע של החטוף אביתר דוד הוקרן בכיכר הטיימס סקוור בניו יורק מול אלפי העוברים ושבים (גילי כהן),14,325551,29223,825,586,177,617
7534724920803134728,2025-08-04,Video,"אופיר, אחיו של החטוף מתן אנגרסט, הציג בוועדת חוץ וביטחון את צו הגיוס שלו ומסר אותו ליושב ראש הוועדה - עד  שמתן יחזור מהשבי (יעל צ'כנובר)",49,928418,64185,1112,858,100,2027
7534702916347858184,2025-08-04,Video,דופקים קופה - פרק 1 @danayarkechy #כאן11 #דופקיםקופה #כסף,226,95181,1475,35,88,32,95
7534671268314991890,2025-08-04,Video,"שורד השבי טל שהם: ""אביתר סבל משיתוק, נראה שיש לו ימים ספורים לחיות""",90,240403,7228,440,216,40,392
7534610360859413778,2025-08-04,Video,"הנמר שנשך את אוריאל נורי ז""ל לא יורדם - משפחתו מרוצה מההחלטה #נמר #גןחיות #כאן11",157,536742,26480,242,252,43,810
7534442110682991879,2025-08-03,Video,"""הפסקת אש בעזה אחרי שנה ו-10 חודשים היא לא 'מחיר' - היא אינטרס ישראלי"" מה דעתכם?",93,129610,4781,227,91,22,191
7534425905498688776,2025-08-03,Video,"לראות ולא להאמין: השער בין עזה לישראל נותר פתוח לגמרי, ללא השגחה (איתי בלומנטל)",29,844878,40859,655,3363,580,1981
7534391618820902162,2025-08-03,Video,"מורן אטיאס יוצאת נגד עצומת האומנים שקוראת לסיום המלחמה: ""משרתים את הנרטיב של חמאס"" (רן בנימיני וגילי כהן)",54,581526,28455,1584,760,230,606
7534383853021056264,2025-08-03,Video,"שרית, אמו של בן זוסמן ז""ל, יחד עם הורים שכולים נוספים, הקימו את המיזם ""הדיבור"" - שנועד להילחם בשיח המפלג והמסית בכנסת, ברשתות החברתיות ובתקשורת (איתמר מאירי)",58,41900,623,23,7,3,30
7534369748948225287,2025-08-03,Video,"בבוקר תשעה באב: נער בן 14 נצפה במצלמות אבטחה כשהוא משחית קברים מוסלמיים בירושלים, סמוך להר הבית. הוא נעצר ושוחרר למעצר בבית (עומר שחר וורד פלמן)",22,687886,28727,2536,1782,156,4186
7534366568709508359,2025-08-03,Video,"לאור יום, אפילו לא מנסים להסתתר: שב""חים חוצים את גדר ההפרדה לירושלים ללא הפרעה  (ורד פלמן)",45,849725,11156,233,2060,550,785
7534332656352349458,2025-08-03,Video,כך הפילוג וההסתה בישראל הגיעו לשיא #כאן11 #חדשות #פוליטיקה,617,42896,695,38,28,10,43
7534270470577720594,2025-08-03,Video,תשע נשמות🙀 | צילום: כבאות והצלה #חתולים #גורים #אש,34,100620,4682,156,363,81,176
7534091974446451969,2025-08-03,Video,"איך מסבירים בגן החיות התנ""כי את השתלשלות האירועים עד לנשיכת הנמר - שהסתיימה במוות טרגי? @yoavborowitz",172,713547,17769,244,475,142,813
7534090800871787792,2025-08-03,Video,המחבלים כרעו על ברכיהם בכניעה: התיעוד החריג מרצועת עזה @rubihammerschlag,153,543132,17384,323,580,155,778
7534090066361126160,2025-08-02,Video,"הסלמה בין רוסיה לארה""ב: טראמפ הורה על שליחת צוללות גרעיניות לאירופה @erancicurel1",157,225645,6160,178,464,170,393
7534082946207059217,2025-08-02,Video,"""ראיתם אותו עם האת ביד, רזה כמו שלד, זה היה קשה ביותר לראות אותו ככה"": אביו של אביתר מגיב לתיעוד הקשה של בנו (אילה חסון)",82,179560,7990,334,114,35,158
7534043792039628040,2025-08-02,Video,"אחות של החטוף אביתר דוד בדמעות: ""אביתר אוהב אוכל טוב, הוא מלא בחיים. צפינו באח שלנו מורעב וחופר לעצמו קבר""",30,999129,47128,4906,1587,301,2079
7533987013230398727,2025-08-02,Video,".מחאת הלומי הקרב: הלוחם שניסה להתאבד פעמיים מדבר אם אתן.ם או מישהו קרוב חווים מצוקה, אל תישארו לבד - עמותת ער""ן מעניקה שירות עזרה ראשונה נפשית מצילת חיים 24/7 באנונימיות ובאופן מיידי. לקבלת סיוע נפשי חייגו 1201 או היכנסו לאתר ער""ן (אורי לוי)",1065,328314,15398,339,565,185,674
7533928794847972626,2025-08-02,Video,הכריש של נתניהו: דובי פרנסיס וראש הממשלה מתקרבים  (יובל אגסי),622,462760,14250,279,641,207,1133
7533927680694144263,2025-08-02,Video,המכה הכלכלית של טראמפ על ישראל  @Dana yarkechy ,169,164522,2494,72,52,13,151
7533926283458235666,2025-08-02,Video,טרגדיה בירושלים: הנמר ת@ף וה@ג את המטפל שלו - לעיני המבקרים  (יואב בורוביץ'),183,627851,18487,219,965,261,762
7533920589866700040,2025-08-02,Video,"אמו של החטוף מתן אנגרסט: ""אמרתי לגל הירש שהבן שלי הופך עור ועצמות - הוא השיב שזו תעמולה של חמאס"". הירש, מתאם השבויים והנעדרים מטעם הממשלה, מסר: ""זה לא משקף את המסר שהעברתי למשפחות"" (אנה פינס)",33,92067,3627,143,59,10,94
7533910836172115208,2025-08-02,Video,"בן דודו של החטוף רום ברסלבסקי, אחרי פרסום הסרטון הקשה שלו מהשבי: ""העם שלנו יכול לראות כזאת אכזריות ולהמשיך לגלול?"" (אנה פינס)",35,438472,21917,1170,392,76,735
7533718636813372688,2025-08-01,Video,"""ירדתי 37 קילו - כשהשובים שלי רק עלו"": עומר ונקרט מגיב לסרטון הקשה של אביתר דוד ולטענות על רעב בעזה (מואב ורדי)",61,670035,65280,1158,1001,156,1803
7533628533340474625,2025-08-01,Video,מתי נוכל לקפוץ לירקון? @ifatglick1,82,152922,4892,29,112,25,156
7533598178528988433,2025-08-01,Video,"אחיו של רועי וסרשטיין ששם קץ לחייו לאחר 300 ימי מילואים, בהספד קורע לב #מילואים #צהל #לוחמים",139,526678,19552,5895,634,163,744
7533279868180532488,2025-08-01,Video,"ארבל יהוד: ""היחס של הש!בים משתנה כשנופלת עסקה"" (יעל צ'כנובר)",46,238506,14438,93,50,5,341
7533336493197118737,2025-08-01,Video,קפיצת ראש לירקון: מתי נחל הירקון יטוהר ונוכל להשתכשך במרכז תל אביב?  (יפעת גליק),656,443865,12902,124,391,81,586
7533335396512533777,2025-08-01,Video,עוד ניצחון לאוסף: חיה ואבא יוסי שוברים שיא גינס במרתונים הגדולים בעולם - כשהיא על כיסא גלגלים  (אלון שרביט),751,80058,3596,36,87,30,97
7533277904264809736,2025-08-01,Video,"""אנשים בני 75 שאין להם מקום לגור בו"": הבית של אורה וציון נחרב מפגיעת טיל איראני – ולמדינה אין פתרונות (נוב ראובני)",51,328314,7694,169,232,91,258
7533330479756414225,2025-08-01,Video,מנהל השיטור העירוני ויקיר נס ציונה: האנשים שתקפו את איימן עודה נחשפים  (הדס גרינברג),165,247497,3776,621,414,167,228
7533328701170224385,2025-07-31,Video,יוסף חדאד ממשיך להסתבך: למרות הגרסה שלו - במשטרה טוענים שהוא דרך את האקדח  (אנה פינס),154,532121,10887,1211,430,157,597
7533327218655677713,2025-07-31,Video,"""שחקן גדול ואדם ענק"": אלון אבוטבול הובא למנוחות  (עמית הררי)",353,323967,10634,291,158,67,419
7533325650959158545,2025-07-31,Video,"לוחם המילואים רועי וסרשטיין שם קץ לחייו - בצה""ל לא יכירו בו כחלל (יעל צ'כנובר)",187,130825,4628,278,97,30,132
7533325309093973264,2025-07-31,Video,"קנדה, פורטוגל ואפילו גרמניה: עוד מדינות יכירו במדינה פלסטינית (דב גיל-הר)",168,105378,1840,222,169,41,112
7533238415547026689,2025-07-31,Video,"רועי צ'אפל ז""ל וחייליו חיסלו מאות מחבלים ב-7 באוקטובר - ומנעו אסון עצום. אמו והחיילים של צ'אפל ז""ל חזרו לרגעים האחרונים שלו, כשהוא המשיך להגן על היישובים גם כשידע שזה יעלה לו בחייו: ""הוא ידע שהוא לא יוצא משם"" @uriyaelkayam",25,103413,4118,81,36,16,149
7533253555038293265,2025-07-31,Video,"אמו של אורי פורטל ז""ל, בן ה-14 שנהרג בזמן משחק בנשק עם חבריו: ""כועסת על הנער הבוגר ועל אביו""  @hadasgrinberg",26,411807,20954,500,166,19,627
7533253338444434689,2025-07-31,Video,השקעה משתלמת או מלכודת מוות? 12 שנה לתקרית קריסת המרפסות שטלטלה את המדינה (אורלי אלקלעי),403,345092,8034,70,550,136,415
7533250582660844816,2025-07-31,Video,"""אנחנו חיים בבית פרוץ, אין לנו פרטיות"": ההתמודדות היומיומית של אלו שביתם נחרב במלחמה עם איראן – והכאב שלא זוכה להכרה (נוב ראובני)",40,103760,3481,141,57,15,81
7533258008009264385,2025-07-31,Video,"בלב תל אביב: הפגנה של התנועה האסלאמית על המצב ההומניטרי בעזה, מול שגרירות מצרים - ""משתתפים במצור על הרצועה"" (עומר שחר, אנה פינס)",110,152826,2328,906,550,161,180
7533250220562337025,2025-07-31,Video,"""אמרו לי שצריך להקריב את החטופים - בלי לדעת שאחי חטוף"": הסיפור המטלטל של יעלה, אחותו של החטוף אביתר דוד (מאי לורנט ביסמוט)",25,573656,37532,282,215,20,967
7533237490245848321,2025-07-31,Video,האקזיט השני בהיקפו בהייטק הישראלי: סייברארק נמכרה ב-25 מיליארד דולר 💸 @ittaishick,162,27534,407,9,24,10,16
7533236466764238087,2025-07-31,Video,"""גם כשהלכת אתה תמיד פה"": ההספד שובר הלב של מיכאל, בנו של אלון אבוטבול💔",74,105336,4703,315,46,32,88
7533207404029168912,2025-07-31,Video,ההחלטה המרגשת של מתי כספי 🥹 @amitharari,200,101942,3287,26,24,4,68
7533196119724133639,2025-07-31,Video,"ארבל יהוד: ""קיבלתי בשבי את הידיעה שאחי נ7צח. הייתי שבר כלי"" 💔 (יעל צ'כנובר)",74,45217,2597,11,3,0,55
7533170023104269585,2025-07-31,Video,סעודיה: מתקן שעשועים קרס - עשרות בני אדם נפצעו @roikais1987,12,652698,12218,524,5137,717,1511
7533169531938917650,2025-07-31,Video,חברת סייברארק הישראלית נמכרה ב-25 מיליארד דולר לפאלו אלטו - כמה כסף היו מכניסים רינה ועקיבא אם הם היו מצטרפים לחברה ב-1999? השר לשעבר והיזם יזהר שי עונה #כאןרשתב 📸: פלאש90,54,8049,67,4,0,0,7
7532977199587101960,2025-07-31,Video,הפרשה שרודפת את טראמפ,421,128980,2461,81,105,35,278
7533157286164860161,2025-07-31,Video,"""הריסה נעימה, יאללה"": מה חשבו התושבים על ההחלטה לחגוג את הריסת הבניינים בטקס יוקרתי? @ifatglick1",53,190702,5106,166,134,32,145
7532971395031043336,2025-07-31,Video,העונש הכי גדול שיכול להיות💔,150,468578,22347,542,457,89,857
7532970585060642066,2025-07-31,Video,אחיות החטופים מדברות🎗️,648,266150,22351,113,130,12,604
7532969633700220167,2025-07-30,Video,בהלת הצונאמי😱,168,382949,5421,78,236,86,255
7532959815795084561,2025-07-30,Video,אירוע חריג בלוד: קליע חדר לחדר ילדים בדירה בשכונת גני איילון (הדס גרינברג) צילום: שימוש לפי סעיף 27 א' לזכויות היוצרים,13,148167,2821,53,207,57,133
7532860094078323985,2025-07-30,Video,"""זה ג*הנום שצריך להיגמר עכשיו"": חצי שנה אחרי ששוחררה, שורדת השבי מדברת (יעל צ'כנובר)",294,28343,674,5,6,2,21
7532849677180439824,2025-07-30,Video,"לישי, אשתו של עמרי החטוף בעזה, במכתב ליום ההולדת הרביעי של בתה: ""סליחה שלא הצלחתי להחזיר את אבא עד יום ההולדת שלך"" כאן רשת ב 🎙️  #בחציהיום (אסתי פרז בן עמי)",61,37038,1205,21,19,8,43
7532817874541497601,2025-07-30,Video,האלימות ממשיכה להשתולל: אם לשלושה נר3חה בגליל @hadas.grinberg,219,166550,1464,69,230,102,152
7532802919637273857,2025-07-30,Video,בלב מנהטן: שחקן הפוטבול שנפגע בראשו - ויצא למסע נקמה רצחני במשרדי ליגת הפוטבול האמריקנית (נתן גוטמן),173,113113,2873,25,90,21,128
7532778279623871745,2025-07-30,Video,"מבודד, ללא מציל ועם גישה חלקית לרכבים: החוף בו התמוטט אלון אבוטבול (חן ביאר)",279,361091,8930,257,663,299,435
7532588284657110289,2025-07-30,Video,אוטובוס או רכב פרטי - מה יותר זול? @noamgoldbergg  #רכב #רכבים #רכבים_בישראל #תלאביב #תחבורהציבורית #תחבצ #תחבורה,326,324720,22750,407,810,171,811
7532582323540282640,2025-07-29,Video,נפרדים מאלון אבוטבול💔 @amitharari,360,104917,3794,153,136,61,200
7532576747548609809,2025-07-29,Video,אילת מתמלאת באלפי בני נוער כל קיץ - ואין מבוגר אחראי בשטח (אנה פינס) #אילת #סלינהאילת #סלינה #קיץ #כאן11 #חדשות,463,892740,49596,1137,9579,1744,3626
7532508609603718401,2025-07-29,Video,"קרולין ביקרה בניר עוז והייתה אמורה לעזוב יום לפני הטבח, אבל התאהבה בקיבוץ, החליטה להישאר בו עוד יום - ונרצחה כששהתה בממ""ד 💔 (אורן אהרוני)",605,86143,5805,165,98,28,257
7532505697066552577,2025-07-29,Video,"שלושה לוחמים אוימו בעונש מאסר כיוון שסירבו להיכנס שוב לרצועה בשל משבר נפשי עמוק - שלושתם איבדו חברים, אחד מהם אף נפצע קשה וחזר להילחם, אבל במערכת הצבאית החליטו להעניש אותם, בחסות סעיף של ""סירוב פקודה"". @roysharon11, כרמלה מנשה",284,33219,871,38,36,15,23
7532498917590568193,2025-07-29,Video,אתם הייתם נוסעים לאירופה באווירה הזאת? (דב גיל-הר),268,100959,1914,197,318,127,114
7532471212639833345,2025-07-29,Video,הכנרת שוב מתייבשת - ועל הדרך גם חושפת את סודותיה ממעמקים | הכתבה המלאה של רובי המרשלג - הערב במהדורת כאן חדשות @rubihammerschlag,17,307481,9551,142,224,50,264
7532446502287985936,2025-07-29,Video,"שעות לפני מותו הטראגי, אלון בוטבול שיתף סטורי משפת הים עם שורה מתוך שירו 'לבבות': ""עומד לי על שפת הנהר, ויודע הסרט שלנו נגמר"" 💔 @hadasgrinberg  צילום: מיכל פתאל, פלאש 90",10,90243,3719,121,190,60,135
7532391574844558593,2025-07-29,Video,האלימות המשתוללת בבתי החולים: ארבעה בני משפחה לא הורשו להיכנס למיון בבית חולים בנצרת בשל עומס במקום - ותקפו באכזריות את המאבטחים. שניים מהם נפצעו (אורלי אלקלעי),29,349923,5297,166,675,296,4234
7532146151252937985,2025-07-29,Video,"סרן יובל ריבקין סובל מפוסט טראומה. במקום להשתחרר, הוא ביקש להשתלב כמפקד במגמת קרביים בחוות השומר: ""הסיפורים של החיילים משאירים אותי עם פה פתוח"" (ריאד עלי) #גיוס #צבא #צה״ל #קרבי #חוותהשומר #כאן11 #חדשות",62,107713,6917,55,119,51,261
7531859832022912274,2025-07-29,Video,"אילן דיאז, בן למהגרי עבודה מקולומביה, היה בין הילדים האחרונים שקיבלו מעמד בישראל ב-2010. הילד הקטן שהפך לקול המאבק של ילדי העובדים הזרים - גדל והפך ללוחם אמיץ במילואים בנח""ל (יובל אגסי)",64,166771,9694,36,693,142,254
7532229004976278802,2025-07-28,Video,הטרנד שהביא נערה לבית חולים עם כוויות בקרקפת #טיקטוק #טרנד #סבוןכלים,164,486014,13688,624,2931,806,1173
7532228622569032967,2025-07-28,Video,"בזמן שהמחירים רק ממשיכים לעלות: אבי שמחון, יועצו הכלכלי של נתניהו ויו""ר המועצה הלאומית לכלכלה, מודה שהקשב של הממשלה הוסט מנושא יוקר המחייה מאז שפרצה המלחמה @lielkyzer1 @amsterdamski2",31,40384,523,100,45,20,30
7532214910583901447,2025-07-28,Video,במקום טיפול - כלא צבאי #לוחמים #צהל ##כאן11,237,256177,15425,315,622,168,550
7532142628830317825,2025-07-28,Video,משנים כיוון: החיילים עם הרקע הבעייתי שהחליטו למרות הכל - להתגייס לקרבי בחוות השומר (ריאד עלי) #גיוס #צבא #צה״ל #קרבי #חוותהשומר #כאן11 #חדשות,65,158946,8146,144,350,131,368
7532101925534174480,2025-07-28,Video,הנערים שהסתבכו עם החוק והחליטו למרות הכל - להתגייס למגמת קרביים בחוות השומר (ריאד עלי) #גיוס #צבא #צה״ל #קרבי #חוותהשומר,554,776201,47079,616,2592,845,2616
7532143979035446536,2025-07-28,Video,"לאחר חורף כמעט ללא גשמים: האי מול חוף מעגן נגלה מחדש צילום רחפן: שי מזרחי, איגוד ערים כינרת⁩⁩ #כנרת #אי #חוף ",20,1165440,41032,779,1841,336,1381
7532100499542215937,2025-07-28,Video,"החל משנה הבאה: חוזר מנכ""ל של משרד החינוך יקשה מאוד על השארת הילדים לשנה נוספת בגן חובה @liran_kogahinoff  #גן #גןחובה #ביתספר #חינוך #כאן11 #חדשות",258,227000,9991,278,408,153,368
7532114510346292488,2025-07-28,Video,סיבה למסיבה? בעיריית חולון החליטו להפוך את הריסת הבתים שנפגעו מהטילים האיראניים לאירוע חגיגי - התושבים פחות התחברו לרעיון.  הסיפור המלא - הערב במהדורת כאן חדשות @ifatglick1,27,164104,4386,83,233,59,180
7532100114999987473,2025-07-28,Video,"בטומורולנד, בקוצ'לה ובגלאסטונברי: איך הפכו הפסטיבלים לבמות שנאה לישראל?  @amitharari  #מוזיקה #טכנו #פסטיבל #טומורולנד #כאן11 #חדשות",322,45810,1441,47,73,21,100
7532060092104019208,2025-07-28,Video,"הבתים בחולון שנפגעו מהטילים האיראניים נהרסו באירוע חגיגי בהשתתפות שר הביטחון, התושבים זעמו: ""אתה בא לדבר עם כוסות יין על חשבון הכאב שלי""  @ifatglick1",41,892160,33990,770,1713,447,1784
7532045152295210247,2025-07-28,Video,ככה עושים את זה נכון: אחרי השערורייה של הזוג שנתפס בבגידה בהופעה של קולדפליי - הכדורגלן מסי ואשתו מככבים במצלמה בהופעה של הלהקה ❤️ @ramelibrandts,9,438525,29762,175,668,88,837
7531864749840125201,2025-07-28,Video,"האם יורידו את התמונה של רה""מ נתניהו מקיר הכבוד בבית הספר התיכון של נתניהו בארה""ב? (נתן גוטמן)",369,193560,8938,282,236,30,400
7531852852847774983,2025-07-28,Video,"יעל נולדה בישראל להורים עובדים זרים - ונמצאת בסכנת גירוש: ""קשה לי שקשה להם, כי זה בגללי"" (יובל אגסי)",33,364456,23115,359,351,45,790
7531862961594371329,2025-07-27,Video,"""ארה""ב רצתה שישראל לא תדע עליי"": חייל צה""ל לשעבר נכלא בלבנון במהלך טיול @anastasiastukanov @roikais1987",261,659542,21597,202,517,81,1099
7531829299595267335,2025-07-27,Video,"""כמה מזל כבר יכול להיות לך כשיש לך שני לוחמים בעזה?"": משפחת בירן אוספת את השברים אחרי נפילת בנם רעי ז""ל (מואב ורדי)",88,204197,19379,486,267,54,604
7531814938713672968,2025-07-27,Video,"השרה מירי רגב התייחסה לחקירה נגד ח""כ חנוך מילביצקי - שחשוד באונס: ""טיימינג מחשיד, הוא איש ישר וערכי"" @mayarachlin",43,297924,13215,867,1002,173,464
7531777382324210960,2025-07-27,Video,אחרי הטענות על רעב בעזה והביקורות בעולם: סיוע הומניטרי מוצנח לרצועה מהשמיים (עומר שחר),16,152878,1747,97,88,27,71
7531776260553428232,2025-07-27,Video,האם אחרי 26 שנים נתניהו יוסר מקיר התיכון בו למד בארצות הברית? הערב במהדורת כאן חדשות  (נתן גוטמן),48,30583,464,22,11,2,31
7531767356717059345,2025-07-27,Video,עמית וחבריו גורשו ממסעדה באוסטריה - רק כי המלצר שמע אותם מדברים בעברית (יונתן אוחיון),86,208889,7128,531,762,374,263
7531755689639808274,2025-07-27,Video,"רס""ם במיל' בצלאל יהושוע מסבכר ז""ל מת שבוע אחרי שנפצע בעזה. אחיו נפרד ממנו: ""לא רבים זוכים לחוות את המוות של יקיריהם במלחמה הזאת בצורה הזאת""",26,50621,2171,205,36,4,52
7531643623574637825,2025-07-27,Video,"ט*ל פגע בביתו של שליח חב""ד בדניפרו שבאוקראינה - כל המשפחה שרדה #אוקראינה #רוסיה #כאן11",21,109959,2389,79,142,48,80
7531635758172523792,2025-07-27,Video,האם אתם טרף קל עבור האיראנים? #כאן11 #חדשות #ריגול,686,165605,3466,67,134,30,298
7531500205246631175,2025-07-26,Video,"בשידור חי: כוחות שייטת 13 השתלטו על המשט ״חנדלה״, שהיה בדרכו לעזה. הספינה - שתועדה בידי פעיליה בשידור חי ביוטיוב - תפונה לנמל אשדוד @itayblumental1",101,135867,4196,96,169,17,183
7531466205975104785,2025-07-26,Video,המתקפה הישראלית פגעה בנ@ק הסודי של איראן - פ33ה אלקטרומגנטית #כאן11 #חדשות,121,162051,3884,27,120,49,224
7531459390046588161,2025-07-26,Video,נחטף כשהיה תינוק - וננטש במחסום קלנדיה: סיפורו המדהים של אריאל לוי #מירוצים #פורמולה1 #רכב,732,429771,24604,188,916,163,1541
7531439309862227201,2025-07-26,Video,הכישלון המלכותי של נטפליקס #נטפליקס #סדרות,143,47257,982,15,19,3,43
7531078487520709895,2025-07-26,Video,"עומר נפצע בעזה ומאושפז בסורוקה, אביו ואחותו אופטימיים: ""אנחנו אנשי אמונה"" (אורי לוי)",33,45137,1628,47,35,14,34
7531431138812874001,2025-07-26,Video,אותר על מנוף - ונעצר: כך נתפס המח@ל החשוד בדריסת 8 חיילים בפיג!ע ליד כפר יונה,6,1093001,22424,290,1973,727,916
7531317676514299143,2025-07-26,Video,ראיתם את סרטוני הטיולים על ערים בישראל? אלה האנשים שמאחוריהם (דנה הרמן) #חדרה #בארשבע #נתניה #בתים #פתחקווה #טיולים #טיוליםבארץ #כאן11 #חדשות,595,80751,3255,32,116,13,121
7531317189014605063,2025-07-26,Video,"ילדים של מהגרי עבודה נולדו בישראל, לומדים פה ולפעמים גם משרתים בצבא. המדינה רוצה לגרש אותם (יובל אגסי)",609,419789,23584,517,1054,160,1445
7531297026806484242,2025-07-26,Video,"עוקץ חובק עולם: שני הישראלים שחיים בתאילנד - ומנהלים מכונת הונאה נגד ישראלים אחרים, גם בזמן משבר  (דניאל אלעזר) #כאן11 #חדשות #עוקץ #הונאה #תחקיר",54,880343,22425,414,1672,361,1590
7531093170977819922,2025-07-25,Video,"משפחתו של סרן רעי בירן ז""ל, שנפל בעזה לפני כשבועיים, אוספת את השברים 💔 (מואב ורדי)",1037,162341,11610,210,262,55,559
7531055058134355218,2025-07-25,Video,"עופר ברונשטיין, יועצו הישראלי של נשיא צרפת מקרון: ""אמרתי לו להכיר במדינה פלסטינית, הוא היה נגד הצעד בהתחלה. אם הייתה ריבונות פלסטינית בעזה - לא היה קורה 7 באוקטובר"" (תמר אלמוג) @ifatglick1",34,87889,1020,389,150,67,109
7531035738490604818,2025-07-25,Video,"חצי שנה לשחרור התצפיתניות מהשבי: דניאלה, לירי, נעמה וקרינה קוראות לשחרור החטופים שנותרו בעזה  (יעל צ'כנובר)",31,91165,4521,58,37,4,121
7530964572476296456,2025-07-25,Video,"""כמו שהגיעו לטרקטור - אפשר גם להגיע לגלי וזיוי"": הלוחמים מצאו בעזה את הטרקטור שנגנב מכפר עזה ב-7 באוקטובר @itsikzuarets",57,1409596,32344,216,773,215,1246
7530942689399852306,2025-07-25,Video,יום רגיל בעבודה @amitharari #נועהקירל #כאןחדשות,8,25815,905,7,15,3,55
7530675804620033297,2025-07-25,Video,העבודה שהפכה לסכנת חיים: כך האלימות כלפי נהגי האוטובוס - תפגע בכולנו @noamgoldbergg #אוטובוס #כאן11 #נהג,137,284480,10817,685,844,290,1103
7530750221337382145,2025-07-24,Video,מקבצים נדבות - ותוקפים את הנהגים #כאן11 #חדשות,154,429592,10175,434,1168,318,672
7530747851328982289,2025-07-24,Video,"52 ילדים יהודים סולקו ממטוס בספרד #טיסה #חו""ל #ספרד",181,388070,11104,574,587,164,540
7530734638709411088,2025-07-24,Video,"אוספים מודיעין וציוד רפואי - החמ""ל המיוחד של הדרוזים לסיוע לאחיהם בסוריה #דרוזים #סוריה #כאן11",462,163758,5168,205,1078,418,525
7530730067236834577,2025-07-24,Video,"נועה קירל גייסה כ-300,000 ש""ח למימון הטיפולים של מתי כספי, שחלה בסרטן #נועהקירל #מתיכספי #קירל",59,37623,2295,50,21,7,65
7530676850180246792,2025-07-24,Video,"""חולה ס!פני יכול להיכנס לדיכא!ן - אבל קורין בחרה שלא"": הדרך האופטימית של הזמרת קורין אלאל ז""ל מול המחלה הקשה @amitharari",26,27967,1307,19,12,1,43
7530621178470305032,2025-07-24,Video,"""נשיקות באוזן ונגיעה בפ@מות"": כך ניצל ""האבא של החיילים החרדים"" את הצעירים הבודדים @israelperkal",76,77491,1895,31,76,14,101
7530614006420376839,2025-07-24,Video,30 שנים לאסון פסטיבל ערד: הניצולים משחזרים את החגיגה שהפכה לטרגדיה (חן ביאר),470,574732,28793,194,582,118,1958
7530579155499486482,2025-07-24,Video,"העדויות המטרידות על ""האבא של החיילים החרדים הבודדים""  @israelperkal",640,224991,8849,350,487,141,753
7530368027498384647,2025-07-24,Video,שנתיים אחרי שנבזז על ידי עזתים: הטרקטור מכפר עזה הוחזר לקיבוץ @itsikzuarets,175,224602,3762,33,245,39,303
7530367657153957128,2025-07-24,Video,אנטישמיות ביוון: המון פרו פלסטיני חמוש תקף תיירים ישראלים @noamgoldbergg,209,334859,14835,293,2737,800,651
7530366759673548040,2025-07-24,Video,באיזה סניף של אושר עד תמצאו מוצרים ישראלים זולים יותר - בארץ או באמריקה? @danayarkechy,228,239338,9083,104,802,262,543
7530366144654445832,2025-07-23,Video,מה קרה לאלמנתו של סינוואר? @anastasiastukanov,150,332445,6995,244,351,98,360
7530301736762854663,2025-07-23,Video,"""מה, אבא לא אוהב אותי?"": גברים יוצאים לעוד ועוד סבבי מילואים - והילדים גדלים בלי אבא בסביבה (יפעת עמיאל)",32,78527,4031,15,27,6,97
7530276575934450962,2025-07-23,Video,איזה מושגים מכירים ההורים של כוכבי הטיקטוק? @amitharari,60,76584,5315,26,162,9,182
7530246122959457554,2025-07-23,Video,"הרב לנדו, מנהיג הציבור החרדי-ליטאי, פנה אל האקבי, שגריר ארצות הברית בישראל: ""אנחנו במצוקה, תלמידי הישיבות מקבלים צווי מעצר בעוון לימוד התורה"". השגריר השיב: ""מסכים שבלי לומדי התורה אין ערך לכלום"" (דקלה אהרון שפרן)",23,25921,579,73,24,13,35
7530163924344294663,2025-07-23,Video,"סחיטות, איומים ומניפולציות: העוקץ הרוסי נמשך (חן ביאר)",303,342469,12125,283,3350,1306,975
7530164676043312392,2025-07-23,Video,"מבט מבפנים: הצצה מיוחדת למוצבי צה""ל בשטח לבנון @rubihammerschlag",376,237578,6022,49,269,96,347
7530169076744736018,2025-07-23,Video,המונדיאל יציל את לאס וגאס? @yoavborowitz #מונדיאל #וגאס #כאן11,148,222619,6391,127,1326,515,393
7529993869035916561,2025-07-23,Video,הרב קו שלנו: 👁👄👁,150,39676,668,12,83,33,47
7530158507237199112,2025-07-23,Video,"מאות ישראלים נתקעו על ספינה ביוון #יוון #חו""ל #כאן11",113,70892,1175,40,150,84,256
7529991401849834753,2025-07-23,Video,הסוף לפרוטקשן?,116,642183,21264,697,3478,1308,1726
7529964533729824001,2025-07-22,Video,"""החיילים קורסים בזמן שהחרדים מטיילים בחופשת בין הזמנים"" @roysharon11  #חיילים #חרדים #גיוס",42,70844,2657,377,227,99,77
7529949986063207696,2025-07-22,Video,"""מה יהיה עם המשפחה שלי?"": גאיה, אחותו הקטנה של סמ""ר עמית כהן ז""ל, ספדה לו",24,452056,20928,6755,428,71,839
7529938753784204562,2025-07-22,Video,"רונן זולא, המחנך של סמ""ר עמית כהן ז""ל וסמ""ר דנילו מוקנו ז""ל: ""אני בטוח שגם עמית וגם דנילו ראו לנגד עיניהם את שחרור החטופים"" (בנימיני וגואטה 🎙️)",56,53845,2233,87,63,14,44
7529910575934098705,2025-07-22,Video,"דרס אופנוען והולך רגל, גנב משאית, וטוען ש""הרגיש במשחק GTA""  (שלי טפיירו) #כביש #נהיגה #חדשות #כאן11",38,691606,29875,916,15110,1714,2943
7529876753444064519,2025-07-22,Video,האוניברסיטה של החיים? הצעירים שמוותרים על תואר - והופכים ליזמים  @liran_kogahinoff ,215,79874,2679,162,155,44,228
7529909767670746375,2025-07-22,Video,"""הוא נלחם עד הסוף בשביל החברים שלו"": ליה בן ברוך, בת הזוג של סמ""ר עמית כהן ז""ל שנפל אתמול בדרום רצועת עזה (יונתן אוחיון)",66,505726,49276,864,539,77,967
7529854230635498760,2025-07-22,Video,בקואליצה איבדו את הסבלנות: הניסיון להדחת אדלשטיין @yaara.shapira,162,66108,785,103,18,9,37
7529860208437300488,2025-07-22,Video,הפגנה פרו-פלסטינית באי סירוס שביוון מונעת מישראלים על ספינה של מנו ספנות לרדת לחוף מחשש לשלומם @itayblumental1,32,737371,29870,1366,3889,1218,1381
7529851644150910216,2025-07-22,Video,משפחות החטופים זועמות על סטרוק (יעל צ'כנובר),238,13231,272,21,12,7,10
7529646595642526983,2025-07-22,Video,הייתם עוברים לגור בקפריסין? 🏄‍♀️ (יואב זהבי),596,134198,5518,61,165,31,178
7529644640731942152,2025-07-21,Video,חקירת הדורס מפרשת רצח שישה באוקטובר נחשפת לראשונה (שלי טפיירו),519,881227,44801,2063,8339,1274,4609
7529596010377579784,2025-07-21,Video,"יאיר גולן: ""יהודים עושים פוגרומים בפלסטינים ביהודה ושומרון"" @lielkyzer1 @elior_levy",74,73548,2107,668,359,187,156
7529510737606118674,2025-07-21,Video,ביהודה ושומרון אין שדות תעופה – אבל יש מטוס אחד שהפך לבית מלון @anastasia.stu7,134,1008899,17957,567,4459,900,2471
7529548028319911175,2025-07-21,Video,"""תדאגו שלא אהיה אלמנה ותתגייסו לביטחון ישראל!"": ברקע הדיונים על חוק הגיוס, אמונה, אשת מילואימניק, עם מסר מדם ליבה למפלגות החרדיות @yaara.shapira",47,16368,490,16,4,2,14
7529490809540955399,2025-07-21,Video,פעילי ימין תקפו את איימן עודה בנס ציונה @hadasgrinberg,288,273989,12377,1302,598,80,595
7529513460246285586,2025-07-21,Video,התיעוד שהוביל למעצר? מבלים בטומורולנד הניפו את דגל גבעתי - וארגון פרו פלסטיני הביא לחקירה של שניים מהישראלים בפסטיבל @ramelibrandts #טומורולנד,10,1283892,42512,672,545,82,3347
7529493582722370824,2025-07-21,Video,"דרור אשרם, אביה של שי ז""ל, תצפיתנית שנרצחה בנחל עוז: ""האחראים למחדל 7 באוקטובר ילוו את הבנות שלהם לחתונה - ולי נותר רק לבקר את הבת שלי בבית העלמין"" #כאןרשתב",45,318191,20167,675,325,98,557
7529272911719337232,2025-07-21,Video,"לימסול במקום ת""א?",491,329771,7973,323,2304,1085,902
7529250131783191809,2025-07-21,Video,כי לא היו לנו מספיק חרדות,155,457395,19532,261,2288,592,1095
7529248392241761553,2025-07-20,Video,גזענות מהסרטים,123,388462,14451,2302,1514,272,891
7529240641025412368,2025-07-20,Video,באנג'י בבלומפילד כבר עשיתם?,45,50226,1041,8,168,68,93
7529202637779045633,2025-07-20,Video,"גרמניה: מכונית התנגשה בגג בית מגורים בגובה שלושה מטרים מעל הקרקע. בדרך, הרכב חצה גדר ופגע בילד ששיחק בטרמפולינה. ברכב היו נהג וארבעה נוסעים - אחת מהן נפצעה קשה  (איתמר מרגלית)",32,80292,1826,74,389,44,64
7529196823395749121,2025-07-20,Video,"מחאה פרו-פלסטינית על הבמה: דגל פלסטין הונף במופע בבית האופרה המלכותית בלונדון (איתמר מרגלית, עומר שחר)",11,1251075,52262,1560,1232,148,2328
7529083926711717138,2025-07-20,Video,"תובל, אחיו של יותם חיים ז״ל, הוציא אלבום לזכרו  (ראם אהרוני)",1030,13429,336,5,2,1,9
7529082411108551943,2025-07-20,Video,שוברים שתיקה: במנזר השתקנים בלטרון קראו לציבור לעזור לשקם את הנזק מהשריפות ביום העצמאות - ישראלים רבים הגיעו בהתנדבות  (אורי לוי),635,135070,4893,141,266,79,300
7529075209748483335,2025-07-20,Video,ענבל מחוות השאנטי ועלאא מקדישים את חייהם להצלת כלבים ❤️ (שירלי ברקוביץ׳),859,100260,4876,226,163,48,206
7529129622466858258,2025-07-20,Video,״הכי חזק ששמענו מתחילת המלחמה״: תושבי שדרות התעוררו לחלונות מנופצים מהפיצוצים העזים מפעילות צה״ל בעזה. @itsikzuarets 📸: מנדי ריזל,15,68885,1162,25,46,13,34
7529122923811048712,2025-07-20,Video,"""אדלשטיין הוליך שולל את החרדים ואותנו"": השרה מירי רגב תוקפת את יו""ר ועדת חוץ וביטחון (אילה חסון)",28,43394,516,237,19,10,26
7529074141744352520,2025-07-20,Video,הפעלול האחרון: כך פליקס צנח אל מ!ת! באיטליה  (דב גיל-הר),210,633047,29357,100,601,84,1099
7529073756434615570,2025-07-20,Video,צמד הנוכלים שמנהל מכונת הונאה מתאילנד ועוקץ ישראלים גם במצבי חירום (דניאל אלעזר),960,362156,9536,289,2159,822,1231
7528892280095182087,2025-07-20,Video,בגדו - ונתפסו מול כל העולם 😮 (דב גיל-הר),177,138921,3076,36,182,71,156
7528890982390140168,2025-07-19,Video,תיעודים חדשים מהרצח המחריד בקריית מלאכי שהתבצע לעיני המצלמות (אילה חסון),857,846226,33446,1064,4589,1263,2828
7528870312239303944,2025-07-19,Video,"האלוף במיל' גרשון הכהן פיקד על ההתנתקות - ובטוח שהיא מה שהוביל לטבח (שרון וכסלר, אורי לוי)",36,63635,1506,90,133,55,72
7528837115866549512,2025-07-19,Video,חבר הכנסת איימן עודה הותקף ברכבו בנס ציונה @yaara.shapira@hadasgrinberg,70,1365189,39629,3301,2857,866,7747
7528815104595430663,2025-07-19,Video,"אנטישמיות באירלנד: תושב אירי תקף יהודי באוטובוס וקרא לו ""רוצח עם"" (דב גיל-הר)",36,155952,9579,690,184,62,9822
7528419418909576456,2025-07-19,Video,"איריס, אמו של יותם חיים ז""ל, עדיין לא קיבלה את כל התשובות מהצבא: ""לא הייתה שנייה של היסוס, הוא פשוט ה@ג אותם"" @r_m_aharoni",54,158321,6155,68,32,5,125
7528094028164779282,2025-07-18,Video,חייו של עלאא חלף השתנו כשהוא מצא את כלבו דוגו – והוא החליט להקדיש את חייו להצלת כלבים נוספים (שירלי ברקוביץ'),41,562976,26982,729,623,132,1177
7528444060005190930,2025-07-18,Video,"ללי דרעי, אמו של סעדיה ז""ל שנפל בעזה: ""קוראת לאחיי החרדים להתגייס, זו אחת המצוות הכי חשובות בתורה"" @ifatglick1 (תמר אלמוג)",41,49247,1978,186,69,25,56
7528406764337827090,2025-07-18,Video,"תובל, אחיו של יותם חיים ז""ל, הוציא את האלבום""אחים"" - אחרי שחשב שלא יתופף יותר לעולם הכתבה המלאה - הערב בחדשות שישי @r_m_aharoni",36,30467,1409,151,8,1,49
7528079746287160584,2025-07-18,Video,"ענבל מחוות השאנטי מקדישה את חייה להצלת בעלי חיים: ""לא קיבלתי את ההזדמנות הזאת כשהייתי קטנה"" הכתבה המלאה של שירלי ברקוביץ' – הערב בחדשות שישי",41,108163,6793,190,121,13,232
7528151705687526673,2025-07-17,Video,מגרש הכדורגל שבו פגעה הרקטה הקטלנית ו@רגה 12 ילדים - נותר פצוע ודומם⚽💔 #מגדלשמס #דרוזים #כדורגל,575,255333,16543,446,274,32,746
7528128377719393553,2025-07-17,Video,וכמה אתם עשיתם היום בשעה? 🫠,171,1157245,72018,978,14407,4588,3239
7528139282695900417,2025-07-17,Video,ההתעקשות שמנעה דפיקה בדלת של 5 משפחות @roysharon11 #צהל #לוחמים #רועישרון,58,75522,2925,56,112,50,106
7528122237694528784,2025-07-17,Video,מהפכה של שמחה?,44,534654,27037,813,3986,644,1213
7528112655580679441,2025-07-17,Video,נתפסו על חם?😳,17,37131,1610,10,76,8,68
7527782601067613456,2025-07-17,Video,לכבוד החופש הגדול: אצטדיון הכדורגל - הופך לפארק אקסטרים #חופשה #קיץ,261,298974,10645,147,1626,426,743
7527781665712639233,2025-07-16,Video,"אביו של אורי דנינו ז""ל חשף ש'גורם מדיני בכיר' אמר לו ש""יתמודד עם עוד 200 משפחות שכולות"" - וקיבל הודעות נאצה",149,47637,1525,232,71,33,62
7527734840716741896,2025-07-16,Video,בשורות רעות לחוגגים הישראלים? צילום: לפי סעיף 27א (ישי בר-יוסף),4,7935,45,1,8,3,6
7527722670998195463,2025-07-16,Video,עובר בגרון? סגן ראש עיריית אשדוד במתנה תוססת לשר בן גביר @ifatglick1,28,245406,11615,321,2628,384,633
7527670858626764048,2025-07-16,Video,תיעוד מהרשת: דגל ישראל הונף בסוריה  #ישראל,9,256866,7733,218,403,117,318
7527669332705316104,2025-07-16,Video,"""התגעגעתי המון"": איחוד משפחות בשטח ישראל אחרי שדרוזים סורים הצליחו לחצות את הגבול (ריאד עלי)",63,803598,21516,361,750,198,878
7527655246638763272,2025-07-16,Video,"איחוד משפחות לעיני המצלמות: דרוזים מישראל ומסוריה נפגשים אחרי שנים בגבול ב""גבעת הצעקות"" @riad.alee",21,98062,2304,53,34,18,65
7527630082106526994,2025-07-16,Video,אחרי שדרוזים מישראל חצו את הגבול הסורי - עכשיו גם דרוזים מסוריה מנסים לפרוץ את הגדר 🫢 @itayblumental1,11,1932096,33941,693,1989,460,5623
7527624358592810248,2025-07-16,Video,"כאוס בגבול: מאות דרוזים חוצים בשעה זו לתוך סוריה, ישראל תקפה בדמשק",43,323301,5276,157,264,59,577
7527411706025266450,2025-07-15,Video,תביעת הענק נגד מקדונלס🍔🍟 #המבורגר #מקדונלס #צ'יפס,162,1346924,47101,2272,6095,1649,2831
7527409821901950215,2025-07-15,Video,מי גנב את השירים של ביונסה?😮 #ביונסה #שירים #גנב,137,89831,4458,71,159,16,155
7527409412609281298,2025-07-15,Video,"סיפורו של סמ""ר שהם מנחם ז""ל, שנפל מפיצוץ בעקבות תקלה בטנק  #צהל #חללים",177,182034,13445,546,192,31,416
7527370589552610568,2025-07-15,Video,ג'סטין ביבר ממשיך לפרגן לזמר הישראלי נתי לויאין #גסטיןביבר #נתילויאן #justinbieber,263,189415,10216,85,197,17,529
7527369635528772871,2025-07-15,Video,"הרב אלחנן דנינו, אביו של אורי דנינו ז״ל שנרצח בשבי חמאס בעזה, חשף התבטאות מרתיחה של גורם מדיני בכיר: ״גם עם עוד 200 משפחות שכולות אני אוכל להתמודד״  🎙️ רשת ב",31,61307,2957,311,241,117,111
7527346196612910344,2025-07-15,Video,"הרב נסים זאב, ממייסדי מפלגת ש""ס, יוצא נגד הקריאה לגייס עוד חרדים: ""האינטרס העליון של עם ישראל הוא והערכים היהודיים"" @roysharon11 @maya_rachlin16",37,98844,3025,416,63,20,110
7527326779501989138,2025-07-15,Video,השר לביטחון לאומי מצייד עוד ועוד ערים בנשק - אבל לא כולם זכאים. ומה היה לבן גביר להגיד בטלפון אחרי צילומי הכתבה? מירוץ החימוש של בן גביר - הערב במהדורת כאן חדשות @ifatglick1,52,28546,479,56,7,2,21
7527321741652233479,2025-07-15,Video,"שי אביטל הורשע בתקיפת אחת המתלוננות ובאספקת 0ם, אך לא בעבירות מ*ן #שיאביטל #דוגמנית #חדשות",297,239686,9471,188,340,39,372
7527276263250201863,2025-07-15,Video,"אמו של סמל שלמה יקיר שרם ז""ל נפרדה ממנו בדמעות: ""בתוך תוכי ידעתי שהשם ייקח אותך, כבר כמה חודשים אני מכינה בראש הספד כל לילה לבן שלי""",37,197731,8694,987,93,35,205
7527038814594862352,2025-07-15,Video,"""מחשבות טובות"" וגם נועה קירל: מה אנחנו הולכים לשמוע הרבה בעונת החתונות הקרובה? #חתונה #שירים #מוזיקה @amitharari",430,97436,5100,25,154,33,285
7527037313998671120,2025-07-14,Video,הביקוש בשמיים: איפה תעבירו את החגים? #חופשה #טיסה,125,35947,660,15,40,8,22
7526921180683439368,2025-07-14,Video,12 ימים לבד בלי מזון ובלי קליטה: התיירת שנעלמה - ושרדה נגד כל הסיכויים #אוסטרליה #מדבר #כאן11 @yoavzehavi10,131,35359,866,10,13,4,32
7526951260004683015,2025-07-14,Video,"4,000 ימי שבי: הדר גולדין נח*ף בסיום מבצע צוק איתן ב-2014. משפחת גולדין לא מאבדת אמונה - אבל את האמון במקבלי ההחלטות הם איבדו מזמן",53,186586,14497,202,134,29,365
7526919800363158802,2025-07-14,Video,"בגלוי ובבעלות איש עסקים: בתי בושת פועלים בראשל""צ ומפרסמים את עצמם באינטרנט #כאן11 #חדשות #ראשוןלציון",369,742416,24823,1111,12340,3141,2825
7526918088651001096,2025-07-14,Video,למה תאוריות קונספירציה ממשיכות לרדוף את ג'פרי אפשטיין? #אפשטיין #גפריאפשטיין #טראמפ #ארצותהברית #אמריקה,185,120511,2860,79,121,22,265
7526665888729140488,2025-07-14,Video,הקאמבק של הקאשבק,204,63061,2614,21,80,16,207
7526611780156591376,2025-07-13,Video,הקשר המרגש בין סולן דיסטרבד לירדן ביבס ❤️‍🩹,156,74506,8628,197,476,64,544
7526607790387776785,2025-07-13,Video,"""עסקה חלקית יכולה להיות גזר דין מו!ת"": הדאגה לגיא ואביתר - שני החברים שנחטפו יחד @mayarachlin",54,27390,1380,9,6,1,40
7526604021499546896,2025-07-13,Video,"""להיות חמור בעזה זה חיים של עבדות וסבל"": ישראל מסייעת להוציא את החמורים מהרצועה - והפלסטינים זועמים #חמור",185,355286,11989,783,991,345,461
7526515114825075975,2025-07-13,Video,באר שבע תחת מכת הפורטקשן - והמשטרה לא מצליחה לעצור את התופעה #פורטקשן #בארשבע #עסק,249,639500,9323,402,1428,469,923
7526507244721163527,2025-07-13,Video,השאלות הפתוחות בפרשת שדה תימן #צהל #מילואים #שדהתימן,530,340364,11924,303,417,96,643
7526468014632373512,2025-07-13,Video,"""הרצליה פיתוח הפכה להארלם"" #הרצליה #וילה #כאן11",597,393384,11862,171,1027,266,754
7526454094265863431,2025-07-13,Video,"ארה""ב: ילד בן 3 רצה בובה - ונתקע בתוך מכונת צעצועים #ילד #מכונתצעצועים #כאן11",45,33695,449,10,60,4,18
7526448964397239559,2025-07-13,Video,"4.5 טונות של טכנולוגיה ישראלית בחלל: לווין התקשורת הישראלי ""דרור 1"" שוגר על גבי טיל של spaceX מתוצרת של אילון מאסק. הוא ישמש גופי תקשורת ישראליים ויספק תקשורת לוויינית גם למערכת הביטחון לטווח של 15 שנה. #חלל #טיל #לווין ",39,23794,509,22,24,15,22
7526311331956264199,2025-07-12,Video,ההקלטות הדרמטיות מלב הקרב נחשפות @uriyaelkayam,792,507905,19865,425,693,216,2477
7526266907612171527,2025-07-12,Video,"אביה, בת זוגו של רעי בירן שנפל בעזה, ואחיו עומרי, מספרים עליו 💔 (אילה חסון)",48,474717,56371,849,1187,162,1548
7525877212176846088,2025-07-11,Video,"""הכי קשה היה לראות את אחי הקטן סובל שם"": יאיר הורן שוחרר משבי חמXס - אבל אחיו איתן נשאר שם כשהוא חולה | הריאיון המלא - כעת בחדשות שישי @nofar Moshe ",88,97793,3977,43,38,3,94
7525561818291440904,2025-07-11,Video,"""באנו כדי להגיד לעם הישראלי סליחה""",330,188481,5702,290,1000,392,429
7525562373906664711,2025-07-11,Video,אבל מתי עונה 2??? #חוליגנים,270,244090,17723,189,754,117,897
7525493952984796424,2025-07-10,Video,"רס""ר במיל' אברהם אזולאי ז""ל ואלמנתו רות התחתנו רק לפני שלושה חודשים, ולא הספיקו להביא ילדים. יהי זכרו ברוךה💔",35,109946,5901,1132,123,35,190
7525456943947779335,2025-07-10,Video,ככה עוד לא שמעתם את דונלד טראמפ #ארצותהברית #טראמפ,181,245985,3899,67,84,30,249
7525485067678780690,2025-07-10,Video,רפואה שלמה❤,15,203964,12326,138,87,13,269
7525480662581923090,2025-07-10,Video,"מרגשים: אגם ברגר מנגנת בטקס מסדר כנפיים לצד דניאל וייס, ששני הוריו נר3חו ב-7 באוקטובר ❤️‍🩹",43,37199,2083,7,42,9,42
7525464809907768583,2025-07-10,Video,"תיעוד מגוש עציון: השניות הראשונות של הפיגוע בו נר3ח גבר בן 20 @itayblumental1  צילום: מאירי מזרחי, ביג אפל פיצה",16,400123,8915,114,243,59,2627
7525460730099911944,2025-07-10,Video,"נפילתם של ארבעה לוחמים מגדוד חרדי הציפה תחושות מורכבות בחברה החרדית: ""להקים חלקה צבאית בבני ברק"" #חרדים #צבא #צהל #כאן11",38,87808,3585,59,19,6,80
7525456391390252306,2025-07-10,Video,"""מאחלים שיחזור, אבל שלא יפגוש את אבא שלו שוויתר עליו"": צביקה מור על ההמתנה לשובו של איתן - והתגובות הקשות ברשת",279,34744,1630,38,18,5,48
7525413922313129223,2025-07-10,Video,תמונת ניצחון: ספיר שוחררה מהשב* וחיכתה לסשה יותר משנה - עכשיו הם התארסו 🥹,174,30627,2458,4,7,0,47
7525370997495581960,2025-07-10,Video,טראמפ שאל את הנשיא של ליבריה - שהיא מדינה דוברת אנגלית באפריקה - איפה למד אנגלית כל כך טוב 🤓 #כאןחדשות #טראמפ #ארצותהברית,21,491333,23283,290,692,166,760
7525153395594792200,2025-07-10,Video,טיפול זוגי מול קהל - עם מטפל בתחפושת של קשישה? מחר בחדשות השישי בכאן 11 #זוגיות #סטנדאפ #כאן11,76,28091,1282,12,49,20,75
7525175620716809479,2025-07-10,Video,טוויטר בעד ה*טלר?,147,34833,737,34,49,14,49
7525127077859740936,2025-07-09,Video,למי שנבהל מהדתה - לרועי שרון יש משהו לספר לו,55,162258,9894,263,112,30,311
7525111319662546183,2025-07-09,Video,תושבי לוד מרגישים שנותרו לבד מול האל*מ!ת #לוד #כאן11,584,299447,8152,436,1244,389,820
7525108740597599496,2025-07-09,Video,"שובר לב: דוד, אביו של החלל החרדי משה שמואל נול ז""ל, ספד לו - ""תודה על 22 שנים שמחות"" 💔",37,337966,23395,2229,346,121,644
7525097361006136584,2025-07-09,Video,הסופרמן היהודי הראשון🦸🏽‍♂️ #כאן11 #סרט,149,146480,8469,118,388,38,379
7524816096088608007,2025-07-09,Video,בדרך לחופשה בבאלי וסעודיה?,223,193884,6626,116,1736,475,798
7524791254589213960,2025-07-08,Video,"""העברתי לו מסר – ואחד החטופים שחזר אמר לי שהוא שמע אותי"" 🎗️",313,16340,508,7,5,1,17
7524764456920943889,2025-07-08,Video,הורי החייל הבודד שנר3ח בנובה - עלו לארץ כדי להמשיך את חלומו #חיילבודד #נובה #כאן11,89,68483,3170,83,16,4,114
7524735129483234576,2025-07-08,Video,לנצח את משרד החינוך? שאלו אותי כיצד,46,258101,25069,212,1315,262,951
7524720598401043719,2025-07-08,Video,"עמרי מירן לא ידע מה עלה בגורל אשתו והילדות כשהוא נחטף, ושמע את אביו, דני, מדבר על כך בריאיון בתקשורת: ""זה אושר"" #מחכיםלהם - הערב במהדורת כאן חדשות (יעל צ'כנובר)",46,17270,651,18,6,1,19
7524635319702981906,2025-07-08,Video,החרם של החרדים - עד שיהיה חוק גיוס @yaara.shapira,168,108675,1760,151,58,28,109
7524701174944107784,2025-07-08,Video,"""שום חיבוק לא ינחם"": אילנית, אמא של נועם אהרון שנפל באסון בעזה, עם הספד שקורע את הלב  💔",71,212041,13969,4227,389,84,463
7524676719496727809,2025-07-08,Video,הצצה ללחימה באזור שבו נפלו 5 לוחמים - הערב במהדורה בכאן 11 #לוחמים #צהל #חללים,41,266331,5442,307,161,69,198
7524624168789347602,2025-07-08,Video,כשהגן עולה כמו שכר הדירה @liran_kogahinoff,218,478937,19094,663,1442,464,771
7524657517356502279,2025-07-08,Video,"לבנה יהודית, אמו של משה נסים פרוש ז""ל, ספדה לו: ""אני יודעת שמי שמקבל ניסיון - יש לו את הכוחות""  @nofar_moshe_ferdo",19,114755,6541,743,106,38,170
7524651920636579090,2025-07-08,Video,"אבא של משה נסים פרש ז""ל נפרד ממנו בדמעות: ""עזבנו את צרפת, הגענו לארץ הקודש. הבן שלי הלך בדרך של קדושה""  @nofar_moshe_ferdo",27,148525,7035,2418,224,57,260
7524643121733307655,2025-07-08,Video,"⚠️ טריגר: פגיעות מיניות ⚠️ שורדת השבי אילנה גריצ'בסקי שיתפה באומץ על הפגיעות המיניות בשבי חמאס בעזה: ""גם גברים נפגעים, זה עדיין קורה"" (ורד פלמן)",25,208290,11248,139,100,28,351
7524622870798978322,2025-07-08,Video,שוורים למען פלסטין?  (דב גיל-הר),245,197448,3618,1016,1029,463,296
7524621608393264402,2025-07-08,Video,תל_אביב_יקרה_ירקצי_V3עקפה את פריז: תל אביב נכנסה לרשימה המפוקפקת של 10 הערים היקרות בעולם  @danayarkechy,182,44332,883,31,138,44,76
7524619439359184136,2025-07-08,Video,"""רק תחזור הביתה"": אידה, אימו של בנימין אסולין ז""ל שנפל בעזה, מספרת על בנה 💔 (אורלי אלקלעי)",54,215549,11351,2361,272,91,323
7524425681959243016,2025-07-08,Video,צדק לר1צחת הפטריות: ארין פיטרסון מאוסטרליה הורשעה בהרעלת המשפחה של הגרוש שלה - באמצעות פטריות רעילות בביף וולינגטון #אוסטרליה #כאן11 #חדשות,170,56197,1679,18,103,15,101
7524438881186499856,2025-07-07,Video,אבא של גיא גלבוע דלאל נאבק בכל הכוח כדי לחבק שוב את בנו #גיאגלבועדלאל #כאן11,262,32562,2178,37,9,1,47
7524354335099112712,2025-07-07,Video,"ישראל חקאק, שדרס למוות שני בני אדם, הפקיר אותם ונמלט - קיבל 18 שנות מאסר @ifatglick1ick1",292,605603,19802,967,921,321,1058
7524421465840667922,2025-07-07,Video,אחרי הביטולים בבלומפילד: עיריית רמת גן ביטלה את ההופעה של אייל גולן באיצטדיון העירוני #איילגולן #רמתגן #כאן11 #חדשות #מוזיקה @amitharari,161,266457,10990,1119,895,123,430
7524353689369234695,2025-07-07,Video,"בית המשפט אישר להוריו של מאור איזנקוט שנפל בעזה, להשתמש בזרעו (אנה פינס)",215,330318,19253,268,259,39,519
7524353333063191816,2025-07-07,Video,?איך ערבים בישלו לפני אלף שנה (ערן זינגר),496,10128,131,4,7,5,11
7524352214287109394,2025-07-07,Video,"אחרי יותר משני וחצי של לחימה מול חמאס, תושבים העוטף מתבקשים לחזור לביתם ומתמודדים עם הפחד @itsikzuaretsrets",243,7047,146,4,2,1,6
7524351436969233671,2025-07-07,Video,"משפחות 7 לוחמי הנדסה קרבית שנפלו באסון הפומ""ה בשיחה על המחדל והכאב @nofar_moshe_ferdo",646,87080,7130,317,374,70,374
7524350528030117137,2025-07-07,Video,"בת-אל, אימו של קצין שלוחם בעזה מתחילת המלחמה, זועקת את הכאב של בנה ולוחמיו #צהל #לוחמים #כאן11",45,48975,3802,59,65,16,113
7524343940707945736,2025-07-07,Video,"אבא של גיא גלבוע דלאל לא ראה אפילו משחק כדורגל אחד מאז שהוא נחטף, וגם המוזיקה כבר לא מתנגנת בימי שישי #מחכיםלהם - הערב במהדורת כאן חדשות  (יעל צ'כנובר)",33,42372,2282,36,11,3,55
7524315991933832466,2025-07-07,Video,"תיעוד מאינדונזיה: התפרץ הר-הגעש לווטובי לאקילאקי שבמזרח המדינה. העשן הוולקני היתמר לגובה כ-18,000 מטר מעל הפסגה, שהם 19,584 מטר מעל פני הים. ההתפרצות נמשכה כשש וחצי דקות קרדיט: Radio PRFM #כאן11 #חדשות #אינדונזיה #הרגעש",11,42453,711,10,28,1,29
7524304090889997586,2025-07-07,Video,גינה ציבורית בלב תל אביב שבכלל שייכת לאיראן?! אסף זמיר מסביר  @ifatglick1,12,31147,553,12,12,2,17
7524258421198146833,2025-07-07,Video,אחרי יותר ממאה שנים הצרפתים חזרו לשחות בנהר הסן - האם זה יקרה גם בירקון? איתמר חושב שלא  (דב גיל-הר),38,397636,23012,147,804,48,686
7524102936536878337,2025-07-07,Video,בקרוב נוכל לשכשך בירקון? 🏊‍♀ ׁ(דב גיל-הר),235,203266,9154,68,223,42,265
7524077551363312912,2025-07-06,Video,המחירים עולים והתורים לא נגמרים: האם המרדף אחרי הלאבובו יצא מכלל שליטה? @danayarkechy #כאןחדשות #LABUBU,151,199394,7476,403,567,110,370
7524070977614007570,2025-07-06,Video,קורע לב: מירב עזבה ב-7 באוקטובר את ביתה שבעוטף - ופשוט לא מסוגלת לחזור 💔 @itsikzuarets,42,166836,6076,2062,218,41,221
7524019498995830017,2025-07-06,Video,המתקפות האנטישמיות באוסטרליה - והחששות של הקהילה היהודית #כאןחדשות #אוסטרליה,163,27098,786,15,14,4,28
7523982908432911633,2025-07-06,Video,"זיוי חולם להיות כוכב, גלי רוצה להשקיע בנדל""ן בקפריסין: אח של גלי וזיוי ברמן מחכה להם מדי יום בכיכר החטופים  (יעל צ'כנובר) #מחכיםלהם",15,21517,1030,9,3,1,30
7523934834780032273,2025-07-06,Video,"דורון, אביו של ליאם ז""ל, חוזר ליום הנורא בו סיגל איצקוביץ' ר@חה את בנם המשותף - ומסביר למה הוסיף את שמה על הקבר של ליאם הקטן  (שלי טפיירו)",37,702267,28853,245,445,40,1403
7523900282007325959,2025-07-06,Video,"אמו של סמל מאור כהן איזנקוט ז""ל נלחמת להביא ילד מזרעו: ""זה לא בשבילי, זו הצוואה של מאור""  (יגאל גואטה)",26,464405,24819,718,527,92,563
7523711769345314056,2025-07-06,Video,"לדברי המועמד, אם נתניהו יגיע לניו יורק הוא ידאג לעצור אותו (אילה חסון)",266,67212,1630,108,73,13,74
7523712284502412551,2025-07-05,Video,"הסיפור קורע הלב של דורון, אביו של ליאם ז""ל💔 (שלי טפיירו)",942,614256,34281,776,998,152,1792
7523693369135025416,2025-07-05,Video,"בקול סדוק: יובל, בתו של החטוף החלל יוסי שרעבי, על המאבק להשבת אביה (אנה פינס)",29,23646,1523,81,10,2,55
7523630318406880530,2025-07-05,Video,"מוקדם יותר הבוקר דווח גם על כ-20 ילדות נעדרות, כשנכון לשעה זו טרם ברור מה עלה בגורלן (איתמר מרגלית)",9,108156,1996,95,44,23,64
7523601469782658322,2025-07-05,Video,הראיון המלא הערב בחדשות השבת (שלי טפיירו),42,306992,22595,422,226,27,798
7523330880048352520,2025-07-04,Video,רק בת 27: הדוברת הצעירה שמשנה את חוקי המשחק בבית הלבן #כאןחדשות #טראמפ #ארצותהברית,442,116416,4648,109,118,33,228
7522929245660744978,2025-07-03,Video,"הלם בעולם הכדורגל: דיוגו ז'וטה, כוכב ליברפול ונבחרת פורטוגל, נה@ג בתאונת דרכים - ימים אחרי החתונה עם אם ילדיו הקטנים (עופר חלפון)",151,408098,13958,255,328,70,461
7522907802805783809,2025-07-03,Video,שותים מי ברז? כימיקלים מסוכנים נמצאו בעשרות מאגרי מי שתייה בארץ #כאן11 #חדשות,225,272054,7012,219,1544,580,700
7522905258473868561,2025-07-03,Video,הפגנה נדירה באיראן: מחאות פרצו במהלך הלוויה של שני צעירים שח*סלו על ידי הרשויות בחשד ששיתפו פעולה עם ישראל,17,209342,6493,131,199,58,782
7522899713461439761,2025-07-03,Video,"הקרקע נשמטה: בניין שלם קרס לתוך נהר בסין, הרשויות פתחו בחקירה",11,574661,17279,280,1137,85,692
7522883113660222736,2025-07-03,Video,"דני אלגרט, שאחיו איציק נחטף בחיים מניר עוז ונרצח בשבי, הפגין מול ראש הממשלה: ""תסתכל עליו ותגיד למה הפקרת אותו"" @itsikzuarets",25,515642,11480,708,338,126,478
7522838892052008208,2025-07-03,Video,איך קוברים נכד? הדרך היצירתית של סבים וסבתות שכולים להתמודד עם האובדן @rubihammerschlag #כאן11 #חדשות #שכול,29,36869,932,27,7,2,30
7522837995158916353,2025-07-03,Video,מכוניות עפות באוויר: תיעוד חדש מתקיפת חיל האוויר בטהרן #כאן11 #חדשות #איראן #עםכלביא,7,6967654,154382,10288,15844,4406,12927
7522761260878925074,2025-07-03,Video,סבא קובר נכד: הכאב של הסבים והסבתות השכולים 💔 (רובי המרשלג),289,89184,5286,125,51,14,195
7522752018457382151,2025-07-03,Video,הלם בהוליווד: פי דידי זוכה מרוב האישומים נגדו - האם הוא בכלל יילך לכלא?  (יואב זהבי),190,97832,2532,128,223,35,117
7522751526746541319,2025-07-03,Video,בן גביר וסמוטריץ' שוקלים לאחד כוחות ולסכל את עסקת החטופים - האם הם יצליחו?  (יעל צ'כנובר),279,16220,147,5,2,2,11
7522572581224877320,2025-07-03,Video,טראמפ מנסה למנוע בריחה של מהגרים בדרכים... יצירתיות (מיכל רשף),172,123933,2710,66,99,37,127
7522573889994575111,2025-07-03,Video,אז מה אתם אומרים - תעברו למתחרים? 😉 @amitharari,226,111238,3536,271,563,151,239
7522573371784137992,2025-07-02,Video,"""אז אנחנו בעצם באיראן עכשיו"": מה הסיפור של הגינה האיראנית בתל אביב",436,265911,7536,94,367,90,459
7522569006767770896,2025-07-02,Video,"""אבא שלך עושה הכול כדי שתחזור הביתה, תהיה חזק ילד שלי!"" 💔 #כאןחדשות #ישראל #חרבותברזל",78,87252,6637,1283,103,14,216
7522542810403196177,2025-07-02,Video,קפץ בלי לחשוב פעמיים: האבא שהציל את בתו הקטנה - שנפלה מהספינה בלב האוקיינוס #כאןחדשות,109,10287,225,3,4,3,8
7522513104089926929,2025-07-02,Video,"פיסת נדל""ן איראנית - בלב תל אביב | הכתבה המלאה - הערב במהדורת כאן חדשות @ifatglick1#כאןחדשות #ישראל #איראן #גןשעשועים",36,676577,31308,181,1595,249,1436
7522465144375381249,2025-07-02,Video,"""אילון מאסק במקום השני, אחריי"": איציק הזגג לא מפסיק לעבוד מאז המלחמה @pelegnet #כאןחדשות #ישראל #זכוכית",25,37779,863,16,18,7,25
7522201242974653703,2025-07-02,Video,מצאה את הסוד לחיי נצח?🧪,284,262401,9990,393,1924,955,1176
7522197795848195336,2025-07-02,Video,לא לצפות בזמן הנהיגה ⚠️,269,396801,13703,193,478,81,797
7522213197231738113,2025-07-01,Video,"מתוך הסרט ""52 ימים"" - שישודר ברביעי בכאן 11 אחרי המהדורה #יגיליעקב #כאן11",72,421354,27950,326,299,45,1249
7522201586588749072,2025-07-01,Video,האבא שהפך לגיבור של דיסני🦸🏽‍♂️🌊 #דיסני #אבא #ים,113,508242,17866,147,779,246,709
7522193062764809473,2025-07-01,Video,"אימו של אורי דנינו, שנחטף ונר@ח במנהרה ברפיח, התגייסה לצה""ל וממשיכה את דרכו❤️‍🩹  #צהל #אורידנינו #כאן11",82,60890,5319,524,97,28,176
7522113244085914888,2025-07-01,Video,גדי איזנקוט הוא השם החם של הפוליטיקה - האם זו יריית הפתיחה של מערכת הבחירות? @מיכאל שמש Michael Shemesh ,40,22605,395,152,12,7,20
7522112877797494024,2025-07-01,Video,לפני מספר חודשים התפרסם סרטון של אדל בת ה-3 קופצת על טרמפולינה כשנשמעת אזעקת צבע אדום - היום היא נדרסה למ!!ת כשרכבה על הבימבה מתחת לביתה 💔 @itsikzuarets,11,6861185,68545,2290,2036,274,3191
7522034914989001991,2025-07-01,Video,"""הצליח יותר ממה שציפינו"": פרטים חדשים על המבצע באיראן @itayblumental1",472,95076,3171,97,190,98,212
7522027435240590610,2025-07-01,Video,הילדים רק חזרו לבתי הספר אחרי המלחמה – וכבר יוצאים שוב לחופש @liran_kogahinoff,186,96519,2532,83,208,56,160
7522083029284621586,2025-07-01,Video,"אלמנתו של נתנאל סילברג ז""ל לא ויתרה על החלום להביא ילד משותף אחרי שהוא נפל, וילדה תינוק מהזרע שלו: ""זה מה שמחזיק אותי"" (יפעת עמיאל)",40,68838,4724,57,49,14,143
7522026227972967688,2025-07-01,Video,איך זה להיות יהודי באיראן? עדות מיוחדת מבפנים (יואב זהבי) @roikais1987,287,195884,5602,20,76,18,230
7522025864876363016,2025-07-01,Video,זעזוע בארצות הברית: כבאים הוזעקו לזירה – ונר@חו (נתן גוטמן),123,358158,15164,257,722,145,793
7522025284535733522,2025-07-01,Video,"עדויות מזעזעות נגד בכיר חרדי: ""פ@ע בי כשהייתי רק בן 15"" (יאיר אטינגר וישראל פרקל)",216,53215,1690,201,157,57,157
7522037196073848071,2025-07-01,Video,"אביו של החטוף בר קופרשטיין בהפגנה מול משרד ראש הממשלה: ""ביבי, תפסיק את המלחמה""  (ורד פלמן)",11,837466,45423,5473,2105,179,6064
7522013906814930184,2025-07-01,Video,פולסא דנורא ושקיות צואה: חרדים קיצונים משחיתים אתר בנייה במרכז הארץ בטענה שיש בו קברים יהודיים עתיקים  (אנה פינס),172,103967,2054,389,302,120,149
7522006609078390023,2025-07-01,Video,"מקצין מצטיין בגבעתי - למעבדת סמים בבית: ""בגלל הפוסט טראומה""  (שלי טפיירו)",236,356927,12155,308,2693,565,798
7521809857494666514,2025-06-30,Video,"לירי אלבג חוזרת לצה""ל - לתפקיד משמעותי במיוחד #ליריאלבג #צהל #כאן11",191,222837,18600,65,136,14,450
7521712372659047681,2025-06-30,Video,הקהילה היהודית בבריטניה זועמת: איך פסטיבל המוסיקה גלסטונברי הפך לבמה לקריאות שנXה נגד ישראל? #כאןחדשות #בריטניה #פסטיבל #מוסיקה,264,381395,10269,1030,1609,515,712
7521720965944888584,2025-06-30,Video,סיפורה של נילופר שהפכה לסמל מעורר השראה #טאליבן #אפגניסטן #כדורסל #נכים,326,147444,2846,9,40,2,119
7521708899540520209,2025-06-30,Video,האם כך העתיד של ישראל ואיראן צפוי להיראות? מזל שיש בינה מלאכותית #כאןחדשות #ישראל #איראן #נתניהו,14,18402,360,18,11,5,14
7521686592482807041,2025-06-30,Video,המדוזות לא פספסו את פתיחת עונת הרחצה - איך תדעו איפה כדאי להיזהר? #כאןחדשות #מדוזות #ים,156,99286,3261,95,427,78,264
7521471985818275079,2025-06-30,Video,הגיבורים השקטים של המערכה מול איראן מדברים @itsikzuarets,364,555472,14733,240,598,203,1126
7521615047378947336,2025-06-30,Video,"נווטת הקרב ת׳, שהשתתפה בתקיפות באיראן, עונה לאנשים שטוענים שהתפקיד שלה לא מתאים לנשים (מואב ורדי) ",31,31769,1238,12,29,5,41
7521465191922404616,2025-06-29,Video,גשם של דולרים 💸 (מיכל רשף),105,166012,3588,20,183,29,107
7521295220097420561,2025-06-29,Video,"יעל קידר בעלת הצרכים המיוחדים הספידה את אימה עפרה, שגופתה הוחזרה מעזה #כאן11 #חדשות #בארי",415,185560,12690,282,199,65,455
7521294401285442833,2025-06-29,Video,הרחבת הסכמי השלום - ואיומים מצפון: איך ייראה המזרח התיכון כשאיראן לא מאיימת כמו שהייתה?,525,197572,5011,76,159,89,348
7521291756130929921,2025-06-29,Video,איך הפך חמינאי מהבריון של המזרח התיכון לזקן חולה?,477,248322,5845,157,281,116,416
7521102485071629586,2025-06-29,Video,האכזריות של המשטר האיראני נחשפת #איראן #כלא#כאן11חדשות,506,171711,5330,47,101,30,399
7521098645563919623,2025-06-28,Video,עם כוכבים הוליוודיים ובעלות של 50 מיליון דולר #חתונה #אמזון #ונציה,220,200153,5234,46,301,81,283
7521060998174772487,2025-06-28,Video,תיעוד בלעדי: הצעירים מנשר שחשודים בריגול עבור איראן בפעולה #איראן #ריגול #כאן11חדשות,181,54759,983,28,79,25,50
7521016298793454856,2025-06-28,Video,אחרי שבועיים ללא שינה - הטייסות והטייסים שהפציצו באיראן מדברים #טייסים #צהל #איראן,818,555349,18955,412,1443,594,1414
7520997605753638151,2025-06-28,Video,כוחות הביטחון הוזעקו לכפר מאלכ בעקבות התפרעות של יהודים רעולי פנים - והותקפו #צהל #לוחמים #מילואים,16,64390,1293,78,27,8,66
7520952697755798792,2025-06-28,Video,"קוסטה הקטן הגיע לארץ כפליט מלחמה מאוקראינה עם משפחתו, כדי שבת דודתו נסטיה תוכל לקבל טיפול למחלת הסרטן. הוא השתקע בארץ, הכיר חברים בבית הספר בבת ים – ואז, ברגע אחד, טיל איראני שפגע בביתו גדע הכול: ״אין להם עוד משפחה בארץ שתחפש אותם״    @nofar_moshe_ferdo",59,118487,6627,82,97,15,186
7520695005434875144,2025-06-27,Video,דברים שקורים רק בישראל: בשבוע שבו טיל איראני פגע בביתה - מיכל ויץ זכתה בפרס האמי על הסרט ״עוד נחזור לרקוד״ שהפיקה על הטבח בנובה @ifatglick1 (תמר אלמוג),39,174284,6280,150,76,16,146
7520586726134402321,2025-06-27,Video,"נשארים בארץ, למרות הכול  (מאי לורנס ביסמוט)",567,46557,2542,18,40,4,73
7520569696865799441,2025-06-27,Video,הרוצח והנרצח נושאים את אותו שם: מוחמד (מיכל וסרמן),137,303866,3773,43,128,46,212
7520567732098665729,2025-06-27,Video,זגג על הגג: איציק רץ בין בתים ומתקן חלונות ומראות שנשברו מהדף הטילים @pelegnet,436,40055,585,13,42,19,46
7520267876012428562,2025-06-26,Video,"""אמא, אני רוצה לספר לך שניצלתי ושאני בחיים. אזכור אותך לעד"": ההספד קורע הלב של יעל, בתה של עפרה קידר 💔",63,223681,16896,1328,247,74,451
7520238699817323796,2025-06-26,Video,"""היית החבר המושלם שלי"": סגן מתן שי ישינובסקי ז""ל, שנפל באסון הנגמ""ש בח'אן יונס, הובא הבוקר למנוחות. יהי זכרו ברוך💔",50,737730,40006,12217,982,265,1513
7520169088111398151,2025-06-26,Video,"""אעצור את נתניהו"": זוהראן ממדאני האנטי-ציוני זכה בפריימריז הדמוקרטיים לראשות העיר ניו-יורק #ניויורק #אמריקה #ארצותהברית #חדשות #כאן11",193,560749,17768,1528,1301,427,809
7520167972627811604,2025-06-26,Video,הפגנות תמיכה במשטר - לצד אמצעי דיכוי התקוממות: איך נראה היום שאחרי באיראן? @yoavzehavi10  #איראן #איראןישראל #חדשות #כאן11,199,41902,539,20,9,4,34
7520191144886652161,2025-06-26,Video,"אליענה איבדה את אחיה איתן ואימה מיכל בפגיעת טיל בבאר שבע, וסיפרה על הרגע בו הבינה שהם אינם: ""פרצתי בצווחה ובכי, לא האמנתי"" 💔 @itsikzuarets",52,128683,8181,230,174,46,232
7520166952975846663,2025-06-26,Video,הקשישים שנאלצו להתפנות מהדיור המוגן שנפגע מטיל איראני - ועדיין מצליחים לשמור על החיוך,315,36986,1082,13,36,17,35
7519983841763724562,2025-06-26,Video,מי הכי הצחיקו אתכם?,523,155992,7462,64,108,14,332
7519957481225719047,2025-06-25,Video,"הלב נשבר: אליענה איבדה את אימה ואחיה בפגיעה בב""ש💔",310,233565,15721,370,854,206,600
7519946598323850517,2025-06-25,Video,דייוויד מייסון ובנו איתי נפצעו קשה באחת הנפילות בחיפה - ונמצאים כאן לספר על זה בזכות התושייה שהפגין האב,54,492343,40226,605,1056,141,1352
7519932773176593681,2025-06-25,Video,"סמל רונן שפירו ז""ל נפל בקרב בדרום רצועת עזה, עם שישה מחבריו לחטיבה. יהיה זכרם ברוך💔",15,93885,7145,865,69,11,171
7519919468185767189,2025-06-25,Video,נועה הייתה בת 18 בלבד כשנהרגה עם בן זוגה איתן ואימו מיכל מפגיעת טיל בבאר שבע. יהיה זכרם ברוך💔,23,624819,56767,4115,763,128,1407
7519894698769583367,2025-06-25,Video,"תלמידים, שימו לב - אתם לא חייבים לגשת לבגרויות 😮‍💨 ומה אם אתם לא מרוצים מהמגן שלכם?  מוזמנים להשאיר לנו עוד שאלות כאן בתגובות 👇 @liran_kogahinoff ",41,319074,17378,348,5123,782,1673
7519885622962556178,2025-06-25,Video,"אחותו של שחר מנואב, שנפל באסון פיצוץ הנגמ""ש בחאן יונס, נפרדת ממנו #חלליצהל #צהל #נופלים",39,613786,37457,6606,767,122,1203
7519828511570365703,2025-06-25,Video,טראמפ חשף כי סוכנים ישראלים היו בפורדו אחרי התקיפה על מתקני הגרעין #טראמפ #איראן #פורדו,12,130101,3034,64,128,76,111
7519799601222733063,2025-06-25,Video,הסיבה שבגלל המשטר האיראני ניתק את האינטרנט באיראן #סייבר#איראן #כאן11חדשות,491,31293,537,7,23,14,42
7519785627018153234,2025-06-25,Photo,"מחבל הצמיד מטען לנגמ״ש שבו היו הלוחמים - בעקבות הפיצוץ הנגמ״ש עלה באש במשך שעות. כוח שקפץ למקום ניסה לכבות את האש. כשניסיונות אלו כשלו, הכוח נאלץ לגרור את הנגמ״ש אל שטח ישראל, בעודו עולה באש והחללים בתוכו. זאת כדי להצליח ולהביא את החללים לקבורה. כל שבעת הלוחמים שהיו בנגמ״ש נהרגו: 🕯️ סגן מתן שי ישינובסקי, בן 21 מכפר יונה, מפקד מחלקה 🕯️ סמ""ר אלון דוידוב, בן 21, מקרית ים, חובש קרבי  🕯️ סמ""ר רונאל בן-משה, בן 20 מרחובות 🕯️ סמ""ר ניב רדיע, בן 20 מאליכין 🕯️ סמל רונן שפירו, בן 19 ממזכרת בתיה 🕯️ סמל שחר מ",0,247485,7232,2761,290,122,359
7519612611273526536,2025-06-24,Video,"""תכיר, זו אחותך"": דנה ילדה בביתה בזמן האזעקות הבוקר @mayarachlin",16,255118,15737,63,471,49,403
7519600753388915976,2025-06-24,Video,"כשלוחם פלח""ץ נשלח לחלץ אנשים מהבית שלו: ""אני נלחם בשתי מלחמות - אבא ואח שלי באוקראינה""  (ויקו אטואן)",39,83970,4172,30,44,5,119
7519578303733288200,2025-06-24,Video,"אבא של כתבת הכלכלה שלנו דנה ירקצ'י חוזר למהפכה המוסלמית באיראן: ""הם שרפו הכול""  @Dana yarkechy ",46,49211,679,22,38,20,48
7519571215397211410,2025-06-24,Video,"קאזם, חברו של החטוף החלל יונתן סמרנו, ספד לו - ושיתף ברגע השבר של אביו קובי ב-7 באוקטובר: ""הוא אמר שהוא יהפוך את העולם כדי להחזיר אותך, והנה חזרת""",29,715825,44744,400,486,53,1144
7519554428295286023,2025-06-24,Video,מה הילדים מתכננים לעשות עם סיום המלחמה? ומה יש להם להגיד לילדים באיראן? (אמיר גרא),49,22170,947,21,14,0,41
7519552974692142344,2025-06-24,Video,"יובל, חברתו של החלל החטוף יונתן סמרנו ז""ל, ספדה לו: ""אחרי כל כך הרבה זמן, אנחנו שוב קרובים""",27,406136,33345,4175,255,34,772
7519547606687550736,2025-06-24,Video,"""הנשמה שלך לא דממה, היא תישאר איתי לנצח"": איילת סמרנו, אימו של יונתן סמרנו שגופתו הושבה לישראל, ספדה לו 💔 יהיה זכרו ברוך",43,124566,8568,1236,59,9,195
7519534786491190536,2025-06-24,Video,כולנו הולכים למות בסוף? זה ההסבר של יוני מקפה ניסו בתל אביב @amsterdamski2 @lielkyzer1,16,23225,296,11,12,3,4
7519432294998871316,2025-06-24,Video,בצל המלחמה: זינוק בביקוש לתרופות פסיכיאטריות בישראל,689,111210,2131,126,400,179,252
7519477216221203732,2025-06-24,Video,"בישראל נשבעו להגיב לאיראן, וטראמפ לא מרוצה: ""אין להם מושג מה הם עושים, זה מגוחך""",20,278818,7055,369,668,291,343
7519431754600631572,2025-06-24,Video,למה פוטין הסתפק בהצהרות ולא עזר לבת הברית החשובה של רוסיה? #פוטין #רוסיה,367,236691,3205,158,162,56,304
7519431029484997909,2025-06-24,Video,"כתבנו התלווה ללוחמי החילוץ של פיקוד העורף בזירות הנפילה ברחבי הארץ, כולל הלוחם שכמעט הגיע לחלץ את אימו",600,29652,702,25,14,5,41
7519376866193476871,2025-06-24,Video,"""ידיים על הבטן"": חילוץ אחת הלכודות מהזירה בבאר שבע (אורלי אלקלעי) צילום: כבאות והצלה לישראל",26,989517,34949,4109,2370,780,1325
7519361860055928071,2025-06-24,Video,הפגיעה בבאר שבע: אותרו 3 לכודים חיים תחת ההריסות אורלי אלקלעי צילום: כבאות והצלה לישראל,14,59604,1319,93,42,17,48
7519359857950985480,2025-06-24,Video,אחרי ההכרזה על הפסקת אש: הר!גים בפגיעה בבאר שבע,11,191854,6376,756,192,52,286
7519255689978563857,2025-06-23,Video,"""עד הסוף החודש אנחנו חייבים למצוא דירה - אבל הכול בפי שניים כסף"": מלכה, שביתה נהרס לפני שבוע, מספרת על הניסיון לבנות את החיים מחדש @amsterdamski_2",30,101246,4258,33,42,12,97
7519245438818602256,2025-06-23,Video,"האזעקות, הדאגות והלילות הלבנים נותנים אותותיהם: עלייה בצריכת כדורים נוגדי חרדה ודיכאון  (אלון שרביט)",37,82222,2968,43,130,17,102
7519215730231938305,2025-06-23,Video,"יואב זהבי הגיע לגבול איראן ושוחח עם האיראנים שבדיוק נמלטו מהמדינה: ""אלה לא אנחנו, זו הממשלה שלנו""",31,28582,480,2,7,0,15
7519201078441676039,2025-06-23,Video,הבהלה בקניון בקטר בעקבות הטילים מאיראן,19,143785,2654,273,389,149,147
7519198530804747528,2025-06-23,Video,"עינב, שתיעד את הנפ*לה הבוקר בדרום הארץ, משחזר: ""אני רגיל לפיצ!צים מהמ*לואים בלבנון ובעזה, הקדוש ברוך הוא החליט שעוד מגיע לי לחיות""  (איילה חסון)",43,108283,3862,70,187,69,132
7519187735924575496,2025-06-23,Video,איראן תקפה בקטר ובעיראק👇,43,199387,3241,104,291,106,129
7519179056949005575,2025-06-23,Video,"מה קורה כשהאזעקה תופסת את חברי זהו זה באמצע הצילומים? הכתבה המלאה - הערב במהדורת כאן חדשות, הפרק המלא - מחר בכאן 11 @amitharari",24,14618,162,6,0,0,5
7519158285887474951,2025-06-23,Video,יואב זהבי בדיווח מיוחד מהגבול הכי רותח במזרח התיכון - עם האיראנים שנמלטו מאזורי הקרב | הערב במהדורת כאן חדשות,17,617068,26121,264,362,61,863
7519145959599639826,2025-06-23,Video,נגמר בנס: כך נראתה פג*עת הטיל האיראני באזור אשדוד #כאןחדשות #איראן #ישראל,21,646128,19900,236,1457,235,1191
7519106885283237138,2025-06-23,Video,סמל הדיכוי של המשטר האיראני הופ3ץ #כאןחדשות #איראן #ישראל,5,327999,6769,110,365,81,200
7518935397666131221,2025-06-23,Video,"טיל בודד העיר את תושבי המרכז וירושלים ויורט, אין נפגעים מרסיסים",5,4111,42,8,0,0,1
7518858429084011783,2025-06-22,Video,חזרו בשלום: מפציצי B-2 האמריקניים שבו לארה”ב לאחר שתקפו באיראן #מלחמה #איראן #כאן11חדשות,12,366390,8595,89,119,24,241
7518852484123725076,2025-06-22,Video,למה אזרחים רבים לא נותנים לעוברי אורח להיכנס למקלטים?,174,183894,6902,675,358,124,354
7518845820024802567,2025-06-22,Video,בצל התקיפה האמריקנית: יואב זהבי יצא לראות מה קורה בגבול איראן @yoavzehavi10ehavi #איראן #כאן11חדשות #מלחמה,46,124385,1772,15,23,7,86
7518834819996994823,2025-06-22,Video,החילוץ הדרמטי מזירת הנפילה בתל אביב. 📸: כבאות והצלה לישראל #תלאביב #כאן11חדשות #חילוץ,46,133608,4497,941,448,197,277
7518828909488540935,2025-06-22,Video,הטייסים שתוקפים באיראן מדברים #טייסים #חילהאוויר #צהל,558,37168,858,33,44,21,46
7518828678000741650,2025-06-22,Video,בוזזים דירות שנפגעו מהטילים האיראניים - בזמן שהדיירים מפונים #חדשות #כאן11חדשות #טיל,344,168683,5462,97,309,100,230
7518825913153260818,2025-06-22,Video,הצצה לחיים באיראן #איראן #כאן11חדשות #חדשות,432,137833,2945,72,157,74,174
7518805650634181896,2025-06-22,Video,״אני גרה באחת השכונות היקרות בתל אביב ומעבירה לילות בתחנת רכבת״ (יפעת גליק) ,24,34591,1031,11,4,0,22
7518784201584332050,2025-06-22,Video,תרגיל ההטעייה שמאחורי המתקפה האמריקנית באיראן: קייס ובלומי עושים סדר #כאן11 #ארצותהברית #איראן ,54,15398,240,8,2,0,7
7518649901702532353,2025-06-22,Video,"בניינים ברמת אביב נהרס! לגמרי מפגי@ת הט*ל האיראני, דיווחים על לפחות עשר זירות נפי@ה במרכז ובצפון (הדס גרינברג)",11,708087,22295,1503,4026,1493,1146
7518602525797387521,2025-06-22,Video,ט*ל איראני שפגע במכון ויצמן מחק מחקרים של שנים  (נוב ראובני),369,247473,12466,355,1147,318,536
7518614621322743056,2025-06-22,Video,מה חושבים בדרך לאיראן? ומה מספרים לאישה ולילדים? הטייסים שתקפ! באיראן מדברים  @itsikzuarets,44,58016,1425,48,25,10,34
7518600462375980305,2025-06-22,Video,"נתניהו הודה לטראמפ: ""ההחלטה שלך שינתה את פני ההיסטוריה"" (ישי בר יוסף)",22,265521,16436,603,873,390,552
7518597219331689729,2025-06-22,Video,"נתניהו הודה לטראמפ: ""ההחלטה שלך שינתה את פני ההיסטוריה"" (ישי בר יוסף)",72,286380,17513,847,726,243,668
7518593914870189329,2025-06-22,Video,"דונלד טראמפ מאשר: ""תק@נו את מתקני הגרעין המרכזיים באיראן, הם ה!שמדו לחלוטין"" (ישי בר יוסף)",43,118990,7470,299,777,339,285
7518582233112857874,2025-06-22,Video,כך נראה הדיווח באמריקה על התקיפה באיראן,54,150234,4842,95,260,110,147
7518473074585505032,2025-06-21,Video,כשטיל הורס את הבית - הולכים להירגע בים? #ים #טיל #כאן11חדשות,21,502425,31103,124,1265,141,761
7518431730714348807,2025-06-21,Video,איראני התקשר לפרשן הצבאי רועי שרון - זו הייתה התגובה שלו @roysharon11 #כאן11חדשות #איראן #רועישרון,58,1460870,69857,954,3998,640,4537
7518386708673465607,2025-06-21,Video,המטוסים האמריקניים שמסוגלים לשאת פצצות חודרות בונקרים - שיכולות להשמיד את המתקן הגרעיני בפורדו #איראן #מלחמה #כאן11 ,18,479816,15329,317,705,178,671
7518290101118569736,2025-06-21,Video,״אני חושב שאני אשאר פה לנצח״: אלפים ישנים בתחנת הרכבת הקלה בתל אביב (יפעת גליק),20,363906,14511,109,722,90,453
7518286930874879240,2025-06-21,Video,"״נודר באמא שלי שאני רץ למקלט בפעם הבאה״: ריאיון עם הילד עומר הנודר, שכבש את הרשת  (יאיר ויינרב)",257,1416654,68447,1276,8402,1455,5189
7518134527886249223,2025-06-21,Video,איך המלחמה משפיע על הילדים? #ילדים #מלחמה #כאן11חדשות,484,31803,741,19,13,6,33
7518121966784613639,2025-06-21,Video,גיבורי הצללים שמאחורי התקיפות והסיכולים #צהל #כאן11חדשות,466,278721,9802,197,948,444,606
7518188910300679442,2025-06-21,Video,"שריפה פרצה בעקבות המטח מאיראן למרכז, אין דיווחים על נפגעים #חולון#אש #כאן11חדשות",11,252945,4021,176,615,198,222
7518134884494331153,2025-06-20,Video,"תפקיד מפתח: המונים גילו שהממ""ד שלהם לא תקין - והשיפוצניקים מוצפים במבול של פניות @liran_kogahinoff #כאןחדשות #מלחמה #איראן #ישראל",202,133173,4000,30,407,183,215
7518074191162117392,2025-06-20,Video,"בראש של אמא שלו: ראיון ראשון עם עומר שתיעד את הנפילה בבאר שבע  הראיון באישור ההורים, השיחה המלאה בחדשות הלילה בכאן 11 ב-23:45 #כאןחדשות #מלחמה #איראן #ישראל",45,1648623,96419,1460,16126,2589,6134
7518041394414390544,2025-06-20,Video,כך נראית פג*עה ישירה בגן ילדים בבאר שבע - למרבה המזל הגן היה ריק באותה שעה @itayblumental1 @itsikzuarets #כאןחדשות #מלחמה #איראן #ישראל,26,14717,240,5,27,7,10
7518034266391907601,2025-06-20,Video,אסון בקריית ביאליק: כלב הפיטבול המשפחתי נשך למו!ת את התינוקת בת העשרה חודשים #כלבים #כאןחדשות,21,424603,10667,1662,3028,958,758
7517997563014909202,2025-06-20,Video,"יגיל יעקב, בנו של יאיר יעקב ז""ל שגופתו הושבה לישראל בשבוע שעבר, סופדת לו יהי זכרו ברוך 🕯️",54,502074,49679,5309,866,66,1970
7517984538622954760,2025-06-20,Video,"שיר יעקב, ביתו של יאיר יעקב ז""ל שגופתו הושבה לישראל בשבוע שעבר, סופדת לו יהיה זכרו ברוך 🕯️",34,109370,7798,3893,120,20,285
7517969981481553159,2025-06-20,Video,"נטע בן שבוע וחצי וזו הכניסה שלו לעולם לצערי"": רז ופז רובין, זוג והורים צעירים, מספרים מזירת הנפילה בבאר שבע - ""שמענו בום מטורף, הכל היה זכוכיות"" @itsikzuarets",34,237504,12554,101,285,67,254
7517748035565243649,2025-06-19,Video,הישראלים שעברו לגור ברכבת בגלל המלחמה. ויש כבר סכסוכי שכנים,514,462660,22581,276,1985,405,943
7517726891768302866,2025-06-19,Video,שרה ידעה על התקיפה המתוכננת באיראן? ״היא ידעה רק דבר אחד״  (איילה חסון),19,690901,28041,1083,624,204,716
7517723839292296466,2025-06-19,Video,נתניהו על ההחלטה לפתוח במלחמה עם איראן - והמוכנות של העורף #ביבי #נתניהו#כאן11חדשות,20,29826,977,48,15,7,30
7517722774136245511,2025-06-19,Video,נתניהו: ״מבצע ההונאה על איראן כמעט קרס בגלל סימנים מעידים״ - האם היה רגע שבו מטוסי הקרב כמעט שבו על דרכם?  (איילה חסון),23,259390,7741,274,105,37,248
7517719891189796104,2025-06-19,Video,נתניהו מספר לאיילה חסון על הרגע שבו הוחלט לפתוח במלחמה עם איראן #ביבי #נתניהו#כאן11חדשות,13,260630,25327,1046,1540,745,947
7517714386920688914,2025-06-19,Video,"ראש הממשלה נתניהו: ״המלחמה עם איראן תקדם את מצב החטופים, אנחנו נשנה את פני העולם״  (איילה חסון)",25,25391,784,35,19,6,26
7517664121014291720,2025-06-19,Video,שורדת השבי בתגובה להענשת התצפיתניות שרצו למרחב מוגן בפיג'מה #דניאלהגלבוע #תצפיתניות #כאן11חדשות,37,974109,81671,793,1229,181,2386
7517654410428697864,2025-06-19,Video,חופת ברזל💍👰 #חתונה #כאן11חדשות #מלחמה,224,22508,488,9,8,7,16
7517646705278356744,2025-06-19,Video,תשלחו למי שלא נשאר בממ”ד: שברי יירוט ממשיכים ליפול באור יהודה - 5 דקות אחרי האזעקה. 📸: עיריית אור יהודה #כאן11חדשות #מלחמה #ממד,4,10550,138,5,24,9,22
7517585363158830343,2025-06-19,Video,"תשע נשמות: טובה אימצה חתול מבארי שבעליו נרצחו ב-7 באוקטובר, היום הוא ניצל בנס גם מפגיעת הטיל בבית ברמת גן (שלי טפיירו)",22,82010,7121,146,171,26,189
7517557496987389200,2025-06-19,Video,"פרופ' שלומי קודש, מנהל ביה""ח סורוקה: ""לא להגיע לבית החולים, בית החולים סגור וכשיר רק למקרי חירום""",18,187602,5926,26,203,106,153
7517540887459646728,2025-06-19,Video,"שרה, מתנדבת בביה״ח סורוקה, לא פחדה מהנפילה: ״כולם רוצים לגמור עלינו כי עם ישראל מוכשר באלקטרוניקה״ (איציק זוארץ)",29,367694,13139,336,1108,405,580
7517520478097968385,2025-06-19,Video,"פג*עה ישירה בבניין רב קומות במרכז, כ-20 פצ!עים קל אותרו במקום",6,1104429,2548,111,546,148,119
7517520474344049936,2025-06-19,Video,"""הלך סורוקה!"": רגע הפג*עה הישירה של הט*ל מאיראן בבית החולים בבאר שבע #ישראל #מלחמה #איראן @hadasgrinberg",6,163306,3027,91,460,116,238
7517370811800440082,2025-06-18,Video,איזה מרגש ❤️🐶 @hadasgrinberg,21,366618,16362,1210,1738,544,577
7517347882727476481,2025-06-18,Video,"""מתייחסים אליו לא הוגן, זה מגוחך"": האמירה של טראמפ על נתניהו #טראמפ #ישראל #מלחמה #נתניהו",8,153778,11995,476,846,324,454
7517342150359633153,2025-06-18,Video,"""שיהיה לו בהצלחה"": המסר התקיף של טראמפ לחמינאי #טראמפ #איראן #ישראל #מלחמה",6,153456,3175,64,166,55,120
7517257882744720648,2025-06-18,Video,"למרות המצב: עומר ושיר החליטו לא לדחות את החתונה, והתחתנו במקלט של עיריית חדרה",21,22141,704,29,31,8,12
7517208464582528274,2025-06-18,Video,"התקשורת האיראנית הוזמנה לסקר: כטב""מ ישראלי הופל באיראן, צה""ל מתחקר את האירוע @itayblumental1 @roikais1987",14,750215,17612,292,983,329,632
7517185438931488021,2025-06-18,Video,"פינוי בסטייל: 1,500 משתתפי תגלית חוגגים על ספינת החילוץ מישראל לקפריסין @noamgoldbergg",10,657640,22871,960,6077,1052,1098
7516976789768408321,2025-06-17,Video,רוכב ושני גמלים במנוסה לעבר... מרחב מוגן?👀 (אסף פוזיילוב),13,161015,3408,130,911,372,209
7516972742810275088,2025-06-17,Video,"ביי ביי איראן, היי היי פנינה 🩷",58,30325,484,30,25,8,30
7516910407110462728,2025-06-17,Video,"״שיישארו בחו״ל בנתיים, גם ככה הם רווקים״: דב גיל-הר עם הרווקים שנתקעו בקפריסין ",42,91893,2862,20,184,63,70
7516903099773062417,2025-06-17,Video,"האוטובוס של דוד נהרס מפגיעת טיל מאיראן: ""אני בוכה בלי דמעות""",34,291141,17845,251,451,120,511
7516902529335102738,2025-06-17,Video,״צריך לבנות את בת ים מחדש״: הטיל הקטלני בבת ים פגע גם בבתי עסק  (אורן אהרוני),69,470671,13087,1411,741,248,634
7516819452378336528,2025-06-17,Video,מה עושים אם ט*ל פ@ע בבית? המשפחות שמתחילות מחדש בבית מלון  (מאי לורנס ביסמוט),490,60305,2945,91,59,11,145
7516819098370706704,2025-06-17,Video,״אני חולמת בפרסית״: היהודים האיראנים מקווים שהפעם השלטון יפול  (יפעת גליק),524,262832,7060,89,564,273,367
7516817273026333968,2025-06-17,Video,כשהאיראנים פרצו למצלמות שלנו 🫣 (איתי שיקמן),192,651642,30468,254,2740,433,1729
7516807842414775553,2025-06-17,Video,"הנפילה בגוש דן גרמה לנזק בכלבייה העירונית בהרצליה: ״הם כל כך צריכים אתכם, בואו לאמץ״  (שלי טפיירו)",23,99802,6194,139,601,204,154
7516686129458859272,2025-06-16,Video,"""היה בום ענק! הבנו שזה נפל כאן"": ליהיא גרינר על הט*ל שהרס לה את הבית #ליהיאגרינר @akiva.novick",49,116363,3554,88,109,35,138
7516569969983835408,2025-06-16,Video,בשידור חי: פיצוץ באולפני תאגיד השידור האיראני,20,824824,30177,1958,7062,1700,2125
7516554422952922386,2025-06-16,Video,"מבט מבפנים על גל התקיפות של צה""ל בטהראן (עומר שחר)",11,302797,5812,267,333,154,292
7516525637604035841,2025-06-16,Video,"שרת התחבורה מירי רגב לישראלים שתקועים בחו״ל בגלל המצב הביטחוני: ״אתם נמצאים בחו״ל, תיהנו״ (נעם גולדברג)",7,330654,6618,849,1348,594,298
7516441286946213138,2025-06-16,Video,"רק בן שישה ימים: תינוק חולץ מההריסות הלילה ❤️‍🩹 (גילי כהן) 📸: משרד החוץ, גל גנות",11,165248,7396,1751,264,107,1560
7516369996788796690,2025-06-16,Video,רגע הפגיעה במגדל רב קומות במרכז,19,652328,12502,341,898,332,616
7516279056149548289,2025-06-15,Video,"ריאיון בלעדי עם איראני: ״אנחנו מאושרים, נשמח שתמשיכו להפציץ״ (דב גיל-הר)",133,376225,19871,284,1392,377,948
7516278380329733393,2025-06-15,Video,עיר ללא הפסקה? לילה בתל אביב תחת המתקפה האיראנית - כשהבר הוחלף במקלט  (אלון שרביט),559,46249,1321,17,81,18,67
7516273716867665168,2025-06-15,Video,ריאיון מיוחד עם אזרחים איראנים - שחיכו למ@קפה באיראן: ״הייתה לי הרגשה שהמשטר לא ישרוד את 2025״ (דב גיל-הר),477,24927,746,12,12,4,25
7516263492119203073,2025-06-15,Video,תקועים בחו״ל? מירי רגב: ״בודקים אפשרות למעבורת מקפריסין״,46,645239,16300,1512,2816,1280,672
7516244259146616082,2025-06-15,Video,בית כנסת בדרום הארץ נ@גע במ@ח מאיראן: ״הכול פה בוער״,14,92379,2652,196,171,66,72
7516213200128445697,2025-06-15,Video,"נתניהו נגד צהלות השמחה בעקבות פגיעת הטיל בטמרה: ״הטיל לא מבדיל, אחים אנחנו״",12,470959,11093,821,673,359,478
7516207683595291911,2025-06-15,Video,"סגן השר אלמוג כהן נשאל על משך המלחמה ומצב החירום בעורף: ״באתי להרים את המורל, לא לדבר על סיום. כמה עוד דמורליזציה אתם מתכוונים לזרוע?״ (מאיה רכלין, סולימאן מסוודה)",26,109918,2215,384,70,25,73
7516196123132939528,2025-06-15,Video,בעיצומה של המל@מה: שני ישראלים יהודים נעצר! אתמול בחשד שביצעו משימות איראן צילום: דוברות המשטרה,11,179974,20961,131,131,47,18045
7516176441382391047,2025-06-15,Video,באיראן דווח: ישראל הפעילה מכוניות תופת בטהרן - שהתפוצצו ברחבי העיר,16,100024,2290,152,192,77,63
7516157098632154384,2025-06-15,Video,יובל המבולבל מפגין כישורי פרסית מרשימים וקורא לאיראנים להתנגד למשטר @alonfruchter,41,144447,8090,272,971,272,396
7516150912432295169,2025-06-15,Video,"אחרי שהיא תמכה בנו מקרוב, קייטלין ג'נר המריאה הביתה דרך ירדן ❤️ @amitharari 📸: @orxlevari",10,94279,2796,49,69,12,64
7516146657084624136,2025-06-15,Video,מאחורי התמונה שריגשה מדינה שלמה #כאן11חדשות #תינוקות #טיל,163,73223,3347,103,74,29,154
7516129067544939794,2025-06-15,Video,"""הכל התמוטט, הקירות נפלו. בבניין שלנו יש נשים נכות - מה עושים? לאן הולכים?"" $#בתים #כאן11חדשות #טיל",55,255673,6443,338,388,171,247
7516125326955629842,2025-06-15,Video,"דיווח ב-CNN: ישראל השמידה מפעל בשיראז לייצור מערכות המכ""ם של איראן #איראן #כאן11חדשות",9,120193,2957,87,148,62,85
7516116025528601864,2025-06-15,Video,שרידי טיל איראני התגלו בצפון בקעת הירדן #איראן #טיל #כאן11חדשות,14,2198684,71271,1085,6190,786,3723
7516114960712289543,2025-06-15,Photo,"עם תחילת המערכה באיראן, דובר צה""ל תא""ל אפי דפרין ביקש מקודמו בתפקיד, דניאל הגרי, לחזור למילואים ביחידת דובר צה""ל #דניאלהגרי #דוברצהל #צהל ",0,122103,2692,232,57,19,141
7516106837800783112,2025-06-15,Video,"קונסטנטין סול, שביתו נפגע מפגיעת הטיל בבת ים משחזר את רגעי האימה #בתים #כאן11חדשות #טיל",36,125666,5897,115,382,129,206
7516073621706657042,2025-06-15,Video,"ההרס בזירות הנפילה הלילה - מספר ההרוגים בבת ים עלה ל-6, שניים מהם ילדים. צילום: יוסי זליגר/TPS⁩, חן כליפה לוי #רחובות #בתים #כאן11חדשות ",66,443260,20348,1275,2758,784,1068
7516059144563035410,2025-06-15,Video,תושבי איראן מיואשים - האם יש סיכוי למרד נגד המשטר האיראני? #איראן #כאן11חדשות,166,181489,5093,77,112,56,141
7516057309332753671,2025-06-15,Video,הנערים שהגיעו ראשונים לבניין שנפגע בבת ים,108,735654,63134,1412,3457,534,2442
7516053481325661458,2025-06-15,Video,"הישראלים שתקועים בחו""ל מחפשים דרכים לחזור לארץ #כאן11חדשות #חו""ל #טיסה",127,167280,5297,81,251,78,120
7515919116532796688,2025-06-14,Video,טהרן בוערת,8,480530,14719,612,408,176,7969
7515905455818902785,2025-06-14,Video,השיגורים מאיראן התחדשו: תיעוד היירוטים בשמי הצפון,30,205274,3402,264,186,76,148
7515874024145161488,2025-06-14,Video,אימה של התינוקת שחולצה מהבית שנפגע במטח האיראני - משחזרת את רגעי האימה #תינוקות ##איראן #כאן11חדשות,50,1257829,101773,12163,6291,1350,5117
7515820711722700049,2025-06-14,Video,בתל אביב לא מפחדים #כאן11חדשות #טיל #איראן,30,175136,10133,77,280,75,191
7515818712981671184,2025-06-14,Video,"""הבית התפוצץ לרסיסים, כל מה שנשאר לנו זה גופיה ותחתונים"" #טיל #אזעקה #כאן11חדשות",31,558798,15466,6349,674,213,763
7515801813384301841,2025-06-14,Video,"""אבא שלי יכול היה להיות איתנו, אם היה נכנס לממ""ד"" #טיל #אזעקה #כאן11חדשות",53,191805,7749,181,635,279,214
7515720523192487188,2025-06-14,Video,"הבית החדש של רם נפגע מהט*ל הא*ראני - ימים לפני סיום השיפוץ: ""הרס ברמה טוטאלית, זה לא בית שאפשר לגור בו""",40,194428,3257,156,192,92,133
7515686056746896660,2025-06-14,Video,"תיעוד בלתי נתפס מהצפון: יירוט כטב""מ איראני על ידי חיל האוויר @rubihammerschlag  צילום: תומר נגלי",4,27500,555,36,97,32,127
7515548962091322640,2025-06-13,Video,"22 חשודים נעצרו באום אל פאחם בחשד שתכננו לצאת בשיירות שמחה בכלי רכב ""כהזדהות עם מטח הטילים האיראני"" (אורלי אלקלעי, חן ביאר) 📸: דוברות המשטרה",12,712728,17946,1089,2412,1262,4826
7515544298939567376,2025-06-13,Video,"נויה עברה דירה רק אתמול - והיום ניצלה בנס מפג*עה בבניין שלה: ""הרגשתי כמו ברולטה"" @hadasgrinberg",19,3117303,133767,60631,3638,514,8223
7515528160985861393,2025-06-13,Video,בשידור חי: חלק בבניין שספג פגיעה קרס @hadasgrinberg,14,245115,5911,220,233,72,240
7515524485924130049,2025-06-13,Video,כבר מכשכש בזנב: כלב חולץ מדירה בבניין שספג פגיעה ❤️ @hadasgrinberg,21,710436,66633,2877,5505,929,2212
7515492737668451600,2025-06-13,Video,"דובר צה""ל חשף: תקפנ! את אתר הגרע*ן במרחב איצפהאן",31,595408,12667,204,369,173,373
7515412660955958549,2025-06-13,Video,פי3ו3ים אדירים: צפו בתיעוד שצילמו איראנים סמוך לאתרים שה1תקפו על ידי חיל האוויר,12,65022,1012,29,33,11,41
7515375193628462344,2025-06-13,Video,*זה לא סרט* קומנדו המוסד בלב איראן,12,1097880,46536,411,1093,421,32477
7515374660087713031,2025-06-13,Video,שתי סטירות וכרוב לשכנה,42,86375,2738,38,153,30,80
7515302232582081793,2025-06-13,Video,"בדרכם לישראל: כטב""מים איראניים נצפו בשמי עיראק",12,1162824,21372,483,1628,539,897
7515268659867094280,2025-06-13,Video,מה קרה הלילה באיראן?,41,442399,19118,375,2182,715,975
7515236215168191762,2025-06-13,Video,ראש הממשלה נתניהו: אנחנו זקוקים לשיתוף פעולה של אזרחי ישראל בשעות ובימים הקרובים,70,450420,32225,1907,1194,562,801
7515232718029098247,2025-06-13,Video,"דובר צה״ל: ״אנחנו עומדים בפני איום שונה, אנא הימנעו מהעלאת תיעודי נפילות לרשת״",28,572427,38337,794,3168,803,1294
7515223660626496776,2025-06-13,Video,ישראל ת!קפת בשעה זו באיראן,13,150032,10115,132,102,29,7788
7515158779789348112,2025-06-12,Video,הגאווה - והאהבה לישראל: קייטלין ג'נר כאן אצלנו @ittaishick #כאןחדשות #הקרדשיאנס #מצעדהגאווה #להטב,350,245073,18789,195,399,53,650
7515110536351157505,2025-06-12,Video,"טאיסיה, שהתלוננה נגד אייל גולן בפרשת משחקי חברה, מוחה מחוץ להופעתו של הזמר בבלומפילד: ״היום אני לא עומדת לבד מול האיש שפגע בי״  (יעל צ׳כנובר)",34,227436,11772,2223,1455,168,409
7515105841700261136,2025-06-12,Video,"מעריץ של אייל גולן נעצר לאחר שהשליך כוס לכיוון מוחות, בהן טאיסיה, שהתלוננה והעידה בעבד נגד גולן (ורד פלמן)",12,763184,29825,795,1289,222,13910
7515100858145606913,2025-06-12,Video,"אריאל קוניו מציין היום יום הולדת שני בשבי בעזה. בת זוגו, שורדת השבי ארבל יהוד, פנתה אליו: ״תישאר חזק, אל תאבד תקווה״ (יעל צ׳כנובר, יואב בורוביץ׳)",34,30828,1496,20,11,0,36
7515095399800065297,2025-06-12,Video,"יגיל, בנו של יאיר יעקב ז״ל, הודה לצה״ל ולממשלה על השבת ג!פתו של אביו: ״אתם הגיבורים שלנו״ @itsikzuarets",28,42379,3256,83,18,4,114
7515055648543968529,2025-06-12,Video,"האלופה האולימפית וכוכבת הריאליטי קייטלין ג'נר, שמוכרת בעיקר כאבא של קיילי וקנדל ג'נר וכאבא החורג של קים קרדשיאן, הגיעה לבקר במתחם הנובה ושמעה את סיפורם של הניצולים והנרצחים ❤️",23,151867,13166,194,261,35,379
7514799828325485829,2025-06-11,Video,"""מתמודד דרך המוסיקה"": השירים שכתב בן זוגה של התצפיתנית שנפלה ב-7 באוקטובר #כאןחדשות #חרבותברזל #7באוקטובר",396,69791,6690,80,108,16,211
7514799427576417592,2025-06-11,Video,הייתם עושים ניתוח לשינוי צבע העיניים?  #כאןחדשות #נסריןקדרי,207,694423,20413,826,1520,434,1468
7514794222848085254,2025-06-11,Video,"""פה אני מרגיש הכי קרוב אליו"": בנו של יאיר יעקב ז""ל, שנחטף ונר3ח ב-7 באוקטובר, מספר על אביו - שהיה איש אדמה וחובב מכוניות מתוך הסרט ""52 יום"", במאית: ציפי ביידר, קסטינה תקשורת | הסרט המלא ישודר בכאן 11 ובכאן BOX #כאןחדשות #7באוקטובר #חרבותברזל",98,167596,9526,267,74,13,366
7514770191612415237,2025-06-11,Video,"יש לכם בעיית שיווק - אולי אעזור לכם לשווק את ישראל"": קייטלין ג'נר הגיעה לארץ #כאןחדשות #הקרדשיאנס #מצעדהגאווה",65,56819,2998,101,60,13,64
7514715204974890245,2025-06-11,Video,"""ההרעבה הייתה נוראית"": אלי שרעבי מספר על התנאים הבלתי אפשריים בשבי - ומה הוא חלם לאכול כשיחזור #כאןחדשות #7באוקטובר #חרבותברזל",36,577665,41934,147,183,32,881
7514422978797423873,2025-06-11,Video,המקצוע שלכם יעלם בגלל הבינה המלאכותית? #AI #בינהמלאכותית #עבודה,628,106883,1808,118,660,347,449
7514416560488860929,2025-06-10,Video,השוטר שתפס את הנהגת משחזר את המרדף הדרמטי #כאן11חדשות #משטרה #אשקלון,294,2382466,62783,1890,5643,1878,4789
7514410688702450961,2025-06-10,Video,ילדי המהגרים שמטילים אימה על תל אביב #תלאביב#דרוםתלאביב #כאן11חדשות,733,1463720,54850,2636,10476,2074,6163
7514389644016962817,2025-06-10,Video,"דודתו של אורי פורטל ז""ל, שנה@ג בזמן משחק בנשק: ""הוא היה אור - כמו השם שלו, כל אחד שראה אותו התאהב בו"" @liran_kogahinoff",29,735752,38619,18693,1343,296,1959
7514376219366886673,2025-06-10,Video,"הם מוותרים על טיפולי שיניים, לא חושבים על טיסה לחו""ל ולא צריכים לראות ""הישרדות"" כדי לדעת איך זה מרגיש. ל-145 אלף משפחות חד הוריות בישראל אין אף אחד שיציל אותן כשיוקר המחיה דופק בדלת. ""מחזיקים מעמד"" - פרק אחרון  @amsterdamski_2 (מתן גל)",827,78303,2446,41,56,21,121
7514351020948933889,2025-06-10,Video,"יכול להיות שהמקצוע שלכם נמצא בסכנה בעקבות עליית ה-AI? עליית המכונות - הכתבה המלאה, הערב במהדורת כאן חדשות @ittaishick",22,79677,3026,38,104,18,81
7514344214340062481,2025-06-10,Video,"היחידה החרדית החדשה בחיל האוויר מאפשרת שירות בצה""ל שמותאם לאורח החיים הדתי: ""לא קשה להיות חרדי בצה""ל, אני גאה בזה""  @uriyaelkayam",44,79914,4652,103,101,32,137
7514324398984203536,2025-06-10,Video,"לצד הילד ישב השכן הבגיר שלו שעל פי החשד ""לימד אותו לנהוג"" #לוד #נהיגה #כאן11חדשות",61,359278,18179,444,3088,385,1332
7514275990101626129,2025-06-10,Video,החיים על פי יניב ביטון 😍,285,25636,997,6,32,7,49
7514305978926370049,2025-06-10,Video,גרטה נחתה בפריז לאחר שגורשה מישראל וסיפרה על המעצר והכריכים #גרטה #כריכים #כאן11חדשות,17,305205,11400,883,394,54,434
7514287644486995201,2025-06-10,Video,"יש הרבה דגים בים, אבל הוא כריש🦈",145,717147,32904,452,3547,892,1860
7514302135295659265,2025-06-10,Video,כמה כרטיסי אשראי אתם מחזיקים? #מחזיקיםמעמד,58,222785,8427,90,505,107,344
7514289742150700304,2025-06-10,Video,"תא""ל ברק חירם: ""ב-7 באוקטובר ראינו את כל הרחפנים, אבל היה מאוחר מדי""",35,33280,605,8,11,5,18
7514286648062971152,2025-06-10,Video,אשקלון: נהגת ברחה מהמשטרה ופ@עה בשוטר - בזמן שבנה בן ה-3 יושב לידה באוטו ללא חגורה  @itsikzuarets,26,2291915,53386,1325,5671,1729,11114
7514250268205157649,2025-06-10,Video,"בלי להזכיר את 7 באוקטובר והחטופים: מאמן מנצ'סטר סיטי נאם - ""כואב על עזה. בפעם הבאה אלה יהיו הילדים שלנו""",16,63217,842,105,207,61,59
7514221519908736272,2025-06-10,Video,המטרה - להרעיל ישראלים ☠️⚠︎,229,411548,20116,509,6381,2862,1580
7514233492016844033,2025-06-10,Video,טסה מפה ✈️,6,580889,52228,799,1869,168,18176
7514213126502468880,2025-06-10,Video,תיעוד לא ייאמן: בורחת מהשוטר – כשהיא בלי רישיון ועם פעוט ברכב🤯,276,3715357,172102,6667,59666,15927,17742
7514059680734252304,2025-06-10,Video,עשירון 9 צריך לוותר על צהרון לילדים ועל פירות בסופר? שאול אמסטרדמסקי עם כל התשובות @amsterdamski2  מתן גל,920,208273,3121,195,620,293,440
7514056757040237841,2025-06-09,Video,"גרטה מוזרה, היא צריכה ללכת לסדנה לשליטה בכעסים"": טראמפ מגיב להשתתפותה של גרטה במשט",33,225692,14453,163,1092,270,544
7514026211098545424,2025-06-09,Video,הפתרון להעלאות המחירים? #מחזיקיםמעמד,50,89646,3845,65,50,11,116
7513928377548508417,2025-06-09,Video,"אסון בראשון לציון: נערים שיחקו עם הנ@ק של אבא, בן 16 נפ@ע קשה (הדס גרינברג)",148,593138,16752,499,1550,462,1156
7513963789675433232,2025-06-09,Video,"סיפור האהבה של אלי וליאן שרעבי החל כשליאן הבריטית הגיעה להתנדב בקיבוץ, ונשארה בו כדי להקים בית עם אהובה. אחרי השחרור מהשבי, אלי התקשר להוריה של ליאן והתנצל: ""לא הצלחתי לשמור על הבת והנכדות שלהם"" (קרן אוזן)",43,195345,10829,151,79,18,275
7513927972449996049,2025-06-09,Video,"טראמפ שלח את צבא ארה""ב לפזר הפגנות אלימות של מהגרים בלוס אנג'לס  (נתן גוטמן)",196,84812,1790,84,62,24,82
7513926328551361793,2025-06-09,Video,"בית הכנסת של הרב יוסף, הרב הראשי לשעבר, ה!צת  (ורד פלמן)",142,163630,4030,324,263,146,247
7513943775073291521,2025-06-09,Video,"חמורים שלוחמים הצילו מעזה זכו לחיים חדשים הכי רחוק מהרצועה - בצרפת. שרון מעמותת ""להתחיל מחדש"" ליוותה אותם בטיסה ובשיקום אחרי חיים של התעללות ועבדות  הכתבה המלאה של דב גיל-הר - הערב במהדורת כאן חדשות",50,165964,8512,216,432,137,263
7513933853459893521,2025-06-09,Video,הסוף לתורים הארוכים??,202,46835,880,32,123,53,140
7513919046434311440,2025-06-09,Video,קניתם דרך וולט ולא דרך החנות? כנראה שהייתם יכולים לחסוך הרבה כסף... @danayarkechy,136,126415,2228,136,410,140,174
7513911461291248913,2025-06-09,Video,"שורד השבי אלי שרעבי היה בטוח שהוא הצליח להציל את אשתו ובנותיו, ושהוא ישוב אליהן: ""לאורך כל השבי ברור לי שאני חוזר לליאן ולבנות"" (קרן אוזן)",22,46405,1802,12,9,2,42
7513909081237622017,2025-06-09,Video,"הוכרזה מכת אש 👇 שריפה מתפשטת באזור עין כרם בירושלים, בכבאות נערכים לפנות מוסדות סמוכים",19,458045,12634,337,1481,474,419
7513663890094394625,2025-06-09,Video,האם עין ג'ונס יעבור לידיים של יזם פרטי? @rubihammerschlag,196,483830,25673,431,2588,654,2000
7513660891712212241,2025-06-09,Video,ריאיון מיוחד: הרב הצרפתי שהותקף פעמיים באותו שבוע,234,97721,6115,185,197,64,233
7513654406752128272,2025-06-09,Video,אחרי סמוטריץ': גם מירי רגב שילמה למשפיענים בשביל קמפיין למשרד התחבורה,200,185984,7052,670,230,40,348
7513782343274990866,2025-06-09,Video,"חיל הים השתלט על הספינה שהפליגה לעזה, כל 12 הסלבס שהיו עליה נעצרו  @איציק זוארץ Itsik Zuarets ",24,325895,14385,1024,706,122,594
7513677020757363984,2025-06-08,Video,מעמד הביניים בישראל סוחב את הכלכלה על הכתפיים. אז למה הוא מתקשה לסגור את החודש? @amsterdamski2,804,316036,12209,378,1291,501,964
7513645144252419345,2025-06-08,Video,"""ראם התפרק בבכי"": יום הולדתו העצוב של בנו של החטוף אלקנה בוחבוט #כאןחדשות #7באוקטובר #חרבותברזל",84,23787,749,15,16,3,24
7513640289915899137,2025-06-08,Video,"""השובים שיקרו למתן שהוא משתחרר יחד עם עידן אלכסנדר, הם לא הספיקו להיפרד"" #כאןחדשות #7באוקטובר #חרבותברזל",37,169739,4340,380,67,25,167
7513572748287954193,2025-06-08,Video,מחזיקים מעמד: איך מעמד הביניים שורד תחת הנטל? @amsterdamski2,18,55358,2081,80,42,12,57
7513559845912579344,2025-06-08,Video,הימין חזר להפגין - כך נשמעו הקולות בהפגנה הסוערת #כאןחדשות #ימין #ישראל,435,42812,1874,223,46,10,64
7513308661914111249,2025-06-07,Video,"אמילי דמארי: ""אני לא שורדת שבי, אני מנצחת שבי"" #אמילידמארי #כאן11חדשות",88,32069,2607,28,23,8,81
7513201564622900496,2025-06-07,Video,"המצוקה של שורדי הנובה, שעדיין חיים את הטראומה - ונאבקים לקבל סיוע מהמדינה #נובה #כאן11חדשות",90,114985,5799,73,68,20,272
7513198025221704977,2025-06-07,Video,קטאן גרסת המזרח התיכון: מי ינצח במשחק הסורי? @roikais1987 #סוריה #רועיקייס #בשכונהשלנו,455,39526,1037,23,40,18,64
7512882229253508368,2025-06-06,Video,אחרי התקריות הקטלנ*ות בעזה - האם מישהו לומד את הלקחים מהלחימה? @roysharon11  #כאןחדשות #לוחמים #צהל #חרבותברזל,84,128386,2368,183,97,49,89
7512868447437606161,2025-06-06,Video,"למרות התוצאות הקשות - למה חיילי צה""ל ממשיכים להיכנס למבנים בעזה שעלולים להיות ממ!לכדים? @yoavborowitz #כאןחדשות #לוחמים #דוברצהל #חרבותברזל",42,175896,5509,479,175,76,181
7512852648270236945,2025-06-06,Video,"""אתה רוצה שאח שלך ימות בעזה כדי לקבל את הירושה"": נדב מירן, אחיו של החטוף עומרי מירן, מדבר (ויקו אטואן)",68,149024,3836,129,79,27,91
7512508139128818952,2025-06-06,Video,"ציפי שביט: ""נכנסתי רוקדת ויצאתי בכיסא גלגלים"" | הכתבה המלאה של דנה הרמן - הערב בחדשות שישי",43,362467,18599,1142,1560,970,707
7512784119152102673,2025-06-06,Video,תורם זרע שנפטר התגלה כנשא תסמונת גנטית שמעלה דרמטית את הסיכון לחלות בסרטן - משרד הבריאות ממליץ למי שעלולים להיות הצאצאים שלו להיבדק (נוב ראובני),232,331171,12292,178,1214,156,603
7512783240520797457,2025-06-06,Video,עדות דרמטית מאיש מערכת הביטחון: כך ישראל העבירה כסף ונשק לגורמים בעזה @roysharon11,123,164940,2127,297,506,204,269
7512751282625547536,2025-06-06,Video,"""מטה החטופים נחטף - וזה דבר שלא ייסלח"": דיצה אור, אמו של החטוף אבי נתן אור, מספרת על המאבק שלה למען השבת החטופים",61,207254,9171,607,284,123,370
7512562714733038855,2025-06-05,Video,טרגדיה בחדרה: דן ר@ח את אחותו מיה - וק@ר בחצר (חן ביאר),175,309568,10937,133,501,76,579
7512562045657599250,2025-06-05,Video,10 שנים אחרי ששירה בנקי נ@צחה במצעד הגאווה בירושלים - היום צעדו בו אלפים (יעל צ'כנובר),180,96313,6617,722,185,26,186
7512530392050666768,2025-06-05,Video,ברקע מצעד הגאווה שהתקיים היום בירושלים: רן דנקר על האתגרים והחששות שאיתם מתמודדים בפני חברי הקהילה הגאה @Kan Gimel ,81,12499,327,38,7,1,10
7512506187301063953,2025-06-05,Video,אשתו של ג'ורג' קלוני עלולה לשלם ביוקר על פעילותה נגד ישראל,120,146244,4077,263,156,54,168
7512491027308186898,2025-06-05,Video,תיעוד ממסוק משטרתי: מרדף ומעצר של רוכב אופנוע שנסע בפראות בכביש 6,32,997785,43929,714,2543,350,1769
7512483949587778824,2025-06-05,Video,בעקבות משתתפים שקראו קריאות נגד שוטרים: עימותים אלימים עם המשטרה במצעד הגאווה בירושלים,29,159718,21710,553,341,97,17889
7512430559432412434,2025-06-05,Video,"כזכור: שרת התחבורה טסה 9 פעמים לחו""ל מתחילת המלחמה",12,25542,531,64,27,6,27
7512374090448096519,2025-06-05,Video,"⚠️ אזהרת טריגר ⚠️ השיחה שוברת הלב של ג'ודי ז""ל למד""א בבוקר 7 באוקטובר",41,35319,2813,58,67,12,119
7512343726597983496,2025-06-05,Video,בעקבות הפיג!ע בצעדה לשחרור החטופים: טראמפ יאסור את כניסתם של אזרחים מ-12 מדינות לארצות הברית  (איתמר וישנקו),37,27518,985,24,19,10,34
7512180709520444679,2025-06-04,Video,"אלי שרעבי חוזר אל הרגע שבו ראה את הקברים של אשתו ושתי בנותיו לראשונה: ""תחושת אשמה - איך זה שבסוף אני ניצלתי בין כולן?"" הריאיון המלא - בחדשות שישי @kerenuzan1",108,227280,11249,234,193,46,411
7512164923825196296,2025-06-04,Video,הדוברת של הבית הלבן לא נשארה חייבת - והגיעה עם הוכחות (נתן גוטמן),170,31491,1702,48,39,9,70
7512156271026457873,2025-06-04,Video,מה דעתכם? @lielkyzer1 #כסף #פוליטיקה #כאן11חדשות,58,53855,1061,262,166,69,80
7512114033730784529,2025-06-04,Video,הסופרפוד של העוטף #אוכל #חיטוב #עוטף,260,330221,9069,221,2094,1137,1582
7512110372896132353,2025-06-04,Video,איך אתם שותים את הקפה שלכם?☕ #קפהקר #טחינה #trending,246,56946,682,38,347,126,98
7512100401206889729,2025-06-04,Video,השוטר הטרנסג'נדר הראשון במשטרת ישראל🌈 #טרנסג׳נדר #משטרה #כאן11,87,794409,38382,1397,5374,607,2139
7512080590393445640,2025-06-04,Video,החוף של אבא שלו: המשפחות שמשתלטות על חופי הכינרת (יפעת גליק),429,1179489,41756,1061,4840,1550,3014
7512051171654307090,2025-06-04,Video,"מחקר חדש גילה שספורט עוזר לחולי סרטן להחלים, להישאר בחיים - ואפילו למנוע מהמחלה לחזור  (נוב ראובני)",241,85672,2293,40,425,193,238
7512021910310391058,2025-06-04,Video,"אליהו יוסיאן מגיב לסערת הציוץ שלו על אהרן ברק: ""הבעתי את דעתי במדינה דמוקרטית שדוגלת בחופש הביטוי, באתי לטובתו"" (אורלי אלקלעי) 📸: יונתן זינדל, טל גל - פלאש 90",38,65112,2354,486,166,76,66
7512015226850659592,2025-06-04,Video,"עוז נפצע בעזה ואיבד את הזיכרון לטווח הקצר ולטווח הארוך: ""אני מתגעגע למי שהייתי לפני"" (אמיר גרא)",39,714650,45547,561,722,122,1305
7511812887254519047,2025-06-03,Video,"""שבת הבאה אני יוצא, אל תדאגי"": לאה, אמו של סמ""ר אופק ברהנה ז""ל, מספרת על השיחה האחרונה ביניהם",26,36413,1450,106,23,11,69
7511807582940564744,2025-06-03,Video,סוף לתעלומה?,158,538283,14551,109,240,53,1049
7511748141096504593,2025-06-03,Video,"""לא מפחיד אותי למ!ת - כל עוד הם מוגנים"": נעמה, בת זוגו של סמ""ר עומר ואן גלדר ז""ל, הקריאה את השיר שובר הלב שכתב 💔 #כאן11חדשות",78,54424,5437,203,113,36,179
7511738575269088530,2025-06-03,Video,"נתניהו למשפחות 3 הלוחמים שנפלו בעזה: ""לצערנו אין מלחמות חינם""",43,31239,1134,85,21,8,26
7511676587004267783,2025-06-03,Video,"שורדי השבי אלמוג מאיר ג'אן ונועה ארגמני חוזרים לרגעים הדרמטיים במבצע ארנון ההירואי, בו חולצו מעזה (אלון שרביט) ",33,104668,7620,52,47,8,238
7511448108061035794,2025-06-02,Video,מה דעתכם? @roysharon11 #צהל #לוחמים #כאן11חדשות,50,553557,21279,849,1385,363,912
7511363225024302344,2025-06-02,Video,הסטירה שנשיא צרפת קיבל מאשתו - הפכה למכה פוליטית כואבת במיוחד #כאן11חדשות #סטירה #מקרון,222,280616,6919,251,254,116,286
7511335510871231751,2025-06-02,Video,"בית""ר הפסידה בגמר הגביע - והאוהדים תקפו באלימות את נהגי האוטובוס #כדורגל #אוטובוס #בית""ר",204,256192,6347,743,629,116,505
7511313015887629569,2025-06-02,Video,🌋 חוויה ממש #כאןחדשות #הרגעש #איטליה #חופשה,30,436504,12724,223,1629,543,538
7511121903239712017,2025-06-01,Video,"למרות התיעוד של הת!קף צועק ""ציונים אר!רים"", מפקד משטרת קולורדו לא מגדיר את התק*פה במצעד להשבת החטופים כפיג!ע: ""עדיין לא ברור מה המניע""  (דב גיל-הר)",26,43162,1272,72,16,8,44
7511019468781358353,2025-06-01,Video,"לראשונה מאז 7 באוקטובר - בקיבוץ ניר עוז חוגגים שוב בטקס חג השבועות המסורתי ❤️ שורד השבי גדי מוזס דיבר מעל ערימות החציר: ""אנחנו נוכיח לכל העולם שאנחנו פה במטרה להישאר""    (אסף פוזיילוב) 📸: דוברות ניר עוז",23,26111,1481,4,13,3,37
7510915569680452880,2025-06-01,Video,"""רוצים מדינה פלסטינית? קחו חלק מהריביירה"": שגריר ארה""ב במתקפה על צרפת",14,83059,4802,244,410,196,111
7510853785799953680,2025-06-01,Video,סלט של מחירים🤯,289,126257,4856,118,275,42,151
7510615084595547410,2025-05-31,Video,הכפר שנמחק בשוויץ #שוויץ #כאן11חדשות,145,171039,4098,57,335,107,165
7510239276865572097,2025-05-30,Video,איך אפשר לשיר את שיר לשלום אחרי 7 באוקטובר? הכתבה המלאה - הערב בחדשות שישי #כאןחדשות #7באוקטובר #מוזיקה #שירים,39,106534,3180,140,42,15,138
7510222315402136850,2025-05-30,Video,"דוד ליבי ז""ל, עובד מטעם משרד הביטחון שנה@ג אתמול בעזה, הובא למנוחות. סבא שלו ביקש מהקהל להצטרף לתפילת שמע ישראל, שאותה היה אומר בכל יום ברצועה. יהי זכרו ברוך",61,155352,11182,1941,353,131,478
7510212788313165074,2025-05-30,Video,שמעתם פעם על כלב טבעוני?  מי הזיז את הגבינה שלי? הכתבה המלאה של שירי כץ - הערב בחדשות שישי,33,25341,704,52,35,7,32
7509961599067688210,2025-05-30,Video,בן ה-8 שראיין את ראש הממשלה - וחולם להיבחר בעצמו כשיהיה גדול #נתניהו #ביבי #כאן11חדשות,88,1436599,80003,1538,8031,2039,4840
7509947027879415041,2025-05-29,Video,"המחירים בתחב""צ עולים - והנוסעים מאיימים",166,537118,36536,1426,1066,117,1180
7509910075352403201,2025-05-29,Video,"""שב בחוץ, תילחם בביבי? לא!"": השאלה שגרמה לגנץ לאבד את העשתונות",62,515411,19847,1923,1124,421,1235
7509897443064974608,2025-05-29,Video,כאוס בבלומפילד לקראת גמר גביע המדינה: אוהדים טיפסו על השערים ופרצו לאצטדיון,29,1076497,22247,672,2469,779,1296
7509597433794612487,2025-05-29,Video,קבלו את הפסטה של הביוקר,323,205207,7035,149,319,72,320
7509443416367844616,2025-05-28,Video,יצאנו פיתה?,287,135960,2805,281,316,128,184
7509396984311155985,2025-05-28,Video,במלאת 600 ימים ל-7 באוקטובר: הורים שכולים ממועצת אוקטובר הגיעו הבוקר לביתו של יו״ר הכנסת אמיר אוחנה וקראו להקדמת הבחירות (יעל צ׳כנובר),26,35262,1802,127,22,7,52
7509192878283836688,2025-05-28,Video,אחרי החלטת בית המשפט העליון שסופיה תישאר אצלם: ההורים המגדלים בראיון,436,118774,3350,327,147,43,199
7509225200668413200,2025-05-27,Video,מטרידנים - בביט ובפייבוקס,247,276697,11192,806,1267,252,742
7509098335391747334,2025-05-27,Video,משחק בין בני זוג או משבר ביחסים? ההסבר של מקרון לסטירה מאשתו,169,282675,4443,61,135,51,218
7509094708711296273,2025-05-27,Video,מה התוכן האהוב עליכם של @kan_il?,198,53368,2572,64,41,3,59
7509102864569076997,2025-05-27,Video,"פייקים של גל גדות, אילון מאסק ואפילו של נגיד בנק ישראל - העוקץ החדש, שקשה לאכוף",675,20865,338,8,36,18,23
7509139159177547009,2025-05-27,Video,תיעוד נוסף: אלפי עזתים פרצו למתחם הסיוע ההומניטרי ברפיח @itayblumental1,14,947031,22203,645,2066,335,1912
7509131241736768784,2025-05-27,Video,"כאוס ברפיח: אלפי עזתים פרצו למתחם חלוקת הסיוע, העובדים האמריקנים ברחו מהמקום תוך ביצוע יר* באוויר",20,117016,2024,113,61,20,99
7509120869470326032,2025-05-27,Video,"מרכזי חלוקת הסיוע ההומניטרי החדשים נפתחו, והעזתים החלו לקבל מארזי סיוע המכילים בין היתר פסטה, קטניות, שמן וטחינה @itayblumental1",22,72211,719,125,42,12,47
7509092655570128144,2025-05-27,Video,"בלאגן בעיר העתיקה: משתתפים במצעד הדגלים תקפו תושבים מוסלמים, יהודים התפללו בהר הבית",194,160117,7372,423,340,50,298
7509090020414852360,2025-05-27,Video,מאות שקלים בחודש: איך התרגלנו לשלם 30 שקל על קפה ומאפה? @danayarkechy,329,257395,9583,380,1000,276,399
7509084480741575944,2025-05-27,Video,יותר מאלף שקל בחודש: למה הקפה שלנו הפך למותרות? @danayarkechy #כאןחדשות #קפה #יקר,34,64768,2342,43,121,32,47
7509080187745651975,2025-05-27,Video,"השר איתמר בן גביר בכנס שדרות: ""האנשים שצעקו שיאיר גולן בוגד צודקים - הוא באמת בוגד!""  @yaara.shapira",9,89334,4874,621,186,58,155
7509079351888055559,2025-05-27,Video,"מסיתים כמוכם הביאו לר3ח ראש ממשלת ישראל"": יאיר גולן עונה למוחים שקראו לו ""בוגד"" #כאןחדשות #7באוקטובר",86,317659,9759,3316,1078,483,658
7509049931341040903,2025-05-27,Video,"שורדת השבי רומי גונן שיתפה בתחושות לפני ניתוח נוסף: ״אני מבקשת לא לשפוט - פשוט לאהוב אותנו אהבת חינם, לקבל אותנו, לתמוך בנו״  (יעל צ׳כנובר)",19,716956,31709,435,205,60,625
7508780275132828929,2025-05-26,Video,סגן ניצב עמית פולק הואשם בתקיפת מפגין בקיסריה ובשיבוש הליכי חקירה #כאן11חדשות,187,205979,2951,372,230,75,214
7508766121353432336,2025-05-26,Video,המהפך של ירושלים באמת יציל אותה? @amsterdamski_2 #ירושלים#שאולאמסטרדמסקי #כאן11חדשות,389,113189,7086,156,240,91,268
7508754905167858945,2025-05-26,Video,סערת סמוטריץ' והמשפיענים - מה דעתכם? #סמוטריץ #משפיענים #כאן11חדשות,231,99287,2900,234,75,24,136
7508732654867500296,2025-05-26,Video,"אנחנו בשידור חי: הנשיא מקרון קיבל סטירה מאשתו, שם לב למצלמות - וחייך #צרפת #סטירה #כאן11",4,10221,80,8,59,39,8
7508728910192856340,2025-05-26,Video,"שי שמבל איבד את אמו, אחיותיו ואחייניו במסע ארצה. היום הוא סיפר עליהן בטקס הזיכרון ליהודי אתיופיה שנספו בדרכם לישראל: ״בזכותם אנחנו פה״",21,118082,6701,231,299,140,238
7508707817042283794,2025-05-26,Video,"מרצה מאוניברסיטת בן גוריון עורר סערה כשיצא בביקורת נגד המלחמה וחיילי צה""ל (אורי לוי)",61,39665,1186,263,75,29,75
7508480269725306113,2025-05-26,Video,"הכירו את האפריטיבו - דרינק וביס קטן אחר הצהריים, שנהיה יותר ויותר פופולרי בישראל",363,100593,2788,39,248,72,152
7508483197311683857,2025-05-26,Video,פרשה מזעזעת בניו יורק: מיליונר קריפטו ושותפו חט*ו ועינו תייר - כדי להשיג את הסיסמה לחשבון הביטקוין שלו,121,347210,8943,78,1260,406,722
7508478650073795856,2025-05-26,Video,"""לאבא יש סיוטים"" - הורים לשורדי נובה דורשים הכרה כנפגעי פעולות איבה",649,52772,2046,26,20,5,83
7508455229260631297,2025-05-25,Video,מאות קורבנות בשנה ועשרות מיליארדים מהכיס שלנו - לממשלה בכלל אכפת מתאונות הדרכים? @noamgoldbergg,170,130480,5363,214,153,43,206
7508454000061173009,2025-05-25,Video,למה המבורגר עולה שבעים שקל? @danayarkechy,274,246489,12223,211,676,124,525
7508365921401031944,2025-05-25,Video,המנטליסט הישראלי אביב דורה כובש את הוליווד  @r_m_aharoni,724,48878,953,27,40,15,65
7508365458182098184,2025-05-25,Video,מכירים מישהו שקנה שעון מזויף?  (דניאל אלעזר),874,11051,144,7,28,14,15
7508360812940070152,2025-05-25,Video,לפני שנתיים חבורת מיליארדים יצאה למסע בצוללת בעקבות הטיטאניק - וסיימה עם גורל דומה  (חן ביאר),270,607528,24116,196,880,149,2158
7508336187879230727,2025-05-25,Video,"יעל, בעלת צרכים מיוחדים, נותרה יתומה אחרי שאמה עפרה קידר נר@חה ב-7 באוקטובר: ""פחדתי שעוד מעט באים לר@וח גם אותי"" (רועי אטינגר)",51,277015,22364,389,303,58,787
7508089836847353104,2025-05-24,Video,"שורדת השבי נעמה לוי דיברה לראשונה בעצרת בכיכר החטופים: ""תודה, גרמתם לי להרגיש שלא נשכחתי. תמשיכו לבוא ולחזק את מי שעוד שם""  (אנה פינס)",17,34544,1602,20,10,3,52
7508008832195448072,2025-05-24,Video,"ש!רד השב* עומר ונקרט, שנח@ף ממסיבת הנובה, חוגג יום הולדת ראשון מאז השחרור - במסיבת טבע ❤️  (אנה פינס)",4,1312,18,3,0,0,0
7507743060646776080,2025-05-24,Video,"""אסור לתת לחיזבאללה לחזור לנקודות ששולטות עלינו"" #צפון #כאן11חדשות",61,88719,2374,21,56,15,96
7507744042831072528,2025-05-23,Video,משפיענים העלו סרטונים שלהם מודים לסמוטריץ' - וקיבלו אלפי שקלים #סמוטריץ ##כאן11חדשות,68,428281,18446,951,1172,193,928
7507653287403932945,2025-05-23,Video,הייתם עוברים לגור מול הגבול? #צפון #כאן11חדשות,164,22282,356,3,10,4,15
7507362301721185544,2025-05-22,Video,איך לטפל בהפרעות קשב וריכוז?,494,108594,2204,124,1160,752,588
7507332860987182344,2025-05-22,Video,"""אמן שיום חדש יעלה עלינו"": יובל רפאל בכיכר החטופים ❤️🎗️",117,15003,1144,22,12,3,64
7507131004461649159,2025-05-22,Video,"שגריר ישראל בארצות הברית: הנרצחים בפיגוע הם זוג צעיר, הגבר עמד להציע לאישה נישואים בירושלים (רם ברנדס)",31,161489,9580,504,150,39,213
7507130280277232914,2025-05-22,Video,"החשוד בפיג!ע המזעזע במוזיאון היהודי בוושינגטון: אליאס רודריגז, בן 30 משיקגו (רם ברנדס)",15,159250,8165,226,77,12,220
7507129937921314056,2025-05-22,Video,"פיג!ע מזעזע בארה״ב: מח@ל ירה בשני אנשים למ!!ת במוזיאון היהודי בוושינגטון. בתיעוד שרץ ברשת, החשוד נראה כשהוא צועק ""Free Free Palestine"" בזמן המעצר (סולימאן מסוודה)",24,49095,1065,49,15,8,49
7506914130364779777,2025-05-21,Video,רגעי אימה שהסתיימו בנס: הישראלית שניצלה מהתרסקות מטוס משחזרת #כאןחדשות #טיסה #פנמה,141,131390,5184,28,305,60,280
7506882476288052481,2025-05-21,Video,"""היית במיגונית ונלחמת על החיים - ועכשיו את מייצגת את החיים של כולנו"": ראש הממשלה נתניהו שוחח עם יובל רפאל 📷: דוברות ראש הממשלה #כאןחדשות #ישראל #אירוויזיון #נתניהו",100,77920,6161,171,130,40,236
7506536041373863184,2025-05-20,Video,"""תמר הוכרעה ומתאחדת עם יקיריה"" - הובאה למנוחות תמר קוץ ז""ל, שנפטרה משברון לב לאחר שבנה ונכדיה נרצחו בשבעה באוקטובר",34,40793,1841,61,25,10,47
7506449342903880961,2025-05-20,Video,"מכבית מאייר, דודתם של החטופים גלי וזיו ברמן, בכנסת: ""איך אתם ישנים בלילה?""",20,10800,541,16,15,1,22
7506449025671908624,2025-05-20,Video,"מפיק העל סקוטר בראון, שגילה אמנים כמו ג'סטין ביבר ואריאנה גרנדה, יוצא נגד הטענות על זיוף הקולות באירוויזיון: ""גם אמנים כמו ג'סטין ואריאנה לא הצליחו להשיג חוזה, אבל הקהל אהב אותם""  @Amit Harari ",59,57847,5117,71,76,14,176
7506390141976579336,2025-05-20,Video,אביו של שורד השבי עידן אלכסנדר: ״מאז שהנשיא טראמפ נבחר - התנאים בשבי של עידן השתפרו״ (איתמר מרגלית),15,16413,452,1,1,1,7
7506195435325787409,2025-05-19,Video,בהשתתפות מאות בני אדם: הפגנות חריגות בחאן יונס נגד חמא0 #כאןחדשות #עזה #חרבותברזל,19,317653,5786,471,439,152,517
7506133986381417729,2025-05-19,Video,ניסים יתפנה מהמערה בחוף סידנא עלי אחרי 40 שנה?,586,292225,12814,548,1508,496,957
7506096538758712592,2025-05-19,Video,בגובה קילומטר: אפר וולקני נפלט מהר געש שהתפרץ באינדונזיה🌋,53,23160,404,8,14,3,28
7506078981452467464,2025-05-19,Video,מי מונע את הורדת מחירי הדירות בישראל?!,145,56599,2588,168,252,137,137
7506067107868626194,2025-05-19,Video,60 שנה אחרי מותו – משפחתו של המרגל אלי כהן עדיין מחכה לסגירת מעגל,531,1077301,37514,689,3034,794,4811
7505888390219336968,2025-05-18,Video,הבריחה הגדולה מהכלא: האסירים חפרו בקיר בתא השירותים - והצליחו להימלט (יואב זהבי),102,526357,23488,328,2967,388,1255
7505845521966288135,2025-05-18,Video,"""תודה שנתתם לי להיות הקול שלכם"": יובל רפאל שלנו נחתה בארץ ❤️🇮🇱 @yoavborowitz ",23,16879,937,25,3,0,15
7505750808097574162,2025-05-18,Video,אירוע חריג בקו 161: צעיר תועד יורק על קצינה - ונמלט #צהל #אוטובוס #רמתגן,6,7061223,55568,4842,6415,637,3898
7505728737015565586,2025-05-18,Video,ולארי חמאתי מספרת מה זה אומר להיות ערבייה-נוצרייה בלב המיינסטרים הישראלי,832,36102,794,32,12,3,40
7505694282406268178,2025-05-18,Video,התגובה של יובל כשהנשיא הרצוג בירך אותה על הזכייה במקום השני באירוויזיון😍 #יובלרפאל #אירוויזיון #eurvision,69,28491,2238,28,10,3,95
7505542726801296647,2025-05-18,Video,"אחווה, אהבה וחגיגות עד אור הבוקר: בהילולת הרשב""י במירון (איתמר מאירי)",480,33327,1036,45,30,11,51
7505571464968424722,2025-05-18,Video,הבטחות צריך לקיים: אחרי שהתוצאה המדהימה של יובל רפאל בגמר התגלתה - הגיע הזמן לגלות אם המנטליסט אביב דורה צדק בניבוי שלו 🤔,26,123927,5592,99,672,199,219
7505565022043622664,2025-05-17,Video,"גם בחגיגות הניצחון, יובל רפאל לא שוכחת את החטופים: ""לא יהיה לנו ניצחון אמיתי כמו שהם יהיו בבית""  (עמית הררי)",21,32352,3715,75,44,8,98
7505563491885976850,2025-05-17,Video,עם ישראל חי! יובל ברגע היציאה מהגרין רום 🇮🇱 #אירוויזיון2025 #newdaywillrise @yuval_raphael @Nitzan Livnat ,53,271162,13319,666,151,33,549
7505561822938893576,2025-05-17,Video,אין כמו חיבוק של אמא 🫶🏼💙 #אירוויזיון2025 #NewDayWillRise ,7,57081,6653,229,69,9,252
7505560331842850055,2025-05-17,Video,רגע אחרי ההישג ההיסטורי באירוויזיון - יובל רפאל במסר לעם ישראל 🇮🇱❤️🥳 (עמית הררי),14,161994,13928,1031,182,34,588
7505537941045906706,2025-05-17,Video,יובל רפאל בביצוע מדהים בגמר האירוויזיון ❤️🇮🇱 מחזיקים אצבעות 🤞,181,62693,3349,101,125,47,340
7505515426655309064,2025-05-17,Video,"צועק ""Free Palestine"" ונבלם בידי המאבטחים: התיעוד הדרמטי מבזל - כששני אנשים ניסו להתפרץ לבמה בזמן ההופעה של יובל  (עמית הררי)  📸: ליאב אילוז",16,101377,3010,46,138,30,155
7505503672458300680,2025-05-17,Video,בשירת עם ישראל חי ובשאגות שמחה: יובל רפאל אחרי הביצוע המדהים בגמר האירוויזיון 🇮🇱❤️ (עמית הררי),23,277843,19411,791,291,105,462
7505502599270059272,2025-05-17,Video,עם ישראל חי 🫶🏼 #אירוויזיון2025 #NewDayWillRise ,4,301454,19335,808,260,44,790
7505496887944809736,2025-05-17,Video,האם המנטליסט אביב דורה יצליח לחזות את המקום והתוצאה המדויקת של יובל באירוויזיון? הוא צופה לה הישג לא פחות מדהים משל עדן ונועה - בקרוב נגלה אם הוא צדק,36,369840,13580,207,444,134,624
7505488617343700242,2025-05-17,Video,"יובל רפאל לא שוכחת להודות לשב""כניקים שמלווים אותה: ""זה לא מובן מאליו שאחרי מה שעברתי הרגשתי בנוח""  (עמית הררי)",17,61843,5935,28,52,11,122
7505485888076385543,2025-05-17,Video,"שורדת השבי מייה שם שיתפה באומץ: ""לאחרונה עברתי אירוע נורא. לצורך חקירת המקרה, התבקשתי לחתוך קווצה משיערי. ברגע אחד נזרקתי אל ימי השבי"" (אנה פינס) @yoavborowitz",22,49387,3003,74,66,12,75
7505454294284455175,2025-05-17,Video,"רחובות: צעירים תועדו כשהם תוקפים מפגינים וקוראים לעברם: ""ביבי המלך"" (יערה שפירא) 📸: הילי בורק מחאת רחובות",20,1399778,31391,2930,2211,381,6088
7505452480575163655,2025-05-17,Video,"יובל רפאל קיבלה שיחה מרגשת מגל גדות רגע לפני הגמר הגדול: ""את כבר ניצחת""  גמר האירוויזיון ישודר הערב בכאן 11 🎤 (דורית אסרף מזרחי)",136,10735,704,12,9,4,27
7505427900716371207,2025-05-17,Video,שנה וחצי אחרי ששרדה את מיגונית המ!!ת - יובל רפאל עומדת על הבמה הגדולה באירופה ❤️ גמר האירוויזיון - הערב בכאן 11 🎤 @amitharari,564,60877,5314,40,24,12,182
7505436899339767058,2025-05-17,Video,"עינב צנגאוקר פנתה לבנה מתן: ""ילד אהוב שלי, אמא נלחמת עליך. אני מבקשת ממך להיות חזק, גם אתה תחזור הביתה"" @yoavborowitz",27,75527,1952,410,57,23,67
7505431367400869128,2025-05-17,Video,"הדברים המרגשים שיובל רפאל אמרה לנו בינואר האחרון, יום אחרי הזכייה בכוכב הבא: ""לכל המלאכיות שלא זכו להיות כאן עכשיו"" ❤️ גמר האירוויזיון ישודר הערב בכאן 11 🎤 (מתוך ריאיון עם רינה מצליח ועקיבא נוביק)",28,386259,28156,5221,1125,236,1979
7505427337425456391,2025-05-17,Video,השבוע הגדול של יובל רפאל: כך ניצולת הנובה כבשה את אירופה 😍  הגמר הגדול ישודר הערב בכאן 11 🎤 @amitharari,501,12031,613,12,7,4,17
7505145644940659976,2025-05-17,Video,"החמ""ל עלה באש - המחברות של אורי מגידיש והדר כהן ז""ל שרדו #תצפיתניות #אורימגידיש #הדרכהן",27,53769,3154,31,13,4,84
7505032433927032071,2025-05-16,Video,ההתקפים הפסיכוטיים והחרדות: הזמר נדב גדג' חושף את הצד האפל של התהילה #נדבגדג' #זמר #בריאותהנפש,58,39728,1999,13,58,8,83
7505085903367343368,2025-05-16,Video,התגובה של יובל רפאל לתלבושת שנתפסה בתפאורה - ולדגלי פלסטין בקהל #יובלרפאל #אירוויזיון #כאן11חדשות,87,1014816,103543,1266,1985,454,3888
7504997147025100050,2025-05-16,Video,"מטוס קל התרסק בים מול חופי בת ים, נער בן 15 נלכד בו וחולץ - מצבו קשה  @Hadas grinberg ",15,31705,519,16,31,10,15
7504767116772379905,2025-05-16,Video,"יצחק, אביו של גיא בן הרוש ז""ל שנפל בלבנון, מתקשה לעכל את האובדן: ""יש לי ייעוד אחד בחיים - להחזיר את גיא""  (ויקו אטואן)",31,90599,6342,1085,87,20,168
7504929356276403464,2025-05-16,Video,"התיעוד שלא רצו שנראה? הרב אליעזר ברלנד - עבריין מ*ן מורשע - השתתף בהילולה במירון בניגוד להנחיות. השר מאיר פרוש הפיץ תמונות מכל ההדלקות- חוץ מזו של ברלנד  📸: כאן מורשת, דנה בצלאל",31,124259,4241,608,202,43,213
7504764688413084929,2025-05-16,Video,"אחרי יותר משנה - אמו של החטוף החייל נמרוד כהן החליטה לדבר: ""הבנו שאם לא נפסיק לשתוק נסיים כמו רון ארד"" (מאי לורנס ביסמוט)",25,13283,821,20,2,0,22
7504786607673724177,2025-05-15,Video,הרגע שכולנו חיכינו לו: יובל רפאל עלתה לגמר האירוויזיון ❤🇮🇱,26,99874,6450,107,153,43,257
7504783823113030928,2025-05-15,Video,הביצוע המלא של יובל רפאל בחצי גמר האירוויזיון ❤️🇮🇱,183,216005,19196,602,916,322,1265
7504779919373651217,2025-05-15,Video,מים רבים לא יכבו את האהבה ❤️ ביצוע פנומנלי של יובל רפאל בחצי הגמר 🇮🇱,13,410091,32055,293,419,64,909
7504776182441708816,2025-05-15,Video,לקול תשואות הקהל: יובל רפאל בביצוע מדהים בחצי הגמר של האירוויזיון ❤️🤩,9,41830,4541,50,21,5,119
7504773627993279761,2025-05-15,Video,כבשה את אירופה: יובל רפאל שלנו אחרי הביצוע המרגש בחצי גמר האירוויזיון ❤️🤩 (עמית הררי),38,38146,2509,85,50,22,51
7504752367393443088,2025-05-15,Video,"""אני גאה בך וכולם גאים בך"": קרן פלס, שכתבה את השיר הישראלי לאירוויזיון, בירכה את יובל רגע לפני חצי הגמר ❤️  השידור החי מבזל - עכשיו בכאן 11  (דורית מזרחי)",16,12462,502,14,5,1,12
7504746953306164496,2025-05-15,Video,ב-ה-צ-ל-ח-ה 🤩 המשלחת הישראלית רגע לפני העלייה לבמה  (עמית הררי),6,43718,1084,6,4,0,20
7504744208025111825,2025-05-15,Video,"רגע לפני שיובל רפאל תעלה על הבמה הגדולה באירופה, ההתרגשות מחוץ לאולם בבזל בשיאה 🤩 חצי הגמר של האירוויזיון - 22:00 בכאן 11 @amitharari",25,28620,2458,81,28,7,53
7504739381740162305,2025-05-15,Video,"בורחים מהמדורות: טיל ששוגר מתימן יורט, התרעות הופעלו ברחבי הארץ (ורד פלמן)",12,238131,5300,859,204,45,705
7504709869258280200,2025-05-15,Video,"""תרד מהבמה!"": יוסי דגן, ראש מועצה אזורית שומרון, הגיע לנאום בהלווייתה של צאלה גז ז""ל – וגורש",17,27290,1448,59,33,15,59
7504690290150690056,2025-05-15,Video,גוד הייר דיי: כשטראמפ הגיע לאבו דאבי - והתקבל בריקוד א-נעשאת המסורתי🇦🇪,12,1948869,42229,7433,7374,2716,4361
7504675251721194760,2025-05-15,Video,ההתרגשות בשיאה🤩,7,45035,1854,25,16,3,60
7504648329133903112,2025-05-15,Video,הפשיטה על גן החיות ברשות הפלסטינית,310,214240,8576,181,380,109,424
7504648567479356688,2025-05-15,Video,"""תיק סגור-פתוח"": נהג דרס למ!!ת רוכב אופנוע. אלא שתיק החקירה נגד הנהג, שאחיו הוא היום חבר בממשלת ישראל, נסגר התחקיר של @ifatglick1",533,235538,6346,579,623,235,588
7504627138121764114,2025-05-15,Video,"הסרטון שפרסמה צאלה גז שהייתה מטפלת בטראומה, ונר3חה היום בפיגוע",22,181395,7525,399,182,95,222
7504291159133539601,2025-05-14,Video,"""אמא מתי אבא ימות?"": המצוקה שקורעת את המילואימניקים ומשפחותיהם #מילואים #צהל",38,39012,1338,20,15,2,21
7504210162048109825,2025-05-14,Video,מזעזע: הנוכלים שמזייפים קולות ב-AI וגונבים מאות אלפי שקלים מקשישים,412,56724,1025,67,619,277,127
7504257808100101392,2025-05-14,Video,קבוצת גברים רוקדת עם חרבות בלבוש קטרי מסורתי - לצד גמלים🐪 #קטר #חרבות #ריקוד,51,13824,248,19,8,2,11
7504202561205947665,2025-05-14,Video,"""המשטרה שמרה עליו - וטייחה תלונות של ילדים"" #משיזהב ##כאן11 #ילדים",476,280524,6321,340,401,185,638
7504048339436965127,2025-05-14,Video,״חשבתי שיא@סו אותי״: 10 שנים אחרי הש!ד האל*ם בפריז - קים קרדשיאן מעידה בבית המשפט,146,131823,8901,47,189,10,400
7504195440896888082,2025-05-14,Video,"בעלי רכבים גילו מכשירי מעקב ברכב שלהם לאחר שביקרו במכון שטיפה באבו גוש. בחלק מהמקרים, כלי הרכב נגנבו מבעליהם. בעל מכון השטיפה נעצר. בחיפוש שנערך בביתו ובבית העסק נמצאו אמצעים טכנולוגיים וסכום כסף רב.  #גניבה #ריגול #רכבים ",16,408327,7722,261,2397,942,525
7504047879305088263,2025-05-14,Video,מה זה בומברדילו קרוקודילו ובלרינה קפוצ'ינה?! הטרנד שכובש את הטיקטוק,183,389440,31758,907,10763,795,2550
7504189392181890320,2025-05-14,Video,גניבה או השראה מוזיקלית? השירים באירוויזיון שגרמו לעולם להרים גבה @akiva.novick #אירוויזיון #יובלרפאל #עקיבאנוביק,94,60712,2483,73,94,41,131
7504047456963906834,2025-05-14,Video,"נדב גדג׳ פרץ לחיינו כגולדן בוי באירוויזיון, אבל מאז הוא עבר שנים לא פשוטות - בהן הוא התמודד עם דיכאון קשה ואשפוזים",620,199445,5028,94,263,113,365
7504041655373270279,2025-05-13,Video,"התצפיתניות שורדות השבי דניאלה גלבוע, נעמה לוי וקרינה ארייב ״נפרדות״ ממוחמד סינוואר, שלפי הערכות חוסל היום",13,248600,5665,127,591,73,453
7503877386509765905,2025-05-13,Video,"עידן אלכסנדר לרה""מ נתניהו: ""זה שיגעון, לא יאומן. לאט לאט נחזור למה שהיינו לפני"" 📸: דוברות רה""מ #כאןחדשות #7באוקטובר #חיילים #לוחמים #נתניהו",89,100277,5044,262,160,44,169
7503839850550889745,2025-05-13,Video,"""אני רוצה לחבק אותו ולהגיד לו - עידן אתה מוגן"": יעל, אמו של עידן אלכסנדר, בדצמבר האחרון - ואתמול, כשהתאחדה איתו אחרי יותר משנה וחצי בשב* 🥹 @nofar_moshe_ferdo 📸: דובר צה""ל #כאןחדשות #7באוקטובר#חיילים #לוחמים",29,11920,537,11,4,0,14
7503644401269312769,2025-05-12,Video,בחיבוקים ודמעות של שמחה: עידן אלכסנדר מתאחד עם משפחתו,41,58229,5350,102,104,31,119
7503606446869859602,2025-05-12,Video,"נתניהו בירך על חזרת עידן אלכסנדר: ""מחבקים אותו ואת משפחתו. זה הושג בזכות הלחץ הצבאי""",32,80435,3527,521,147,64,97
7503565220749544711,2025-05-12,Video,אימו של עידן אלכסנדר התאחדה עם המשפחה בארץ לקראת שחרורו ❤️ #עידןאלכסנדר,26,160460,8785,57,79,19,189
7503564810097806593,2025-05-12,Video,"טראמפ: ""שמח להודיע שעידן אלכסנדר יחזור היום להוריו""",53,53617,1673,104,17,8,62
7503530915159690497,2025-05-12,Video,הגוז'גיז'ה והביצ'ק כבר מוכנים: סבתא ורדה מבשלת כבר שנה וחצי את האוכל שעידן הכי אוהב. היום הוא יזכה לטעום מהתבשילים ❤️ מתוך כתבה של @nofar_moshe_ferdo ששודרה בפברואר 2025,24,82930,4331,75,314,152,100
7503528329492974864,2025-05-12,Video,"""לא ננוח עד שנחזיר את כולם"": אימו של עידן אלכסנדר והשליח האמריקני אדם בוהלר בטיסה לישראל צילום: דותן סטניצקי",54,19568,542,5,6,5,13
7503521875021155585,2025-05-12,Video,מבנה קרס באתר בנייה ברמת גן - מאמצים לחילוץ פועל שנלכד ונפצע במצב קשה (אנה פינס) | צילום: כבאות והצלה לישראל,30,177475,1730,76,606,296,100
7503510908006681864,2025-05-12,Video,"""לא רוצה לחכות רגל על רגל עד שטראמפ ייכנס לתפקיד"": יעל, אמו של עידן אלכסנדר, סיפרה בדצמבר האחרון על ההבטחה שקיבלה מנתניהו. כמעט חצי שנה אחרי, הבן שלה סוף סוף חוזר הביתה  @nofar_moshe_ferdo",35,128504,4972,47,26,4,89
7503501597381561608,2025-05-12,Video,"ורדה, סבתא של עידן אלכסנדר, לא הפסיקה להאמין כמעט 600 ימים: ""המוטו שהוביל אותי הוא 'ישועת ה' כהרף עין""  מתוך כתבה של נטלי מתוקו, ששודרה בפברואר האחרון",34,74395,4005,111,174,95,115
7503309513001356551,2025-05-12,Video,"קמים משבעה - לשבעה: שורדת השואה מגדה  ברץ נחתה בגרמניה כדי לציין את יום הזיכרון לשואה - וגילתה שהנין שלה, אסף כפרי, נפל בעזה. שבועיים אחריו, היא הלכה לעולמה בסוף השבוע  @hadasgrinberg",214,35335,2224,62,22,4,76
7503290482383015175,2025-05-11,Video,"אביו של החטוף החייל נמרוד כהן: ""אנחנו ישראלים פטריוטים, אנחנו לא מחפשים אזרחות זרה. נמרוד הופקר כי אין לו אזרחות זרה""  @nofar_moshe_ferdo",22,91184,4507,244,27,6,64
7503278845559098631,2025-05-11,Video,"עינב צנגאוקר, אמו של החט!ף מתן צנגאוקר, חושפת מתן ועידן מוחזקים יחד, ללא חטופים נוספים. מתן נשאר לבד במנהרה (גילי כהן)",16,356079,14112,1486,336,97,360
7503192719485963538,2025-05-11,Video,אי!ם מול העיניים של יובל רפאל בפתיחת האירוויזיון #כאןחדשות #ישראל #יהודים #שוויץ #אירוויזיון,6,304207,10702,511,181,33,378
7502866578984226056,2025-05-10,Video,כשהלב נקרע לשניים💔 איתמר מספר על הרגע שבו התבשר על נפילתו של חברו עידו וולוך,49,104460,13372,269,212,36,475
7502839131626573064,2025-05-10,Video,הדיסנילנד שייפתח באבו דאבי #דיסנילנד #דיסני ##כאן11,141,16249,542,14,30,8,40
7502828209201777928,2025-05-10,Video,בזמן שרבים מתושבי הצפון מתקשים לחזור - 95% מתושבי שלומי חזרו הביתה #צפון#כאן11,300,28744,497,7,18,11,18
7502530877960785169,2025-05-10,Video,"אמו של החטוף תמיר נמרודי: ""הוא היה מבועת והעיניים שלו הסתכלו לכל מקום - אני כל הזמן שואלת את עצמי מה העיניים האלה ראו?"" #כאןחדשות #חיילים #צהל #7באוקטובר",24,73035,3028,42,46,18,99
7502515845302619408,2025-05-10,Video,"אורי מגידיש: ""זה נהיה כמו חמ""ל של המחבל*ם. הסתכלתי על הדר ז""ל וחשבתי על ההורים ובן הזוג שלה - שהיא כבר לא תחזור אליהם"" @nofar_moshe_ferdo #כאןחדשות #7באוקטובר",27,284593,10668,156,99,25,420
7502399859056577800,2025-05-09,Video,״שני החללים האחרונים ברשימה השנה״: משפחת וולך עמדה בצפירת יום הזיכרון בשבעה על עידו ז״ל (אורי לוי),41,136000,12630,361,59,13,322
7502399379865668872,2025-05-09,Video,אורלי יוצרת מאפס בתים לאלפי נפגעים מ-7 באוקטובר  הכתבה המלאה של שירלי ברקוביץ׳ - הערב בחדשות שישי,50,7141,109,1,0,0,4
7501986052534537480,2025-05-09,Video,"ענת, אימו של החייל החטוף מתן אנגרסט: ""בגלל שהם חיילים הם הכי סובלים שם מעינויים – ודווקא אותם משאירים מאחור""",25,49064,3637,64,28,0,99
7501984523240918279,2025-05-09,Video,"ורדה בן ברוך, סבתו של החייל החטוף עידן אלכסנדר: ""כל אחד צריך לחשוב איך הוא ייזכר בדפי ההיסטוריה""",26,13621,927,19,21,1,33
7502165728057888007,2025-05-08,Video,האחיות השכולות שהפכו לטנקיסטיות - וממשיכות את דרכם של האחים שנפלו בעזה #טנקיסטיות #שריון #כאן11,50,134353,14247,85,141,43,352
7502131600809807122,2025-05-08,Video,יש עשן לבן! הקרדינלים הגיעו להסכמה על זהות האפיפיור וסימנו את האות המסורתי,27,85746,1919,73,58,21,91
7501808465019538689,2025-05-08,Video,בממשלה הציעו לבטל את האפשרות של נכדים ליהודים לעלות לארץ - כך הם הסבירו את זה #כאןחדשות #ישראל #יהודים @yaara.shapira,154,29641,559,147,41,9,50
7501806583647620368,2025-05-07,Video,"תמיכה מכיוון יוצא דופן: צאצאי נאצ*ם רקדו לצלילי ""אלוקים גדול"" - והדליקו נרות לכבוד נספי השואה #כאןחדשות #גרמניה #ברלין #ישראל",61,337562,30160,496,1822,262,1267
7501730299416497424,2025-05-07,Video,הסכסוך שכל העולם מפחד ממנו התחיל?,427,355840,13541,332,1190,424,1062
7501694823569706248,2025-05-07,Video,חמאס ישתלט על הרשות? מאחורי מינוי הסגן של אבו מאזן #שוברחומות (אליאור לוי),304,92233,1017,21,60,24,83
7501644816439135495,2025-05-07,Video,"עימות חריף בין ראש עיריית רהט טלאל אל-קרינאווי לשר בן גביר: ""אתה בא לפה לחפש תמונות ומנדטים, יכלו למות כאן הרבה אנשים היום בגללך"" @itsikzuarets",32,392825,4610,325,634,238,415
7501423991991651585,2025-05-07,Video,"""גם היום אני חולה במחלת הקזזת"": למרות ההסכם עם האוצר - מורים שובתים @liran_kogahinoff",179,147131,5925,214,384,93,194
7501421956982492432,2025-05-07,Video,"בגלל חקירה רשלנית ולמרות התיעוד החריג: שב""חים שנעצרו בפשיטה - שוחררו בזמן המלחמה (שלי טפיירו)",241,81449,1065,8,122,36,116
7501406872629415185,2025-05-07,Video,"חזרו לבית בצפון - וגילו שהוא הפך לגן חיות: שפני סלע, חזירים ושועלים חגגו על הבתים המפונים @rubihammerschlag",273,133461,2040,32,130,48,120
7501409832524614929,2025-05-06,Video,"""הרופא"" הנאצ* שכונה ""מלאך המ!!ת מאושוויץ"" חי בוילה בארגנטינה - ואפילו ניסה לחזור לגרמניה: פרטים חדשים על החיים של מנגלה (יואב זהבי)",191,344264,14032,77,548,143,1555
7501415990136229136,2025-05-06,Video,יובל רפאל בריאיון ראשון מבזל: איך היה להופיע על הבמה הגדולה באירופה - ואילו הפתעות היא מתכננת? 🤔 @mayarachlin,60,21387,1859,27,25,9,77
7501368572434779409,2025-05-06,Video,"טראמפ הכריז: ""החות'ים לא רוצים יותר להילחם, נפסיק עם התקיפות בתימן"" (ישי בר יוסף)",18,235556,10257,179,927,337,408
7501362335085268225,2025-05-06,Video,"⚠️ טריגר - פגיעה מינית ⚠️ שורדת השבי דפנה אליקים שיתפה באומץ: ""היה מחבל שכל הזמן היה נוגע בי, הוא היה אומר שהוא בא איתי להתקלח""  @nofar_moshe_ferdo",25,124317,7480,76,163,19,301
7501358830006160656,2025-05-06,Video,6 נגד 100: לראשונה לעיני המצלמות - כיתת הכוננות של רעים משחזרת את קרב הגבורה על הקיבוץ ב-7 באוקטובר הכתבה המלאה של אורן אהרוני - הערב במהדורת כאן חדשות,54,374825,14162,64,208,52,630
7501327260708916497,2025-05-06,Video,"ריהאנה וההיריון, האכזבה מהלוקים - והחליפות שהכוכבים לבשו כדי להימנע מטענות על ניכוס תרבותי: כל מה שקרה במט גאלה (תמר אלמוג) 📸: AP",48,34245,1189,6,11,4,32
7501244905784626448,2025-05-06,Video,"התוכנית של טראמפ לפתוח מחדש את ""הכלא שאיש לא הצליח להימלט ממנו בחיים"" #כאן11חדשות #אלקטרז #כלא #טראמפ #ארצותהברית",159,390823,11296,74,500,127,711
7501242040546561281,2025-05-06,Video,"""'שמעה שאנחנו מישראל - והתחילה לצעוק 'ר3ח עם"" #כאן11חדשות #איטליה #ישראלים #ישראל",172,128952,3749,342,313,121,291
7501026103637642504,2025-05-05,Video,"בלי מבצעים, בלי מותגים: איך לנצח בקלות את יוקר המחיה? המנגנון של גל קולוג @Shaul Amsterdamski ",76,48718,3881,65,149,42,116
7500940317927984402,2025-05-05,Video,סמוטריץ׳: ״שטח שכבשנו ברצועת עזה - אנחנו לא יוצאים ממנו. גם לא עבור עסקה לשחרור חטופים״ (איתי בלומנטל)  📸: כנס ירושלים של ״בשבע״,31,125598,2442,288,151,58,104
7500860594879319314,2025-05-05,Video,"עימות בין שמחה רוטמן לעינב צנגאוקר, אמו של החטוף מתן צנגאוקר: ""אתה לא תדביק לי סרבנות! מתן שירת בצה""ל ונטלי חיילת בצה""ל""  📸: באדיבות ערוץ הכנסת",68,204379,4420,1120,161,60,209
7500688595997461777,2025-05-05,Video,עיר פרטית: הנכס החדש של אילון מאסק #כאן11חדשות #אילוןמאסק,111,134656,3390,25,260,60,180
7500677833350515984,2025-05-05,Video,ובינתיים בברלין 🍉,223,176127,6489,53,133,40,295
7500573501636594961,2025-05-04,Video,"ברד ירד בדרום ישראל: גשמים בדרום, כבישים בערבה נסגרו לתנועה  @itsikzuarets",29,183589,4336,95,869,321,154
7500531251049270545,2025-05-04,Video,"עם חיוך רחב: סוכן הדוגמניות שי אביטל - שברח לחו""ל אחרי שהוגשו נגדו עשרות תלונות על הטרד!ת מ*ניות - לא ישב בכלא ולא יורשע בעבירות מ*ן (אנה פינס)",23,98896,1435,128,128,26,75
7500485823524031760,2025-05-04,Video,"""וואו, איזה בום!"": תיעוד רגע הנפילה בנתב""ג (אורלי אלקלעי) 📸: לפי סעיף 27 א'",26,1413256,59950,1001,11404,3115,4553
7500475843383217424,2025-05-04,Video,"התרעות הופעלו בעקבות שיגור מתימן, דיווחים על נפילה ליד נתב""ג (איתי בלומנטל) @haimgoldich @itsikzuarets",22,487592,10382,772,2451,1108,618
7500239135488183569,2025-05-03,Video,עדה בין שתי מדינות: למה ישראל צריכה לעזור לדרוזים בסוריה?,88,263845,7516,286,287,116,542
7499848771807874311,2025-05-02,Video,"אילנית, אמו של ניב דייג ז""ל שנפל הבוקר, נפרדה ממנו: ""תינוק שלי, איך זה יכול להיות שלא הספקת להגיע אפילו לגיל 20?"" 💔",33,75164,7307,289,159,56,187
7499831776089492743,2025-05-02,Video,"""בשנה האחרונה, עם ההתמודדות שלי עם המחלה, תמיד דאגת לי. אמרתי לך שאני נלחם, אבל אתה היית הלוחם האמיתי"": יגאל, אביו של ניב דייג ז""ל שנפל הבוקר, ספד לו 💔",25,78699,5085,233,101,39,116
7499772399106133255,2025-05-02,Video,עשרות אלפי דונמים שרופים: ממדי הנזק מהשריפות בהרי ירושלים מתחילים להתברר 💔,101,17447,249,8,5,2,8
7499764060825685256,2025-05-02,Video,"לראשונה בקריירה - יורם גאון מגיע להופעת סולו בקיסריה: ""אתה צריך להילחם כל ערב וערב על המקום שלך על הבמה""  הכתבה המלאה - הערב בחדשות שישי  (מואב ורדי)",98,57334,1862,19,51,19,55
7499559768143564050,2025-05-02,Video,"מיאה בחרה להתגייס כדי לתת בחזרה לצבא שחילץ את בני משפחתה, לואיס הר ופרננדו מרמן #מיאהליימברג #צהל ##כאן11",549,264292,21975,116,554,126,552
7499554840444521736,2025-05-01,Video,"מרואן ג'אבר בן ה-16, פעיל הסברה וכוכב רשת דרוזי, משתף בתחושות הקשות בעקבות התקיפות נגד הדרוזים בסוריה - וקורא לישראל להתערב 💔 @Marwan Jaber מרואן גאבר ",31,379054,16450,1226,650,141,558
7499552752746482951,2025-05-01,Video,סרט הבורקס המיתולוגי - בגירסה חדשה לטיקטוק #חגיגהבסנוקר,592,29909,854,5,32,15,63
7499505788214365458,2025-05-01,Video,כשסושרד עשה קטע לאנה #אנהפינס,56,12119,312,7,9,0,12
7499456239257144583,2025-05-01,Video,תושב אום טובא נעצר בחשד להצתה באזור ירושלים #שריפה #אש,30,2520277,43210,2045,6191,1639,3364
7499426536685079816,2025-05-01,Video,"נתניהו: מחזיקים ב-18 חשודים בהצתת השריפות בהרי ירושלים, אחד נתפס בשעת מעשה. צפו בתיעוד הנזקים מהשריפות",21,235090,11313,677,560,216,475
7499195390080584967,2025-04-30,Video,הדגלנים בטקס הדלקת המשואות יצרו את ידה של שורדת השבי אמילי דמארי ❤🤟,25,660614,55580,148,917,149,1362
7499192592584772871,2025-04-30,Video,"""לכבוד עם ישראל, הספורט הישראלי - ולכבוד עומר, החייל הגיבור שלי"": אורן סמדג'ה הקדיש את המשואה לבנו שנפל בעזה 💔",28,151112,13269,85,75,10,205
7499181831145753864,2025-04-30,Video,"""מי שחושב שיש לו צרות בחיים, שיגיע לחלקה מספר 10 בבית העלמין בחולון"": רפאל ארווס, אביו של סמ""ר שי ארווס ז""ל, הדליק משואה לכבוד הנופלים והמשפחות השכולות 💔",45,384041,40112,889,669,173,962
7499176308975406343,2025-04-30,Video,"""לכבוד כל כלבי הנחייה והשירות"": האלופה הפראלימפית גל חמרני הקדישה את המשואה לדילן, כלב הנחייה שלה ❤",12,60963,4827,103,117,25,107
7499170831679966472,2025-04-30,Video,"לכבוד החטופים, החללים והקדוש ברוך הוא: שורדת השבי אמילי דמארי השיאה משואה ❤️",87,183048,21083,245,280,73,478
7499137606806949127,2025-04-30,Video,"נציב כבאות והצלה: ""מטוסי הכיבוי לא יכולים לעבוד בגלל תנאי מזג האוויר, בין האירועים הקשים ביותר שאני זוכר""  (חיים גולדיטש)",14,350132,7308,102,277,98,229
7498777576555498770,2025-04-30,Video,"כשלאדוה, אמא של התצפיתנית נועם אברמוביץ' ז""ל, קשה במיוחד - היא כותבת כאילו נועם מדברת איתה ומספרת לה על החיים שם למעלה @r_m_aharoni",53,20215,1262,9,10,1,28
7499085326598573319,2025-04-30,Video,מראות מסוף העולם?,24,224355,5702,69,999,370,298
7499057384241810705,2025-04-30,Video,"""בסתר ליבי רציתי שהוא ייכשל, אבל מצד שני הייתי האבא הכי גאה בעולם"" 💔 יהי זכרו ברוך🕯️",854,155915,7164,160,309,168,494
7499062652635860232,2025-04-30,Video,"השריפה בהרי ירושלים: מכוניות עולות באש בכביש 1, נוסעים נמלטו ברגל #כאן11חדשות #שריפה",10,695450,18900,2807,2398,909,1909
7498759459796208903,2025-04-30,Video,סתיו הייתה רק בת 3 כשאביה איציק בוזגלו נר@ח בפיגוע במועדון הסטייג'. בעוד חודשיים היא תתחתן - ותפריח בלון לשמיים לזכרו 💔 @r79663,22,16114,852,9,6,2,30
7498772637557034248,2025-04-30,Video,"יורם הלוי, מפקד הימ""מ לשעבר, שכל את בנו ייטב לב, לוחם בימ""מ גם כן, בפעילות מבצעית בטולכרם: ""את חדר הזיכרון הזה אני הקמתי, לא דמיינתי שאסתכל פה על התמונה שלו"" (אלון שרביט)",38,86027,4975,88,125,65,176
7498663405981666578,2025-04-29,Video,"""נזכרת איך לקחנו אותו לפה"": אמו של אופיר ציוני ז""ל מתנדבת בבסיס הטירונים של גולני לזכרו 💔 (דני דגן ודורון כהן)",70,74531,5447,109,74,17,98
7498808799919148304,2025-04-29,Video,החיבוק של יהודי איטליה להורים השכולים,813,9340,312,5,19,0,5
7498756141002870024,2025-04-29,Video,"""אל תדבר על הבן שלי"": זעקת האב השכול בזמן נאומו של אוחנה",78,183395,12977,373,436,154,625
7498736960685542674,2025-04-29,Video,"הוריה של התצפיתנית הדר מרים כהן ז""ל, שנפלה בקרב במוצב נחל עוז, נפגשו לראשונה עם שורדת השבי אורי מגידיש - שסיפרה להם שראתה את ג!פתה של הדר במיגונית: ""הייתה לי אשליה שאולי היא תחזור"" הכתבה המלאה - הערב במהדורת כאן חדשות @nofar_moshe_ferdo",18,72409,5572,32,26,6,133
7498661216357813511,2025-04-29,Video,"""ללכת מקבר לקבר זה הזוי"": 35 שנים אחרי שחנה איבדה את בנה דורון, לוחם בסיירת מטכ""ל - השכול הכה שוב בביתה ב-7 באוקטובר 2023, כשבנה מאיר ובת זוגו ליז נרצחו בביתם בחולית 💔 (אלון שרביט ורחלי רז סלע)",60,115952,12887,267,150,56,260
7498710045970992400,2025-04-29,Video,ביטול שטר ה-200 ירסק את חמאס? הרעיון של סער - וכל מה שהוא שכח בדרך @lielkyzer #המספר_היומי #כסף #כאן11,148,168738,6029,183,163,61,222
7498689296782724359,2025-04-29,Video,"כמה חטופים חיים יש בעזה? ראש הממשלה נתניהו: ""עד 24 חיים"", רעייתו שרה העירה: ""פחות"" (גילי כהן)",10,1095833,42982,1191,3318,931,1744
7498659350228094216,2025-04-29,Video,"""כל החיים צחקנו עליו שהוא ישן כמו מת - ופתאום הוא באמת היה מת"": אמו של איתי סעדון ז""ל, שנפל בעזה, מתמודדת עם האובדן בפודקאסט שהיא מקליטה עם הורים שכולים נוספים - ""מתים עליהם"" @r_m_aharoni",36,64529,4188,27,30,7,100
7498460231064620306,2025-04-29,Video,מילואימניקים חזרו למקום בו נפלו חבריהם - עם משפחות החללים @rubihammerschlag  #כאן11חדשות,289,32625,1730,5,31,3,43
7498454060081728775,2025-04-29,Video,יומן האבל המצולם - הפך לסרט: נוגה תיעדה את חייה אחרי שאיבדה את בעלה במלחמה #כאן11חדשות,715,200021,14097,109,256,79,593
7498440097923173640,2025-04-28,Video,"רונן בר הודיע על פרישה: ""ב-15 ביוני אסיים את תפקידי""",87,113825,2939,851,172,87,135
7498077148301757714,2025-04-28,Video,חגיגות עצמאות בשפע יששכר: הצצה לפרק המיוחד של קופה ראשית 🤫🇮🇱 (עופר חלפון),393,52532,2087,17,79,24,113
7498076536738762002,2025-04-27,Video,"דגל פלסטין? מותר, סמל החטופים? לא בטוח: החוקים המכעיסים של האירוויזיון  @amitharari",224,145529,6759,69,92,6,249
7498060803476638994,2025-04-27,Video,"ארבע שנים בדיוק אחרי שהצ*ת את עצמו - איציק סעידיאן חזק מתמיד: ""כנראה שזו השליחות שלי, למדתי להעריך""  (אלון שרביט)",74,229722,15743,209,434,112,546
7498009713414720786,2025-04-27,Video,"ליהי, בת הזוג של אסף כפרי ז""ל, נפרדה ממנו בדמעות: ""את כל השאר אגיד לך כשנהיה רק שנינו, אתה תשכב פה ואני אשים עליך את הראש - בדיוק כמו שאנחנו אוהבים""",28,81117,9119,133,84,20,181
7497886984866745617,2025-04-27,Video,הצצה למאחורי הקלעים של צילומי הקליפ ולההתמודדות המורכבת בחיים שאחרי השבי #עומרשםטוב #עברילידר #מיהרגב,687,83999,4985,5,61,13,229
7497883796063128849,2025-04-27,Video,התושבים בעומר חיים באימה בצל הירי מהיישוב הבדואי הסמוך - כך הגיב השר #בןגביר #נגב #כאן11,128,382051,10584,292,1287,407,673
7497671641963515154,2025-04-26,Video,עכשיו מותר דגל פלסטין: מדיניות הדגלים החדשה באירוויזיון @Amit Harari ,72,15809,437,4,7,3,26
7497602630177393937,2025-04-26,Video,פטריית עשן ענקית ויותר מ-500 פצ!@ים בפיצ!ץ אדיר בנמל באיראן,6,197898,3526,44,146,53,127
7496911783270141192,2025-04-26,Video,10 מיליון שקל לפנטהאוז: בת גלים מתעוררת @amsterdamski_2 #מקורב_לצלחת,41,489030,14241,55,911,317,578
7496899732262948103,2025-04-26,Video,"""טל נלחם כדי שאנחנו נוכל לחזור""🎗️💔 (מאי לורנס ביסמוט)",103,18368,768,3,7,3,20
7496895630942424327,2025-04-25,Video,שורד השואה שנלחם על קיבוץ נירים משחזר את הקרב ההיסטורי (איתמר מאירי),52,29696,786,5,10,2,53
7497323292303314194,2025-04-25,Video,"שורדת השבי נועה ארגמני נבחרה לאחת מ-100 האנשים המשפיעים של מגזין טיים: ""אני לא יכולה לשמוח, מרגישה שנכשלתי  במשימה שלי""  (ישי בר-יוסף)",25,309717,23006,220,91,16,327
7497297913601608976,2025-04-25,Video,הטרגדיה של משפחת כפרי: חגי נחת בגרמניה עם סבתו ניצולת השואה - והתבשר שבנו אסף נהרג 💔 @itsikzuarets,58,552165,37845,619,549,136,1029
7496869787889405201,2025-04-25,Video,שף דון טרן הגיע לארץ כפליט ממלחמת ויאטנם ביוזמה הומניטרית של בגין. מאז הוא הפך ממלצר אצל אהרוני - לשף שמנצח על מסעדה יוקרתית בתל אביב  הכתבה המלאה - הערב בחדשות שישי  (יובל אגסי),48,126719,5654,24,141,29,284
7496921833665613057,2025-04-25,Video,"הוריו של אופיר ציוני ז""ל, שנפל בקרב בחוף זיקים, פגשו את דביר בובליל - החובש שנפצע קשה כשניסה לטפל בו 💔 (דני דגן) הכתבה המלאה - הערב בחדשות שישי",45,177666,11208,210,222,65,333
7496904265898790152,2025-04-25,Video,"גל זהבי: ""ניתוח לקיצור קיבה? אני לא מוכן שתרד לי התשוקה לאוכל"" @yoavborowitz",67,133233,6725,44,70,7,164
7496900036727508241,2025-04-25,Video,"ג'ני סבידיה שרדה את הטבח בנובה, בו נרצח אחיה, ומאז מטפלת בשורדים. ביום העצמאות הקרוב היא תדליק משואה: ""לכבוד המשפחות השכולות"" הכתבה המלאה - הערב בחדשות שישי (אמיר גרא)",57,18935,908,7,3,2,33
7496925878597782791,2025-04-24,Video,"לישי לביא מירן: ""עמרילי, אני מבטיחה לך, אתה עוד תשמע את המילה אבא"" 📷📷",111,14812,667,10,7,2,23
7496878749934259463,2025-04-24,Video,מצמרר: אגם ברגר ביצעה את המנגינה מרשימת שינדלר בטקס מצעד החיים 🎻 🎗️,51,76060,8051,81,149,41,243
7496837953906281744,2025-04-24,Video,"בסוריה, עזה וטולכרם: לוחמי ולוחמות צה""ל מתייחדים עם זיכרון קורבנות השואה 💔 @itsikzuarets 📸: דובר צה""ל",23,94868,7179,117,114,39,188
7496806646937685265,2025-04-24,Video,"חיים שרד את השואה וגם את הט@ח ב-7 באוקטובר. לפני כחודש הוא חגג יום הולדת 100, ומסרב להפסיק להיות אופטימי  @nofar_moshe_ferdo",28,149836,13108,86,189,21,481
7496816657420045585,2025-04-24,Video,"שורד השבי אלי שרעבי, שאיבד את אשתו ובנותיו בטבח 7 באוקטובר, מחוץ לתאי הגזים באושוויץ: ""זה ניצחון הרוח של העם היהודי"" (דב גיל-הר)",9,48134,2742,59,31,9,172
7496804146926898449,2025-04-24,Video,"שורדי שבי, משפחות חטופים והורים שכולים - שרים את התקווה בתאי הגזים באושוויץ ❤️ (דב גיל-הר)",24,45275,5039,38,64,16,145
7496797417497464081,2025-04-24,Video,"שורדת השואה צילי ונקרט, סבתו של שורד השבי עומר ונקרט, השתתפה במסע החיים בפולין: ""הוא רק עצמות, אבל איפה שיש עצמות - יהיה גם בשר""  (דב גיל-הר)",15,26128,1769,6,10,3,32
7496617967984053512,2025-04-24,Video,זוועות השוXה כפי שהן לא נשמעו אף פעם - מפי הנXצ*ם #כאן11חדשות,751,270881,18223,88,505,126,2403
7496781999886175506,2025-04-24,Video,"צפירת יום השואה, ישראל 2025",132,208992,9736,55,144,26,538
7496582116910615815,2025-04-24,Video,שורדי השואה שנותרו בארץ - מתקשים לשרוד @nofar_moshe_ferdo  #כאן11חדשות,216,14435,772,5,4,2,30
7496742267374406919,2025-04-24,Video,"גדי פרטוק, ניצול שואה שהשתתף בטקס הזיכרון ביד ושם, התעקש להגיד תפילה לשחרור החטופים לפני שהדליק את המשואה ❤️  @Yaara Shapira ",22,63187,6926,30,39,8,195
7496592315532823826,2025-04-23,Video,שורדי שואה ושורדי שבי צעדו יחד - במצעד החיים #כאן11חדשות,194,37669,3685,9,16,3,91
7496496702346497281,2025-04-23,Video,"שורדי השבי קלרה מרמן ולואיס הר נפגשו עם שורדי שואה: ""מדינת ישראל הוקמה כדי שזה לא יקרה שוב - וזה קרה"" (אנה פינס)",26,23237,1732,1,11,2,38
7496532414429170962,2025-04-23,Video,מה הסיפור מאחורי הקללה של אבו מאזן? @Anastasia Stukanov ,91,39162,565,36,34,11,50
7496497177955519760,2025-04-23,Video,"""תרגיע את הסוסים"": בעלי החיים נמלטים מהשריפות שמתפשטות (📷: תיעוד מבצעי כב""ה ירושלים) #כאןחדשות #סוסים #שריפה",8,674081,20736,774,1372,401,1044
7496485972624870672,2025-04-23,Video,בתוך תא הגזים בא!שוויץ: סבו וסבתו שורדי הש!אה של החטוף בר קופרשטיין קוראים לשחרורו #כאןחדשות #7באוקטובר #חטופים,54,50787,4339,125,65,12,136
7496161940251741458,2025-04-22,Video,"""ישראל המציאה את השמנופוביה"": גל זהבי מספר על ההשתתפות בבואו לאכול איתי, על הרצון להקים משפחה ולמה הוא לא מוכן לעשות ניתוח לקיצור קיבה @gal_zahavi",532,24368,709,22,17,6,36
7496112227104099591,2025-04-22,Video,למה הרפורמה שיכולה לחסוך אלפי שקלים לנהגים לא עוברת?,198,115281,2803,183,245,95,324
7496113150094281992,2025-04-22,Video,גמל תועד מתהלך ברחוב בראש העין. שירות הווטרינר העירוני לא הצליח ללכוד אותו - והוא שב כנראה לכפר קאסם #כאן11 #גמל,11,18783,603,25,187,66,22
7496103623881936146,2025-04-22,Video,לקראת יום הזיכרון לשואה ולגבורה: שורדי שבי נפגשו עם שורדי שואה ❤  (אנה פינס),340,80807,8903,45,136,20,549
7496036172217568520,2025-04-22,Video,"איציק, שבתו אלה אור ז""ל נהר@ה באסון נחל צפית, הגיב לגזר הדין של מנהל המכינה והמדריך - 7 שנים בכלא  (אסף פוזיילוב)",26,176894,7631,175,66,22,153
7495779389322431752,2025-04-21,Video,הקאמבק של הדר מוכתר? #כאן11חדשות #הדרמוכתר,245,290539,14736,314,563,73,581
7495774349136284944,2025-04-21,Video,הטרנד שהעלים את הפיסטוקים  #כאןחדשות #שוקולדדובאי #ישראל #פיסטוק #קינוחים,150,258825,7924,145,567,98,412
7495729750229437713,2025-04-21,Video,ועוד יותר מס ועוד יותר מס: מי נהנה מהכסף שכולנו מעניקים לירושלים הענייה מבחירה? @lielkyzer,113,66026,3486,292,312,133,155
7495465237701774609,2025-04-20,Video,"""אין לי מילים להסביר כמה אני מתרגשת"": אמילי דמארי מגיבה לבחירה בה לטקס המשואות ביום העצמאות #כאןחדשות #7באוקטובר #חרבותברזל #ישראל #יוםהעצמאות",53,32057,1017,11,8,2,29
7495333046200077569,2025-04-20,Video,הקרבות של הקניונים על תשומת הלב שלנו @danayarkechy,338,69316,1611,38,74,27,100
7495063804976336145,2025-04-19,Video,הפיתרון לעלייה בטיקים בקרב ילדים בישראל - משחק מחשב?,300,649922,21915,248,1196,536,1394
7495062192409136400,2025-04-19,Video,"לפי דיווחים, היעד האקזוטי החדש יהיה קרוב לבית - בין הפירמידות של מצרים #הלוטוסהלבן #thewhitelotus",169,26794,672,14,63,11,43
7495039016606240017,2025-04-19,Video,50 מדינות בגיל 18: החרדי לשעבר שמטייל בכל העולם #חרדים #טיול #כאן11,378,230504,7023,195,260,54,412
7495036261816651025,2025-04-19,Video,חבר מכוכב אחר? #חייזרים #כאן11 #חלל,147,600652,23589,644,2540,583,3008
7495008016752741650,2025-04-19,Video,"לראשונה בהיסטוריה: בסין נערך מרוץ של חצי מרתון (21 ק""מ) בהשתתפות רובוטים דמויי אדם #רובוט #כאן11 #טכנולוגיה #סין ",25,61175,1660,32,109,24,49
7494278866211589384,2025-04-19,Video,חלום שהפך לסיוט: מאות קנו בתים בבת חפר - ונשארו בלי בתים ובלי כסף @hadasgrinberg,42,228702,10054,54,228,89,330
7494277584226684167,2025-04-19,Video,"אביעד, מילואימניק, נכנס עם הצוות לרפיח - והבחין לפתע בכלבה קטנה שנכנסה לו ללב. הוא התעקש לא להשאיר אותה בעזה, וכך הביא לאיחוד שלה עם משפחתה ❤️ @itsikzuarets",54,207388,19336,416,713,225,569
7494307089951509768,2025-04-19,Video,"בגלל המל@מה, הגזענ!ת והפש*עה: צעירים ערבים נוצרים יורדים מהארץ (ערן זינגר)",640,201713,10428,435,969,398,5324
7494350917794385153,2025-04-18,Video,איך מוכיחים אונס - כשאין מצלמות ואין עדים? החדר שחשוב שתכירו #אנהפינס,144,189126,13125,418,267,38,759
7494321189964320001,2025-04-18,Video,"הלוחמים והלוחמות שהשתחררו מצה""ל - והתגייסו לשיקום הצפון #צה""ל #צפון #כאן11",85,130837,10471,151,237,104,374
7494350261519961360,2025-04-18,Video,יוצאת מהצללים: המדינה שיכולה למנוע מלחמה בין ישראל לטורקיה @yoavzehavi10,409,77807,1839,45,66,31,129
7494175382506048776,2025-04-18,Video,מלתעות בישראל: איך הגיעו כרישים לנחל אלכסנדר ולבית ינאי? ומה עושים אם פוגשים כריש? (מיכל וסרמן),159,244579,6231,186,582,192,364
7494169301432143112,2025-04-17,Video,"אם עדיין לא מצאתם מה לעשות בימים שנשארו לחופש פסח - תכירו את הטרנד שמשגע את הילדים: צילום מטוסים בנתב""ג (עופר חלפון)",242,1396002,78310,3134,8342,1508,4548
7494167520493030674,2025-04-17,Video,ממש כמו בסרטים: המטיילת נאחזה בצוק בידיים וחולצה ברגע האחרון @yoavzehavi10,138,171396,4915,23,91,25,148
7494304306326146322,2025-04-17,Video,סינים בטיקטוק מבטיחים מוצרי יוקרה במחירים זולים - האם זה טוב מדי כדי להיות אמיתי?  @Amit Harari | @עידן ארץ ,184,129538,6454,198,840,236,521
7494166283341073672,2025-04-17,Video,דני אבדיה נחת בארץ ומסכם את העונה הכי מוצלחת שלו עד כה ב-NBA @yoavborowitz,236,282815,18731,74,697,70,557
7494165512117701895,2025-04-17,Video,"הפרשה שמסעירה את הוליווד: פורסם התיעוד ממצלמות הגוף בזירת המ!!ת של השחקן ג'ין הקמן, אשתו והכלבה (מיכל רשף)",157,255444,4045,148,152,58,312
7494164414728277266,2025-04-17,Video,"החלוצים החדשים: ל!חמים משוחררים, שרק סיימו את השירות בצה""ל, מתגייסים לשקם את הצפון @rubihammerschlag",303,20723,560,8,9,4,19
7494214215452921095,2025-04-17,Video,הסיפור המלא של הכלבה שריגשה מדינה שלמה: איך בילי הגיעה לעזה וחזרה הביתה אחרי שנה וחצי בזכות מילואמניק נחוש? @איציק זוארץ Itsik Zuarets ,318,302593,21132,205,680,192,894
7494172219392773383,2025-04-17,Video,"פעם שלישית - בת: ילדה שלישית נולדה לח""כ מירב מיכאלי ולליאור שליין  @yaara.shapira",128,45746,976,125,10,3,40
7494162324484328711,2025-04-17,Video,"איך קורה שפ33ה של חיל האוויר, ששוקלת 300 ק""ג, נופלת בקיבוץ ניר יצחק?  @itayblumental1",176,110784,3381,84,288,81,208
7494001371889290513,2025-04-16,Video,"אחיו של החט!ף רום ברסלבסקי: ""הוא הציל כל כך הרבה אנשים, הוא גיבור של כולם""",82,16059,1012,31,19,5,33
7493978538014510337,2025-04-16,Video,אימו של החט!ף רום ברסלבסקי בריאיון ראשון לאחר פרסום הסרטון שלו מהשבי,83,164100,11957,373,129,33,250
7493860424157334785,2025-04-16,Video,"מייקל לואיס ועוד רבים השקיעו מיליונים בבית בהרחבה של בת חפר. הכסף הועבר, הבתים נבנו - אבל הם לא יכולים לגור בהם  @hadasgrinberg",796,352241,11549,211,2028,820,773
7493933098057485584,2025-04-16,Video,"גלית, אמו של החטוף שגב כלפון, שוברת שתיקה אחרי שנה וחצי ❤️‍🩹 (רחלי רזי סלע) #כאן11חדשות",68,108351,9957,126,127,26,226
7493840477616180487,2025-04-16,Video,"מצעדי גאווה ואימוץ של זוגות חד מיניים - מחוץ לחוק: החוקים האנטי להט""בים שעברו בהונגריה  (מיכל רשף)",129,35165,1169,319,60,15,44
7493840299744070920,2025-04-16,Video,קפה של בוקר ממכונה ב-30 אלף שקל: האנשים שלקחו את האהבה לקפה צעד קדימה @ittaishick,279,275682,7464,182,1361,529,563
7493876885688962320,2025-04-16,Video,מתי כבר יפעלו כל הקווים של הרכבת הקלה - ואיך זה נראה מתחת לאדמה? #אנהפינס,96,22602,752,10,2,0,35
7493837539456077063,2025-04-16,Video,"המלחמה של סין בטראמפ מגיעה לטיקטוק: סינים חושפים את הסודות מאחורי תעשיית האופנה - וקוראים לגולשים לקנות ישירות מהם, ולא מהמותגים  (יואב זהבי)",137,526554,19256,135,3325,987,3525
7493845955582725383,2025-04-16,Video,"בבכי ובכשכושים: אחרי שנה וחצי בעזה, הכלבה בילי חזרה הביתה ❤️ רחל פרצה בבכי והודתה ללוחם המילואים שהציל את בילי הקטנה מרפיח: ""אתה כמו בן שלי עכשיו"" @itsikzuarets",28,242080,27713,500,1848,432,866
7493837396891520274,2025-04-16,Video,סמדי בומבה חוזרת למסך בספיישל של בואו לאכול איתי וחושפת שהבן שלה שרד את הט@ח בכפר עזה @yoavborowitz,380,45628,771,11,36,13,33
7493633907120770311,2025-04-15,Video,איזה קפה אתם שותים? @Ittai Shickman ,89,25375,686,13,53,18,45
7493537058200309009,2025-04-15,Video,"סופת חול עוצמתית הכתה בעיראק: יותר מ-3,700 בני אדם פונו לבתי חולים בשל קשיי נשימה בעקבות שאיפת חול",26,162977,4583,349,338,93,261
7493524172816141584,2025-04-15,Video,הצעירים שבונים את העוטף מחדש - ואפילו חושבים להקים שם משפחה #איילים #כאן11 #עוטףעזה,75,104119,8941,97,463,121,289
7493507903257660679,2025-04-15,Video,"שובר קופות - ואולמות: בני הנוער צופים ב""מיינקראפט"" - ומשאירים בקולנוע הרס @ittaishick #מיינקראפט",149,518092,31302,761,5247,600,1836
7493467536223194369,2025-04-15,Video,אימו של אלי-ה כהן ליוותה אותו בהתרגשות בברכת הכהנים בכותל - אחרי שבשנה שעברה התפללה לשחרורו,46,80538,8325,71,75,23,187
7493449763900165384,2025-04-15,Video,מה חשפו השיפוצים בבית של בן גוריון? #אנהפינס,332,194198,11122,114,444,96,777
7493224928632704257,2025-04-14,Video,"""לא היה אחד ש'טופל' - ולא הגיע לו"": נפרדים מעליזה מגן ז""ל, המשנה לראש המוסד לשעבר - והאישה שהגיעה לדרגה הכי גבוהה בארגון #כאןחדשות #המוסד #נשים",118,191953,5757,94,199,77,429
7493190597684055312,2025-04-14,Video,קייטי פרי טסה לחלל - וחזרה עם כמה תובנות 👩🏻‍🚀💫🚀 @rambopoet#כאןחדשות #חלל,23,146879,11038,210,651,69,378
7493178966908407041,2025-04-14,Video,"""מי הוא בכלל?"": ראש החטיבה היהודית בשב""כ לא מסתפק במעצר בלי ראיות ומביע את דעתו על השופט בבית המשפט | הפרטים המלאים - הערב בשבע עם איילה חסון #כאןחדשות",12,54698,1741,148,157,69,110
7492783239027756305,2025-04-13,Video,אחרי 40 שנה - מנהל הגימנסיה הרצליה פורש☝️,782,298711,9592,457,770,125,563
7492774406427577601,2025-04-13,Video,טראמפ יאפשר לאיראן להחזיק בגרעין?😨,136,86582,1057,29,22,6,70
7492764979469290753,2025-04-13,Video,היחידה שחוקרת את הסודות של חמאס🤫,534,213118,4733,62,561,244,480
7492497573635312914,2025-04-12,Video,הפועל תל אביב עשתה היסטוריה וזכתה ביוקוראפ! נתראה בשנה הבאה ביורוליג  (עופר חלפון),195,59580,3485,49,107,34,117
7492070229632191761,2025-04-12,Video,"""השעמום דוחף אותך לעשות שטויות"": מה גרם לכדורגלן העבר עמרי קנדה לקרוס דווקא בשיא הקריירה? #כאןחדשות #כדורגל #סטנדאפ",48,104845,4910,33,326,84,209
7492478499601534216,2025-04-12,Video,"ענת, אמו של החטוף מתן אנגרסט, הודתה להמונים שהגיעו לכיכר החטופים בערב פסח: ״זה מראה לנו שאנחנו לא לבד, אתם המשפחה שלנו״ @nofar Moshe ",90,47423,2597,34,10,0,50
7492068075899030785,2025-04-12,Video,מה גורם לאילה לקפוץ ממטוס בגיל 90? #כאןחדשות #צניחהחופשית,33,173629,11662,133,1243,184,499
7492332930887470344,2025-04-12,Video,"שחקני הפועל תל אביב נחתו בישראל עם הגביע, האוהדים הגיעו לקבל את פניהם 😍❤️ @Amit Harari ",19,91375,5690,96,310,115,125
7492066100587334929,2025-04-12,Video,"""ציר פילדלפי לא היה חשוב אז ולא חשוב עכשיו"": השחקן שלמה וישינסקי איבד את בנו ליאור בציר פילדלפי בשנת 2004 #כאןחדשות #חיילים #צהל #חרבותברזל #עזה #לוחמים",62,49793,1364,77,17,4,51
7491775793480092944,2025-04-11,Video,"נטע הייתה נוודת דיגיטלית שטיילה בתאילנד, עד שהרגישה גירודים חריגים - וגילתה שהיא חולה בסרטן. מאז היא משתפת את התמודדות עם המחלה וכובשת את הרשת (אמיר גרא) #כאן11חדשות",60,625544,47212,390,311,62,1177
7492059819407461649,2025-04-11,Video,"אחרי ההתנגשות עם שר החינוך וסערת דוכני התפילין בתיכונים - זאב דגני, מנהל הגימנסיה הרצליה, מדבר על הפסימיות מהמצב במדינה  הכתבה המלאה של שירלי ברקוביץ׳ - הערב בחדשות שישי  #כאןחדשות #תיכון #ביתספר #הפגנה",73,55975,1878,63,230,40,101
7491738755938651393,2025-04-11,Video,"מה הדבר הראשון שאומרים לחטופים ששבו? הקב""ניות שקיבלו את פניהם מדברות לראשונה",77,89390,7462,23,58,14,199
7492024564084444433,2025-04-11,Video,"""מאיפה את יודעת ערבית?"": לירי אלבג סיפרה לנשיא הרצוג על יום החזרה לארץ - ומה חוותה מאז #כאןחדשות #7באוקטובר",69,612816,42488,470,404,44,1469
7491715134067346705,2025-04-11,Video,הצלם דן הדני בן 100 – ומגלה את הסוד שלו לחיים ארוכים,44,61783,3817,65,144,56,198
7491965510574230785,2025-04-11,Video,בביצוע משותף ומרגש: דניאל וייס ואגם ברגר מתכוננים למצעד החיים #כאןחדשות #7באוקטובר #מוזיקה #שירים,57,9006,600,9,13,7,23
7491773756797439240,2025-04-10,Video,יובל רפאל תופיע לקראת סוף חצי גמר האירוויזיון - האם זה יעלה את הסיכוי שלנו לזכות? @Amit Harari ,168,95220,6873,139,61,12,266
7491684222395108625,2025-04-10,Video,"""קשה לי לחשוב שהוא נשאר שם לבד"" 💔 🎗️",424,48972,2617,25,10,1,49
7491674126503906561,2025-04-10,Video,"כדי להגביר את הלחץ הצבאי על חמאס: הציר שצה""ל מקים בעזה",173,185807,4765,96,169,53,228
7491668783933836561,2025-04-10,Video,ניסיון החיסול של הזמר המוכר👆 #אנהפינס ,139,1170023,36707,423,4011,965,3045
7491273853511994632,2025-04-09,Video,למה הרכבת הקלה בגוש דן נוסעת כל כך לאט - והאם היא באמת יכולה להתחרות ברכב פרטי? (אנה פינס),334,69951,3148,97,54,11,66
7491314798081199361,2025-04-09,Video,אחרי שנשארה לבדה בקיבוץ והאכילה אלפי חיילים - אורה מזמינה את כולם לבוא לטעום @rubihammerschlag  #כאן11חדשות  #שתולה,299,48291,1567,21,31,15,42
7491322218002124050,2025-04-09,Video,איילה חסון משתפת #איילהחסון  @עמותת ער״ן - עזרה ראשונה נפשית ,60,22081,967,79,10,3,16
7491296674518764808,2025-04-09,Video,גלים מושלמים - כל השנה: בריכת הגלים החדשה בתל אביב מגשימה את החלום של הגולשים בישראל #כאןחדשות #תלאביב #גלישה #ים #קיץ,209,99181,3014,68,290,109,169
7491269884161133842,2025-04-09,Video,"מפכ""ל המשטרה דני לוי נשאל על העלייה במקרי ר@ח בחברה הערבית - וענה: ""אני לא סופר ג!פות""",9,157402,1856,158,65,31,137
7491226973818064135,2025-04-09,Video,למרות המלחמה: מחירי הדירות מזנקים - גם בעוטף עזה וליד הגבול בצפון @danayarkechy,481,268072,6045,189,551,222,252
7491251812914220295,2025-04-09,Photo,כל הפרטים - הערב במהדורת כאן חדשות ,0,71606,723,61,92,52,68
7491037019100024071,2025-04-08,Video,"הדיון בבג""ץ על הדחת ראש השב""כ רונן בר הפך למהומה שלא נראתה בבית משפט בישראל: אב שכול הוצא והדיון נמשך ללא קהל",247,62090,876,174,20,10,54
7491035708262567186,2025-04-08,Video,"נתניהו המריא לארה""ב כדי לנסות לשכנע את טראמפ לבטל את המכסים - וחזר מאוכזב  (סולימאן מסוודה)",215,183857,3203,368,104,49,188
7490890290916642066,2025-04-08,Video,שר החינוך יואב קיש הגיע לכנס ״מדעני העתיד״ - והתקבל בידי בני הנוער בצעקות ובקריאות בוז. קיש הגיב: ״זה קומץ קטן״ @liran_kogahinoff ,51,92851,10313,733,626,126,447
7490822408027262216,2025-04-08,Video,"איציק בונצל, אביו של סמ״ר עמית בונצל ז״ל, הוצא מהדיון בבג״צ על הדחת ראש השב״כ לאחר שהתפרץ על בכירים לשעבר במערכת הביטחון: ״ידיו מגואלות בדם! אתם מגינים עליו כי הוא חבר שלכם?״ @vered pelman ",21,161095,5815,1861,416,158,183
7490619758404963591,2025-04-07,Video,הרכבת הקלה פועלת - האם שווה לפתוח עסק בתוואי שלה? #אנהפינס ,371,86749,1722,38,69,24,102
7490242997930478865,2025-04-06,Video,מחפשים נכס להשקעה? שווה לכם לעקוב אחרי עליית המחירים בתוואי הרכבת הקלה בגוש דן | #הרכבת_מתעכבת #כאןחדשות#הרכבתהקלה#כסף#דירה#נדלן,153,40101,1286,11,39,14,37
7490193828226338066,2025-04-06,Video,"השחקן שלמה וישינסקי, ששכל את בנו ליאור ז""ל בציר פילדלפי ב-2004: ""20 שנה אני מגיע לבית העלמין ואף פעם לא בכיתי - עד שראיתי את החלקה החדשה"" 💔 (רועי אטינגר)",46,184871,9240,189,126,37,300
7490100208425094408,2025-04-06,Video,בית ביורו אחד באיטליה - טוב מדי כדי להיות אמיתי?  (עמית ולדמן),335,274283,11129,128,2680,822,1600
7489076378621611282,2025-04-05,Video,היישוב עם אחוז החללים הכי גבוה בישראל - שנאלץ לפנות לעזרת הציבור כדי שביוב לא יזרום ברחובות (אוריה אלקיים),40,54708,1739,22,40,19,64
7489900762051382536,2025-04-05,Video,"ההתבטאות הקשה של ראש החטיבה היהודית בשב""כ כלפי חשודים ביו""ש: ""עוצרים את השמוקים האלה גם בלי ראיות""",142,177293,5842,1049,1088,521,510
7489889895956221192,2025-04-05,Video,"שורדת השבי לירי אלבג בכיכר החטופים: ""בלי דעות פוליטיות - כל חזרה ללחימה מסכנת את החטופים"" (אנה פינס)",40,97605,6375,104,67,11,221
7489096446801644807,2025-04-05,Video,יצא לכם לטעום אבטיח בטעם של מלפפון חמוץ? #מקורבלצלחת @amsterdamski2,50,11142,187,5,7,0,12
7489073093881761032,2025-04-05,Video,"""למה ה@גתם את קנדי?"": התשובה של בכיר לשעבר ב-CIA לקונספירציות - והעצה שלו לישראל @mayarachlin",43,6045,131,4,3,0,7
7489071785736998151,2025-04-04,Video,"גת, ערק וספורט: הסוד של סולימן בן ה-107 לחיים ארוכים (יפעת עמיאל)",47,432263,25909,400,5097,1235,1931
7489066842238110994,2025-04-04,Video,מעזה ועד טורקיה: מה אל ג'זירה מנסה להסתיר? #בשכונהשלנו @roikais1987,513,158721,4091,146,221,73,242
7489453985611484423,2025-04-04,Video,משיב/ה ל-@מושיקו מור מה דעתכם? #חדרכושר #מאמןכושר #כאן11 ,176,32220,602,75,13,3,30
7489450702540950802,2025-04-04,Video,משיב/ה ל-@Yael shemer בזמן שמספר ההר!גים בתאונות שובר שיאים: המשטרה נטשה את הכבישים והשרה רגב קיצצה תקציבים #מלחמהללאשם #כאן11 #מירירגב @Roi Yanovsky ,600,152377,4858,110,89,33,265
7489396002273627399,2025-04-04,Video,"שלמה שרף, שנכדתו מאי נעים ז""ל נר@חה בנובה, עדיין מחפש תשובות על המחדל שגדע את חייה הכתבה המלאה - הערב בחדשות שישי  (אורי לוי)",25,48533,1712,206,66,25,72
7489386341382262033,2025-04-04,Video,הקומבינות שמסכנות את החיים של כולנו #מלחמהללאשם #כאן11 #תאונות @Roi Yanovsky ,697,166457,4932,156,250,65,310
7489064606036413703,2025-04-04,Video,"יובל סלומון ז""ל חגג יום הולדת בפאב המיתולוגי בניר עם ב-6 באוקטובר 2023 - ונרצח פחות מ-24 שעות אחרי. משפחתו הגיעה לפתיחה המחודשת של הפאב, כשהוא נפתח לראשונה מאז יום הולדתו של יובל ז""ל 💔 @r79663",31,62374,4790,198,33,6,127
7489356267203562759,2025-04-04,Video,"יעקב הגיע לחווה של ניר בגיל 16 וחצי אחרי שהתמכר לסמים ולא הסתדר במסגרות: ""זו הייתה התקווה האחרונה"" הכתבה המלאה על החווה שמשנה את חייהם של נערים בסיכון - הערב בחדשות שישי (שירלי ברקוביץ')",44,217727,12849,92,311,85,623
7489180003704540432,2025-04-03,Video,הוויכוח בכביש שהפך לקרב בין משאית לג'יפ #משאית #ג'יפ #כאן11,70,1300837,35899,1407,7200,2273,2592
7489105955527986439,2025-04-03,Video,"מילן משתפת במלחמה שלה בס@טן בסרטונים בטיקטוק, ומחכה לקבל את הבשורה שהיא החלימה: ""סוף סוף להרגיש חופשייה"" הכתבה המלאה - מחר בחדשות שישי (אהוד גרא) @Milen.kvetny ",40,49015,4406,103,60,12,129
7489014983351733521,2025-04-03,Video,30% מהתאונות הקטלניות הן במעורבות של כלי רכב כבדים - איך זה ייתכן? (רועי ינובסקי),487,200495,6611,185,387,88,411
7488861509133651207,2025-04-02,Video,אחרי ההתלהבות על פתיחת הקניון בגלילות בשבת - יש מי שמנסים לסגור אותו #כאןחדשות #שבת,123,155397,5187,986,328,76,215
7488701186804059399,2025-04-02,Video,"אמו ואחיותיו של עוז עזרא משה ז""ל, אחרי הצגת תחקיר הט@ח בנובה למשפחות ולניצולים: ""משקרים עלינו, הם יתנו את הדין וישבו בכלא - עד שהם ירקבו"" @liran_kogahinoff",32,93253,4828,154,96,21,217
7488679468584979719,2025-04-02,Video,"אופיר, אביו של עידן דור ז""ל שנר@ח בנובה, התקשה להישאר במקומו בזמן הצגת התחקיר הצבאי על הט@ח: ""לא ציפיתי לכלום אבל בכל זאת התאכזבתי""  @liran_kogahinoff",30,261814,13380,588,261,100,414
7488610116342746375,2025-04-02,Video,"סוהר גנב כסף מז!נה: ""התפתה בעקבות מצב כלכלי קשה"" (שלי טפיירו)",137,695665,15398,359,1935,666,1433
7488443993248763137,2025-04-01,Video,"צעד קטן לאילון מאסק, צעד גדול לאנושות? #כאן11חדשות",165,20844,443,8,10,4,15
7488381998524845313,2025-04-01,Video,"המשאלה לא התגשמה: עלמא חגגה אתמול שנתיים, אבא עמרי עדיין בעזה💔",49,38741,1674,15,11,2,28
7488355686577933575,2025-04-01,Video,"מה הסיפור עם מינוי ראש השב""כ? למה נתניהו התחרט? סולימאן מסוודה עונה על השאלות שלכם",54,14185,245,30,12,3,13
7488302878528982289,2025-04-01,Video,"אסתי גינזבורג ובעלה עדי קייזמן חייבים 12 מיליון שקלים לרני רהב, אבל חיים בראוותנות בארצות הברית. אחרי שקייזמן האשים את רהב בשקרים - הקלטות בלעדיות של הדוגמנית בנושא נחשפות @danayarkechy",256,211672,3446,93,272,99,326
7488292815567392001,2025-04-01,Video,"טל, אביו של החטוף בר קופרשטיין, הולך לראשונה מאז התאונ ההקשה שעבר. היום בנו מציין יום הולדת שני בשבי  @nofar_moshe_ferdo",30,261270,14487,114,105,18,264
7488242111872011537,2025-04-01,Video,"רבקה, אשתו של החטוף אלקנה בוחבוט, לא דיברה בתקשורת בהמלצת גורמים רשמיים: ""בסוף נשארנו מאחור"" (מואב ורדי)",41,40435,1810,64,30,9,54
7487975529099054343,2025-03-31,Video,בעל ואישה מיריחו חשודים כי הבריחו מירדן 400 ציפורים מוגנות ואלפי מטבעות כסף עתיקים - בשווי כולל של מיליוני שקלים💰🐦‍⬛ #כאן11 #מטבעות #ציפורים ,25,73710,928,16,116,45,51
7487927256287890706,2025-03-31,Video,"פוליטיקה קטנה, כסף גדול: כמה נשלם כדי שהממשלה לא תתפרק? @Lielk user ",125,7103,145,14,2,0,3
7487775430070668552,2025-03-31,Video,"קית' סיגל פרץ בבכי בריאיון בתוכנית 60 דקות ב-CBS: ""גילחו לגברים את האיברים המוצנעים, הרגשתי מושפל"" (נתן גוטמן) 📸: מתוך התוכנית ""60 דקות"", באדיבות סלקום TV",39,120089,9548,214,138,28,299
7487778184050576648,2025-03-31,Video,"ירדן ביבס חושף זוועות מהשבי ומספר על הדאגה לחברו הקרוב דוד קוניו שעדיין בעזה צילום: מתוך התוכנית ""60 דקות"", באדיבות סלקום TV",77,86190,4986,153,113,26,299
7487716330146155794,2025-03-30,Video,"""כמה פעמים לב יכול להישבר?"": רבקה, אשתו של החט!ף אלקנה בוחבוט, פנתה אליו וביקשה ממנו לא לאבד תקווה (טלי מורנו)",79,31434,708,20,9,3,19
7487703449392532754,2025-03-30,Video,"גם אתם שמתם לב שמשפט נתניהו נמשך כבר הרבה זמן? אתם לא לבד. אלה המספרים מאחורי העדות של נתניהו, שלא צפויה להסתיים לפני חודש מאי  (תמר אלמוג)",47,28812,535,226,15,4,10
7487691350788377864,2025-03-30,Video,אשתו והעובדים של המאמן שנעצר בחשד לא!נס המתאמנת שלו מגיבים  (אנה פינס),265,1015039,30478,696,2128,466,2246
7487531419787332882,2025-03-30,Video,"""שלום, אני אלי-ה והבן שלך הציל לי את החיים"": הוריו של ענר שפירא, הגיבור מהמיגונית, השיקו את האלבום שלו - ופגשו לראשונה את שורד השבי אלי-ה כהן @ifatglick1",421,88453,3678,31,46,9,118
7487525878776401159,2025-03-30,Video,מילואימניקים מחיןל הלחימה הודיעו: לא נחזור ללחימה בעזה שמסכנת את החטופים  (דני דגן),704,65787,2427,488,88,33,123
7487502763304242439,2025-03-30,Video,"מרינה שויף הייתה שחקנית מוכרת ומצליחה - ואז היא התמכרה לסמים. עכשיו, אחרי שהשתקמה, היא מתמודדת עם הכאב על הבמה (דנה הרמן)",32,57151,1110,50,88,29,72
7487323435337649424,2025-03-29,Video,ונתפוס את כולםםם⚡,148,101590,3230,109,103,32,154
7487215991684975880,2025-03-29,Video,מה יש לאירוויזיון נגד מיניות נשית? 🧔🏻‍♀️ צולם ברימון בית ספר למוסיקה,141,130181,13314,129,171,17,475
7486521943357656328,2025-03-29,Video,על פנקייק רוסי שמעתם? @kan_reshetbet @amsterdamski_2  #כאן11חדשות,52,73388,2414,43,225,50,169
7486516044895374610,2025-03-29,Video,כך התמונות של סבא אלי שרדו את הטבח #כאן11חדשות #בארי,75,43414,2123,22,24,4,68
7486506654264036609,2025-03-28,Video,תקף את השכנים באלימ!ת - בגלל ריב על חניה #חניה #כפרסבא #כאן11,63,463666,26736,297,861,233,15276
7486500489941601552,2025-03-28,Video,ההתרגשות המתפרצת בכל פעם שהשם של רומי מופיע על צג הטלפון - והכוח שהיא ואמילי נתנו אחת לשנייה בשבי❤️‍🩹 #רומיגונן #כאן11,35,31998,2162,10,4,1,77
7486761249812827413,2025-03-28,Video,שתי רעידות אדמה שמקורן במיאנמר הורגשו עד תאילנד: אחת בעוצמה 7.7 והשנייה 6.4 #מזרח #תאילנד #רעידתאדמה,38,51263,601,14,226,123,30
7486498416080604433,2025-03-28,Video,הישראלים שתומכים בעוטף דרך המקום הכי החשוב בקיבוץ - חדר האוכל🍝 #עוטף #שניצל #אוכל,72,21261,775,11,11,3,28
7486751204312239368,2025-03-28,Video,אפקט הפחד: כשמירי רגב נדרשה לקבוע אם נתניהו אחראי ל-7 באוקטובר @כאן  #פגישה #כאן11 ,291,195691,8347,934,1179,528,492
7486483902517775634,2025-03-27,Video,"""הצלקות של אביתר מהאזיקים זזו לגמרי"": שורד השבי עומר ונקרט סיפר לאחיהם של החטופים אביתר דוד וגיא גלבוע דלאל, ששהו איתו בשבי, על התנאים הקשים 💔 @nofar_moshe_ferdo",34,855804,55722,105,638,60,1796
7486496081493232914,2025-03-27,Video,"שורדת השבי עדה שגיא הגיעה להיפרד ולהודות לתא""ל דניאל הגרי, שמסיים היום את תפקידו כדובר צה""ל ❤️ @itayblumental1",29,108548,5127,104,56,13,129
7486462503489162503,2025-03-27,Video,"⚠️ תכנים קשים ⚠️ שורד השבי עומר ונקרט חוזר לרגעים הקשים בשבי - ולהתקף הפסיכוזה של המח@ל: ""הוא אמר לי לנבוח כמו כלב"" | הכתבה המלאה - הערב במהדורת כאן חדשות @nofar_moshe_ferdo",71,1123681,88027,1127,3520,637,4563
7486421778332519698,2025-03-27,Video,"כמו להבקיע גול לשער ריק: הממשלה רושמת הישגים - איפה האופוזיציה?  @מיכאל שמש Michael Shemesh  📸: יונתן זינדל, חיים גולדברג - פלאש 90",60,73174,2383,382,123,67,113
7486412550586912008,2025-03-27,Video,"השרה מירי רגב: אייל גולן לא יופיע בטקס המשואות השנה, כואבת את כאבן של טאיסיה ונ' #פגישה #כאן11 @כאן ",107,122779,2784,304,114,48,185
7486164243071487250,2025-03-26,Video,"""ללבוש את המדים שלו מקרב אותי אליו"": ורד ממשיכה את דרכו של בעלה חן שנר3ח - ומתנדבת בסיירת העירונית #כאןחדשות",535,35196,867,5,29,14,39
7486042796151835922,2025-03-26,Video,"חייל הבטיח שירות וטרינרי בחירום - האנשים שילמו, האמבולנס לא הגיע (דניאל אלעזר)",424,193410,6859,84,369,93,401
7486038989556747527,2025-03-26,Video,"שב""כ וצה""ל אמרו לנתניהו שהכסף שהוא מעביר לעזה דרך קטר עובר לחמ@ס - כבר ב-2019 (סולימאן מסוודה)",73,29093,597,85,158,75,37
7485856549705927953,2025-03-25,Video,העתיד כבר כאן #AI #בינהמלאכותית #רובוט,512,272110,8313,396,2408,876,964
7485793573363813649,2025-03-25,Video,סימנים ראשונים של התנגדות בעזה? #עזה #חרבותברזל#כאןחדשות #הפגנה,18,397361,12239,1271,1502,510,635
7485763502330711313,2025-03-25,Video,הצצה מיוחדת לפעילות של לוחמי הצנחנים בסוריה #צנחנים #סוריה #צהל,355,275295,9045,111,609,272,539
7485483570992041234,2025-03-25,Video,בגלל טרנד בטיקטוק: נער בן 15 נפצע אנוש @liran_kogahinoff #כאן11חדשות #טרנד #קרוסלה,182,1058636,38568,779,4495,1077,2701
7485480692277660936,2025-03-24,Video,הסרט החדש של דיסני - קורס בקופות @amitharari #כאן11חדשות #דיסני #גלגדות,144,250719,12290,238,505,120,466
7485408443151518984,2025-03-24,Video,"ריקוד מושחת: כששר האוצר מגנה את מי שרוקד ""נמות ולא נתגייס"" – וממשיך לתמרץ השתמטות @lielkyzer1",101,44386,1669,88,22,7,58
7485321359883537682,2025-03-24,Video,הקשר בין מנהיגות לאחריות: נינו של הרב עובדיה יוסף עושה סדר #בזמן_הזה,48,11673,458,36,37,18,16
7485311987233148168,2025-03-24,Video,"בגלל המונופול של תנובה כולנו משלמים הרבה יותר, האם מחלבה קטנה מהגולן תצליח להיכנס לתחרות? @danayarkechy",297,130439,4623,222,366,141,222
7485282032109538578,2025-03-24,Video,"וטרינר רשות הטבע והגנים שלכד את הקוף סיפר: ""הוא הושלך החוצה לגורלו אחרי שנפצע פציעה חמורה שהוזנחה"" 📸: משטרת ישראל @איציק זוארץ Itsik Zuarets ",86,185722,4429,82,991,184,207
7485075935281040647,2025-03-23,Video,אחרי האיום של טראמפ - אוניברסיטת קולומביה נכנעה והתקפלה #7באוקטובר #כאןחדשות #ארצותהברית #הפגנה #אוניברסיטה,140,117102,5705,174,117,34,143
7484975043592654087,2025-03-23,Video,"עדי, אמא של התצפיתנית נועה מרציאנו ז""ל, חשה גאווה כשהיא ראתה את חברותיה של בתה חוזרת הביתה מהשבי - אבל התקשתה להתעלם מתחושת ההחמצה: ""היא הייתה יכולה לחזור גם"" (ויקו אטואן) ",34,126888,10326,80,42,2,217
7484930222349929735,2025-03-23,Video,"המונים הגיעו לתחנת הרכבת יצחק נבון בירושלים, בדרך להפגין נגד הדחת היועמ״שית וראש השב״כ  @vered pelman  📸: יאיר פלטי",31,15797,261,38,18,7,5
7484874348809997575,2025-03-23,Video,"⚠️ אזעקה מוקלטת ⚠️ התרעות הופעלו במספר אזורים בארץ, בהם נתב״ג  @Hadas grinberg ",8,269227,4001,78,111,42,152
7484268561846865169,2025-03-22,Video,מצדיעים לך הרשי 🫡,39,556752,56578,1429,2094,611,1695
7484677767963888913,2025-03-22,Video,"""חיבור שלא נוצר בפוליטיקה - נוצר עם פודרה וצללית"" #איפור #דובאי #כאן11",447,161733,3542,56,300,107,240
7484613672569031952,2025-03-22,Video,כששאול כבש את עכו 🧆 #מקורב_לצלחת,29,33976,652,13,26,10,30
7484274388519357713,2025-03-22,Video,אימו של תמיר נמרודי נאחזת ב'אולי' כבר 17 חודשים 💔🎗️,57,94217,7897,132,59,7,208
7484265951261740289,2025-03-21,Video,הזמרת הערבייה שעזבה את האיסלאם - והפכה לתומכת יישראל Roi Kais,35,363779,23009,700,2240,601,1411
7484200328305331472,2025-03-21,Video,מה זה בורקס מבחוץ ומלבי מבפנים? הכירו את הנמורה #מקורב_לצלחת,29,43429,1333,20,160,47,66
7483986769478814993,2025-03-21,Video,החזרה ללחימה תחזיר את החטופים? #רקשתדעו,108,81909,2614,29,26,5,86
7483961369763515655,2025-03-20,Video,עומר ונקרט מספר איך זה מרגיש בשבי כשנופלת עסקה וחוזרים להילחם - ואיך יודעים שעבר יום?,69,54006,2532,21,23,7,76
7483949139244453136,2025-03-20,Video,"""הקשר הכי מיוחד שראיתי בחיים שלי. אני לא שלם בלעדיהם"": המסר של עומר ונקרט לאביתר דוד וגיא גלבוע דלאל",41,72445,5538,33,36,7,141
7483926756995403024,2025-03-20,Video,"שורד השבי אלי שרעבי באו""ם: ""איפה הייתם 491 ימים כשהיינו זקוקים לכם?""",137,107589,12306,284,298,45,328
7483859981691882770,2025-03-20,Video,Replying to @LIRON💞 מאחורי ההוריקן של יובל ועדן 🌪️ #אירוויזיון2025 #eurovision2025 #כאן_אירוויזיון  @Timor Elmalach @Nitzan Livnat ,36,185645,15089,150,231,31,866
7483849833409727760,2025-03-20,Video,"יאיר פארן, נינו של הרב עובדיה יוסף, נלחם בעזה ורותח על הפטור מגיוס לחרדים @kan_reshetbet",41,237420,26788,720,1750,709,1260
7483582520588553480,2025-03-19,Video,"אמה של הלוחמת עדן נימרי ז""ל שמעה לראשונה מלירי אלבג על בתה הגיבורה שהצילה אותן במיגונית | מתוך כתבה שתשודר הערב במהדורת כאן 11 #כאןחדשות #7באוקטובר #לוחמים #חטופים #תצפיתניות",82,153301,9401,240,110,34,311
7483185543765839121,2025-03-19,Video,"יוסי הוא המג""ד החרדי הראשון בצה""ל - ויש לו מה להגיד לאחיו החרדים שלא מתגייסים (יאיר אטינגר)",58,41619,3195,36,36,12,85
7483173445459578113,2025-03-18,Video,"מאיר אירח לוחמים בגליל במשך כל תקופת הלחימה, והצימרים שלו נותרו הרוסים. עכשיו המדינה מסרבת לפצות אותו - והוא שקוע בחובות וללא יכולת להתפרנס: ""מי אישר לך לארח חיילים?"" (אורן אהרוני)",40,391249,23093,470,289,90,691
7483233233098853648,2025-03-18,Video,"נתניהו בהצהרה לאחר חידוש הלחימה: ""מכאן ואילך המשא ומתן יתנהל רק תחת אש"" #ביבי #נתניהו",146,91723,7606,475,178,58,191
7483159840957730065,2025-03-18,Video,"תל אביבים, שימו לב: ""מס מטרו"" חדש ייקר את הארנונה שלכם במאות שקלים  (אנה פינס)",250,140736,4107,100,339,133,204
7483155800299441409,2025-03-18,Video,מהנובה למאה שערים: ברק שרד את הט@ח - והפך לחרדי  @uriyaelkayam,67,1228876,77110,927,4805,1446,4029
7483154035252464897,2025-03-18,Video,"מנהל התיכון בתל אביב הודיע שיבטל את יום הלימודים כדי למחות על פיטורי ראש השב""כ - ועורר סערה @liran_kogahinoff",191,41308,653,44,30,9,25
7483154460420738311,2025-03-18,Video,"עכשיו כשכל השירים של #אירוויזיון2025 נחשפו, איפה ישראל ממוקמת בטבלאות? 🇮🇱 עמית הררי, כתבת התרבות החדשה של כאן חדשות, עושה לנו סדר ✨ #eurovision2025 #כאן_אירוויזיון ",46,48391,2303,104,30,7,126
7483148731102006544,2025-03-18,Video,מתן איבד את רגליו בעזה - ומצא את אהבת חייו ❤  (אנה פינס),44,93700,6775,53,87,14,128
7483096819099045138,2025-03-18,Video,סמוטריץ' התקפל: חמישה מיליארד שקלים יקוצצו מהשכר של כל עובדי המגזר הציבורי - חוץ מעובדי החינוך החרדי @lielkyzer1,43,50196,1591,133,214,102,76
7482894527443782920,2025-03-18,Video,מה דעתכם? @itsikzuarets #כאן11חדשות,129,380356,14968,182,1323,313,812
7482893820867251464,2025-03-18,Video,כל מה שהמשקיע הישראלי צריך לדעת על שוק הקריפטו @ittaishick #כאן11חדשות #קריפטו #טראמפ,506,71016,1418,25,208,98,431
7482895830681210113,2025-03-17,Video,כשסבתא נכנסת מתחת לאלונקה #גולני #צהל #כאן11חדשות,35,205275,20939,140,424,61,531
7482785938192518418,2025-03-17,Video,"""הבנתי שתסמונת טורט זה לא כזה מפחיד"": דניאל ""פטיסרי"", יוצר תוכן וקונדיטור בן 15, שיתף באומץ בוועדת החינוך בכנסת את סיפורו האישי על ההתמודדות עם חרם בבית הספר ❤️ @Daniel Patisserie-דניאל פטיסרי @liran_kogahinoff  צילום: ערוץ הכנסת",65,21139,863,24,20,5,43
7482699627884514578,2025-03-17,Video,"מנהל תיכון הגימנסיה הרצליה בתל אביב הכריז על ביטול יום הלימודים ביום רביעי בעקבות פיטורי ראש השב""כ: ""נעלה לירושלים לתמוך בלוחמי החירות, אנחנו במלחמה על הדמוקרטיה. ראש הממשלה פועל בניגוד לחוק"" @liran_kogahinoff",74,54066,1409,565,258,106,64
7482521336913382657,2025-03-17,Video,עוד ועוד ש!רדי שב* מבקשים מהציבור תרומות כדי להשתקם @itsikzuarets,255,157030,5290,114,88,28,118
7482519723326967056,2025-03-17,Video,התיעוד של קרן פלס באולפן ההקלטות עם יובל רפאל @amitharari,229,87070,4187,36,13,3,140
7482517737349090577,2025-03-16,Video,אתם הייתם שורדים 9 חודשים בחלל?,124,490504,16725,94,437,95,581
7482430330754944257,2025-03-16,Video,אריות במרתף וקופים כבולים בשלשלאות: כך משקמים את חיות הבר שהוברחו לישראל #כאןחדשות #קוף #אריה,560,245236,6438,100,305,72,347
7482441864805633296,2025-03-16,Video,האם משפחה יכולה להסתדר במשך שבוע שלם בלי מכונית בגוש דן? שאול אמסטרדמסקי יצא לבדוק | #תקועים - פרק 2  @amsterdamski2 #כאןחדשות #פקקים #תחבורהציבורית #רכבים,660,185979,6478,133,145,42,289
7482418786218282257,2025-03-16,Video,סרט לכל המשפחה - כולל אלה עם הזנב #כאןחדשות #חתולים #כלבים#סרטים,121,241026,10613,92,2230,676,2408
7482409442584120592,2025-03-16,Video,הברחת חיות הבר לא מפסיקה - ועכשיו נמצאו קוף ואריה שנכלאו בתנאים קשים גם במרכז הארץ #כאןחדשות #קוף #אריה,149,236056,6611,115,691,163,391
7482408241511582993,2025-03-16,Video,זוכרים את גורי האריות והקופים שמצאו בנגב ובצפון? אז ככה הם הוברחו ממצרים לישראל - בעזרת רחפנים  @itsikzuarets,22,20038,456,12,35,4,16
7481699759900626184,2025-03-15,Video,דגל ישראל בסוריה? המירוץ המתחמם להגנת הדרוזים מעבר לגבול | בשכונה שלנו @roikais1987,506,303169,8614,150,440,223,585
7482030007225765128,2025-03-15,Video,התגובה של טראמפ לעיתונאי שפגע בפניו בטעות עם המיקרופון 🫣 #טראמפ,7,448649,11905,151,412,70,311
7481691772217773330,2025-03-14,Video,"שש שנים אחרי שאביטל, אשתו ואם ילדיו, @הת@בדה - ערן צור מוציא אלבום חדש על הטראומה ❤️ הריאיון המלא - הערב בחדשות שישי  (מואב ורדי)",90,28544,698,26,14,9,46
7481679139641085192,2025-03-14,Video,"מאבקי הכוח ברבנות הראשית גורמים לכולנו לשלם אפילו יותר, כשברקע עדויות על סחיטה, איומים ונפוטיזם (גילי מלניצקי) #רבנות#כאן11",458,146614,3808,277,491,243,335
7481608331736517895,2025-03-14,Video,שייחים דרוזים מסוריה מגיעים לביקור בישראל  @rubihammerschlag ,61,845921,28408,1755,1046,409,1110
7481394521658477842,2025-03-13,Video,מה עושה מקרר באוטובוס? @haimgoldich,102,684439,28971,938,1685,360,1137
7481368430365396232,2025-03-13,Video,יצאנו מהכותל עם ברכה לעם ישראל @haimgoldich,44,15855,584,20,23,13,18
7481305077194444049,2025-03-13,Video,"למרות התבטאויות בעבר נגד רכבים חשמליים, טראמפ קנה טסלה #כאן11חדשות #טראמפ #טסלה",145,112394,2561,19,65,24,79
7481268291818867969,2025-03-13,Video,הולכים לאיבוד בכל התמונות שהגננת שולחת בוואטסאפ? נמצא הפתרון,210,253469,7395,135,1379,683,660
7480993796319169800,2025-03-12,Video,"טראמפ: ""הייתי בהלם ממה שהחטופים סיפרו לי""",63,35767,1960,24,34,13,79
7480962120654294288,2025-03-12,Video,*אזהרת טריגר* בשילוב חומרים פסיכדליים: הטיפול החדש ללוחמים עם פוסט-טראומה #כאןחדשות #7באוקטובר #צה״ל #חיילים #לוחמים,121,62083,4161,32,145,40,312
7480933999813381394,2025-03-12,Video,איך מסבירים לבן שלך למה אתה בוכה על הרצפה? #פוסטטראומה,44,9376,372,38,3,1,14
7480662263779593490,2025-03-12,Video,"""השקט שנשאר"" חוגג 20 - ושירי מימון חוזרת לרגעים על במת האירוויזיון (עופר חלפון)",445,39496,1365,29,6,1,68
7480858284505812231,2025-03-12,Video,מאחורי הקלעים לקליפ #NewDayWillRise 🌞 #eurovision2025      ,96,218186,15673,301,259,75,616
7480658183028034824,2025-03-12,Video,"שנה וחצי אחרי 7 באוקטובר, המרפאה בבארי שהפכה לסמל נהרסה - למרות התנגדות משפחתה של הפרמדיקית עמית מן  (אסף פוזיילוב)",229,19581,516,15,3,0,25
7480656063419763976,2025-03-12,Video,פורים בצל המלחמה: עוד ועוד חנויות החליטו לא למכור השנה נפצים - לבקשת הלוחמים הפוסט טראומטיים @haimgoldich,184,709587,32853,490,1284,318,1939
7480581174205779207,2025-03-12,Video,"אחרי הסולד אאוט של אייל גולן בבלומפילד - טאיסיה, שהעידה נגדו, מחריפה את המאבק נגד הזמר והמעריצים שלו @vered.pelman",103,742154,40684,2605,1060,133,1752
7480654047427546376,2025-03-11,Video,"יוסי אביטן, מפקד משטרת התנועה במחוז הדרום, הגיע לזירת תאונה - וגילה שההרוג הוא בנו בן ה-17 @roiyanovsky",264,529655,29060,564,875,244,1146
7480577002806824200,2025-03-11,Video,תפנית דרמטית בפרשת החלפת העוברים באסותא: בית המשפט החליט שהתינוקת סופיה תישאר אצל האישה שילדה אותה - ולא אצל ההורים הגנטיים שלה  (קטי דור),214,42594,779,65,62,20,42
7480573398288993544,2025-03-11,Video,תושב כפר שמריהו בחר לתלות בשטחו הפרטי דגל ישראל בגודל דירת 4 חדרים - למה עיריית הרצליה וכפר שמריהו רוצות שהוא יוריד אותו? (אנה פינס),206,614981,31939,1530,2321,806,1339
7480570543129857288,2025-03-11,Video,"משטרת ההגירה בארה""ב עצרה סטודנט פרו-פלסטיני שהיה ממובילי המחאות באוניברסיטת קולומביה, טראמפ מאיים לגרש אותו מהמדינה (נתן גוטמן)",144,55955,2287,164,42,20,63
7480568237009177864,2025-03-11,Video,"מחקר חדש קובע: חמאה מסוכנת לנו, שמנים דווקא בעלי יתרונות רבים  (נוב ראובני)",312,510058,10211,778,4635,2314,1767
7480566582364622087,2025-03-11,Video,השיר הישראלי לאירווזיון 2025 נחשף - כך הגיבו בעולם @amitharari,239,153829,7780,133,30,10,271
7480565715456806151,2025-03-11,Video,"בזמן שהביג פאשן עמוס בכל ימות השבוע - מתחם סינמה סיטי גלילות של חברת נצבא קורס: ""ריק פה לגמרי""  @danayarkechy",195,729996,18299,280,1305,460,882
7480523510364802305,2025-03-11,Video,הכירו את המחליף של דניאל הגרי #דוברצה״ל #צהל #כאן11 ,191,24678,786,7,13,6,34
7480294865159392519,2025-03-10,Video,"קורע לב: רוני ועלמא, בנותיו הקטנות של החטוף עמרי מירן, פנו בסרטון אל הנשיא טראמפ וביקשו ""שיביא את אבא מעזה"" 🥹💔 @nofar_moshe_ferdo",37,98702,8414,116,108,12,199
7480268681948187912,2025-03-10,Video,השר שביקש מיועץ התקשורת לסכסך בין משפחות והאיומים מגורמים בכירים: מי מנסה להשתיק את משפחות החטופים? @yaara.shapira,838,275457,6144,294,352,103,666
7480169728288230663,2025-03-10,Video,האם משפחה יכולה להסתדר במשך שבוע שלם בלי מכונית בגוש דן? שאול אמסטרדמסקי יצא לבדוק #תקועים- פרק 1 @amsterdamski_2,656,160020,6216,112,202,49,330
7480187483867581712,2025-03-10,Video,"רונן צור, יו""ר מטה החטופים לשעבר, טוען כי גורמים ממשלתיים איימו על בני משפחות כבר בתחילת המלחמה @yaara.shapira",64,52835,2590,401,312,127,131
7479943765851950354,2025-03-10,Video,כעבור שנה וחצי: הילדים המפונים מהצפון סוף סוף חזרו ללמוד בבתי הספר שננטשו בתחילת המלחמה @rubihammerschlag ,250,194144,11716,128,724,109,360
7479943201588088082,2025-03-10,Video,אחרי העדויות הקשות של טאיסיה ו-נ' - אייל גולן הכריז על סולד אאוט בבלומפילד @nofar_moshe_ferdo ,170,188933,8998,1013,285,17,390
7480072867363687687,2025-03-10,Video,#NewDayWillRise 🇮🇱✨ #eurovision2025,59,775519,54834,1316,1188,241,2081
7479940572652850450,2025-03-10,Video,"המשטרה תפסה שני גורי אריות וארבעה קופים בפזורה הבדואית בנגב: ""זו התעללות בבעלי חיים"" @itsikzuarets ",226,489789,17989,543,1653,401,1122
7479938985041628423,2025-03-09,Video,מה קורה כשהפוליטיקה חודרת למשרד החינוך? שר החינוך יואב קיש מנצל את תקציבי משרד החינוך כדי להתקדם בליכוד @ifatglick1 ,824,46506,2076,211,204,70,147
7479786265328717063,2025-03-09,Video,לא כל כך נעים לראות גן סגור: המחסור בכוח אדם חוגג - וההורים משלמים @liran_kogahinoff ,171,120372,2717,179,342,200,176
7479758700262067463,2025-03-09,Video,טעמתם כבר את הסינבון המפורסם של סטודיו קפה בערד?  #מקורבלצלחת @amsterdamski2 ,35,151862,8673,50,909,255,601
7479749915955055879,2025-03-09,Video,אחרי ההפגנות הפרו-פלסטיניות - הצעד של טראמפ נגד אוניברסיטת קולומביה,158,194615,12819,465,375,127,365
7479718663134792978,2025-03-09,Video,התעלומה הסתיימה: מה קרה לשחקן ההוליוודי ולאשתו?,194,44402,483,23,30,14,25
7479694234275138834,2025-03-09,Video,גבר טיפס אתמול בבוקר על הביג בן בלונדון ולא הסכים לרדת מהבניין במשך יותר מ-20 שעות 🥵,50,48263,911,133,16,0,35
7479482428013202706,2025-03-09,Video,"לישי, אשתו של החטוף עמרי מירן, נאבקת לשחרורו - בזמן שהיא מגדלת את שתי בנותיהם הקטנות: ""לא שוכחת להיות אמא""",605,58567,2599,24,23,5,89
7479528785751067911,2025-03-08,Video,הוחזק בקופסת פלסטיק קטנטנה: המשטרה איתרה קוף נוסף בפזורה הבדואית  @itsikzuarets  📸: דוברות משטרת ישראל,36,242843,11283,298,1548,324,529
7479467947405200648,2025-03-08,Video,"״המחבל התבלבל״: איראני ניסה לאיים על ג׳ולי, אמו של החטוף בר קופרשטיין. התשובה שלה השאירה אותו חסר מילים ❤️ @נטלי מתוקו ",49,396794,21179,169,378,129,709
7479514170275220743,2025-03-08,Video,"שורד השבי אלי-ה כהן במסר ראשון אחרי שחרורו: ""אלון אהל ואלקנה בוחבוט, תהיו חזקים, אני אוהב אתכם. תדעו שאנחנו עושים הכול כדי שתחזרו הביתה""",160,14054,749,5,7,1,21
7479464629530348807,2025-03-08,Video,"הצד של הירקון שלא הכרתם: תנים, עטלפים ולהקות דגים וציפורים ",708,171400,4883,78,270,54,327
7479455158758345992,2025-03-08,Video,"אביו של אלה (אלחנדרו) שנפל באסון המסוקים, החל בפעילות הסברה מסביב לעולם: ""הדמעות נגמרו, עכשיו אני בשלב של הגעגועים""  @rubihammerschlag ",53,52829,2704,43,16,5,89
7479438754424360200,2025-03-08,Video,אל תנסו את זה בבית: בועז ליליאור הלך על חבל מעל השיטפונות בנחל חלמיש שבמדבר יהודה,84,435374,24211,723,1992,114,1298
7479425332886506760,2025-03-08,Video,"הרמטכ""ל החדש הודיע שתא""ל דניאל הגרי, דובר צה""ל, יסיים את תפקידו  @itayblumental1 ",218,377391,12037,358,282,75,618
7478771707767950610,2025-03-06,Video,השיר שדניאלה גלבוע הקדישה לחטופים🎗️❤️,79,156608,13980,257,177,39,503
7478739035343719688,2025-03-06,Video,כשהתוכנית מתחילה - אבל למישהו לידך יש תוכניות אחרות😂,39,121014,6318,53,507,42,310
7478696566895758608,2025-03-06,Video,"""זו הצוואה שלה"": דוכן פלאפל חדש נפתח בגדרה לזכר קים דמתי ז""ל ❤️‍🩹🥙 #כאןחדשות #7באוקטובר ",293,216809,12642,181,300,107,319
7478725437502393618,2025-03-06,Video,"""זה אסון שאין שיחות כרגע. האור בקצה המנהרה נגמר"": עופר קלדרון בריאיון ראשון אחרי השבי",12,127837,8550,61,45,8,181
7478686350510673168,2025-03-06,Video,מרגיש כמו לפני נצח: 5 שנים למגפת הקורונה - האם התנהלנו נכון? #כאןחדשות #קורונה ,471,165642,5258,357,338,66,367
7478613218332626184,2025-03-06,Video,"משפחתו של שאולי גרינגליק ז״ל, שנפל בלחימה בעזה, פגשה את אבידע בכר, שאיבד את אשתו דנה ז״ל ובנו כרמל ז״ל בטבח 7 באוקטובר. משפחת גרינגליק ואבידע נפגשו בביתו של אבידע בבארי, ושרו ביחד את השיר ״בין קודש לחול״ ❤️ @דורית ",202,77482,7043,150,219,102,286
7478459499234299144,2025-03-05,Photo,"הנשיא טראמפ נפגש עם שורדי השבי נעמה לוי, דורון שטיינברכר, נועה ארגמני, קית׳ ואביבה סיגל, עומר שם טוב, אלי שרעבי ויאיר הורן 💛 @מיכאל שמש Michael Shemesh ",0,47915,3295,122,67,8,122
7478440810925640968,2025-03-05,Video,שמונת שורדי השבי נפגשו עם הנשיא טראמפ 💛,72,25189,1704,71,181,37,82
7478319275351100673,2025-03-05,Video,לחמאס אין מנהיג - אז איך מתקבלות החלטות בארגון הטרור? #שוברחומות ,373,144110,2324,60,81,37,185
7478298703170718992,2025-03-05,Video,החזקת חיות בר ללא רישיון הינה עבירה על החוק. המשטרה פתחה בחקירה לאיתור המעורבים ,25,646538,27145,1214,6005,962,2479
7478294873821449473,2025-03-05,Video,אשתו של החטוף החלל אוהד יהלומי נפרדת💔,87,16423,1079,29,6,0,41
7478104430483639560,2025-03-04,Video,"מתחבקים חזק-חזק ולא עוזבים: אלי-ה כהן פגש את סבתא שלו לראשונה מאז השחרור ❤️ צילום: דניאל זיו, דוברות צור הדסה",68,206689,23420,597,1104,346,649
7478062054226677009,2025-03-04,Video,הסדר העולמי מתנפץ? העימות בבית הלבן שיכול לשנות את העולם  #סיפורעולמי @yoavzehavi10 ,444,92350,1515,73,61,16,123
7477923216749612295,2025-03-04,Video,"עומר, סבתא מחכה לך ❤️",6,42731,1403,6,16,3,21
7477918379592977682,2025-03-04,Video,"איזה יום יש להם, סמואל: תושבי גדרה חוגגים את חזרתו של עומר ונקראוט הביתה ❤️",7,197120,2502,24,17,4,50
7477894162960911624,2025-03-04,Video,"אחרי שהבית שלו - ואיתו 50 שנים של זיכרונות - נחרבו בט@ח בבארי, סרט הצילום של סבא אלי נמצא והחיה את הזיכרונות ",805,24461,725,8,7,2,43
7477690282524282120,2025-03-03,Video,"הוריו של שורד השבי עומר שם טוב בריאיון מיוחד: ""עומר נולד מחדש בגיל 22. למעשה הוא הציל את עצמו, אנחנו רק עזרנו לו""",586,179686,12685,151,126,33,427
7477656594638048529,2025-03-03,Video,"אייל, אביה של התצפיתנית רוני אשל ז""ל, קורא להקמת ועדת חקירה ממלכתית - ומקבל כוחות מהחיוך שלה: ""זה מה שמחזיק אותי""",14,54893,3171,148,27,2,61
7477610736114584850,2025-03-03,Video,רק בני 8 - וכבר במכון @danayarkechy  #כאןחדשות #מכוןכושר #ספורט #טיקטוק #כושר ,251,84280,3033,63,233,39,176
7477602525659565330,2025-03-03,Video,גם אתם נתקעתם בפקק לקניון הכי גדול בארץ? @yoavborowitz  #כאןחדשות #גלילות,200,552248,16769,331,1589,402,939
7477596543890279688,2025-03-03,Video,"עימותים אל*מים בין משפחות שכולות למשמר הכנסת: משפחות שכולות מפורום אוקטובר, שדורשות ועדת חקירה ממלכתית, לא הורשו להיכנס למליאה  @yaara.shapira  צילום: פורום אוקטובר",36,92691,9397,306,79,32,7657
7477327678291315975,2025-03-02,Video,שורדי השבי עומר שם טוב ואליה כהן חגגו עם הזמרת אודיה בבית החולים ❤️  @אודיה אזולאי @Itay Blumental איתי בלומנטל ,54,196582,13763,156,332,75,498
7477226083977366791,2025-03-02,Video,"""גאה בבחירה שעשיתי"" #צה״ל #חרדים #כאן11 ",627,87323,2344,56,48,18,66
7477170783102455048,2025-03-02,Video,מצדיעים לחטוף המבוגר ביותר - בדרכו האחרונה #שלמהמנצור #כאן11 #חטופים ,23,88711,5385,360,59,9,139
7476911367572688144,2025-03-01,Video,עומר שם טוב שוחרר מבית החולים💛 ,22,67965,3563,24,29,10,62
7476793200955395335,2025-03-01,Video,"ההורים של אביתר דוד וגיא גלבוע דלאל מכירים כבר יותר מ-20 שנה, מאז שהם הפכו לחברים טובים כילדים. הם מעולם לא דמיינו שהם יצטרכו להיאבק ביחד להשבתם מהשבי בעזה 💔",73,88448,6841,44,45,8,147
7476557833278917895,2025-02-28,Video,טראמפ נוזף בזלנסקי מול המצלמות,90,642301,17244,1399,3291,1813,1454
7476548136266140935,2025-02-28,Video,השיר המרגש של שגיא דקל חן למען השבת החטופים @itsikzuarets ,40,83833,6688,122,135,42,164
7476403125864107265,2025-02-28,Video,"עם סיכת חטופים אדומה: אחותו של צחי עידן, נפרדה ממנו לעיני מאות בבלומפילד 💔",37,68841,4969,50,24,3,85
7476091177121434888,2025-02-27,Video,"מכירים את זה שאתם משרתים בצבא, משתחררים, יוצאים לעבוד ומשלמים הרבה מיסים - ואז מגלים שיש מישהו שלא עשה אף אחד מהדברים האלה, אבל מקבל מאות אלפי שקלים מהמיסים שלכם?  #המספרהיומי @lielkyzer1 ",120,152771,8900,460,473,145,384
7476040029001764114,2025-02-27,Video,פירות וירקות ממשפחת ביבס: המונים תמכו במשק המשפחתי ,177,331563,17655,245,450,180,491
7476030203181993224,2025-02-27,Video,"חשיפת הקשר בין בנו של ראש הממשלה לקונספירציה על ""הבוגדים מבפנים"" #בוגדיםמבפנים #בגידה #כאן11 ",159,101156,3323,963,721,322,240
7475720151678127378,2025-02-26,Video,"עופרי, אחותו של ירדן ביבס, נפרדה משירי, אריאל וכפיר: ״לולי ופירפיר, נדאג שהזיכרון שלכם יהיה של תמימות, אהבה וטוב. שירי, היית בת הזוג המושלמת לירדן״",39,58346,6598,100,37,5,294
7475707705945050369,2025-02-26,Video,"""חמישה מלאכים רק שלי"": אחות של שירי ביבס, שאיבדה גם את שני הוריה, נפרדת",58,80411,7482,115,51,14,246
7475705270438481160,2025-02-26,Video,"״אריאל, אני חושב שהגשמת את החלום - אתה גיבור על!״: אבינועם בלומנקרנץ ספד לשירי, אריאל וכפיר ז״ל בשם קיבוץ צאלים ",53,304162,23314,459,248,79,929
7475695806041935121,2025-02-26,Video,"""תצחיקו את כל המלאכים שם למעלה"": ירדן ביבס נפרד מכפיר ואריאל💔",111,966511,107550,2601,2368,557,6517
7475695106528529671,2025-02-26,Video,מדינה שלמה עם לב שבור: ההספד המלא של ירדן ביבס לאהובתו שירי ולילדיו הקטנים אריאל וכפיר. יהי זכרם ברוך,226,453540,44350,707,770,170,3334
7475684231063129360,2025-02-26,Video,"""שירי בבקשה אל תלכי רחוק"": ירדן ביבס נפרד בכאב",90,1074631,113234,3003,2878,766,5557
7475661907425381650,2025-02-26,Video,"מרואן וחבריו מבית הספר הגיעו מדלית אל-כרמל ללוות את מסע הלוויה של שירי, אריאל וכפיר ביבס ז״ל: ״חשוב לי מאוד להראות לעולם הערבי מה חמאס עשה״  @akivaweisz @Marwan Jaber מרואן גאבר ",19,392859,24348,779,566,77,598
7475653738066103559,2025-02-26,Photo,"באטמן, שאריאל ביבס ז״ל כל כך אהב, הגיע להיפרד ממנו 💔",0,66265,8644,187,81,24,324
7475628793844075794,2025-02-26,Photo,"מסע הלוויה של שירי, אריאל וכפיר ביבס ז״ל יצא לדרך מחברה קדישא ראשון לציון, המונים הגיעו לחלוק להם כבוד אחרון 💔 צילום: אבשלום ששוני, פלאש 90",0,27825,2683,48,9,2,79
7475618044241300743,2025-02-26,Video,"מהמרכז ועד לעוטף: המונים מלווים את שירי, אריאל וכפיר ביבס ז""ל בדרכם האחרונה 🧡 @nofar_moshe_ferdo",11,187029,10185,214,103,29,206
7475616501152648466,2025-02-26,Video,"המונים שרים את התקווה בדמעות כשהשיירה של שירי, אריאל וכפיר ביבס ז""ל עוברת ליד מחלף ראשונים 💔 @ittaishickman2",33,116300,8416,130,142,49,185
7475404992606637329,2025-02-25,Video,"אחרי נפילת אסד, כמה מיהודי סוריה שברחו לארה""ב חזרו לדמשק ונפגשו עם אנשיו של הנשיא החדש אל-ג'ולאני @roikais1987 #סוריה #יהודים #כאן11",408,121976,3721,71,245,119,263
7475388226790771969,2025-02-25,Video,"מסעד, פלסטיני לשעבר, נפרד מחברו הטוב עודד ליפשיץ ז""ל #חטופים #כאןחדשות #7באוקטובר",23,604450,22579,1440,1023,427,963
7475348254020947207,2025-02-25,Video,"יוכבד נפרדת מבעלה עודד ליפשיץ ז""ל שנ@צח בשבי חמאס בעזה ומובא למנוחות בניר עוז: ""מודה לך על מסע חיים של 67 שנים, ניפגש בבוא העת""  (צילום: עזרא צחור)",37,203844,13994,332,190,31,421
7475313160841432338,2025-02-25,Video,"שוב בבית: שנה וחצי אחרי שנחטף מביתו בניר עוז - ארונו של עודד ליפשיץ ז""ל הגיע לקיבוץ 💔 @itsikzuarets צילום: דוברות ניר עוז",9,209498,3803,87,14,2,61
7475285644269325575,2025-02-25,Video,ארגנטינה: אלפים שרים את התקווה בהפגנה לשחרור החטופים 💛,41,47098,4665,202,168,59,126
7475062430817586440,2025-02-24,Video,כניסה חופשית לכנסת,126,86855,2087,239,32,9,87
7475054870026915090,2025-02-24,Video,במה עסק הדיון החסוי במסגרת משפט נתניהו שבו השתתף גם ראש אגף המודיעין? @michaelshemesh #נתניהו,46,42687,435,97,27,9,34
7475007649982041351,2025-02-24,Video,האיש שבנה את מכונת המלחמה שמטרתה - חיס1ל ישראל,66,48380,627,31,29,11,50
7474960777095515399,2025-02-24,Video,"?מהן האפשרויות לסיום המלחמה בחזיתות השונות, ומה יהיה עתידה של עזה #INSS",49,41973,1065,18,35,12,82
7474733080641621255,2025-02-23,Video,"אמא של יואב, החבר הטוב של אריאל ביבס ז""ל, מנסה למצוא תשובות 💔",256,369451,37930,331,562,71,1942
7474713654277967122,2025-02-23,Video,גל הקור קורל נמשך: שלג ירד בחיפה לראשונה מזה 9 שנים ❄️,6,954754,50484,700,7363,1534,1617
7474680484425977095,2025-02-23,Video,"אחיו של אברה מנגיסטו הודה לצה""ל לראש הממשלה ולנשיא טראמפ: ""קיבלנו מתנה יקרה מפז, ברוך מחיה המתים!"" צילום: מעיין טואף, לע""מ",30,109874,8261,176,55,13,243
7474668893412379922,2025-02-23,Video,"קורל הגיעה: ירושלמים, גם אצלכם יורד שלג? ❄️❤️ @haimgoldich",16,193448,8710,197,854,225,244
7474634366304472327,2025-02-23,Video,"נתניהו נאם בטקס סיום קורס קצינים, אנשים בקהל הפנו לו את גבם וקראו לו להגיע לקיבוץ ניר עוז - בו רה""מ לא ביקר עדיין מאז טבח 7 באוקטבר @ittaishick",8,124301,4649,1317,153,58,90
7474618434039434504,2025-02-23,Video,"עידן עמדי חזר למופע ראשון מאז הפציעה, שכולו טלטלה רגשית #עידןעמדי",265,95158,9213,77,296,103,575
7474600884152831233,2025-02-23,Video,קורע לב: אמא של עדן בן רובי שנרצחה בנובה לא במסר לעם ישראל  #כאן11 #עדןבןרובי #נובה,55,81945,6634,298,68,19,169
7474524959348477204,2025-02-23,Video,16 חודשים אחרי שנחטף מידיה של זיו במיגונית: אלי-ה גילה שהיא שרדה את התופת❤️‍🩹,365,724862,54234,179,497,77,2142
7474312897234095368,2025-02-22,Video,עורכים הבדלה עם משפחתם אחרי 505 ימים בשבי❤️,75,217265,18629,316,525,176,344
7474305173624474887,2025-02-22,Video,הישאם אל-סייד במפגש המרגש עם אביו שעבאן ואחיו ווסים,17,397040,11596,314,415,137,418
7474303426654899463,2025-02-22,Video,גם אחרי 505 ימים בשבי - עומר ונקרט שומר על ההומור,63,431338,32515,95,266,45,633
7474299779313437960,2025-02-22,Video,קבלת פנים שמתאימה למפיק מסיבות🎉,39,67910,3316,5,23,4,34
7474286110768696583,2025-02-22,Video,אלי-ה התאחד עם זוגתו זיו והרגיע את הוריו שפרצו בבכי❤️‍🩹,34,193439,15550,148,271,53,515
7474272094440672530,2025-02-22,Video,עומר שם טוב מתאחד עם משפחתו❤️,103,54552,3810,40,48,11,93
7474245685819313416,2025-02-22,Video,חיבוק מאבא ואמא אחרי 505 ימים❤️🥹 צילום: לע״מ,27,60898,3336,69,55,27,67
7474243494048042247,2025-02-22,Video,החברים של אלי-ה כהן חוגגים בטירוף 💛 #אנהפינס,39,28339,948,8,4,1,33
7474233468923219208,2025-02-22,Video,"""כמה חלמתי עליכם, אתם גיבורים"": האיחוד המרגש של עומר שם טוב עם הוריו אחרי 505 ימים בשבי",85,550141,25186,367,335,130,596
7474224416860458258,2025-02-22,Video,"אבא של זיו עבוד, בת זוגו של אליה כהן: ""אני מתרגש, בעזרת השם תוך חודשיים-שלושה הם יתחתנו""",26,486903,52668,636,3270,412,1905
7474210758381817106,2025-02-22,Video,"טל, כמה טוב שחזרת!❤🎗️",16,159726,4293,28,40,19,99
7474201039923678472,2025-02-22,Video,כמה הוא נלחם עליו💛🥹,19,139799,4071,51,191,40,77
7474199161823399176,2025-02-22,Video,"מחכים לך בבית, אליה❤",36,86119,4980,185,81,41,92
7474195013258267922,2025-02-22,Video,"עומר שם טוב, אליה כהן ועומר ונקרט בדרך הביתה🇮🇱🇮🇱",20,790301,21572,602,340,114,756
7474193662054878472,2025-02-22,Video,חיבוק אחרי 11 שנה ❤️🥹 צילום: לע״מ,10,227944,15451,221,384,85,460
7474168311769599239,2025-02-22,Video,🥹כמה הם חיכו לו,23,357353,8453,180,64,17,260
7474162660670508296,2025-02-22,Video,הנה האור: אחרי 11 שנים - משפחתו של אברה תזכה לחבק אותו❤️,34,1681601,89914,1548,1740,363,3209
7473879470999407879,2025-02-21,Video,💔אין סוף לאכזריות. יהי זכר האחים ביבס ברוך,86,948783,83097,1698,1963,582,3517
7473862327289384199,2025-02-21,Video,"עופרי ביבס לוי: לולי ופירפיר, סליחה שאני עוד לא יכולה לבכות עליכם. אנחנו מחכים לאמא שירי",85,52077,2781,72,27,12,70
7473777892753706258,2025-02-21,Video,"""אם קבוצה כמו חמאס הייתה י!רה על ארה""ב, נכנסת וחוטפת משפחות - היינו מח0לים אותה""",32,227293,22694,1855,1066,274,860
7473397914518228231,2025-02-21,Video,"ההלם המוחלט: עם המונים זועמים וחלומות נורמליזציה שנעלמו, במדינות ערב חשבו ששלום קר זה המקסימום שישראל תקבל. ואז הגיעה ההפתעה בבית הלבן #בשכונהשלנו",439,212652,6713,108,197,88,351
7473657873294167304,2025-02-21,Video,"ההתנהלות המזעזעת של חמא0: צה""ל הודיע לבני משפחת ביבס שאריאל וכפיר זוהו, הגופה הנוספת אינה של שירי ביבס @itayblumental1 #ביבס",62,655937,44160,735,3809,1332,1865
7473657193057815816,2025-02-21,Photo,"ירדן ביבס התבשר שזוהו הג!פות של אריאל וכפיר הקטנים, אך הג!פה השלישית היא לא של שירי. למעשה, זהותה לא ידועה ",0,69178,4187,255,119,41,148
7473590781526183186,2025-02-20,Video,"אירוע חריג בבת ים, האוטובוסים היו ריקים ולא היו נפגעים",18,248644,10099,331,666,211,468
7473549429748911367,2025-02-20,Video,עם ישראל היפהפה 💙🤍 #חטופים #כאןחדשות #7באוקטובר #ישראל🇮🇱,34,24327,464,12,9,1,19
7473515730542038280,2025-02-20,Photo,,0,13065,775,27,6,3,23
7473495018414640392,2025-02-20,Video,"""אני מרגיש כאילו רצחו את הנכדים שלי"" 💔 #כאןחדשות #7באוקטובר #חטופים",56,547782,40837,658,589,146,1195
7473447320630103314,2025-02-20,Video,"גאולה הגיעה לצפות בשיירת החללים החטופים ולא הצליחה לעצור את הדמעות: ""מה עשו לנו? איך אפשר לא לבכות?"" @itsikzuarets",23,429207,29506,692,247,86,666
7473429688749280520,2025-02-20,Video,"אין גבול לכאב: למעלה - עודד ליפשיץ מנגן בפסנתר האהוב שלו בביתו בקיבוץ ניר עוז, למטה - הפסנתר שרוף אחרי טבח 7 באוקטובר, כשמחבלים חטפו אותו ואת אשתו יוכבד לעזה 💔",68,39965,2960,17,42,6,85
7473411484714896658,2025-02-20,Video,קהילת ניר עוז עמדה בגשם השוטף לדקה דומייה לזכר החטופים החללים 💔 @yoavborowitz,50,72481,3629,103,36,15,90
7473389528997219602,2025-02-20,Video,"אריאל ביבס (""לולי"") ובת דודתו תואם (""טוטו"") גדלו ביחד, בית ליד בית: ""מתי הם יחזרו?""  (מתוך כתבה ששודרה בדצמבר 2024) @nofar_moshe_ferdo",36,277232,25037,201,183,27,959
7473214501567859976,2025-02-19,Video,סוף שובר לב 💔 #ביבס,73,240271,21027,232,112,34,672
7473210918927715592,2025-02-19,Video,"שירי, באטמן וכפיר 💔 #כאןחדשות #7באוקטובר #חטופים",19,957520,83622,900,1000,173,3377
7473175715966455047,2025-02-19,Video,"""גיבורי על"", שהפך להמנון של המלחמה, התחיל בכלל מפוסט שאסף פרי כתב בפייסבוק ב-10 דקות  @ittaishickman2 (מתוך סדרת הכתבות פסקול המלחמה)",97,54746,3510,12,62,14,100
7473118500395977992,2025-02-19,Video,"יעל, אמו של החטוף תמיר אדר ז""ל: ""חייבים לתקן את הכישלון ולהחזיר את כל החטופים - גם את החללים""  @yoavborowitz",46,25524,1590,59,11,2,44
7473067035623263495,2025-02-19,Video,"יוכבד ליפשיץ, אשתו של החטוף עודד ליפשיץ ופדוית שבי בעצמה: ""עודד היה פעיל שלום, הפלסטינים בגדו בו אחרי שהוא נלחם למענם כל חייו"" @yoavborowitz",20,538217,23338,1192,1765,739,784
7473062300258143496,2025-02-19,Video,"אחרי יותר מעשור, אברה מנגיסטו צפוי לחזור #הביתה ביום שבת הקרוב",81,988183,64168,556,896,150,2567
7473051001373723912,2025-02-19,Video,"אביטל, אשתו של שגיא דקל-חן שחזר מהשבי ביום שבת: ""תודה לכל עם ישראל שפעל למען חזרתו, שגיא מאושר""  @yoavborowitz",21,36795,1984,18,13,2,38
7473042037810482450,2025-02-19,Video,"אחרי ההתבטאויות ההומופוביות: הצעד של מפכ""ל המשטרה למען הקהילה הגאה @ittaishickman2",21,19521,473,8,7,1,25
7473034887214288146,2025-02-19,Video,"בפעם השנייה השבוע: חסידי ברסלב חצו לתוך לבנון כדי להתפלל בקבר הרב אשי. כוחות הביטחון חילצו אותם צילום: ארגון ""דורשי יחודך"" של חסידי ברסלב #כאןחדשות#ברסלב",29,165045,5219,201,215,57,192
7472807880450739474,2025-02-18,Photo,,0,146599,10625,70,104,21,285
7472797563540770055,2025-02-18,Video,"דודתו של החטוף אלון אהל, שלפי עדויות מוחזק עם אליה כהן: ״שמענו שאליה משתחרר, יש פחד שאלון יישאר לבד בשבי עכשיו״ 💔 צילום: שירה שיננזון, משמרת 101",12,28488,1364,7,10,2,19
7472794871875538194,2025-02-18,Video,אפילו הכלב מאושר: שמחה במשפחת שם טוב אחרי הבשורה שעומר משתחרר בשבת ❤️,29,44173,3911,207,115,51,56
7472789833165884679,2025-02-18,Video,אימו של החטוף עומר שם טוב מקבלת את הבשורה על שחרורו,6,689898,34589,1231,442,172,560
7472730681240472850,2025-02-18,Video,לאן נעלמה היימנוט הקטנה?,922,352664,19625,236,508,57,1126
7472706375659932935,2025-02-18,Video,"התצפיתנית אגם ברגר הודתה לטראמפ: ""חייבים להחזיר את כל החטופים, אתה התקווה שלהם""  @rambopoet",34,690159,40767,1569,428,94,1103
7472663889235283207,2025-02-18,Video,"בימים הקרובים יגיע אלינו גל הקור ""קורל"" - אבל האם באמת ירד שלג בירושלים? שרון וכסלר, החזאית שלנו, עושה סדר בשמועות #שלג #ירושלים #קורל",120,496034,19370,189,1972,579,714
7472457027873295624,2025-02-17,Video,פרסום ראשון: הבגרויות יחזרו לכיתה י'? @liran_kogahinoff ,23,169352,9759,392,2647,246,460
7472447014790335752,2025-02-17,Video,סטרטאפיסט של טרור: זה הארכי-מחבל שהפך את חיזבאללה לארגון הטרור המוביל בעולם #אויבים  #כאן11 ,130,548163,15082,48,453,153,1626
7472423469032967431,2025-02-17,Video,"המלחמה שינתה אותנו - אבל איך היא השפיעה על המוזיקה שלנו? הפרק הראשון בסדרה פסקול המלחמה, הערב במהדורה @ittaishickman2 @shahar_tavoch",31,15062,441,13,6,0,16
7472374247483149576,2025-02-17,Video,"סבא וסבתא של בר קופרשטיין, ניצולי שואה, נאבקים לשחרורו: ""לא חשבתי שזה ייקח יותר משנה, חשבנו שתכף הוא יחזור""",38,70102,5536,85,55,7,196
