"Post ID","Account ID","Account username","Account name",Description,"Duration (sec)","Publish time",Permalink,"Post type","Data comment",Date,Views,Reach,Likes,Shares,"Profile visits",Replies,Navigation,Follows,"Link clicks","Sticker taps"
17900621769520315,17841407868310918,kan_news,"כאן חדשות",,0,"07/22/2026 08:36",https://www.instagram.com/stories/kan_news/3946962442080874014,"IG story",,Lifetime,20134,16563,20,4,25,3,15955,1,,
18132015232722559,17841407868310918,kan_news,"כאן חדשות",,17,"08/10/2026 07:20",https://www.instagram.com/stories/kan_news/3960694898008716257,"IG story",,Lifetime,875,493,1,0,1,0,564,,,
18115444600931510,17841407868310918,kan_news,"כאן חדשות",,5,"08/10/2026 06:27",https://www.instagram.com/stories/kan_news/3960668174797700565,"IG story",,Lifetime,1658,1038,0,0,1,1,1049,,,
18196879099374038,17841407868310918,kan_news,"כאן חדשות",,0,"08/10/2026 05:51",https://www.instagram.com/stories/kan_news/3960650045221037121,"IG story",,Lifetime,1901,1400,4,0,1,0,1598,,,
18084837809228761,17841407868310918,kan_news,"כאן חדשות",,51,"08/10/2026 00:01",https://www.instagram.com/stories/kan_news/3960473832988497928,"IG story",,Lifetime,4031,3062,16,1,8,1,3526,,,
18091489772645478,17841407868310918,kan_news,"כאן חדשות",,0,"08/10/2026 00:01",https://www.instagram.com/stories/kan_news/3960473691045234740,"IG story",,Lifetime,4224,3240,3,2,2,2,3713,,,
18105376745465892,17841407868310918,kan_news,"כאן חדשות",,0,"08/10/2026 00:01",https://www.instagram.com/stories/kan_news/3960473599382955885,"IG story",,Lifetime,4245,3378,5,0,5,0,3303,,,
17896439376377966,17841407868310918,kan_news,"כאן חדשות",,49,"08/09/2026 11:40",https://www.instagram.com/stories/kan_news/3960100726067321406,"IG story",,Lifetime,6586,5296,10,27,3,0,5486,,,
18485336653100886,17841407868310918,kan_news,"כאן חדשות",,0,"08/09/2026 11:23",https://www.instagram.com/stories/kan_news/3960092518754512874,"IG story",,Lifetime,7048,5661,9,0,4,2,6108,,,
18101432444243984,17841407868310918,kan_news,"כאן חדשות",,0,"08/09/2026 09:56",https://www.instagram.com/stories/kan_news/3960048443540097125,"IG story",,Lifetime,7973,6363,8,4,7,3,6797,,,
18083715941296125,17841407868310918,kan_news,"כאן חדשות",,0,"08/09/2026 06:00",https://www.instagram.com/stories/kan_news/3959929563878508200,"IG story",,Lifetime,8673,7004,6,1,6,3,7858,,,
17931397878367499,17841407868310918,kan_news,"כאן חדשות",,0,"08/09/2026 05:58",https://www.instagram.com/stories/kan_news/3959928592972450962,"IG story",,Lifetime,9685,7798,13,47,20,0,8170,,,
18087837539155346,17841407868310918,kan_news,"כאן חדשות",,19,"08/08/2026 13:20",https://www.instagram.com/stories/kan_news/3959426205152876340,"IG story",,Lifetime,13163,10813,31,0,12,3,10042,,,
18614057080056096,17841407868310918,kan_news,"כאן חדשות",,12,"08/08/2026 13:19",https://www.instagram.com/stories/kan_news/3959426147447666149,"IG story",,Lifetime,12501,11089,15,5,4,3,10476,,,
18082329350271120,17841407868310918,kan_news,"כאן חדשות",,60,"08/08/2026 13:19",https://www.instagram.com/stories/kan_news/3959426113608001777,"IG story",,Lifetime,13047,11511,25,16,11,6,12112,,,
18348528916169665,17841407868310918,kan_news,"כאן חדשות",,34,"08/08/2026 13:19",https://www.instagram.com/stories/kan_news/3959426079667662496,"IG story",,Lifetime,13293,11927,27,1,2,7,12330,,,
18117663122506147,17841407868310918,kan_news,"כאן חדשות",,60,"08/08/2026 13:19",https://www.instagram.com/stories/kan_news/3959426015117315729,"IG story",,Lifetime,14560,12414,30,1,11,1,12559,,,
18116424623296640,17841407868310918,kan_news,"כאן חדשות",,55,"08/08/2026 13:19",https://www.instagram.com/stories/kan_news/3959425955180719478,"IG story",,Lifetime,15115,13328,239,9,7,23,13240,,,
17913780438430443,17841407868310918,kan_news,"כאן חדשות",,35,"08/08/2026 13:19",https://www.instagram.com/stories/kan_news/3959425922691630833,"IG story",,Lifetime,16954,14433,41,10,11,11,13783,,,
17978436729078442,17841407868310918,kan_news,"כאן חדשות",,50,"08/08/2026 07:19",https://www.instagram.com/stories/kan_news/3959244535946703294,"IG story",,Lifetime,18637,15885,29,12,24,5,16085,2,,
17885330943673058,17841407868310918,kan_news,"כאן חדשות",,49,"08/08/2026 01:09",https://www.instagram.com/stories/kan_news/3959058589733227012,"IG story",,Lifetime,22276,18706,45,7,27,1,18777,,,
18121445350849278,17841407868310918,kan_news,"כאן חדשות",,56,"08/07/2026 11:03",https://www.instagram.com/stories/kan_news/3958632458035061535,"IG story",,Lifetime,18501,15571,104,4,18,12,16141,,,
18055493741554693,17841407868310918,kan_news,"כאן חדשות",,9,"08/07/2026 09:20",https://www.instagram.com/stories/kan_news/3958581087155958684,"IG story",,Lifetime,18518,15257,113,1,10,10,12547,,,
18108730025007343,17841407868310918,kan_news,"כאן חדשות",,0,"08/07/2026 07:53",https://www.instagram.com/stories/kan_news/3958536840554457936,"IG story",,Lifetime,16445,14113,30,2,9,7,13849,,,
17876338038624099,17841407868310918,kan_news,"כאן חדשות",,60,"08/07/2026 07:52",https://www.instagram.com/stories/kan_news/3958536605815408699,"IG story",,Lifetime,17817,15332,72,29,14,15,15223,,,
18112687513895847,17841407868310918,kan_news,"כאן חדשות",,0,"08/07/2026 00:42",https://www.instagram.com/stories/kan_news/3958319875139213238,"IG story",,Lifetime,14532,11383,30,2,6,13,12704,,,
18092807645159979,17841407868310918,kan_news,"כאן חדשות",,0,"08/07/2026 00:41",https://www.instagram.com/stories/kan_news/3958319620192712893,"IG story",,Lifetime,15880,12682,35,1,12,6,12278,,,
18137649019574535,17841407868310918,kan_news,"כאן חדשות",,0,"08/06/2026 12:03",https://www.instagram.com/stories/kan_news/3957938201922406011,"IG story",,Lifetime,9308,7597,25,0,12,4,7890,,,
17943929937057708,17841407868310918,kan_news,"כאן חדשות",,23,"08/06/2026 10:52",https://www.instagram.com/stories/kan_news/3957902132744726986,"IG story",,Lifetime,9264,7911,62,1,4,11,7720,,,
18065078675755328,17841407868310918,kan_news,"כאן חדשות",,0,"08/06/2026 10:43",https://www.instagram.com/stories/kan_news/3957897856987746434,"IG story",,Lifetime,9634,7720,18,2,5,6,8152,1,,
18210326053349526,17841407868310918,kan_news,"כאן חדשות",,10,"08/06/2026 09:50",https://www.instagram.com/stories/kan_news/3957870953639324990,"IG story",,Lifetime,10073,8203,54,2,3,20,7892,,,
18077416970449654,17841407868310918,kan_news,"כאן חדשות",,0,"08/06/2026 09:02",https://www.instagram.com/stories/kan_news/3957846956541992139,"IG story",,Lifetime,9570,7557,17,0,1,0,8229,,,
18046177718597986,17841407868310918,kan_news,"כאן חדשות",,0,"08/06/2026 09:02",https://www.instagram.com/stories/kan_news/3957846804347461801,"IG story",,Lifetime,10220,7775,16,2,1,4,9293,,,
18111180577769951,17841407868310918,kan_news,"כאן חדשות",,0,"08/06/2026 09:01",https://www.instagram.com/stories/kan_news/3957846636642263416,"IG story",,Lifetime,10335,8228,14,0,2,2,7706,,,
18112168612974046,17841407868310918,kan_news,"כאן חדשות",,20,"08/06/2026 07:32",https://www.instagram.com/stories/kan_news/3957801944462024293,"IG story",,Lifetime,9433,7958,110,4,7,17,8190,,,
18101532506337760,17841407868310918,kan_news,"כאן חדשות",,9,"08/06/2026 07:32",https://www.instagram.com/stories/kan_news/3957801880775733829,"IG story",,Lifetime,10481,8498,18,6,5,8,7614,,,
18129115897643645,17841407868310918,kan_news,"כאן חדשות",,0,"08/06/2026 04:22",https://www.instagram.com/stories/kan_news/3957706009749307462,"IG story",,Lifetime,9504,7845,39,3,5,1,7101,,,
18131365849617522,17841407868310918,kan_news,"כאן חדשות",,31,"08/06/2026 03:54",https://www.instagram.com/stories/kan_news/3957691882838069769,"IG story",,Lifetime,8249,7385,65,2,3,8,7392,,,
17901230967518438,17841407868310918,kan_news,"כאן חדשות",,33,"08/06/2026 03:54",https://www.instagram.com/stories/kan_news/3957691760179828543,"IG story",,Lifetime,8789,7486,76,2,3,16,8084,1,,
18094724006066235,17841407868310918,kan_news,"כאן חדשות",,0,"08/06/2026 03:53",https://www.instagram.com/stories/kan_news/3957691561613613214,"IG story",,Lifetime,9428,7568,19,0,3,2,8492,,,
18435752926122367,17841407868310918,kan_news,"כאן חדשות",,0,"08/06/2026 03:53",https://www.instagram.com/stories/kan_news/3957691419074248737,"IG story",,Lifetime,9405,7694,41,0,3,14,8053,,,
18060879623767734,17841407868310918,kan_news,"כאן חדשות",,0,"08/06/2026 03:52",https://www.instagram.com/stories/kan_news/3957690884988590434,"IG story",,Lifetime,9051,7889,42,1,3,9,8499,,,
17950043337233382,17841407868310918,kan_news,"כאן חדשות",,0,"08/06/2026 03:50",https://www.instagram.com/stories/kan_news/3957690027479897771,"IG story",,Lifetime,9435,8127,49,1,,12,8794,,,
17937329535351292,17841407868310918,kan_news,"כאן חדשות",,0,"08/06/2026 03:50",https://www.instagram.com/stories/kan_news/3957689837989561237,"IG story",,Lifetime,10233,8850,52,6,2,21,8884,,,
17958517326178782,17841407868310918,kan_news,"כאן חדשות",,15,"08/06/2026 03:36",https://www.instagram.com/stories/kan_news/3957682732141809798,"IG story",,Lifetime,11325,9694,27,14,20,5,9601,,,
18145821772477246,17841407868310918,kan_news,"כאן חדשות",,0,"08/05/2026 13:04",https://www.instagram.com/stories/kan_news/3957243810341894916,"IG story",,Lifetime,9443,7707,16,1,13,3,7663,,,
17964797955141509,17841407868310918,kan_news,"כאן חדשות",,38,"08/05/2026 12:26",https://www.instagram.com/stories/kan_news/3957225056677049560,"IG story",,Lifetime,9128,7770,16,8,7,3,8395,,,
18424043683197446,17841407868310918,kan_news,"כאן חדשות",,20,"08/05/2026 12:16",https://www.instagram.com/stories/kan_news/3957220109059287932,"IG story",,Lifetime,9953,8055,22,4,1,2,9201,,,
17979882555113342,17841407868310918,kan_news,"כאן חדשות",,0,"08/05/2026 11:25",https://www.instagram.com/stories/kan_news/3957194053414075790,"IG story",,Lifetime,10021,8027,20,2,3,1,8416,,,
18124822465745084,17841407868310918,kan_news,"כאן חדשות",,33,"08/05/2026 11:24",https://www.instagram.com/stories/kan_news/3957193818650072681,"IG story",,Lifetime,10571,8555,65,1,9,3,8584,,,
18350858254216932,17841407868310918,kan_news,"כאן חדשות",,0,"08/05/2026 09:35",https://www.instagram.com/stories/kan_news/3957138983477824564,"IG story",,Lifetime,10172,8551,18,1,3,1,8322,,,
18177416284419900,17841407868310918,kan_news,"כאן חדשות",,60,"08/05/2026 09:34",https://www.instagram.com/stories/kan_news/3957138562352294158,"IG story",,Lifetime,10861,9336,96,10,8,1,9424,,,
18373383595230294,17841407868310918,kan_news,"כאן חדשות",,14,"08/05/2026 09:17",https://www.instagram.com/stories/kan_news/3957129790208739437,"IG story",,Lifetime,13694,11431,50,5,34,3,9828,1,,
17875572753688258,17841407868310918,kan_news,"כאן חדשות","אבל יש חניונים
שהתייקרו ב… 1500 אחוז אמרו שהחניה בת״א
התייקרה ב-20%",60,"08/04/2026 09:24",https://www.instagram.com/stories/kan_news/3956408910138713965,"IG story",,Lifetime,8887,7934,8,1,13,0,8469,,,
18125642023735747,17841407868310918,kan_news,"כאן חדשות",,40,"08/04/2026 08:41",https://www.instagram.com/stories/kan_news/3956387079079985971,"IG story",,Lifetime,9913,8793,51,0,13,3,9368,,,
18171824395432137,17841407868310918,kan_news,"כאן חדשות",,24,"08/04/2026 06:07",https://www.instagram.com/stories/kan_news/3956309562017098956,"IG story",,Lifetime,10133,8229,14,7,12,2,7842,,,
18124176760684057,17841407868310918,kan_news,"כאן חדשות",,0,"08/04/2026 05:01",https://www.instagram.com/stories/kan_news/3956276022886497700,"IG story",,Lifetime,10325,8531,11,0,20,2,8881,,,
17882611932613794,17841407868310918,kan_news,"כאן חדשות",,60,"08/03/2026 13:01",https://www.instagram.com/stories/kan_news/3955793066262167357,"IG story",,Lifetime,9559,8034,58,3,17,3,8272,,,
18101681318614056,17841407868310918,kan_news,"כאן חדשות",,0,"08/03/2026 11:52",https://www.instagram.com/stories/kan_news/3955758339975727984,"IG story",,Lifetime,9326,7962,21,0,12,4,8663,,,
17891648304666332,17841407868310918,kan_news,"כאן חדשות",,42,"08/03/2026 11:52",https://www.instagram.com/stories/kan_news/3955758124060825142,"IG story",,Lifetime,9766,8339,116,4,17,11,8886,1,,
18553540078073615,17841407868310918,kan_news,"כאן חדשות",,0,"08/03/2026 11:51",https://www.instagram.com/stories/kan_news/3955757990263058100,"IG story",,Lifetime,10848,8974,57,1,7,8,9291,,,
18019710119705622,17841407868310918,kan_news,"כאן חדשות",,0,"08/03/2026 08:44",https://www.instagram.com/stories/kan_news/3955663637767061420,"IG story",,Lifetime,11758,9775,46,0,6,0,9482,,,
18109715834111515,17841407868310918,kan_news,"כאן חדשות",,52,"08/03/2026 04:20",https://www.instagram.com/stories/kan_news/3955530597111325692,"IG story",,Lifetime,11699,9911,34,1,24,3,9873,,,
18014983331864182,17841407868310918,kan_news,"כאן חדשות",,26,"08/02/2026 10:35",https://www.instagram.com/stories/kan_news/3954994828445658901,"IG story",,Lifetime,10003,7847,10,11,23,7,9307,,,
18087624680644877,17841407868310918,kan_news,"כאן חדשות",,4,"08/02/2026 07:25",https://www.instagram.com/stories/kan_news/3954899263678471538,"IG story",,Lifetime,9916,8043,6,1,12,0,7110,,,
18221584279328739,17841407868310918,kan_news,"כאן חדשות",,10,"08/02/2026 05:10",https://www.instagram.com/stories/kan_news/3954831210852838619,"IG story",,Lifetime,10105,8528,8,1,47,1,8419,,52,
17961905622158058,17841407868310918,kan_news,"כאן חדשות",,60,"08/01/2026 09:26",https://www.instagram.com/stories/kan_news/3954235198803203147,"IG story",,Lifetime,10411,8934,29,8,29,13,9130,,,
18044259977604424,17841407868310918,kan_news,"כאן חדשות",,56,"08/01/2026 07:37",https://www.instagram.com/stories/kan_news/3954180545444984578,"IG story",,Lifetime,11186,9640,40,3,10,2,9832,,,
18111061555811581,17841407868310918,kan_news,"כאן חדשות",,36,"08/01/2026 04:15",https://www.instagram.com/stories/kan_news/3954078599816052843,"IG story",,Lifetime,12126,10212,29,3,12,12,10820,,,
17981398701101390,17841407868310918,kan_news,"כאן חדשות",,60,"08/01/2026 01:50",https://www.instagram.com/stories/kan_news/3954005628137138809,"IG story",,Lifetime,12385,10735,61,12,13,8,11168,,,
17931699534124076,17841407868310918,kan_news,"כאן חדשות",,48,"07/31/2026 22:17",https://www.instagram.com/stories/kan_news/3953898701151405847,"IG story",,Lifetime,14659,11930,15,8,48,6,12328,1,,
18066113888491000,17841407868310918,kan_news,"כאן חדשות",,3,"07/31/2026 03:57",https://www.instagram.com/stories/kan_news/3953344710030051964,"IG story",,Lifetime,12430,9607,18,0,7,2,8310,,,
18110811337961340,17841407868310918,kan_news,"כאן חדשות",,22,"07/31/2026 03:56",https://www.instagram.com/stories/kan_news/3953344425798855774,"IG story",,Lifetime,11834,10283,36,3,11,6,10859,,,
18378544471230660,17841407868310918,kan_news,"כאן חדשות",,41,"07/31/2026 02:19",https://www.instagram.com/stories/kan_news/3953295514333783675,"IG story",,Lifetime,11300,9408,30,7,5,3,10237,,,
18067641329480710,17841407868310918,kan_news,"כאן חדשות",,0,"07/31/2026 02:19",https://www.instagram.com/stories/kan_news/3953295401683565948,"IG story",,Lifetime,11999,10188,19,0,13,4,10678,1,,
18072359492391460,17841407868310918,kan_news,"כאן חדשות",,20,"07/30/2026 14:10",https://www.instagram.com/stories/kan_news/3952928783224467388,"IG story",,Lifetime,16854,14356,29,9,13,25,14750,,,
17870948235627919,17841407868310918,kan_news,"כאן חדשות",,26,"07/30/2026 10:39",https://www.instagram.com/stories/kan_news/3952822345353315438,"IG story",,Lifetime,18630,14776,18,0,19,1,17080,1,,
17898819159487200,17841407868310918,kan_news,"כאן חדשות",,40,"07/30/2026 10:38",https://www.instagram.com/stories/kan_news/3952821817584035393,"IG story",,Lifetime,18582,15460,37,20,12,11,16742,,,
17949913611233544,17841407868310918,kan_news,"כאן חדשות",,0,"07/30/2026 10:27",https://www.instagram.com/stories/kan_news/3952816596011664616,"IG story",,Lifetime,19052,15973,29,2,3,2,16263,,,
17894208735572510,17841407868310918,kan_news,"כאן חדשות",,60,"07/30/2026 10:27",https://www.instagram.com/stories/kan_news/3952816369015381524,"IG story",,Lifetime,20837,17044,46,16,24,12,17999,1,,
18217429039337033,17841407868310918,kan_news,"כאן חדשות",,37,"07/30/2026 04:41",https://www.instagram.com/stories/kan_news/3952642260537083029,"IG story",,Lifetime,20915,17175,57,10,26,6,18791,,,
18060356627744128,17841407868310918,kan_news,"כאן חדשות",,60,"07/29/2026 12:59",https://www.instagram.com/stories/kan_news/3952171334058008391,"IG story",,Lifetime,10334,8821,34,3,10,6,9034,,87,
18089452880129443,17841407868310918,kan_news,"כאן חדשות",,13,"07/29/2026 11:13",https://www.instagram.com/stories/kan_news/3952114738292470912,"IG story",,Lifetime,8662,7420,7,0,11,0,7288,,,
18115369130294802,17841407868310918,kan_news,"כאן חדשות",,0,"07/29/2026 09:11",https://www.instagram.com/stories/kan_news/3952053379744395302,"IG story",,Lifetime,7392,6223,7,0,5,2,6234,,,
17881730889614248,17841407868310918,kan_news,"כאן חדשות",,33,"07/29/2026 09:11",https://www.instagram.com/stories/kan_news/3952053209102683853,"IG story",,Lifetime,7502,6516,45,2,4,2,6357,,,
18340071256271660,17841407868310918,kan_news,"כאן חדשות",,52,"07/29/2026 09:11",https://www.instagram.com/stories/kan_news/3952053160725602207,"IG story",,Lifetime,8378,7091,23,2,14,0,7186,1,,
18127213573580767,17841407868310918,kan_news,"כאן חדשות",,60,"07/29/2026 04:38",https://www.instagram.com/stories/kan_news/3951916256579463998,"IG story",,Lifetime,6275,5245,17,7,12,7,5766,,,
18143889718555452,17841407868310918,kan_news,"כאן חדשות",,60,"07/29/2026 04:27",https://www.instagram.com/stories/kan_news/3951910476081923858,"IG story",,Lifetime,6482,5364,30,14,9,5,5799,,,
18072284684422830,17841407868310918,kan_news,"כאן חדשות",,21,"07/29/2026 04:27",https://www.instagram.com/stories/kan_news/3951910398562832898,"IG story",,Lifetime,6677,5578,13,0,3,4,6283,,,
18137046100508429,17841407868310918,kan_news,"כאן חדשות","@davidovitchsharon  @gdolim_bemadim @gdolim_bemadim_",43,"07/29/2026 04:01",https://www.instagram.com/stories/kan_news/3951897348027853823,"IG story",,Lifetime,9267,7501,77,26,7,9,5883,1,,
18061617269772079,17841407868310918,kan_news,"כאן חדשות",,0,"07/29/2026 01:24",https://www.instagram.com/stories/kan_news/3951818280431875949,"IG story",,Lifetime,6007,4754,29,1,10,6,5278,,,
18101795996229316,17841407868310918,kan_news,"כאן חדשות",,60,"07/29/2026 01:24",https://www.instagram.com/stories/kan_news/3951818128622789694,"IG story",,Lifetime,6069,4913,61,20,7,4,5389,,,
18098068352251348,17841407868310918,kan_news,"כאן חדשות",@shiri.reznik.1,23,"07/29/2026 00:54",https://www.instagram.com/stories/kan_news/3951803083864074674,"IG story",,Lifetime,6510,5490,18,2,15,1,5871,1,,
17965048725131834,17841407868310918,kan_news,"כאן חדשות",,0,"07/28/2026 12:15",https://www.instagram.com/stories/kan_news/3951420996837944862,"IG story",,Lifetime,9047,6901,18,0,21,6,7530,,,
17954681096998904,17841407868310918,kan_news,"כאן חדשות",,0,"07/28/2026 03:50",https://www.instagram.com/stories/kan_news/3951167182255876413,"IG story",,Lifetime,8816,6971,12,0,9,0,7828,,,
18055805963787220,17841407868310918,kan_news,"כאן חדשות",,0,"07/28/2026 02:23",https://www.instagram.com/stories/kan_news/3951123024170213146,"IG story",,Lifetime,9284,7361,11,1,10,1,7759,,,
18104331698154814,17841407868310918,kan_news,"כאן חדשות",,0,"07/28/2026 00:30",https://www.instagram.com/stories/kan_news/3951066536550744871,"IG story",,Lifetime,8843,7254,10,0,3,2,7685,,,
17940242880069014,17841407868310918,kan_news,"כאן חדשות",,34,"07/27/2026 23:37",https://www.instagram.com/stories/kan_news/3951039825737603075,"IG story",,Lifetime,9338,7981,10,23,5,2,8220,,,
18113075867289808,17841407868310918,kan_news,"כאן חדשות",,14,"07/27/2026 22:28",https://www.instagram.com/stories/kan_news/3951004798794529216,"IG story",,Lifetime,9625,8117,22,2,12,4,8940,,,
18125160040683018,17841407868310918,kan_news,"כאן חדשות",,0,"07/27/2026 11:49",https://www.instagram.com/stories/kan_news/3950683369776033040,"IG story",,Lifetime,11538,8968,12,4,10,5,9025,,,
18111475084787409,17841407868310918,kan_news,"כאן חדשות",,25,"07/27/2026 11:12",https://www.instagram.com/stories/kan_news/3950664856235071296,"IG story",,Lifetime,10571,9145,39,1,2,8,9907,,,
18117323569809843,17841407868310918,kan_news,"כאן חדשות",,43,"07/27/2026 11:11",https://www.instagram.com/stories/kan_news/3950664143631187448,"IG story",,Lifetime,10723,9421,23,10,2,1,9892,,,
18114619576933037,17841407868310918,kan_news,"כאן חדשות",,57,"07/27/2026 11:11",https://www.instagram.com/stories/kan_news/3950664033782333470,"IG story",,Lifetime,12103,10099,38,1,10,3,10440,,,
18439882804127023,17841407868310918,kan_news,"כאן חדשות",,0,"07/27/2026 11:11",https://www.instagram.com/stories/kan_news/3950663974534088383,"IG story",,Lifetime,13542,11245,23,0,30,2,11025,,,
18198067708331657,17841407868310918,kan_news,"כאן חדשות","״יום שחור״: איך רופאה מישראל עוררה בלגאן ברשתות במצרים? 👇💃",60,"07/26/2026 11:47",https://www.instagram.com/stories/kan_news/3949957780466755985,"IG story",,Lifetime,8118,6647,5,0,21,1,7420,,,
17894233677603279,17841407868310918,kan_news,"כאן חדשות","אתם בעד או נגד תקיפה
של ישראל באיראן? רוצים לדעת מה הציבור חושב? קדימה, כנסו 👇",0,"07/26/2026 10:46",https://www.instagram.com/stories/kan_news/3949926600950916021,"IG story",,Lifetime,8315,7120,10,0,7,3,7401,,,
18330123361282931,17841407868310918,kan_news,"כאן חדשות",,40,"07/26/2026 08:50",https://www.instagram.com/stories/kan_news/3949868312422407500,"IG story",,Lifetime,8850,7740,60,2,8,13,7655,,,
18118321732856239,17841407868310918,kan_news,"כאן חדשות",,59,"07/26/2026 07:23",https://www.instagram.com/stories/kan_news/3949824873576155568,"IG story",,Lifetime,9531,7968,43,1,15,5,8159,,,
17961896538161145,17841407868310918,kan_news,"כאן חדשות","ההסבר של השופטים
להחלטה - בתיאור 👇",0,"07/26/2026 03:55",https://www.instagram.com/stories/kan_news/3949719999719466536,"IG story",,Lifetime,11525,9142,12,0,26,9,9240,,,
18135955693593418,17841407868310918,kan_news,"כאן חדשות","ניצל מעונש מוות - ושוחרר בעסקת ג׳יבריל הסיפור של קוזו אוקמוטו,
שמת השבוע בגיל 78 ☝️",15,"07/25/2026 10:17",https://www.instagram.com/stories/kan_news/3949187567857065561,"IG story",,Lifetime,12875,10759,9,1,59,1,11748,,,
18111072196787825,17841407868310918,kan_news,"כאן חדשות",,60,"07/24/2026 14:36",https://www.instagram.com/stories/kan_news/3948593185596521511,"IG story",,Lifetime,14187,12524,76,4,44,9,12839,,,
18437667898125914,17841407868310918,kan_news,"כאן חדשות",,12,"07/24/2026 06:53",https://www.instagram.com/stories/kan_news/3948360008030399841,"IG story",,Lifetime,12119,10369,73,3,7,2,10073,,,
18112262509905209,17841407868310918,kan_news,"כאן חדשות",,24,"07/24/2026 06:53",https://www.instagram.com/stories/kan_news/3948359955417053766,"IG story",,Lifetime,12586,10889,76,4,8,5,11120,,,
17925314895385663,17841407868310918,kan_news,"כאן חדשות",,35,"07/24/2026 06:40",https://www.instagram.com/stories/kan_news/3948353364546449675,"IG story",,Lifetime,12621,11094,63,5,6,0,11779,,,
17864019186640937,17841407868310918,kan_news,"כאן חדשות",,9,"07/24/2026 06:02",https://www.instagram.com/stories/kan_news/3948334285781641946,"IG story",,Lifetime,14795,12288,93,8,17,10,11791,1,,
18123013624755221,17841407868310918,kan_news,"כאן חדשות",💔,0,"07/24/2026 06:02",https://www.instagram.com/stories/kan_news/3948334228202724584,"IG story",,Lifetime,15014,12311,60,5,6,21,13437,1,,
18122948911771574,17841407868310918,kan_news,"כאן חדשות","הסיפור ההזוי של קוזו
אוקמוטו, שמת אתמול",15,"07/24/2026 05:24",https://www.instagram.com/stories/kan_news/3948314961775866291,"IG story",,Lifetime,17377,12853,27,5,18,5,15500,,,
17966141288948312,17841407868310918,kan_news,"כאן חדשות",,22,"07/24/2026 02:52",https://www.instagram.com/stories/kan_news/3948238734041972322,"IG story",,Lifetime,16053,12818,34,5,20,4,14098,,,
17979895974058024,17841407868310918,kan_news,"כאן חדשות",,31,"07/24/2026 01:12",https://www.instagram.com/stories/kan_news/3948188457087679299,"IG story",,Lifetime,15625,13164,81,1,32,5,13967,1,,
18015134729864294,17841407868310918,kan_news,"כאן חדשות",,0,"07/23/2026 07:18",https://www.instagram.com/stories/kan_news/3947648016362029468,"IG story",,Lifetime,11244,9090,10,0,13,0,9988,,,
18123249076826700,17841407868310918,kan_news,"כאן חדשות",,0,"07/23/2026 07:18",https://www.instagram.com/stories/kan_news/3947647823130498057,"IG story",,Lifetime,11320,9563,14,3,5,1,10332,,,
18344765467222734,17841407868310918,kan_news,"כאן חדשות",,38,"07/23/2026 07:16",https://www.instagram.com/stories/kan_news/3947646937326599825,"IG story",,Lifetime,11694,10163,19,14,33,1,10265,,,
17994742919990413,17841407868310918,kan_news,"כאן חדשות",,29,"07/23/2026 05:50",https://www.instagram.com/stories/kan_news/3947603522279545370,"IG story",,Lifetime,11291,9773,9,1,34,0,9546,1,,
18108635767818077,17841407868310918,kan_news,"כאן חדשות",,41,"07/22/2026 09:43",https://www.instagram.com/stories/kan_news/3946996247751207481,"IG story",,Lifetime,16088,13460,62,1,30,36,14851,,,
18014519516874014,17841407868310918,kan_news,"כאן חדשות",,0,"07/22/2026 08:37",https://www.instagram.com/stories/kan_news/3946962695525968156,"IG story",,Lifetime,17080,14257,36,4,10,13,15825,,,
,,,,,,,,,"An error occurred while computing metadata for content with ID 17979498828023837. An error occurred while computing metrics.",-,,,,,,,,,,
,,,,,,,,,"An error occurred while computing metadata for content with ID 18198851491371128. An error occurred while computing metrics.",-,,,,,,,,,,
,,,,,,,,,"An error occurred while computing metadata for content with ID 18324515731278096. An error occurred while computing metrics.",-,,,,,,,,,,
17997281030967495,17841407868310918,kan_news,"כאן חדשות","הנתונים המלאים - בפוסט",0,"06/28/2026 01:25",https://www.instagram.com/stories/kan_news/3929350699196513549,"IG story",,Lifetime,13148,9221,22,0,13,0,11170,,,
18270966790293764,17841407868310918,kan_news,"כאן חדשות",💔,0,"06/28/2026 02:43",https://www.instagram.com/stories/kan_news/3929389789136781993,"IG story",,Lifetime,10328,8594,48,2,7,22,9322,,,
17935506681289770,17841407868310918,kan_news,"כאן חדשות",,41,"06/28/2026 05:13",https://www.instagram.com/stories/kan_news/3929465691568210239,"IG story",,Lifetime,10032,8644,29,4,12,7,8833,,,
18096993292967030,17841407868310918,kan_news,"כאן חדשות",,60,"06/28/2026 09:03",https://www.instagram.com/stories/kan_news/3929581213731398022,"IG story",,Lifetime,9674,8373,56,2,10,2,8171,,,
18095249282202483,17841407868310918,kan_news,"כאן חדשות",,0,"06/28/2026 11:09",https://www.instagram.com/stories/kan_news/3929644430382540896,"IG story",,Lifetime,9835,8054,28,6,12,9,8464,,,
18106920962511618,17841407868310918,kan_news,"כאן חדשות",,15,"06/28/2026 23:54",https://www.instagram.com/stories/kan_news/3930029539153049907,"IG story",,Lifetime,8378,6983,13,20,13,2,6439,,,
18115570073506824,17841407868310918,kan_news,"כאן חדשות",,14,"06/28/2026 23:54",https://www.instagram.com/stories/kan_news/3930029661391861129,"IG story",,Lifetime,7030,6121,8,14,10,1,6387,,,
17872172136653095,17841407868310918,kan_news,"כאן חדשות",,52,"06/29/2026 03:49",https://www.instagram.com/stories/kan_news/3930147874544978569,"IG story",,Lifetime,6389,5556,28,1,5,8,5718,,,
18124103119678953,17841407868310918,kan_news,"כאן חדשות",,0,"06/29/2026 06:27",https://www.instagram.com/stories/kan_news/3930227391158851338,"IG story",,Lifetime,6259,5402,27,0,8,3,5305,1,22,
17983880853038141,17841407868310918,kan_news,"כאן חדשות",,31,"06/29/2026 06:54",https://www.instagram.com/stories/kan_news/3930241103000897729,"IG story",,Lifetime,5791,5086,45,0,6,7,5187,,,
18080377865666258,17841407868310918,kan_news,"כאן חדשות",,49,"06/29/2026 07:13",https://www.instagram.com/stories/kan_news/3930250747802948819,"IG story",,Lifetime,5462,4795,10,0,9,2,4867,,,
18088004711439911,17841407868310918,kan_news,"כאן חדשות",,0,"06/29/2026 08:27",https://www.instagram.com/stories/kan_news/3930287980271063811,"IG story",,Lifetime,5817,5019,8,1,4,2,5101,,,
18094943234601112,17841407868310918,kan_news,"כאן חדשות",,37,"06/29/2026 10:25",https://www.instagram.com/stories/kan_news/3930347529169984121,"IG story",,Lifetime,5983,5050,32,8,9,2,5472,,,
17935374546086933,17841407868310918,kan_news,"כאן חדשות",,15,"06/30/2026 05:59",https://www.instagram.com/stories/kan_news/3930938194228557520,"IG story",,Lifetime,4815,4304,8,1,10,0,4135,,,
18150649303501027,17841407868310918,kan_news,"כאן חדשות",,15,"06/30/2026 05:59",https://www.instagram.com/stories/kan_news/3930938319596312504,"IG story",,Lifetime,3915,3643,8,1,1,0,3617,,,
18092588915374272,17841407868310918,kan_news,"כאן חדשות",,5,"06/30/2026 05:59",https://www.instagram.com/stories/kan_news/3930938429159901644,"IG story",,Lifetime,3828,3391,6,0,13,0,3630,,,
18087242897186839,17841407868310918,kan_news,"כאן חדשות",,0,"07/01/2026 11:34",https://www.instagram.com/stories/kan_news/3931831815182717665,"IG story",,Lifetime,17208,14038,23,2,26,7,13019,,,
18058249238739339,17841407868310918,kan_news,"כאן חדשות",,5,"07/01/2026 12:38",https://www.instagram.com/stories/kan_news/3931863977876933641,"IG story",,Lifetime,15782,12075,40,0,8,8,9570,,,
18088137446423154,17841407868310918,kan_news,"כאן חדשות",,48,"07/01/2026 12:43",https://www.instagram.com/stories/kan_news/3931866393317868700,"IG story",,Lifetime,13685,11019,42,6,9,1,13057,,,
18082625642555631,17841407868310918,kan_news,"כאן חדשות",,40,"07/01/2026 12:43",https://www.instagram.com/stories/kan_news/3931866456190519798,"IG story",,Lifetime,12449,10760,82,13,6,8,11045,,,
18018387644902437,17841407868310918,kan_news,"כאן חדשות",,32,"07/01/2026 12:44",https://www.instagram.com/stories/kan_news/3931866592564098439,"IG story",,Lifetime,11682,9893,36,12,9,1,9682,,,
18144859330468366,17841407868310918,kan_news,"כאן חדשות",,60,"07/01/2026 14:05",https://www.instagram.com/stories/kan_news/3931907642007629126,"IG story",,Lifetime,11085,9147,30,5,17,8,8981,,,
18101442254133623,17841407868310918,kan_news,"כאן חדשות",,15,"07/02/2026 01:57",https://www.instagram.com/stories/kan_news/3932265984618057060,"IG story",,Lifetime,8465,7261,59,0,7,4,7850,,,
18089524952375771,17841407868310918,kan_news,"כאן חדשות",,0,"07/02/2026 01:57",https://www.instagram.com/stories/kan_news/3932266025236170356,"IG story",,Lifetime,8085,6700,11,0,6,1,7034,,,
18113327152920608,17841407868310918,kan_news,"כאן חדשות",,0,"07/02/2026 01:57",https://www.instagram.com/stories/kan_news/3932266094559677211,"IG story",,Lifetime,7824,6484,21,0,,2,6986,,,
18105955178084047,17841407868310918,kan_news,"כאן חדשות",,0,"07/02/2026 01:57",https://www.instagram.com/stories/kan_news/3932266156945661312,"IG story",,Lifetime,7642,6332,9,0,1,2,6753,,,
18100073855005307,17841407868310918,kan_news,"כאן חדשות",,33,"07/02/2026 02:01",https://www.instagram.com/stories/kan_news/3932268128024796639,"IG story",,Lifetime,7388,6128,14,1,6,0,7058,,,
18090031178623826,17841407868310918,kan_news,"כאן חדשות",,30,"07/02/2026 11:31",https://www.instagram.com/stories/kan_news/3932554456625786725,"IG story",,Lifetime,9885,8548,9,1,18,0,8547,,,
18020336576853644,17841407868310918,kan_news,"כאן חדשות",,0,"07/03/2026 11:03",https://www.instagram.com/stories/kan_news/3933265561802894404,"IG story",,Lifetime,11176,9284,14,0,27,1,8996,,,
18155497102426728,17841407868310918,kan_news,"כאן חדשות",,0,"07/03/2026 11:03",https://www.instagram.com/stories/kan_news/3933265611295693421,"IG story",,Lifetime,9554,8037,24,0,2,4,8610,,,
17887777401412650,17841407868310918,kan_news,"כאן חדשות",,26,"07/03/2026 11:03",https://www.instagram.com/stories/kan_news/3933265704903657589,"IG story",,Lifetime,8602,7555,43,3,4,5,7752,,,
18067296287446350,17841407868310918,kan_news,"כאן חדשות",,24,"07/03/2026 11:38",https://www.instagram.com/stories/kan_news/3933282964825312543,"IG story",,Lifetime,8262,7357,10,6,2,0,7687,,,5
18188372923383771,17841407868310918,kan_news,"כאן חדשות",,31,"07/04/2026 02:41",https://www.instagram.com/stories/kan_news/3933737562149110736,"IG story",,Lifetime,8753,7573,40,3,17,1,7123,,,
18129199012556774,17841407868310918,kan_news,"כאן חדשות",,15,"07/04/2026 02:42",https://www.instagram.com/stories/kan_news/3933737944703217264,"IG story",,Lifetime,9497,8153,22,0,3,3,8873,,,
18149501086504781,17841407868310918,kan_news,"כאן חדשות",,20,"07/04/2026 02:42",https://www.instagram.com/stories/kan_news/3933738020544587734,"IG story",,Lifetime,9090,7798,18,0,10,7,8540,,,
18342860263220344,17841407868310918,kan_news,"כאן חדשות",,60,"07/04/2026 05:19",https://www.instagram.com/stories/kan_news/3933817207972348137,"IG story",,Lifetime,9830,8410,139,19,5,15,8167,,,
18094107218010453,17841407868310918,kan_news,"כאן חדשות",,19,"07/04/2026 08:25",https://www.instagram.com/stories/kan_news/3933910678842269968,"IG story",,Lifetime,9694,8535,134,6,8,3,8580,,,
18096006629581781,17841407868310918,kan_news,"כאן חדשות",,60,"07/04/2026 10:55",https://www.instagram.com/stories/kan_news/3933986457466877521,"IG story",,Lifetime,10107,8394,43,2,19,4,8325,,,
18347058496172465,17841407868310918,kan_news,"כאן חדשות",,30,"07/04/2026 23:59",https://www.instagram.com/stories/kan_news/3934380740808174433,"IG story",,Lifetime,6640,5944,15,0,9,0,6198,,,
18009833048736676,17841407868310918,kan_news,"כאן חדשות",,4,"07/05/2026 00:27",https://www.instagram.com/stories/kan_news/3934395024149741222,"IG story",,Lifetime,6963,5668,19,1,6,5,4367,,,
18096131141218927,17841407868310918,kan_news,"כאן חדשות",,29,"07/05/2026 02:00",https://www.instagram.com/stories/kan_news/3934441892409888615,"IG story",,Lifetime,7683,6132,19,3,12,1,6521,1,,
18097688825352781,17841407868310918,kan_news,"כאן חדשות",,60,"07/05/2026 06:19",https://www.instagram.com/stories/kan_news/3934571926806225923,"IG story",,Lifetime,6337,5535,67,3,4,4,5728,,,
18104164208107758,17841407868310918,kan_news,"כאן חדשות",,29,"07/05/2026 09:17",https://www.instagram.com/stories/kan_news/3934661909684603809,"IG story",,Lifetime,6013,5268,21,2,10,6,5272,,,
18112697668906674,17841407868310918,kan_news,"כאן חדשות",,47,"07/05/2026 12:06",https://www.instagram.com/stories/kan_news/3934746563724893138,"IG story",,Lifetime,6567,5801,105,2,11,4,6008,,,
17956666776157824,17841407868310918,kan_news,"כאן חדשות",,0,"07/05/2026 12:57",https://www.instagram.com/stories/kan_news/3934772276193057859,"IG story",,Lifetime,6817,5766,16,2,11,4,5697,,,
17974859838061909,17841407868310918,kan_news,"כאן חדשות",,57,"07/06/2026 01:32",https://www.instagram.com/stories/kan_news/3935152794474014534,"IG story",,Lifetime,7167,6100,13,2,9,0,6417,,,
17895545883487699,17841407868310918,kan_news,"כאן חדשות",,45,"07/06/2026 05:12",https://www.instagram.com/stories/kan_news/3935263095970235442,"IG story",,Lifetime,7693,6460,40,0,8,3,6792,,,
18354174334300961,17841407868310918,kan_news,"כאן חדשות",,25,"07/06/2026 05:12",https://www.instagram.com/stories/kan_news/3935263232872293073,"IG story",,Lifetime,6782,6042,46,0,3,1,6215,,,
18603981448011127,17841407868310918,kan_news,"כאן חדשות",,25,"07/06/2026 05:37",https://www.instagram.com/stories/kan_news/3935275870402527292,"IG story",,Lifetime,6804,5960,23,2,9,0,6377,,,
18184448008394978,17841407868310918,kan_news,"כאן חדשות",,60,"07/07/2026 03:32",https://www.instagram.com/stories/kan_news/3935937512782077365,"IG story",,Lifetime,10040,8025,131,14,33,10,7873,1,,
18168680101441887,17841407868310918,kan_news,"כאן חדשות",,12,"07/07/2026 04:57",https://www.instagram.com/stories/kan_news/3935980270087440463,"IG story",,Lifetime,8419,7093,26,2,12,2,7008,,,
17979599772030474,17841407868310918,kan_news,"כאן חדשות",,60,"07/07/2026 10:02",https://www.instagram.com/stories/kan_news/3936134054218458309,"IG story",,Lifetime,8511,7209,57,0,15,7,7468,,,
18177812929410819,17841407868310918,kan_news,"כאן חדשות",,30,"07/07/2026 10:03",https://www.instagram.com/stories/kan_news/3936134237761178220,"IG story",,Lifetime,7526,6510,31,1,13,3,6637,,,
18103881152023733,17841407868310918,kan_news,"כאן חדשות","@roikais  @eliorlevy",60,"07/08/2026 07:24",https://www.instagram.com/stories/kan_news/3936779132930790608,"IG story",,Lifetime,7953,6930,11,2,22,0,6928,,,
18030751964659748,17841407868310918,kan_news,"כאן חדשות",,15,"07/08/2026 13:29",https://www.instagram.com/stories/kan_news/3936962976053068064,"IG story",,Lifetime,7444,6585,38,0,25,6,6884,,,
18084923840644706,17841407868310918,kan_news,"כאן חדשות",,35,"07/08/2026 13:29",https://www.instagram.com/stories/kan_news/3936963015093675844,"IG story",,Lifetime,7032,6131,18,1,11,7,6544,,,
18119921386837056,17841407868310918,kan_news,"כאן חדשות",,15,"07/09/2026 01:36",https://www.instagram.com/stories/kan_news/3937328639452053205,"IG story",,Lifetime,11093,9176,17,1,22,1,9540,2,,
18078986546690487,17841407868310918,kan_news,"כאן חדשות",,0,"07/09/2026 01:36",https://www.instagram.com/stories/kan_news/3937328894852101121,"IG story",,Lifetime,10120,8311,13,0,11,0,9011,,,
18469378771128478,17841407868310918,kan_news,"כאן חדשות",,20,"07/09/2026 06:02",https://www.instagram.com/stories/kan_news/3937462873755897035,"IG story",,Lifetime,11393,9818,24,3,28,2,10630,,,
18116960047871176,17841407868310918,kan_news,"כאן חדשות",,0,"07/09/2026 06:03",https://www.instagram.com/stories/kan_news/3937585950364334284,"IG story",,Lifetime,10820,9187,9,0,3,0,9413,,,
18087137936626796,17841407868310918,kan_news,"כאן חדשות",,51,"07/09/2026 10:07",https://www.instagram.com/stories/kan_news/3937586109361597254,"IG story",,Lifetime,13004,10379,68,4,20,4,11486,,,
18057213272514931,17841407868310918,kan_news,"כאן חדשות",,48,"07/11/2026 02:08",https://www.instagram.com/stories/kan_news/3938794484543954150,"IG story",,Lifetime,23091,19314,65,14,59,21,20081,1,,
17937927462272584,17841407868310918,kan_news,"כאן חדשות",,17,"07/11/2026 13:50",https://www.instagram.com/stories/kan_news/3939147865569534497,"IG story",,Lifetime,15240,13087,15,1,39,4,12905,1,,
18093903824623626,17841407868310918,kan_news,"כאן חדשות",,0,"07/12/2026 04:17",https://www.instagram.com/stories/kan_news/3939584269102045591,"IG story",,Lifetime,6978,5738,4,21,34,0,6234,,83,
18344202316247790,17841407868310918,kan_news,"כאן חדשות",,28,"07/12/2026 05:05",https://www.instagram.com/stories/kan_news/3939608269680703856,"IG story",,Lifetime,6510,5471,3,2,30,0,5601,,,
17906417811450248,17841407868310918,kan_news,"כאן חדשות",,27,"07/13/2026 02:18",https://www.instagram.com/stories/kan_news/3940248848978584741,"IG story",,Lifetime,7482,6070,13,11,28,0,6086,1,,
18077327654682539,17841407868310918,kan_news,"כאן חדשות",,20,"07/13/2026 06:40",https://www.instagram.com/stories/kan_news/3940380965662267948,"IG story",,Lifetime,6374,5475,14,0,16,1,5909,,,
18097749404243782,17841407868310918,kan_news,"כאן חדשות",,15,"07/13/2026 06:40",https://www.instagram.com/stories/kan_news/3940381155932660721,"IG story",,Lifetime,5868,5114,37,0,7,1,5639,,,
18085085228181494,17841407868310918,kan_news,"כאן חדשות",,53,"07/13/2026 06:41",https://www.instagram.com/stories/kan_news/3940381217312101774,"IG story",,Lifetime,5834,5026,28,2,9,12,5210,,,
18132478501564839,17841407868310918,kan_news,"כאן חדשות",,0,"07/13/2026 06:41",https://www.instagram.com/stories/kan_news/3940381433025719009,"IG story",,Lifetime,5717,4837,7,0,4,2,5104,,,
17950527525201045,17841407868310918,kan_news,"כאן חדשות","@eliorlevy 
@roikais",46,"07/13/2026 07:06",https://www.instagram.com/stories/kan_news/3940393897724915764,"IG story",,Lifetime,6189,5257,9,3,7,1,5411,,,
18087000722635237,17841407868310918,kan_news,"כאן חדשות",,0,"07/13/2026 07:14",https://www.instagram.com/stories/kan_news/3940398160648253467,"IG story",,Lifetime,5599,4732,28,1,4,2,4891,,,
18026541398832520,17841407868310918,kan_news,"כאן חדשות",,46,"07/13/2026 11:16",https://www.instagram.com/stories/kan_news/3940519746683930093,"IG story",,Lifetime,7215,6197,62,3,9,12,6486,,,
18036044795819459,17841407868310918,kan_news,"כאן חדשות",,0,"07/13/2026 12:00",https://www.instagram.com/stories/kan_news/3940541872191620855,"IG story",,Lifetime,8044,6594,13,13,5,11,6502,,,
18087297794132340,17841407868310918,kan_news,"כאן חדשות",,0,"07/13/2026 23:43",https://www.instagram.com/stories/kan_news/3940895829195969770,"IG story",,Lifetime,12315,9847,11,1,21,0,10079,1,,
18420382846195723,17841407868310918,kan_news,"כאן חדשות",,32,"07/14/2026 04:15",https://www.instagram.com/stories/kan_news/3941032788387598511,"IG story",,Lifetime,12416,10319,27,2,13,3,10229,,,
18084914081645854,17841407868310918,kan_news,"כאן חדשות",,41,"07/14/2026 07:56",https://www.instagram.com/stories/kan_news/3941144009602397354,"IG story",,Lifetime,12508,10465,42,5,18,17,10173,,,
17946266466036472,17841407868310918,kan_news,"כאן חדשות",,60,"07/14/2026 12:14",https://www.instagram.com/stories/kan_news/3941273556234709923,"IG story",,Lifetime,10840,9063,16,4,16,2,10010,,,
18107482046469690,17841407868310918,kan_news,"כאן חדשות",,19,"07/15/2026 04:39",https://www.instagram.com/stories/kan_news/3941769376721702137,"IG story",,Lifetime,7527,6400,14,15,14,1,6330,,,
17897818944510536,17841407868310918,kan_news,"כאן חדשות",,50,"07/15/2026 07:14",https://www.instagram.com/stories/kan_news/3941847454261097541,"IG story",,Lifetime,7804,6683,9,12,7,2,7084,,,
17873120352625372,17841407868310918,kan_news,"כאן חדשות",,0,"07/15/2026 07:14",https://www.instagram.com/stories/kan_news/3941847693437546865,"IG story",,Lifetime,7346,6249,16,0,2,1,6518,,,
17955876216188060,17841407868310918,kan_news,"כאן חדשות",,0,"07/15/2026 07:15",https://www.instagram.com/stories/kan_news/3941847990897663319,"IG story",,Lifetime,7271,6054,39,0,2,1,6193,,,
18097359212253801,17841407868310918,kan_news,"כאן חדשות",,0,"07/15/2026 07:15",https://www.instagram.com/stories/kan_news/3941848240685267195,"IG story",,Lifetime,7315,5932,25,0,2,6,6401,,,
17917442829414557,17841407868310918,kan_news,"כאן חדשות",,55,"07/15/2026 07:16",https://www.instagram.com/stories/kan_news/3941848371538588987,"IG story",,Lifetime,7125,5825,17,9,2,0,6288,,,
18209795965345413,17841407868310918,kan_news,"כאן חדשות",,0,"07/15/2026 09:35",https://www.instagram.com/stories/kan_news/3941918450112881043,"IG story",,Lifetime,6929,5732,11,0,7,1,5978,,,
18545182966076317,17841407868310918,kan_news,"כאן חדשות",,37,"07/15/2026 11:39",https://www.instagram.com/stories/kan_news/3941980760524893937,"IG story",,Lifetime,6819,5665,40,0,19,7,6109,,,
17937436953296160,17841407868310918,kan_news,"כאן חדשות",,5,"07/16/2026 02:31",https://www.instagram.com/stories/kan_news/3942429695328522790,"IG story",,Lifetime,10709,8537,7,0,18,2,6827,,,
18015577820856976,17841407868310918,kan_news,"כאן חדשות",,0,"07/16/2026 02:31",https://www.instagram.com/stories/kan_news/3942429969426707161,"IG story",,Lifetime,9387,7615,8,2,6,13,8051,,,
18082718651648257,17841407868310918,kan_news,"כאן חדשות",,0,"07/16/2026 02:31",https://www.instagram.com/stories/kan_news/3942430144052358645,"IG story",,Lifetime,8525,7076,14,0,3,6,7607,,,
17962039835962410,17841407868310918,kan_news,"כאן חדשות",,17,"07/16/2026 05:09",https://www.instagram.com/stories/kan_news/3942509240589152390,"IG story",,Lifetime,8703,7502,14,2,5,21,7130,,,
18085676174557989,17841407868310918,kan_news,"כאן חדשות",,60,"07/16/2026 08:31",https://www.instagram.com/stories/kan_news/3942611206040328703,"IG story",,Lifetime,8478,7169,22,2,15,1,7323,,,
18412595482145617,17841407868310918,kan_news,"כאן חדשות",,0,"07/17/2026 00:41",https://www.instagram.com/stories/kan_news/3943099149616526955,"IG story",,Lifetime,7836,6355,14,0,15,8,6277,,,
18106431560010902,17841407868310918,kan_news,"כאן חדשות",,0,"07/17/2026 01:18",https://www.instagram.com/stories/kan_news/3943118155081675838,"IG story",,Lifetime,7034,5685,5,0,6,2,6211,,,
18123990172670199,17841407868310918,kan_news,"כאן חדשות",,60,"07/17/2026 01:19",https://www.instagram.com/stories/kan_news/3943118211905676482,"IG story",,Lifetime,6604,5405,8,1,4,1,5903,,,
18109677310952512,17841407868310918,kan_news,"כאן חדשות",,0,"07/17/2026 04:53",https://www.instagram.com/stories/kan_news/3943226060707493003,"IG story",,Lifetime,6885,5725,7,0,2,0,5706,,,
18122946508765487,17841407868310918,kan_news,"כאן חדשות",,0,"07/17/2026 07:15",https://www.instagram.com/stories/kan_news/3943297707372208884,"IG story",,Lifetime,8464,6656,25,0,5,2,6784,,,
18332328415264228,17841407868310918,kan_news,"כאן חדשות",,60,"07/17/2026 08:15",https://www.instagram.com/stories/kan_news/3943327868402189688,"IG story",,Lifetime,7934,6292,21,1,17,0,7369,,,
18045852677592793,17841407868310918,kan_news,"כאן חדשות",,60,"07/17/2026 12:50",https://www.instagram.com/stories/kan_news/3943466489100819150,"IG story",,Lifetime,9694,7972,16,14,19,1,8273,1,,
18144183508534561,17841407868310918,kan_news,"כאן חדשות",,19,"07/18/2026 09:50",https://www.instagram.com/stories/kan_news/3944100572000608589,"IG story",,Lifetime,9780,8335,14,2,21,4,8924,,,
18121281442838361,17841407868310918,kan_news,"כאן חדשות",,32,"07/18/2026 09:51",https://www.instagram.com/stories/kan_news/3944100832349412449,"IG story",,Lifetime,8883,7917,10,2,6,2,8000,,,
18190176016382453,17841407868310918,kan_news,"כאן חדשות","הכסאח בין ספרד לארגנטינה - רגע לפני גמר המונדיאל",60,"07/18/2026 12:20",https://www.instagram.com/stories/kan_news/3944176074614819412,"IG story",,Lifetime,7527,6559,7,0,16,2,6963,1,,
18138256840496747,17841407868310918,kan_news,"כאן חדשות",,0,"07/19/2026 00:31",https://www.instagram.com/stories/kan_news/3944543664013384793,"IG story",,Lifetime,11472,9457,15,3,19,3,6206,,,
18076298024337135,17841407868310918,kan_news,"כאן חדשות",,40,"07/19/2026 04:14",https://www.instagram.com/stories/kan_news/3944656309428842768,"IG story",,Lifetime,7561,6614,19,2,12,1,6869,1,,
17946892605237887,17841407868310918,kan_news,"כאן חדשות",,60,"07/19/2026 04:15",https://www.instagram.com/stories/kan_news/3944656744755677150,"IG story",,Lifetime,6730,6126,17,0,7,0,6421,,,
18109344031969455,17841407868310918,kan_news,"כאן חדשות","התרגשות שיא",6,"07/19/2026 06:12",https://www.instagram.com/stories/kan_news/3944715480798989239,"IG story",,Lifetime,7120,6220,18,21,4,0,6494,,,
18081461165256893,17841407868310918,kan_news,"כאן חדשות",,42,"07/19/2026 07:14",https://www.instagram.com/stories/kan_news/3944746903777983018,"IG story",,Lifetime,7276,6213,14,6,5,1,6782,,,
18398123521088220,17841407868310918,kan_news,"כאן חדשות",,38,"07/19/2026 07:50",https://www.instagram.com/stories/kan_news/3944764995329462022,"IG story",,Lifetime,6856,6118,11,1,9,1,6435,,,
17989304226043253,17841407868310918,kan_news,"כאן חדשות",,15,"07/19/2026 09:31",https://www.instagram.com/stories/kan_news/3944818657464559428,"IG story",,Lifetime,7422,6482,23,1,18,13,6620,,,
18110713564946851,17841407868310918,kan_news,"כאן חדשות",,20,"07/20/2026 00:47",https://www.instagram.com/stories/kan_news/3945277598728349513,"IG story",,Lifetime,7673,6618,17,6,25,1,6927,1,,
18113546690476718,17841407868310918,kan_news,"כאן חדשות",,0,"07/20/2026 01:37",https://www.instagram.com/stories/kan_news/3945302956131961053,"IG story",,Lifetime,7729,5965,9,0,10,7,6187,,,
18116579638810866,17841407868310918,kan_news,"כאן חדשות",,0,"07/20/2026 02:56",https://www.instagram.com/stories/kan_news/3945341396072464370,"IG story",,Lifetime,6893,5688,8,1,5,1,6197,,,
18118049458819565,17841407868310918,kan_news,"כאן חדשות",,0,"07/20/2026 04:37",https://www.instagram.com/stories/kan_news/3945393409376307452,"IG story",,Lifetime,6754,5578,7,0,5,2,5713,1,,
18100068617225272,17841407868310918,kan_news,"כאן חדשות",,60,"07/20/2026 06:37",https://www.instagram.com/stories/kan_news/3945452804587565517,"IG story",,Lifetime,7048,5715,10,0,14,0,5835,,,
18196533241371807,17841407868310918,kan_news,"כאן חדשות",,0,"07/20/2026 07:54",https://www.instagram.com/stories/kan_news/3945491772172024130,"IG story",,Lifetime,7359,5718,10,1,5,2,6694,,,
17883357762460416,17841407868310918,kan_news,"כאן חדשות",,54,"07/20/2026 09:41",https://www.instagram.com/stories/kan_news/3945545378883058109,"IG story",,Lifetime,7477,5898,10,6,8,1,7087,,,
17886547887669447,17841407868310918,kan_news,"כאן חדשות",,0,"07/20/2026 09:41",https://www.instagram.com/stories/kan_news/3945545612590109190,"IG story",,Lifetime,6612,5557,22,0,8,0,5953,,,
17973642507114255,17841407868310918,kan_news,"כאן חדשות",,0,"07/20/2026 11:22",https://www.instagram.com/stories/kan_news/3945596234517662467,"IG story",,Lifetime,7589,6134,15,0,6,5,6425,,,
18183163894396692,17841407868310918,kan_news,"כאן חדשות",,0,"07/21/2026 05:42",https://www.instagram.com/stories/kan_news/3946149867000860699,"IG story",,Lifetime,14448,12178,91,0,22,6,11668,,,
18232233271315924,17841407868310918,kan_news,"כאן חדשות",,14,"07/21/2026 07:10",https://www.instagram.com/stories/kan_news/3946194449859774916,"IG story",,Lifetime,13462,11276,27,22,13,8,11890,,,
17980132719107568,17841407868310918,kan_news,"כאן חדשות",,42,"07/21/2026 07:35",https://www.instagram.com/stories/kan_news/3946206782413752409,"IG story",,Lifetime,12669,10778,31,14,11,2,10808,,,
17942492343271391,17841407868310918,kan_news,"כאן חדשות",,35,"07/21/2026 08:18",https://www.instagram.com/stories/kan_news/3946228233309171355,"IG story",,Lifetime,12759,10687,17,11,5,8,11312,,,
17884003608609710,17841407868310918,kan_news,"כאן חדשות",,0,"07/21/2026 10:40",https://www.instagram.com/stories/kan_news/3946299823930189926,"IG story",,Lifetime,13996,11424,21,1,9,4,11217,,,
17873407149625060,17841407868310918,kan_news,"כאן חדשות",,0,"07/21/2026 12:13",https://www.instagram.com/stories/kan_news/3946346493187313543,"IG story",,Lifetime,13560,10737,34,5,14,3,12089,1,,
18365355337226592,17841407868310918,kan_news,"כאן חדשות",,3,"06/28/2026 01:24",https://www.instagram.com/stories/kan_news/3929350116154173113,"IG story",,Lifetime,13521,10422,38,5,14,2,7175,,,
17958862044134199,17841407868310918,kan_news,"כאן חדשות",,15,"06/28/2026 07:56",https://www.instagram.com/stories/kan_news/3929547694145699701,"IG story",,Lifetime,9911,8629,17,2,9,29,8176,,,
18133004482578017,17841407868310918,kan_news,"כאן חדשות",,0,"06/27/2026 12:20",https://www.instagram.com/stories/kan_news/3928955760478417291,"IG story",,Lifetime,8218,6270,23,0,8,5,7553,,,
18333544681268820,17841407868310918,kan_news,"כאן חדשות",,0,"06/27/2026 11:59",https://www.instagram.com/stories/kan_news/3928945195630530720,"IG story",,Lifetime,8213,6279,19,0,3,6,7563,,,
18169032538439736,17841407868310918,kan_news,"כאן חדשות",,7,"06/27/2026 11:59",https://www.instagram.com/stories/kan_news/3928945092718633507,"IG story",,Lifetime,8201,6382,39,1,5,8,7772,,,
18098584486898269,17841407868310918,kan_news,"כאן חדשות",,0,"06/27/2026 11:59",https://www.instagram.com/stories/kan_news/3928945006157208571,"IG story",,Lifetime,8693,6710,15,2,5,3,7664,,,
18342952789221156,17841407868310918,kan_news,"כאן חדשות",,60,"06/27/2026 11:05",https://www.instagram.com/stories/kan_news/3928917983874968786,"IG story",,Lifetime,9278,7385,24,0,27,0,8273,,,
18097746950359197,17841407868310918,kan_news,"כאן חדשות",,0,"06/27/2026 04:02",https://www.instagram.com/stories/kan_news/3928705216170134745,"IG story",,Lifetime,11767,9209,11,2,12,0,10254,1,,
18147221962503671,17841407868310918,kan_news,"כאן חדשות",,40,"06/27/2026 02:29",https://www.instagram.com/stories/kan_news/3928658231366390463,"IG story",,Lifetime,12283,9801,23,76,15,0,10358,1,,
18143120812539895,17841407868310918,kan_news,"כאן חדשות",,60,"06/26/2026 23:10",https://www.instagram.com/stories/kan_news/3928558141222067313,"IG story",,Lifetime,12726,10366,58,6,32,4,11239,,,
18049759973716400,17841407868310918,kan_news,"כאן חדשות",,60,"06/26/2026 11:40",https://www.instagram.com/stories/kan_news/3928210734277911870,"IG story",,Lifetime,12508,10809,49,14,26,17,11275,1,,
17956297104150578,17841407868310918,kan_news,"כאן חדשות",,33,"06/26/2026 07:07",https://www.instagram.com/stories/kan_news/3928073491064199706,"IG story",,Lifetime,11414,10336,68,0,6,1,10355,,,
18107299222980436,17841407868310918,kan_news,"כאן חדשות",,34,"06/26/2026 07:07",https://www.instagram.com/stories/kan_news/3928073416413967371,"IG story",,Lifetime,11747,10638,77,1,1,4,10880,,,
18161025955457055,17841407868310918,kan_news,"כאן חדשות",,38,"06/26/2026 07:07",https://www.instagram.com/stories/kan_news/3928073348701126726,"IG story",,Lifetime,13004,11177,26,3,3,4,11509,,,
17853929349694172,17841407868310918,kan_news,"כאן חדשות",,0,"06/26/2026 07:07",https://www.instagram.com/stories/kan_news/3928073215188500570,"IG story",,Lifetime,14059,11830,19,0,6,5,11420,,,
18164636122446571,17841407868310918,kan_news,"כאן חדשות",,16,"06/26/2026 07:06",https://www.instagram.com/stories/kan_news/3928072860282815889,"IG story",,Lifetime,16159,13277,37,15,35,9,12514,,,
18158515444462572,17841407868310918,kan_news,"כאן חדשות",,19,"06/25/2026 10:20",https://www.instagram.com/stories/kan_news/3927445720088585843,"IG story",,Lifetime,16529,13362,27,11,28,1,15336,,,
18081574439196519,17841407868310918,kan_news,"כאן חדשות",,0,"06/25/2026 03:07",https://www.instagram.com/stories/kan_news/3927227527177312797,"IG story",,Lifetime,15231,12561,67,3,8,10,12669,,,
18087077093413806,17841407868310918,kan_news,"כאן חדשות",,34,"06/25/2026 02:11",https://www.instagram.com/stories/kan_news/3927199766034960312,"IG story",,Lifetime,15630,12533,13,2,10,0,12949,,,
18087608654416053,17841407868310918,kan_news,"כאן חדשות",,36,"06/25/2026 02:01",https://www.instagram.com/stories/kan_news/3927194816571653081,"IG story",,Lifetime,17607,14099,18,12,5,1,15682,,,
18056808197754026,17841407868310918,kan_news,"כאן חדשות",,20,"06/24/2026 23:16",https://www.instagram.com/stories/kan_news/3927111702134585458,"IG story",,Lifetime,10693,9415,62,1,12,16,10226,,,
18127445269620130,17841407868310918,kan_news,"כאן חדשות",,60,"06/24/2026 22:24",https://www.instagram.com/stories/kan_news/3927085274965910298,"IG story",,Lifetime,11977,10123,37,3,21,9,10902,,,
18038493914740236,17841407868310918,kan_news,"כאן חדשות",,0,"06/24/2026 03:01",https://www.instagram.com/stories/kan_news/3926499954147335984,"IG story",,Lifetime,10698,8706,16,1,43,6,9184,,,
18105425041999060,17841407868310918,kan_news,"כאן חדשות",,15,"06/23/2026 23:34",https://www.instagram.com/stories/kan_news/3926395787080259360,"IG story",,Lifetime,12794,9688,10,4,56,0,11357,4,,
18083062454640962,17841407868310918,kan_news,"כאן חדשות",,39,"06/21/2026 09:45",https://www.instagram.com/stories/kan_news/3924528734245416725,"IG story",,Lifetime,10145,8748,90,7,18,22,8687,,,
18119968735764413,17841407868310918,kan_news,"כאן חדשות",,15,"06/21/2026 08:39",https://www.instagram.com/stories/kan_news/3924495892291417843,"IG story",,Lifetime,11180,9441,122,3,9,23,9040,,,
18323743633286451,17841407868310918,kan_news,"כאן חדשות",,14,"06/21/2026 05:18",https://www.instagram.com/stories/kan_news/3924394489430561403,"IG story",,Lifetime,8202,6692,44,7,6,5,7802,,,
18139815970531830,17841407868310918,kan_news,"כאן חדשות",,0,"06/21/2026 04:55",https://www.instagram.com/stories/kan_news/3924382776644218073,"IG story",,Lifetime,8252,6848,20,0,3,1,7087,,,
17999863085773703,17841407868310918,kan_news,"כאן חדשות",,39,"06/21/2026 03:48",https://www.instagram.com/stories/kan_news/3924349084898580340,"IG story",,Lifetime,7528,6341,105,2,11,21,6892,1,,
18098059895175365,17841407868310918,kan_news,"כאן חדשות",,0,"06/21/2026 02:39",https://www.instagram.com/stories/kan_news/3924314358712855319,"IG story",,Lifetime,7238,5982,46,0,8,5,6602,,,
18098896202181944,17841407868310918,kan_news,"כאן חדשות",,0,"06/21/2026 02:19",https://www.instagram.com/stories/kan_news/3924304592242423237,"IG story",,Lifetime,7379,6311,29,0,9,1,6600,,,
18071630558700938,17841407868310918,kan_news,"כאן חדשות",,60,"06/20/2026 23:52",https://www.instagram.com/stories/kan_news/3924230350636722761,"IG story",,Lifetime,8228,7143,100,9,7,31,6678,,,
18106591916001087,17841407868310918,kan_news,"כאן חדשות",,15,"06/20/2026 22:29",https://www.instagram.com/stories/kan_news/3924188869951626938,"IG story",,Lifetime,8752,7675,108,1,28,38,7938,,,
17994261209979791,17841407868310918,kan_news,"כאן חדשות",,19,"06/20/2026 02:17",https://www.instagram.com/stories/kan_news/3923578533800236043,"IG story",,Lifetime,15483,12561,18,10,34,6,13775,1,,
17968477454923210,17841407868310918,kan_news,"כאן חדשות",,0,"06/20/2026 00:26",https://www.instagram.com/stories/kan_news/3923522683094680385,"IG story",,Lifetime,16772,13327,45,1,12,12,14441,,,
18121082017670418,17841407868310918,kan_news,"כאן חדשות",,0,"06/20/2026 00:25",https://www.instagram.com/stories/kan_news/3923522454018436738,"IG story",,Lifetime,18059,14970,15,1,35,8,14960,,,
18082324889556951,17841407868310918,kan_news,"כאן חדשות",,0,"06/19/2026 06:25",https://www.instagram.com/stories/kan_news/3922978661431127556,"IG story",,Lifetime,8247,6931,8,0,11,2,7288,,,
18066787268463292,17841407868310918,kan_news,"כאן חדשות",,55,"06/19/2026 05:12",https://www.instagram.com/stories/kan_news/3922942155265576559,"IG story",,Lifetime,7841,6563,38,1,9,3,6808,,,
17893022550485748,17841407868310918,kan_news,"כאן חדשות",,0,"06/19/2026 03:32",https://www.instagram.com/stories/kan_news/3922891796094924732,"IG story",,Lifetime,6904,5637,20,2,3,4,6107,,,
18101579954118429,17841407868310918,kan_news,"כאן חדשות",,20,"06/19/2026 02:43",https://www.instagram.com/stories/kan_news/3922866791289910889,"IG story",,Lifetime,6563,5661,43,2,3,28,6149,,,
18321783088277790,17841407868310918,kan_news,"כאן חדשות",,41,"06/19/2026 02:02",https://www.instagram.com/stories/kan_news/3922846528162659044,"IG story",,Lifetime,6514,5722,36,4,2,7,5912,,,
17860188282645954,17841407868310918,kan_news,"כאן חדשות",,50,"06/19/2026 01:08",https://www.instagram.com/stories/kan_news/3922819393263914478,"IG story",,Lifetime,5760,5190,22,3,5,2,5445,,,
18112099703308834,17841407868310918,kan_news,"כאן חדשות",,60,"06/19/2026 01:03",https://www.instagram.com/stories/kan_news/3922816431296781886,"IG story",,Lifetime,6415,5511,26,1,11,4,5786,,,
18167382028439436,17841407868310918,kan_news,"כאן חדשות",,15,"06/18/2026 23:52",https://www.instagram.com/stories/kan_news/3922781122974631670,"IG story",,Lifetime,6827,5878,48,3,14,21,6117,1,,
18539789482074410,17841407868310918,kan_news,"כאן חדשות",,48,"06/18/2026 11:57",https://www.instagram.com/stories/kan_news/3922421107138926000,"IG story",,Lifetime,6224,5367,23,6,4,7,5406,,,
18081537341204179,17841407868310918,kan_news,"כאן חדשות",,60,"06/18/2026 11:09",https://www.instagram.com/stories/kan_news/3922396988238382758,"IG story",,Lifetime,6186,5439,19,0,6,1,5553,,,
17954706879158180,17841407868310918,kan_news,"כאן חדשות",,18,"06/18/2026 10:36",https://www.instagram.com/stories/kan_news/3922380316987274025,"IG story",,Lifetime,6481,5597,23,0,4,1,6098,,,
18002907662945023,17841407868310918,kan_news,"כאן חדשות",,16,"06/18/2026 10:33",https://www.instagram.com/stories/kan_news/3922378561645896091,"IG story",,Lifetime,7184,5930,12,21,5,2,5508,,,
18105667156982696,17841407868310918,kan_news,"כאן חדשות",,0,"06/18/2026 07:39",https://www.instagram.com/stories/kan_news/3922291453409715049,"IG story",,Lifetime,6191,5171,5,1,2,0,5304,,,
18107213423059533,17841407868310918,kan_news,"כאן חדשות",,9,"06/18/2026 05:58",https://www.instagram.com/stories/kan_news/3922240664724715269,"IG story",,Lifetime,5403,4639,11,0,1,0,4777,,,
17980186890034951,17841407868310918,kan_news,"כאן חדשות",,26,"06/18/2026 05:58",https://www.instagram.com/stories/kan_news/3922240292740289339,"IG story",,Lifetime,5376,4758,5,1,4,5,5050,,,
18124991809630673,17841407868310918,kan_news,"כאן חדשות",,20,"06/18/2026 05:57",https://www.instagram.com/stories/kan_news/3922239820822409876,"IG story",,Lifetime,5957,5010,44,30,6,0,5570,1,,
18131888803544984,17841407868310918,kan_news,"כאן חדשות",,40,"06/18/2026 03:16",https://www.instagram.com/stories/kan_news/3922158969665234399,"IG story",,Lifetime,5679,4669,18,11,6,0,4737,,,
18053383292520004,17841407868310918,kan_news,"כאן חדשות",,10,"06/18/2026 03:16",https://www.instagram.com/stories/kan_news/3922158835640498003,"IG story",,Lifetime,5641,4768,35,0,7,4,5200,,,
18322660645281786,17841407868310918,kan_news,"כאן חדשות",,0,"06/18/2026 03:16",https://www.instagram.com/stories/kan_news/3922158717134990320,"IG story",,Lifetime,5678,4886,20,0,3,3,4980,,,
17894404473472757,17841407868310918,kan_news,"כאן חדשות",,0,"06/18/2026 03:16",https://www.instagram.com/stories/kan_news/3922158654522521203,"IG story",,Lifetime,5662,5061,19,0,5,12,5241,,,
18353253301244834,17841407868310918,kan_news,"כאן חדשות",,49,"06/18/2026 03:14",https://www.instagram.com/stories/kan_news/3922157999950537185,"IG story",,Lifetime,6392,5582,13,0,17,1,5595,,,
18131423329528565,17841407868310918,kan_news,"כאן חדשות",,0,"06/17/2026 13:29",https://www.instagram.com/stories/kan_news/3921742532899768580,"IG story",,Lifetime,8575,7102,14,1,17,3,7427,,,
18018788780847286,17841407868310918,kan_news,"כאן חדשות",,24,"06/17/2026 11:04",https://www.instagram.com/stories/kan_news/3921669433076090997,"IG story",,Lifetime,9738,8120,16,13,17,8,7889,,,
18093511274611153,17841407868310918,kan_news,"כאן חדשות",,44,"06/17/2026 03:04",https://www.instagram.com/stories/kan_news/3921428113443166986,"IG story",,Lifetime,10481,8728,24,5,16,26,9407,,,
18049493900549376,17841407868310918,kan_news,"כאן חדשות",,26,"06/17/2026 00:21",https://www.instagram.com/stories/kan_news/3921345944007893568,"IG story",,Lifetime,11199,9389,20,5,25,11,9779,,,
18075337232677740,17841407868310918,kan_news,"כאן חדשות",,29,"06/16/2026 12:51",https://www.instagram.com/stories/kan_news/3920998702059272091,"IG story",,Lifetime,7549,6550,47,2,20,2,6654,1,,
18115627801892804,17841407868310918,kan_news,"כאן חדשות","תראו מי בא לכאן",20,"06/16/2026 08:23",https://www.instagram.com/stories/kan_news/3920863843743586690,"IG story",,Lifetime,5156,4516,2,1,11,0,4522,,,19
17880756894666106,17841407868310918,kan_news,"כאן חדשות",,20,"06/16/2026 06:59",https://www.instagram.com/stories/kan_news/3920821377078943103,"IG story",,Lifetime,4768,3968,7,2,4,1,4613,,,
18111819724925286,17841407868310918,kan_news,"כאן חדשות",,0,"06/16/2026 06:58",https://www.instagram.com/stories/kan_news/3920820920724353757,"IG story",,Lifetime,4987,4135,8,0,4,0,4339,,,
18594964411000272,17841407868310918,kan_news,"כאן חדשות","כבר הגיע ל-7.5 מיליון!",20,"06/16/2026 06:57",https://www.instagram.com/stories/kan_news/3920820722574579013,"IG story",,Lifetime,5093,4267,12,3,12,0,4875,,,
18086395718383855,17841407868310918,kan_news,"כאן חדשות",,25,"06/16/2026 06:56",https://www.instagram.com/stories/kan_news/3920820197766476002,"IG story",,Lifetime,5416,4607,9,3,17,3,4547,,,
18115915459845804,17841407868310918,kan_news,"כאן חדשות",,60,"06/16/2026 03:28",https://www.instagram.com/stories/kan_news/3920715556894544570,"IG story",,Lifetime,5797,4921,8,1,49,0,5057,1,,
18123117655587408,17841407868310918,kan_news,"כאן חדשות",,11,"06/15/2026 00:41",https://www.instagram.com/stories/kan_news/3919906886861894000,"IG story",,Lifetime,4662,4237,4,1,16,0,4489,1,,
17932046301328648,17841407868310918,kan_news,"כאן חדשות",,15,"06/15/2026 00:41",https://www.instagram.com/stories/kan_news/3919906766829317827,"IG story",,Lifetime,4824,4475,3,0,3,1,4434,,,
17937670467084384,17841407868310918,kan_news,"כאן חדשות",,15,"06/15/2026 00:41",https://www.instagram.com/stories/kan_news/3919906640899494234,"IG story",,Lifetime,5948,5338,6,3,15,1,4955,1,,
18597979882056686,17841407868310918,kan_news,"כאן חדשות",,15,"06/14/2026 12:44",https://www.instagram.com/stories/kan_news/3919545384128656377,"IG story",,Lifetime,7576,6366,13,2,29,0,6960,,,
17863953435635660,17841407868310918,kan_news,"כאן חדשות",,40,"06/14/2026 10:17",https://www.instagram.com/stories/kan_news/3919471870243689722,"IG story",,Lifetime,8329,7052,36,1,12,0,7326,,,
18407921620148075,17841407868310918,kan_news,"כאן חדשות",,0,"06/14/2026 10:07",https://www.instagram.com/stories/kan_news/3919466536792235155,"IG story",,Lifetime,8619,7225,14,0,9,1,7795,,,
18093115424622819,17841407868310918,kan_news,"כאן חדשות",,0,"06/14/2026 07:21",https://www.instagram.com/stories/kan_news/3919383160781591553,"IG story",,Lifetime,8932,7188,15,5,19,0,8277,,,
18143295109463983,17841407868310918,kan_news,"כאן חדשות",,0,"06/14/2026 06:19",https://www.instagram.com/stories/kan_news/3919352085619491091,"IG story",,Lifetime,9003,7425,10,0,6,2,7637,,17,
18155747818477602,17841407868310918,kan_news,"כאן חדשות",,13,"06/14/2026 05:05",https://www.instagram.com/stories/kan_news/3919320864688073520,"IG story",,Lifetime,8370,7437,12,8,7,0,7957,,,
17888272677561918,17841407868310918,kan_news,"כאן חדשות",,15,"06/14/2026 05:05",https://www.instagram.com/stories/kan_news/3919314664038758864,"IG story",,Lifetime,9619,8347,11,4,6,0,7355,,,
18598534201010238,17841407868310918,kan_news,"כאן חדשות",,15,"06/14/2026 01:34",https://www.instagram.com/stories/kan_news/3919208466299906235,"IG story",,Lifetime,9253,7892,21,1,11,1,8664,,,
17949716280180558,17841407868310918,kan_news,"כאן חדשות","מזל טוב לתפוח הגדול 🍎",15,"06/14/2026 00:05",https://www.instagram.com/stories/kan_news/3919163669900080935,"IG story",,Lifetime,10250,8666,33,3,16,1,9320,,,
18120474730606489,17841407868310918,kan_news,"כאן חדשות",,16,"06/13/2026 13:52",https://www.instagram.com/stories/kan_news/3918854897906393213,"IG story",,Lifetime,11087,9096,54,8,23,4,10090,,,
18084691094132321,17841407868310918,kan_news,"כאן חדשות",💸💸💸,5,"06/13/2026 11:39",https://www.instagram.com/stories/kan_news/3918788388525866466,"IG story",,Lifetime,11918,9069,18,4,24,1,9150,,,
18206594410355725,17841407868310918,kan_news,"כאן חדשות",,20,"06/13/2026 06:14",https://www.instagram.com/stories/kan_news/3918624436923817069,"IG story",,Lifetime,11453,9656,29,4,12,1,10230,,,
18597522586020852,17841407868310918,kan_news,"כאן חדשות",,47,"06/13/2026 04:54",https://www.instagram.com/stories/kan_news/3918584094556045399,"IG story",,Lifetime,11903,9677,73,6,9,3,11196,1,,
17929008273318698,17841407868310918,kan_news,"כאן חדשות",,0,"06/13/2026 04:53",https://www.instagram.com/stories/kan_news/3918583953132919264,"IG story",,Lifetime,13019,10205,36,1,8,7,11120,,,
17876298198672762,17841407868310918,kan_news,"כאן חדשות",,0,"06/13/2026 04:53",https://www.instagram.com/stories/kan_news/3918583765203037574,"IG story",,Lifetime,14253,11184,18,8,41,0,11937,,,
18124126318647775,17841407868310918,kan_news,"כאן חדשות",,60,"06/12/2026 06:28",https://www.instagram.com/stories/kan_news/3917906779564070059,"IG story",,Lifetime,7042,6056,20,9,14,3,6084,,,
18354629158240087,17841407868310918,kan_news,"כאן חדשות",,19,"06/12/2026 05:53",https://www.instagram.com/stories/kan_news/3917889174803461161,"IG story",,Lifetime,6822,6126,40,1,3,0,5875,,,
17986234949828712,17841407868310918,kan_news,"כאן חדשות",,60,"06/12/2026 05:47",https://www.instagram.com/stories/kan_news/3917886333766495419,"IG story",,Lifetime,7398,6489,23,0,6,3,6691,,,
17930626272324594,17841407868310918,kan_news,"כאן חדשות",,26,"06/12/2026 03:59",https://www.instagram.com/stories/kan_news/3917831709248358092,"IG story",,Lifetime,7379,6501,36,1,9,12,6376,,,
18130267117529266,17841407868310918,kan_news,"כאן חדשות",,43,"06/12/2026 02:45",https://www.instagram.com/stories/kan_news/3917794833590311897,"IG story",,Lifetime,7571,6567,27,0,7,1,6703,,,
17934007122266644,17841407868310918,kan_news,"כאן חדשות",,50,"06/11/2026 23:54",https://www.instagram.com/stories/kan_news/3917708465740609190,"IG story",,Lifetime,7127,6288,35,1,16,15,6077,,,
18107120363316930,17841407868310918,kan_news,"כאן חדשות",,44,"06/11/2026 23:53",https://www.instagram.com/stories/kan_news/3917707913560490024,"IG story",,Lifetime,7465,6694,16,0,18,4,6963,,,
18116003282506542,17841407868310918,kan_news,"כאן חדשות",,0,"06/11/2026 13:00",https://www.instagram.com/stories/kan_news/3917379482176622154,"IG story",,Lifetime,8845,7633,18,2,16,6,8323,,,
18105209188988741,17841407868310918,kan_news,"כאן חדשות",,15,"06/11/2026 12:19",https://www.instagram.com/stories/kan_news/3917358678948353291,"IG story",,Lifetime,9102,7847,25,0,11,0,8662,,,
18100185520896867,17841407868310918,kan_news,"כאן חדשות",,34,"06/11/2026 11:28",https://www.instagram.com/stories/kan_news/3917333161079635088,"IG story",,Lifetime,11230,8216,104,8,23,12,9874,,,
18067135613414424,17841407868310918,kan_news,"כאן חדשות",,25,"06/11/2026 10:58",https://www.instagram.com/stories/kan_news/3917319735699724078,"IG story",,Lifetime,11392,8241,14,5,87,2,8229,,,
17884417419594291,17841407868310918,kan_news,"כאן חדשות",,14,"06/11/2026 10:44",https://www.instagram.com/stories/kan_news/3917310748228990583,"IG story",,Lifetime,10627,8633,24,3,5,7,9292,,,
18085235312390943,17841407868310918,kan_news,"כאן חדשות",,37,"06/11/2026 10:44",https://www.instagram.com/stories/kan_news/3917310659301356732,"IG story",,Lifetime,11195,9051,42,13,8,6,10078,,,
18045942809618626,17841407868310918,kan_news,"כאן חדשות",,14,"06/11/2026 10:43",https://www.instagram.com/stories/kan_news/3917310577294344088,"IG story",,Lifetime,11966,10232,172,7,28,12,9513,,,
17879827227606589,17841407868310918,kan_news,"כאן חדשות",,38,"06/11/2026 00:22",https://www.instagram.com/stories/kan_news/3916997822372811750,"IG story",,Lifetime,12956,9993,23,5,24,2,9273,,,
18428690035125444,17841407868310918,kan_news,"כאן חדשות",,0,"06/11/2026 00:06",https://www.instagram.com/stories/kan_news/3916989947273952481,"IG story",,Lifetime,10454,8216,118,1,5,10,9111,,,
17911579785223696,17841407868310918,kan_news,"כאן חדשות",,0,"06/11/2026 00:06",https://www.instagram.com/stories/kan_news/3916989869956237031,"IG story",,Lifetime,10974,8759,25,0,10,4,9772,,,
18079462862560772,17841407868310918,kan_news,"כאן חדשות",,0,"06/11/2026 00:06",https://www.instagram.com/stories/kan_news/3916989808568214713,"IG story",,Lifetime,12271,9988,25,0,46,9,9524,1,,
18078271691404557,17841407868310918,kan_news,"כאן חדשות",@rubih,26,"06/10/2026 03:11",https://www.instagram.com/stories/kan_news/3916358278547950194,"IG story",,Lifetime,7200,6381,36,3,21,4,6346,,,11
18101595739851503,17841407868310918,kan_news,"כאן חדשות",,46,"06/10/2026 00:59",https://www.instagram.com/stories/kan_news/3916291596211092045,"IG story",,Lifetime,7725,6697,18,3,17,7,6540,,,
17967532793924967,17841407868310918,kan_news,"כאן חדשות",,0,"06/09/2026 12:57",https://www.instagram.com/stories/kan_news/3915928317232628061,"IG story",,Lifetime,6288,5288,12,0,17,6,5394,,,
18114873019842431,17841407868310918,kan_news,"כאן חדשות",,21,"06/09/2026 11:57",https://www.instagram.com/stories/kan_news/3915898232546395766,"IG story",,Lifetime,5536,4706,6,2,4,9,4994,,,
18149785600494886,17841407868310918,kan_news,"כאן חדשות",,20,"06/09/2026 11:57",https://www.instagram.com/stories/kan_news/3915898162719635960,"IG story",,Lifetime,5647,4874,15,2,6,2,5417,,,
17874648996613111,17841407868310918,kan_news,"כאן חדשות",,29,"06/09/2026 11:56",https://www.instagram.com/stories/kan_news/3915897800726067068,"IG story",,Lifetime,5737,5128,9,0,10,1,5163,,,
18102487178097414,17841407868310918,kan_news,"כאן חדשות",,30,"06/09/2026 08:08",https://www.instagram.com/stories/kan_news/3915783077586177026,"IG story",,Lifetime,5838,4956,17,1,4,8,4927,,,
18105159640977904,17841407868310918,kan_news,"כאן חדשות",,0,"06/09/2026 08:08",https://www.instagram.com/stories/kan_news/3915782959986819633,"IG story",,Lifetime,6056,5211,5,0,6,1,5091,,,
18127675609529100,17841407868310918,kan_news,"כאן חדשות",,5,"06/09/2026 05:46",https://www.instagram.com/stories/kan_news/3915711835604675469,"IG story",,Lifetime,5235,4916,4,1,5,0,4951,,,
17909184672318519,17841407868310918,kan_news,"כאן חדשות",,10,"06/09/2026 05:46",https://www.instagram.com/stories/kan_news/3915711750879724193,"IG story",,Lifetime,5387,5077,6,1,4,1,5051,,,
18359190526240059,17841407868310918,kan_news,"כאן חדשות",,15,"06/09/2026 05:46",https://www.instagram.com/stories/kan_news/3915711612761327461,"IG story",,Lifetime,5647,5237,4,0,2,1,4945,,,
18094113697984617,17841407868310918,kan_news,"כאן חדשות",,15,"06/09/2026 05:46",https://www.instagram.com/stories/kan_news/3915711465901973007,"IG story",,Lifetime,6556,5790,11,1,7,1,5502,,,
18082821053650102,17841407868310918,kan_news,"כאן חדשות",,60,"06/09/2026 02:34",https://www.instagram.com/stories/kan_news/3915614854622409825,"IG story",,Lifetime,9147,7205,25,3,13,3,6284,,,
17946022248207022,17841407868310918,kan_news,"כאן חדשות",💔,15,"06/09/2026 01:54",https://www.instagram.com/stories/kan_news/3915594432866591749,"IG story",,Lifetime,7516,6420,97,1,18,18,7019,,,
18106183762961429,17841407868310918,kan_news,"כאן חדשות",,14,"06/08/2026 23:20",https://www.instagram.com/stories/kan_news/3915516578011179178,"IG story",,Lifetime,8427,7167,22,1,34,3,6237,,,
18117576904792107,17841407868310918,kan_news,"כאן חדשות",,27,"06/08/2026 08:47",https://www.instagram.com/stories/kan_news/3915077273262420304,"IG story",,Lifetime,6703,5664,24,1,15,7,5942,,,
18110940037937107,17841407868310918,kan_news,"כאן חדשות",,57,"06/08/2026 07:25",https://www.instagram.com/stories/kan_news/3915035760012753072,"IG story",,Lifetime,7489,5958,13,0,17,2,6650,,,
17890776741376873,17841407868310918,kan_news,"כאן חדשות",,15,"06/08/2026 05:21",https://www.instagram.com/stories/kan_news/3914973917466505683,"IG story",,Lifetime,8388,6505,14,32,22,0,6633,,,
17905316133265357,17841407868310918,kan_news,"כאן חדשות",,14,"06/08/2026 04:44",https://www.instagram.com/stories/kan_news/3914954912739536571,"IG story",,Lifetime,7380,6321,19,0,12,0,6941,,,
18126045940625141,17841407868310918,kan_news,"כאן חדשות",,0,"06/08/2026 04:43",https://www.instagram.com/stories/kan_news/3914955006700899062,"IG story",,Lifetime,7611,6393,11,16,6,1,6399,,,
17947787346079731,17841407868310918,kan_news,"כאן חדשות",,0,"06/08/2026 02:51",https://www.instagram.com/stories/kan_news/3914898604611519075,"IG story",,Lifetime,7716,6446,10,1,7,0,7247,,,
17868202371622400,17841407868310918,kan_news,"כאן חדשות",,0,"06/08/2026 02:51",https://www.instagram.com/stories/kan_news/3914898511170670305,"IG story",,Lifetime,7842,6677,10,1,8,1,7089,1,,
18106347125057863,17841407868310918,kan_news,"כאן חדשות",,0,"06/08/2026 02:51",https://www.instagram.com/stories/kan_news/3914898417092554033,"IG story",,Lifetime,8342,7136,14,12,24,0,7382,1,,
,,,,,,,,,"An error occurred while computing metadata for content with ID 18211953595332215. An error occurred while computing metrics.",-,,,,,,,,,,
,,,,,,,,,"An error occurred while computing metadata for content with ID 17974489634882809. An error occurred while computing metrics.",-,,,,,,,,,,
18080597219177302,17841407868310918,kan_news,"כאן חדשות",,0,"05/21/2026 03:45",https://www.instagram.com/stories/kan_news/3901879929113464455,"IG story",,Lifetime,9646,8238,13,0,11,0,8692,,,
17866505967684021,17841407868310918,kan_news,"כאן חדשות",,0,"05/21/2026 07:07",https://www.instagram.com/stories/kan_news/3901981464103479488,"IG story",,Lifetime,10817,8926,13,0,20,2,9394,,,
17913398403391480,17841407868310918,kan_news,"כאן חדשות",,0,"05/22/2026 01:51",https://www.instagram.com/stories/kan_news/3902547135396622449,"IG story",,Lifetime,14993,11284,11,0,28,2,11905,1,,
18082849448129961,17841407868310918,kan_news,"כאן חדשות",,0,"05/22/2026 03:40",https://www.instagram.com/stories/kan_news/3902601756676734503,"IG story",,Lifetime,14110,10309,15,3,13,1,12305,,,
17962838667110178,17841407868310918,kan_news,"כאן חדשות",,0,"05/22/2026 11:14",https://www.instagram.com/stories/kan_news/3902830609554810321,"IG story",,Lifetime,15040,11516,8,11,25,10,12126,,,
18101390912012832,17841407868310918,kan_news,"כאן חדשות",,0,"05/22/2026 11:15",https://www.instagram.com/stories/kan_news/3902830815092658837,"IG story",,Lifetime,13830,10276,18,0,6,5,12080,,,
18067210871692803,17841407868310918,kan_news,"כאן חדשות",,0,"05/22/2026 11:18",https://www.instagram.com/stories/kan_news/3902832582412984870,"IG story",,Lifetime,13244,10048,10,1,7,1,11606,,,
18102067549916136,17841407868310918,kan_news,"כאן חדשות",,0,"05/22/2026 11:18",https://www.instagram.com/stories/kan_news/3902832739430788423,"IG story",,Lifetime,12755,9722,25,2,8,5,11408,,,
17859387681650162,17841407868310918,kan_news,"כאן חדשות",,15,"05/22/2026 22:58",https://www.instagram.com/stories/kan_news/3903184449537502339,"IG story",,Lifetime,16438,12975,36,1,29,1,15181,,,
17869367115617279,17841407868310918,kan_news,"כאן חדשות",,0,"05/23/2026 02:01",https://www.instagram.com/stories/kan_news/3903276894296550695,"IG story",,Lifetime,16766,13256,25,0,16,4,14064,,96,
18066371003694826,17841407868310918,kan_news,"כאן חדשות","אלופות ❤️🇮🇱",15,"05/23/2026 06:03",https://www.instagram.com/stories/kan_news/3903398467992744280,"IG story",,Lifetime,14864,12249,121,3,11,6,14020,,,
18102961090823202,17841407868310918,kan_news,"כאן חדשות",,13,"05/23/2026 06:32",https://www.instagram.com/stories/kan_news/3903413240708896384,"IG story",,Lifetime,13947,11728,28,20,15,3,11928,,,
17890751304488845,17841407868310918,kan_news,"כאן חדשות",,58,"05/23/2026 07:45",https://www.instagram.com/stories/kan_news/3903449818026085922,"IG story",,Lifetime,13637,11375,77,1,9,3,12537,2,,
18391694185093815,17841407868310918,kan_news,"כאן חדשות",,60,"05/23/2026 10:18",https://www.instagram.com/stories/kan_news/3903526585793442856,"IG story",,Lifetime,13603,11005,28,0,22,6,11876,,,
17874109068491908,17841407868310918,kan_news,"כאן חדשות",,0,"05/23/2026 22:54",https://www.instagram.com/stories/kan_news/3903907538714394637,"IG story",,Lifetime,13679,11099,11,0,13,0,11931,,,
18092696285463778,17841407868310918,kan_news,"כאן חדשות",,0,"05/23/2026 23:50",https://www.instagram.com/stories/kan_news/3903935514361370534,"IG story",,Lifetime,12464,10050,12,1,6,0,11283,,,
18116814160763705,17841407868310918,kan_news,"כאן חדשות",,0,"05/24/2026 00:54",https://www.instagram.com/stories/kan_news/3903967983693406898,"IG story",,Lifetime,12480,9612,12,0,14,3,11151,,,
18077676548247421,17841407868310918,kan_news,"כאן חדשות",,60,"05/24/2026 08:57",https://www.instagram.com/stories/kan_news/3904211163156367437,"IG story",,Lifetime,12718,9951,38,11,21,4,10782,,,
18004982273739966,17841407868310918,kan_news,"כאן חדשות",,58,"05/24/2026 12:16",https://www.instagram.com/stories/kan_news/3904310791407153672,"IG story",,Lifetime,13683,11068,74,16,14,6,9314,1,,
17875969584479775,17841407868310918,kan_news,"כאן חדשות",,0,"05/24/2026 22:59",https://www.instagram.com/stories/kan_news/3904635051290298584,"IG story",,Lifetime,8347,7176,50,5,7,21,7462,,,
18100066595111625,17841407868310918,kan_news,"כאן חדשות",,0,"05/24/2026 23:00",https://www.instagram.com/stories/kan_news/3904635134354218189,"IG story",,Lifetime,8047,6617,16,0,6,7,7363,,,
18081335183328477,17841407868310918,kan_news,"כאן חדשות",,0,"05/25/2026 06:31",https://www.instagram.com/stories/kan_news/3904862282365046421,"IG story",,Lifetime,8077,6347,11,0,21,1,6612,,46,
18096510110166661,17841407868310918,kan_news,"כאן חדשות",,0,"05/25/2026 06:32",https://www.instagram.com/stories/kan_news/3904862637480127825,"IG story",,Lifetime,6620,5544,12,7,2,0,6070,,,
18085051163378910,17841407868310918,kan_news,"כאן חדשות",,0,"05/25/2026 06:32",https://www.instagram.com/stories/kan_news/3904862716634961898,"IG story",,Lifetime,6376,5336,10,0,,6,6026,,,
17925479301300978,17841407868310918,kan_news,"כאן חדשות",,2,"05/25/2026 06:32",https://www.instagram.com/stories/kan_news/3904862803790176540,"IG story",,Lifetime,6686,5208,10,3,2,1,4128,,,
18074696981661293,17841407868310918,kan_news,"כאן חדשות",,0,"05/25/2026 06:32",https://www.instagram.com/stories/kan_news/3904863000883089174,"IG story",,Lifetime,6869,5237,10,0,6,2,5775,,,
18129092269591854,17841407868310918,kan_news,"כאן חדשות",,60,"05/25/2026 06:32",https://www.instagram.com/stories/kan_news/3904862559186723488,"IG story",,Lifetime,7132,5689,19,7,5,2,6755,,,
18043180949788145,17841407868310918,kan_news,"כאן חדשות",,38,"05/25/2026 06:33",https://www.instagram.com/stories/kan_news/3904862934258166190,"IG story",,Lifetime,6551,5302,37,0,6,17,6117,,,
17854135713675194,17841407868310918,kan_news,"כאן חדשות",,0,"05/26/2026 00:01",https://www.instagram.com/stories/kan_news/3905391022624643846,"IG story",,Lifetime,13385,10675,22,1,18,2,10982,,,
17981414528848410,17841407868310918,kan_news,"כאן חדשות",,0,"05/26/2026 01:46",https://www.instagram.com/stories/kan_news/3905443684711724829,"IG story",,Lifetime,12585,10036,15,2,6,2,10861,,,
18119388889667761,17841407868310918,kan_news,"כאן חדשות",,5,"05/26/2026 03:28",https://www.instagram.com/stories/kan_news/3905494787574343816,"IG story",,Lifetime,12512,10127,10,5,14,2,9621,,,
17963571614933811,17841407868310918,kan_news,"כאן חדשות",,36,"05/26/2026 07:23",https://www.instagram.com/stories/kan_news/3905613004535941337,"IG story",,Lifetime,12465,9976,14,2,22,3,11334,,,
18088779728067617,17841407868310918,kan_news,"כאן חדשות",,60,"05/27/2026 01:45",https://www.instagram.com/stories/kan_news/3906167452173770196,"IG story",,Lifetime,7259,6207,16,0,17,4,6473,,,
18105558208754834,17841407868310918,kan_news,"כאן חדשות",,57,"05/27/2026 03:40",https://www.instagram.com/stories/kan_news/3906225460203418872,"IG story",,Lifetime,5536,4983,8,1,3,1,5317,,13,
17984771309831157,17841407868310918,kan_news,"כאן חדשות",,0,"05/27/2026 04:54",https://www.instagram.com/stories/kan_news/3906263078555840753,"IG story",,Lifetime,5177,4496,10,0,1,6,4616,,,
18092512717987666,17841407868310918,kan_news,"כאן חדשות",,18,"05/27/2026 04:54",https://www.instagram.com/stories/kan_news/3906262887982827037,"IG story",,Lifetime,5370,4745,9,0,2,7,4717,,,
17897933565310627,17841407868310918,kan_news,"כאן חדשות",,0,"05/27/2026 04:54",https://www.instagram.com/stories/kan_news/3906263268281000636,"IG story",,Lifetime,5244,4523,6,0,1,2,4622,,,
18117884344743450,17841407868310918,kan_news,"כאן חדשות",,0,"05/27/2026 04:55",https://www.instagram.com/stories/kan_news/3906263451722925910,"IG story",,Lifetime,5283,4425,6,0,3,4,4978,,,
18099283505037400,17841407868310918,kan_news,"כאן חדשות",,29,"05/27/2026 08:21",https://www.instagram.com/stories/kan_news/3906367397698807292,"IG story",,Lifetime,6909,6010,8,3,9,1,5713,,,
17853399237678909,17841407868310918,kan_news,"כאן חדשות",,48,"05/27/2026 10:50",https://www.instagram.com/stories/kan_news/3906441690138998458,"IG story",,Lifetime,7469,6493,18,4,11,4,6695,,,
18058477493498421,17841407868310918,kan_news,"כאן חדשות",,0,"05/27/2026 10:52",https://www.instagram.com/stories/kan_news/3906443206455889522,"IG story",,Lifetime,7407,5985,15,1,11,4,6241,,,
17963166849091786,17841407868310918,kan_news,"כאן חדשות",,12,"05/28/2026 04:27",https://www.instagram.com/stories/kan_news/3906974194595923796,"IG story",,Lifetime,14865,12350,39,0,25,4,13393,,,
18120723604739049,17841407868310918,kan_news,"כאן חדשות",,10,"05/28/2026 06:12",https://www.instagram.com/stories/kan_news/3907026830930124291,"IG story",,Lifetime,13462,11848,86,3,12,26,11673,2,,
17963158223935492,17841407868310918,kan_news,"כאן חדשות",,58,"05/28/2026 09:35",https://www.instagram.com/stories/kan_news/3907129126531794162,"IG story",,Lifetime,12347,11011,87,1,5,31,11468,1,,
17865175692687157,17841407868310918,kan_news,"כאן חדשות",,0,"05/28/2026 09:35",https://www.instagram.com/stories/kan_news/3907129260833931122,"IG story",,Lifetime,11789,10349,18,0,1,2,10792,,,
17980804887008465,17841407868310918,kan_news,"כאן חדשות",,0,"05/28/2026 09:35",https://www.instagram.com/stories/kan_news/3907129520620733166,"IG story",,Lifetime,12425,9865,15,0,14,7,10707,,,
17881120950436213,17841407868310918,kan_news,"כאן חדשות",,37,"05/29/2026 04:39",https://www.instagram.com/stories/kan_news/3907705331190482590,"IG story",,Lifetime,7202,6372,19,6,7,0,5979,,,
18111009514904117,17841407868310918,kan_news,"כאן חדשות",,52,"05/29/2026 04:40",https://www.instagram.com/stories/kan_news/3907705127691251723,"IG story",,Lifetime,7887,6801,51,0,3,1,6573,,,
18109654414930846,17841407868310918,kan_news,"כאן חדשות",,0,"05/29/2026 04:40",https://www.instagram.com/stories/kan_news/3907705607603897264,"IG story",,Lifetime,7321,5911,10,2,,4,5901,,,
18125220304710640,17841407868310918,kan_news,"כאן חדשות",,15,"05/29/2026 04:40",https://www.instagram.com/stories/kan_news/3907705481749234303,"IG story",,Lifetime,7260,6137,39,1,3,2,6788,,,
17865009141686553,17841407868310918,kan_news,"כאן חדשות",,15,"05/29/2026 04:41",https://www.instagram.com/stories/kan_news/3907705740135154009,"IG story",,Lifetime,7152,5904,19,0,3,1,6842,,,
18059501924713417,17841407868310918,kan_news,"כאן חדשות",,22,"05/29/2026 09:24",https://www.instagram.com/stories/kan_news/3907848133199173847,"IG story",,Lifetime,10281,9046,22,3,9,1,9057,1,,
17940845982218972,17841407868310918,kan_news,"כאן חדשות",,60,"05/29/2026 09:25",https://www.instagram.com/stories/kan_news/3907848299419404366,"IG story",,Lifetime,9438,8210,10,9,5,3,8976,,,
18089833796346381,17841407868310918,kan_news,"כאן חדשות",,43,"05/29/2026 09:41",https://www.instagram.com/stories/kan_news/3907856630313820676,"IG story",,Lifetime,9396,8100,68,9,16,7,8477,1,,
18009042209867172,17841407868310918,kan_news,"כאן חדשות",,23,"05/30/2026 06:46",https://www.instagram.com/stories/kan_news/3908493487527597504,"IG story",,Lifetime,16896,13915,47,11,44,24,14242,,,
17883861072578861,17841407868310918,kan_news,"כאן חדשות",,5,"05/30/2026 07:34",https://www.instagram.com/stories/kan_news/3908517880702045770,"IG story",,Lifetime,15873,13036,24,12,15,2,10694,,,
18082670654160346,17841407868310918,kan_news,"כאן חדשות",,60,"05/30/2026 09:01",https://www.instagram.com/stories/kan_news/3908561205169682380,"IG story",,Lifetime,14589,11706,28,14,18,6,12531,,,
17961284277104463,17841407868310918,kan_news,"כאן חדשות",,0,"05/30/2026 11:04",https://www.instagram.com/stories/kan_news/3908623682314563768,"IG story",,Lifetime,12910,10584,17,0,8,2,10775,,,
18102216806015541,17841407868310918,kan_news,"כאן חדשות",,15,"05/30/2026 12:15",https://www.instagram.com/stories/kan_news/3908659337136066359,"IG story",,Lifetime,11180,9486,18,7,11,2,10689,,,
18112044863510204,17841407868310918,kan_news,"כאן חדשות",,0,"05/30/2026 13:51",https://www.instagram.com/stories/kan_news/3908707799525999198,"IG story",,Lifetime,10742,8999,17,2,3,0,9484,,,
17907870825421560,17841407868310918,kan_news,"כאן חדשות",💔,0,"05/30/2026 23:29",https://www.instagram.com/stories/kan_news/3908998869870574859,"IG story",,Lifetime,9301,7980,63,0,8,29,8274,,,
18101770010332474,17841407868310918,kan_news,"כאן חדשות",,0,"05/30/2026 23:30",https://www.instagram.com/stories/kan_news/3908998980474268387,"IG story",,Lifetime,8896,7525,64,22,4,6,7821,,,
17893088247524043,17841407868310918,kan_news,"כאן חדשות",,27,"05/30/2026 23:32",https://www.instagram.com/stories/kan_news/3908999775579690299,"IG story",,Lifetime,8624,7179,25,14,3,10,8187,,,
18092449298191930,17841407868310918,kan_news,"כאן חדשות","תשלחו לחבר שעדיין חייב לכם כסף 💸",0,"05/31/2026 03:02",https://www.instagram.com/stories/kan_news/3909105774525913998,"IG story",,Lifetime,9201,7461,9,4,4,0,7105,,,
17986020467824852,17841407868310918,kan_news,"כאן חדשות",,9,"05/31/2026 05:11",https://www.instagram.com/stories/kan_news/3909170443361326656,"IG story",,Lifetime,8510,6947,23,1,15,1,6767,,,
18088750790346903,17841407868310918,kan_news,"כאן חדשות",,15,"05/31/2026 05:32",https://www.instagram.com/stories/kan_news/3909181214602483791,"IG story",,Lifetime,7417,6595,10,0,2,2,6500,,,
18127557679618815,17841407868310918,kan_news,"כאן חדשות",,12,"05/31/2026 05:32",https://www.instagram.com/stories/kan_news/3909181344080648225,"IG story",,Lifetime,6720,6324,7,1,1,1,6442,,,
17956109951970133,17841407868310918,kan_news,"כאן חדשות",,11,"05/31/2026 05:44",https://www.instagram.com/stories/kan_news/3909187331164354877,"IG story",,Lifetime,6823,6215,29,2,6,2,5987,,,
18091673303253943,17841407868310918,kan_news,"כאן חדשות",,28,"05/31/2026 06:55",https://www.instagram.com/stories/kan_news/3909222778603240798,"IG story",,Lifetime,7182,6343,18,4,1,1,6080,,,
17864738790628503,17841407868310918,kan_news,"כאן חדשות",,60,"05/31/2026 07:48",https://www.instagram.com/stories/kan_news/3909249417642961991,"IG story",,Lifetime,7137,6323,22,3,5,2,6450,,,
18000470558762976,17841407868310918,kan_news,"כאן חדשות","כאן נותנים לכם לעוף צוות הסושיאל של
כאן חדשות מחפש  עורכ/ת סושיאל מבינים חדשות ורוצים לעשות תוכן מצוין?",5,"05/31/2026 08:34",https://www.instagram.com/stories/kan_news/3909272923394987083,"IG story",,Lifetime,9481,8128,8,16,9,1,6356,,30,
18312854380302657,17841407868310918,kan_news,"כאן חדשות",,0,"05/31/2026 13:57",https://www.instagram.com/stories/kan_news/3909435473495989091,"IG story",,Lifetime,13350,10209,15,0,22,5,10855,,,
17949461819998962,17841407868310918,kan_news,"כאן חדשות",,0,"06/01/2026 08:26",https://www.instagram.com/stories/kan_news/3909993842673879851,"IG story",,Lifetime,15011,11723,54,2,19,4,12365,,,
18191010637378993,17841407868310918,kan_news,"כאן חדשות",,22,"06/01/2026 08:27",https://www.instagram.com/stories/kan_news/3909993600578121225,"IG story",,Lifetime,15838,12399,13,23,33,6,12173,,,
17865264708629424,17841407868310918,kan_news,"כאן חדשות",,16,"06/01/2026 10:40",https://www.instagram.com/stories/kan_news/3910061033108199539,"IG story",,Lifetime,13422,10819,20,8,22,13,10803,,,
18121398829598452,17841407868310918,kan_news,"כאן חדשות",,20,"06/01/2026 13:16",https://www.instagram.com/stories/kan_news/3910139426956784020,"IG story",,Lifetime,10951,9382,59,2,10,23,10262,,,
18197819782362319,17841407868310918,kan_news,"כאן חדשות",,0,"06/01/2026 22:56",https://www.instagram.com/stories/kan_news/3910431668745980791,"IG story",,Lifetime,10328,8304,22,3,12,3,8851,,,
17946163239080237,17841407868310918,kan_news,"כאן חדשות",,22,"06/02/2026 00:52",https://www.instagram.com/stories/kan_news/3910490130137404603,"IG story",,Lifetime,9013,7501,43,0,7,6,8044,,,
18315836947272086,17841407868310918,kan_news,"כאן חדשות",,56,"06/02/2026 02:22",https://www.instagram.com/stories/kan_news/3910534634747889821,"IG story",,Lifetime,8265,7218,23,0,5,5,7327,,,
18104907832988398,17841407868310918,kan_news,"כאן חדשות",,41,"06/02/2026 03:42",https://www.instagram.com/stories/kan_news/3910575394792813705,"IG story",,Lifetime,7524,6734,11,13,4,0,7171,,,
18079529597537902,17841407868310918,kan_news,"כאן חדשות",,41,"06/02/2026 11:12",https://www.instagram.com/stories/kan_news/3910801915470065871,"IG story",,Lifetime,8593,7524,59,1,23,23,7656,2,,
18156582874420312,17841407868310918,kan_news,"כאן חדשות",,58,"06/02/2026 11:12",https://www.instagram.com/stories/kan_news/3910802160887166770,"IG story",,Lifetime,7867,6834,30,9,14,1,7134,,,
18074569286311815,17841407868310918,kan_news,"כאן חדשות",,0,"06/02/2026 22:50",https://www.instagram.com/stories/kan_news/3911153532128521671,"IG story",,Lifetime,9427,7732,17,18,16,4,7878,,,
17893360875471395,17841407868310918,kan_news,"כאן חדשות",,36,"06/03/2026 00:08",https://www.instagram.com/stories/kan_news/3911192591802228579,"IG story",,Lifetime,8964,7487,129,16,10,14,7287,,,
18108359141512983,17841407868310918,kan_news,"כאן חדשות",,0,"06/03/2026 01:16",https://www.instagram.com/stories/kan_news/3911226969878479505,"IG story",,Lifetime,8686,7117,37,2,7,5,7358,,,
17967454254003441,17841407868310918,kan_news,"כאן חדשות",,23,"06/03/2026 02:29",https://www.instagram.com/stories/kan_news/3911263092222382142,"IG story",,Lifetime,8357,6758,31,0,5,8,7821,,,
18427206262126175,17841407868310918,kan_news,"כאן חדשות",,47,"06/03/2026 05:43",https://www.instagram.com/stories/kan_news/3911361089039953206,"IG story",,Lifetime,9297,7419,25,24,16,5,8309,,,
18021023699837467,17841407868310918,kan_news,"כאן חדשות",,15,"06/03/2026 09:44",https://www.instagram.com/stories/kan_news/3911482199098159559,"IG story",,Lifetime,8291,6681,10,0,15,0,6751,,48,
18361320595238696,17841407868310918,kan_news,"כאן חדשות",,47,"06/03/2026 23:12",https://www.instagram.com/stories/kan_news/3911889138919550526,"IG story",,Lifetime,7819,6539,38,2,9,3,7011,,,
17901304161288443,17841407868310918,kan_news,"כאן חדשות",,19,"06/03/2026 23:12",https://www.instagram.com/stories/kan_news/3911889089737140070,"IG story",,Lifetime,8222,6933,19,1,14,5,7557,,,
17909535717414421,17841407868310918,kan_news,"כאן חדשות",,0,"06/03/2026 23:13",https://www.instagram.com/stories/kan_news/3911889493414373873,"IG story",,Lifetime,7114,5870,15,4,1,3,6199,,,
18123191422729693,17841407868310918,kan_news,"כאן חדשות",,60,"06/03/2026 23:13",https://www.instagram.com/stories/kan_news/3911889196029205422,"IG story",,Lifetime,7496,6157,22,25,7,0,6873,,,
18078786626233085,17841407868310918,kan_news,"כאן חדשות",,0,"06/04/2026 03:27",https://www.instagram.com/stories/kan_news/3912017647319496638,"IG story",,Lifetime,7224,6114,18,2,3,2,6107,,,
18118656577743157,17841407868310918,kan_news,"כאן חדשות",,17,"06/04/2026 03:27",https://www.instagram.com/stories/kan_news/3912017452300648323,"IG story",,Lifetime,7614,6437,14,3,9,5,5804,1,,
18072961835688245,17841407868310918,kan_news,"כאן חדשות",,17,"06/04/2026 03:28",https://www.instagram.com/stories/kan_news/3912017689144642875,"IG story",,Lifetime,6967,5963,38,1,4,6,6007,,,
17947472361011909,17841407868310918,kan_news,"כאן חדשות",,0,"06/04/2026 05:57",https://www.instagram.com/stories/kan_news/3912093129836816509,"IG story",,Lifetime,7479,6466,28,0,15,5,6490,,,
18088652009211441,17841407868310918,kan_news,"כאן חדשות",,0,"06/04/2026 05:58",https://www.instagram.com/stories/kan_news/3912093353072248075,"IG story",,Lifetime,7359,6081,55,11,7,5,6658,,,
17951823615154369,17841407868310918,kan_news,"כאן חדשות",,34,"06/04/2026 23:08",https://www.instagram.com/stories/kan_news/3912611511885003507,"IG story",,Lifetime,11291,9547,42,2,17,3,8332,,,
18053965703576368,17841407868310918,kan_news,"כאן חדשות",,27,"06/04/2026 23:08",https://www.instagram.com/stories/kan_news/3912611821307226346,"IG story",,Lifetime,8707,7447,53,0,7,3,6388,,,
18600136831009009,17841407868310918,kan_news,"כאן חדשות",,0,"06/05/2026 03:43",https://www.instagram.com/stories/kan_news/3912750349438147442,"IG story",,Lifetime,10520,8719,7,0,13,2,8519,,,
18105190763067912,17841407868310918,kan_news,"כאן חדשות",,47,"06/05/2026 08:25",https://www.instagram.com/stories/kan_news/3912891827195355928,"IG story",,Lifetime,8854,7629,29,1,12,4,7608,,,
18411363889146385,17841407868310918,kan_news,"כאן חדשות",,48,"06/05/2026 21:52",https://www.instagram.com/stories/kan_news/3913297936267803288,"IG story",,Lifetime,11509,10018,30,2,20,1,10286,,,
18136791832563107,17841407868310918,kan_news,"כאן חדשות",,60,"06/05/2026 22:06",https://www.instagram.com/stories/kan_news/3913304973680722811,"IG story",,Lifetime,10517,9069,37,4,7,6,8589,,,
18375368572165674,17841407868310918,kan_news,"כאן חדשות",,15,"06/05/2026 22:57",https://www.instagram.com/stories/kan_news/3913331126533492987,"IG story",,Lifetime,10370,8568,15,0,5,0,9027,,56,
18126708208540765,17841407868310918,kan_news,"כאן חדשות",,59,"06/06/2026 07:29",https://www.instagram.com/stories/kan_news/3913588641305339187,"IG story",,Lifetime,10620,9010,19,10,19,14,9837,,,
17981908181848215,17841407868310918,kan_news,"כאן חדשות",,28,"06/06/2026 08:26",https://www.instagram.com/stories/kan_news/3913617514769457954,"IG story",,Lifetime,9584,8447,13,1,8,1,8801,,,
18121199959667023,17841407868310918,kan_news,"כאן חדשות",,15,"06/06/2026 10:43",https://www.instagram.com/stories/kan_news/3913686413400490891,"IG story",,Lifetime,9303,8149,15,2,10,2,8838,,,
18100865873328645,17841407868310918,kan_news,"כאן חדשות",,11,"06/06/2026 10:43",https://www.instagram.com/stories/kan_news/3913686535790269225,"IG story",,Lifetime,9024,7797,15,2,8,4,6947,,,
17963679113942759,17841407868310918,kan_news,"כאן חדשות","4 ימים אחרי שנכנס לתפקידו 👇",0,"06/06/2026 11:20",https://www.instagram.com/stories/kan_news/3913705222950114445,"IG story",,Lifetime,9517,7822,19,0,10,6,8005,,,
18067863869418933,17841407868310918,kan_news,"כאן חדשות",💔,0,"06/06/2026 12:15",https://www.instagram.com/stories/kan_news/3913732654495306232,"IG story",,Lifetime,9616,7913,61,2,8,22,8537,,,
17932894230272308,17841407868310918,kan_news,"כאן חדשות",,0,"06/06/2026 12:57",https://www.instagram.com/stories/kan_news/3913753839564044352,"IG story",,Lifetime,9762,8035,24,1,16,5,9104,,,
17978989136860000,17841407868310918,kan_news,"כאן חדשות",,58,"06/07/2026 00:31",https://www.instagram.com/stories/kan_news/3914102742767015018,"IG story",,Lifetime,12842,10789,59,4,34,4,10619,,,
18096845860923220,17841407868310918,kan_news,"כאן חדשות",,15,"06/07/2026 00:38",https://www.instagram.com/stories/kan_news/3914106562024725850,"IG story",,Lifetime,11488,9840,37,1,21,9,10764,,,
17920282878382416,17841407868310918,kan_news,"כאן חדשות",,0,"06/07/2026 07:12",https://www.instagram.com/stories/kan_news/3914305157898868060,"IG story",,Lifetime,11577,9841,22,2,12,4,10592,1,,
18066231965438578,17841407868310918,kan_news,"כאן חדשות",,31,"06/07/2026 07:13",https://www.instagram.com/stories/kan_news/3914305038385852128,"IG story",,Lifetime,12147,10324,59,0,13,8,10774,,,
17893725513488501,17841407868310918,kan_news,"כאן חדשות",,33,"06/07/2026 07:13",https://www.instagram.com/stories/kan_news/3914305315478362730,"IG story",,Lifetime,11308,9707,51,0,14,12,10488,,,
18025622759829477,17841407868310918,kan_news,"כאן חדשות",,20,"06/07/2026 09:09",https://www.instagram.com/stories/kan_news/3914363665108884948,"IG story",,Lifetime,10824,9415,47,1,11,22,10422,,,
18471634192103157,17841407868310918,kan_news,"כאן חדשות",,0,"06/07/2026 12:17",https://www.instagram.com/stories/kan_news/3914458421239945020,"IG story",,Lifetime,11098,9429,25,3,15,1,10107,,,
18443712064188416,17841407868310918,kan_news,"כאן חדשות",,0,"06/07/2026 12:37",https://www.instagram.com/stories/kan_news/3914468781070132081,"IG story",,Lifetime,10563,9028,16,0,15,1,9576,,,
18010623029873401,17841407868310918,kan_news,"כאן חדשות",,0,"06/07/2026 14:09",https://www.instagram.com/stories/kan_news/3914514877041510235,"IG story",,Lifetime,9769,8280,14,1,6,3,8359,,,
18117014797762083,17841407868310918,kan_news,"כאן חדשות",,60,"06/07/2026 14:09",https://www.instagram.com/stories/kan_news/3914514605015178675,"IG story",,Lifetime,9911,8545,24,1,10,6,9333,,,
18092536469349002,17841407868310918,kan_news,"כאן חדשות",,0,"06/07/2026 15:23",https://www.instagram.com/stories/kan_news/3914552322059658644,"IG story",,Lifetime,9864,8081,12,1,21,1,8918,,,
17862330156688835,17841407868310918,kan_news,"כאן חדשות",,0,"05/20/2026 22:38",https://www.instagram.com/stories/kan_news/3901725145010057291,"IG story",,Lifetime,9987,8223,14,15,12,0,8619,,,
17892922371459959,17841407868310918,kan_news,"כאן חדשות",,60,"05/04/2026 07:00",https://www.instagram.com/stories/kan_news/3889655804361582761,"IG story",,Lifetime,10703,9253,31,0,27,4,8884,,,
17980510637847454,17841407868310918,kan_news,"כאן חדשות",@alon_fruchter,20,"05/20/2026 10:30",https://www.instagram.com/stories/kan_news/3901358505151571578,"IG story",,Lifetime,8074,6769,28,2,7,2,7813,,31,2
18092275874461086,17841407868310918,kan_news,"כאן חדשות",,0,"05/20/2026 10:10",https://www.instagram.com/stories/kan_news/3901348888552654123,"IG story",,Lifetime,8364,7052,18,3,4,9,7487,,,
18075155246277002,17841407868310918,kan_news,"כאן חדשות",,24,"05/20/2026 07:18",https://www.instagram.com/stories/kan_news/3901261887916094371,"IG story",,Lifetime,7878,6724,50,2,2,12,6927,,,
18068991236679343,17841407868310918,kan_news,"כאן חדשות",,20,"05/20/2026 07:18",https://www.instagram.com/stories/kan_news/3901261923794170059,"IG story",,Lifetime,7630,6542,35,9,3,5,6318,,,
18101309072046520,17841407868310918,kan_news,"כאן חדשות",,0,"05/20/2026 07:18",https://www.instagram.com/stories/kan_news/3901262035237218313,"IG story",,Lifetime,7753,6511,32,2,2,7,6937,,,
18030192932810079,17841407868310918,kan_news,"כאן חדשות",,0,"05/20/2026 07:17",https://www.instagram.com/stories/kan_news/3901261833692736766,"IG story",,Lifetime,8521,6929,33,1,2,6,7619,,,
17855729517659051,17841407868310918,kan_news,"כאן חדשות",,0,"05/20/2026 07:17",https://www.instagram.com/stories/kan_news/3901261595833732039,"IG story",,Lifetime,8684,7148,32,0,2,10,7517,,,
17964080061118846,17841407868310918,kan_news,"כאן חדשות",,33,"05/20/2026 06:57",https://www.instagram.com/stories/kan_news/3901251390277821548,"IG story",,Lifetime,8801,7494,95,5,6,22,7177,,,
18000160205930448,17841407868310918,kan_news,"כאן חדשות",,15,"05/20/2026 06:16",https://www.instagram.com/stories/kan_news/3901230668570607104,"IG story",,Lifetime,9675,8028,99,1,22,36,8648,,,
18136336783555584,17841407868310918,kan_news,"כאן חדשות",,33,"05/19/2026 12:14",https://www.instagram.com/stories/kan_news/3900686018650747641,"IG story",,Lifetime,7474,6564,48,3,5,4,6845,,,
18106664392743839,17841407868310918,kan_news,"כאן חדשות",,24,"05/19/2026 12:14",https://www.instagram.com/stories/kan_news/3900685939336415036,"IG story",,Lifetime,7900,6776,18,10,3,1,7042,,,
18122404186577011,17841407868310918,kan_news,"כאן חדשות",,0,"05/19/2026 12:14",https://www.instagram.com/stories/kan_news/3900686173471495221,"IG story",,Lifetime,7538,6287,31,0,2,23,6882,,,
18101351444097938,17841407868310918,kan_news,"כאן חדשות",,60,"05/19/2026 12:14",https://www.instagram.com/stories/kan_news/3900685681395110430,"IG story",,Lifetime,8585,7209,31,4,2,4,7873,,,
17912160657392190,17841407868310918,kan_news,"כאן חדשות",,0,"05/19/2026 12:13",https://www.instagram.com/stories/kan_news/3900686099332852353,"IG story",,Lifetime,7829,6557,19,0,1,1,6709,,,
18527728075079103,17841407868310918,kan_news,"כאן חדשות",,0,"05/19/2026 12:13",https://www.instagram.com/stories/kan_news/3900685842851274673,"IG story",,Lifetime,8399,6794,23,0,4,0,7093,,,
18433099228190975,17841407868310918,kan_news,"כאן חדשות",,0,"05/19/2026 12:13",https://www.instagram.com/stories/kan_news/3900685765659295222,"IG story",,Lifetime,8710,7150,26,1,4,1,7231,,,
18348367447246675,17841407868310918,kan_news,"כאן חדשות",,0,"05/19/2026 12:12",https://www.instagram.com/stories/kan_news/3900685509697516839,"IG story",,Lifetime,9697,8156,42,4,26,4,8231,,,
18596954176057173,17841407868310918,kan_news,"כאן חדשות",,0,"05/19/2026 03:44",https://www.instagram.com/stories/kan_news/3900429816598529613,"IG story",,Lifetime,9564,7579,12,4,9,0,10573,,,
18077469950227448,17841407868310918,kan_news,"כאן חדשות",,44,"05/19/2026 02:34",https://www.instagram.com/stories/kan_news/3900393925148206031,"IG story",,Lifetime,9467,7928,27,5,6,5,8662,1,,
18090961300995603,17841407868310918,kan_news,"כאן חדשות",,0,"05/18/2026 23:11",https://www.instagram.com/stories/kan_news/3900292233965047677,"IG story",,Lifetime,9878,8222,7,1,12,0,8440,,,
18117423916776675,17841407868310918,kan_news,"כאן חדשות",,20,"05/18/2026 12:57",https://www.instagram.com/stories/kan_news/3899983264375154092,"IG story",,Lifetime,8139,6876,24,5,9,4,7797,,,
17906435931239867,17841407868310918,kan_news,"כאן חדשות",,0,"05/18/2026 12:55",https://www.instagram.com/stories/kan_news/3899982329668674154,"IG story",,Lifetime,8467,7225,25,0,11,3,7759,,,
17889373692500298,17841407868310918,kan_news,"כאן חדשות",,53,"05/18/2026 09:44",https://www.instagram.com/stories/kan_news/3899885282866808803,"IG story",,Lifetime,7997,6881,25,41,8,0,6918,,,
18399880246159114,17841407868310918,kan_news,"כאן חדשות",,32,"05/18/2026 08:37",https://www.instagram.com/stories/kan_news/3899852040314822701,"IG story",,Lifetime,8301,7278,31,7,15,14,6789,,,
18587311741060842,17841407868310918,kan_news,"כאן חדשות",,36,"05/18/2026 06:43",https://www.instagram.com/stories/kan_news/3899794903047273578,"IG story",,Lifetime,8167,7054,18,3,8,0,7438,,,
18089700125606914,17841407868310918,kan_news,"כאן חדשות",,20,"05/18/2026 06:06",https://www.instagram.com/stories/kan_news/3899775740018827425,"IG story",,Lifetime,8089,6933,31,12,3,2,7670,,,
18426947656122064,17841407868310918,kan_news,"כאן חדשות",,15,"05/18/2026 06:05",https://www.instagram.com/stories/kan_news/3899775567339361699,"IG story",,Lifetime,8863,7285,21,2,,0,8336,,,
18046548005547076,17841407868310918,kan_news,"כאן חדשות",,0,"05/18/2026 06:05",https://www.instagram.com/stories/kan_news/3899775635715416604,"IG story",,Lifetime,7879,6673,20,0,2,2,6765,,,
18088748084620810,17841407868310918,kan_news,"כאן חדשות",,18,"05/18/2026 02:02",https://www.instagram.com/stories/kan_news/3899653257626313998,"IG story",,Lifetime,8927,6775,21,1,6,8,7845,,,
18099669415841163,17841407868310918,kan_news,"כאן חדשות",,0,"05/18/2026 02:02",https://www.instagram.com/stories/kan_news/3899653358885593169,"IG story",,Lifetime,8593,6755,20,3,4,0,6858,,,
17912133894204303,17841407868310918,kan_news,"כאן חדשות",,23,"05/18/2026 02:01",https://www.instagram.com/stories/kan_news/3899653293806331087,"IG story",,Lifetime,8326,7012,27,0,3,0,7902,,,
18080622080442271,17841407868310918,kan_news,"כאן חדשות",,0,"05/18/2026 02:01",https://www.instagram.com/stories/kan_news/3899653156686734934,"IG story",,Lifetime,10348,8478,19,1,19,0,8425,,,
17886595929544819,17841407868310918,kan_news,"כאן חדשות",,50,"05/17/2026 08:15",https://www.instagram.com/stories/kan_news/3899116282578121659,"IG story",,Lifetime,7058,5983,32,1,15,0,6632,,,
18115601446684990,17841407868310918,kan_news,"כאן חדשות",,14,"05/17/2026 06:40",https://www.instagram.com/stories/kan_news/3899068360742279836,"IG story",,Lifetime,8064,6723,46,1,16,8,6985,,,
18095727047165240,17841407868310918,kan_news,"כאן חדשות",,0,"05/17/2026 00:08",https://www.instagram.com/stories/kan_news/3898871144669263363,"IG story",,Lifetime,8403,6796,28,0,8,7,7059,,,
18010501274902544,17841407868310918,kan_news,"כאן חדשות",,60,"05/16/2026 23:41",https://www.instagram.com/stories/kan_news/3898857314387648182,"IG story",,Lifetime,8404,7239,38,3,5,2,7658,,,
18075465692258842,17841407868310918,kan_news,"כאן חדשות",,21,"05/16/2026 17:54",https://www.instagram.com/stories/kan_news/3898682953110279326,"IG story",,Lifetime,9904,8596,67,11,6,5,7601,,,
17882088000568864,17841407868310918,kan_news,"כאן חדשות",,24,"05/16/2026 16:56",https://www.instagram.com/stories/kan_news/3898653505380049013,"IG story",,Lifetime,9965,9048,168,3,9,7,9135,,,
18156785467460235,17841407868310918,kan_news,"כאן חדשות",,19,"05/16/2026 16:19",https://www.instagram.com/stories/kan_news/3898634964794787287,"IG story",,Lifetime,11311,10076,171,5,12,5,10478,,,
18079938338172363,17841407868310918,kan_news,"כאן חדשות",🤩🤩🤩,15,"05/16/2026 16:18",https://www.instagram.com/stories/kan_news/3898634862109828387,"IG story",,Lifetime,11859,10374,185,5,9,13,11242,,,
18377950483162153,17841407868310918,kan_news,"כאן חדשות",,47,"05/16/2026 12:55",https://www.instagram.com/stories/kan_news/3898531846279059040,"IG story",,Lifetime,13457,11797,168,2,25,6,12297,,,
17891322213353418,17841407868310918,kan_news,"כאן חדשות",,47,"05/16/2026 12:52",https://www.instagram.com/stories/kan_news/3898530527153627379,"IG story",,Lifetime,13837,12208,181,6,2,10,12729,,,
18081193610142854,17841407868310918,kan_news,"כאן חדשות",,60,"05/16/2026 12:52",https://www.instagram.com/stories/kan_news/3898530300904531926,"IG story",,Lifetime,14503,12199,141,2,6,7,13945,2,,
18061201160480695,17841407868310918,kan_news,"כאן חדשות",,55,"05/16/2026 12:52",https://www.instagram.com/stories/kan_news/3898530212748640699,"IG story",,Lifetime,15134,12570,74,7,10,1,13462,,,
18359115175237278,17841407868310918,kan_news,"כאן חדשות",,3,"05/16/2026 12:51",https://www.instagram.com/stories/kan_news/3898530381711968117,"IG story",,Lifetime,13693,12282,121,1,9,5,11143,,,
18138880702525651,17841407868310918,kan_news,"כאן חדשות",,5,"05/16/2026 12:50",https://www.instagram.com/stories/kan_news/3898530084251898209,"IG story",,Lifetime,15097,13249,190,2,10,10,12100,1,,
18113292529868823,17841407868310918,kan_news,"כאן חדשות",‏💔,0,"05/16/2026 11:27",https://www.instagram.com/stories/kan_news/3898488314873320621,"IG story",,Lifetime,17568,15021,150,7,26,59,15857,,,
17976870071862635,17841407868310918,kan_news,"כאן חדשות",,27,"05/16/2026 09:40",https://www.instagram.com/stories/kan_news/3898434322461548703,"IG story",,Lifetime,19508,17190,242,4,19,12,18023,,,
18111115330727939,17841407868310918,kan_news,"כאן חדשות",,36,"05/16/2026 07:56",https://www.instagram.com/stories/kan_news/3898381819824979347,"IG story",,Lifetime,23609,20075,297,2,73,12,21194,,,
18129448969585603,17841407868310918,kan_news,"כאן חדשות",,24,"05/15/2026 13:06",https://www.instagram.com/stories/kan_news/3897813052095130759,"IG story",,Lifetime,22185,19053,116,1,45,3,19590,1,,
18078119468557328,17841407868310918,kan_news,"כאן חדשות",,47,"05/15/2026 05:54",https://www.instagram.com/stories/kan_news/3897595528678141148,"IG story",,Lifetime,17333,14170,16,3,26,4,13982,,,
17989354022979313,17841407868310918,kan_news,"כאן חדשות",,24,"05/15/2026 05:53",https://www.instagram.com/stories/kan_news/3897595562224144342,"IG story",,Lifetime,15400,13260,80,2,21,1,13255,,,
18099340721043093,17841407868310918,kan_news,"כאן חדשות",,0,"05/14/2026 12:16",https://www.instagram.com/stories/kan_news/3897063563709670239,"IG story",,Lifetime,14199,11034,23,0,21,5,11621,,,
17947362789077696,17841407868310918,kan_news,"כאן חדשות",,0,"05/14/2026 08:45",https://www.instagram.com/stories/kan_news/3896957203349319227,"IG story",,Lifetime,11991,9302,13,2,7,4,10529,,,
18103367882075792,17841407868310918,kan_news,"כאן חדשות",,0,"05/14/2026 08:44",https://www.instagram.com/stories/kan_news/3896956929629138363,"IG story",,Lifetime,12479,10153,27,0,12,2,10207,,,
18047628650599057,17841407868310918,kan_news,"כאן חדשות",,10,"05/14/2026 04:46",https://www.instagram.com/stories/kan_news/3896836941647370691,"IG story",,Lifetime,10750,8939,10,8,22,5,8855,,,
18065688956377663,17841407868310918,kan_news,"כאן חדשות",,0,"05/13/2026 23:10",https://www.instagram.com/stories/kan_news/3896667674402898197,"IG story",,Lifetime,9650,7812,4,1,21,0,8203,,69,
18440352835184483,17841407868310918,kan_news,"כאן חדשות",,0,"05/13/2026 12:04",https://www.instagram.com/stories/kan_news/3896332614944466572,"IG story",,Lifetime,7869,6490,20,0,9,6,6911,,,
18100130234009524,17841407868310918,kan_news,"כאן חדשות",,36,"05/13/2026 12:04",https://www.instagram.com/stories/kan_news/3896332480877306087,"IG story",,Lifetime,7923,7014,35,1,16,4,7354,1,,
17882392056418040,17841407868310918,kan_news,"כאן חדשות",,23,"05/13/2026 06:34",https://www.instagram.com/stories/kan_news/3896166456945092105,"IG story",,Lifetime,7427,6468,10,0,28,1,6274,,,
18116373097743157,17841407868310918,kan_news,"כאן חדשות",,15,"05/13/2026 01:16",https://www.instagram.com/stories/kan_news/3896006576024206004,"IG story",,Lifetime,7082,5757,11,2,10,3,6648,,,
18046585190539543,17841407868310918,kan_news,"כאן חדשות",,20,"05/12/2026 23:49",https://www.instagram.com/stories/kan_news/3895962716086607161,"IG story",,Lifetime,6696,5713,20,0,9,2,6308,,,
18095829935018251,17841407868310918,kan_news,"כאן חדשות",,42,"05/12/2026 15:57",https://www.instagram.com/stories/kan_news/3895724656224824426,"IG story",,Lifetime,5722,5122,77,2,11,4,5346,2,,
17866473351546113,17841407868310918,kan_news,"כאן חדשות",,25,"05/12/2026 14:24",https://www.instagram.com/stories/kan_news/3895678338701869681,"IG story",,Lifetime,5913,5239,58,0,4,3,5705,,,
17876847693597792,17841407868310918,kan_news,"כאן חדשות",,38,"05/12/2026 13:25",https://www.instagram.com/stories/kan_news/3895648234420437154,"IG story",,Lifetime,6054,5299,42,1,9,3,5760,,,
18094154554924948,17841407868310918,kan_news,"כאן חדשות",,18,"05/12/2026 12:25",https://www.instagram.com/stories/kan_news/3895618247512482955,"IG story",,Lifetime,6872,5821,44,1,5,2,6397,,,
17925911112321932,17841407868310918,kan_news,"כאן חדשות",,23,"05/12/2026 10:54",https://www.instagram.com/stories/kan_news/3895572387001433110,"IG story",,Lifetime,7002,5990,66,0,16,3,6506,,,
17908756413220685,17841407868310918,kan_news,"כאן חדשות",,23,"05/12/2026 07:38",https://www.instagram.com/stories/kan_news/3895473720470992270,"IG story",,Lifetime,6906,5914,42,0,10,1,6483,,,
18096929573274008,17841407868310918,kan_news,"כאן חדשות",,15,"05/12/2026 07:22",https://www.instagram.com/stories/kan_news/3895465976074508999,"IG story",,Lifetime,7669,6422,23,2,24,3,7231,1,,
17990651813964286,17841407868310918,kan_news,"כאן חדשות",,38,"05/11/2026 23:37",https://www.instagram.com/stories/kan_news/3895231868991893384,"IG story",,Lifetime,12138,9699,39,5,14,3,6707,,,
18057884582523710,17841407868310918,kan_news,"כאן חדשות",,0,"05/11/2026 23:34",https://www.instagram.com/stories/kan_news/3895230436773231876,"IG story",,Lifetime,7374,6175,22,0,12,0,6444,,,
18120635506644700,17841407868310918,kan_news,"כאן חדשות",,60,"05/11/2026 14:00",https://www.instagram.com/stories/kan_news/3894940875251401633,"IG story",,Lifetime,6636,5690,34,0,25,1,6261,,,
18063626054431462,17841407868310918,kan_news,"כאן חדשות",,55,"05/11/2026 07:39",https://www.instagram.com/stories/kan_news/3894749839820516642,"IG story",,Lifetime,5431,4460,32,1,17,1,4990,,,
17910119250398656,17841407868310918,kan_news,"כאן חדשות",,0,"05/11/2026 05:57",https://www.instagram.com/stories/kan_news/3894698159594681681,"IG story",,Lifetime,5470,4635,1,1,17,0,5152,,9,
17989037897986313,17841407868310918,kan_news,"כאן חדשות",,0,"05/10/2026 23:00",https://www.instagram.com/stories/kan_news/3894488646358830299,"IG story",,Lifetime,6739,5780,16,2,19,5,5979,,,
18080533256633883,17841407868310918,kan_news,"כאן חדשות",,0,"05/10/2026 09:20",https://www.instagram.com/stories/kan_news/3894075717482319626,"IG story",,Lifetime,6228,5122,7,0,9,0,5435,,,
17921006676347032,17841407868310918,kan_news,"כאן חדשות",,41,"05/10/2026 08:08",https://www.instagram.com/stories/kan_news/3894038842981887292,"IG story",,Lifetime,6750,5856,14,2,7,7,5322,,,
18092557468955846,17841407868310918,kan_news,"כאן חדשות",,60,"05/10/2026 07:17",https://www.instagram.com/stories/kan_news/3894013572728119645,"IG story",,Lifetime,6097,5237,17,3,3,1,5703,,,
17951167697982707,17841407868310918,kan_news,"כאן חדשות",,60,"05/10/2026 06:51",https://www.instagram.com/stories/kan_news/3894000660923964214,"IG story",,Lifetime,7619,6302,17,3,3,0,6015,,,
17902518993264349,17841407868310918,kan_news,"כאן חדשות",,15,"05/10/2026 06:32",https://www.instagram.com/stories/kan_news/3893990921548742502,"IG story",,Lifetime,6953,5787,12,2,15,8,6513,,,
18069841685334484,17841407868310918,kan_news,"כאן חדשות",,0,"05/10/2026 00:33",https://www.instagram.com/stories/kan_news/3893810406799636884,"IG story",,Lifetime,6156,5165,5,0,8,1,5849,,,14
18129514927510580,17841407868310918,kan_news,"כאן חדשות",,0,"05/10/2026 00:05",https://www.instagram.com/stories/kan_news/3893796501406791996,"IG story",,Lifetime,6705,5463,14,0,6,7,6026,,,
18168364357422749,17841407868310918,kan_news,"כאן חדשות",,0,"05/09/2026 23:29",https://www.instagram.com/stories/kan_news/3893778484958509518,"IG story",,Lifetime,6953,5800,11,1,8,1,6424,,,
18113355385867738,17841407868310918,kan_news,"כאן חדשות",@amitharari8,34,"05/09/2026 13:18",https://www.instagram.com/stories/kan_news/3893470544461050225,"IG story",,Lifetime,9420,7850,22,2,9,1,6650,1,,
18160412278449031,17841407868310918,kan_news,"כאן חדשות",,34,"05/09/2026 11:45",https://www.instagram.com/stories/kan_news/3893423847143263242,"IG story",,Lifetime,8602,7419,60,1,28,10,6902,,,
18323502478268580,17841407868310918,kan_news,"כאן חדשות",,60,"05/09/2026 05:53",https://www.instagram.com/stories/kan_news/3893245739781980517,"IG story",,Lifetime,9600,8065,19,5,25,0,8713,,,
18088568270601746,17841407868310918,kan_news,"כאן חדשות",,20,"05/09/2026 02:18",https://www.instagram.com/stories/kan_news/3893138569996414948,"IG story",,Lifetime,10237,8436,14,0,3,0,9835,,,
18111085861885120,17841407868310918,kan_news,"כאן חדשות",,0,"05/09/2026 01:23",https://www.instagram.com/stories/kan_news/3893110970293309815,"IG story",,Lifetime,10716,9090,15,1,5,1,9431,,,
18053445839737172,17841407868310918,kan_news,"כאן חדשות",,60,"05/08/2026 23:35",https://www.instagram.com/stories/kan_news/3893055983261490306,"IG story",,Lifetime,11541,9778,19,6,20,13,9978,1,,
17888879148472887,17841407868310918,kan_news,"כאן חדשות",,60,"05/08/2026 11:11",https://www.instagram.com/stories/kan_news/3892681501539700561,"IG story",,Lifetime,9825,7813,11,5,35,4,9256,,,
17891703234467953,17841407868310918,kan_news,"כאן חדשות",,0,"05/08/2026 06:23",https://www.instagram.com/stories/kan_news/3892537061756003394,"IG story",,Lifetime,9493,7234,15,2,8,6,8061,,222,
18162496711428230,17841407868310918,kan_news,"כאן חדשות",,52,"05/08/2026 03:16",https://www.instagram.com/stories/kan_news/3892442747084362365,"IG story",,Lifetime,9239,7438,15,5,5,2,7267,1,,
18064234172398462,17841407868310918,kan_news,"כאן חדשות",,0,"05/08/2026 01:23",https://www.instagram.com/stories/kan_news/3892386436120507386,"IG story",,Lifetime,8035,6451,14,2,17,1,7129,,,
18112083361889576,17841407868310918,kan_news,"כאן חדשות",,0,"05/08/2026 01:23",https://www.instagram.com/stories/kan_news/3892386261461265064,"IG story",,Lifetime,7953,6800,46,0,3,4,7139,,,
17987126039987243,17841407868310918,kan_news,"כאן חדשות",,59,"05/07/2026 23:44",https://www.instagram.com/stories/kan_news/3892335615508908385,"IG story",,Lifetime,7725,6782,20,0,9,1,7232,,,
18163109182377636,17841407868310918,kan_news,"כאן חדשות",,31,"05/07/2026 12:58",https://www.instagram.com/stories/kan_news/3892010743838673671,"IG story",,Lifetime,10595,8218,23,8,14,13,8184,,,
18219850264319603,17841407868310918,kan_news,"כאן חדשות",,0,"05/07/2026 11:10",https://www.instagram.com/stories/kan_news/3891956616748211902,"IG story",,Lifetime,9798,7670,37,11,10,3,8468,,,
17921875782345988,17841407868310918,kan_news,"כאן חדשות",,0,"05/07/2026 11:09",https://www.instagram.com/stories/kan_news/3891956376725016956,"IG story",,Lifetime,9953,7936,12,4,6,0,8830,,,
17914665240367731,17841407868310918,kan_news,"כאן חדשות",,0,"05/07/2026 11:09",https://www.instagram.com/stories/kan_news/3891956200497139795,"IG story",,Lifetime,10488,8274,14,0,8,7,9028,,,
18120093211727531,17841407868310918,kan_news,"כאן חדשות",,0,"05/07/2026 08:41",https://www.instagram.com/stories/kan_news/3891881779216436933,"IG story",,Lifetime,10633,8298,15,0,7,8,8889,,,
18060652151469379,17841407868310918,kan_news,"כאן חדשות",,0,"05/07/2026 04:38",https://www.instagram.com/stories/kan_news/3891759647752911150,"IG story",,Lifetime,10119,8317,11,2,9,3,8762,,,
18071095961322318,17841407868310918,kan_news,"כאן חדשות",,35,"05/07/2026 00:12",https://www.instagram.com/stories/kan_news/3891625307391790652,"IG story",,Lifetime,10262,8880,65,0,10,3,9021,,,
18004008905870056,17841407868310918,kan_news,"כאן חדשות",,49,"05/06/2026 12:33",https://www.instagram.com/stories/kan_news/3891273660157289360,"IG story",,Lifetime,8658,7468,24,0,7,1,7604,,,
18117079051664325,17841407868310918,kan_news,"כאן חדשות",,9,"05/06/2026 09:56",https://www.instagram.com/stories/kan_news/3891194571715122398,"IG story",,Lifetime,8997,7482,11,1,14,2,6713,,,
18317346295262487,17841407868310918,kan_news,"כאן חדשות",,0,"05/06/2026 09:54",https://www.instagram.com/stories/kan_news/3891193741209424844,"IG story",,Lifetime,8914,7602,14,0,5,0,7855,,,
17878116111591801,17841407868310918,kan_news,"כאן חדשות",,0,"05/06/2026 04:34",https://www.instagram.com/stories/kan_news/3891032510083291017,"IG story",,Lifetime,8121,6424,11,7,4,2,6899,,,
17898991809283157,17841407868310918,kan_news,"כאן חדשות",,6,"05/06/2026 04:33",https://www.instagram.com/stories/kan_news/3891032283674732474,"IG story",,Lifetime,8120,6583,13,1,12,5,5668,,,
17946569874171282,17841407868310918,kan_news,"כאן חדשות",,21,"05/06/2026 04:33",https://www.instagram.com/stories/kan_news/3891032222362408751,"IG story",,Lifetime,8922,7287,46,0,13,1,6904,,,
18360253174228360,17841407868310918,kan_news,"כאן חדשות",,0,"05/06/2026 03:16",https://www.instagram.com/stories/kan_news/3890993336122746247,"IG story",,Lifetime,8106,6770,14,0,6,1,6705,1,,
17893524654459116,17841407868310918,kan_news,"כאן חדשות",,43,"05/06/2026 01:18",https://www.instagram.com/stories/kan_news/3890933587901554021,"IG story",,Lifetime,6965,6283,43,3,6,1,6736,,,
18012919679851021,17841407868310918,kan_news,"כאן חדשות",,38,"05/06/2026 01:17",https://www.instagram.com/stories/kan_news/3890933535078503831,"IG story",,Lifetime,8260,7103,63,0,14,4,6820,,,
18117903793732991,17841407868310918,kan_news,"כאן חדשות",,0,"05/06/2026 01:17",https://www.instagram.com/stories/kan_news/3890933480888111074,"IG story",,Lifetime,7826,6684,16,0,5,4,7180,,,
18095035907323294,17841407868310918,kan_news,"כאן חדשות",,11,"05/06/2026 01:17",https://www.instagram.com/stories/kan_news/3890933407135440623,"IG story",,Lifetime,8517,6980,42,0,8,0,7242,1,,
18080901272422530,17841407868310918,kan_news,"כאן חדשות",,0,"05/06/2026 01:16",https://www.instagram.com/stories/kan_news/3890933309307516418,"IG story",,Lifetime,9507,7664,18,1,13,8,7661,,,
18210602896331611,17841407868310918,kan_news,"כאן חדשות",,0,"05/05/2026 11:39",https://www.instagram.com/stories/kan_news/3890521885439957877,"IG story",,Lifetime,8021,6085,16,1,11,5,7086,,,
18098715754845578,17841407868310918,kan_news,"כאן חדשות",,0,"05/05/2026 10:31",https://www.instagram.com/stories/kan_news/3890487666705856633,"IG story",,Lifetime,7941,6299,11,0,4,0,6201,1,,
17899382838282115,17841407868310918,kan_news,"כאן חדשות",,22,"05/05/2026 08:30",https://www.instagram.com/stories/kan_news/3890426331896362596,"IG story",,Lifetime,7077,6064,16,2,9,2,6404,,,
17910610518204448,17841407868310918,kan_news,"כאן חדשות","כל התחנות בסיפור הלא פתור של הילדה היימנוט",0,"05/05/2026 07:43",https://www.instagram.com/stories/kan_news/3890403183466086247,"IG story",,Lifetime,7383,6279,21,0,5,1,6515,,,
18200928532347756,17841407868310918,kan_news,"כאן חדשות",,25,"05/05/2026 05:47",https://www.instagram.com/stories/kan_news/3890344732132336613,"IG story",,Lifetime,7277,6311,12,0,6,0,6935,,,
17978367723008895,17841407868310918,kan_news,"כאן חדשות",,0,"05/05/2026 05:15",https://www.instagram.com/stories/kan_news/3890328489077334193,"IG story",,Lifetime,7904,6781,9,2,4,0,7315,,49,
17958900930093520,17841407868310918,kan_news,"כאן חדשות",,49,"05/05/2026 05:02",https://www.instagram.com/stories/kan_news/3890321045017783477,"IG story",,Lifetime,9105,7709,21,6,21,1,7649,,,
18586253833005672,17841407868310918,kan_news,"כאן חדשות",,0,"05/04/2026 10:53",https://www.instagram.com/stories/kan_news/3889773879656351419,"IG story",,Lifetime,9992,8179,12,5,26,1,8817,,,
18157264024454099,17841407868310918,kan_news,"כאן חדשות",,13,"05/04/2026 08:16",https://www.instagram.com/stories/kan_news/3889694726194086257,"IG story",,Lifetime,9534,8121,20,3,13,0,8883,,,
18085099115617287,17841407868310918,kan_news,"כאן חדשות",,0,"05/04/2026 07:17",https://www.instagram.com/stories/kan_news/3889665087228793957,"IG story",,Lifetime,9514,8221,27,0,3,0,8564,,49,
18101211976995927,17841407868310918,kan_news,"כאן חדשות",,21,"05/04/2026 05:11",https://www.instagram.com/stories/kan_news/3889601315260752231,"IG story",,Lifetime,11254,9481,14,2,20,4,9500,,
18324573712248417,17841407868310918,kan_news,"כאן חדשות",,0,"05/04/2026 00:43",https://www.instagram.com/stories/kan_news/3889466816338256677,"IG story",,Lifetime,12604,10263,9,0,15,1,11743,,
18108370180903298,17841407868310918,kan_news,"כאן חדשות",,0,"05/04/2026 00:43",https://www.instagram.com/stories/kan_news/3889466694778908136,"IG story",,Lifetime,14780,11968,6,0,49,1,11836,,184
17887548015502652,17841407868310918,kan_news,"כאן חדשות",💔,0,"05/03/2026 02:42",https://www.instagram.com/stories/kan_news/3888802152960939795,"IG story",,Lifetime,14049,11077,34,0,20,12,11758,,
18083481482568709,17841407868310918,kan_news,"כאן חדשות","אמירות טראמפ שעשויות להעיד על חזרה למלחמה 👇",15,"05/03/2026 00:24",https://www.instagram.com/stories/kan_news/3888732518354132267,"IG story",,Lifetime,12722,10010,12,0,10,3,12001,,
17939494287038037,17841407868310918,kan_news,"כאן חדשות",,0,"05/02/2026 23:46",https://www.instagram.com/stories/kan_news/3888713322912170054,"IG story",,Lifetime,13453,10822,21,1,20,2,10982,,
18104368357984367,17841407868310918,kan_news,"כאן חדשות",,0,"05/02/2026 12:05",https://www.instagram.com/stories/kan_news/3888360523686892598,"IG story",,Lifetime,9756,7577,13,1,7,1,8739,,
17855798976641675,17841407868310918,kan_news,"כאן חדשות",,0,"05/02/2026 11:23",https://www.instagram.com/stories/kan_news/3888339358423624088,"IG story",,Lifetime,10469,7701,16,1,10,2,8861,,
17876214087455387,17841407868310918,kan_news,"כאן חדשות",,0,"05/02/2026 08:41",https://www.instagram.com/stories/kan_news/3888257876954887512,"IG story",,Lifetime,9391,7637,15,1,6,0,7817,,
17910481686201886,17841407868310918,kan_news,"כאן חדשות",,40,"05/02/2026 06:26",https://www.instagram.com/stories/kan_news/3888189305704865389,"IG story",,Lifetime,8668,7389,30,4,5,2,7581,,
18150829441475940,17841407868310918,kan_news,"כאן חדשות",,22,"05/02/2026 06:20",https://www.instagram.com/stories/kan_news/3888186323621832428,"IG story",,Lifetime,8954,7687,18,59,,2,7737,,
18199855078349461,17841407868310918,kan_news,"כאן חדשות",,34,"05/02/2026 06:20",https://www.instagram.com/stories/kan_news/3888186254164153180,"IG story",,Lifetime,8872,7699,62,1,10,6,8198,,
17965148001070419,17841407868310918,kan_news,"כאן חדשות",,0,"05/02/2026 06:18",https://www.instagram.com/stories/kan_news/3888186146446025932,"IG story",,Lifetime,9846,7978,17,3,15,0,8899,,
18066176525355555,17841407868310918,kan_news,"כאן חדשות",,35,"05/02/2026 02:48",https://www.instagram.com/stories/kan_news/3888079652975185872,"IG story",,Lifetime,9895,7900,17,1,15,21,8729,,
18050768027713562,17841407868310918,kan_news,"כאן חדשות",,0,"05/02/2026 02:47",https://www.instagram.com/stories/kan_news/3888079756004069004,"IG story",,Lifetime,9684,7681,12,0,6,0,8095,,
18078911312633387,17841407868310918,kan_news,"כאן חדשות",,0,"05/02/2026 00:30",https://www.instagram.com/stories/kan_news/3888010623027683930,"IG story",,Lifetime,9901,7934,29,0,8,1,9051,,
18128973853584853,17841407868310918,kan_news,"כאן חדשות",,0,"05/01/2026 23:42",https://www.instagram.com/stories/kan_news/3887986668040526902,"IG story",,Lifetime,10011,8096,15,1,7,2,8651,,
18101281696950427,17841407868310918,kan_news,"כאן חדשות",,15,"05/01/2026 22:28",https://www.instagram.com/stories/kan_news/3887949052305927612,"IG story",,Lifetime,10215,8367,14,2,21,5,8946,1,32
17900337948426983,17841407868310918,kan_news,"כאן חדשות",,52,"05/01/2026 12:24",https://www.instagram.com/stories/kan_news/3887644756834137395,"IG story",,Lifetime,9433,7564,31,17,14,5,7605,1,
18102865738959449,17841407868310918,kan_news,"כאן חדשות",,60,"05/01/2026 12:23",https://www.instagram.com/stories/kan_news/3887644814640072504,"IG story",,Lifetime,8798,7204,20,0,8,0,7724,,
17889831327468183,17841407868310918,kan_news,"כאן חדשות",,30,"05/01/2026 09:05",https://www.instagram.com/stories/kan_news/3887545088477408568,"IG story",,Lifetime,8456,7066,38,2,17,1,7548,,
18097978751097700,17841407868310918,kan_news,"כאן חדשות",,0,"05/01/2026 05:45",https://www.instagram.com/stories/kan_news/3887444708632448929,"IG story",,Lifetime,7908,6427,16,1,11,2,6780,,
17986498700808162,17841407868310918,kan_news,"כאן חדשות",,60,"05/01/2026 05:17",https://www.instagram.com/stories/kan_news/3887430111582129785,"IG story",,Lifetime,7583,6580,24,6,10,9,6956,1,
18356126107239719,17841407868310918,kan_news,"כאן חדשות",,33,"05/01/2026 03:39",https://www.instagram.com/stories/kan_news/3887380936404374416,"IG story",,Lifetime,7556,6462,59,2,1,14,6588,,
18074354765646644,17841407868310918,kan_news,"כאן חדשות",,47,"05/01/2026 03:36",https://www.instagram.com/stories/kan_news/3887379595493814869,"IG story",,Lifetime,8289,6904,15,13,3,11,6904,,
18098539271114959,17841407868310918,kan_news,"כאן חדשות",,46,"05/01/2026 03:21",https://www.instagram.com/stories/kan_news/3887371925772713827,"IG story",,Lifetime,7956,6721,15,0,2,0,7505,,
18435133672187691,17841407868310918,kan_news,"כאן חדשות",,60,"05/01/2026 02:45",https://www.instagram.com/stories/kan_news/3887353593946344614,"IG story",,Lifetime,8319,7016,96,0,8,15,7685,,
17963943602921249,17841407868310918,kan_news,"כאן חדשות",,30,"04/30/2026 23:50",https://www.instagram.com/stories/kan_news/3887265428208243718,"IG story",,Lifetime,7480,6266,25,6,7,2,6834,,
17983748457003272,17841407868310918,kan_news,"כאן חדשות",,25,"04/30/2026 23:49",https://www.instagram.com/stories/kan_news/3887265317226986947,"IG story",,Lifetime,8047,6752,84,2,17,27,7557,,
18079631249146494,17841407868310918,kan_news,"כאן חדשות",,55,"04/30/2026 13:09",https://www.instagram.com/stories/kan_news/3886942716109692550,"IG story",,Lifetime,9094,7329,48,4,8,4,8145,,
18101762278951650,17841407868310918,kan_news,"כאן חדשות",,43,"04/30/2026 13:08",https://www.instagram.com/stories/kan_news/3886942958339156692,"IG story",,Lifetime,8593,7061,23,0,15,2,7725,,
18085896182139609,17841407868310918,kan_news,"כאן חדשות",,0,"04/30/2026 13:08",https://www.instagram.com/stories/kan_news/3886942887908353150,"IG story",,Lifetime,8547,6942,13,1,7,3,7729,,
18118571695592042,17841407868310918,kan_news,"כאן חדשות",,0,"04/30/2026 13:08",https://www.instagram.com/stories/kan_news/3886942681246644284,"IG story",,Lifetime,9841,7936,18,0,14,2,8038,,
17953452473963513,17841407868310918,kan_news,"כאן חדשות",,0,"04/30/2026 08:30",https://www.instagram.com/stories/kan_news/3886803059485105745,"IG story",,Lifetime,8460,7132,18,0,10,3,7865,,
18129498592506608,17841407868310918,kan_news,"כאן חדשות",,0,"04/30/2026 08:29",https://www.instagram.com/stories/kan_news/3886802390292253251,"IG story",,Lifetime,9307,7729,47,2,4,14,8312,,
18162661663434561,17841407868310918,kan_news,"כאן חדשות",,0,"04/30/2026 07:22",https://www.instagram.com/stories/kan_news/3886768665773499630,"IG story",,Lifetime,9896,7937,32,2,8,12,8002,,
17967983118050941,17841407868310918,kan_news,"כאן חדשות",,50,"04/30/2026 04:32",https://www.instagram.com/stories/kan_news/3886682809687660178,"IG story",,Lifetime,9909,7899,15,10,21,1,8167,1,422
17881100628413689,17841407868310918,kan_news,"כאן חדשות",,0,"04/30/2026 01:19",https://www.instagram.com/stories/kan_news/3886585850155000901,"IG story",,Lifetime,9588,8020,18,3,12,2,8250,,
18188517331373597,17841407868310918,kan_news,"כאן חדשות",,19,"04/29/2026 23:25",https://www.instagram.com/stories/kan_news/3886528520570847638,"IG story",,Lifetime,10254,8736,18,1,43,3,8540,,
17975313140859385,17841407868310918,kan_news,"כאן חדשות",,6,"04/29/2026 09:04",https://www.instagram.com/stories/kan_news/3886095272799020904,"IG story",,Lifetime,7196,6097,12,0,18,1,5131,1,
18574006489026576,17841407868310918,kan_news,"כאן חדשות",,20,"04/29/2026 08:39",https://www.instagram.com/stories/kan_news/3886082269257679058,"IG story",,Lifetime,7566,6268,21,5,8,1,5291,,
18065121254703828,17841407868310918,kan_news,"כאן חדשות",,0,"04/29/2026 08:10",https://www.instagram.com/stories/kan_news/3886067931373399870,"IG story",,Lifetime,7231,5901,13,0,5,0,6242,,
18069593840662152,17841407868310918,kan_news,"כאן חדשות",,14,"04/29/2026 08:08",https://www.instagram.com/stories/kan_news/3886067015421315566,"IG story",,Lifetime,7114,6003,13,13,6,0,5847,,
18140294419510086,17841407868310918,kan_news,"כאן חדשות","ביום שישי ב-20:00 בחדשות שישי",48,"04/29/2026 08:07",https://www.instagram.com/stories/kan_news/3886066758536951967,"IG story",,Lifetime,7594,6498,22,3,19,1,7050,,
18082010183431803,17841407868310918,kan_news,"כאן חדשות",,10,"04/29/2026 05:14",https://www.instagram.com/stories/kan_news/3885979402886115451,"IG story",,Lifetime,7479,6240,19,2,4,2,5857,,
18102051446474456,17841407868310918,kan_news,"כאן חדשות",,0,"04/29/2026 04:36",https://www.instagram.com/stories/kan_news/3885960188561357611,"IG story",,Lifetime,7049,6022,17,1,9,5,6471,,
18135392596542108,17841407868310918,kan_news,"כאן חדשות",,24,"04/29/2026 03:55",https://www.instagram.com/stories/kan_news/3885939024254370267,"IG story",,Lifetime,7386,6056,22,27,8,4,6094,,
18045260201769913,17841407868310918,kan_news,"כאן חדשות",,0,"04/29/2026 03:31",https://www.instagram.com/stories/kan_news/3885927474575584947,"IG story",,Lifetime,7654,6185,20,0,10,6,6489,,
18115572889808858,17841407868310918,kan_news,"כאן חדשות",,0,"04/29/2026 01:15",https://www.instagram.com/stories/kan_news/3885859199426681925,"IG story",,Lifetime,7184,5885,13,2,9,1,6275,,
17907403524224741,17841407868310918,kan_news,"כאן חדשות",,0,"04/29/2026 00:31",https://www.instagram.com/stories/kan_news/3885836941480039932,"IG story",,Lifetime,6986,5954,24,0,6,4,6398,,
17915795577164626,17841407868310918,kan_news,"כאן חדשות",,15,"04/28/2026 22:40",https://www.instagram.com/stories/kan_news/3885780981059307638,"IG story",,Lifetime,6921,5937,18,2,13,2,6362,,
18080467712393510,17841407868310918,kan_news,"כאן חדשות",,15,"04/28/2026 11:34",https://www.instagram.com/stories/kan_news/3885445587642000757,"IG story",,Lifetime,6576,5739,11,3,8,2,5900,,
17909695737389171,17841407868310918,kan_news,"כאן חדשות",,16,"04/28/2026 11:33",https://www.instagram.com/stories/kan_news/3885445440002471781,"IG story",,Lifetime,6560,5803,20,2,1,6,5207,,
18062555489427365,17841407868310918,kan_news,"כאן חדשות",,40,"04/28/2026 11:30",https://www.instagram.com/stories/kan_news/3885443327314756686,"IG story",,Lifetime,6587,5847,26,6,7,4,6015,,
18105186440485891,17841407868310918,kan_news,"כאן חדשות",,28,"04/28/2026 10:04",https://www.instagram.com/stories/kan_news/3885400282724748384,"IG story",,Lifetime,6538,5744,49,0,6,6,5841,,
17924156175331827,17841407868310918,kan_news,"כאן חדשות",,24,"04/28/2026 09:16",https://www.instagram.com/stories/kan_news/3885375976707886639,"IG story",,Lifetime,6859,5832,17,17,7,0,5463,,
17992603202952862,17841407868310918,kan_news,"כאן חדשות",,25,"04/28/2026 08:50",https://www.instagram.com/stories/kan_news/3885363384752978544,"IG story",,Lifetime,7125,5862,18,8,8,3,6737,,
18352145443241255,17841407868310918,kan_news,"כאן חדשות",,0,"04/28/2026 07:15",https://www.instagram.com/stories/kan_news/3885315662121430221,"IG story",,Lifetime,6891,5748,14,0,3,0,6317,,
17909773389206085,17841407868310918,kan_news,"כאן חדשות",,0,"04/28/2026 07:15",https://www.instagram.com/stories/kan_news/3885315473587479293,"IG story",,Lifetime,7556,5948,12,0,2,5,6869,,
18088370585011478,17841407868310918,kan_news,"כאן חדשות",,0,"04/28/2026 06:13",https://www.instagram.com/stories/kan_news/3885284201125257724,"IG story",,Lifetime,7976,6080,12,0,2,1,6146,,
17983413992822581,17841407868310918,kan_news,"כאן חדשות",,15,"04/28/2026 05:12",https://www.instagram.com/stories/kan_news/3885253368410691674,"IG story",,Lifetime,7284,6156,10,0,5,0,6862,,
18010476320890965,17841407868310918,kan_news,"כאן חדשות",,44,"04/28/2026 05:12",https://www.instagram.com/stories/kan_news/3885253423381231135,"IG story",,Lifetime,6911,5868,13,6,10,3,6445,,
18096969113045380,17841407868310918,kan_news,"כאן חדשות",,0,"04/28/2026 01:24",https://www.instagram.com/stories/kan_news/3885138862116338135,"IG story",,Lifetime,8085,6532,19,3,16,7,6819,1,
18070511459652035,17841407868310918,kan_news,"כאן חדשות",,0,"04/27/2026 13:25",https://www.instagram.com/stories/kan_news/3884776840480590580,"IG story",,Lifetime,7631,6043,8,0,11,0,6797,,
18098792342063091,17841407868310918,kan_news,"כאן חדשות","הסקר המלא - בפוסט 👇",0,"04/27/2026 11:42",https://www.instagram.com/stories/kan_news/3884725329125851289,"IG story",,Lifetime,8014,6305,12,6,18,1,6712,,
18006894461722569,17841407868310918,kan_news,"כאן חדשות",,0,"04/27/2026 07:50",https://www.instagram.com/stories/kan_news/3884608342102008138,"IG story",,Lifetime,7454,6109,21,3,9,3,6843,,
18122222650624637,17841407868310918,kan_news,"כאן חדשות",,0,"04/27/2026 07:15",https://www.instagram.com/stories/kan_news/3884590770174441258,"IG story",,Lifetime,7393,6259,13,4,14,1,6805,,
17936262984237057,17841407868310918,kan_news,"כאן חדשות",,15,"04/27/2026 06:35",https://www.instagram.com/stories/kan_news/3884570628665309475,"IG story",,Lifetime,7654,6584,44,16,12,2,7074,,
18402490171145551,17841407868310918,kan_news,"כאן חדשות",,29,"04/27/2026 05:26",https://www.instagram.com/stories/kan_news/3884535202348945057,"IG story",,Lifetime,7421,6520,38,0,1,0,7088,,
18076795769558982,17841407868310918,kan_news,"כאן חדשות",,0,"04/27/2026 05:25",https://www.instagram.com/stories/kan_news/3884535267897544983,"IG story",,Lifetime,7546,6323,17,0,1,3,6548,,
18097950863093772,17841407868310918,kan_news,"כאן חדשות",,0,"04/27/2026 05:24",https://www.instagram.com/stories/kan_news/3884535102289652043,"IG story",,Lifetime,8379,6891,24,0,10,1,8142,,
18420226987122422,17841407868310918,kan_news,"כאן חדשות",,0,"04/27/2026 05:24",https://www.instagram.com/stories/kan_news/3884534993179001317,"IG story",,Lifetime,9676,7670,35,3,25,5,8540,,
18097335974023081,17841407868310918,kan_news,"כאן חדשות",,43,"04/26/2026 10:46",https://www.instagram.com/stories/kan_news/3883972062536174687,"IG story",,Lifetime,6739,5574,45,0,23,4,6113,,
18112258843826280,17841407868310918,kan_news,"כאן חדשות",💔,0,"04/26/2026 09:05",https://www.instagram.com/stories/kan_news/3883921408270674171,"IG story",,Lifetime,7326,5920,29,3,16,12,6626,,
17872263888485470,17841407868310918,kan_news,"כאן חדשות",,0,"04/26/2026 09:04",https://www.instagram.com/stories/kan_news/3883920751182656585,"IG story",,Lifetime,7503,5939,11,0,19,4,6413,,
18420411439125302,17841407868310918,kan_news,"כאן חדשות",,60,"04/26/2026 07:56",https://www.instagram.com/stories/kan_news/3883886539226390153,"IG story",,Lifetime,7232,5861,14,0,12,2,6332,,
18008885372854883,17841407868310918,kan_news,"כאן חדשות",,37,"04/26/2026 07:53",https://www.instagram.com/stories/kan_news/3883884798380530602,"IG story",,Lifetime,7206,6084,25,4,3,5,6840,,
18159395923443906,17841407868310918,kan_news,"כאן חדשות",,0,"04/26/2026 07:08",https://www.instagram.com/stories/kan_news/3883862490655902567,"IG story",,Lifetime,7678,6263,20,8,2,10,6756,,
17885451441528909,17841407868310918,kan_news,"כאן חדשות",,25,"04/26/2026 06:32",https://www.instagram.com/stories/kan_news/3883844143058957745,"IG story",,Lifetime,7783,6362,35,8,9,11,7440,,
18198445591358364,17841407868310918,kan_news,"כאן חדשות",,0,"04/26/2026 06:29",https://www.instagram.com/stories/kan_news/3883843091899281504,"IG story",,Lifetime,8199,6813,34,2,9,3,7344,,
18162268219429289,17841407868310918,kan_news,"כאן חדשות",,0,"04/26/2026 03:28",https://www.instagram.com/stories/kan_news/3883751965653641599,"IG story",,Lifetime,8607,6895,24,1,9,4,7889,,
18209022700336212,17841407868310918,kan_news,"כאן חדשות",,14,"04/26/2026 02:05",https://www.instagram.com/stories/kan_news/3883709951268533273,"IG story",,Lifetime,9931,7640,19,11,17,10,8008,,
17880735384418042,17841407868310918,kan_news,"כאן חדשות",,0,"04/26/2026 00:59",https://www.instagram.com/stories/kan_news/3883676821534960682,"IG story",,Lifetime,9067,7080,9,5,10,5,7999,,
18101961949780427,17841407868310918,kan_news,"כאן חדשות",,36,"04/25/2026 22:34",https://www.instagram.com/stories/kan_news/3883602989117753337,"IG story",,Lifetime,10753,8631,15,3,35,1,9492,1,
18099435511994876,17841407868310918,kan_news,"כאן חדשות",,60,"04/25/2026 10:51",https://www.instagram.com/stories/kan_news/3883249303468263071,"IG story",,Lifetime,12558,9500,32,6,42,2,10835,,
18450251620119985,17841407868310918,kan_news,"כאן חדשות",,0,"04/25/2026 07:57",https://www.instagram.com/stories/kan_news/3883162606701252173,"IG story",,Lifetime,12754,10205,31,0,17,1,11518,,
18192945622364077,17841407868310918,kan_news,"כאן חדשות",,60,"04/25/2026 06:35",https://www.instagram.com/stories/kan_news/3883120386132547532,"IG story",,Lifetime,13821,10552,48,4,16,12,12015,,
17848247283693484,17841407868310918,kan_news,"כאן חדשות",,0,"04/25/2026 06:24",https://www.instagram.com/stories/kan_news/3883115401479096686,"IG story",,Lifetime,14316,10918,38,3,8,5,12363,,
18073614524250888,17841407868310918,kan_news,"כאן חדשות",,0,"04/25/2026 04:27",https://www.instagram.com/stories/kan_news/3883056680434549950,"IG story",,Lifetime,16168,11337,62,4,16,10,13447,1,558
18100664642054173,17841407868310918,kan_news,"כאן חדשות","הפרטים המלאים - בתיאור",0,"04/25/2026 02:48",https://www.instagram.com/stories/kan_news/3883006740811388064,"IG story",,Lifetime,16253,11583,47,1,19,12,13809,,
17988899918987826,17841407868310918,kan_news,"כאן חדשות",,0,"04/25/2026 01:31",https://www.instagram.com/stories/kan_news/3882968059245413986,"IG story",,Lifetime,16044,11738,54,3,11,11,13256,,422
17891661477462252,17841407868310918,kan_news,"כאן חדשות",,29,"04/25/2026 00:04",https://www.instagram.com/stories/kan_news/3882923933120519123,"IG story",,Lifetime,15780,12649,109,4,17,2,13628,,
18090899171260688,17841407868310918,kan_news,"כאן חדשות",,0,"04/24/2026 13:45",https://www.instagram.com/stories/kan_news/3882612897603540745,"IG story",,Lifetime,13923,10477,57,1,12,15,12172,,
18181412581346753,17841407868310918,kan_news,"כאן חדשות",,0,"04/24/2026 13:45",https://www.instagram.com/stories/kan_news/3882612764493116135,"IG story",,Lifetime,14188,11334,101,1,40,4,11703,5,
18094613183140936,17841407868310918,kan_news,"כאן חדשות",,38,"04/24/2026 06:01",https://www.instagram.com/stories/kan_news/3882378723009384951,"IG story",,Lifetime,11793,8987,36,1,22,4,8678,,
18523071415072236,17841407868310918,kan_news,"כאן חדשות",,19,"04/24/2026 03:38",https://www.instagram.com/stories/kan_news/3882307229319306287,"IG story",,Lifetime,10603,8766,29,20,21,0,8080,1,
18584118673028917,17841407868310918,kan_news,"כאן חדשות",,46,"04/24/2026 02:42",https://www.instagram.com/stories/kan_news/3882278501558162860,"IG story",,Lifetime,9633,7939,37,1,4,0,8899,,
18042712550559048,17841407868310918,kan_news,"כאן חדשות",,21,"04/24/2026 02:41",https://www.instagram.com/stories/kan_news/3882278306732748258,"IG story",,Lifetime,12682,9936,107,11,10,20,8731,,
18109855354896696,17841407868310918,kan_news,"כאן חדשות",,0,"04/24/2026 00:36",https://www.instagram.com/stories/kan_news/3882215438318445291,"IG story",,Lifetime,10224,7880,27,1,6,2,9360,,
18067978679454488,17841407868310918,kan_news,"כאן חדשות",,0,"04/24/2026 00:35",https://www.instagram.com/stories/kan_news/3882215375479424707,"IG story",,Lifetime,11214,8750,78,2,13,24,9334,,
18575784385059677,17841407868310918,kan_news,"כאן חדשות",,60,"04/23/2026 11:17",https://www.instagram.com/stories/kan_news/3881813681499189700,"IG story",,Lifetime,8193,6898,15,0,22,0,6901,,
18071939585369655,17841407868310918,kan_news,"כאן חדשות",,60,"04/23/2026 09:14",https://www.instagram.com/stories/kan_news/3881751004999452514,"IG story",,Lifetime,8131,6623,42,5,18,4,7374,,
17850257463675302,17841407868310918,kan_news,"כאן חדשות",,0,"04/23/2026 07:48",https://www.instagram.com/stories/kan_news/3881708080794355950,"IG story",,Lifetime,7970,6171,9,1,5,3,6709,,
18401971537144505,17841407868310918,kan_news,"כאן חדשות",,20,"04/23/2026 07:47",https://www.instagram.com/stories/kan_news/3881707891345984778,"IG story",,Lifetime,7524,6306,9,32,6,1,7200,1,
18118328407637965,17841407868310918,kan_news,"כאן חדשות",,28,"04/23/2026 07:13",https://www.instagram.com/stories/kan_news/3881690790036167207,"IG story",,Lifetime,7522,6358,18,0,16,3,6976,,
18139388938510252,17841407868310918,kan_news,"כאן חדשות",,41,"04/23/2026 05:23",https://www.instagram.com/stories/kan_news/3881634608625932646,"IG story",,Lifetime,8579,6743,35,2,9,4,6686,,
17971862760040944,17841407868310918,kan_news,"כאן חדשות",,0,"04/23/2026 04:31",https://www.instagram.com/stories/kan_news/3881609311058831383,"IG story",,Lifetime,6809,5388,12,4,3,4,6096,,
18124709383617079,17841407868310918,kan_news,"כאן חדשות",,0,"04/23/2026 04:31",https://www.instagram.com/stories/kan_news/3881609243622772269,"IG story",,Lifetime,6757,5506,10,1,,1,5796,,
18086291534525265,17841407868310918,kan_news,"כאן חדשות",,24,"04/23/2026 04:31",https://www.instagram.com/stories/kan_news/3881609163587098412,"IG story",,Lifetime,6304,5683,16,0,1,2,6013,,
18090106952240289,17841407868310918,kan_news,"כאן חדשות",,60,"04/23/2026 04:31",https://www.instagram.com/stories/kan_news/3881609080573436686,"IG story",,Lifetime,6968,5959,29,0,3,5,6685,,
17911583643370081,17841407868310918,kan_news,"כאן חדשות",,0,"04/23/2026 04:31",https://www.instagram.com/stories/kan_news/3881608982300862020,"IG story",,Lifetime,8098,6697,22,3,17,1,6777,,
18162479926428656,17841407868310918,kan_news,"כאן חדשות",,58,"04/22/2026 12:50",https://www.instagram.com/stories/kan_news/3881135611826017561,"IG story",,Lifetime,7471,6364,39,0,2,2,6978,,
18091159153959109,17841407868310918,kan_news,"כאן חדשות",,0,"04/22/2026 12:50",https://www.instagram.com/stories/kan_news/3881135487037137865,"IG story",,Lifetime,8518,6611,25,0,4,3,7556,,
18103328773943569,17841407868310918,kan_news,"כאן חדשות",,0,"04/22/2026 12:50",https://www.instagram.com/stories/kan_news/3881135337862480555,"IG story",,Lifetime,8169,6704,17,1,3,3,7325,,
18118541116580544,17841407868310918,kan_news,"כאן חדשות",,0,"04/22/2026 12:49",https://www.instagram.com/stories/kan_news/3881135246091113162,"IG story",,Lifetime,8365,6840,30,0,5,5,7256,,
18003410951871277,17841407868310918,kan_news,"כאן חדשות",,0,"04/22/2026 12:49",https://www.instagram.com/stories/kan_news/3881135151526321122,"IG story",,Lifetime,8364,6829,29,0,4,1,7598,,
17999457566875089,17841407868310918,kan_news,"כאן חדשות",,0,"04/22/2026 12:49",https://www.instagram.com/stories/kan_news/3881135071582901720,"IG story",,Lifetime,8555,7106,16,0,2,2,7274,,
17886709128493914,17841407868310918,kan_news,"כאן חדשות",,16,"04/22/2026 12:49",https://www.instagram.com/stories/kan_news/3881134975919254919,"IG story",,Lifetime,8481,7544,35,0,8,0,7344,,
18007142384905570,17841407868310918,kan_news,"כאן חדשות",👵👇,15,"04/22/2026 12:15",https://www.instagram.com/stories/kan_news/3881117747924583311,"IG story",,Lifetime,10768,8530,15,4,32,1,9678,,
18091403591188413,17841407868310918,kan_news,"כאן חדשות",,25,"04/21/2026 11:03",https://www.instagram.com/stories/kan_news/3880356739178176206,"IG story",,Lifetime,13499,9725,30,6,16,11,12654,,
18003144260871337,17841407868310918,kan_news,"כאן חדשות",,0,"04/21/2026 09:07",https://www.instagram.com/stories/kan_news/3880298737104498851,"IG story",,Lifetime,13775,10105,58,4,10,4,9384,,48
18099644450043965,17841407868310918,kan_news,"כאן חדשות",,25,"04/21/2026 08:24",https://www.instagram.com/stories/kan_news/3880276720892403468,"IG story",,Lifetime,10428,7982,8,0,6,4,9985,,
17854395000642064,17841407868310918,kan_news,"כאן חדשות",,0,"04/21/2026 08:23",https://www.instagram.com/stories/kan_news/3880276425596618371,"IG story",,Lifetime,10767,8429,40,0,7,3,8743,,
18056542310708797,17841407868310918,kan_news,"כאן חדשות",,39,"04/27/2026 05:25",https://www.instagram.com/stories/kan_news/3884535323253991892,"IG story",,Lifetime,7286,6089,82,1,9,10,6962,,
18087440285342636,17841407868310918,kan_news,"כאן חדשות",,37,"04/21/2026 06:13",https://www.instagram.com/stories/kan_news/3880210299684576817,"IG story",,Lifetime,9383,7878,44,0,6,5,8114,,,
18049253219734031,17841407868310918,kan_news,"כאן חדשות",,43,"04/21/2026 05:50",https://www.instagram.com/stories/kan_news/3880198904733692621,"IG story",,Lifetime,9602,7871,67,3,5,6,8144,,,
17867184744671244,17841407868310918,kan_news,"כאן חדשות",,20,"04/21/2026 04:24",https://www.instagram.com/stories/kan_news/3880155499643153505,"IG story",,Lifetime,9768,7965,98,0,2,8,9014,,,
18122375221730277,17841407868310918,kan_news,"כאן חדשות",,25,"04/21/2026 04:12",https://www.instagram.com/stories/kan_news/3880150041998004328,"IG story",,Lifetime,10223,8065,121,1,10,12,9623,,,
18087162104353656,17841407868310918,kan_news,"כאן חדשות",,57,"04/21/2026 03:39",https://www.instagram.com/stories/kan_news/3880132341213084756,"IG story",,Lifetime,10872,8866,69,8,8,5,9465,1,,
18409439416181513,17841407868310918,kan_news,"כאן חדשות",,44,"04/21/2026 02:38",https://www.instagram.com/stories/kan_news/3880102078596684270,"IG story",,Lifetime,10876,8846,86,4,5,13,9201,,,
18113464285686379,17841407868310918,kan_news,"כאן חדשות",,15,"04/21/2026 01:08",https://www.instagram.com/stories/kan_news/3880057385427043950,"IG story",,Lifetime,11012,9029,57,1,12,5,10298,,,
18356743546233697,17841407868310918,kan_news,"כאן חדשות",💔,15,"04/21/2026 00:28",https://www.instagram.com/stories/kan_news/3880037115639276406,"IG story",,Lifetime,11386,9618,78,4,19,10,10501,,,
18103266746506798,17841407868310918,kan_news,"כאן חדשות",,60,"04/20/2026 15:09",https://www.instagram.com/stories/kan_news/3879756025397690831,"IG story",,Lifetime,13819,11594,62,5,12,3,11675,,,
18045609659779535,17841407868310918,kan_news,"כאן חדשות",,52,"04/20/2026 15:09",https://www.instagram.com/stories/kan_news/3879755952525833848,"IG story",,Lifetime,14936,12651,96,5,34,4,13592,,,
18115577350674329,17841407868310918,kan_news,"כאן חדשות",,0,"04/20/2026 14:19",https://www.instagram.com/stories/kan_news/3879730638827439012,"IG story",,Lifetime,17079,14114,70,1,58,4,13648,1,98,
18077319887634034,17841407868310918,kan_news,"כאן חדשות",,50,"04/19/2026 12:27",https://www.instagram.com/stories/kan_news/3878948719848222483,"IG story",,Lifetime,13684,10817,70,17,40,4,12503,1,,
18078922697439079,17841407868310918,kan_news,"כאן חדשות",,25,"04/19/2026 06:24",https://www.instagram.com/stories/kan_news/3878766405390360568,"IG story",,Lifetime,10865,9060,48,8,35,4,8944,,,
17978758013991401,17841407868310918,kan_news,"כאן חדשות",💔,0,"04/18/2026 22:29",https://www.instagram.com/stories/kan_news/3878527628087439705,"IG story",,Lifetime,9592,7875,52,0,20,18,8710,,,
18133833556543357,17841407868310918,kan_news,"כאן חדשות",,60,"04/18/2026 12:48",https://www.instagram.com/stories/kan_news/3878234877048562508,"IG story",,Lifetime,12679,9878,38,9,41,0,10877,1,,
17982939239993049,17841407868310918,kan_news,"כאן חדשות",,33,"04/18/2026 12:32",https://www.instagram.com/stories/kan_news/3878226955182677013,"IG story",,Lifetime,12196,10433,72,0,6,4,11540,,,
17857387446690155,17841407868310918,kan_news,"כאן חדשות",,0,"04/18/2026 12:31",https://www.instagram.com/stories/kan_news/3878226910717914372,"IG story",,Lifetime,13325,11151,44,1,4,15,12015,,,
17942388192180881,17841407868310918,kan_news,"כאן חדשות",,0,"04/18/2026 12:31",https://www.instagram.com/stories/kan_news/3878226737098715260,"IG story",,Lifetime,14510,11621,20,1,12,1,12198,2,,
18094576046120287,17841407868310918,kan_news,"כאן חדשות",,10,"04/18/2026 12:30",https://www.instagram.com/stories/kan_news/3878226589514911722,"IG story",,Lifetime,16705,13390,36,8,38,4,11470,,,
18390601072082291,17841407868310918,kan_news,"כאן חדשות",,15,"04/17/2026 07:16",https://www.instagram.com/stories/kan_news/3877343350503948930,"IG story",,Lifetime,6500,5551,10,3,10,1,6136,,,
18075760109316610,17841407868310918,kan_news,"כאן חדשות",,25,"04/17/2026 06:17",https://www.instagram.com/stories/kan_news/3877313810507417751,"IG story",,Lifetime,5697,5123,49,0,7,5,5505,,,
18102191966287146,17841407868310918,kan_news,"כאן חדשות",,30,"04/17/2026 05:54",https://www.instagram.com/stories/kan_news/3877302140275932127,"IG story",,Lifetime,5729,5124,12,1,6,1,5507,,15,2
17861883858624264,17841407868310918,kan_news,"כאן חדשות",,25,"04/17/2026 05:46",https://www.instagram.com/stories/kan_news/3877298269319252817,"IG story",,Lifetime,6595,5458,13,5,12,2,6171,,,
17950161561125410,17841407868310918,kan_news,"כאן חדשות",,15,"04/17/2026 03:07",https://www.instagram.com/stories/kan_news/3877218071911472284,"IG story",,Lifetime,7216,5777,8,2,8,0,5462,,51,
18174259834402763,17841407868310918,kan_news,"כאן חדשות",,45,"04/17/2026 02:27",https://www.instagram.com/stories/kan_news/3877197649987934298,"IG story",,Lifetime,6880,5926,14,1,10,0,6217,,,
17984811803987860,17841407868310918,kan_news,"כאן חדשות",,0,"04/17/2026 02:27",https://www.instagram.com/stories/kan_news/3877197954287694582,"IG story",,Lifetime,6548,5302,7,0,11,2,5113,,,
18089296223463078,17841407868310918,kan_news,"כאן חדשות",,60,"04/16/2026 12:10",https://www.instagram.com/stories/kan_news/3876766023474651150,"IG story",,Lifetime,5753,4980,17,1,8,5,5334,,,
18101539463292466,17841407868310918,kan_news,"כאן חדשות",,60,"04/16/2026 12:08",https://www.instagram.com/stories/kan_news/3876765986891893395,"IG story",,Lifetime,6129,5313,20,0,13,4,5270,,,
18110001364878854,17841407868310918,kan_news,"כאן חדשות",,0,"04/16/2026 09:48",https://www.instagram.com/stories/kan_news/3876695138722046731,"IG story",,Lifetime,6058,5239,11,1,7,0,5527,1,,
17938406250235178,17841407868310918,kan_news,"כאן חדשות",,60,"04/16/2026 09:02",https://www.instagram.com/stories/kan_news/3876671788654161824,"IG story",,Lifetime,6442,5377,13,1,2,0,6060,,,
18116291245677529,17841407868310918,kan_news,"כאן חדשות",,0,"04/16/2026 09:02",https://www.instagram.com/stories/kan_news/3876672033014298260,"IG story",,Lifetime,6050,5139,13,0,4,1,5650,,,
18323151469251171,17841407868310918,kan_news,"כאן חדשות",,0,"04/16/2026 09:01",https://www.instagram.com/stories/kan_news/3876671754017580305,"IG story",,Lifetime,6902,5515,16,0,4,6,6130,,,
18107394802710449,17841407868310918,kan_news,"כאן חדשות",,0,"04/16/2026 09:01",https://www.instagram.com/stories/kan_news/3876671633691400194,"IG story",,Lifetime,7074,5611,14,2,4,6,6126,1,,
18045626921748248,17841407868310918,kan_news,"כאן חדשות",,0,"04/16/2026 09:01",https://www.instagram.com/stories/kan_news/3876671477847863202,"IG story",,Lifetime,7440,5905,17,0,11,6,6248,,,
17882822328537756,17841407868310918,kan_news,"כאן חדשות",,9,"04/16/2026 04:53",https://www.instagram.com/stories/kan_news/3876546478017248508,"IG story",,Lifetime,7203,6038,40,0,4,2,6451,,,
18146623738488207,17841407868310918,kan_news,"כאן חדשות",,25,"04/16/2026 03:51",https://www.instagram.com/stories/kan_news/3876515424908754763,"IG story",,Lifetime,7936,6182,10,0,8,3,7582,,,
17910686184385072,17841407868310918,kan_news,"כאן חדשות",,0,"04/16/2026 03:50",https://www.instagram.com/stories/kan_news/3876514939485191994,"IG story",,Lifetime,8125,6509,24,0,4,1,6757,,,
18092667773129322,17841407868310918,kan_news,"כאן חדשות",,28,"04/16/2026 01:59",https://www.instagram.com/stories/kan_news/3876459013793314598,"IG story",,Lifetime,8184,6798,41,6,13,1,7537,,,
18114077989690963,17841407868310918,kan_news,"כאן חדשות",,0,"04/15/2026 23:35",https://www.instagram.com/stories/kan_news/3876386953075291249,"IG story",,Lifetime,9144,7739,15,0,15,0,7675,,,
18021214463821128,17841407868310918,kan_news,"כאן חדשות",,24,"04/15/2026 10:52",https://www.instagram.com/stories/kan_news/3876002515904524591,"IG story",,Lifetime,9289,7790,37,0,33,0,8330,1,,
17894950323441381,17841407868310918,kan_news,"כאן חדשות",,34,"04/15/2026 06:58",https://www.instagram.com/stories/kan_news/3875884780549712800,"IG story",,Lifetime,10457,8261,31,1,19,9,8791,,,
18354031648235667,17841407868310918,kan_news,"כאן חדשות",,4,"04/15/2026 06:58",https://www.instagram.com/stories/kan_news/3875884695648626584,"IG story",,Lifetime,11139,9061,13,11,9,0,7695,2,,
18207340639330862,17841407868310918,kan_news,"כאן חדשות",,39,"04/15/2026 01:47",https://www.instagram.com/stories/kan_news/3875728406654130695,"IG story",,Lifetime,10781,8914,7,23,22,1,9075,,,
17920031880323689,17841407868310918,kan_news,"כאן חדשות",,28,"04/14/2026 13:44",https://www.instagram.com/stories/kan_news/3875364297269991409,"IG story",,Lifetime,8238,6854,28,1,9,3,7592,,,
18110360848637466,17841407868310918,kan_news,"כאן חדשות",,0,"04/14/2026 12:53",https://www.instagram.com/stories/kan_news/3875338960972741489,"IG story",,Lifetime,8732,7302,29,0,21,8,7753,2,,
18118181341639808,17841407868310918,kan_news,"כאן חדשות",,15,"04/14/2026 09:19",https://www.instagram.com/stories/kan_news/3875231008253205119,"IG story",,Lifetime,8955,7530,83,4,7,13,6756,,,
18408051592182785,17841407868310918,kan_news,"כאן חדשות",,34,"04/14/2026 09:18",https://www.instagram.com/stories/kan_news/3875230706884037594,"IG story",,Lifetime,8283,7283,107,0,21,6,7479,,,
17926663431266421,17841407868310918,kan_news,"כאן חדשות",,19,"04/14/2026 06:36",https://www.instagram.com/stories/kan_news/3875148554855152870,"IG story",,Lifetime,8774,7414,73,1,20,17,7443,1,,
18108901210851325,17841407868310918,kan_news,"כאן חדשות",,25,"04/14/2026 03:23",https://www.instagram.com/stories/kan_news/3875051577404487835,"IG story",,Lifetime,8982,7405,57,2,14,2,8214,1,226,
18159165805434508,17841407868310918,kan_news,"כאן חדשות",,25,"04/14/2026 00:46",https://www.instagram.com/stories/kan_news/3874972758060452900,"IG story",,Lifetime,9081,7788,54,1,14,25,8578,1,,
17879338422556321,17841407868310918,kan_news,"כאן חדשות",,25,"04/14/2026 00:45",https://www.instagram.com/stories/kan_news/3874972460130668006,"IG story",,Lifetime,10028,8587,88,4,15,58,9137,,,
18115173082666550,17841407868310918,kan_news,"כאן חדשות",,34,"04/13/2026 12:32",https://www.instagram.com/stories/kan_news/3874603316482822080,"IG story",,Lifetime,15390,12191,67,5,37,35,13955,1,,
18006533177887272,17841407868310918,kan_news,"כאן חדשות",,0,"04/13/2026 08:42",https://www.instagram.com/stories/kan_news/3874487937130435352,"IG story",,Lifetime,18136,13614,46,2,34,10,16120,,,
18058166561471030,17841407868310918,kan_news,"כאן חדשות",,15,"04/13/2026 08:42",https://www.instagram.com/stories/kan_news/3874487766637272964,"IG story",,Lifetime,19191,15859,185,5,56,23,17551,2,,
17961234141080027,17841407868310918,kan_news,"כאן חדשות","מבולבלים? כל התשובות 👇",0,"04/12/2026 00:04",https://www.instagram.com/stories/kan_news/3873502085369742203,"IG story",,Lifetime,18501,13781,9,6,92,2,15400,,,
18260417215292521,17841407868310918,kan_news,"כאן חדשות",,0,"04/10/2026 04:26",https://www.instagram.com/stories/kan_news/3872184517505797013,"IG story",,Lifetime,11302,9207,14,0,11,3,9615,,,
18065974880671710,17841407868310918,kan_news,"כאן חדשות",,25,"04/10/2026 01:38",https://www.instagram.com/stories/kan_news/3872099632507186980,"IG story",,Lifetime,7810,6683,38,1,6,2,7438,,,
18098536255992037,17841407868310918,kan_news,"כאן חדשות",,25,"04/10/2026 00:12",https://www.instagram.com/stories/kan_news/3872056756343550162,"IG story",,Lifetime,6431,5724,10,2,3,7,6149,,,
18175653679394806,17841407868310918,kan_news,"כאן חדשות",,60,"04/09/2026 23:18",https://www.instagram.com/stories/kan_news/3872028981746397035,"IG story",,Lifetime,6204,5406,16,5,5,0,5306,,,
18165154309421930,17841407868310918,kan_news,"כאן חדשות",,42,"04/09/2026 23:14",https://www.instagram.com/stories/kan_news/3872027084612334724,"IG story",,Lifetime,6648,5881,16,0,14,2,5991,2,,
17872128513595595,17841407868310918,kan_news,"כאן חדשות",,15,"04/09/2026 07:31",https://www.instagram.com/stories/kan_news/3871553056495785756,"IG story",,Lifetime,6713,5676,41,0,15,7,6396,,,
18005619473714119,17841407868310918,kan_news,"כאן חדשות",,15,"04/09/2026 07:31",https://www.instagram.com/stories/kan_news/3871552729482707783,"IG story",,Lifetime,6667,5842,23,0,12,6,6429,,,
18224007598313663,17841407868310918,kan_news,"כאן חדשות",,36,"04/09/2026 07:27",https://www.instagram.com/stories/kan_news/3871551149177998724,"IG story",,Lifetime,7673,6520,10,2,12,0,6791,,,
18083150186071834,17841407868310918,kan_news,"כאן חדשות",,25,"04/09/2026 00:22",https://www.instagram.com/stories/kan_news/3871337032836100780,"IG story",,Lifetime,8577,6864,8,0,14,2,8228,,46,
17891472027445588,17841407868310918,kan_news,"כאן חדשות",,21,"04/09/2026 00:18",https://www.instagram.com/stories/kan_news/3871335060422718623,"IG story",,Lifetime,9191,7520,12,0,19,0,7984,,,
17863260531618250,17841407868310918,kan_news,"כאן חדשות",,58,"04/08/2026 11:43",https://www.instagram.com/stories/kan_news/3870955114688865420,"IG story",,Lifetime,10547,8521,23,3,28,4,9839,,,
17875212960447567,17841407868310918,kan_news,"כאן חדשות",,0,"04/08/2026 09:58",https://www.instagram.com/stories/kan_news/3870902066717310470,"IG story",,Lifetime,11250,9291,35,0,11,15,10635,,,
18121729624617290,17841407868310918,kan_news,"כאן חדשות",,51,"04/08/2026 09:35",https://www.instagram.com/stories/kan_news/3870882647962193588,"IG story",,Lifetime,11885,9722,22,5,11,0,10990,,,
18094746791025200,17841407868310918,kan_news,"כאן חדשות",,60,"04/08/2026 08:30",https://www.instagram.com/stories/kan_news/3870857980052424859,"IG story",,Lifetime,12398,10069,19,4,11,3,11749,,,
18126475072602112,17841407868310918,kan_news,"כאן חדשות",,20,"04/08/2026 08:30",https://www.instagram.com/stories/kan_news/3870857925258026108,"IG story",,Lifetime,12971,10371,40,12,6,5,11749,,,
17949472185135138,17841407868310918,kan_news,"כאן חדשות",,0,"04/08/2026 08:30",https://www.instagram.com/stories/kan_news/3870857908539542857,"IG story",,Lifetime,13086,10456,11,2,2,0,12075,,,
17911361628180946,17841407868310918,kan_news,"כאן חדשות",,0,"04/08/2026 08:30",https://www.instagram.com/stories/kan_news/3870857778323144593,"IG story",,Lifetime,13441,10585,17,0,10,3,12499,,,
17983759292987013,17841407868310918,kan_news,"כאן חדשות",,0,"04/08/2026 08:29",https://www.instagram.com/stories/kan_news/3870857583673930762,"IG story",,Lifetime,13752,10848,22,0,7,1,12264,1,,
17987372273974675,17841407868310918,kan_news,"כאן חדשות",,0,"04/08/2026 08:29",https://www.instagram.com/stories/kan_news/3870857351242371351,"IG story",,Lifetime,14260,11196,14,0,17,2,13043,1,,
18101791702748937,17841407868310918,kan_news,"כאן חדשות",,0,"04/08/2026 08:29",https://www.instagram.com/stories/kan_news/3870857127165866410,"IG story",,Lifetime,15872,12334,9,0,45,3,13766,1,,
18420116656123246,17841407868310918,kan_news,"כאן חדשות",,0,"04/07/2026 16:18",https://www.instagram.com/stories/kan_news/3870368847534134100,"IG story",,Lifetime,19061,14756,17,3,45,0,16502,,,
18430534771140969,17841407868310918,kan_news,"כאן חדשות",,60,"04/07/2026 12:48",https://www.instagram.com/stories/kan_news/3870262763075068208,"IG story",,Lifetime,18027,14593,119,9,35,1,15686,2,,
18144376597501221,17841407868310918,kan_news,"כאן חדשות",,48,"04/07/2026 09:23",https://www.instagram.com/stories/kan_news/3870159547838641328,"IG story",,Lifetime,15623,12873,24,9,17,8,14954,,,
17909831970381498,17841407868310918,kan_news,"כאן חדשות",,0,"04/07/2026 07:49",https://www.instagram.com/stories/kan_news/3870112442734503794,"IG story",,Lifetime,15067,12388,25,1,10,7,13236,,,
18079083551388832,17841407868310918,kan_news,"כאן חדשות",,15,"04/07/2026 07:49",https://www.instagram.com/stories/kan_news/3870112227742908022,"IG story",,Lifetime,15210,12724,17,3,10,1,14520,,,
18043804217786339,17841407868310918,kan_news,"כאן חדשות",🌝,15,"04/07/2026 06:33",https://www.instagram.com/stories/kan_news/3870074097392323107,"IG story",,Lifetime,15337,12444,50,12,6,1,14598,,,
18075706889535827,17841407868310918,kan_news,"כאן חדשות","לילה דרמטי לפנינו?",15,"04/07/2026 06:32",https://www.instagram.com/stories/kan_news/3870073445538745991,"IG story",,Lifetime,15858,12852,21,1,8,2,14829,1,,
18101869891938599,17841407868310918,kan_news,"כאן חדשות",,25,"04/07/2026 03:46",https://www.instagram.com/stories/kan_news/3869990108191157047,"IG story",,Lifetime,14343,12532,38,1,5,0,12427,,,
18089063261248154,17841407868310918,kan_news,"כאן חדשות",,37,"04/07/2026 03:46",https://www.instagram.com/stories/kan_news/3869990062607484054,"IG story",,Lifetime,14753,13047,40,3,8,0,14095,,,
18119400346712492,17841407868310918,kan_news,"כאן חדשות",,32,"04/07/2026 03:46",https://www.instagram.com/stories/kan_news/3869990018827314730,"IG story",,Lifetime,16758,14465,78,4,74,3,15065,1,,
17961193778917784,17841407868310918,kan_news,"כאן חדשות",,0,"04/06/2026 11:17",https://www.instagram.com/stories/kan_news/3869492268222312949,"IG story",,Lifetime,10196,8336,15,1,7,2,8746,,,
18019612211828424,17841407868310918,kan_news,"כאן חדשות","טראמפ יממש את האולטימטום? ⏳",15,"04/06/2026 10:47",https://www.instagram.com/stories/kan_news/3869477261992401692,"IG story",,Lifetime,9716,8283,24,1,4,3,9208,,,
18088480580218554,17841407868310918,kan_news,"כאן חדשות",,17,"04/06/2026 10:18",https://www.instagram.com/stories/kan_news/3869462420942626901,"IG story",,Lifetime,9814,8337,20,1,6,0,8271,,,
17936749521081336,17841407868310918,kan_news,"כאן חדשות","שובר לב 😥",15,"04/06/2026 10:17",https://www.instagram.com/stories/kan_news/3869462244723142084,"IG story",,Lifetime,10424,8573,39,3,7,13,9894,,,
17953510458068192,17841407868310918,kan_news,"כאן חדשות","הפנים והשמות מאחורי האסון",0,"04/06/2026 09:24",https://www.instagram.com/stories/kan_news/3869435534019541304,"IG story",,Lifetime,10799,8604,30,0,9,8,9253,,,
18119123953715558,17841407868310918,kan_news,"כאן חדשות",💔,0,"04/06/2026 08:09",https://www.instagram.com/stories/kan_news/3869397636637435484,"IG story",,Lifetime,10658,8269,21,0,13,2,9106,,,
18550649431071512,17841407868310918,kan_news,"כאן חדשות",,0,"04/06/2026 08:06",https://www.instagram.com/stories/kan_news/3869396319265262773,"IG story",,Lifetime,10608,8628,43,0,11,2,8801,,,
18110727673698491,17841407868310918,kan_news,"כאן חדשות",,37,"04/06/2026 06:37",https://www.instagram.com/stories/kan_news/3869351513721848379,"IG story",,Lifetime,9620,8431,14,3,9,4,8849,,,
17971536138040391,17841407868310918,kan_news,"כאן חדשות",,32,"04/06/2026 06:09",https://www.instagram.com/stories/kan_news/3869337219693192391,"IG story",,Lifetime,10191,8497,32,2,22,3,9549,2,,
18159005332438881,17841407868310918,kan_news,"כאן חדשות",,0,"04/06/2026 02:27",https://www.instagram.com/stories/kan_news/3869225432180214207,"IG story",,Lifetime,9445,7681,28,0,12,10,8765,,,
18321314749248620,17841407868310918,kan_news,"כאן חדשות",,0,"04/06/2026 02:26",https://www.instagram.com/stories/kan_news/3869225332431283406,"IG story",,Lifetime,9323,7944,47,1,3,6,8210,,,
18101475166753045,17841407868310918,kan_news,"כאן חדשות",,15,"04/06/2026 02:26",https://www.instagram.com/stories/kan_news/3869225195906721263,"IG story",,Lifetime,10184,8640,30,0,21,1,9302,1,,
18104897095727996,17841407868310918,kan_news,"כאן חדשות",,60,"04/05/2026 10:10",https://www.instagram.com/stories/kan_news/3868733797289828082,"IG story",,Lifetime,9508,8320,19,0,26,0,8576,,,
18129153610566031,17841407868310918,kan_news,"כאן חדשות",,33,"04/05/2026 07:45",https://www.instagram.com/stories/kan_news/3868660676663460434,"IG story",,Lifetime,9081,8294,25,0,5,3,8326,,,
18356126926233780,17841407868310918,kan_news,"כאן חדשות",,39,"04/05/2026 07:26",https://www.instagram.com/stories/kan_news/3868651389115441537,"IG story",,Lifetime,9521,8530,36,11,9,3,8870,,,
18101207293750654,17841407868310918,kan_news,"כאן חדשות",🏠,15,"04/05/2026 06:23",https://www.instagram.com/stories/kan_news/3868619320565959434,"IG story",,Lifetime,9981,8383,77,0,5,8,9520,,,
17881427706521372,17841407868310918,kan_news,"כאן חדשות","המשא ומתן לא עושה טוב לטראמפ 😬",15,"04/05/2026 06:03",https://www.instagram.com/stories/kan_news/3868609430816559300,"IG story",,Lifetime,10395,8642,27,3,9,6,9792,,,
17905576740401063,17841407868310918,kan_news,"כאן חדשות",,60,"04/05/2026 04:43",https://www.instagram.com/stories/kan_news/3868569009335853038,"IG story",,Lifetime,10546,8890,63,2,17,18,9670,,,
18263720932288066,17841407868310918,kan_news,"כאן חדשות",🇮🇱🇺🇸,0,"04/05/2026 01:54",https://www.instagram.com/stories/kan_news/3868483973404225342,"IG story",,Lifetime,10538,8840,34,0,7,3,9615,,,
18544882783071939,17841407868310918,kan_news,"כאן חדשות",,38,"04/05/2026 01:52",https://www.instagram.com/stories/kan_news/3868482946428863084,"IG story",,Lifetime,10564,8970,25,0,3,0,10232,,,
17937446946032444,17841407868310918,kan_news,"כאן חדשות","כל הפרטים על מבצע
החילוץ הדרמטי 👇",9,"04/05/2026 01:51",https://www.instagram.com/stories/kan_news/3868482459939943766,"IG story",,Lifetime,11485,9338,32,0,5,3,9903,,,
17954591571117037,17841407868310918,kan_news,"כאן חדשות",,60,"04/05/2026 01:49",https://www.instagram.com/stories/kan_news/3868481732354014010,"IG story",,Lifetime,13186,10694,38,6,59,28,11552,1,,
17884895829496062,17841407868310918,kan_news,"כאן חדשות","מה קורה לחיל האוויר האמריקני? 🧐",0,"04/03/2026 13:45",https://www.instagram.com/stories/kan_news/3867392520602428235,"IG story",,Lifetime,21085,17281,21,27,26,3,17762,1,,
17987731862960790,17841407868310918,kan_news,"כאן חדשות",,22,"04/03/2026 13:02",https://www.instagram.com/stories/kan_news/3867370661072762213,"IG story",,Lifetime,18348,15792,17,4,8,2,17005,,,
17882104944530370,17841407868310918,kan_news,"כאן חדשות",,0,"04/03/2026 13:01",https://www.instagram.com/stories/kan_news/3867370473822241608,"IG story",,Lifetime,19058,16162,20,5,5,3,16888,,,
18091681145331423,17841407868310918,kan_news,"כאן חדשות",🌏😮,15,"04/03/2026 13:01",https://www.instagram.com/stories/kan_news/3867370326635724919,"IG story",,Lifetime,20061,17279,64,7,20,3,18607,,,
17853079770640571,17841407868310918,kan_news,"כאן חדשות","גורלו של השני עדיין לא ברור",18,"04/03/2026 09:18",https://www.instagram.com/stories/kan_news/3867257983201317617,"IG story",,Lifetime,15220,12841,19,4,13,1,13946,,,
17952908946109477,17841407868310918,kan_news,"כאן חדשות",,0,"04/03/2026 08:52",https://www.instagram.com/stories/kan_news/3867245010110013128,"IG story",,Lifetime,15565,12954,15,3,10,1,13381,,,
17857647636684140,17841407868310918,kan_news,"כאן חדשות","דרמה באיראן 👇",0,"04/03/2026 07:38",https://www.instagram.com/stories/kan_news/3867207980512626526,"IG story",,Lifetime,16321,12909,15,4,15,3,14458,,,
17893276077309031,17841407868310918,kan_news,"כאן חדשות",,26,"04/03/2026 06:52",https://www.instagram.com/stories/kan_news/3867184463167965768,"IG story",,Lifetime,16861,13279,17,12,31,4,13371,,,
18073523807210460,17841407868310918,kan_news,"כאן חדשות",,15,"04/03/2026 05:52",https://www.instagram.com/stories/kan_news/3867154455631938732,"IG story",,Lifetime,15533,12813,57,3,13,13,14821,,,
18042648020775983,17841407868310918,kan_news,"כאן חדשות",,0,"04/03/2026 05:52",https://www.instagram.com/stories/kan_news/3867154371469030500,"IG story",,Lifetime,16217,13584,21,4,21,2,14336,,,
18426972541184083,17841407868310918,kan_news,"כאן חדשות",,0,"04/03/2026 03:17",https://www.instagram.com/stories/kan_news/3867076325781199889,"IG story",,Lifetime,17530,14024,17,1,24,10,14902,,,
18126189679510363,17841407868310918,kan_news,"כאן חדשות",,0,"04/03/2026 03:17",https://www.instagram.com/stories/kan_news/3867076239051364512,"IG story",,Lifetime,18838,15417,21,3,30,5,15669,,,
17924090091100143,17841407868310918,kan_news,"כאן חדשות",@itayblumental,19,"04/02/2026 05:01",https://www.instagram.com/stories/kan_news/3866403876852883772,"IG story",,Lifetime,21109,17680,17,3,86,2,18581,,,
17930529018238904,17841407868310918,kan_news,"כאן חדשות",,0,"04/01/2026 04:00",https://www.instagram.com/stories/kan_news/3865648399722409659,"IG story",,Lifetime,13938,11502,43,2,19,3,12347,1,,
18087475844598952,17841407868310918,kan_news,"כאן חדשות",,0,"04/01/2026 04:00",https://www.instagram.com/stories/kan_news/3865648248551297109,"IG story",,Lifetime,14099,12253,23,0,4,4,12450,,,
18099241462987642,17841407868310918,kan_news,"כאן חדשות",,40,"04/01/2026 02:08",https://www.instagram.com/stories/kan_news/3865592358368313824,"IG story",,Lifetime,13484,11566,65,13,10,8,12554,,,
18371655961162846,17841407868310918,kan_news,"כאן חדשות",,60,"04/01/2026 00:14",https://www.instagram.com/stories/kan_news/3865534908046921182,"IG story",,Lifetime,14279,11772,35,23,23,3,11321,,,
18060415544399489,17841407868310918,kan_news,"כאן חדשות",,33,"03/31/2026 12:16",https://www.instagram.com/stories/kan_news/3865173492202868489,"IG story",,Lifetime,9059,7545,92,10,11,21,8209,,,
,,,,,,,,,"An error occurred while computing metadata for content with ID 18210270793326358. An error occurred while computing metrics.",-,,,,,,,,,,
,,,,,,,,,"An error occurred while computing metadata for content with ID 18171322603400161. An error occurred while computing metrics.",-,,,,,,,,,,
18122730307589423,17841407868310918,kan_news,"כאן חדשות",,10,"03/13/2026 06:42",https://www.instagram.com/stories/kan_news/3851959206202744475,"IG story",,Lifetime,10117,8558,49,1,5,1,8229,,,
17909681028369155,17841407868310918,kan_news,"כאן חדשות","טרגדיה שקשה להכיל 😢",15,"03/31/2026 12:16",https://www.instagram.com/stories/kan_news/3865173347004470163,"IG story",,Lifetime,9418,7907,61,0,8,33,8635,,,
17919327057312766,17841407868310918,kan_news,"כאן חדשות",,60,"03/31/2026 12:15",https://www.instagram.com/stories/kan_news/3865172907810535107,"IG story",,Lifetime,9820,8465,60,6,11,24,8396,,,
18400399687196303,17841407868310918,kan_news,"כאן חדשות",,15,"03/31/2026 05:18",https://www.instagram.com/stories/kan_news/3864962759666073023,"IG story",,Lifetime,8285,6867,36,1,16,2,6557,,,
17996880455922837,17841407868310918,kan_news,"כאן חדשות","כל הפרטים בפוסט",0,"03/31/2026 05:17",https://www.instagram.com/stories/kan_news/3864962600483829371,"IG story",,Lifetime,8154,6835,40,1,7,1,7241,1,,
17862065511655325,17841407868310918,kan_news,"כאן חדשות",,0,"03/31/2026 05:17",https://www.instagram.com/stories/kan_news/3864962348137759836,"IG story",,Lifetime,8097,6912,47,0,3,14,7711,,,
18321303265250170,17841407868310918,kan_news,"כאן חדשות",,15,"03/31/2026 05:16",https://www.instagram.com/stories/kan_news/3864962084693484530,"IG story",,Lifetime,8657,7165,64,6,3,20,8060,,,
18112332307688463,17841407868310918,kan_news,"כאן חדשות",,41,"03/31/2026 05:16",https://www.instagram.com/stories/kan_news/3864961796393855955,"IG story",,Lifetime,8727,7196,38,3,3,2,7883,,,
17881294242513183,17841407868310918,kan_news,"כאן חדשות",,7,"03/31/2026 05:14",https://www.instagram.com/stories/kan_news/3864961157819416691,"IG story",,Lifetime,9023,7374,21,0,12,0,7651,,,
18059038475453972,17841407868310918,kan_news,"כאן חדשות",💔,0,"03/31/2026 05:14",https://www.instagram.com/stories/kan_news/3864961009676641151,"IG story",,Lifetime,9915,8228,53,3,58,17,8739,,,
18069012377293246,17841407868310918,kan_news,"כאן חדשות",,20,"03/30/2026 08:24",https://www.instagram.com/stories/kan_news/3864331753724501549,"IG story",,Lifetime,11292,9305,56,2,14,4,10616,,,
18169039531406746,17841407868310918,kan_news,"כאן חדשות",,25,"03/30/2026 05:07",https://www.instagram.com/stories/kan_news/3864232447252293195,"IG story",,Lifetime,11045,9174,11,4,10,5,10417,,,
17870946396595096,17841407868310918,kan_news,"כאן חדשות",,0,"03/30/2026 02:43",https://www.instagram.com/stories/kan_news/3864160389461868746,"IG story",,Lifetime,10106,8733,43,1,8,16,9442,,,
18079654991692213,17841407868310918,kan_news,"כאן חדשות",,5,"03/30/2026 01:52",https://www.instagram.com/stories/kan_news/3864134555560716920,"IG story",,Lifetime,10421,8847,12,6,7,1,8933,,,
17969489526037900,17841407868310918,kan_news,"כאן חדשות",,20,"03/30/2026 01:29",https://www.instagram.com/stories/kan_news/3864122775379826640,"IG story",,Lifetime,11058,8846,22,10,9,3,10439,,,
17952303296961426,17841407868310918,kan_news,"כאן חדשות",,0,"03/30/2026 01:16",https://www.instagram.com/stories/kan_news/3864116294668429597,"IG story",,Lifetime,11941,9220,18,3,12,2,9880,,,
18074514449560665,17841407868310918,kan_news,"כאן חדשות",,25,"03/29/2026 23:15",https://www.instagram.com/stories/kan_news/3864055266949650051,"IG story",,Lifetime,12200,9785,35,6,22,2,11229,,,
17938607979190299,17841407868310918,kan_news,"כאן חדשות",,0,"03/29/2026 06:08",https://www.instagram.com/stories/kan_news/3863538373700536389,"IG story",,Lifetime,11607,9536,15,2,15,5,9893,,,
18112185526785734,17841407868310918,kan_news,"כאן חדשות",,11,"03/29/2026 06:04",https://www.instagram.com/stories/kan_news/3863536379854227731,"IG story",,Lifetime,11285,9855,19,2,8,0,10271,,,
17948865882121429,17841407868310918,kan_news,"כאן חדשות",,60,"03/29/2026 04:26",https://www.instagram.com/stories/kan_news/3863487306581288081,"IG story",,Lifetime,11828,10180,91,7,8,13,10269,,,
17961299511060402,17841407868310918,kan_news,"כאן חדשות",,25,"03/29/2026 03:52",https://www.instagram.com/stories/kan_news/3863469936877914753,"IG story",,Lifetime,12060,10302,16,0,11,1,11264,,,
17917189452335404,17841407868310918,kan_news,"כאן חדשות",,44,"03/29/2026 02:02",https://www.instagram.com/stories/kan_news/3863415027029688130,"IG story",,Lifetime,13910,11936,15,12,19,3,11594,,,
18397322629147698,17841407868310918,kan_news,"כאן חדשות",,38,"03/28/2026 13:53",https://www.instagram.com/stories/kan_news/3863047629051192865,"IG story",,Lifetime,17016,13591,110,34,16,8,14464,,,
18090701368918024,17841407868310918,kan_news,"כאן חדשות","שובר לב 😢",0,"03/28/2026 12:52",https://www.instagram.com/stories/kan_news/3863017109902738022,"IG story",,Lifetime,16935,13943,59,0,8,14,13645,1,,
18009060293702360,17841407868310918,kan_news,"כאן חדשות",,39,"03/28/2026 11:34",https://www.instagram.com/stories/kan_news/3862977840488304977,"IG story",,Lifetime,16462,14318,45,1,11,2,14004,1,,
17966994501048819,17841407868310918,kan_news,"כאן חדשות",,13,"03/28/2026 11:02",https://www.instagram.com/stories/kan_news/3862961799641092138,"IG story",,Lifetime,17867,14686,25,17,6,4,15315,,,
18109981537698868,17841407868310918,kan_news,"כאן חדשות",💔,0,"03/28/2026 10:19",https://www.instagram.com/stories/kan_news/3862940283482291129,"IG story",,Lifetime,18911,15461,34,0,10,12,16230,,,
18570930742036452,17841407868310918,kan_news,"כאן חדשות",,0,"03/28/2026 05:42",https://www.instagram.com/stories/kan_news/3862800734617775383,"IG story",,Lifetime,19625,16578,54,1,16,10,16937,,,
18574586500013391,17841407868310918,kan_news,"כאן חדשות",,31,"03/28/2026 05:41",https://www.instagram.com/stories/kan_news/3862800237349466143,"IG story",,Lifetime,20267,17150,55,4,15,1,16975,1,,
18075497216160512,17841407868310918,kan_news,"כאן חדשות",,0,"03/28/2026 05:41",https://www.instagram.com/stories/kan_news/3862800176582375313,"IG story",,Lifetime,21701,18321,32,1,9,7,19381,,,
17889921627331412,17841407868310918,kan_news,"כאן חדשות",,17,"03/27/2026 23:13",https://www.instagram.com/stories/kan_news/3862605008428210788,"IG story",,Lifetime,25999,21293,33,10,33,2,23604,,,
17994998339925358,17841407868310918,kan_news,"כאן חדשות",,15,"03/27/2026 10:10",https://www.instagram.com/stories/kan_news/3862210647014163902,"IG story",,Lifetime,19590,16708,118,1,13,4,18624,,,
17886955386463786,17841407868310918,kan_news,"כאן חדשות",,60,"03/27/2026 10:09",https://www.instagram.com/stories/kan_news/3862210409071296558,"IG story",,Lifetime,20081,17865,38,15,8,4,18690,,,
18014898449829388,17841407868310918,kan_news,"כאן חדשות",,13,"03/27/2026 10:09",https://www.instagram.com/stories/kan_news/3862210294709418718,"IG story",,Lifetime,23383,20012,47,29,31,3,19441,1,,
18417543298192626,17841407868310918,kan_news,"כאן חדשות",,33,"03/26/2026 15:09",https://www.instagram.com/stories/kan_news/3861636633552114760,"IG story",,Lifetime,25189,21216,94,3,31,3,22142,,,
17919647748124677,17841407868310918,kan_news,"כאן חדשות",,17,"03/26/2026 08:30",https://www.instagram.com/stories/kan_news/3861435674439850423,"IG story",,Lifetime,27051,22338,134,5,75,25,22409,,,
18004239557860867,17841407868310918,kan_news,"כאן חדשות",,50,"03/25/2026 12:40",https://www.instagram.com/stories/kan_news/3860836912185118035,"IG story",,Lifetime,15304,12424,50,0,28,3,13395,,,
17904395940390100,17841407868310918,kan_news,"כאן חדשות",,29,"03/25/2026 08:07",https://www.instagram.com/stories/kan_news/3860699436809344296,"IG story",,Lifetime,12402,10321,15,4,17,0,11001,,,
18013653404833494,17841407868310918,kan_news,"כאן חדשות",,22,"03/25/2026 04:32",https://www.instagram.com/stories/kan_news/3860591080999378541,"IG story",,Lifetime,12981,10741,19,7,15,11,11696,2,,
18092850677037305,17841407868310918,kan_news,"כאן חדשות",,25,"03/25/2026 01:31",https://www.instagram.com/stories/kan_news/3860499975473645286,"IG story",,Lifetime,11801,9064,23,4,10,9,11205,,,
18090157021906587,17841407868310918,kan_news,"כאן חדשות",,0,"03/25/2026 00:12",https://www.instagram.com/stories/kan_news/3860460302164464121,"IG story",,Lifetime,12165,9447,17,2,14,5,9933,1,,
18397940848150409,17841407868310918,kan_news,"כאן חדשות",,0,"03/24/2026 14:57",https://www.instagram.com/stories/kan_news/3860180954345822007,"IG story",,Lifetime,8937,7470,32,0,6,9,7804,,,
18029130422799189,17841407868310918,kan_news,"כאן חדשות",,29,"03/24/2026 14:23",https://www.instagram.com/stories/kan_news/3860163794374385324,"IG story",,Lifetime,8847,7730,32,1,12,3,7525,,,
18090535919132436,17841407868310918,kan_news,"כאן חדשות",,25,"03/24/2026 12:00",https://www.instagram.com/stories/kan_news/3860091876942168774,"IG story",,Lifetime,8716,7532,59,2,25,3,7758,1,,
18086648075193761,17841407868310918,kan_news,"כאן חדשות",,0,"03/24/2026 09:19",https://www.instagram.com/stories/kan_news/3860010635815477838,"IG story",,Lifetime,8673,7298,13,0,21,6,7275,1,,
18128450560563949,17841407868310918,kan_news,"כאן חדשות",,27,"03/24/2026 07:26",https://www.instagram.com/stories/kan_news/3859954142541921987,"IG story",,Lifetime,7760,6757,25,9,5,2,6717,,,
17926536501247847,17841407868310918,kan_news,"כאן חדשות",,40,"03/24/2026 07:26",https://www.instagram.com/stories/kan_news/3859953899574328319,"IG story",,Lifetime,8506,7130,19,7,8,3,8067,,,
17886516387352399,17841407868310918,kan_news,"כאן חדשות","""טיל נפל ליד הבית שלי, אז החלטתי לכתוב משהו טוב"" גם רוני קובן נפל לסטטיסטיקה,
הנה מה שיש לו לומר על זה",0,"03/24/2026 05:57",https://www.instagram.com/stories/kan_news/3859909140369513724,"IG story",,Lifetime,9510,7379,19,8,9,1,7779,,98,
18065196290331208,17841407868310918,kan_news,"כאן חדשות",,0,"03/24/2026 04:45",https://www.instagram.com/stories/kan_news/3859872865537158440,"IG story",,Lifetime,9465,7486,17,6,6,4,7920,,80,
17909923812181598,17841407868310918,kan_news,"כאן חדשות",❤️🐟,15,"03/24/2026 03:12",https://www.instagram.com/stories/kan_news/3859826159923628346,"IG story",,Lifetime,9052,7684,21,4,14,2,8312,,,
18427337038189560,17841407868310918,kan_news,"כאן חדשות",,28,"03/24/2026 01:21",https://www.instagram.com/stories/kan_news/3859770123661488139,"IG story",,Lifetime,9886,7984,24,11,11,0,8422,,,
18095455901096270,17841407868310918,kan_news,"כאן חדשות","הגודל 😯",0,"03/24/2026 00:47",https://www.instagram.com/stories/kan_news/3859753004584587986,"IG story",,Lifetime,10554,8460,18,16,22,2,8656,,,
18126508288585974,17841407868310918,kan_news,"כאן חדשות","ובינתיים בלבנון 🇱🇧",0,"03/23/2026 13:13",https://www.instagram.com/stories/kan_news/3859403803602359519,"IG story",,Lifetime,9431,7581,17,3,15,2,8047,,,
18120278344616805,17841407868310918,kan_news,"כאן חדשות","שרה בעניין? ההקלטה המלאה בפוסט",15,"03/23/2026 12:52",https://www.instagram.com/stories/kan_news/3859393621669359639,"IG story",,Lifetime,9243,7795,11,13,10,11,8739,,,
17959206062932976,17841407868310918,kan_news,"כאן חדשות",,60,"03/23/2026 11:07",https://www.instagram.com/stories/kan_news/3859340374745168481,"IG story",,Lifetime,9345,7965,15,63,18,5,8686,1,,
17879295192405621,17841407868310918,kan_news,"כאן חדשות",,60,"03/23/2026 09:18",https://www.instagram.com/stories/kan_news/3859285579812484439,"IG story",,Lifetime,9388,8029,35,1,8,8,8761,1,,
17941165872168324,17841407868310918,kan_news,"כאן חדשות",,0,"03/23/2026 05:45",https://www.instagram.com/stories/kan_news/3859178295572723135,"IG story",,Lifetime,9719,8220,12,8,14,0,8734,,,
18112915693667272,17841407868310918,kan_news,"כאן חדשות",,44,"03/23/2026 03:31",https://www.instagram.com/stories/kan_news/3859110956441410071,"IG story",,Lifetime,10038,8252,35,6,11,0,9055,,,
18084313856200750,17841407868310918,kan_news,"כאן חדשות",,0,"03/23/2026 03:28",https://www.instagram.com/stories/kan_news/3859109477831836811,"IG story",,Lifetime,11217,9002,15,12,25,5,9271,,62,
18170939305361744,17841407868310918,kan_news,"כאן חדשות",,9,"03/22/2026 14:16",https://www.instagram.com/stories/kan_news/3858710638713028437,"IG story",,Lifetime,9256,7409,12,2,15,2,6847,,,
18092640245277950,17841407868310918,kan_news,"כאן חדשות",🇪🇬🧐,15,"03/22/2026 13:01",https://www.instagram.com/stories/kan_news/3858673247776330109,"IG story",,Lifetime,9014,7150,19,1,9,1,8275,,,
18330581155301490,17841407868310918,kan_news,"כאן חדשות","התקרית בגבול הצפון
מקבלת תפנית כואבת?",0,"03/22/2026 11:19",https://www.instagram.com/stories/kan_news/3858621552190964443,"IG story",,Lifetime,8431,6920,14,2,5,3,7307,,,
17941609380173287,17841407868310918,kan_news,"כאן חדשות",,11,"03/22/2026 09:54",https://www.instagram.com/stories/kan_news/3858578698064258474,"IG story",,Lifetime,9531,7982,29,35,8,2,7057,,,
17929300344246749,17841407868310918,kan_news,"כאן חדשות",,18,"03/22/2026 08:42",https://www.instagram.com/stories/kan_news/3858542567901785327,"IG story",,Lifetime,7733,6931,28,1,3,5,6977,,,
18003804515716853,17841407868310918,kan_news,"כאן חדשות",,19,"03/22/2026 08:41",https://www.instagram.com/stories/kan_news/3858542250032243427,"IG story",,Lifetime,8515,7430,31,2,8,6,6968,,,
18088260254244414,17841407868310918,kan_news,"כאן חדשות",,44,"03/22/2026 08:25",https://www.instagram.com/stories/kan_news/3858534002143184702,"IG story",,Lifetime,8539,7515,47,34,25,5,7521,,,
17883365112378521,17841407868310918,kan_news,"כאן חדשות",,23,"03/22/2026 05:14",https://www.instagram.com/stories/kan_news/3858437967764952679,"IG story",,Lifetime,9220,8123,10,2,25,2,8293,,,
17854502730601574,17841407868310918,kan_news,"כאן חדשות",,17,"03/21/2026 13:48",https://www.instagram.com/stories/kan_news/3857971803943214141,"IG story",,Lifetime,11854,10128,13,9,37,2,10638,1,,
18094485737018801,17841407868310918,kan_news,"כאן חדשות",,34,"03/21/2026 10:48",https://www.instagram.com/stories/kan_news/3857881304083395880,"IG story",,Lifetime,12152,10138,11,26,9,2,11463,1,,
17869847601588346,17841407868310918,kan_news,"כאן חדשות",,15,"03/21/2026 09:52",https://www.instagram.com/stories/kan_news/3857853183766494768,"IG story",,Lifetime,12095,10286,11,8,6,0,11422,,,
18171908689399660,17841407868310918,kan_news,"כאן חדשות",,50,"03/21/2026 09:27",https://www.instagram.com/stories/kan_news/3857840611029874627,"IG story",,Lifetime,12064,10638,25,0,21,4,11288,1,,
18573318019007238,17841407868310918,kan_news,"כאן חדשות",,23,"03/21/2026 07:35",https://www.instagram.com/stories/kan_news/3857784367032224542,"IG story",,Lifetime,13649,11761,8,0,58,1,12110,1,,
18096457825997670,17841407868310918,kan_news,"כאן חדשות",,60,"03/20/2026 13:08",https://www.instagram.com/stories/kan_news/3857227040222793685,"IG story",,Lifetime,12464,9570,20,8,20,0,9943,1,,
18025598153796084,17841407868310918,kan_news,"כאן חדשות",,7,"03/20/2026 13:08",https://www.instagram.com/stories/kan_news/3857227005812728277,"IG story",,Lifetime,11551,9600,10,6,7,0,8762,,,
17870936115571079,17841407868310918,kan_news,"כאן חדשות",,16,"03/20/2026 13:08",https://www.instagram.com/stories/kan_news/3857226893942207583,"IG story",,Lifetime,12357,10355,41,2,19,2,9878,1,,
18103429742499597,17841407868310918,kan_news,"כאן חדשות",,19,"03/20/2026 09:30",https://www.instagram.com/stories/kan_news/3857117506502285288,"IG story",,Lifetime,10376,8542,18,18,13,0,8527,,,
18022290311813938,17841407868310918,kan_news,"כאן חדשות",,14,"03/20/2026 05:42",https://www.instagram.com/stories/kan_news/3857002330025260922,"IG story",,Lifetime,8523,7332,22,15,9,0,7263,,,
18098276203787959,17841407868310918,kan_news,"כאן חדשות",,29,"03/20/2026 03:53",https://www.instagram.com/stories/kan_news/3856947559260114605,"IG story",,Lifetime,8360,7076,19,1,7,1,7078,,,
17948003415124259,17841407868310918,kan_news,"כאן חדשות",,0,"03/20/2026 03:00",https://www.instagram.com/stories/kan_news/3856921085257868624,"IG story",,Lifetime,8445,7019,13,8,5,3,7614,,,
17939497848015552,17841407868310918,kan_news,"כאן חדשות",,30,"03/20/2026 03:00",https://www.instagram.com/stories/kan_news/3856920804566665737,"IG story",,Lifetime,8994,7564,39,3,10,7,7587,,,
18058886228407458,17841407868310918,kan_news,"כאן חדשות",,0,"03/20/2026 00:13",https://www.instagram.com/stories/kan_news/3856836865135136591,"IG story",,Lifetime,9339,7459,11,2,10,2,7833,,46,
18110137579749988,17841407868310918,kan_news,"כאן חדשות",,0,"03/19/2026 12:45",https://www.instagram.com/stories/kan_news/3856490645321577609,"IG story",,Lifetime,9570,7630,19,1,8,3,8098,,,
18135594694523179,17841407868310918,kan_news,"כאן חדשות",,15,"03/19/2026 12:28",https://www.instagram.com/stories/kan_news/3856482326523565021,"IG story",,Lifetime,9840,8089,11,2,16,4,8024,,,
17856962814626193,17841407868310918,kan_news,"כאן חדשות",,0,"03/19/2026 08:46",https://www.instagram.com/stories/kan_news/3856370190883375826,"IG story",,Lifetime,9425,7773,15,1,6,0,8349,,,
17922165141270648,17841407868310918,kan_news,"כאן חדשות",,30,"03/19/2026 07:13",https://www.instagram.com/stories/kan_news/3856323573895582166,"IG story",,Lifetime,9526,7788,35,0,6,4,9217,,,
18177455833379138,17841407868310918,kan_news,"כאן חדשות",,0,"03/19/2026 07:03",https://www.instagram.com/stories/kan_news/3856318511009919028,"IG story",,Lifetime,9757,7962,15,1,3,5,8341,,,
17903798568389274,17841407868310918,kan_news,"כאן חדשות",,25,"03/19/2026 07:03",https://www.instagram.com/stories/kan_news/3856318327660090988,"IG story",,Lifetime,9697,8247,59,4,2,12,9325,,,
18145653574488933,17841407868310918,kan_news,"כאן חדשות",,22,"03/19/2026 06:15",https://www.instagram.com/stories/kan_news/3856294542265434331,"IG story",,Lifetime,10939,8731,22,13,9,8,9858,,,
17874575844555285,17841407868310918,kan_news,"כאן חדשות","""לא ידענו על התקיפה
ולא היינו שותפים לה""",0,"03/18/2026 23:58",https://www.instagram.com/stories/kan_news/3856104584317638836,"IG story",,Lifetime,12766,9811,17,3,13,9,10148,,,
18006788696853862,17841407868310918,kan_news,"כאן חדשות",,32,"03/18/2026 23:03",https://www.instagram.com/stories/kan_news/3856077139124333678,"IG story",,Lifetime,12357,10155,38,1,17,8,11517,,,
18075169172153367,17841407868310918,kan_news,"כאן חדשות",,37,"03/18/2026 09:07",https://www.instagram.com/stories/kan_news/3855656301736669355,"IG story",,Lifetime,10777,9381,25,12,20,3,10041,,,
17928983061237267,17841407868310918,kan_news,"כאן חדשות",,34,"03/18/2026 09:07",https://www.instagram.com/stories/kan_news/3855656169523804787,"IG story",,Lifetime,11753,10131,22,1,23,3,10224,1,,
17858912169670673,17841407868310918,kan_news,"כאן חדשות",,32,"03/18/2026 00:27",https://www.instagram.com/stories/kan_news/3855394429888247810,"IG story",,Lifetime,10710,9082,15,2,15,0,9985,,,
18074840642548240,17841407868310918,kan_news,"כאן חדשות",,18,"03/17/2026 16:52",https://www.instagram.com/stories/kan_news/3855165529086148156,"IG story",,Lifetime,9993,8331,21,1,15,0,8640,,,
18061097630373209,17841407868310918,kan_news,"כאן חדשות",,17,"03/17/2026 14:28",https://www.instagram.com/stories/kan_news/3855092769680940444,"IG story",,Lifetime,10390,8531,10,0,14,1,9415,,,
18083695238600442,17841407868310918,kan_news,"כאן חדשות",,0,"03/17/2026 14:22",https://www.instagram.com/stories/kan_news/3855089892027695350,"IG story",,Lifetime,11365,9312,12,0,22,6,9591,,,
18123108727589724,17841407868310918,kan_news,"כאן חדשות","@davidovitchsharon 
@lianwildau 
@talberman",30,"03/17/2026 02:28",https://www.instagram.com/stories/kan_news/3854730720245342589,"IG story",,Lifetime,14189,11647,13,20,13,1,8974,,,
17996065643921567,17841407868310918,kan_news,"כאן חדשות",,0,"03/17/2026 01:55",https://www.instagram.com/stories/kan_news/3854714023383848002,"IG story",,Lifetime,9859,8230,17,0,6,5,9110,,,
18069511625259589,17841407868310918,kan_news,"כאן חדשות",,0,"03/17/2026 01:55",https://www.instagram.com/stories/kan_news/3854713836401734170,"IG story",,Lifetime,9860,8557,23,0,3,4,8813,,,
17930988867220556,17841407868310918,kan_news,"כאן חדשות",,38,"03/17/2026 01:07",https://www.instagram.com/stories/kan_news/3854689689357430367,"IG story",,Lifetime,9986,8714,16,5,7,4,9507,,,
18049363493509591,17841407868310918,kan_news,"כאן חדשות",,45,"03/17/2026 00:03",https://www.instagram.com/stories/kan_news/3854657368201793172,"IG story",,Lifetime,11316,9627,22,4,31,11,10522,2,,
18111923581669353,17841407868310918,kan_news,"כאן חדשות",,37,"03/16/2026 08:15",https://www.instagram.com/stories/kan_news/3854180529876425104,"IG story",,Lifetime,7850,6426,6,0,18,0,7406,,,
18145577428469321,17841407868310918,kan_news,"כאן חדשות",,38,"03/16/2026 04:43",https://www.instagram.com/stories/kan_news/3854074157973277045,"IG story",,Lifetime,9030,6960,38,0,9,1,8172,,,
18146332585467284,17841407868310918,kan_news,"כאן חדשות","כל התגובות ברשת 👇",0,"03/16/2026 04:43",https://www.instagram.com/stories/kan_news/3854073768381148786,"IG story",,Lifetime,9897,7303,18,0,5,0,7937,,,
18096412853082885,17841407868310918,kan_news,"כאן חדשות",,8,"03/16/2026 02:55",https://www.instagram.com/stories/kan_news/3854019472805464888,"IG story",,Lifetime,9028,7156,18,9,13,0,7151,,,
17871119784568608,17841407868310918,kan_news,"כאן חדשות","כנף ציון האיראני הותקף",0,"03/16/2026 02:20",https://www.instagram.com/stories/kan_news/3854001939591334922,"IG story",,Lifetime,9231,7441,18,0,12,2,8124,,,
18130264216549348,17841407868310918,kan_news,"כאן חדשות","יש מה לדאוג? הפרטים המלאים בפוסט",0,"03/16/2026 01:00",https://www.instagram.com/stories/kan_news/3853961491200016322,"IG story",,Lifetime,9581,7708,9,1,9,1,8050,1,,
18115851928656086,17841407868310918,kan_news,"כאן חדשות","מסכמים את האוסקר 🎥",15,"03/15/2026 22:57",https://www.instagram.com/stories/kan_news/3853899777939007094,"IG story",,Lifetime,9506,7449,13,1,17,1,8832,,,
18075295739432560,17841407868310918,kan_news,"כאן חדשות",,0,"03/15/2026 13:01",https://www.instagram.com/stories/kan_news/3853599718085127428,"IG story",,Lifetime,10297,7790,13,6,22,2,8473,1,,
18129995179552952,17841407868310918,kan_news,"כאן חדשות","למה כולם מדברים עכשיו
על מצר הורמוז? 👇",15,"03/15/2026 10:13",https://www.instagram.com/stories/kan_news/3853515298732915560,"IG story",,Lifetime,9652,7795,11,0,17,0,8917,,,
18189428533364547,17841407868310918,kan_news,"כאן חדשות",,38,"03/15/2026 06:48",https://www.instagram.com/stories/kan_news/3853412016412849295,"IG story",,Lifetime,9728,8077,31,1,8,4,8577,,,
18083183294210356,17841407868310918,kan_news,"כאן חדשות",,8,"03/15/2026 06:09",https://www.instagram.com/stories/kan_news/3853392091732397640,"IG story",,Lifetime,10305,8499,16,0,22,3,8283,2,,
18090270983126124,17841407868310918,kan_news,"כאן חדשות",💔,15,"03/15/2026 03:58",https://www.instagram.com/stories/kan_news/3853326307899371830,"IG story",,Lifetime,10695,8354,53,1,16,18,9846,,,
18095633807005788,17841407868310918,kan_news,"כאן חדשות",,0,"03/15/2026 01:19",https://www.instagram.com/stories/kan_news/3853246399630206708,"IG story",,Lifetime,11763,9055,11,1,19,5,10104,,,
18024502757799041,17841407868310918,kan_news,"כאן חדשות",,34,"03/14/2026 13:10",https://www.instagram.com/stories/kan_news/3852879447447495941,"IG story",,Lifetime,11635,9621,28,0,12,2,10262,,,
18080926748346719,17841407868310918,kan_news,"כאן חדשות",,60,"03/14/2026 12:46",https://www.instagram.com/stories/kan_news/3852867379981903212,"IG story",,Lifetime,12694,9996,23,1,27,2,10248,1,,
17879142090397713,17841407868310918,kan_news,"כאן חדשות",,0,"03/14/2026 09:00",https://www.instagram.com/stories/kan_news/3852753318938026628,"IG story",,Lifetime,15483,12519,16,1,19,6,13012,1,,
17966398232892282,17841407868310918,kan_news,"כאן חדשות",,0,"03/14/2026 06:58",https://www.instagram.com/stories/kan_news/3852691955104544775,"IG story",,Lifetime,17742,14098,15,3,17,1,15905,,,
17956761545934751,17841407868310918,kan_news,"כאן חדשות",,0,"03/14/2026 03:34",https://www.instagram.com/stories/kan_news/3852589263862501545,"IG story",,Lifetime,18285,14717,25,2,8,0,16218,1,,
17867897934496404,17841407868310918,kan_news,"כאן חדשות",,13,"03/14/2026 03:33",https://www.instagram.com/stories/kan_news/3852588870386505187,"IG story",,Lifetime,18515,15437,30,15,22,4,17402,1,,
18130418365558393,17841407868310918,kan_news,"כאן חדשות",,13,"03/14/2026 01:06",https://www.instagram.com/stories/kan_news/3852514706317248399,"IG story",,Lifetime,21709,17490,32,6,53,2,18950,,,
18081754796460455,17841407868310918,kan_news,"כאן חדשות",,12,"03/13/2026 07:25",https://www.instagram.com/stories/kan_news/3851980763432106409,"IG story",,Lifetime,11224,8683,17,22,16,0,9230,,,
,,,,,,,,,"An error occurred while computing metadata for content with ID 17929384038234302. An error occurred while computing metrics.",-,,,,,,,,,,
,,,,,,,,,"An error occurred while computing metadata for content with ID 18135545974513008. An error occurred while computing metrics.",-,,,,,,,,,,
,,,,,,,,,"An error occurred while computing metadata for content with ID 18039394487757017. An error occurred while computing metrics.",-,,,,,,,,,,
,,,,,,,,,"An error occurred while computing metadata for content with ID 18397892374197257. An error occurred while computing metrics.",-,,,,,,,,,,
17850854796642988,17841407868310918,kan_news,"כאן חדשות",💣,35,"03/13/2026 05:54",https://www.instagram.com/stories/kan_news/3851935334371828745,"IG story",,Lifetime,9327,8158,24,0,7,2,8785,,,
17934068841195498,17841407868310918,kan_news,"כאן חדשות",@kanmoreshet,0,"03/13/2026 05:41",https://www.instagram.com/stories/kan_news/3851928469529335944,"IG story",,Lifetime,9860,8285,10,3,8,0,9264,,,2
17926827861248329,17841407868310918,kan_news,"כאן חדשות","המלחמה גובה מחיר מארה""ב",0,"03/13/2026 04:08",https://www.instagram.com/stories/kan_news/3851881577017643038,"IG story",,Lifetime,10364,8734,23,0,4,6,8863,,,
17878949838530225,17841407868310918,kan_news,"כאן חדשות",,41,"03/13/2026 02:16",https://www.instagram.com/stories/kan_news/3851825519003844894,"IG story",,Lifetime,9382,7806,34,4,8,2,8485,,,
18020148773648198,17841407868310918,kan_news,"כאן חדשות","תיעוד בלעדי",5,"03/13/2026 01:38",https://www.instagram.com/stories/kan_news/3851806419913445237,"IG story",,Lifetime,9735,7908,11,0,5,2,7862,1,,
17986552697950790,17841407868310918,kan_news,"כאן חדשות",,0,"03/12/2026 23:31",https://www.instagram.com/stories/kan_news/3851742263956925012,"IG story",,Lifetime,8644,7089,14,1,7,1,7646,,,
18319494034264519,17841407868310918,kan_news,"כאן חדשות",,35,"03/12/2026 23:10",https://www.instagram.com/stories/kan_news/3851731596113749736,"IG story",,Lifetime,9094,7506,25,9,9,2,8455,,,
17998614794876704,17841407868310918,kan_news,"כאן חדשות",,60,"03/12/2026 14:39",https://www.instagram.com/stories/kan_news/3851474747254769812,"IG story",,Lifetime,7374,6115,18,5,23,1,6584,,,
18097717912943395,17841407868310918,kan_news,"כאן חדשות",,24,"03/12/2026 10:04",https://www.instagram.com/stories/kan_news/3851336287105738089,"IG story",,Lifetime,7436,6022,6,8,11,2,6483,,,
17899365126407681,17841407868310918,kan_news,"כאן חדשות",,5,"03/12/2026 10:04",https://www.instagram.com/stories/kan_news/3851336218252038444,"IG story",,Lifetime,7437,6036,10,0,10,0,5426,1,,
18566141686050499,17841407868310918,kan_news,"כאן חדשות",,34,"03/12/2026 09:17",https://www.instagram.com/stories/kan_news/3851312650164251451,"IG story",,Lifetime,7360,6286,7,2,16,1,6925,1,,
18125502373577705,17841407868310918,kan_news,"כאן חדשות",,0,"03/12/2026 03:18",https://www.instagram.com/stories/kan_news/3851131871199131909,"IG story",,Lifetime,8284,6448,9,0,15,0,7166,,,
18573485302027669,17841407868310918,kan_news,"כאן חדשות",,31,"03/12/2026 01:03",https://www.instagram.com/stories/kan_news/3851063703290145678,"IG story",,Lifetime,7571,6283,11,12,6,0,6305,,,
18565006603007614,17841407868310918,kan_news,"כאן חדשות",,36,"03/12/2026 00:55",https://www.instagram.com/stories/kan_news/3851059957575375164,"IG story",,Lifetime,8004,6717,33,2,8,0,7136,,,
18096317596953987,17841407868310918,kan_news,"כאן חדשות",,24,"03/11/2026 15:23",https://www.instagram.com/stories/kan_news/3850771961512913518,"IG story",,Lifetime,8038,6510,24,4,18,0,6202,,,
18054600827468355,17841407868310918,kan_news,"כאן חדשות","הסיפור המלא - בפוסט",15,"03/11/2026 13:50",https://www.instagram.com/stories/kan_news/3850725280662616866,"IG story",,Lifetime,7428,6215,13,4,7,2,6982,,,
18025046684798643,17841407868310918,kan_news,"כאן חדשות",❤️,21,"03/11/2026 12:48",https://www.instagram.com/stories/kan_news/3850694241378529606,"IG story",,Lifetime,7034,6134,29,6,8,0,6573,,,
18112589326680465,17841407868310918,kan_news,"כאן חדשות","ברית של עוצמה האזינו לקולות 🎧",11,"03/11/2026 12:20",https://www.instagram.com/stories/kan_news/3850680042946474643,"IG story",,Lifetime,7471,6335,36,3,11,2,6255,,,
17858193939655108,17841407868310918,kan_news,"כאן חדשות",,0,"03/11/2026 08:08",https://www.instagram.com/stories/kan_news/3850553097646691546,"IG story",,Lifetime,6765,5695,3,0,4,0,6251,,,
17923134339255909,17841407868310918,kan_news,"כאן חדשות",,0,"03/11/2026 06:27",https://www.instagram.com/stories/kan_news/3850501976144143141,"IG story",,Lifetime,7188,5842,13,2,9,0,6081,,,
18066893288650170,17841407868310918,kan_news,"כאן חדשות",,60,"03/11/2026 04:33",https://www.instagram.com/stories/kan_news/3850444986936131452,"IG story",,Lifetime,6743,5592,15,9,7,4,6060,,,
18095055854004428,17841407868310918,kan_news,"כאן חדשות",,60,"03/11/2026 04:33",https://www.instagram.com/stories/kan_news/3850444871575934039,"IG story",,Lifetime,6264,5487,11,2,1,1,6064,,,
18000447833887643,17841407868310918,kan_news,"כאן חדשות",,60,"03/11/2026 04:33",https://www.instagram.com/stories/kan_news/3850444827829401333,"IG story",,Lifetime,6423,5612,9,15,4,7,6019,,,
17946181674115014,17841407868310918,kan_news,"כאן חדשות",,48,"03/11/2026 04:33",https://www.instagram.com/stories/kan_news/3850444780408572123,"IG story",,Lifetime,6543,5842,9,22,7,3,5775,,,
18067977386273315,17841407868310918,kan_news,"כאן חדשות",,32,"03/10/2026 14:24",https://www.instagram.com/stories/kan_news/3850017698675339613,"IG story",,Lifetime,7890,7127,52,0,4,2,7051,,,
17939352678011823,17841407868310918,kan_news,"כאן חדשות",,23,"03/10/2026 14:24",https://www.instagram.com/stories/kan_news/3850017650440832598,"IG story",,Lifetime,8542,7533,36,1,17,3,7510,1,,
18157331803384408,17841407868310918,kan_news,"כאן חדשות",,60,"03/10/2026 11:50",https://www.instagram.com/stories/kan_news/3849940028964900077,"IG story",,Lifetime,8340,7194,45,1,12,5,7588,1,,
18094345357837216,17841407868310918,kan_news,"כאן חדשות","לזה התכוונו כשאמרו
שאהבה שורפת? 🤔",9,"03/10/2026 08:54",https://www.instagram.com/stories/kan_news/3849851225256383235,"IG story",,Lifetime,8629,7149,30,1,11,2,7038,,,
17999817053883684,17841407868310918,kan_news,"כאן חדשות","הערב במהדורת כאן חדשות:",42,"03/10/2026 08:46",https://www.instagram.com/stories/kan_news/3849849563330543404,"IG story",,Lifetime,9368,7855,12,2,14,0,8384,,,
17978298578822667,17841407868310918,kan_news,"כאן חדשות",,60,"03/10/2026 00:09",https://www.instagram.com/stories/kan_news/3849586956891767869,"IG story",,Lifetime,8923,7436,39,1,20,6,7876,1,,
17988484964942694,17841407868310918,kan_news,"כאן חדשות",,60,"03/09/2026 13:42",https://www.instagram.com/stories/kan_news/3849271494479885174,"IG story",,Lifetime,8445,6876,22,6,22,2,7352,1,,
18085363583258280,17841407868310918,kan_news,"כאן חדשות",,30,"03/09/2026 13:08",https://www.instagram.com/stories/kan_news/3849254305769104458,"IG story",,Lifetime,8472,7062,56,4,3,4,7447,,,
18222148045312924,17841407868310918,kan_news,"כאן חדשות","כבר נגמר?",0,"03/09/2026 12:45",https://www.instagram.com/stories/kan_news/3849242840932703161,"IG story",,Lifetime,8864,7056,20,11,7,1,8028,1,,
18040599128760123,17841407868310918,kan_news,"כאן חדשות","בלי אזעקה 😯",12,"03/09/2026 12:23",https://www.instagram.com/stories/kan_news/3849231848182028789,"IG story",,Lifetime,8572,6935,11,3,7,1,6814,,,
17993905679919444,17841407868310918,kan_news,"כאן חדשות","והביקורות לא איחרו להגיע - פרטים בתיאור",14,"03/09/2026 12:22",https://www.instagram.com/stories/kan_news/3849231363345627635,"IG story",,Lifetime,8806,7011,21,0,3,0,8096,,,
17882668374371163,17841407868310918,kan_news,"כאן חדשות","כל הפרטים על הדרמה באוסטרליה 👇",0,"03/09/2026 12:21",https://www.instagram.com/stories/kan_news/3849230936541635648,"IG story",,Lifetime,9002,7211,27,0,4,0,7540,,,
18072219827206632,17841407868310918,kan_news,"כאן חדשות",🇺🇸🇮🇱,15,"03/09/2026 12:21",https://www.instagram.com/stories/kan_news/3849230693112658218,"IG story",,Lifetime,8931,7470,83,5,12,3,8275,,,
18413902150121436,17841407868310918,kan_news,"כאן חדשות",,29,"03/09/2026 09:00",https://www.instagram.com/stories/kan_news/3849129569265317906,"IG story",,Lifetime,9258,7798,25,13,8,3,7346,,,
18317830999268377,17841407868310918,kan_news,"כאן חדשות",,35,"03/08/2026 14:56",https://www.instagram.com/stories/kan_news/3848584112269048500,"IG story",,Lifetime,11237,8996,11,6,11,2,10578,,,
18114717775631736,17841407868310918,kan_news,"כאן חדשות","אחרי ההערכה שבנו של חמינאי נפצע  בניסיון חיסול👇",0,"03/08/2026 14:46",https://www.instagram.com/stories/kan_news/3848578933016659303,"IG story",,Lifetime,12308,9461,8,14,15,2,10557,,,
18010950329681860,17841407868310918,kan_news,"כאן חדשות","בדרך ל""מודל תימן"" באיראן?",0,"03/08/2026 12:22",https://www.instagram.com/stories/kan_news/3848506540705373952,"IG story",,Lifetime,11480,8860,15,0,12,2,9526,,,
18042258683526600,17841407868310918,kan_news,"כאן חדשות","נפרדים המפקד המיתולוגי של טקס המשואות 🇮🇱",0,"03/08/2026 11:43",https://www.instagram.com/stories/kan_news/3848486835923847782,"IG story",,Lifetime,10791,8918,32,1,6,4,9680,1,,
18338324317209838,17841407868310918,kan_news,"כאן חדשות","ריכזנו עבורכם את כל מה שחשוב לדעת על מערכת החינוך לאור המצב  שלחו לחבר שנשאר מבולבל ⏪",0,"03/08/2026 10:41",https://www.instagram.com/stories/kan_news/3848455885030587231,"IG story",,Lifetime,11293,9216,13,0,11,1,10029,1,,
18080378810065184,17841407868310918,kan_news,"כאן חדשות",,0,"03/08/2026 06:16",https://www.instagram.com/stories/kan_news/3848322156366825975,"IG story",,Lifetime,10281,8782,34,0,8,8,9475,,,
17970328058865494,17841407868310918,kan_news,"כאן חדשות",,0,"03/08/2026 06:15",https://www.instagram.com/stories/kan_news/3848322036040597826,"IG story",,Lifetime,10851,9355,32,0,13,2,9604,,,
18038786573782558,17841407868310918,kan_news,"כאן חדשות",,29,"03/08/2026 01:22",https://www.instagram.com/stories/kan_news/3848204463248673197,"IG story",,Lifetime,10192,8902,24,7,15,3,9727,,,
18097473817945683,17841407868310918,kan_news,"כאן חדשות",,30,"03/07/2026 22:36",https://www.instagram.com/stories/kan_news/3848121162777398147,"IG story",,Lifetime,10855,9215,79,3,6,6,10121,,,
18383206564084580,17841407868310918,kan_news,"כאן חדשות",,0,"03/07/2026 17:55",https://www.instagram.com/stories/kan_news/3847979601586436939,"IG story",,Lifetime,11790,9654,26,1,12,2,10064,,,
17894938899421564,17841407868310918,kan_news,"כאן חדשות",,43,"03/07/2026 13:45",https://www.instagram.com/stories/kan_news/3847854515369934854,"IG story",,Lifetime,12694,9995,21,21,9,6,10960,1,,
18008527364838957,17841407868310918,kan_news,"כאן חדשות",,0,"03/07/2026 13:44",https://www.instagram.com/stories/kan_news/3847853198987667731,"IG story",,Lifetime,12274,10197,29,0,6,1,10410,,,
18097085173798256,17841407868310918,kan_news,"כאן חדשות","בירת איראן בוערת",51,"03/07/2026 12:26",https://www.instagram.com/stories/kan_news/3847813910631708354,"IG story",,Lifetime,11771,10194,26,0,11,1,11269,1,,
18570242071050240,17841407868310918,kan_news,"כאן חדשות","מפקד חיל האוויר השתתף בעצמו
בתקיפות חיל האוויר 👇",15,"03/07/2026 11:14",https://www.instagram.com/stories/kan_news/3847777908152227966,"IG story",,Lifetime,12521,10573,58,3,9,6,11884,2,,
18424700320188284,17841407868310918,kan_news,"כאן חדשות","תיעוד יוצא דופן
מהגליל המערבי",11,"03/07/2026 11:13",https://www.instagram.com/stories/kan_news/3847777278360713531,"IG story",,Lifetime,14245,11283,36,8,10,2,12593,,,
18064835867310784,17841407868310918,kan_news,"כאן חדשות",,0,"03/07/2026 02:49",https://www.instagram.com/stories/kan_news/3847523759678440032,"IG story",,Lifetime,16815,13746,24,0,26,2,15246,,,
18094463012511381,17841407868310918,kan_news,"כאן חדשות",,36,"03/07/2026 01:33",https://www.instagram.com/stories/kan_news/3847485248652883976,"IG story",,Lifetime,18463,14851,44,31,24,1,17079,1,,
18032021234789794,17841407868310918,kan_news,"כאן חדשות",,0,"03/06/2026 22:19",https://www.instagram.com/stories/kan_news/3847387829625867824,"IG story",,Lifetime,20425,16134,27,2,33,2,16869,2,,
18035728955575720,17841407868310918,kan_news,"כאן חדשות",,0,"03/06/2026 07:29",https://www.instagram.com/stories/kan_news/3846939491780679704,"IG story",,Lifetime,12712,10527,13,0,11,5,11450,,,
18057601727415008,17841407868310918,kan_news,"כאן חדשות",,0,"03/06/2026 07:28",https://www.instagram.com/stories/kan_news/3846939225727603847,"IG story",,Lifetime,13098,10880,18,3,3,1,11878,,,
17948553069109930,17841407868310918,kan_news,"כאן חדשות",,5,"03/06/2026 07:14",https://www.instagram.com/stories/kan_news/3846932265766644097,"IG story",,Lifetime,13425,11263,19,10,6,0,9045,,,
17934821736034750,17841407868310918,kan_news,"כאן חדשות",,32,"03/06/2026 07:14",https://www.instagram.com/stories/kan_news/3846932214109611264,"IG story",,Lifetime,14712,12265,57,4,30,3,13070,1,,
17860218354554028,17841407868310918,kan_news,"כאן חדשות",,16,"03/05/2026 13:34",https://www.instagram.com/stories/kan_news/3846398528301717641,"IG story",,Lifetime,10130,8385,18,28,19,1,8514,,,
17881890651377697,17841407868310918,kan_news,"כאן חדשות",,0,"03/05/2026 13:02",https://www.instagram.com/stories/kan_news/3846382761787153632,"IG story",,Lifetime,9743,8204,16,1,5,2,8688,,,
18129674638529026,17841407868310918,kan_news,"כאן חדשות",,12,"03/05/2026 12:53",https://www.instagram.com/stories/kan_news/3846378116058632478,"IG story",,Lifetime,9662,8437,15,2,4,2,7455,,,
18208795186326081,17841407868310918,kan_news,"כאן חדשות",,22,"03/05/2026 10:26",https://www.instagram.com/stories/kan_news/3846304183548518495,"IG story",,Lifetime,9808,8882,20,6,10,0,8241,,,
18075316202452819,17841407868310918,kan_news,"כאן חדשות",,21,"03/05/2026 09:13",https://www.instagram.com/stories/kan_news/3846267518503261336,"IG story",,Lifetime,10048,8970,30,0,12,2,9227,2,,
17876810154525116,17841407868310918,kan_news,"כאן חדשות",,31,"03/05/2026 08:13",https://www.instagram.com/stories/kan_news/3846237026215172619,"IG story",,Lifetime,10517,9175,28,2,15,5,9056,,,
17846163984675285,17841407868310918,kan_news,"כאן חדשות",,0,"03/05/2026 05:26",https://www.instagram.com/stories/kan_news/3846153006898923888,"IG story",,Lifetime,10406,8924,29,8,9,1,9273,,,
17856381333620076,17841407868310918,kan_news,"כאן חדשות",,16,"03/05/2026 05:26",https://www.instagram.com/stories/kan_news/3846152833875465690,"IG story",,Lifetime,10677,9295,31,0,9,1,9193,,,
18038362151545976,17841407868310918,kan_news,"כאן חדשות",,0,"03/05/2026 02:10",https://www.instagram.com/stories/kan_news/3846054598972420140,"IG story",,Lifetime,11455,9620,30,1,14,0,9687,,,
17913972120142285,17841407868310918,kan_news,"כאן חדשות",,35,"03/04/2026 22:07",https://www.instagram.com/stories/kan_news/3845932001915975507,"IG story",,Lifetime,11773,9959,59,3,16,11,10736,1,,
18115536466714781,17841407868310918,kan_news,"כאן חדשות",,0,"03/04/2026 13:51",https://www.instagram.com/stories/kan_news/3845682495177805305,"IG story",,Lifetime,11845,9513,28,1,8,3,10199,,,
18120571009596892,17841407868310918,kan_news,"כאן חדשות",,45,"03/04/2026 13:25",https://www.instagram.com/stories/kan_news/3845669333485395711,"IG story",,Lifetime,11461,9554,25,23,9,0,10069,,,
17858332434562838,17841407868310918,kan_news,"כאן חדשות",,19,"03/04/2026 12:51",https://www.instagram.com/stories/kan_news/3845652330028654287,"IG story",,Lifetime,11387,9479,15,11,15,7,9842,1,,
17865017376596548,17841407868310918,kan_news,"כאן חדשות",,24,"03/04/2026 10:36",https://www.instagram.com/stories/kan_news/3845584411798207486,"IG story",,Lifetime,10384,9041,14,19,8,0,9334,,,
17854920465673410,17841407868310918,kan_news,"כאן חדשות",,44,"03/04/2026 09:32",https://www.instagram.com/stories/kan_news/3845552147223708863,"IG story",,Lifetime,11109,9682,11,1,14,1,10337,1,,
18329965180223737,17841407868310918,kan_news,"כאן חדשות",,0,"03/04/2026 06:23",https://www.instagram.com/stories/kan_news/3845457071445273472,"IG story",,Lifetime,13658,10699,15,2,6,1,12157,,,
18431599534139664,17841407868310918,kan_news,"כאן חדשות",,0,"03/04/2026 06:23",https://www.instagram.com/stories/kan_news/3845456863768538516,"IG story",,Lifetime,13477,11093,28,0,6,1,11772,,,
17966701877882651,17841407868310918,kan_news,"כאן חדשות",,51,"03/04/2026 05:59",https://www.instagram.com/stories/kan_news/3845445119281077696,"IG story",,Lifetime,14805,12252,32,9,24,2,13248,,,
17975055966007933,17841407868310918,kan_news,"כאן חדשות",,5,"03/03/2026 12:55",https://www.instagram.com/stories/kan_news/3844929551247506722,"IG story",,Lifetime,18030,13024,32,2,34,2,11748,,,
18094043561080918,17841407868310918,kan_news,"כאן חדשות",,52,"03/03/2026 11:47",https://www.instagram.com/stories/kan_news/3844895250355236833,"IG story",,Lifetime,17549,13538,63,34,21,2,15267,1,,
18080651381620505,17841407868310918,kan_news,"כאן חדשות",,5,"03/03/2026 05:47",https://www.instagram.com/stories/kan_news/3844714170851428969,"IG story",,Lifetime,14522,11563,26,0,26,0,10727,1,,
17896569720263977,17841407868310918,kan_news,"כאן חדשות",,15,"03/03/2026 04:30",https://www.instagram.com/stories/kan_news/3844675430212830677,"IG story",,Lifetime,13490,11387,23,0,26,0,12629,,,
17876097405519642,17841407868310918,kan_news,"כאן חדשות",,0,"03/03/2026 00:19",https://www.instagram.com/stories/kan_news/3844548913227014745,"IG story",,Lifetime,14458,11488,26,1,27,3,12362,1,,
18058884881378340,17841407868310918,kan_news,"כאן חדשות",,0,"03/02/2026 21:58",https://www.instagram.com/stories/kan_news/3844477883754150731,"IG story",,Lifetime,14084,11728,17,0,43,0,11990,2,,
18193480255359050,17841407868310918,kan_news,"כאן חדשות",,0,"03/02/2026 10:51",https://www.instagram.com/stories/kan_news/3844142465321968598,"IG story",,Lifetime,11295,9809,13,0,30,0,10740,2,,26
18155438554452275,17841407868310918,kan_news,"כאן חדשות",,60,"03/02/2026 08:04",https://www.instagram.com/stories/kan_news/3844058455644225165,"IG story",,Lifetime,12933,10963,23,0,18,0,11749,1,,
17875583733534870,17841407868310918,kan_news,"כאן חדשות",,9,"03/02/2026 08:00",https://www.instagram.com/stories/kan_news/3844056441824620877,"IG story",,Lifetime,13184,11258,28,9,12,3,11113,,,
18090017624145585,17841407868310918,kan_news,"כאן חדשות",,30,"03/02/2026 08:00",https://www.instagram.com/stories/kan_news/3844056254985193576,"IG story",,Lifetime,14731,12069,44,1,32,2,13227,,,
18037293911777398,17841407868310918,kan_news,"כאן חדשות",,0,"03/02/2026 00:00",https://www.instagram.com/stories/kan_news/3843814526994753751,"IG story",,Lifetime,16479,12806,17,2,26,0,14622,,,
18103762156911333,17841407868310918,kan_news,"כאן חדשות",,0,"03/01/2026 22:49",https://www.instagram.com/stories/kan_news/3843778901247685630,"IG story",,Lifetime,16036,13492,25,0,30,1,14559,1,,
18037415171559636,17841407868310918,kan_news,"כאן חדשות","סיפורו של הטרוריסט מספר 1 👇",15,"03/01/2026 12:44",https://www.instagram.com/stories/kan_news/3843474491103702265,"IG story",,Lifetime,17174,13623,31,2,19,1,16073,,,
18408154969132758,17841407868310918,kan_news,"כאן חדשות",,0,"03/01/2026 12:15",https://www.instagram.com/stories/kan_news/3843459938798156197,"IG story",,Lifetime,17892,14642,29,0,26,0,15695,1,,
17911496043342049,17841407868310918,kan_news,"כאן חדשות",,23,"03/01/2026 04:43",https://www.instagram.com/stories/kan_news/3843232507705357681,"IG story",,Lifetime,18054,14122,14,8,26,1,16876,1,,
17898029577402294,17841407868310918,kan_news,"כאן חדשות",,36,"03/01/2026 03:47",https://www.instagram.com/stories/kan_news/3843204170970708815,"IG story",,Lifetime,17713,13771,21,0,21,10,16421,,,
18356696905201500,17841407868310918,kan_news,"כאן חדשות",,20,"03/01/2026 02:13",https://www.instagram.com/stories/kan_news/3843156554018912011,"IG story",,Lifetime,16385,13321,51,3,31,4,15561,1,,
18026807780795428,17841407868310918,kan_news,"כאן חדשות",,0,"03/01/2026 00:25",https://www.instagram.com/stories/kan_news/3843102484423964336,"IG story",,Lifetime,16021,13188,26,1,10,3,14579,,,
17955773207935120,17841407868310918,kan_news,"כאן חדשות",,38,"03/01/2026 00:01",https://www.instagram.com/stories/kan_news/3843090206572031656,"IG story",,Lifetime,16457,13689,108,11,21,7,14482,,,
17848600845661932,17841407868310918,kan_news,"כאן חדשות",,0,"02/28/2026 23:07",https://www.instagram.com/stories/kan_news/3843063081521546813,"IG story",,Lifetime,15906,13306,33,6,4,3,14091,,,
18101432065897022,17841407868310918,kan_news,"כאן חדשות",,8,"02/28/2026 22:08",https://www.instagram.com/stories/kan_news/3843033512911460767,"IG story",,Lifetime,15385,12918,19,0,7,3,13590,,,
18068910155234913,17841407868310918,kan_news,"כאן חדשות",,0,"02/28/2026 22:08",https://www.instagram.com/stories/kan_news/3843033413053472473,"IG story",,Lifetime,15628,13185,26,0,4,3,14498,1,,
18426952375140494,17841407868310918,kan_news,"כאן חדשות",,30,"02/28/2026 21:32",https://www.instagram.com/stories/kan_news/3843015161573198044,"IG story",,Lifetime,14750,12760,33,2,10,5,13972,,,
18109325398809113,17841407868310918,kan_news,"כאן חדשות",,25,"02/28/2026 21:31",https://www.instagram.com/stories/kan_news/3843015040684916867,"IG story",,Lifetime,15078,12911,60,0,7,3,14530,,,
18101094838909658,17841407868310918,kan_news,"כאן חדשות",,0,"02/28/2026 21:31",https://www.instagram.com/stories/kan_news/3843014922917291417,"IG story",,Lifetime,15978,13690,49,1,30,3,14815,1,,
18310939489259550,17841407868310918,kan_news,"כאן חדשות",,48,"02/28/2026 12:16",https://www.instagram.com/stories/kan_news/3842735334110666588,"IG story",,Lifetime,16172,13142,72,2,39,6,14710,1,,
17994356036917547,17841407868310918,kan_news,"כאן חדשות",,54,"02/28/2026 10:43",https://www.instagram.com/stories/kan_news/3842688843572770246,"IG story",,Lifetime,16385,13339,34,9,33,2,14567,2,,
18165922873405168,17841407868310918,kan_news,"כאן חדשות","מלחמת המזרח התיכון הראשונה? 🤔",7,"02/28/2026 07:51",https://www.instagram.com/stories/kan_news/3842602436757958971,"IG story",,Lifetime,17820,14165,39,0,23,0,15186,,,
18408954331131770,17841407868310918,kan_news,"כאן חדשות",,0,"02/28/2026 06:08",https://www.instagram.com/stories/kan_news/3842550109619491587,"IG story",,Lifetime,17613,14294,66,0,19,3,15069,,,
17908062969182737,17841407868310918,kan_news,"כאן חדשות",,39,"02/28/2026 05:40",https://www.instagram.com/stories/kan_news/3842536337420987985,"IG story",,Lifetime,17404,14604,132,11,23,1,16562,1,,
18053412380481688,17841407868310918,kan_news,"כאן חדשות",,14,"02/28/2026 03:31",https://www.instagram.com/stories/kan_news/3842471529829007310,"IG story",,Lifetime,17152,14352,65,5,12,2,15630,2,,
18099821584733217,17841407868310918,kan_news,"כאן חדשות",,11,"02/28/2026 02:48",https://www.instagram.com/stories/kan_news/3842449749856881263,"IG story",,Lifetime,17302,14283,29,9,14,1,14807,,,
18433212730118111,17841407868310918,kan_news,"כאן חדשות",,48,"02/28/2026 01:33",https://www.instagram.com/stories/kan_news/3842411800549320238,"IG story",,Lifetime,17382,14213,50,0,11,2,16146,1,,
18092109605080170,17841407868310918,kan_news,"כאן חדשות",,18,"02/28/2026 01:32",https://www.instagram.com/stories/kan_news/3842411489340329930,"IG story",,Lifetime,18072,14773,52,2,11,6,16286,1,,
18572380387011704,17841407868310918,kan_news,"כאן חדשות",,0,"02/27/2026 23:10",https://www.instagram.com/stories/kan_news/3842339888301220591,"IG story",,Lifetime,19133,14949,26,5,11,1,16979,2,,
17925850437238419,17841407868310918,kan_news,"כאן חדשות",,0,"02/27/2026 23:10",https://www.instagram.com/stories/kan_news/3842339818835192118,"IG story",,Lifetime,18024,15333,36,0,5,0,17079,2,,
18331001188168148,17841407868310918,kan_news,"כאן חדשות",,5,"02/27/2026 23:10",https://www.instagram.com/stories/kan_news/3842339753253071330,"IG story",,Lifetime,18717,15707,35,1,17,1,17000,,,
18095716781038654,17841407868310918,kan_news,"כאן חדשות",,0,"02/27/2026 23:08",https://www.instagram.com/stories/kan_news/3842339113353267993,"IG story",,Lifetime,21051,16702,37,0,32,2,18800,1,,
17999404304890285,17841407868310918,kan_news,"כאן חדשות",,0,"02/27/2026 10:23",https://www.instagram.com/stories/kan_news/3841953929906765130,"IG story",,Lifetime,17607,13708,26,2,36,1,15979,,,
18563709703046255,17841407868310918,kan_news,"כאן חדשות",,59,"02/27/2026 10:22",https://www.instagram.com/stories/kan_news/3841953526624462526,"IG story",,Lifetime,17340,14470,31,2,31,2,16166,,,
18038380178685728,17841407868310918,kan_news,"כאן חדשות","תיעוד קשה לצפייה ⚠️",32,"02/27/2026 05:42",https://www.instagram.com/stories/kan_news/3841812603445884948,"IG story",,Lifetime,14455,11794,18,5,17,11,13094,,,
18565616266028648,17841407868310918,kan_news,"כאן חדשות","הריאיון המלא - מחר בערב",26,"02/27/2026 04:53",https://www.instagram.com/stories/kan_news/3841788031535317097,"IG story",,Lifetime,15199,12557,20,4,12,1,13187,,,
17864464092510758,17841407868310918,kan_news,"כאן חדשות",,7,"02/27/2026 04:52",https://www.instagram.com/stories/kan_news/3841787378037580790,"IG story",,Lifetime,15707,12941,16,12,13,0,13526,,,
17862310716512222,17841407868310918,kan_news,"כאן חדשות",,20,"02/01/2026 05:20",https://www.instagram.com/stories/kan_news/3822957186091466409,"IG story",,Lifetime,8410,6760,10,20,3,4,7993,,,
18392712955199235,17841407868310918,kan_news,"כאן חדשות","ערימת ילדים עם הכדורגלן הגדול אי פעם?",6,"02/27/2026 04:50",https://www.instagram.com/stories/kan_news/3841786247630738372,"IG story",,Lifetime,16618,13627,15,0,11,0,13312,,,
17929472013054651,17841407868310918,kan_news,"כאן חדשות",❄️❄️❄️,7,"02/27/2026 04:48",https://www.instagram.com/stories/kan_news/3841785544589860626,"IG story",,Lifetime,18634,15224,44,35,47,2,15702,2,,
18073019381154658,17841407868310918,kan_news,"כאן חדשות",,60,"02/26/2026 10:34",https://www.instagram.com/stories/kan_news/3841234832105544380,"IG story",,Lifetime,15715,13130,95,6,27,19,14129,2,,
18433586884112153,17841407868310918,kan_news,"כאן חדשות",,49,"02/26/2026 05:30",https://www.instagram.com/stories/kan_news/3841081900986967654,"IG story",,Lifetime,15184,13477,6,1,8,0,14420,,,
17923153869085494,17841407868310918,kan_news,"כאן חדשות",,60,"02/26/2026 05:27",https://www.instagram.com/stories/kan_news/3841080180097604794,"IG story",,Lifetime,19077,15288,19,1,16,4,17258,,,
17972905431006205,17841407868310918,kan_news,"כאן חדשות",,4,"02/26/2026 05:26",https://www.instagram.com/stories/kan_news/3841079819353854372,"IG story",,Lifetime,22789,18441,17,4,26,1,12406,,,
18101837641715988,17841407868310918,kan_news,"כאן חדשות",,55,"02/25/2026 10:34",https://www.instagram.com/stories/kan_news/3840509972647679075,"IG story",,Lifetime,10896,9001,11,8,32,0,9205,,,
18336085342300150,17841407868310918,kan_news,"כאן חדשות",,60,"02/25/2026 01:48",https://www.instagram.com/stories/kan_news/3840244897265375009,"IG story",,Lifetime,10273,8108,19,1,24,1,9224,1,,
18089351837126715,17841407868310918,kan_news,"כאן חדשות",,0,"02/24/2026 23:47",https://www.instagram.com/stories/kan_news/3840184246060874961,"IG story",,Lifetime,9599,7991,8,0,5,1,8832,,,
18076516412624642,17841407868310918,kan_news,"כאן חדשות",,0,"02/24/2026 22:42",https://www.instagram.com/stories/kan_news/3840151275392133072,"IG story",,Lifetime,10081,8435,16,0,5,1,8789,,,
17991371834765664,17841407868310918,kan_news,"כאן חדשות",,40,"02/24/2026 11:24",https://www.instagram.com/stories/kan_news/3839810314304647574,"IG story",,Lifetime,8986,7278,16,0,8,0,8012,,,
18394039138195943,17841407868310918,kan_news,"כאן חדשות",,0,"02/24/2026 11:24",https://www.instagram.com/stories/kan_news/3839810025132582631,"IG story",,Lifetime,9256,7605,13,3,1,1,8101,,,
18002015906706915,17841407868310918,kan_news,"כאן חדשות",,60,"02/24/2026 11:23",https://www.instagram.com/stories/kan_news/3839809740037314906,"IG story",,Lifetime,9811,8060,25,0,10,1,8475,,,
18055161311448566,17841407868310918,kan_news,"כאן חדשות",,10,"02/24/2026 09:12",https://www.instagram.com/stories/kan_news/3839743920217159044,"IG story",,Lifetime,9934,8280,25,0,8,0,8304,,,
17962226853029555,17841407868310918,kan_news,"כאן חדשות",,26,"02/24/2026 06:47",https://www.instagram.com/stories/kan_news/3839670762512505972,"IG story",,Lifetime,10527,8608,12,1,6,1,8394,,,
18088246814333078,17841407868310918,kan_news,"כאן חדשות",,20,"02/24/2026 02:23",https://www.instagram.com/stories/kan_news/3839538095561304415,"IG story",,Lifetime,10947,8639,15,13,12,0,9868,,,
18076824068093096,17841407868310918,kan_news,"כאן חדשות",,12,"02/24/2026 01:09",https://www.instagram.com/stories/kan_news/3839500574131418438,"IG story",,Lifetime,11718,9186,25,23,17,12,10032,,,
18072093848402282,17841407868310918,kan_news,"כאן חדשות",,20,"02/23/2026 23:34",https://www.instagram.com/stories/kan_news/3839452736458508982,"IG story",,Lifetime,12397,9792,15,24,14,6,11485,,,
18211268050319465,17841407868310918,kan_news,"כאן חדשות",,23,"02/23/2026 11:32",https://www.instagram.com/stories/kan_news/3839089712358925297,"IG story",,Lifetime,14663,12018,18,2,27,1,12872,,,
17865223812580886,17841407868310918,kan_news,"כאן חדשות",,60,"02/22/2026 05:57",https://www.instagram.com/stories/kan_news/3838196106219656621,"IG story",,Lifetime,12147,10013,46,3,19,1,10984,,,
18168140566402930,17841407868310918,kan_news,"כאן חדשות",,28,"02/22/2026 04:37",https://www.instagram.com/stories/kan_news/3838155917774457595,"IG story",,Lifetime,11340,9693,19,1,11,1,10904,1,,
18083588954224506,17841407868310918,kan_news,"כאן חדשות",,49,"02/22/2026 04:36",https://www.instagram.com/stories/kan_news/3838155450537396642,"IG story",,Lifetime,11810,9910,12,9,11,0,11244,,,
18007009853835834,17841407868310918,kan_news,"כאן חדשות",,0,"02/22/2026 00:12",https://www.instagram.com/stories/kan_news/3838022410402179904,"IG story",,Lifetime,16785,13149,14,3,12,2,13931,,,
18106669807694000,17841407868310918,kan_news,"כאן חדשות",,30,"02/21/2026 14:14",https://www.instagram.com/stories/kan_news/3837721329310813936,"IG story",,Lifetime,22221,17161,38,9,39,12,18238,,,
18095742901784725,17841407868310918,kan_news,"כאן חדשות",,15,"02/21/2026 06:55",https://www.instagram.com/stories/kan_news/3837500457824203165,"IG story",,Lifetime,26064,19007,90,1,67,2,23709,2,,
18054296186445094,17841407868310918,kan_news,"כאן חדשות",,49,"02/20/2026 03:47",https://www.instagram.com/stories/kan_news/3836681306234854309,"IG story",,Lifetime,7869,6774,10,3,41,1,6934,,,
17931996864195101,17841407868310918,kan_news,"כאן חדשות",,43,"02/19/2026 05:21",https://www.instagram.com/stories/kan_news/3836003892836062410,"IG story",,Lifetime,13175,10485,12,31,24,3,11204,,,
17892899439280610,17841407868310918,kan_news,"כאן חדשות",,33,"02/19/2026 04:37",https://www.instagram.com/stories/kan_news/3835981770097064313,"IG story",,Lifetime,14155,11346,11,5,18,1,11984,,,
18300887719279887,17841407868310918,kan_news,"כאן חדשות",,0,"02/18/2026 23:23",https://www.instagram.com/stories/kan_news/3835823610484892133,"IG story",,Lifetime,13260,10257,6,4,21,0,10372,,,
18095992766483240,17841407868310918,kan_news,"כאן חדשות",,46,"02/18/2026 12:14",https://www.instagram.com/stories/kan_news/3835486877054591954,"IG story",,Lifetime,8661,6745,6,2,9,2,7939,,,
17869089015555860,17841407868310918,kan_news,"כאן חדשות",,0,"02/18/2026 11:24",https://www.instagram.com/stories/kan_news/3835461569563783757,"IG story",,Lifetime,9503,7233,7,17,21,0,7862,1,,
17854248846586811,17841407868310918,kan_news,"כאן חדשות",,45,"02/18/2026 08:57",https://www.instagram.com/stories/kan_news/3835387441448116577,"IG story",,Lifetime,8396,6800,32,18,6,4,6840,,,
18099462827508325,17841407868310918,kan_news,"כאן חדשות",,49,"02/18/2026 08:57",https://www.instagram.com/stories/kan_news/3835387403112186011,"IG story",,Lifetime,8412,6948,20,9,7,7,7697,,,
18086495827919856,17841407868310918,kan_news,"כאן חדשות",,21,"02/18/2026 08:05",https://www.instagram.com/stories/kan_news/3835361672432866731,"IG story",,Lifetime,8828,7189,66,2,9,9,7367,,,
17901273915222066,17841407868310918,kan_news,"כאן חדשות",,49,"02/18/2026 08:05",https://www.instagram.com/stories/kan_news/3835361602748718217,"IG story",,Lifetime,9240,7195,39,0,1,2,8577,,,
17946699357101285,17841407868310918,kan_news,"כאן חדשות",,4,"02/18/2026 08:05",https://www.instagram.com/stories/kan_news/3835361540673005701,"IG story",,Lifetime,9269,7289,7,8,,2,6694,,,
18088685417107782,17841407868310918,kan_news,"כאן חדשות",,30,"02/18/2026 08:05",https://www.instagram.com/stories/kan_news/3835361431327516136,"IG story",,Lifetime,9201,7457,45,5,2,2,7932,,,
18128909092473862,17841407868310918,kan_news,"כאן חדשות",,15,"02/18/2026 08:05",https://www.instagram.com/stories/kan_news/3835361408451763332,"IG story",,Lifetime,9622,7593,40,0,12,8,8205,,,
17977914257988363,17841407868310918,kan_news,"כאן חדשות",,0,"02/18/2026 08:04",https://www.instagram.com/stories/kan_news/3835361074291562938,"IG story",,Lifetime,9582,7984,16,4,2,2,8221,,,
18087569228336339,17841407868310918,kan_news,"כאן חדשות",,36,"02/18/2026 08:04",https://www.instagram.com/stories/kan_news/3835360847891419504,"IG story",,Lifetime,10862,9097,114,3,33,6,9202,,,
18074882108571078,17841407868310918,kan_news,"כאן חדשות",,0,"02/17/2026 11:44",https://www.instagram.com/stories/kan_news/3834746876897433634,"IG story",,Lifetime,11336,8647,18,1,16,0,9346,1,,
18154298944434302,17841407868310918,kan_news,"כאן חדשות",,60,"02/17/2026 11:43",https://www.instagram.com/stories/kan_news/3834746216999213199,"IG story",,Lifetime,11691,9311,168,7,12,9,10619,,,
18096355595317845,17841407868310918,kan_news,"כאן חדשות",,0,"02/17/2026 09:07",https://www.instagram.com/stories/kan_news/3834667766527474606,"IG story",,Lifetime,12511,9321,11,3,4,1,10697,,,
18564845014042807,17841407868310918,kan_news,"כאן חדשות",,4,"02/17/2026 09:06",https://www.instagram.com/stories/kan_news/3834667517041879116,"IG story",,Lifetime,13301,10161,10,7,9,9,9447,,,
18079703774360640,17841407868310918,kan_news,"כאן חדשות",,0,"02/17/2026 04:17",https://www.instagram.com/stories/kan_news/3834521695914490771,"IG story",,Lifetime,9545,7586,8,5,10,3,8394,,,
18116373907624936,17841407868310918,kan_news,"כאן חדשות",,30,"02/17/2026 04:16",https://www.instagram.com/stories/kan_news/3834521415231657493,"IG story",,Lifetime,10416,8131,33,3,9,4,9215,,,
18058877978364167,17841407868310918,kan_news,"כאן חדשות",,0,"02/17/2026 04:16",https://www.instagram.com/stories/kan_news/3834521342460448984,"IG story",,Lifetime,11698,9195,12,5,19,1,9048,,,
17875406913502293,17841407868310918,kan_news,"כאן חדשות",,15,"02/16/2026 11:43",https://www.instagram.com/stories/kan_news/3834021672416087447,"IG story",,Lifetime,7460,6316,39,0,6,3,7114,1,,
18036088571561879,17841407868310918,kan_news,"כאן חדשות",,0,"02/16/2026 11:09",https://www.instagram.com/stories/kan_news/3834004328264378972,"IG story",,Lifetime,7669,6332,18,0,7,6,6735,,,
18107930071683930,17841407868310918,kan_news,"כאן חדשות",,20,"02/16/2026 10:30",https://www.instagram.com/stories/kan_news/3833984798267938306,"IG story",,Lifetime,7777,6355,25,3,6,5,7361,,,
18073742738138711,17841407868310918,kan_news,"כאן חדשות",,0,"02/16/2026 08:06",https://www.instagram.com/stories/kan_news/3833912536886029533,"IG story",,Lifetime,8036,6316,31,0,11,2,6910,,,
18109517647665895,17841407868310918,kan_news,"כאן חדשות",,0,"02/16/2026 06:45",https://www.instagram.com/stories/kan_news/3833871704850052331,"IG story",,Lifetime,7639,6264,11,0,5,3,6321,,,
17928483978057517,17841407868310918,kan_news,"כאן חדשות",,30,"02/16/2026 05:51",https://www.instagram.com/stories/kan_news/3833844612557047911,"IG story",,Lifetime,7223,6315,97,7,4,6,6137,,,
18055242800437241,17841407868310918,kan_news,"כאן חדשות",,47,"02/16/2026 05:51",https://www.instagram.com/stories/kan_news/3833844518655004391,"IG story",,Lifetime,7693,6522,85,4,2,3,6937,,,
18087611954270659,17841407868310918,kan_news,"כאן חדשות",,0,"02/16/2026 04:11",https://www.instagram.com/stories/kan_news/3833794055020673997,"IG story",,Lifetime,7928,6481,9,0,8,2,6554,1,,
17929598271197766,17841407868310918,kan_news,"כאן חדשות",,0,"02/16/2026 01:56",https://www.instagram.com/stories/kan_news/3833726237386399184,"IG story",,Lifetime,7427,6366,42,1,16,2,6836,1,,
18558159754014264,17841407868310918,kan_news,"כאן חדשות",,0,"02/15/2026 21:53",https://www.instagram.com/stories/kan_news/3833604038411351729,"IG story",,Lifetime,7320,6431,45,0,2,1,6790,,,
17987816408942080,17841407868310918,kan_news,"כאן חדשות",,14,"02/15/2026 20:59",https://www.instagram.com/stories/kan_news/3833576492831531186,"IG story",,Lifetime,8015,7001,82,1,3,2,6767,,,
18036388385764240,17841407868310918,kan_news,"כאן חדשות",,39,"02/15/2026 12:49",https://www.instagram.com/stories/kan_news/3833330229967986519,"IG story",,Lifetime,8424,7102,14,17,13,5,6895,,,
18079362914605788,17841407868310918,kan_news,"כאן חדשות",,60,"02/15/2026 11:00",https://www.instagram.com/stories/kan_news/3833275150804073844,"IG story",,Lifetime,8657,7027,42,3,8,9,7849,,,
17915667006279343,17841407868310918,kan_news,"כאן חדשות",,0,"02/15/2026 08:45",https://www.instagram.com/stories/kan_news/3833207065363489351,"IG story",,Lifetime,9156,7223,18,0,5,0,7907,,,
18101362085507571,17841407868310918,kan_news,"כאן חדשות",,0,"02/15/2026 08:44",https://www.instagram.com/stories/kan_news/3833206841463203311,"IG story",,Lifetime,9080,7485,35,0,5,0,7623,,,
17936472747169926,17841407868310918,kan_news,"כאן חדשות",,14,"02/15/2026 06:39",https://www.instagram.com/stories/kan_news/3833143817004012817,"IG story",,Lifetime,8995,7254,16,3,7,3,7719,,,
18103284019891216,17841407868310918,kan_news,"כאן חדשות",,0,"02/15/2026 05:54",https://www.instagram.com/stories/kan_news/3833121413884177066,"IG story",,Lifetime,9650,7398,8,1,8,2,8325,,,
18358680817202452,17841407868310918,kan_news,"כאן חדשות",,0,"02/15/2026 05:19",https://www.instagram.com/stories/kan_news/3833103350182865362,"IG story",,Lifetime,9240,7573,13,4,10,4,8283,,,
18179758627373606,17841407868310918,kan_news,"כאן חדשות",,39,"02/15/2026 05:16",https://www.instagram.com/stories/kan_news/3833102139757066283,"IG story",,Lifetime,10756,8711,21,16,12,7,9081,1,,
18089992153892454,17841407868310918,kan_news,"כאן חדשות",,0,"02/15/2026 01:54",https://www.instagram.com/stories/kan_news/3833000401116996719,"IG story",,Lifetime,11329,8921,12,6,10,1,10198,,,
18118172092611532,17841407868310918,kan_news,"כאן חדשות",,0,"02/15/2026 00:52",https://www.instagram.com/stories/kan_news/3832969059725627966,"IG story",,Lifetime,11936,9672,11,4,9,1,10584,,,
18349592377227634,17841407868310918,kan_news,"כאן חדשות",,0,"02/14/2026 23:25",https://www.instagram.com/stories/kan_news/3832925591812884178,"IG story",,Lifetime,14133,11170,14,5,28,0,11286,,,
18065568068280320,17841407868310918,kan_news,"כאן חדשות",,45,"02/14/2026 02:53",https://www.instagram.com/stories/kan_news/3832305391606307805,"IG story",,Lifetime,18083,14655,67,9,15,3,16238,,,
18204659464325556,17841407868310918,kan_news,"כאן חדשות",,21,"02/14/2026 02:53",https://www.instagram.com/stories/kan_news/3832305296051685093,"IG story",,Lifetime,19379,16161,21,13,23,3,18064,,,
18113187940643772,17841407868310918,kan_news,"כאן חדשות",,46,"02/13/2026 11:31",https://www.instagram.com/stories/kan_news/3831841405920228837,"IG story",,Lifetime,22304,19015,129,10,24,28,18543,,,
18074353826530789,17841407868310918,kan_news,"כאן חדשות",,45,"02/12/2026 12:33",https://www.instagram.com/stories/kan_news/3831147744073018543,"IG story",,Lifetime,9161,7765,20,2,14,4,8003,,,
17866222152485119,17841407868310918,kan_news,"כאן חדשות",,25,"02/12/2026 11:52",https://www.instagram.com/stories/kan_news/3831126775438702487,"IG story",,Lifetime,8721,7284,19,6,4,5,7633,,,
17934794865175021,17841407868310918,kan_news,"כאן חדשות",,14,"02/12/2026 11:44",https://www.instagram.com/stories/kan_news/3831123239195798417,"IG story",,Lifetime,9346,7362,8,1,3,0,7898,,,
18119492902526046,17841407868310918,kan_news,"כאן חדשות",,0,"02/12/2026 11:44",https://www.instagram.com/stories/kan_news/3831122980809889018,"IG story",,Lifetime,9616,8004,10,1,5,1,7666,,,
17992982123749678,17841407868310918,kan_news,"כאן חדשות",,55,"02/12/2026 08:51",https://www.instagram.com/stories/kan_news/3831035785180782459,"IG story",,Lifetime,7159,6235,8,3,5,0,6534,,,
18031564661591192,17841407868310918,kan_news,"כאן חדשות",@nathanguttman,23,"02/12/2026 07:43",https://www.instagram.com/stories/kan_news/3831002052859975823,"IG story",,Lifetime,7574,6574,14,11,7,0,6436,,,19
17955577098054743,17841407868310918,kan_news,"כאן חדשות",,60,"02/12/2026 06:20",https://www.instagram.com/stories/kan_news/3830959751760613618,"IG story",,Lifetime,8578,6880,32,2,13,4,7774,,,
18091995983320866,17841407868310918,kan_news,"כאן חדשות",,0,"02/12/2026 04:45",https://www.instagram.com/stories/kan_news/3830912158414300882,"IG story",,Lifetime,9612,7218,29,11,9,4,7710,,,
18160927939412940,17841407868310918,kan_news,"כאן חדשות",,15,"02/12/2026 01:46",https://www.instagram.com/stories/kan_news/3830821870391920093,"IG story",,Lifetime,9675,7126,7,0,11,2,9012,,,
18087512522126736,17841407868310918,kan_news,"כאן חדשות",,0,"02/12/2026 01:46",https://www.instagram.com/stories/kan_news/3830821802133835293,"IG story",,Lifetime,9599,7730,9,4,8,0,8329,,,
18052571069476089,17841407868310918,kan_news,"כאן חדשות",,0,"02/11/2026 22:29",https://www.instagram.com/stories/kan_news/3830722826407693210,"IG story",,Lifetime,10816,8888,11,0,24,5,9680,1,,
17954339916073719,17841407868310918,kan_news,"כאן חדשות",,36,"02/11/2026 06:33",https://www.instagram.com/stories/kan_news/3830241569349441610,"IG story",,Lifetime,10646,8509,7,9,14,2,10094,,,
17975818412825704,17841407868310918,kan_news,"כאן חדשות",,15,"02/11/2026 04:19",https://www.instagram.com/stories/kan_news/3830174480928497964,"IG story",,Lifetime,11844,9050,5,2,4,0,9566,,221,
17953903598933503,17841407868310918,kan_news,"כאן חדשות",,0,"02/11/2026 00:35",https://www.instagram.com/stories/kan_news/3830061399464383245,"IG story",,Lifetime,10430,8139,4,7,8,0,8778,,,
18086454095328945,17841407868310918,kan_news,"כאן חדשות",,30,"02/10/2026 22:42",https://www.instagram.com/stories/kan_news/3830004591727109150,"IG story",,Lifetime,9564,7844,6,1,8,0,8953,,,
18104334325828093,17841407868310918,kan_news,"כאן חדשות",,43,"02/10/2026 12:09",https://www.instagram.com/stories/kan_news/3829685897939575882,"IG story",,Lifetime,6573,5736,14,0,5,2,6024,,,
18087210539153609,17841407868310918,kan_news,"כאן חדשות",,0,"02/10/2026 08:49",https://www.instagram.com/stories/kan_news/3829585429695478938,"IG story",,Lifetime,6935,5565,21,0,6,2,5997,,,
17850734109632366,17841407868310918,kan_news,"כאן חדשות",,0,"02/10/2026 08:05",https://www.instagram.com/stories/kan_news/3829563190925204178,"IG story",,Lifetime,7392,5841,6,1,3,0,6316,,,
18119122861587433,17841407868310918,kan_news,"כאן חדשות",,0,"02/10/2026 08:05",https://www.instagram.com/stories/kan_news/3829563136105688141,"IG story",,Lifetime,7528,6114,6,0,9,1,6544,,,
18347794864224938,17841407868310918,kan_news,"כאן חדשות",,56,"02/10/2026 03:27",https://www.instagram.com/stories/kan_news/3829423322513412531,"IG story",,Lifetime,6701,5550,5,0,5,0,6434,,,
18507746101073900,17841407868310918,kan_news,"כאן חדשות",,0,"02/10/2026 02:41",https://www.instagram.com/stories/kan_news/3829400214960265316,"IG story",,Lifetime,7828,6069,14,2,8,0,6374,,,
17851749003670459,17841407868310918,kan_news,"כאן חדשות",,0,"02/10/2026 00:50",https://www.instagram.com/stories/kan_news/3829344397196165964,"IG story",,Lifetime,7546,5939,7,0,15,0,6194,,,
17956491665917482,17841407868310918,kan_news,"כאן חדשות",,36,"02/09/2026 23:16",https://www.instagram.com/stories/kan_news/3829296739702153536,"IG story",,Lifetime,7496,6244,25,2,10,1,6283,1,,
18379036159083469,17841407868310918,kan_news,"כאן חדשות",,24,"02/09/2026 08:30",https://www.instagram.com/stories/kan_news/3828850893944686418,"IG story",,Lifetime,16646,12644,21,23,15,2,5693,,,
18086661050163782,17841407868310918,kan_news,"כאן חדשות",,44,"02/09/2026 08:26",https://www.instagram.com/stories/kan_news/3828849240717803875,"IG story",,Lifetime,6929,5811,18,36,5,1,6487,,,
18095788040496081,17841407868310918,kan_news,"כאן חדשות",,12,"02/09/2026 06:21",https://www.instagram.com/stories/kan_news/3828786183895411889,"IG story",,Lifetime,6100,4806,8,9,6,2,5731,,,
18144777943466620,17841407868310918,kan_news,"כאן חדשות",,19,"02/09/2026 06:21",https://www.instagram.com/stories/kan_news/3828786098021250437,"IG story",,Lifetime,6269,5271,9,0,1,1,5875,,,
18069383984545498,17841407868310918,kan_news,"כאן חדשות",,46,"02/09/2026 06:21",https://www.instagram.com/stories/kan_news/3828786006409275258,"IG story",,Lifetime,6370,5370,18,1,4,4,5857,,,
18125428738543935,17841407868310918,kan_news,"כאן חדשות","זרחוביץ מגיע לשכונה שלנו הפרק המלא  ביוטיוב >>",17,"02/09/2026 06:16",https://www.instagram.com/stories/kan_news/3828783794450730842,"IG story",,Lifetime,7716,6561,13,1,22,0,6208,,,
17932500534032315,17841407868310918,kan_news,"כאן חדשות","הערב ב-20:00 במהדורת כאן חדשות",23,"02/08/2026 07:49",https://www.instagram.com/stories/kan_news/3828105667156263530,"IG story",,Lifetime,10177,8515,4,4,20,0,8948,,,
17844143853677936,17841407868310918,kan_news,"כאן חדשות",,45,"02/08/2026 07:18",https://www.instagram.com/stories/kan_news/3828089844119273836,"IG story",,Lifetime,11153,9155,11,4,17,1,9636,,,
18042528266737880,17841407868310918,kan_news,"כאן חדשות",,0,"02/08/2026 02:36",https://www.instagram.com/stories/kan_news/3827948204117353145,"IG story",,Lifetime,10248,8207,5,0,22,0,9298,,,
18072723992625636,17841407868310918,kan_news,"כאן חדשות",,60,"02/07/2026 11:10",https://www.instagram.com/stories/kan_news/3827481803527189013,"IG story",,Lifetime,13962,10910,22,1,24,1,11609,,,
17858302104546578,17841407868310918,kan_news,"כאן חדשות",,60,"02/07/2026 11:02",https://www.instagram.com/stories/kan_news/3827477907111034183,"IG story",,Lifetime,15240,12026,43,1,17,8,13442,,,
18071450408540076,17841407868310918,kan_news,"כאן חדשות",,0,"02/07/2026 05:59",https://www.instagram.com/stories/kan_news/3827325482228185197,"IG story",,Lifetime,22458,17188,20,7,34,3,18002,1,,
17867856069556737,17841407868310918,kan_news,"כאן חדשות",,5,"02/06/2026 07:10",https://www.instagram.com/stories/kan_news/3826636464674998812,"IG story",,Lifetime,16212,12815,6,17,18,2,12495,,,
18087182423516041,17841407868310918,kan_news,"כאן חדשות",,37,"02/06/2026 02:38",https://www.instagram.com/stories/kan_news/3826499650437968068,"IG story",,Lifetime,14730,12415,16,4,20,0,12662,,,
17964293345881468,17841407868310918,kan_news,"כאן חדשות",,15,"02/05/2026 09:25",https://www.instagram.com/stories/kan_news/3825979703920066186,"IG story",,Lifetime,12961,9992,17,0,22,0,10505,,,
18154026229432293,17841407868310918,kan_news,"כאן חדשות",,44,"02/05/2026 09:23",https://www.instagram.com/stories/kan_news/3825978595667481431,"IG story",,Lifetime,18737,13902,19,4,6,0,11258,,,
18086078180128670,17841407868310918,kan_news,"כאן חדשות",,0,"02/05/2026 07:59",https://www.instagram.com/stories/kan_news/3825936060224005646,"IG story",,Lifetime,11664,9469,8,0,5,1,9693,1,,
18040049618528137,17841407868310918,kan_news,"כאן חדשות",,54,"02/05/2026 06:51",https://www.instagram.com/stories/kan_news/3825902101637253804,"IG story",,Lifetime,10583,9100,30,1,9,3,9275,,,
17926611678209011,17841407868310918,kan_news,"כאן חדשות",,34,"02/05/2026 05:54",https://www.instagram.com/stories/kan_news/3825873304946872532,"IG story",,Lifetime,10622,8826,12,1,9,0,8552,,,
18176898721373373,17841407868310918,kan_news,"כאן חדשות",,8,"02/04/2026 23:09",https://www.instagram.com/stories/kan_news/3825669784171882860,"IG story",,Lifetime,11590,9273,10,3,14,4,8873,,65,
18064498622640064,17841407868310918,kan_news,"כאן חדשות",,43,"02/04/2026 12:10",https://www.instagram.com/stories/kan_news/3825337826770327253,"IG story",,Lifetime,9727,8075,9,1,18,3,8695,,,
18052990457465214,17841407868310918,kan_news,"כאן חדשות",,0,"02/04/2026 06:38",https://www.instagram.com/stories/kan_news/3825170528776383061,"IG story",,Lifetime,16664,13604,22,1,16,3,12997,1,,
17866601271558501,17841407868310918,kan_news,"כאן חדשות",,12,"02/03/2026 07:48",https://www.instagram.com/stories/kan_news/3824481372047846988,"IG story",,Lifetime,16677,14019,9,4,32,5,13581,,,
18035159375768276,17841407868310918,kan_news,"כאן חדשות",,48,"02/03/2026 07:48",https://www.instagram.com/stories/kan_news/3824481328720650014,"IG story",,Lifetime,18943,15563,10,6,27,12,16915,,,
18552787747064000,17841407868310918,kan_news,"כאן חדשות",,0,"02/02/2026 09:03",https://www.instagram.com/stories/kan_news/3823794109433433555,"IG story",,Lifetime,17585,12419,63,1,15,2,14741,,,
17931770739035671,17841407868310918,kan_news,"כאן חדשות",,0,"02/02/2026 07:19",https://www.instagram.com/stories/kan_news/3823742010397971148,"IG story",,Lifetime,17866,13601,14,0,24,2,13696,2,,
18105328096695224,17841407868310918,kan_news,"כאן חדשות",,0,"02/01/2026 11:35",https://www.instagram.com/stories/kan_news/3823145747495444246,"IG story",,Lifetime,9957,7752,11,2,7,1,8827,,,
18382945414155270,17841407868310918,kan_news,"כאן חדשות",,0,"02/01/2026 09:40",https://www.instagram.com/stories/kan_news/3823088150507610808,"IG story",,Lifetime,9140,7563,25,0,3,4,7784,,,
18080388011021472,17841407868310918,kan_news,"כאן חדשות",,54,"02/01/2026 09:40",https://www.instagram.com/stories/kan_news/3823088008849143151,"IG story",,Lifetime,9567,8096,52,4,8,9,8614,,,
18083193836138967,17841407868310918,kan_news,"כאן חדשות",,28,"01/01/2026 04:15",https://www.instagram.com/stories/kan_news/3800456505623461304,"IG story",,Lifetime,12941,11163,62,5,17,1,11883,1,
18082864859231448,17841407868310918,kan_news,"כאן חדשות",,0,"02/01/2026 05:16",https://www.instagram.com/stories/kan_news/3822955414501367058,"IG story",,Lifetime,8466,7127,15,0,1,2,7535,,
17851446153666682,17841407868310918,kan_news,"כאן חדשות",,15,"02/01/2026 03:27",https://www.instagram.com/stories/kan_news/3822900446738158496,"IG story",,Lifetime,8314,6648,12,1,6,3,7986,,
18105691441776105,17841407868310918,kan_news,"כאן חדשות",,0,"02/01/2026 03:27",https://www.instagram.com/stories/kan_news/3822900206647772339,"IG story",,Lifetime,8505,6904,11,2,3,2,7221,,
18054986009409076,17841407868310918,kan_news,"כאן חדשות",,52,"02/01/2026 02:29",https://www.instagram.com/stories/kan_news/3822871276746334933,"IG story",,Lifetime,9029,7472,18,6,1,2,8078,,
18556884544045575,17841407868310918,kan_news,"כאן חדשות",,20,"02/01/2026 02:17",https://www.instagram.com/stories/kan_news/3822865301574447832,"IG story",,Lifetime,9182,7613,15,1,11,3,8584,,
18412452766185625,17841407868310918,kan_news,"כאן חדשות",,15,"01/31/2026 23:06",https://www.instagram.com/stories/kan_news/3822769149227230843,"IG story",,Lifetime,10677,8993,22,6,29,4,9670,1,
18058366724339742,17841407868310918,kan_news,"כאן חדשות",,60,"01/29/2026 09:57",https://www.instagram.com/stories/kan_news/3820922445913793843,"IG story",,Lifetime,10114,7930,53,7,20,6,9299,,
18004553009835834,17841407868310918,kan_news,"כאן חדשות",,59,"01/29/2026 09:55",https://www.instagram.com/stories/kan_news/3820921558868830128,"IG story",,Lifetime,13926,10562,39,30,19,1,9768,2,
17924031888219054,17841407868310918,kan_news,"כאן חדשות",,52,"01/29/2026 07:58",https://www.instagram.com/stories/kan_news/3820862507036330772,"IG story",,Lifetime,9122,7778,15,5,8,4,8207,,
18105920017776145,17841407868310918,kan_news,"כאן חדשות",,43,"01/29/2026 07:57",https://www.instagram.com/stories/kan_news/3820861880491234548,"IG story",,Lifetime,8958,7780,35,1,7,8,7993,,
18201364183329042,17841407868310918,kan_news,"כאן חדשות",,53,"01/29/2026 07:57",https://www.instagram.com/stories/kan_news/3820861754594986884,"IG story",,Lifetime,10462,8795,103,6,26,9,9278,2,
18252783334292194,17841407868310918,kan_news,"כאן חדשות",,0,"01/28/2026 07:38",https://www.instagram.com/stories/kan_news/3820127715474981856,"IG story",,Lifetime,9863,7731,10,0,12,0,8281,,
18118107901588720,17841407868310918,kan_news,"כאן חדשות",,50,"01/28/2026 07:01",https://www.instagram.com/stories/kan_news/3820109189192249815,"IG story",,Lifetime,9261,7786,106,2,12,2,7832,,
18076210892366088,17841407868310918,kan_news,"כאן חדשות",,60,"01/28/2026 06:02",https://www.instagram.com/stories/kan_news/3820079382756783333,"IG story",,Lifetime,8329,7027,117,4,4,8,7650,,
18105283120761744,17841407868310918,kan_news,"כאן חדשות",,45,"01/28/2026 05:05",https://www.instagram.com/stories/kan_news/3820050568098014561,"IG story",,Lifetime,8647,7251,43,2,4,13,7577,,
17897210655385392,17841407868310918,kan_news,"כאן חדשות",,45,"01/28/2026 04:37",https://www.instagram.com/stories/kan_news/3820036554718584345,"IG story",,Lifetime,8387,7239,68,2,2,8,7436,,
17885267640440102,17841407868310918,kan_news,"כאן חדשות",,27,"01/28/2026 00:46",https://www.instagram.com/stories/kan_news/3819920299265265275,"IG story",,Lifetime,8255,7085,67,0,4,9,7652,,
18090611506830947,17841407868310918,kan_news,"כאן חדשות",,38,"01/28/2026 00:09",https://www.instagram.com/stories/kan_news/3819901690849659162,"IG story",,Lifetime,8858,7626,20,3,1,5,8339,,
18198380230337490,17841407868310918,kan_news,"כאן חדשות",,49,"01/27/2026 23:08",https://www.instagram.com/stories/kan_news/3819870980499766919,"IG story",,Lifetime,10397,8387,39,2,24,7,8795,1,
18093120088794790,17841407868310918,kan_news,"כאן חדשות",,60,"01/27/2026 08:55",https://www.instagram.com/stories/kan_news/3819441458201662697,"IG story",,Lifetime,9698,7313,38,10,13,1,9101,,
17953665870003542,17841407868310918,kan_news,"כאן חדשות",,3,"01/27/2026 08:25",https://www.instagram.com/stories/kan_news/3819426290298179591,"IG story",,Lifetime,9961,7923,6,9,13,2,7894,,18
17889466356421265,17841407868310918,kan_news,"כאן חדשות",,60,"01/27/2026 02:23",https://www.instagram.com/stories/kan_news/3819244010803961185,"IG story",,Lifetime,10150,8600,53,2,18,0,9025,,
18054645836693235,17841407868310918,kan_news,"כאן חדשות",,41,"01/26/2026 13:02",https://www.instagram.com/stories/kan_news/3818841237562213557,"IG story",,Lifetime,6722,5897,66,0,10,4,6358,,
17977945385969891,17841407868310918,kan_news,"כאן חדשות",,35,"01/26/2026 12:53",https://www.instagram.com/stories/kan_news/3818836686272603905,"IG story",,Lifetime,7087,6329,14,0,11,6,6473,,
18098224117909573,17841407868310918,kan_news,"כאן חדשות",,58,"01/26/2026 09:04",https://www.instagram.com/stories/kan_news/3818724452141816181,"IG story",,Lifetime,8441,7264,103,4,6,4,7886,,
18091436635960539,17841407868310918,kan_news,"כאן חדשות",,15,"01/26/2026 08:40",https://www.instagram.com/stories/kan_news/3818709210401792146,"IG story",,Lifetime,8508,7444,104,0,7,2,7130,,
18052351463450410,17841407868310918,kan_news,"כאן חדשות",,23,"01/26/2026 08:29",https://www.instagram.com/stories/kan_news/3818703520517994378,"IG story",,Lifetime,9384,7994,130,4,11,7,8211,,
17934905244015732,17841407868310918,kan_news,"כאן חדשות","סוף סוף ❤️",0,"01/26/2026 07:06",https://www.instagram.com/stories/kan_news/3818662025832353165,"IG story",,Lifetime,10059,8130,96,6,14,2,9170,,
18166967323403812,17841407868310918,kan_news,"כאן חדשות","מרד נעורים 🤔?",0,"01/26/2026 03:40",https://www.instagram.com/stories/kan_news/3818558327756088365,"IG story",,Lifetime,12250,9182,18,6,18,1,9970,,
17863316484570159,17841407868310918,kan_news,"כאן חדשות",,46,"01/25/2026 12:30",https://www.instagram.com/stories/kan_news/3818100280516599398,"IG story",,Lifetime,12301,9252,14,34,24,3,10265,,
18440511838100349,17841407868310918,kan_news,"כאן חדשות",,0,"01/25/2026 09:41",https://www.instagram.com/stories/kan_news/3818015026850228846,"IG story",,Lifetime,10534,8418,32,0,16,3,9510,,
18508827727074339,17841407868310918,kan_news,"כאן חדשות",,20,"01/25/2026 07:41",https://www.instagram.com/stories/kan_news/3817954813707219359,"IG story",,Lifetime,10419,8332,9,0,14,1,9737,,
18169362583384184,17841407868310918,kan_news,"כאן חדשות",,15,"01/25/2026 06:24",https://www.instagram.com/stories/kan_news/3817915931133397510,"IG story",,Lifetime,10569,8399,9,1,10,0,9946,,
18103812829773115,17841407868310918,kan_news,"כאן חדשות",,0,"01/25/2026 04:02",https://www.instagram.com/stories/kan_news/3817844342710736197,"IG story",,Lifetime,11357,8721,6,1,12,0,9461,,231
18095903422901637,17841407868310918,kan_news,"כאן חדשות",,27,"01/25/2026 01:32",https://www.instagram.com/stories/kan_news/3817768966605823491,"IG story",,Lifetime,12659,9643,15,90,21,1,11059,2,
18073000463105873,17841407868310918,kan_news,"כאן חדשות",,0,"01/24/2026 12:35",https://www.instagram.com/stories/kan_news/3817378109003593475,"IG story",,Lifetime,13883,10012,9,0,11,2,11558,,
18066868133214727,17841407868310918,kan_news,"כאן חדשות",,60,"01/24/2026 12:35",https://www.instagram.com/stories/kan_news/3817377708581727529,"IG story",,Lifetime,14118,10678,26,7,17,2,11456,,
18119165932509652,17841407868310918,kan_news,"כאן חדשות",,0,"01/24/2026 07:04",https://www.instagram.com/stories/kan_news/3817211276065642412,"IG story",,Lifetime,15521,12310,12,1,9,2,14092,,
18091895566967609,17841407868310918,kan_news,"כאן חדשות",,0,"01/24/2026 04:19",https://www.instagram.com/stories/kan_news/3817128065260211764,"IG story",,Lifetime,16608,13182,10,1,8,1,13663,,
18079533227211912,17841407868310918,kan_news,"כאן חדשות",,41,"01/24/2026 03:52",https://www.instagram.com/stories/kan_news/3817114861255713876,"IG story",,Lifetime,18248,15049,29,0,36,6,15319,3,
18050190293694264,17841407868310918,kan_news,"כאן חדשות",,2,"01/23/2026 00:49",https://www.instagram.com/stories/kan_news/3816297603033899151,"IG story",,Lifetime,21924,14718,15,1,38,1,12380,,86
18078679808017999,17841407868310918,kan_news,"כאן חדשות",,29,"01/22/2026 13:34",https://www.instagram.com/stories/kan_news/3815958204299501549,"IG story",,Lifetime,11392,9132,50,5,14,2,10341,,
18188182486350570,17841407868310918,kan_news,"כאן חדשות",,0,"01/22/2026 11:36",https://www.instagram.com/stories/kan_news/3815898758521193553,"IG story",,Lifetime,10949,8832,6,20,13,2,9094,,
18500765773073204,17841407868310918,kan_news,"כאן חדשות",,59,"01/22/2026 08:33",https://www.instagram.com/stories/kan_news/3815806500232899086,"IG story",,Lifetime,10435,8640,20,8,13,10,8861,,
17870757960516339,17841407868310918,kan_news,"כאן חדשות",,60,"01/22/2026 08:09",https://www.instagram.com/stories/kan_news/3815794402845163810,"IG story",,Lifetime,11366,9205,38,0,13,8,9777,,
18093577301484372,17841407868310918,kan_news,"כאן חדשות",,24,"01/22/2026 04:32",https://www.instagram.com/stories/kan_news/3815685289544919995,"IG story",,Lifetime,11910,9934,8,2,28,2,10162,,
18419612215143831,17841407868310918,kan_news,"כאן חדשות",,7,"01/21/2026 07:40",https://www.instagram.com/stories/kan_news/3815055305017064843,"IG story",,Lifetime,14483,11729,12,0,25,2,11234,,
17950985231940588,17841407868310918,kan_news,"כאן חדשות",,27,"01/21/2026 06:49",https://www.instagram.com/stories/kan_news/3815029467743674948,"IG story",,Lifetime,14531,12080,47,0,14,0,13633,,
17957173137048246,17841407868310918,kan_news,"כאן חדשות",,19,"01/21/2026 06:34",https://www.instagram.com/stories/kan_news/3815021997134630335,"IG story",,Lifetime,17821,13696,25,9,33,7,13710,,
18104871454793746,17841407868310918,kan_news,"כאן חדשות",,29,"01/20/2026 02:34",https://www.instagram.com/stories/kan_news/3814176272591494535,"IG story",,Lifetime,15675,12832,9,4,46,0,13795,,
17977777391799008,17841407868310918,kan_news,"כאן חדשות",,20,"01/20/2026 02:00",https://www.instagram.com/stories/kan_news/3814159536311387535,"IG story",,Lifetime,17500,14283,12,3,31,5,14135,1,78
18070113164146910,17841407868310918,kan_news,"כאן חדשות",💔,0,"01/19/2026 09:15",https://www.instagram.com/stories/kan_news/3813653415796563820,"IG story",,Lifetime,14086,10540,20,3,25,2,11888,,
18035529158534163,17841407868310918,kan_news,"כאן חדשות",,0,"01/19/2026 04:21",https://www.instagram.com/stories/kan_news/3813505578634987342,"IG story",,Lifetime,14967,11325,3,1,10,0,13346,,
18132243490453664,17841407868310918,kan_news,"כאן חדשות",,0,"01/19/2026 04:21",https://www.instagram.com/stories/kan_news/3813505398414116767,"IG story",,Lifetime,15644,12287,4,0,10,0,13916,,
18090695770825952,17841407868310918,kan_news,"כאן חדשות",,0,"01/19/2026 00:04",https://www.instagram.com/stories/kan_news/3813375914688037471,"IG story",,Lifetime,18403,14749,10,1,42,2,15231,,
17951451425937102,17841407868310918,kan_news,"כאן חדשות",,23,"01/16/2026 01:26",https://www.instagram.com/stories/kan_news/3811243186425331580,"IG story",,Lifetime,12268,10113,17,9,11,4,11293,,
18086085938037540,17841407868310918,kan_news,"כאן חדשות",,30,"01/15/2026 22:54",https://www.instagram.com/stories/kan_news/3811166745738258712,"IG story",,Lifetime,10810,8638,24,1,9,4,9955,,
17938207182130204,17841407868310918,kan_news,"כאן חדשות",,0,"01/15/2026 13:02",https://www.instagram.com/stories/kan_news/3810868463388494271,"IG story",,Lifetime,8157,6484,10,0,5,0,6577,1,26
18406396309193225,17841407868310918,kan_news,"כאן חדשות",,40,"01/15/2026 12:26",https://www.instagram.com/stories/kan_news/3810850195038675478,"IG story",,Lifetime,7417,6475,13,0,4,0,6744,,
17958538502902381,17841407868310918,kan_news,"כאן חדשות",,60,"01/15/2026 11:43",https://www.instagram.com/stories/kan_news/3810828967380945538,"IG story",,Lifetime,7667,6565,38,0,3,3,6995,,
17874556413473375,17841407868310918,kan_news,"כאן חדשות",,41,"01/15/2026 11:25",https://www.instagram.com/stories/kan_news/3810819462358295320,"IG story",,Lifetime,8164,6823,23,1,1,0,7072,,
18159999172414686,17841407868310918,kan_news,"כאן חדשות",,0,"01/15/2026 10:16",https://www.instagram.com/stories/kan_news/3810785142348381049,"IG story",,Lifetime,8581,6927,15,5,2,0,7395,,54
18104000761812977,17841407868310918,kan_news,"כאן חדשות",,30,"01/15/2026 09:54",https://www.instagram.com/stories/kan_news/3810774162365127400,"IG story",,Lifetime,8237,7186,29,0,5,3,7917,,
18295112995302299,17841407868310918,kan_news,"כאן חדשות",,13,"01/15/2026 09:54",https://www.instagram.com/stories/kan_news/3810773821141706584,"IG story",,Lifetime,8574,7663,47,0,4,1,7467,,
18327420445169502,17841407868310918,kan_news,"כאן חדשות",,35,"01/15/2026 06:51",https://www.instagram.com/stories/kan_news/3810681880580369764,"IG story",,Lifetime,9649,8382,43,0,6,4,8898,,
18074992151077601,17841407868310918,kan_news,"כאן חדשות",,50,"01/15/2026 06:23",https://www.instagram.com/stories/kan_news/3810667861278621173,"IG story",,Lifetime,11920,9680,43,14,14,6,10038,1,
18198894694332046,17841407868310918,kan_news,"כאן חדשות","לכתבה המלאה",0,"01/15/2026 00:12",https://www.instagram.com/stories/kan_news/3810480871044204667,"IG story",,Lifetime,17069,13276,11,0,38,1,13746,1,126
17932358280177459,17841407868310918,kan_news,"כאן חדשות",,60,"01/13/2026 08:04",https://www.instagram.com/stories/kan_news/3809269235495095564,"IG story",,Lifetime,20672,10928,33,14,59,1,18383,,
18544737034013604,17841407868310918,kan_news,"כאן חדשות",,50,"01/13/2026 02:39",https://www.instagram.com/stories/kan_news/3809105451220636904,"IG story",,Lifetime,14553,9122,20,4,15,0,13965,1,
18108265570679942,17841407868310918,kan_news,"כאן חדשות",,20,"01/13/2026 02:22",https://www.instagram.com/stories/kan_news/3809096951883014734,"IG story",,Lifetime,15541,9470,15,3,7,1,14611,,
18085915939890522,17841407868310918,kan_news,"כאן חדשות",,0,"01/13/2026 01:33",https://www.instagram.com/stories/kan_news/3809072346367663775,"IG story",,Lifetime,15521,9719,14,1,14,1,13224,1,
18109406311649949,17841407868310918,kan_news,"כאן חדשות",,15,"01/12/2026 23:00",https://www.instagram.com/stories/kan_news/3808995409947411047,"IG story",,Lifetime,16262,10036,21,3,18,1,15190,,
18077162072255336,17841407868310918,kan_news,"כאן חדשות","וינה, אנחנו בדרך ✨ ישראל תשתתף בחצי הגמר הראשון של האירוויזיון, אז מה זה אומר על סיכויי ההעפלה לגמר - ומי ככל הנראה יהיו המתחרות העיקריות שלנו?",53,"01/12/2026 12:54",https://www.instagram.com/stories/kan_news/3808690025869223517,"IG story",,Lifetime,17223,11991,17,1,25,2,15485,3,
18360241066204989,17841407868310918,kan_news,"כאן חדשות",,36,"01/12/2026 08:25",https://www.instagram.com/stories/kan_news/3808554962569573699,"IG story",,Lifetime,18160,15384,50,14,18,2,16192,,
18105941092675900,17841407868310918,kan_news,"כאן חדשות",,19,"01/12/2026 08:24",https://www.instagram.com/stories/kan_news/3808554302126044627,"IG story",,Lifetime,20912,17607,188,13,40,9,16586,,
17907635745313536,17841407868310918,kan_news,"כאן חדשות",,0,"01/11/2026 02:37",https://www.instagram.com/stories/kan_news/3807654871784651059,"IG story",,Lifetime,16508,12184,15,7,11,1,14646,,
17984014304941891,17841407868310918,kan_news,"כאן חדשות",,0,"01/11/2026 02:37",https://www.instagram.com/stories/kan_news/3807654670852305762,"IG story",,Lifetime,17449,14000,17,1,25,3,14802,,
18068695901451399,17841407868310918,kan_news,"כאן חדשות",,0,"01/10/2026 06:51",https://www.instagram.com/stories/kan_news/3807058087941163456,"IG story",,Lifetime,13659,10526,14,8,19,0,11342,1,
18344923303227928,17841407868310918,kan_news,"כאן חדשות",,51,"01/10/2026 04:38",https://www.instagram.com/stories/kan_news/3806991141413511231,"IG story",,Lifetime,11829,9711,76,1,5,5,10725,,
18087290107867260,17841407868310918,kan_news,"כאן חדשות",,0,"01/10/2026 04:38",https://www.instagram.com/stories/kan_news/3806991112112108178,"IG story",,Lifetime,12058,9887,13,1,7,4,11064,,
18087128467877667,17841407868310918,kan_news,"כאן חדשות",,29,"01/10/2026 03:46",https://www.instagram.com/stories/kan_news/3806964993400950830,"IG story",,Lifetime,12635,10179,20,0,16,3,12081,,
17846254296636269,17841407868310918,kan_news,"כאן חדשות",,0,"01/10/2026 02:06",https://www.instagram.com/stories/kan_news/3806914269434484283,"IG story",,Lifetime,15343,11923,11,0,24,1,12239,1,253
18094760950742252,17841407868310918,kan_news,"כאן חדשות",,0,"01/09/2026 07:23",https://www.instagram.com/stories/kan_news/3806349441984806241,"IG story",,Lifetime,12734,10242,7,6,28,3,10715,1,66
18087848387516693,17841407868310918,kan_news,"כאן חדשות",,15,"01/09/2026 00:51",https://www.instagram.com/stories/kan_news/3806152096349290812,"IG story",,Lifetime,14121,11270,10,1,21,0,12856,1,
18090627605314845,17841407868310918,kan_news,"כאן חדשות",,0,"01/08/2026 12:51",https://www.instagram.com/stories/kan_news/3805789361522485339,"IG story",,Lifetime,14834,11159,25,0,10,0,13693,1,
18151003132382004,17841407868310918,kan_news,"כאן חדשות",,0,"01/08/2026 06:54",https://www.instagram.com/stories/kan_news/3805609871802558021,"IG story",,Lifetime,14080,10778,24,9,6,0,11162,1,101
17974986317978026,17841407868310918,kan_news,"כאן חדשות",,30,"01/08/2026 05:53",https://www.instagram.com/stories/kan_news/3805578959748486643,"IG story",,Lifetime,12740,10923,25,19,9,2,11171,,
18080701358269555,17841407868310918,kan_news,"כאן חדשות",,20,"01/08/2026 01:53",https://www.instagram.com/stories/kan_news/3805458529595349601,"IG story",,Lifetime,9915,8658,59,1,13,4,9253,,
18099851884887012,17841407868310918,kan_news,"כאן חדשות",,15,"01/08/2026 00:37",https://www.instagram.com/stories/kan_news/3805420346178449630,"IG story",,Lifetime,8896,7511,46,1,12,2,8468,,
17921102646216186,17841407868310918,kan_news,"כאן חדשות",@hadasgrinberg,36,"01/08/2026 00:28",https://www.instagram.com/stories/kan_news/3805415973322945829,"IG story",,Lifetime,9983,8356,25,38,10,4,8849,,
18380388034158666,17841407868310918,kan_news,"כאן חדשות",,44,"01/07/2026 22:26",https://www.instagram.com/stories/kan_news/3805354095896827594,"IG story",,Lifetime,8965,7483,22,1,23,5,7829,,
18103389349698793,17841407868310918,kan_news,"כאן חדשות",,51,"01/06/2026 12:34",https://www.instagram.com/stories/kan_news/3804331268141922650,"IG story",,Lifetime,13252,10438,93,23,20,9,11299,,
17938495995108419,17841407868310918,kan_news,"כאן חדשות",,26,"01/06/2026 10:37",https://www.instagram.com/stories/kan_news/3804272762835623775,"IG story",,Lifetime,11638,9583,18,4,14,2,9898,,
18024700883606385,17841407868310918,kan_news,"כאן חדשות",,15,"01/06/2026 09:34",https://www.instagram.com/stories/kan_news/3804240699453533415,"IG story",,Lifetime,12336,9780,11,0,7,1,11427,,
18387236788196063,17841407868310918,kan_news,"כאן חדשות",,15,"01/06/2026 05:41",https://www.instagram.com/stories/kan_news/3804123711909530295,"IG story",,Lifetime,13284,10621,11,2,4,2,12668,,
18093992524943079,17841407868310918,kan_news,"כאן חדשות",,7,"01/06/2026 05:39",https://www.instagram.com/stories/kan_news/3804122811568655387,"IG story",,Lifetime,13207,11209,21,2,9,3,10993,1,
18087649397019378,17841407868310918,kan_news,"כאן חדשות",,32,"01/06/2026 05:39",https://www.instagram.com/stories/kan_news/3804122674716877077,"IG story",,Lifetime,15105,12265,60,35,28,9,13603,,
18080613664967771,17841407868310918,kan_news,"כאן חדשות",,18,"01/05/2026 10:28",https://www.instagram.com/stories/kan_news/3803543308635129417,"IG story",,Lifetime,19292,15899,18,1,39,1,16497,2,
18086975243037686,17841407868310918,kan_news,"כאן חדשות",,60,"01/04/2026 07:14",https://www.instagram.com/stories/kan_news/3802720974978290007,"IG story",,Lifetime,8881,7624,9,0,33,0,8299,1,
18105865483734844,17841407868310918,kan_news,"כאן חדשות",,24,"01/04/2026 05:13",https://www.instagram.com/stories/kan_news/3802660094295021950,"IG story",,Lifetime,11769,9839,11,4,37,5,9963,1,
18087457960852115,17841407868310918,kan_news,"כאן חדשות","מחר בחדשות השבת: האם הפעם המחאה של תושבי איראן תצליח להפיל את משמרות המהפכה?",55,"01/02/2026 07:14",https://www.instagram.com/stories/kan_news/3801272755089966599,"IG story",,Lifetime,14188,11948,17,0,22,2,13337,1,
17905839435162036,17841407868310918,kan_news,"כאן חדשות",,28,"01/02/2026 03:30",https://www.instagram.com/stories/kan_news/3801158688392270358,"IG story",,Lifetime,16612,13341,9,5,18,7,14119,,
18090143255064841,17841407868310918,kan_news,"כאן חדשות",,44,"01/01/2026 11:48",https://www.instagram.com/stories/kan_news/3800684266782912331,"IG story",,Lifetime,13511,11387,28,0,24,0,11875,,
18114930031606761,17841407868310918,kan_news,"כאן חדשות",,51,"01/01/2026 08:21",https://www.instagram.com/stories/kan_news/3800589747219524093,"IG story",,Lifetime,12179,10098,14,5,3,0,11609,,
17899482774358467,17841407868310918,kan_news,"כאן חדשות",,0,"01/01/2026 07:47",https://www.instagram.com/stories/kan_news/3800563226039710988,"IG story",,Lifetime,14916,11579,29,3,4,0,11414,,
18108964975652585,17841407868310918,kan_news,"כאן חדשות",,7,"01/01/2026 04:19",https://www.instagram.com/stories/kan_news/3800458552225738098,"IG story",,Lifetime,11467,9506,13,3,3,0,10377,,
18101156689839717,17841407868310918,kan_news,"כאן חדשות",,0,"01/01/2026 04:19",https://www.instagram.com/stories/kan_news/3800458308301766791,"IG story",,Lifetime,11500,9749,18,8,1,1,10459,,
