media_id,date,time,type,product_type,caption_full,caption_len,likes,comments,permalink
18142439656466907,2026-06-08,00:02,Reel,REELS,"⁨	דובר צה""ל: ""איראן ביצעה טעות חמורה. אנו ערוכים לאפשרות של ירי נוסף""⁩",70,618,49,https://www.instagram.com/reel/DZTIyrUn1rF/
18197963275369412,2026-06-08,01:18,Photo,FEED,"⁨	הנשיא טראמפ לפייננשל טיימס: ""לנתניהו לא תהיה ברירה אלא לקבל עסקה עם איראן"". הנשיא האמריקני הוסיף שהתקיפה של איראן על ישראל ""לא שינתה את רצונו להסכם"" והדגיש: ""אני קובע, אני קובע את הכול. נתניהו לא קובע""  @ishay_bar_yosef  📸: AP/Oded Balilty⁩",242,501,83,https://www.instagram.com/p/DZTRj3GkdTD/
18127114000549172,2026-06-08,04:45,Photo,FEED,דובר צה״ל הודיע: חיל האוויר תקף מטרות צבאיות במערב ובמרכז איראן   (כרמלה מנשה)  📸: Yonatan Sindel/Flash90,105,1019,25,https://www.instagram.com/p/DZTpMhqi5nA/
18136995826496706,2026-06-08,06:05,Photo,FEED,⁨	אחרי התקיפה הישראלית באיראן: התרעות הופעלו במרכז ובשפלה - בעקבות טיל ששוגר מתימן ויורט בהצלחה   (אורלי אלקלעי) @haimgoldich  📸: Sharon Leibel/Flash90⁩,152,378,13,https://www.instagram.com/p/DZTyY2bCR6N/
17903554710434337,2026-06-08,08:27,Photo,FEED,"בזמן שצוותי הרפואה בהדסה עין כרם עמלו כדי להעביר את פגיית בית החולים למתחם תת-קרקעי מוגן, האמא והאבא - שהשתחרר רק לאחרונה מסבב מילואים שישי - הגיעו הבוקר כדי להיות לצד בנם התינוק  @haimgoldich  📸: דוברות בית החולים הדסה",219,1631,9,https://www.instagram.com/p/DZUCmVoljkS/
18082676657543833,2026-06-08,12:33,Photo,FEED,"ענקית הלואו-קוסט וויז אייר הודיעה, על רקע ההסלמה הביטחונית, על השעיית כל טיסותיה לישראל וממנה לפחות עד יום רביעי - והחשש בשוק התעופה הוא שמדובר רק בסנונית ראשונה.  במקביל, פיקוד העורף דורש להחמיר את ההגבלות בנתב""ג ולהגביל התקהלות של עד 2,500 איש. אם הדרישה תתקבל, מספר הטיסות יצומצם משמעותית, אם כי המרחב האווירי צפוי להישאר פתוח  @ofirhalperin  📸: AP Photo/Armando Franca",372,588,6,https://www.instagram.com/p/DZUexsYFveo/
17922106002364354,2026-06-08,12:46,Photo,FEED,"⁨	⁨	⁨	נשיא ארה""ב קרא לשני הצדדים, בפוסט שפרסם ב-Truth, לעצור את הירי ולחזור להפסקת אש  טראמפ הוסיף שמתנהל מו""מ ל""שלום"" אולם זה נתון לבורות או טיפשות שיעמדו בדרכו. עוד הוא כתב שהמצור יישאר בתוקף, עד שיושג הסכם סופי: ״דברים צריכים לנוע במהירות""  ‪‪‪@gilicohen10‪@roikais‬is‬is‬is 📸: AP Photo/Alex Brandon⁩⁩⁩",305,401,42,https://www.instagram.com/p/DZUgS8hljUe/
17978946648047467,2026-06-08,13:46,Reel,REELS,"דובר צה""ל פרסם תיעוד בצבע מרגע השמדת מערכות הגנה אוויריות באיראן, במהלך מטס תקיפה שביצע חיל האוויר במרכז ובמערב המדינה. בסרטון נראים פיצוצי משנה במערכות ששימשו לאחסון טילים, פעולה שלדברי צה""ל מרחיבה את העליונות האווירית של ישראל ומיועדת להסרת איומים על אזרחי המדינה  @roysharon11 @carmela_menashe  צילום: דובר צה""ל @",316,502,18,https://www.instagram.com/reel/DZUnFw8FeiS/
17886044556570062,2026-06-08,14:32,Photo,FEED,"דקות לאחר שטראמפ קרא לשני הצדדים להגיע להפסקת אש מיידית: מפקדת ""חאתם אל-אנביאא'"" האיראנית, המתאמת בין הצבא למשמרות המהפכה, הודיעה על השעיית הפעולות הצבאיות נגד ישראל.  עם זאת, האיראנים לא הסתירו את הכוונות שלהם להמשך. הם איימו כי אם ישראל תמשיך ב""תוקפנותה"", בדגש על פעולות בדרום לבנון, איראן לא תהסס לנקוט בצעדים ""חמורים ומרסקים הרבה יותר""  @itamar.margalit @liranaharoni_",372,805,54,https://www.instagram.com/p/DZUsYK_llzJ/
18067186523427373,2026-06-08,15:23,Photo,FEED,"ההסלמה נמשכת, גורם ישראלי: ״לא נתקוף עוד באיראן - רק בדרום לבנון״  אחרי שאיראן הודיעה על הפסקת השיגורים לעבר ישראל והזהירה מפני תקיפות ישראליות בלבנון, צה״ל תקף בעיר צור. בתגובה, חיזבאללה שיגר רקטות, שלטענת דובר צה״ל כוונו לעבר כוחותינו בדרום לבנון  בתוך כך, גורם ישראלי מאשר: ״צה״ל ינצור את האש באיראן - אך לא בדרום לבנון״  ‪‪‪‪@roysharon11‪@yuvalynbar‬ar‬ar‬ar‬ar⁩⁩⁩⁩",369,678,19,https://www.instagram.com/p/DZUx9lSCWSx/
18127583563544793,2026-06-08,17:07,Reel,REELS,"⁨	במהלך ריאיון בלבנון עם חבר פרלמנט מטעם חיזבאללה, הציג המגיש שאלה שהופנתה לאולפן מטעם דובר צה""ל בערבית, אביחי אדרעי, בנוגע למוצב הבופור (קלעת א-שקיף). המרואיין סירב להשיב, בטענה כי אין לנהל שיח עקיף עם התקשורת הישראלית.   @roikais",231,2667,34,https://www.instagram.com/reel/DZU-EGLjLil/
18090919811622704,2026-06-08,17:47,Reel,REELS,"⁨	""צרצרים!"" 🦗  ביום של חילופי אש מול איראן, כשהכנסת עבדה במתכונת מצומצמת, ועדת הכנסת דנה בבקשת החסינות הפלילית של ח""כ טלי גוטליב מהליכוד. לצד האשמות קשות נגד ראשי מערכת הביטחון, גוטליב סיפקה את רגע השיא של הדיון כשהחלה לחקות קולות של צרצרים בלייב כדי לעקוץ את חברי האופוזיציה. צפו בחיקוי שהשאיר את הנוכחים בהלם⁩  @dikla_aharon",326,834,399,https://www.instagram.com/reel/DZVCrGfE79r/
17962810856944218,2026-06-08,18:43,Reel,REELS,"⁨	""איראן וחיזבאללה ניסו לכפות עלינו משוואה חדשה: זה לא קרה, וזה גם לא יקרה"": כמעט יממה אחרי תחילת הסבב מול איראן, נתניהו התייחס לאירועים הערב בהצהרה מוקלטת. רה""מ אמר  שהאש בחזית איראן נצורה כרגע, אך אם היא תתקוף שוב, ישראל תגיב בעוצמה. עוד הוסיף נתניהו כי עדכן את טראמפ בעניין⁩",277,1423,372,https://www.instagram.com/reel/DZVJJIlEm_f/
18104839109056313,2026-06-08,18:54,Photo,FEED,"סבב בזק: אחרי ההודעה על נצירת האש - הלימודים מחר יתקיימו ברחבי הארץ   חוזרים לשגרה: פיקוד העורף עדכן את ההנחיות, הלימודים מחר יתקיימו ברחבי הארץ. בקו העימות הלימודים יתקיימו במרחבים מוגנים או במבנים שניתן להגיע מהם למרחב מוגן תקני בתוך זמן ההתגוננות  Liran Kogahinoff  📸: אילוסטרציה",282,398,5,https://www.instagram.com/p/DZVKZ9UjvOx/
18082435430564637,2026-06-08,20:20,Reel,REELS,האיום האיראני נתפס בעדשה?? @gilicohen10,39,1071,17,https://www.instagram.com/reel/DZVUOpwE93j/
18118734679766200,2026-06-09,08:35,Photo,FEED,"⁨	טראמפ: ארצות הברית תשיג ""ניצחון מוחלט"" על איראן תוך שבועיים 👇  טראמפ שוחח לזמן קצר עם כתב ""סקיי ניוז"", ששאל אותו אם ישתף פעולה אם נתניהו יחדש את הלחימה נגד איראן. טראמפ השיב ""אני לא חושב שזה יקרה. הכול מתנהל היטב, איראן עושה מה שהם צריכים לעשות. אני לא חושב שזה יקרה"". טראמפ לא ענה וניתק את השיחה כשהכתב ניסה להבין מה יקרה ונתניהו לא ימלא אחר מבוקשו של טראמפ לנצירת האש בין ישראל ואיראן.   בשיחה אחרת אמר הנשיא כי מצר הורמוז ייפתח באופן מיידי לאחר הסכם אפשרי - שעשוי להיחתם תוך יומיים או שלושה.  ‪@nathanguttman‬  📸: AP⁩",522,1203,114,https://www.instagram.com/p/DZWoWgpF3Ck/
18231524440310820,2026-06-09,09:15,Reel,REELS,"⁨	טראמפ התייחס הלילה בשורת ריאיונות למצב במזרח התיכון, וסיפר על השיחה עם נתניהו אחרי הירי מאיראן: ""לא אמרתי לו שלא יתקוף חזרה, אלא שיפסיק מהר ככל הניתן"". כזכור, גורמים המעורים בפרטים טוענים כי השיחה הייתה תקיפה מאוד. לדבריהם, טראמפ הבהיר במהלכה כי אם ישראל תצא לתקיפה רחבה באיראן - היא תישאר לבד.  ‪@itamar.margalit‬⁩",317,2377,108,https://www.instagram.com/reel/DZWs7suCe9B/
18093480347257744,2026-06-09,11:46,Photo,FEED,"גיבור בחייו ובמותו: הקצין שנפל בלבנון והעניק חיים לשישה ישראלים  סרן שחר גמלא ז""ל, בן 23, נפל מפגיעת רחפן נפץ בלבנון. בתוך השכול והכאב העצום שפקד אותם, קיבלה משפחתו החלטה אצילית – לתרום את איבריו ובכך להציל חיים של אחרים.  איבריו של שחר העניקו חיים חדשים לשישה חולים: ליבו הושתל בגבר בן 54, וריאותיו בגבר בן 47. כבדו הושתל בבן 69 , ואונת כבד הוענקה לילדה בת 7. שתי כליותיו הושתלו בגבר ואישה, בני 37 ו-72. במקביל, נתרם עור לבנק הארצי לטובת נפגעי כוויות, ושתי קרניות מאור עיניו יסייעו להשיב את הראייה למטופלים נוספים.  לאה, אימו של שחר, סיפרה על ההחלטה: ״אין דבר יותר גדול מתרומת האיברים - זה משאיר את שחר לחיות באנשים אחרים. אנחנו עושים זאת בשמחה ובאהבה גדולה״.  @nov_reuveny",674,6114,299,https://www.instagram.com/p/DZW-Pr4jYUE/
17956598367135522,2026-06-09,12:30,Reel,REELS,⁨	משני צידי המפה הפוליטית: מה עומד מאחורי היחס העוין של הספרדים לישראל? #רקשתדעו⁩,81,5748,293,https://www.instagram.com/reel/DZXDHp_itog/
18138177289492213,2026-06-09,14:37,Reel,REELS,"""אתם רוצים מדינה עם אספסוף כזה?"": השסע הישן של 81' מתעורר מחדש ברחובות ישראל ב-2026 - האם אנחנו בדרך למערכת בחירות אלימה וקשה עוד יותר?  (אלון שרביט)",149,825,96,https://www.instagram.com/reel/DZXRuRvFJno/
17967175061921461,2026-06-09,15:16,Photo,FEED,"מדים, דרגות ומארב מתוכנן לחיסול 👇  שוטר מג""ב ושני קרובי משפחתו - קצינים בצה""ל ובהם אל""ם במיל' מהפזורה הבדואית - נעצרו בחשד שתכננו יחד מארב לניסיון רצח שאירע לפני כחודש. לפי הודעת מח""ש, השלושה הובאו לבית משפט השלום בבאר שבע, שם הוארך מעצרו של השוטר ב-9 ימים, ומעצרם של שני הקצינים הנוספים הוארך ב-3 ימים  (אורלי אלקלעי) @asaf_pozailov  התמונה נוצרה באמצעות AI ✨",360,2282,50,https://www.instagram.com/p/DZXWQw3ltay/
18330462808269665,2026-06-09,16:26,Reel,REELS,"שיאים חדשים בכנסת: בדיון על הסרת חסינותה בגין חשיפת פרטי איש שב""כ, תקפה ח""כ גוטליב את היועמ""שית והשוותה את הייעוץ המשפטי ל""ארגון פשע"". העימות הסלים כשהח""כית קטעה את היועמ""שית שוב ושוב, ובתגובה למחאות האופוזיציה בחרה גוטליב לחקות נביחות כלבים לעברם  @dikla_aharon  📸: ערוץ כנסת",276,1330,762,https://www.instagram.com/reel/DZXeNj6jxgi/
17914119342200883,2026-06-09,18:14,Reel,REELS,"כך פועלת מכונת ההפגנות נגד הגיוס: הצצה בלעדית לחמ""ל הסודי שמגן על העריקים. כל התיעודים - הערב במהדורת כאן חדשות  @daniel.grovais",128,3016,283,https://www.instagram.com/reel/DZXqh8cDK9o/
17888339952558827,2026-06-09,20:02,Photo,FEED,"נשיא ארה""ב האשים בפוסט ברשת Truth שבבעלותו את איראן בהפלת מסוק האפאצ'י האמריקני, שהתרסק באזור מצר הורמוז הלילה. שני אנשי הצוות שהיו במסוק חולצו בשלום. לדברי טראמפ, המסוק הופל בזמן שביצע סיור באזור, וארה""ב ""תהיה חייבת להגיב"" על התקרית  @ramelibrandts @gilicohen10  📸: AP Photo/Aaron Favila, AP Photo/Julia Demaree Nikhinson",322,955,59,https://www.instagram.com/p/DZX29o-liQM/
18090501893038866,2026-06-09,21:41,Reel,REELS,"החמ""ל שמוביל את המלחמה נגד הגיוס נחשף: ""הדרישה - לשחרר את החטוף שלנו""  @daniel.grovais",86,688,430,https://www.instagram.com/reel/DZYCQYAACZF/
18100257791328149,2026-06-09,22:49,Photo,FEED,"״שירות בשיריון אסור לפי ההלכה״ 👇  שבוע לפני מועד החיול הקרוב, 12 ראשי ישיבות הסדר הודיעו הערב על הפסקת גיוס תלמידיהם לחיל השריון בגיוס הבא.  המחזור הראשון בפיילוט לשילוב לוחמות בשיריון אמור היה לצאת לדרך בנובמבר 2025, אבל בסופו של דבר נדחה לנובמבר 2026  במכתב, עליו חתומים רבנים מישיבות אלון מורה, חולון, שדרות, ישיבת הכותל ורבני ישיבות נוספות, נכתב כי הם ״רואים בחומרה רבה את החלטת בג""ץ לחייב את צה""ל לשלב לוחמות בשריון המתמרן. אנו כואבים את התשובה הרופסת של מדינת ישראל וצה""ל, שלא הביעו התנגדות למהלך זה. הכנסת חיילות לטנקים במעורב עם חיילים בנים - יש בה פגיעה רוחנית ומעשית ביכולת הלחימה"". לכן, לדבריהם: ""החלטנו ששירות בשריון אסור על פי ההלכה ולכן לא נשלח את תלמידנו לשירות בשריון החל מהגיוס הבא״  @daniel.grovais 📸: פלאש 90",727,1087,419,https://www.instagram.com/p/DZYKDiXmw9a/
17919366054385106,2026-06-10,00:52,Photo,FEED,"דרמה לילית במפרץ הפרסי: ארה""ב החלה בתקיפות נגד מטרות איראניות בתגובה להפלת מסוק האפאצ'י. על פי פיקוד המרכז האמריקני (סנטקום), מדובר ב""תגובה פרופורציונלית לתוקפנות איראנית בלתי מוצדקת"". במקביל, הנשיא טראמפ הבהיר כי התגובה האמריקנית ""חייבת להיות חזקה מאוד ורבת עוצמה, כמו שהיא"" - וסימן שהפעולה הצבאית היא הדרך היחידה להשיב לאירועי היממה האחרונה.  באיראן אישרו את הדיווחים על פגיעות במספר מוקדים לאורך מצר הורמוז, בהם האיים קשם וסיריכ, וכן בערים ג'אסכ ומינאב. על פי הדיווחים בכלי התקשורת האיראניים, היעדים המותקפים כוללים בסיסי חיל ים וסוללות טילי חוף-ים. במערכת הביטחון עוקבים בדריכות אחר ההתפתחויות  (נתן גוטמן, רם ברנדס, לירן אהרוני, עומר שחר, איתי בלומנטל, כרמלה מנשה) 📸: AP/Alex Brandon",688,1046,56,https://www.instagram.com/p/DZYYN1mDETX/
17994883070976025,2026-06-10,08:17,Photo,FEED,מרגש: שורד השבי רום ברסלבסקי נפגש עם נשיא ארה״ב דונלד טראמפ והודה לו - ״אתה האיש שהוציא אותי מהגיהנום. אתה הגיבור שלי! שאלוהים יברך אותך ואת אמריקה. תודה רבה טראמפ״   📸: דוברות הבית הלבן,186,3817,289,https://www.instagram.com/p/DZZLHPxic0V/
18191450071332177,2026-06-10,08:48,Photo,FEED,"⁨	⁨	גורם אמריקני בכיר התייחס לתקיפות ארצות הברית באיראן ומסר ל-CNN: ״מדובר בירי אזהרה בלבד. אנחנו מעריכים שהדבר לא יפגע במאמצים הדיפלומטיים להגיע להסכם״.   משמרות המהפכה של איראן טענו כי הן הגיבו לתקיפות האמריקניות ותקפו בבסיסי ארה״ב בירדן, כוויית ובחריין   ‪@ramelibrandts‬  📸: AP/Pablo Martinez Monisivais, Vahid Salemi⁩⁩",323,512,18,https://www.instagram.com/p/DZZOlQxigvV/
18021210692837011,2026-06-10,09:26,Photo,FEED,"״נשקול לאפשר לנפגעות תקיפה מינית להיבדק בידי אישה״ 👇  פסק דין תקדימי קבע כי הביטוח הלאומי יאפשר התאמות מיוחדות לנפגעות תקיפה מינית ולשורדות זנות בוועדות הרפואיות. בין השאר, בביטוח הלאומי בישרו כי הם ״ישקלו לאפשר לנפגעות לבחור בודקת אישה״, בנוסף לבחינת אפשרות לקיום הוועדות בשיחת וידאו.   פסק הדין הוגש בעקבות ערעור של ארבעה נפגעי עבירות מין ושורדי זנות, שהעידו כי הוועדות הרפואיות לא הותאמו לנסיבות הרגישות  @veredpelman  📸: התמונה נוצרה באמצעות בינה מלאכותית",459,2613,252,https://www.instagram.com/p/DZZS4GEirSE/
18104510590824732,2026-06-10,10:57,Reel,REELS,"⁨	⁨	ח״כ שמחה רוטמן מהציונות הדתית, יו״ר ועדת החוקה בכנסת, הצהיר שלממשלה הייתה ״קדנציה נפלאה״ - והוציא מהדיון משפחות שכולות שהתנגדו לאמירה. רוטמן הורה להוציא את מירב סבירסקי,  שאיבדה את הוריה רפי ואורית בטבח בקיבוץ בארי, ואת אחיה איתי שנחטף ונרצח בשבי חמאס, ואת גיל דיקמן, בן דודה של כרמל גת שנחטפה ונרצחה בשבי, שאיבד בני משפחה נוספים בטבח  ‪@dikla_aharon‬  📸: באדיבות ערוץ הכנסת‪@knessettv‬tv⁩",393,2575,473,https://www.instagram.com/reel/DZZdVJXj-xP/
18103940068838661,2026-06-10,12:12,Carousel,FEED,"⁨	הישראלים מתכוננים למונדיאל 2026: הנתונים האחרונים מ-Google Trends חושפים עלייה של אלפי אחוזים בחיפושים בנושא ב-Google >>>  @googleisrael  📸: AP/Natacha Pisarenko, DIETHER ENDLICHER, Bikas Das⁩",194,389,1,https://www.instagram.com/p/DZZl_nmESlp/
18097406089913037,2026-06-10,14:05,Reel,REELS,"⁨	⁨	הנשיא הרצוג פנה לנשיא לבנון בערבית: ""מושיט יד לשלום, הוקיעו את חיזבאללה ואיראן מתוככם""  ‪@gilicohen10‬  קרדיט: גרגורי באדו, מקליט: גדעון ארנולד⁩⁩",149,1628,316,https://www.instagram.com/reel/DZZy3MRlc-n/
17992016135975923,2026-06-10,17:40,Photo,FEED,"""אזהרת הפינוי"" לתושבי המרכז  הפלג הירושלמי פרסם ״הודעת פינוי״ לקראת המחאות שצפויות להתקיים מחר במרכז הארץ. ההודעה עוצבה בדומה להודעות פינוי של דובר צה״ל, ונכתב בה:״אזור זה ייחסם לתנועה עקב המשך מעצרם של בחורי הישיבות ורדיפת עולם התורה״.  לפי מארגני ההפגנןת הן צפוית ""לשתק נתיבי תחבורה מרכזיים במרכז הארץ"". המחאה מגיעה על רקע מעצרם  של מפגינים חרדים שהגיעו לביתו של שופט בית המשפט העליון, נעם סולברג. המפגינים גרמו לנזק רב, וככ-אפ שני אדם נעצרו על ידי המשטרה.",458,1433,353,https://www.instagram.com/p/DZaLgqvDdo_/
17885057388420893,2026-06-10,18:08,Photo,FEED,"פעיל הימין מרדכי דוד נחקר היום באזהרה בתחנת המשטרה בגלילות לאחר שתועד בתחילת השבוע חוסם את רכבו של אייל ברקוביץ'. דוד חשוד בעבירות של פגיעה בפרטיות, מטרד לציבור והתנהגות פרועה במקום ציבורי. גם ברקוביץ' עצמו, שתועד נוסע כשדוד על רכבו, צפוי להיחקר בחשד לנהיגה רשלנית  @hadasgrinberg  📸: Avshalom Sassoni/Flash90",309,824,120,https://www.instagram.com/p/DZaOuiMDEQE/
18078300566270088,2026-06-10,22:25,Photo,FEED,"צה""ל מגיב ל'מכתב הרבנים' שהתנגדו לשירות בשריון  בצ""הל פרסמו את תגובת הצבא למכתב ראשי ישיבות ההסדר, שהודיעו על התנגדות לגיוס תלמידיהם לשריון בעקבות הפיילוט לשילוב לוחמות בחיל. במכתב שפורסם מטעם צה""ל, נאמר כי ""בכלל האפשרויות הנבחנות בפיילוט לא עתיד להתקיים שירות משותף של גברים ונשים באותה המסגרת"".  על הפיילוט עצמו נאמר בהודעה - ""צה״ל פועל לשלב נשים בתפקידי לחימה ככל הניתן. הפיילוט יתבצע בהתאם לפקודת השירות המשותף. בנוסף צוין כי ""אחרי שנתיים וחצי של לחימה, צה״ל זקוק לכל לוחם ולוחמת. בכירי צה""ל עומדים בחודשים האחרונים בקשר רציף עם ראשי ישיבות ההסדר ונציגיהם לצד גורמים נוספים בציבור הדתי-לאומי"".  אתמול הודיעו 12 ראשי ישיבות הסדר על הפסקת גיוס לחיל השריון, החל מהגיוס הבא ולקראת החיול הצפוי בשבוע הבא. זאת, בעקבות פסיקת בג""ץ לפיה יש לאפשר את שילובן של לוחמות בחיל.  במכתב ששלחו ראשי הישיבות, הם דרשו מהצבא למצוא פיתרון לתלמידים בעלי פרופיל שאיננו מאפשר שירות בחי""ר. ""הכנסת חיילות לטנקים במעורב עם חיילים בנים, יש בה פגיעה רוחנית ומעשית ביכולת הלחימה"". ראשי הישיבות הוסיפו כי ""לאחר שיקול דעת נוקב, החלטנו ששירות בשריון אסור על פי ההלכה ולכן לא נשלח את תלמידינו לשירות בשריון"".  צילום: דובר צה""ל @roysharon11",1108,742,193,https://www.instagram.com/p/DZasGowkTBT/
18111687358924777,2026-06-11,08:46,Photo,FEED,"⁨	הכה אישה באלימות, הטיל את גופתה ברחוב - וירצה רק שמונה שנות מאסר👇  ראוף שמילוב, בן 60 מתל אביב, הורשע רק בעבירות של חבלה בנסיבות מחמירות כלפי מרינה מלינובסקה, שנמצאה מתה במרץ 2024. מלינובסקה, קורבן סחר שהגיעה לישראל מאוקראינה, הותקפה על ידי שמילוב בשני מקרים נוספים, בהם סגרה המשטרה את התיקים. שמילוב הורשע רק בעבירות של חבלה בנסיבות מחמירות ונידון לשמונה שנות מאסר.  מלינובסקה הגיעה לישראל ב-2020 מאוקראינה, הייתה קורבן סחר, חסרת מעמד ודיור ונמצאה במעגל הזנות. במהלך מלחמת חרבות ברזל שמילוב תקף אותה קשות באמצעות חפץ חד ובאגרופים, וגרם לה לחבלות שונות ובהם פצע בראשה. כעבור דקות ספורות הוא הוציא את גופתה מדירתו כשהיא עטופה בסדין.  בתחילה יוחסה לשמילוב עבירת רצח, אלא שבהמשך קבעה חוות הדעת של המכון לרפואה משפטית כי לא ניתן לקבוע קשר סיבתי בין אירוע התקיפה לבין מותה של מרינה, וכתב האישום תוקן לעבירת חבלה בנסיבות מחמירות. הפרקליטות ביקשה לגזור על שמילוב 11 שנות מאסר אך השופטת מעיין בן ארי מבית המשפט המחוזי בתל אביב קבעה כי הוא ירצה שמונה בלבד.  שמילוב הורשע בעוד שני מקרי אלימות נוספים שנקט נגד מרינה בשנים 2022 ו-2023 ,אירועים שדווחו למשטרה, אך באותו הזמן נסגרו התיקים. השופטת בן ארי התחשבה בקביעת גזר הדין במצבו הנפשי של הנאשם ובעובדה כי הוא נעדר גורמי תמיכה, על אף שלא נטל אחריות על מעשיו.  נעמה גולדברג, מנכ""לית עמותת ""לא עומדות מנגד"" לסיוע לנשים במעגל הזנות, מסרה: ""אם הייתה לה משפחה או קהילה שצועקת את שמה ודורשת צדק, אולי היינו שומעים יותר זעזוע. אבל הייתה שקופה בחייה, ועכשיו היא שקופה במותה. למעשה זו השאלה הקשה, מה שווים בינינו החיים של אישה בזנות, של קורבן סחר שאין מי שילחם עבורה? בעיני העונש הזה הוא לא רק נמוך, הוא מסר נוראי. הוא אומר שיש נשים שהחיים שלהן מספרים פחות, וזה עוד קלון על כולנו"".  מפרקליטות מחוז ת""א נמסר בתגובה: ""הפרקליטות עתרה לעונש של 11 שנות מאסר, אשר לשיטתנו שיקף את חומרת המעשים, היקפם והפגיעה שנגרמה למתלוננת. לצד זאת, אנו סבורים כי העונש שהוטל בפועל - שמונה שנות מאסר - הוא עונש משמעותי וראוי בנסיבות העניין, המשקף את חומרת העבירות ועשיית צדק לנפגעי עבירה, ובהעברת מסר ברור של גינוי והרתעה כלפי מעשי אלימות מתמשכים"".  ‪@veredpelman‬  📸: (בתמונה - מרינה מלינובסקה)⁩",2005,1154,160,https://www.instagram.com/p/DZbzLoaDs5y/
18118560742811889,2026-06-11,09:31,Photo,FEED,⁨	בן ה-25 שנעצר לאחר שצילם צעירה בתא מדידה בקניון בתל אביב - חשוד גם באונס👇   בעקבות פרסום תמונתו של הצעיר הגיעה למשטרה תלונה על אונס נגדו. המשטרה תבקש להאריך את מעצרו גם בגין חשד לאונס' וגם בגין שני מקרים של פגיעה בפרטיות ועבירות מין לאחר שצילם נשים בתאי מדידה.  ‪@hadasgrinberg‬  📸: דוברות המשטרה⁩,299,1104,56,https://www.instagram.com/p/DZb4YL8FmZm/
17966882751083107,2026-06-11,09:48,Photo,FEED,"⁨	⁨	⁨	""קיבלתי החלטה שיהיה מה שיהיה - אני ממשיך קדימה ולא עוצר""👇  לוחם המילואים אלון קמינר שנפצע אנושות במלחמת ""חרבות ברזל"" - סיים לימודי הנדסת תעשיה וניהול בהצטיינות. קמינר, שירת במילואים ביחידת ""סנפיר"" ונפצע אנושות במהלך הקרבות בעזה. הוא עבר שיקום מורכב בארץ ובארה""ב, תוך כדי שהמשיך את לימודיו באוניברסיטת תל אביב.  קמינר סיפר: ""אני זוכר אפילו שחבר עדכן אותי בבית החולים, שביטלו לי את הלימודים כדי שאני לא אשלם סתם, וזה עוד היה בתקופה שלא יכולתי בכלל לזוז, ואמרתי לו שבשום אופן אני לא מסכים, ושיבקש מיד לבטל את הביטול. גם אחרי הפציעה הקשה לא הפסקתי ללמוד אפילו לרגע אחד, עשיתי זאת גם בטיפול נמרץ וגם בארה""ב בזמן שאני נמצא בתהליך השיקום ובהתאמת פרוטזות. הוכחתי לעצמי, ואני מקווה שכך גם לאחרים, שאין דבר העומד בפני הרצון. רצון קשה מפלדה, משולב עם מוח גמיש, כזה שמתאים את עצמו לשינויים"".   ‪‪@liran_kogahinoff‬‬  📸: יעל צור⁩",822,3838,99,https://www.instagram.com/p/DZb6WPbFtZC/
18086602085381346,2026-06-11,10:44,Photo,FEED,"⁨	חזקה מהרוח: הזמרת והיוצרת אסתר שמיר הלכה לעולמה בגיל 71👇  שמיר, מהנשים פורצות הדרך בתחום הרוק הנשי, חתומה על עשרות שירים ולהיטים נכסי צאן ברזל, בהם ""במקום הכי נמוך בתל אביב"", ""עברתי רק כדי לראות"", ""חזקה מהרוח"" ו""אמצע ספטמבר"".  שמיר נולדה ב-1955 בירושלים בשם אסתר הירשברג. את דרכה המוזיקלית החלה בלהקת הנח""ל, שם הכירה את מי שלימים יהיה בעלה הראשון ושותפה ליצירה, אפרים שמיר. עם שחרורה השתתפה בהרכב ""אפרים ואסתר שמיר"", והתפרסמה לראשונה עם צאת השיר ""עברתי רק כדי לראות"", שזכה להצלחה אדירה.  בשנות ה-80 חוללה שמיר מהפכה בתעשיית המוזיקה המקומית. בשנת 1982 הוציאה את אלבום הבכורה שלה ""במקום הכי נמוך בתל אביב"", שבו כתבה והלחינה את כל השירים. האלבום, שכלל להיטים כמו ""במקום הכי נמוך בתל אביב"" ו""גבר ללילה אחד"", ביסס את מעמדה כיוצרת עצמאית ופורצת דרך בתקופה שבה רוב הזמרות ביצעו חומרים של כותבים אחרים.  בשנת 1984 הוציאה את האלבום ""קלף חזק"", בשנת 1987 את ""עד הסוף"" ובשנת 1988 את ""דו קיום באהבה"". במקביל, זכה ""אמצע ספטמר"", שיר הנושא שכתבה לאלבום של גלי עטרי, להצלחה אדירה.  בסוף שנות ה-80 חלה תפנית בקריירה של שמיר. היא התרחקה מאור הזרקורים והתמקדה בתחום הרפואה המשלימה וההתפתחות הרוחנית. היא פיתחה את שיטת ""קול הרוח"" - שיטת ריפוי המשלבת עבודה קולית, תרפיה ורוחניות, והקדישה שנים רבות להוראה וטיפול.  גם בשנותיה כמטפלת, שמיר לא נטשה לחלוטין את המוזיקה. היא הוציאה את האלבומים ""בגלל האנשים שאני אוהבת"" (2003) ו""זה בינך ובין אלוהים"" (2011), ""הלילה שבו ניצחה האהבה"" (2017) ו""שירי חלב"" (2023). בנוסף המשיכה לכתוב שירים לאמנים אחרים, בהם גלי עטרי (""חזקה מהרוח"", ""ביום שאחרי""), ריטה (""תחנה של זמן""), ירדנה ארזי (""ילדה יחפה"") ועוד.  בשנת 2023 הוענק לה פרס מיוחד מטעם דירקטוריון אקו""ם על תרומה למוזיקה ולתרבות הישראלית. שמיר הניחה בן זוג - עופר וינטראוב ושתי בנות - הילי ואורי, מנישואיה לעיתונאי רוני שיר. בעלה הראשון היה המוזיקאי אפרים שמיר.  ‪‪@dorit_mizrahi_‬‬⁩⁩",1750,1251,101,https://www.instagram.com/p/DZcAsM3FhIs/
18008329148735121,2026-06-11,11:19,Carousel,FEED,"⁨	נחנך ""מגדל ישו"" בבזיליקת סגארדה פמיליה - מה שהפך את הכנסייה לגבוהה בעולם, בגובה 172.5 מטרים👇  מאה שנים בדיוק אחרי מותו של האדריכל הקטאלני הנודע אנטוניו גאודי, נחנך על ידי האפיפיור ליאו ה-14 ""מגדל ישו"" בבזיליקת סגארדה פמיליה שתכנן גאודי. הכנסייה החלה להיבנות לפני 144 שנים, כשגאודי מודע לכך שבניית יצירת המופת שלו תסתיים הרבה אחרי מותו.  גאודי, האיש שמאחורי האטרקציות המתוירות ביותר בברצלונה, הפופולרית שבהן היא כנסיית סגרדה פמיליה, נפצע מפגיעת חשמלית בשנת 1926 ומת לאחר שלא קיבל טיפול רפואי מיידי, שכן העוברים והשבים סברו שהוא קבצן.  האפיפיור ביקר בקברו של גאודי בכנסייה, לאחר שהתקבל בה על ידי מלך ומלכת ספרד, ניהל מיסה מיוחדת, ואז בירך את המגדל החדש, הקרוי על שם ישו, וניצב בראש הכנסייה. לאחר הברכה, הוארו הבזיליקה והמגדל, הופרחו זיקוקים ורחפנים הרכיבו את מראה פניו של גאודי בשמי הלילה.  ועדיין - למרות חנוכת ""המגדל של ישו"", ללא ספק המרכיב המרכזי בכנסייה, בניית סגארדה פמיליה לא הושלמה. האדריכל הראשי של העבודות כיום, מאוריסיו קורטז, מפקח על העבודות זה 20 שנה והוא דור חמישי לאדיכלים ראשיים של הסימפוניה הבלתי גמורה הזו: ""אתגר הבנייה הגדול ביותר כעת יהיה 'חזית התהילה', שהיא החזית הראשית"", אמר קורטז, ""זה ייקח אולי 10 שנים, אבל עדיין אין לנו לוח זמנים קבוע"".  כנסיית סגארדה פמיליה מושכת מדי שנה כחמישה מיליון מבקרים, ועם שיא של 4,877,567 תיירים בשנת 2025 - היא אחת האטרקציות התיירותיות הגדולות של אירופה.  (דב גיל הר, ‪@ramelibrandts‬) 📸: רויטרס⁩",1349,6302,91,https://www.instagram.com/p/DZcEubLluTX/
18015047597850352,2026-06-11,14:32,Photo,FEED,"⁨	בשעה טובה? מחאת החרדים בגוש דן תקוצר בגלל חתונות של בכירים בפלג הירושלמי  הפלג הירושלמי הכריז על גל חסימות כבישים בגוש דן, דווקא בערב שבו מתקיימות שלוש הופעות ענק באזור - מה שעורר חשש כבד מפני פקקי ענק. אלא שהמחאה צפויה להסתיים מוקדם מהצפוי, כבר סביב השעה 19:30.  הסיבה: שתי חתונות גדולות של בנים ונכדים של בכירים בפלג שמתקיימות הערב. המפגינים צפויים לפנות את הצירים מוקדם יחסית כדי להספיק להחליף לבגדי חג ולהשתתף בחגיגות.  כך או כך, אלו מוקדי החסימות הצפויים החל מהשעה 17:00 (למשך שעתיים לפחות):  כביש 1: מחלף בן גוריון  כביש 4: מחלף אם המושבות  כביש 6: מחלף נחשונים ומחלף קסם  כביש 40: מחלף קריית שדה התעופה  כביש 471: מחלף שעריה  ‪@daniel.grovais‬  📸: פלאש 90, חיים גולדברג⁩",679,1153,142,https://www.instagram.com/p/DZca1ZcFJyj/
18077901029556972,2026-06-11,15:30,Photo,FEED,"⁨	תקרית קשה בג'נין: קצין נפצע קשה ונגד קל מפיצוץ מטען חבלה   במהלך סיור בעיר, זיהה הקצין חפץ חשוד - שהתברר כמטען - הרים אותו ומיד לאחר מכן אירע הפיצוץ. בצה""ל מבהירים כי בשלב זה לא ניתן לקבוע בוודאות מה הביא להפעלתו של המטען.   ‪@itayblumental‬ 📸: פלאש 90 (אילוסטרציה)⁩",268,2811,61,https://www.instagram.com/p/DZchcXIH_NA/
18093669566253171,2026-06-11,16:57,Reel,REELS,"ניו יורק: הקומיקאי היהודי ג'רי סיינפלד יצא ממשחק כדורסל של הניקס, כשלפתע פנו אליו מספר אנשים ודרשו ממנו לומר למצלמה ""Free Palestine"" - הוא השיב: ""היא לא קיימת""  @ishay_bar_yosef",177,9391,220,https://www.instagram.com/reel/DZcrV3CCUVv/
17898760692460839,2026-06-11,18:03,Photo,FEED,"אחרי חופשות הפסח - גם הקיץ והחגים בסכנת ביטול 👇  החופש הגדול והחגים בפתח, אך יותר משני מיליון ישראלים עלולים להישאר הקיץ בארץ: החל מהשבוע הבא, אחד מכל ארבעה נוסעים צפוי לקבל הודעה על ביטול טיסתו, אם המטוסים האמריקנים המוצבים בנתב""ג לא יתפנו.  לפי נתוני רשות שדות התעופה, במהלך החודשים יולי, אוגוסט ותקופת החגים צפויים לעבור בנמל התעופה כ-2.4 מיליון נוסעים, אך השדה פשוט אינו מסוגל להכיל את היקף הפעילות האזרחית לצד הנוכחות הצבאית המסיבית.  כזכור, לפני כשבועיים מנכ""ל רשות שדות התעופה, שרון קדמי, הבהיר כי כ-70% משטח שדה התעופה תפוסים כעת לטובת פעילות האמריקאים במרחב. לדבריו, הנוכחות הממושכת הזו כבר הסבה לרשות הפסדים של מאות מיליוני שקלים, וצפויה להגיע בקרוב לנזק של כמיליארד שקלים.  קדמי הדגיש כי אם המצב לא ישתנה, השילוב בין הלו""ז הצפוף של הקיץ למגבלות המרחב יוביל לביטולים המוניים שישבשו את תוכניותיהם של מיליוני נוסעים.  ‪‪@ofirhalperin‬‬  📸: אילוסטרציה⁩⁩",860,2710,62,https://www.instagram.com/p/DZcy_2bGHWg/
18213585367330439,2026-06-11,18:23,Reel,REELS,החרדים חסמו כבישים בגוש דן - עימותים פרצו במספר מוקדים בין המפגינים לנהגים שנתקעו בפקקים  @hadasgrinberg,104,18240,1775,https://www.instagram.com/reel/DZc1KuIEaDv/
18219674005323002,2026-06-11,19:36,Reel,REELS,"תיעוד קשה לצפייה: מפגין שחסם את צומת גהה נדרס ונפצע קשה - צוות מד""א פינה אותו לקבלת טיפול  @daniel.grovais",106,2288,1123,https://www.instagram.com/reel/DZc9hFYCpbO/
18073478090327880,2026-06-11,20:40,Photo,FEED,"טראמפ חוזר בו 👇  הנשיא כתב ברשת החברתית שלו: ""ביטלתי את התקיפות וההפצצות המתוכננות נגד איראן הערב. הדיונים והנקודות הסופיות אושרו על ידי כל הצדדים המעורבים, כולל ישראל"". טראמפ כתב את הדברים פחות משעתיים לפני שריקת הפתיחה של המונדיאל, שכידוע מתקיים בין היתר בארה""ב  @nathanguttman",279,861,67,https://www.instagram.com/p/DZdE7YqjtxL/
17968556058003214,2026-06-11,21:26,Reel,REELS,"⁨	""צריך ללמד את הילדים לקבל את השונה, פחות לבהות, פחות לצחוק"": אדיר נולד עם תסמונת ""טריצ'ר קולינס"" שגורמת לו להיראות אחרת מכולם. הוריו פתחו את עמותת ""פנים אדירות"" - ומסייעים למשפחות אחרות להתמודד עם האתגרים  #חדשותהלילה @eliorlevy 📸: @rega.shel.chochma",252,7608,476,https://www.instagram.com/reel/DZdKKnnlT2J/
18362380537238255,2026-06-11,22:10,Photo,FEED,"ממקסיקו, ארה""ב וקנדה: מונדיאל 2026 יוצא לדרך! ⚽🏆  📷: AP",55,1087,5,https://www.instagram.com/p/DZdPPdFCbBN/
18595145224051753,2026-06-11,22:49,Photo,FEED,"⁨	האם הסכם סיום המלחמה עם איראן ייחתם כבר בסוף השבוע הקרוב?  בהצהרה בבית הלבן אמר הנשיא טראמפ: ""תהיה חתימה בקרוב. דיברתי עם נתניהו, עם מנהיגי קטר, האמירויות ואחרים. כולם במזרח התיכון יהיו שמחים כשזה ייחתם, וייתכן שמצר הורמוז ייפתח לאחר החתימה"". טראמפ הוסיף כי החתימה על ההסכם תהיה בסוף השבוע באירופה, בנוכחות סגן הנשיא ואנס  @itamar.margalit @gilicohen10 @nathanguttman  📷: פלאש90⁩",381,244,29,https://www.instagram.com/p/DZdTrX0CgwT/
18009487967909921,2026-06-12,09:53,Reel,REELS,"״לא אמרנו שבנות בשיריון זה מסוכן, פשוט אסור״: הרב דוד פנדל, ראש ישיבת ההסדר בשדרות, שחתם על המכתב שקרא לא להתגייס לשיריון - ממש לא מסכים שיקראו להחלטה שלהם סרבנות @maya_rachlin",176,6814,1422,https://www.instagram.com/reel/DZefkDOj8cY/
18114581809842241,2026-06-12,12:14,Reel,REELS,"״ג׳וונוסייד פאלטרו״: הרשת סוערת בעקבות פרסומת הנדל״ן הישראלית בכיכובה של השחקנית היהודית-אמריקנית גווינת׳ פאלטרו. גולשים ברחבי העולם מגיבים על הפוסטים של פאלטרו ״פרי פלסטיין״ וקוראים לה תומכת ג׳נוסייד. כל זאת בעקבות פרסומת שעלתה לרשת בימים האחרונים של חברת אביב מליסרון, ששכרה את השחקנית זוכת האוסקר לפרסם את מתחם המגורים החדש שלהם בהרצליה",339,2219,75,https://www.instagram.com/reel/DZevz9ZFdqP/
18102896114585438,2026-06-12,13:53,Reel,REELS,"גם לאחר שהסירה את החולצה - עדיין נשארה בחוץ: שוטרים מנעו כניסה מצועדת שניסתה להיכנס למתחם מצעד הגאווה בתל אביב. היא נאלצה להישאר מחוץ לשער, משום שלבשה חולצת מחאה עם הכיתוב FCK BNGVR. גם אחרי שהצועדת פשטה את החולצה והכניסה אותה לתיקה מנעו ממנה השוטרים להיכנס  מדוברות המשטרה נמסר: ״מדובר באירוע נקודתי שטופל, כלל המשתתפים נכנסים לאירוע״  יעל סיני ביבלש מנכ""לית האגודה למען הלהט""ב מסרה בתגובה:  ""מאכזב לגלות שגם השנה ישנם שוטרים בשטח שפועלים בניגוד לחוק ולהנחיות המשטרה. כבר בשנה שעברה נאלצנו לעתור לבג""ץ נגד הנחיה בלתי חוקית בנושא, ובית המשפט הבהיר באופן חד משמעי שאין כל איסור על נשיאת שלטי מחאה או מסרים מחאתיים במצעד. בפגישה שקיימנו לאחרונה עם המפכ""ל חידדנו את הסוגיה פעם נוספת, ולכן העובדה שעדיין מתרחשות טעויות כאלה בשטח מטרידה במיוחד. אנו נמצאים בקשר עם הצעירה שנדרשה להסיר את חולצתה״   @ofirhalperin @ittaishick  📸: אודי סלמנוביץ",835,2090,578,https://www.instagram.com/reel/DZe7E1cgZBD/
18078107324652256,2026-06-12,15:16,Reel,REELS,"הפתעה נוגעת ללב בסיום השבעה: בסיום השבעה על ליה מלכה ז״ל, שנרצחה באיילון לאור יום, משפחתה עלתה לקבר. כשחזרו, היילי בת השנתיים, בתה של מלכה שנותרה יתומה מאם, גילתה את ההפתעה שהכינו לה: כלבלב שחיכה לה שם ויצטרף למשפחה החדשה שיבנו @yaeli_cie",238,11653,451,https://www.instagram.com/reel/DZfEmlMjuD4/
18321526099287957,2026-06-12,15:46,Carousel,FEED,"לראשונה מאז 2023: מצעד הגאווה התקיים בתל אביב👇  מצעד הגאווה, שמציין 28 שנים להיווסדו, שב להתקיים במתכונתו המקורית לאורך הטיילת בתל אביב ויסתיים במופע ענק בגן צ'רלס קלור, בהשתתפות עשרות אמנים בהם נטע ברזילי, עברי לידר ועדן גולן. המשטרה נערכה באבטחה כבדה של יותר מ-1,000 שוטרים, לוחמים, מתנדבים ויחידות מיוחדות  בתוך כך, מוקדם יותר תועדה שוטרת שבדקה אם שלטים שנשאו צועדים בכניסה בעלי אופי פוליטי. במקביל נטען כי נמנעה כניסה של אישה שלבשה חולצה עם כיתוב נגד השר איתמר בן-גביר. דובר משטרת מרחב ירקון מסר לכאן חדשות כי מדובר באירוע נקודתיי שטופל וכי כלל המשתתפים נכנסים לאירוע  📸: AP Photo/Leo Correa @ofirhalperin",609,1807,93,https://www.instagram.com/p/DZfIGF5DgXs/
18128069197619845,2026-06-12,19:40,Photo,FEED,"ר""מ פקיסטן: יש הסכמה סופית על הסכם בין איראן לארה""ב👇  ראש ממשלת פקיסטן אישר כי ישנה הסכמה סופית על נוסח ההסכם בין הצדדים. ""אנחנו מודעים לחלוטין למידע השגוי הבלתי פוסק שמופץ על ידי אלו שרוצים לחבל בהסכם השלום"", כתב. ""בתוך כך שאנחנו שמים בצד את הרעש, אנחנו יכולים לאשר כי הגענו לנוסח הסופי והמוסכם של הסכם השלום, וכי פקיסטן פועלת עכשיו מקרוב עם שני הצדדים כדי להשלים את הצעדים הבאים. השלום מעולם לא היה קרוב כמו עכשיו""  @yechez.korn  📸: Getty Images",447,441,17,https://www.instagram.com/p/DZfi2EFFhBY/
18086106608411325,2026-06-12,20:27,Photo,FEED,"⁨	אילון מאסק הפך לטריליונר הראשון בעולם👇  מחיר המניה של SpaceX הגיע ל-150 דולר עם הנפקתה, כך הפך אילון מאסק לטריליונר הראשון בעולם. שווי האחזקות של מאסק ב-SpaceX מוערך בכ-690 מיליארד דולר  השווי של חברת SpaceX כולה מוערך בכ-2.12 טריליון דולר, מה שהופך אותה לחברה הציבורית השישית בגודלה בארה""ב, מתחת לגדולות כמו אפל, מיקרוסופט ואמאזון  ‪@yechez.korn‬  📸: רויטרס⁩",361,1394,27,https://www.instagram.com/p/DZfoO6gFlb7/
18101641247029898,2026-06-12,21:08,Reel,REELS,⁨	⁨	קופה ראשית מגיעה לקולנוע - ונועה קולר וקרן מור מגלות אם הן יותר שירה שטיינבוך או יותר כוכבה  ‪‪@almogtamar‪@ifatglick‬ck‬ck⁩⁩,129,506,3,https://www.instagram.com/reel/DZfs6iGEuEd/
18033741269807205,2026-06-13,09:47,Photo,FEED,"⁨	לילה לא שקט בחופי הכינרת: 11 מטיילים, בהם שלושה קטינים, ששהו מרביתם סמוך לחוף דוגה בכינרת, נזקקו לטיפול רפואי כתוצאה מנשיכת תן. כולם טופלו במרכז הרפואי צפון, קיבלו את החיסונים הנדרשים ושוחררו, למעט מטופלת אחת שהגיעה מחוף אחר בשעה מאוחרת יותר.  ""בכל מקרה של נשיכה, שריטה או מגע קרוב עם חיית בר, יש לפנות ללא דיחוי לקבלת טיפול רפואי וחיסון"", הדגישה מנהלת המחלקה לרפואה דחופה. ""מעבר לטיפול המיידי, אני קוראת לציבור לנקוט משנה זהירות: יש להימנע מכל מגע עם בעלי חיים משוטטים או חיות בר, להרחיק אותם מאזורי מגורים ומקומות בהם שוהים ילדים, ולוודא שחיות המחמד הביתיות מחוסנות כחוק. ערנות ומניעה הם הכלים הטובים ביותר שלנו לשמירה על הבריאות""  @chen_beyar  📷: פלאש90⁩",659,1138,24,https://www.instagram.com/p/DZhDzPyCsEZ/
17892583752363028,2026-06-13,11:13,Carousel,FEED,"⁨	""קיים הקשר טרוריסטי"" 👇  עונשי מאסר כבדים נגזרו על פעילי ארגון ""פלסטין אקשן"" בעקבות פריצתם למפעל הכטב""מים של ""אלביט מערכות"" הישראלית בבריטניה.  השופט פסק כי מי שגרמו נזק לרחפנים וציוד אחר במפעל ייחשבו כטרוריסטים. על פאטמה רג'וואני בת ה-21 נגזרו חמש שנים ו-8 חודשים, על שרלוט הד וליאונה קמיו בנות ה-30 נגזרו שש שנות מאסר, והעונש החמור במיוחד נגזר על סמואל קורנר, שהיכה שוטרת בפטיש וגרם לה לשבר בעמוד השדרה: שמונה שנות מאסר. שניים מששת הפורצים למפעל זוכו מאשמה.  הארבעה נמצאו אשמים בגרימת נזק פלילי בפריצה לאתר אלביט מערכות בגלוסטרשייר בשנת 2024. הפשיטה על המפעל גרמה נזק של 1.2 מיליון ליש״ט. בהכריזו על החלטתו בדבר ""הקשר טרוריסטי"" של הנאשמים, הסביר השופט: ""אני בטוח שמטרת הנזק החמור לרכוש הייתה להפחיד את ממשלת בריטניה וחלק מהציבור, ולקדם מטרה פוליטית או אידיאולוגית"".   בבית המשפט התפתח דיון בשאלת הרשעת חברי הארגון בעבירות טרור. הסנגוריה טענה כי יהיה זה חסר תקדים להרשיע נאשם בעבירת טרור לא אלימה: ""זו הזמנה לאוטוריטריות מצמררת וזוחלת שחותרת תחת מרקם החברה שלנו"".  השוטרת שהותקפה בפטיש בידי הנאשם קורנר העידה במשפט: ""ההשפעה הכוללת של האירוע הזה הייתה עמוקה וארוכת טווח. הוא השפיע על בריאותי הפיזית, על רווחתי הנפשית, על ביטחוני, על הקריירה ועל חיי המשפחה. אני לא אותו אדם שהייתי לפני שזה קרה, אני מרגישה שהאישיות שלי השתנתה"". במהלך המשפט, טען התוקף שלה כי נתקף פאניקה לאחר שרוסס בפלפל, ופעל כדי להגן על אחד מפעילי הקבוצה שלדעתו נפגע קשה.  מחוץ לבית המשפט בדרום-מזרח לונדון התאספו כ-500 מפגינים, כמה מהם החזיקו שלטים עליהם נכתב: ""הצלת חיים אינה טרור. אנו תומכים בפלסטין אקשן""  (דב גיל-הר) 📷: לפי סעיף 27א', רשת X⁩",1514,4087,233,https://www.instagram.com/p/DZhNkS0leR5/
18087343079378198,2026-06-13,14:48,Reel,REELS,⁨	⁨	⁨	נראה שחצי מהקהילה היהודית במקסיקו הגיע למשחק הפתיחה של המונדיאל ⚽   כתבנו איציק זוארץ פגש את האוהדים המאושרים שיצאו מאצטדיון האצטקה עם ניצחון ראשון ביד 💪  ‪‪@itsik_z‬‬⁩⁩,175,9638,181,https://www.instagram.com/reel/DZhmOGEjTB_/
18120488014664925,2026-06-13,15:55,Reel,REELS,"⁨	לא חשדתי 👇  שוטרים בלימה, בירת פרו, הראו מחויבות מרשימה לתפקיד - ובעיקר יצירתיות - והגיעו למעצר של חשוד בסחר בסמים כשהם לבושים כמו שניים מקמעות המונדיאל: אייל קורא, המייצג את קנדה, ועיטם לבן-ראש, המייצג את ארצות הברית.   קולונל המשטרה המקומית אמר כי ""הודות לעבודת המודיעין, הבנו שהאדם הזה הוא אוהד כדורגל מושבע. הוא חי את קדחת המונדיאל, אז הסווינו את אנשינו כקמעות המונדיאל כדי להגיע אליו ללא חשד, ללכוד אותו ולעצור אותו"".  על פי כלי התקשורת המקומיים, ברשות החשוד נתפסו 2,524 חבילות של קוקאין ו-209 גרם מריחואנה, כמו גם נשק חם, תחמושת ומזומן.  יחידת משטרה זו מרבה להלביש את אנשיה כדמויות מפורסמות בזמן ביצוע פעולות בתקופות כמו ליל כל הקדושים וחג המולד. בביצוע מעצרים בעבר התחפשו השוטרים לגיבורי על, לדמויות מסרטי אימה - ואפילו לקפיברה.  מה דעתכם - ניצלו את תקציב המשטרה כראוי?  @yechez.korn  📷: רויטרס⁩",804,2754,15,https://www.instagram.com/reel/DZht1DRDIZI/
18117605500722038,2026-06-13,20:23,Photo,FEED,"ללא התחייבות בהסכם להוצאת האורניום מאיראן 👇  נשיא ארצות הברית דונלד טראמפ אישר כי מחר ייחתם הסכם מזכר ההבנות בין איראן לארצות הברית באופן דיגיטלי. טראמפ גם הבהיר שהגרעין האיראני ידולל ויושמד ב""איראן או בארצות הברית"" כך שהוא לא מתחייב שהאורניום המועשר יוצא משטח איראן.   ""ההסכם שלי הוא בדיוק ההפך מההסכם עם אובמה – חומה נגד נשק גרעיני"", כתב טראמפ ברשת החברתית Truth. ""מערכת היחסים שלנו עם איראן שונה וטובה בהרבה מזו של ממשלים קודמים. שום כסף לא יעבור ידיים"".   @nathanguttman  📸: AP",481,580,146,https://www.instagram.com/p/DZiMgYykcNo/
18101682668329849,2026-06-13,20:41,Reel,REELS,⁨	נסו לעקוף אותו: שי טונדובסקי בן ה-12 קרא השנה כבר 469 ספרים!   @maya_rachlin #כאןבשש⁩,87,6322,265,https://www.instagram.com/reel/DZiOjIlDmaM/
18104123587831411,2026-06-13,21:30,Carousel,FEED,⁨	⁨	⁨	⁨	⁨	⁨	יותר מהתוצר השנתי של רוב מדינות העולם: דפדפו כדי לראות את הנתונים מאחורי השווי הדמיוני של מאסק 💸  ‪‪‪‪‪@shalev.segal‬‬‬‬‬⁩⁩⁩⁩⁩ 📸: AP⁩,145,7387,230,https://www.instagram.com/p/DZiUNIhk7OE/
18397489990153518,2026-06-13,23:29,Reel,REELS,"תצוגת תכלית על מדים: שוטר בבוסטון שאחראי על אבטחת חגיגות המונדיאל, הפך לכוכב רשת אחרי שהדהים את האוהדים בסדרת הקפצות מפתיעה.  @yechez.korn",138,2130,13,https://www.instagram.com/reel/DZihzhkiMe0/
17905721793263167,2026-06-14,08:48,Photo,FEED,"""הלבישו על דגים וצבים חיישנים שמשדרים ללוויין"" 👇  המשרד לביטחון המדינה של סין הזהיר מפני דרכים וחדשות שבאמצעותן מדינות זרות אוספות מודיעין ימי רגיש. לצד כלים סטנדרטיים יותר, כמו כלי שיט ומצופי ביון וציוד אלקטרוני שמותקן על ידי חברות זרות על ספינות סיניות, הזהיר המשרד גם מפני ""צבי ריגול ודגי ריגול"".   בהודעת המשרד נכתב: ""באזורים ימיים מסוימים של סין, נמצאו חיות ימיות גדולות יחסית שהורכב עליהן חיישנים ואשר שחו באזור מסוים כדי לאסוף מידע רגיש על האקלים הימי כמו טמפרטורת המים, המליחות והזרמי האוקיינוס בזמן אמת, ולאחר מכן העבירו את המידע מחוץ למדינה דרך לוויין"".  עוד צוין שסוכנויות ביון זרות ניסו במשך שנים לחקור את פעילויות הצי הסיני, לבנות ""מפות תת-ימיות של אזור החוף של המדינה ולעקוב אחר מצבורי הנפט והגז הרחוקים מהחוף. המשרד קרא לחוקרים, דייגים ובעלי כלי שיט להראות עירנות ולדווח על ""מכשירים חשודים"".  @yechez.korn התמונה נוצרה באמצעות AI ✨",846,1050,20,https://www.instagram.com/p/DZjhzwuDdpn/
18006995990919590,2026-06-14,09:50,Carousel,FEED,טירוף בתפוח הגדול: לראשונה מאז 1973 קבוצת הכדורסל של ניו יורק זכתה באליפות ה-NBA. צפו בתמונות מהתפרצות השמחה של האוהדים  📸: AP @itamar.margalit,143,1868,6,https://www.instagram.com/p/DZjo5VFGBDG/
17939433402247546,2026-06-14,10:17,Photo,FEED,"⁨	אחרי יום אחד: קירל חזרה מירח הדבש ועברה ניתוח אפנדציט 👇  ירח הדבש של נועה קירל ובעלה דניאל פרץ ביפן  נעצר במפתיע. יממה בלבד לאחר הנחיתה, חזרה הזמרת לישראל לצורך ניתוח להסרת התוספתן. בחשבון האינסטגרם שלה שיתפה קירל: ""תכננו ירח דבש אבל התוספתן שלי לא ככ זרם:/ אני בסדררררר תודה לכולכם על הדאגה יש לי בעל מושלם שדאג לי רק בריאות אמןןן❤️"".  (דורית אסרף מזרחי)⁩",358,1419,54,https://www.instagram.com/p/DZjsC9mjXq9/
17970860163113286,2026-06-14,11:30,Reel,REELS,"גם כשהסכם בין איראן לארה""ב נראה כמו עניין של שעות עד ימים, המלחמה בצפון נמשכת: רחפן נפץ של חיזבאללה נפל הבוקר בסמוך לבתי תושבים בגליל. צה""ל טוען: ""הרחפן נפל סמוך לכוחותינו"".  @rubih",181,751,40,https://www.instagram.com/reel/DZj0YBjGwbz/
18110628562900195,2026-06-14,13:44,Photo,FEED,"⁨	צה״ל תקף ברובע הדאחייה בביירות מטרות של חיזבאללה. נתניהו ושר הביטחון כ״ץ הודיעו: ״התקיפה - תגובה לירי חיזבאללה לשטח ישראל. לא נסבול ירי לשטחנו״.  התקיפה האחרונה בדאחייה, לפני שבוע, גררה תגובה מצד האיראנים - ששיגרו טילים לישראל  (כרמלה מנשה, עומר שחר)⁩",253,429,17,https://www.instagram.com/p/DZkDrSjCm6W/
18118701994704690,2026-06-14,14:05,Reel,REELS,מטוסי קרב בלב ביירות: תיעוד תקיפת צה״ל ברובע הדאחייה  (איתי בלומנטל) 📸: דובר צה״ל,81,648,15,https://www.instagram.com/reel/DZkGCojgLwf/
17936303430254217,2026-06-14,14:55,Photo,FEED,"⁨	⁨	יבגני יורדנוב, מאמן התעמלות קרקע בן 51 מקריית אונו, הואשם באונס, מעשה מגונה, סחיטה באיומים ושידול קטין.   על פי כתב האישום, יורדנוב ביצע עבירות מין בשתי מתעמלות שאימן, אחיות, כשהיו בנות 11 עד 18, בין השנים 2017 עד 2020. עוד עולה מכתב האישום כי יורדנוב שיכר את האחיות באלכוהול, ואף איים על אחת מהן בסכין בזמן שביצע בה מעשה מגונה   ‪@hadasgrinberg‬⁩",351,1655,263,https://www.instagram.com/p/DZkLxZdiz8x/
17950605636175326,2026-06-14,16:16,Carousel,FEED,"⁨	יום הולדת 80, חגיגות 250 לארה”ב וקרבות UFC: מופע הענק שטראמפ מתכנן הלילה - ומה הוא רוצה שיזכרו?  קישור לצפייה בכתבה המלאה - בסטורי 📲  @ayala_hasson  📸: Mark Schiefelbein\AP⁩",175,506,20,https://www.instagram.com/p/DZkVGqqiQ3B/
18084309740566942,2026-06-14,17:05,Reel,REELS,"⁨	שתי מדינות? בצפון - מלחמה, בתל אביב - משתזפים על החוף   מתוך סדרת הכתבות ""שתי מדינות""  @riadalee",98,2116,243,https://www.instagram.com/reel/DZkar5ejmpP/
18134129251504641,2026-06-14,17:12,Photo,FEED,"⁨	⁨	אחרי התקיפה בדאחייה: בישראל נערכים לאפשרות של ירי מאיראן בשעות הקרובות. הרמטכ""ל זמיר מקיים הערכות מצב בשעות אלו. אין שינוי בהנחיות פיקוד העורף נכון לשעה זו   ‪@itayblumental‬  📸: יונתן זינדל, פלאש90⁩⁩",204,668,50,https://www.instagram.com/p/DZkbcMtkR15/
18115095206508549,2026-06-14,17:40,Photo,FEED,"⁨	בצל ההפגנות נגד הגיוס: 50 אברכים התגייסו ביום חמישי האחרון לצה""ל במסגרת תוכנית ""מעלות צור"". האברכים ישרתו בתפקידים בתחומי טכנולוגיה, תקשוב ואלקטרוניקה   @daniel.grovais",170,3495,287,https://www.instagram.com/p/DZkerN8kZBv/
17969258472062323,2026-06-14,17:59,Photo,FEED,"⁨	פיקוד העורף הודיע על שינוי בהנחיות ברחבי הארץ: תתאפשר פעילות מלאה עם הגבלת התקהלות של עד 5,000 אנשים. באזור קו העימות תתקיים פעילות חלקית בלבד, ללא שינוי בהנחיות.   בעקבות ההנחיות החדשות, הופעות הענק של הזמרים עומר אדם ואייל גולן, שהיו אמורות להתקיים היום - בוטלו  @itayblumental @dorit_mizrahi_  📸: אלוני מור, קוקו - פלאש90⁩",327,715,11,https://www.instagram.com/p/DZkg6tjEbLG/
18102632915024216,2026-06-14,18:11,Photo,FEED,"⁨	⁨	⁨	נשיא ארה""ב התייחס הערב לתקיפת צה""ל שבוצעה מוקדם יותר בביירות, וכתב ב-Truth Social כי היא ""לא הייתה צריכה לקרות"", במיוחד בזמן שבו לדבריו וושינגטון קרובה להסכם עם איראן. טראמפ הדגיש כי ""לישראל יש זכות להגן על עצמה מפני איומים"", אך טען שהאירוע שעליו הגיבה היה ""קטן מאוד וחסר משמעות"", וכי לא היו בו נפגעים.  בהמשך קרא טראמפ לכל הצדדים לעצור את ההסלמה, והעביר מסר ישיר לירושלים: ""לא צריכות להיות עוד תקיפות של ישראל בשום מקום בלבנון"". במקביל, כתב כי גם חיזבאללה וכל גורם אחר צריכים להפסיק לתקוף את ישראל. ""זו יכולה להיות תחילתו של שלום ארוך ויפה"", סיכם, ""בואו לא נפוצץ את זה"".  ‪@nathanguttman‬  📸: AP/Mark Schiefelbein; שלו שלום/פול⁩⁩⁩",637,476,108,https://www.instagram.com/p/DZkiSIykSSG/
18090030533610126,2026-06-14,21:54,Photo,FEED,"⁨	⁨	הזמר האמריקני אוליבר טרי נהרג בתאונת מסוקים בברזיל❤️‍🩹  שישה בני אדם נהרגו בתאונה בין שני מסוקים בריו דה ז'נרו שבברזיל, בהם הזמר וכוכב הרשת האמריקני אוליבר טרי בן ה-32.   טרי שהה בריו דה ז'נרו בעיצומו של סיבוב הופעות עולמי. ב-6 ביוני האחרון הוא קיים הופעה בסאו פאולו, והוא היה אמור לערוך את הופעתו הראשונה באירופה בליסבון, פורטוגל, ב-13 ביולי.  לטרי כמעט 20 מיליון עוקבים ברשתות החברתיות, יותר מ-11 מיליון מאזינים חודשיים בספוטיפיי, והוא חתום על שירים עם יותר מ-700 מיליון השמעות, כמו ""Life Goes On"" ו-""Miss You"". לפני מותו הטרגי הוא פרסם סטורי מתוך אולפן הקלטות, לצד שמות מוכרים אחרים מתעשיית המוזיקה  ‪@yechez.korn‬  📷: AP⁩⁩",630,5453,219,https://www.instagram.com/p/DZk7yosCXaX/
18399246817086366,2026-06-15,08:16,Photo,FEED,"רעידת אדמה פוליטית הלילה במזרח התיכון: נשיא ארה""ב הכריז על השלמת הסכם עם איראן, במסגרתו המצור הימי יוסר מיידית ומצר הורמוז ייפתח. במקביל, דיווחים רשמיים כבר מדברים על הפסקת אש קבועה ומיידית בכל החזיתות, כולל בלבנון, כאשר לפי ""ניו יורק טיימס"" איראן אף ביטלה ברגע האחרון מתקפה מתוכננת נגד ישראל בעקבות התערבותו הישירה של הנשיא האמריקני שקרא לה ""לנהוג באיפוק"".  לצד הבשורות המדיניות ופשרת הגרעין המסתמנת, טראמפ לא חסך בדרמה ותקף חזיתית את ראש הממשלה נתניהו: ״הוא בחור קשה מאוד, ולמען האמת הוא צריך להודות לנו מאוד. אם לאיראן היה נשק גרעיני, ישראל לא הייתה שורדת שעתיים - הצלתי את ישראל  מהשמדה"". טקס החתימה הרשמי ייערך כבר ביום שישי הקרוב בשווייץ  (מואב ורדי, יואב זהבי, גילי כהן ואיתמר וישנקו) צילום: רויטרס, AP, יונתן זינדל/פלאש 90",730,939,725,https://www.instagram.com/p/DZmC_b6DtI7/
18118416148783669,2026-06-15,09:04,Reel,REELS,"תיעוד קשה: צעירה בת 22 נורתה אמש ביפו בזמן ששידרה לייב בטיקטוק, ופונתה במצב קשה לבית החולים וולפסון. הירי התרחש ברחוב דוד רזיאל, ולפי המשטרה הרקע לאירוע ככל הנראה פלילי  @hadasgrinberg",184,831,75,https://www.instagram.com/reel/DZmIZxila8c/
17872971852522759,2026-06-15,10:05,Photo,FEED,"שעות ספורות אחרי הכרזת טראמפ על הסכם בין ארה""ב לאיראן והפסקת אש בחזיתות, בירושלים מבהירים באופן רשמי: צה""ל לא ייסוג.   שר הביטחון ישראל כ""ץ פרסם הבוקר הצהרה המבהירה כי ישראל מתנגדת לנסיגה מלבנון למרות הלחצים הבינלאומיים. לפי כ""ץ, המסר הועבר ישירות לנשיא ארה""ב ולבכירים בממשלו, כמו גם למזכיר ההגנה האמריקני פיט הגסת'.  ""רה""מ בנימין נתניהו ואני מובילים מדיניות ברורה שקובעת שצה""ל יישאר באזורי הביטחון בלבנון, בסוריה ובעזה - ללא הגבלת זמן"", הבהיר שר הביטחון. הוא הציג את תוכנית הפעולה בשטח: ""השטח יהיה פנוי מתושבים מקומיים וכל תשתיות הטרור, מתחת ומעל לפני הקרקע - כולל הבתים בכפרי המגע ששימשו כמוצבי טרור - ייהרסו. זהו הלקח העיקרי מאירועי 7 באוקטובר"".  @itayblumental  📸: Chaim Goldberg/Flash90, AP Photo/Jacquelyn Martin",718,1099,130,https://www.instagram.com/p/DZmPeKflv2Q/
18202604335354657,2026-06-15,10:38,Photo,FEED,"אחרי שהושג הסכם בין ארצות הברית לאיראן: פיקוד העורף מעדכן רשמית על הסרת כל מגבלות ההתקהלות ברחבי הארץ. אחרי הדרמה והביטולים, אייל גולן, עומר אדם וכל האמנים הגדולים כבר יכולים לחזור לבמות  @itayblumental  📸: Aloni Mor/Flash90, Koko/Flash90",238,854,20,https://www.instagram.com/p/DZmTM6hlpZt/
17871115266653867,2026-06-15,11:18,Reel,REELS,"תערוכת הנשק היוקרתית בפריז שוב הסתבכה עם ישראל: מארגני ""יורוסטורי"" לא אפשרו למשרד הביטחון הישראלי להקים דוכן בתערוכה, ובמקביל נרשם ויכוח סביב ביתנים של חברות ביטחוניות ישראליות פרטיות שנחשדו בהצגת נשק התקפי. במשרד הביטחון תקפו בחריפות: ""המשלחת הישראלית עמדה בדרישות המקוממות של ממשלת צרפת"". לדבריהם, מדובר ב""צעד ציני, לא שוויוני ולא מפתיע"".  לצד המגבלות על המציגים הישראלים, דוכנים ישראליים אחרים נותרו פתוחים, אך גורמים בתעשיות הביטחוניות מתארים תחושת הדרה ופיקוח חריג. ""חקרו אותנו על כל מוצר או טכנולוגיה"", סיפרו לכאן חדשות. לדבריהם, פקחים עברו בין הדוכנים ופסלו מוצרים שנראו להם כנשק התקפי. זו אינה הפעם הראשונה שישראל מודרת מהתערוכה, אחרי שב-2024 צרפת מנעה מחברות נשק ישראליות להשתתף באירוע  (דב גיל-הר) | @itayblumental  📸: אגף דוברות וקשרי ציבור במשרד הביטחון",765,807,90,https://www.instagram.com/reel/DZmXuSHgSUk/
18027494090648207,2026-06-15,13:00,Photo,FEED,"רצח בגלל ויכוח על עתיקות: פרקליטות המדינה הגישה כתב אישום נגד בן 17 מלוד, בגין רצח בני הזוג אולגה ורוסלן פריחודקו סמוך למשמר איילון ב-22 במאי. לפי האישום, אחרי ויכוח על מכשירי גילוי מתכות, הוא עזב את המקום, חזר עם אקדח, ובהמשך גנב מהרכב את גלאי המתכות, הטלפונים וכרטיסי האשראי של בני הזוג.  מכתב האישום עלה כי לאחר מכן ניסה הנער לטשטש את זהותו ולהקשות על פענוח המעשים, בין היתר כשביקש מחבר תושב יהודה ושומרון לסייע בהעברת הרכב לשטחים. הפרקליטות מייחסת לו שתי עבירות רצח בנסיבות מחמירות, שוד, נשיאת נשק, שיבוש מהלכי משפט ועבירות נוספות  @hadasgrinberg  📸: לפי סעיף 27א'",568,726,30,https://www.instagram.com/p/DZmjb45jMu7/
18122088100735550,2026-06-15,15:23,Carousel,FEED,"מי ניסה להחביא את האוצר של אצילי קיסריה בתוך בור יין? תגלית נדירה ויוצאת דופן שנחשפה בבנימינה מספקת הצצה מדהימה לחיים בארץ ישראל לפני 1,700 שנה. שני פסלי שיש שלמים מהתקופה הרומית, המציגים דמויות מהעולם היווני-רומי, התגלו במפתיע במהלך חפירות שנערכו בתוואי הרחבת מסילת הרכבת באזור.  באופן חריג, על אחד הפסלים השתמרה כתובת מפורשת ביוונית עם השם ""ליקורגוס"". הארכיאולוגים, שמגדירים את הממצא כ""תגלית של פעם בחיים"", מעריכים כי מדובר בפריטי אמנות יוקרתיים שעיטרו וילה מפוארת של אחד מעשירי קיסריה הסמוכה, אך נסיבות הטמנתם המכוונת בתוך בור האיסוף של הגת נותרו לעת עתה תעלומה. הגילוי יוצג לראשונה לציבור ביום חמישי במסגרת כנס ארכיאולוגי מיוחד במוזיאון ארץ ישראל בתל אביב.  @wassermanmichal  צילום: רשות העתיקות - אסף פרץ, אמיל אלג'ם, אלירן אורן, יולי שוורץ",745,16243,264,https://www.instagram.com/p/DZmz3eqDBoH/
18093121958013375,2026-06-15,16:23,Photo,FEED,"פרסום ראשון: ההתאחדות מאמצת יוזמת פיפ""א למשחק מול פלסטין  נשיא פיפ""א, ג'אני אינפנטינו, מנסה ליזום משחק ידידות היסטורי בין נבחרות הנערים של ישראל ופלסטין, שייערך בפתח אליפות העולם עד גיל 15. אם היוזמה תצא לפועל, תהיה זו הפעם הראשונה אי פעם שבה נבחרות רשמיות משני הצדדים נפגשות על המגרש, בכל מסגרת או קבוצת גיל שהיא.  כעת, ההתאחדות לכדורגל מתייחסת בחיוב ליוזמה: ""אנחנו מוכנים, יותר מתמיד, להשתמש בכדורגל ככלי לקידום נורמליזציה ושלום. ידינו תמיד מושטות ליצירת עתיד טוב יותר לכולם, ומקווים למצוא שותף אמיץ גם בצד השני"".  @yoavborowitz  התמונה נוצרה באמצעות AI ✨",557,2045,255,https://www.instagram.com/p/DZm6sgzGEtz/
17933919699286688,2026-06-15,17:35,Photo,FEED,"תגלית חמורה בירושלים 👇  שלושה פעוטות מירושלים אושפזו בבית החולים לאחר שבדמם נמצאו שאריות של חומרי הרגעה והרדמה הנמצאים תרופות נוגדות חרדה למבוגרים, כגון קלונקס ווליום.  על פי החשד, הפעוטות צרכו מחיות מזון מסוגים שונים של חברת ""פרינוק"" שנרכשו בסניפים של רשת ""זול ובגדול"" בירושלים. המוצרים נרכשו כמוצרים בודדים ולא כמארז.  הפעוטות גילו תסמינים של אפתיות וחולשה ופונו בימים האחרונים ובחודש שעבר לבית החולים הדסה עין כרם, שם אושפזו להשגחה ולאחר מכן שוחררו.  המשטרה ומשרד הבריאות פתחו בימים האחרונים בחקירה בעקבות המקרים. בשלב זה לא ניתן לקבוע אם קיים קשר בין המקרים לבין המוצר, ולא ידוע על מקרים דומים נוספים. עם זאת, החקירה נמשכת וכלל כיווני החקירה נבדקים.  @nov_reuveny  התמונה נוצרה באמצעות AI ✨",694,415,27,https://www.instagram.com/p/DZnC6dODU_v/
18427069054127932,2026-06-15,18:18,Carousel,FEED,"המסמכים שנפלו בידי צה""ל חושפים: זו הסיבה המרכזית למתקפת 7 באוקטובר  @roikais @eliorlevy",87,931,64,https://www.instagram.com/p/DZnHz1UCXb6/
18210880537337467,2026-06-15,20:16,Photo,FEED,"דובר המשטרה אריה דורון: יאיר גולן נשמע כמו עוכר ישראל""  סערה בעקבות דבריו של נצ""מ אריה דורון נגד יו""ר הדמוקרטים, יאיר גולן. בראיון שהעניק לגלי ישראל, תקף דורון בחריפות את גולן בעקבות התבטאויותיו כלפי המפכ""ל וראש השב""כ, ואמר כי ""האמירה שלו נשמעת כאחד מעוכרי ישראל הגדולים ביותר שפוגע בגיבורי ישראל"".  דורון הוסיף בראיון כי גולן ""התאהב בגישה הפוגעת בלובשי המדים"" וכי מטרתו היא ""לקושש קולות"", תוך שהוא מזכיר אמירות עבר של גולן וטוען כי הוא ""צריך להיות בוש ונכלם""   זמן קצר לאחר מכן, הבהיר דורון את דבריו והודיע כי הוא חוזר בו.  @roi_yanovsky 📸: פלאש 90, אבשלום ששוני וחיים גולדברג",577,2196,778,https://www.instagram.com/p/DZnVYqmjxsT/
18056230556738006,2026-06-15,20:19,Carousel,FEED,"המדיניות הישראלית באיראן שגרסה הימנעות מהסכם, בהפעלת כוח ואז עוד יותר כוח, התנפצה. הפרשנות של גילי כהן👈  @gilicohen10",117,1399,135,https://www.instagram.com/p/DZnVrR3jD-i/
18556879522069705,2026-06-15,21:10,Carousel,FEED,"⁨	⁨	פרסום ראשון: החרדים מתכננים צעד מחאה חסר תקדים נגד הגיוס - ככל הנראה כבר ביום רביעי | דפדפו כדי לקרוא איך זה אמור להיראות  ***עדכון: עוד לא נקבע תאריך, ככל הנראה עכשיו, אולי לא יקרה השבוע אלא יידחה ‪‪@daniel.grovais‬‬  📸: פלאש 90⁩⁩",235,2404,535,https://www.instagram.com/p/DZnbjsbiRKQ/
18113010046727953,2026-06-15,21:48,Reel,REELS,"מסתכל על חצי הכוס המלאה? נתניהו מתייחס להסכם: ""איראן דהרה לפצצה אטומית - אם לא היינו פועלים, כולכם הייתם בסכנת מוות המוני""",122,1887,1328,https://www.instagram.com/reel/DZnf4DYiNv4/
17872276995527495,2026-06-15,23:36,Reel,REELS,⁨	הקהילה האיראנית בלוס אנג'לס יוצאת למחות נגד הנבחרת הכדורגל של ארצם עם דגלי איראן שלפני המהפכה - וגם עם דגלי ישראל   ‪@itsik_z‬⁩,129,2095,46,https://www.instagram.com/reel/DZnsK9kgNd0/
18167945452377882,2026-06-16,10:32,Photo,FEED,"״נעצרנו תוך כדי תדריך אחרון״ 👇  מפקד חיל האוויר האלוף עומר טישלר שלח איגרת למשרתים בה התייחס המתקפה שתוכננה בשבוע שעבר באיראן ונעצרה ברגע האחרון בהתערבות נשיא ארצות הברית טראמפ: ""כל חיל האוויר היה מוכן להמריא למטס תקיפה רחב. שעות ספורות מפקודה להמראה, מאות מטרות בלב איראן. התקיפה נעצרה בעודנו מתדרכים בטייסות שעה בלבד טרם היציאה למטס"". מכתבו פורסם הבוקר לראשונה בכאן חדשות  Itay Blumental  📸: דובר צה״ל, U.S. Air Force",419,3426,125,https://www.instagram.com/p/DZo3RR3jJeu/
18086723024313378,2026-06-16,11:23,Photo,FEED,"״מצבו טוב״ 👇  השר דוד אמסלם עבר התקף לב במוצאי שבת האחרונה ואושפז בבית החולים, כך מסרה הבוקר לשכתו. בהודעה נכתב כי מצבו של השר בן ה-65 טוב וכי הוא השתחרר הבוקר לביתו  @dikla_aharon  📸: פלאש 90",192,943,517,https://www.instagram.com/p/DZo9KmyHX8U/
18600519208004255,2026-06-16,11:59,Photo,FEED,"בעקבות תיקו 0 היסטורי ⚽️  ז'וזימר ""ווז'יניה"" דיאס, שוער כף ורדה שהרשים אתמול במשחק מול נבחרת ספרד, גילה אתמול להפתעתו במהלך ריאיון כי נוספו לו מאות אלפי עוקבים חדשים. תוך יום השוער בן ה-40 כבר הגיע לכמעט שישה מיליון עוקבים באינסטגרם, לעומת 50,000 בלבד שהיו לו לפני המשחק מול ספרד   כזכור, במשחקה הראשון במונדיאל אי פעם, הנבחרת הקטנה הצליחה לעמוד בגבורה מול ספרד ולסיים עם תוצאת תיקו 0 מול הקבוצה האימתנית שכבר ניצחה בעבר במונדיאל ונחשבת לאחת המובילות הבולטות להגיע לשלבים האחרונים במונדיאל  (דב גיל-הר) 📸: AP, צילום מסך מהרשתות החברתיות",536,1317,24,https://www.instagram.com/p/DZpBPjPgGOV/
18108242441475104,2026-06-16,13:29,Photo,FEED,"הם לא רק תכננו פיגוע, הם כבר הכינו את סרטון לקיחת האחריות. רשויות החוק בגרמניה איתרו אצל אחד החשודים בהשתייכות לתשתית חמאס באירופה סרטון שהוקלט מראש, לקראת פיגוע גדול שתוכנן ליום השנה השני לטבח 7 באוקטובר.  לפי החוקרים, הפיגוע נמנע ימים ספורים לפני המועד המתוכנן. מאז הסתיו האחרון נעצרו בגרמניה ובמדינות נוספות באירופה תשעה חשודים בתמיכה בחמאס ובמעורבות בהובלה ובאחסון של נשק ותחמושת עבור הארגון.  (דב גיל-הר) צילום: AP Photo/Jens Meyer",436,5300,123,https://www.instagram.com/p/DZpLih_jLGS/
17958247904962919,2026-06-16,14:42,Reel,REELS,"""אם ישראל לא יכולה לעשות את העבודה בלי להרוג את כולם, סוריה תעשה את זה"": טראמפ בביקורת חריפה על ההתנהלות של ישראל מול לבנון, בדברים שאמר במסיבת עיתונאים משותפת עם אמיר קטר בפסגת G7  @itamar.margalit",198,2148,1505,https://www.instagram.com/reel/DZpT1TSj8xi/
18139982125541220,2026-06-16,15:35,Photo,FEED,"התכנית: ליצור פיצוצים ולצלוף בהמון שיברח 👇  הבולשת הפדרלית (FBI) סיכלה מתקפת רחפנים על אירוע UFC שהתקיים בבית הלבן לרגל יום הולדתו ה-80 של הנשיא דונלד טראמפ - כך הודיע היום ראש ה-FBI קאש פאטל, שהוסיף כי כמה חשודים נעצרו ברחבי ארצות הברית  על פי דיווח ברשת ""פוקס ניוז"", החשודים תכננו לכאורה להשתמש ברחפנים ממולכדים כדי לפגוע במבנים סמוכים לאירוע, ולירות לעבר הקהל בעת המנוסה. עוד דווח כי חשודים נוספים תכננו לפלוש לבית הלבן. גורם בכיר באכיפת החוק הגדיר את האיום כ""רציני מאוד""  @yoav.zehavi  📸: AP",495,507,17,https://www.instagram.com/p/DZpaCERjjJO/
18103387757012899,2026-06-16,17:11,Photo,FEED,"המונדיאל מגיע גם לאגפים ⚽  בתום הערכת מצב עם סגל הפיקוד הבכיר, נציב בתי הסוהר, רב גונדר קובי יעקובי, הנחה לאפשר לאסירים פליליים לצפות במשחקי המונדיאל גם בשעות המאוחרות, כחלק מיעד שיקום האסיר. עם זאת, הנציב הבהיר כי אירועי משמעת והפרות סדר יטופלו במשילות כליאתית מלאה  (אורלי אלקלעי) התמונה נוצרה באמצעות AI ✨",308,806,52,https://www.instagram.com/p/DZpk8jEFfWo/
18090756593617795,2026-06-16,18:19,Reel,REELS,שחר של יום חדש: כתבנו הפוליטי החדש שחר גליק מגיע למהדורה עם סקר דרמטי. הערב ב-20:00 @shahar.glick.news,102,232,23,https://www.instagram.com/reel/DZpsqcSi0Zj/
18405497941158396,2026-06-16,20:42,Carousel,FEED,"מהפך בצמרת האופוזיציה: לראשונה בסדרת הסקרים של כאן חדשות, גדי איזנקוט עוקף את נפתלי בנט. מפלגת ""ישר!"" עולה ל-21 מנדטים, ""ביחד"" יורדת ל-17. במקביל, הליכוד נחלש ל-23 מנדטים וגוש נתניהו יורד ל-52.  אחרי ההסכם של ארה""ב עם איראן, הציבור עדיין לא רגוע: 55% מהנשאלים מתנגדים להסכם, ורק 18% תומכים בו. במקביל, 70% עדיין חוששים מהאיום האיראני. בקרב מצביעי האופוזיציה, איזנקוט מוביל גם בשאלת ההובלה: 44% חושבים שהוא צריך להוביל את גוש מתנגדי נתניהו, לעומת 36% שתומכים בבנט.  תיקון: חד״ש-תע״ל בראשות יוסף ג׳בארין ואחמד טיבי.  @shahar.glick.news  📸: יונתן זינדל/פלאש 90, פלאש 90",566,2155,289,https://www.instagram.com/p/DZp9Gw0jKtP/
18113747362730452,2026-06-16,21:19,Reel,REELS,"⁨	⁨	ח״כ מאיר פרוש: ""אם היועצת המשפטית לממשלה לא תפסיק לרדוף את לומדי התורה - לא תהיה ברירה ונגרש אותה במקלות ובאבנים""   (דניאל גרובייס)⁩⁩",137,792,635,https://www.instagram.com/reel/DZqBV4hlc8O/
18098540908936818,2026-06-16,21:51,Reel,REELS,"בסיאטל דאגו שגם מי שלא היה באצטדיון ירגיש את המונדיאל: אחרי המשחק בין מצרים לבלגיה שהתקיים בעיר, הרחפנים עלו לשמיים והציגו את התוצאה בענק  @itamar.margalit  📸: רויטרס",166,1086,1,https://www.instagram.com/reel/DZqE7oclsfI/
18179267467398176,2026-06-16,22:48,Reel,REELS,"⁨	גאווה ישראלית: איילה אוחנה, בת 13 מקצרין, הגישה לשופט את הכדור בפתיחת המשחק בין צרפת לסנגל במונדיאל. איילה אובחנה במחלה הנדירה גושה, והכדורגל והספורט עוזרים לה להתמודד עם התסמינים   @anna.pines",195,12048,168,https://www.instagram.com/reel/DZqLgDCDIgT/
17998879127955161,2026-06-17,09:14,Reel,REELS,"⁨	מפגינים חרדים מתת-הפלג הקיצוני “הרצפניקים” ששייך לפלג הירושלמי חוסמים את כביש 4 במחלף גבעת שמואל לשני הכיוונים ומתעמתים עם המשטרה, זאת במחאה נגד כליאת עריקים שנעצרו על ידי המשטרה הצבאית. הכביש נפתח ונסגר לסירוגין.  ‪@daniel.grovais‬⁩ 📸: יוסף כהן",247,6568,1624,https://www.instagram.com/reel/DZrS_xgCSfa/
18052885937596802,2026-06-17,10:11,Photo,FEED,"סיפור מהסרטים: המשטרה פשטה על מתחם הסינמה סיטי בירושלים בעקבות חשד להימצאות סחורה מזויפת. במהלך הפשיטה נתפסה סחורה מזויפת בשווי מוערך של כ-250,000 ש""ח, אשר הוחרמה על ידי הכוחות.  @haimgoldich @veredpelman  📸: פלאש 90, יונתן זינדל",229,4555,203,https://www.instagram.com/p/DZrZupyERpC/
18097165640598290,2026-06-17,12:54,Reel,REELS,"ח""כ צבי סוכות איים על צמרת צה""ל והבהיר: ""אם תדרכו עלינו – לא נעביר לכם כלום בכנסת. יש לנו כוח פוליטי"".  הדברים נאמרו בכנס ""לא לקרוע את צבא העם"", שנערך על רקע סערת שילוב הנשים בשריון. נגד סוכות, כזכור, מתנהלת חקירה בחשד לפריצה לבסיס שדה תימן.  @dikla_aharon",256,1448,829,https://www.instagram.com/reel/DZrsQLDjlUD/
18470889799111961,2026-06-17,13:28,Photo,FEED,"פרסום ראשון: הסיוט הכי גדול של ההורים התממש 👇  משרד הבריאות עדכן את הורי הפעוטות שאושפזו בירושלים כי בבדיקות המעבדה נמצאו במחיות ""פרינוק"" שצרכו חומרי הרדמה. בעקבות הממצאים הוצאו צווי סגירה מיידיים לשני סניפים של רשת ""זול ובגדול"" בירושלים, שמהם נרכשו המוצרים.  במשרד הבהירו כי בשלב זה לא נמצאה אינדיקציה לתקלה בייצור או לזיהום במפעל, ולכן נבדק כיצד הגיעו החומרים למחיות. המשמעות: נבדק חשד להכנסה מכוונת של חומרי ההרדמה, ולכאן חדשות נודע כי בעקבות זאת משרד הבריאות פנה גם לשב""כ  @nov_reuveny  התמונה נוצרה באמצעות AI ✨",516,1614,241,https://www.instagram.com/p/DZrwQbJjEzS/
18069468692694863,2026-06-17,14:57,Photo,FEED,"ירוק מבחוץ אבל לבן מבפנים🍉  כאלף דונם של שטחי גידול אבטיחים ברחבי הארץ הושמדו בעקבות וירוס חריג שפוגע באבטיחים. כך נמסר מהקרן לביטוח נזקי טבע בחקלאות  הווירוס פוגע ישירות במרקם ובטעם של הפרי, והאבטיחים הופכים לקמחיים, נראים לא בשלים ולעיתים מציגים פנים לבן או פסים צהובים המקנים להם מראה בשל מדי. עם זאת הודגש הווירוס אינו מסוכן לבני אדם, והאבטיחים הנגועים אינם מסוכנים למאכל.  לפי הקרן, לצד פגיעת מזג האוויר בייבולים בתחילת העונה, נרשמה השנה התפרצות של וירוס דלועיים בהיקף הגבוה פי 5–6 מהממוצע  בקרן הסבירו כי ראשיתה של הפגיעה בענף החלה כבר במהלך חודש מרץ, אשר התאפיין בעננות רבה ובקור יחסי. תנאי אקלים אלו הביאו לפחיתה דרמטית ומשמעותית בהיקפי הייבול  עוד נמסר כי הנזקים נרשמו באזורים שונים בארץ, בהם עמק הירדן, הגליל התחתון ועוטף עזה. בקרן חוששים כי עם התקדמות עונת הקטיף יתגלו נזקים נוספים בשטחי גידול שטרם הבשילו  @wassermanmichal  📸: מעריכי קנט",849,1293,22,https://www.instagram.com/p/DZr6ZPZFlnm/
18328580020266082,2026-06-17,15:50,Photo,FEED,"⁨אחרי שחשפה זהות של איש שב""כ: הכנסת אישרה חסינות לגוטליב, והוא עותר לבג""ץ נגד ההחלטה 👇  מליאת הכנסת אישרה מתן חסינות מפני העמדה לדין פלילי לחברת הכנסת טלי גוטליב, הנאשמת בפרסום זהותו של עובד שב""כ שהוא בן זוגה של מנהיגת המחאה שקמה ברסלר. 62 חברי כנסת הצביעו בעד מתן החסינות  חברה של גוטליב למפלגת הליכוד, ח""כ יולי אדלשטיין, אמר מוקדם יותר כי לא יתמוך במתן החסינות. ‏""אם חברי הכנסת הערבים היו חושפים שמות של סוכני מוסד ואנשי שב""כ? גם אז היינו שותקים? יש השלכות לכל דבר"", אמר. לפני יומיים אישרה ועדת הכנסת את מתן החסינות, והיום הוא המועד האחרון שבו יכלה המליאה לאשר זאת, בתום 30 ימים מהגשת כתב האישום נגדה  גוטליב, שבנוסף לפרסום זהותו של עובד שב""כ טענה לבגידה ב-7 באוקטובר, אמרה הבוקר בריאיון ל""הבוקר הזה"" בכאן חדשות ברשת ב': ""ההצבעה בעניין החסינות המהותית שלי היא לא הצבעה לי באופן אישי, אלא לחברי כנסת באשר הם""⁩  @dikla_aharon  📸: יונתן זינדל, פלאש 90",850,555,221,https://www.instagram.com/p/DZsAjFqFAAT/
18454820917117847,2026-06-17,16:21,Photo,FEED,"חרדים הקימו מיצג תמיכה עם כיסאות צהובים ושלטי ""חטופי סולברג"" ו-""מחזירים אתכם הביתה"", עבור חרדים שנעצרו לאחר שהתפרעו בביתו של שופט העליון נעם סולברג  @daniel.grovais",164,472,113,https://www.instagram.com/p/DZsEAgvDgRZ/
17890518051549438,2026-06-17,17:37,Reel,REELS,"⁨	אלפי חרדים מחסידות גור מפגינים מחוץ לכלא 10 במחאה על מעצר עריקים שנעצרו על ידי המשטרה הצבאית👇  האדמו""ר מגור הגיע להפגנה שבכלא 10, וכוחות צה""ל הוקפצו למקום מחשש לפריצת אלפי החרדים לבסיס. כמו כן, חרדים, המשתייכים לפלג הקיצוני שבתוך הפלג הירושלמי - פלג 'הרצפניקים', חסמו את כביש 4 סמוך לבני ברק, שם נעצרו חמישה מפגינים בעימותים עם כוחות המשטרה  ‪@daniel.grovais‬⁩",362,936,301,https://www.instagram.com/reel/DZsMu7fgQIH/
18444103723189831,2026-06-17,17:58,Photo,FEED,"⁨	5 לוחמים נפצעו בלבנון מרחפן נפץ של חיזבאללה, אחד מהם באורח קשה👇  רחפן נפץ של חיזבאללה התפוצץ סמוך לטנק של חטיבת גבעתי בדרום לבנון. ארבעה לוחמים נפצעו ופונו על ידי מסוק לטיפול רפואי. אחרי מספר דקות, התפוצץ רחפן נפץ נוסף על רכב הפינוי, לוחם נוסף נפצע ופונה על ידי מסוק. באירוע נפצע לוחם באורח קשה, שני לוחמים נפצעו באורח בינוני ושני לוחמים נפצעו באורח קל  @itayblumental ‪@carmela_menashe‬  📸: אייל מרגולין, פלאש 90⁩",416,856,44,https://www.instagram.com/p/DZsPMZ4llJA/
18106344422049248,2026-06-17,19:42,Reel,REELS,"טראמפ על ההסכם עם איראן: ""אין מדינה אחת שביקשה שנמשיך להפציץ את איראן. רק טיפשים אומרים את זה""👇  נשיא ארצות הברית דונלד טראמפ קיים מסיבת עיתונאים שבה התייחס להסכם הנרקם עם איראן. ""הגענו להסכם שמשיג את כל מה שרצינו להשיג"", אמר, ""הוא יפתח את מצר הורמוז וימנע מאיראן להשיג אי פעם נשק גרעיני""  בדבריו התייחס טראמפ גם לראש הממשלה בנימין נתניהו. ""עם כל הכבוד לו, הוא אדם מאוד טוב אבל לפעמים הוא מתלהב יותר מדי"", אמר. ""יש לנו איזה ויכוח לגבי לבנון. אני אומר לו שהוא יכול לגלות גישה קצת יותר עדינה, ושלא צריך להפיל בניין שלם של חיזבאללה בכל פעם"", אמר, והוסיף כי העביר אל ישראל עותק של מזכר ההבנות שצפוי להיחתם, לדבריו, מחר או מחרתיים.  הנשיא האמריקני אף אמר כי חיסולו של חמינאי הביא להנהגה טובה יותר באיראן. ""המנהיגים החדשים של איראן הם חכמים ופחות קיצוניים"", הסביר, ""הם ממש טובים ואוהבים את ארצם. זה היה שינוי משטר ואני חושב שהם יתנהגו אחרת מהמשטר הקודם  בסוגיית הגרעין אמר טראמפ כי ארצו מתכוונת ""להשיג"" את האורניום המועשר של איראן. ""אין לזה הרבה ערך, אבל היינו רוצים להשיג את זה מבחינה פסיכולוגית. יש לנו מצלמות מהחלל שרואות כל מה שקורה שם. יכולים לראות מהחלל את תג הזיהוי של האנשים שנכנסים לשם, מישהו שקוראים לו 'מוחמד משהו' - ב-50% מהמקרים ככה קוראים להם"", אמר  @nathanguttman @ishay_bar_yosef",1189,773,511,https://www.instagram.com/reel/DZsbAqhD_T-/
17971121574066165,2026-06-17,21:01,Reel,REELS,"⁨	השר שיקלי מהליכוד על גדי איזנקוט: ""יש לו יתרון סוציולוגי מסוים"", במפלגתו של איזנקוט תקפו: ""אמירה גזענית שמזלזלת במאות אלפי ישראלים""   (מאיה ראכלין) #כאןבשש 📸 סטילס: פלאש90⁩",174,1085,515,https://www.instagram.com/reel/DZskEoRDPgX/
18083337311396300,2026-06-17,21:39,Reel,REELS,"⁨	שוטר בעט בראשו של מפגין במהלך הפגנה בבני ברק, והושעה מתפקידו  עד לבירור נסיבות האירוע. מפכ""ל המשטרה אמר: ""אם לאחר בחינת הסירטונים מהמחאה בצומת בני ברק, נלמד שמפקדים ושוטרים פעלו שלא על פי הנהלים, לא נחשוש לטפל בחומרה ולהשעות מפעילות מבצעית""  @hadasgrinberg  📸: שימוש לפי סעיף 27 א' לחוק זכויות יוצרים⁩",303,765,236,https://www.instagram.com/reel/DZsoZiWlMYr/
18002332850933762,2026-06-17,21:57,Photo,FEED,"צעיר ישראלי בן 21 נעצר בקפריסין בחשד לניסיון רצח👇  משטרת קפריסין עצרה את הישראלי בחשד שהיה מעורב מחוץ למועדון לילה בקטטה, שבה נפצעו ארבעה בני אדם. לפי החשד, הישראלי וחשוד נוסף היו מעורבים בוויכוח עם צעיר קפריסאי כשאז שלף הישראלי סכין ודקר שלושה בני אדם. מעצרו הוארך ב-8 ימים  לפי דיווח בעיתון ""Cyprus mail"", הישראלי נעצר יחד עם צעיר מקומי בן 22 שמאושפז בבית חולים. לפי החשד, השניים היו מעורבים בוויכוח עם צעיר קפריסאי אחר לפני ששני מאבטחים התערבו כדי להפריד ביניהם   המשטרה המקומית טוענת כי הישראלי שלף סכין במהלך הריב ופצע את הקפריסאי הצעיר ואת שני אנשי הביטחון. ארבעה פצועים בסך הכל נלקחו לטיפול רפואי בעקבות התקרית  המשטרה הקפריסאית טוענת גם כי הצעיר הישראלי העליב את השוטרים שהגיעו לזירה, מה שהוביל למעצרו בחשד להפרת הסדר בנוסף לחקירה בגין ניסיון רצח. החוקרים מחזיקים בסכין שבה נעשה שימוש בתקרית  @veredpelman @ishay_bar_yosef  📸: תמונת אילוסטרציה",851,528,28,https://www.instagram.com/p/DZsqfnZFtnA/
18107351677942889,2026-06-17,22:50,Carousel,FEED,"⁨	רגע לפני פיזור הכנסת: השר סמוטריץ' פועל להעברת מאות מיליוני שקלים לתוכנית ""זהות יהודית"". גורמים כלכליים בכירים: ""יש תחושה של מכירת חיסול""   📸: Yonatan Sindel/Flash90 ‪@lielkyzer‬⁩",181,360,100,https://www.instagram.com/p/DZswndxFHN_/
18442984402185597,2026-06-18,08:03,Photo,FEED,"רס""ר במיל' אלכסנדר פילין ז""ל, בן 29 מחיפה, לוחם במפקדת אוגדה 36, נפל אתמול בדרום לבנון, לאחר שהופעל מטען על החפ""ק של סגן מפקד אוגדה 36  שבעה לוחמי צה""ל נוספים נפצעו בתקרית - 3 באורח בינוני ו-4 באורח קל. בין הפצועים בינוני גם סגן מפקד האוגדה, קצין בדרגת אל""ם  בסביבות השעה 17:00 אתמול, צוות לוחמים מחפ""ק סגן מפקד אוגדה 36 וגבעתי צעדו ברגל - ואז הופעל עליהם מטען. כתוצאה מרסיסי הפיצוץ נפצעו 4 לוחמים, שפונו באופן מוסק להמשך קבלת טיפול רפואי בבית החולים. לאחר מספר דקות, רחפן נפץ נוסף התפוצץ על רכב הפינוי. כתוצאה מכך, לוחם צה""ל נוסף נפצע ופונה גם כן באופן מוסק.  לאחר מכן, כוחות צה""ל תקפו בירי ארטילרי תשתיות טרור במרחב. בצה""ל בודקים האם התקרית נגרמה ממטען צה""לי ומדובר בתאונה מבצעית או שמדובר במטען אויב  @carmelamenashe @itayblumental  📸: דובר צה""ל",748,2062,149,https://www.instagram.com/p/DZtv5y6juEP/
18105180097951022,2026-06-18,10:41,Photo,FEED,"דגל הגאווה שנתלה בחזית הבניין של עיריית חיפה הושחת, ראש העיר אמר: ""הפגיעה בדגל היא ניסיון לפגוע בערכים שעליהם מושתתת העיר שלנו""👇  נציגה מטעם עיריית חיפה הגישה תלונה במשטרה על השחתת הדגל. ראש העיר חיפה, יונה יהב, הוסיף: "" מדובר באירוע חמור ובלתי נסבל, שמצטרף למספר אירועים חמורים נוספים של פגיעה בסמלי גאווה ברחבי העיר. דווקא במהלך חודש הגאווה, חשוב להבהיר: לא ניתן לקולות של שנאה, הסתה או אלימות להכתיב את סדר היום שלנו. נמשיך לעמוד לצד הקהילה הגאה, לחבק את הגיוון האנושי שמאפיין את חיפה ולהבטיח שכל תושבת ותושב ירגישו כאן בבית""  (אורלי אלקלעי) 📸: ראובן כהן",557,990,221,https://www.instagram.com/p/DZuB-CVlrGh/
18595289338039961,2026-06-18,11:32,Reel,REELS,"⁨	⁨	לוחמי אש חילצו אמש גור כלבים משריפה בשטח פתוח באזור ירושלים. לאחר חילוצו, נמסר גור הכלבים לתושב מקומי שהתנדב לטפל בו ולדאוג לשלומו, כך נמסר מדוברות כבאות והצלה לישראל  @haimgoldich  📸: כבאות והצלה לישראל⁩⁩",209,1552,49,https://www.instagram.com/reel/DZuHrH3El4T/
17876394879673269,2026-06-18,12:33,Reel,REELS,⁨	⁨	איך נראים החיים כשמחליפים את בן הזוג בחברה הכי טובה?  @ifatamiel,68,6590,371,https://www.instagram.com/reel/DZuOsO4iv2a/
17954889731983526,2026-06-18,13:49,Reel,REELS,"לצד מקרון, עם חיוכים ומחיאות כפיים מהמנהיגים בוורסאי: טראמפ חתם על מזכר ההבנות עם איראן לקראת חתימת ההסכם מחר  📸: רויטרס",120,260,106,https://www.instagram.com/reel/DZuXb1oDhBp/
18101407766161936,2026-06-18,14:15,Reel,REELS,"⁨	⁨	הלינץ' באזרח ערבי בבת ים ב""שובר חומות"": שבעה מעורבים הורשעו, בהם חמישה במעשה טרור👇  בהרשעה קבע בית המשפט כי אירוע הלינץ' בוצע על רקע לאומני וגזעני. עוד נקבע חמישה משבעת המעורבים נאשמים בביצוע מעשה טרור של חבלה בכוונה מחמירה, עבירה שעונשה עד 25 שנות מאסר  עוד נקבע כי הלינץ' בוצע לאחר התארגנות מוקדמת לצורך ביצוע פרעות וגרימת נזק לעסקים בבעלות ערבים, ואף לצורך פגיעה באנשים ממוצע ערבי. עם ההרשעה, דחה בית המשפט את גרסתם של הנאשמים, לפיה הם תקפו את הנהג המותקף כי חשבו שהוא מחבל שניסה לדרוס אותם  בתקופת מבצע ""שומר חומות"", פרצו בישראל עימותים אלימים בין יהודים לערבים. לצד הלינץ' האכזרי בבת ים, בלוד נרצח יגאל יהושוע, בן 56 במותו, לאחר שפורעים ערבים השליכו עליו לבנה שפגעה בראשו  לפי כתב האישום שהוגש ב-2021 נגד המעורבים יצחק גויטע, תמיר סרור, ויצחק סבן בגין כמה עבירות אלימות ומעשה טרור, ביום האירוע החלה התארגנות שפורסמה ברשתות החברתיות לפגוע באזרחים ערבים ובעסקים בבעלות ערבית בטיילת בבת ים  בערב האירוע הנאשמים, יחד עם עשרות פורעים נוספים, החלו לנפץ חלונות של בתי עסק בבעלות אזרחים ערבים וקראו קריאות לפגיעה בערבים. גויטע קרא ""מוות לערבים"" כמה פעמים לכיוון מצלמות צוותי הטלוויזיה ששהו במקום  לפי כתב האישום, הנהג שהותקף הגיע עם מכוניתו לטיילת ועצר בפקק תנועה. כשאחד הפורעים שאל אותו אם הוא ערבי הוא השיב בחיוב. בתגובה הוטח לעברו אגרוף ממנו הצליח לחמוק, תוך שהתוקף צועק ""הנה הערבי, הנה ערבי"". הנאשמים תקפו את הנהג יחד עם עשרות מתפערים. גויטע ואחרים הוציאו את המתלונן מרכבו בכוח, הפילו אותו לרצפה והיכו אותו. כשהוא ניסה לקום הוא הופל שוב בזמן שהתוקפים ממשיכים להכות אותו ואף הטיחו בפניו קורקינט חשמלי  סרור וסבן הכו את המתלונן באמצעות אלות כמה פעמים עד שהורחקו על ידי עוברי אורח, ואז סרור השליך את האלה על המתלונן בזמן שהיה על הקרקע. בזמן תקיפת הנהג וגם אחריה גויטע, סרור ופורעים נוספים חיבלו במכוניתו, ניפצו את שמשות הרכב, שברו את המראות וניסו לעקור את דלתות המכונית  (שלי טפיירו, ‪@hadasgrinberg‬ ) 📸: הווידאו נלקח מתוך שידור חי של ""כאן חדשות"", בו תועד אירוע הלינץ' בבת ים⁩⁩",1880,1023,175,https://www.instagram.com/reel/DZuaa86iR8W/
17905471080440583,2026-06-18,15:27,Photo,FEED,"⁨	תכירו את ג'ון, פול, רינגו וג'ורג' 🎸  4 קפיברות נולדו לפני כשבועיים בגן החיות התנ""כי, ונקראו על שם ארבעת חברי הביטלס - ג'ון, פול, ג'ורג' ורינגו (הבת)  זאת הלידה הראשונה זה עשור של קפיברות בגן החיות התנ""כי, שכבר זכו לפניות מגני חיות בכל העולם בבקשה לקבל אליהם את ארבעת הגורים החדשים, כנראה גם בשל הפופולאריות של החיות ברשת בשנים האחרונות  ‪@haimgoldich 📸: אורלי ששון⁩",367,22890,148,https://www.instagram.com/p/DZuine6keFQ/
18470745451097843,2026-06-18,17:17,Photo,FEED,"⁨	בלעדי | טראמפ לשאלת כאן חדשות: ""סביר מאוד שאתמוך בנתניהו בבחירות הקרובות, אבל אני צריך לראות מי מתמודד"". הנשיא הוסיף: ""יש לי מערכת יחסים טובה עם ביבי, אבל הוא צריך להיות יותר רציונלי. אני מוכן להפגש איתו""  @nathanguttman  📷: פלאש90⁩",234,640,126,https://www.instagram.com/p/DZuvReEiv0O/
18124226617676842,2026-06-18,19:10,Reel,REELS,"⁨	תיעוד קשה מהמועצה המקומית אָזוֹר: אדם חשוד שעקב אחרי צעירה שצעדה לבדה ברחוב הבוקר - ותקף אותה. הוא נמלט עם תחילת צעקותיה, ותלונה הוגשה כנגדו. המשטרה פתחה בחקירה, החשוד בתקיפה טרם נעצר  @hadasgrinberg",201,3075,386,https://www.instagram.com/reel/DZu8H6SCI7L/
17912232825223327,2026-06-18,20:22,Reel,REELS,⁨	מה עוד אפשר לעשות אחרי 4-2 על קרואטיה בעצם? ‪@itsik_z‬⁩,57,1081,14,https://www.instagram.com/reel/DZvEUQfiJPO/
18599754961034970,2026-06-18,20:55,Reel,REELS,⁨	⁨	חולמים בספרדית: מתי בעצם התחלנו להגיד מiנדיאל ואיזה סיפור אפל מסתתר מאחורי השם הזה?  ‪‪@anna.pines‬‬⁩⁩,106,1888,14,https://www.instagram.com/reel/DZvIGhhjkLA/
18111898352308842,2026-06-18,21:53,Reel,REELS,"⁨	⁨	⁨	ג'יי די ואנס, סגנו של הנשיא טראמפ, בביקורת חריפה: ""אנשים בקבינט של נתניהו תקפו את העסקה ואת הנשיא אישית, והמסר שלי אליהם הוא שדונלד טראמפ הוא המנהיג היחיד בעולם כולו שאוהד כרגע את ישראל, ולו אני הייתי בממשלה הישראלית לא הייתי תוקף את בעל הברית היחיד שיש לי בעולם״.   ״בשלושת החודשים האחרונים שני שליש מהנשק שהגן על המולדת שלכם פותח בארה""ב ומומן על ידי משלם המיסים האמריקני״, הוסיף. ״מי בישראל שחושב שהבעיה שלכם היא דונלד טראמפ צריך להתעורר ולראות את המציאות""⁩⁩⁩  @ishay_bar_yosef",485,1984,775,https://www.instagram.com/reel/DZvOx0BlJIg/
18027688622830425,2026-06-18,22:48,Reel,REELS,⁨	⁨	יום יבוא ונשחזר את ההישג? ככה התכוננה נבחרת ישראל למונדיאל 1970 ⚽⁩⁩,71,3524,39,https://www.instagram.com/reel/DZvVCqxijSK/
18091238006048135,2026-06-19,09:35,Photo,FEED,"⁨	הותר לפרסום: 4 נופלים בתקרית בדרום לבנון 💔  סא""ל דור גדליה בן שמחון, בן 32, מבית השיטה, מפקד גדוד 52 נפל בקרב בדרום לבנון. לצידו נפלו שלושה חללים נוספים ששמותיהם יפורסמו בהמשך.   יהי זכרו ברוך⁩ 🕯️",198,3044,276,https://www.instagram.com/p/DZwfMzFFWDi/
18105984763984006,2026-06-19,11:59,Reel,REELS,"74 מלקות על סרטון יוטיוב: הרשויות האיראניות שפטו את הזמרת פראסטו אחמדי עבטר ל-74 מלקות לאחר שהופיעה ללא חיג׳אב, בניגוד לחוק ברפובליקה האיסלאמית. אחמדי שרה שיר פטריוטי לאולם של צעירים בשנת 2024, במופע שצולם ועלה בסרטון יוטיוב שזכה לכמעט 3 מיליון צפיות  @ishay_bar_yosef  📸: מתוך חשבון היוטיוב Parastoo Ahmadi",307,5230,451,https://www.instagram.com/reel/DZwvpb-kkRS/
18567986611064987,2026-06-19,13:22,Photo,FEED,"⁨	״חיכיתי למשפט הזה, סוף סוף אוכל לדבר״ 👇  בית משפט בצרפת הודיע כי הכדורגלן המרוקאי אשרף חכימי מקבוצת פריז סן-ז'רמן יעמוד לדין עבור אישומי אונס. חכימי הכחיש את המיוחס לו בציוץ ברשת X: ""אני חיכיתי למשפט הזה מהיום הראשון. עכשיו אני מצפה לו. סוף סוף, אוכל לדבר""  ‪@ishay_bar_yosef‬ @yoavborowitz  📸: reuters⁩",305,1433,52,https://www.instagram.com/p/DZw5JSJjeyw/
18366145570232671,2026-06-19,16:05,Photo,FEED,"הפסקת אש מעכשיו לעכשיו 👇  בכיר בממשל האמריקני: ישראל וחיזבאללה הסכימו על הפסקת אש שתחל היום, יום שישי, בשעה 16:00 שעון ישראל  צילום: AP, Reuters, פלאש 90",153,424,103,https://www.instagram.com/p/DZxL2mdGPV0/
17975935386051751,2026-06-19,16:50,Photo,FEED,"⁨	בכיר ישראלי לרויטרס על הפסקת האש עם חיזבאללה: ""כל עוד חיזבאללה לא יתקוף - אנחנו לא במלחמה. נשאיר את כוחות צה""ל בלבנון""👇  בכיר בממשלו של נשיא ארצות הברית דונלד טראמפ אמר לסוכנות הידיעות רויטרס כי הפסקת האש נכנסה לתוקפה בשעה 16:00 שעון ישראל. דובר צה""ל אפי דפרין נשאל על הפסקת האש והשיב: ""ההסכמים הם ברמת הדרג המדיני, אנחנו לא קיבלנו הנחיות אחרות""  לאחר מכן, גורם ישראלי אישר כי החלה הפסקת אש בין ישראל לחיזבאללה בלבנון. לדבריו, הפסקת האש היא ""במתכונת של ירי יענה בירי"", ו""אם ישראל תותקף - היא תגיב""  ‪@yechez.korn‪@gilicohen10‬10  📸 (חיילי צה""ל בלבנון, אילוסטרציה): דובר צה""ל⁩",577,452,36,https://www.instagram.com/p/DZxQ-GEDoHM/
18123236587580536,2026-06-19,20:41,Reel,REELS,"⁨	⁨	⁨	⁨	תמירה לנג, תושבת מטולה, על ההסכם עם חיזבאללה: ""יש ראש ממשלה בישראל? מה עם להסביר את ההסכם המזופת שנסגר מעל הראש של כולנו?""  ‪‪@almogtamar‪@ifatglick‬",157,2283,221,https://www.instagram.com/reel/DZxrSZYilhy/
17944137642228431,2026-06-19,22:32,Reel,REELS,"⁨	הנשיא דונלד טראמפ בריאיון ל-Axios: ""אם לא אני - ישראל לא הייתה קיימת היום"". כשנשאל אם ימנע מישראל לתקוף בלבנון, ענה בנחרצות: ""אני אשלוט בזה. יש להם הרבה כבוד אליי והם עושים מה שאני אומר""  ‪@yechez.korn‬⁩",205,918,500,https://www.instagram.com/reel/DZx4FFIiLKO/
17917491072184184,2026-06-19,23:31,Photo,FEED,"משרד הבריאות: אדם שנחת בישראל מקונגו פנה לקבלת טיפול רפואי לאחר שפיתח חום וכאב ראש. הוא נחשד כחולה באבולה, ומטופל בתנאי בידוד  Nov Reuveny  📸 (תמונת אילוסטרציה): יונתן זינדל, פלאש 90",182,624,30,https://www.instagram.com/p/DZx-yqZFqFo/
18110489101734772,2026-06-20,09:40,Carousel,FEED,"⁨	⁨	⁨	""קטר הייתה כל כך טובה כשנתנה לנו את המטוס הזה""👇  טראמפ חנך את המטוס החדש שתרמה ממשלת קטר לארה""ב כדי לשמש את הנשיא בטיסותיו. המתנה היקרה, בשווי של כ-400 מיליון דולר, צפויה לשמש אותו עד להשלמת בנייתם של שני מטוסי ה""אייר פורס 1"" החדשים, שבינתיים מתעכבת במפעלי היצרנית בואינג.  הנשיא טראמפ הודה לאמיר קטר וציין: ""קטר הייתה כל כך טובה כשנתנה לנו את המטוס הזה. האמיר היה מאוד אמיץ, ועבר הרבה בחודשים האחרונים. שאלתי אותו אם אפשר להשתמש במטוס החדש לגמרי הזה שהיה להם, כי המטוסים שלנו ישנים מדי. צריך שהמדינה שלנו תהיה מיוצגת בצורה הולמת. זה המטוס היוקרתי ביותר בעולם""  ‪‪@nathanguttman‪@itayblumental‪@ishay_bar_yosef‬osef‬osef  📷: AP, רשת X⁩⁩⁩⁩",644,1316,278,https://www.instagram.com/p/DZzEj8lijRw/
18092608109366711,2026-06-20,10:00,Photo,FEED,"⁨	⁨	⁨	⁨ ״קודקוד אהובי, כאן קודקוד אהובה״ 💔  יממה לאחר נפילתו בלבנון, אשתו של סא”ל דור בן שמחון משתפת בכאב: ""דור אהובי, התחלנו זוגיות מדהימה ויחסית מהר ידענו שזה זה, עד שהגיעה הצעת הנישואין כאן בקיבוץ, ""בנוף הכי יפה"" שלך. ברור שכן. כן לחיוך הזה עם כל הפנים, כן לחוכמה שלך, כן לאהבה שבאה בדרכים מגוונות, כן ליופי שלך שהיה הרבה מבפנים וקרן החוצה, וכן לקיבוצניק שהעז להתחתן עם מכנס קצר וסנדלי טבע נאות"".  ""בתור משפחה לוחמת אמנם בנטו היינו כמה חודשים ביחד, אבל בברוטו, הענקת לי את שבע השנים הכי יפות של חיי. שבע שנים של אהבה אמיתית, של תמימות לא מוסברת, של בנייה משותפת, של הקמת משפחה״.   ״השארת לי שתי בנות הכי מדהימות בעולם. אולי עכשיו אפסיק להתבאס שיגידו לי כמה הן דומות לך, כי הלוואי שהן רק ינכיחו אותך בכל יום מחדש. תודה שעשית אותי אדם טוב יותר, שהיית לי בעל מפרגן ושלימדת אותי איך לכסח את הדשא"".  ""אי אפשר שלא להתאהב בך. כל סופ""ש בבית הייתי צריכה לחלוק אותך עם מלא אנשים שאוהבים אותך, ואני שמחה שהרגשת אהוב בחייך ושאנשים לא חסכו את זה ממך"".   ""היית מפקד שהוא בן אדם של אנשים. המחויבות שלך מעוררת הערצה, התבונה שלך שירתה את המדינה הזאת טוב טוב. הייתי מסתובבת בחזה נפוח להגיד שאני ""אשתו של דב""ש"". אני יודעת שלא היית רוצה למות אחרת. אתה המפקד שאני מאחלת לכל חיילי צה""ל בעת הזו"".  ""אני מבטיחה לך שאהיה חזקה כי ככה נבננו, אני לא חצי בן אדם, הרי אנחנו שלם שגדול מסך חלקיו, אבל חלק מאוד גדול מהלב שלי נקרע היום. אני מבטיחה לך שהבנות יכירו אותך. איילה הבוקר כבר אמרה שהיא רוצה שתחזור, אתה חייב לה מתנה ליומולדת 3, וגאיה עשתה את הבלאגן הרגיל שעוד לא הספקת לחוות מספיק, אבל עשית לנו תקופת הסתגלות לא רעה, חודש בלעדיך הורגש טוב טוב"".  ""אסיים במשפט שאמרתי לך תחת החופה: ""דור, אני לא רק רוצה אותך בחיים שלי, אני גם צריכה אותך בחיים שלי"", רק שעכשיו ארגנת לי חיים אחרים. תודה לך אהוב שלי, אתה כבר יודע על מה. סליחה שלא הרמתי לך מספיק כמו שבטוח ציפית. הייתה לי הזכות להיות בחירת ליבך בחייך. אז בפעם האחרונה: קודקוד אהובי, כאן קודקוד אהובה. אני אוהבת אותך ואוהב אותך לנצח. סוף"".  ‪@itayblumental‬⁩",1881,6993,420,https://www.instagram.com/p/DZzG0jdCsBb/
18083975099552486,2026-06-20,12:15,Reel,REELS,"⁨	החשד לחולה אבולה ראשון בישראל: כך נראו הלילה פעולות החיטוי של צוותי מד""א והאמבולנס שפינו את המטופל לבית החולים.   האדם שחשוד כחולה אבולה שב בימים האחרונים מקונגו. הוא נמצא במתקן בידוד ייעודי בבית החולים רמב""ם, וכעת ממתינים לתוצאות הבדיקה שלו. במידה ויאומת החשד - הוא ככל הנראה יועבר לטיפול בבית חולים אחר שנערך לקליטת חולים במחלה.  משרד הבריאות מדגיש כי בשלב זה מדובר בחשד בלבד, ולא אובחן מקרה מאומת של אבולה בישראל. אבולה אינה מועברת באוויר, והדבקה מתרחשת במגע ישיר עם אדם חולה בעל תסמינים או עם דם, נוזלי גוף או הפרשות  @nov_reuveny",536,3842,361,https://www.instagram.com/reel/DZzWMdsCVJI/
18199561255364030,2026-06-20,16:35,Photo,FEED,"⁨	חוזרים אחורה? משמרות המהפכה הודיעו: סוגרים את מצר הורמוז 👇  איראן טוענת כי החליטה לסגור את מצר הורמוז בעקבות ""הפרה אמריקנית בוטה של מזכר ההבנות, ובתגובה להפרות בלתי פוסקות של הפסקת האש בלבנון מצד ישראל"". עוד היא איימה כי ""יינקטו צעדים נוספים כדי להביא את האויב למלא את מחויבויותיו"".  מה דעתכם, ההסכם בדרך לקרוס - או שארצות הברית תגיע להבנות עם איראן?  @ishay_bar_yosef  📷: AP⁩",378,540,60,https://www.instagram.com/p/DZz0AbJipFZ/
18101389409142255,2026-06-20,17:03,Carousel,FEED,"בזמן שחלק מאוהדי הכדורגל משאירים אחריהם יציעים מטונפים, היפנים - שהם ככל הנראה האוהדים המנומסים ביותר בעולם - מקפידים להשאיר אותם נקיים יותר מכפי שקיבלו.   אז למה יש מי שממש מתעצבן לראות את זה? 🤨  📷: Ap, X, Gemini-אילוסטרציה⁩",225,3543,24,https://www.instagram.com/p/DZz3N0PAYeC/
17990230232813661,2026-06-20,20:44,Photo,FEED,"⁨	⁨הותר לפרסום: רס""ל ניר בן ארי, לוחם ביחידת מגלן בן 21 מכרם מהר""ל, נהרג ו-13 נוספים נפצעו ברכס על טהאר בדרום לבנון.  בנוסף, הותר לפרסום כי סמ""ר יואב קליין, בן 21 מהרצליה, הוא אחד ההרוגים בתקרית הטנק ביום שישי.  בצה""ל ממשיכים בחקירת התקרית שבה נהרגו ארבעה לוחמים. לפי תחקיר ראשוני, רחפן חמוש הצליח לחדור לתוך הטנק דרך הדלת האחורית אחרי מתקפת קורנטים הטנק. הרחפן התפוצץ בתוך הטנק, מה שהוביל לתוצאה הקשה.   בצה""ל עדיין לא חילצו את הטנק מדרום לבנון, דבר שמעכב את היכולת לבצע תחקור מעמיק יותר - זה צפוי לקרות במהלך הימים הקרובים.  יהי זכרם ברוך⁩ 🕯️⁩⁩",546,3278,307,https://www.instagram.com/p/DZ0QftcDdjW/
18049478192548483,2026-06-20,23:15,Carousel,FEED,"⁨	המתקפה המשולבת של חיזבאללה שגבתה את חייהם של 4 לוחמים: פרטים חדשים על תקרית הטנק בדרום לבנון   ‪@itayblumental‬  📸: פלאש 90, אייל מרגולין⁩",140,3041,132,https://www.instagram.com/p/DZ0h0I2nfnt/
18082709171182620,2026-06-21,00:00,Photo,FEED,"הותר לפרסום: סמ""ר ליאב כבביה, מהוד השרון, לוחם שריון בגדוד 52, עוצבת 'עקבות הברזל' (401), נפל באסון הטנק בדרום לבנון, בן 20 בנופלו. יהי זכרו ברוך",145,2213,149,https://www.instagram.com/p/DZ0m_nLj8ea/
18104725364102598,2026-06-21,08:10,Photo,FEED,"החלל הרביעי מהתקרית בשישי האחרון 💔  סמ""ר נוה חבשוש, בן 20 מגבע בנימין, נפל בקרב בדרום לבנון לצד שלושה מחבריו, ביניהם מפקד גדוד 52 סא״ל דור בן שמחון, סמ״ר יואב קליין וסמ״ר ליאב כבביה.  יהי זכרו ברוך 🕯  (איתי בלומנטל)",215,2067,158,https://www.instagram.com/p/DZ1e_6zHSBF/
18098673125073058,2026-06-21,12:04,Photo,FEED,"נפתחה חקירה אפידמיולוגית 👇  משרד הבריאות הודיע היום כי בישראל נמצא אדם נוסף שחשוד כחולה אבולה אחרי ששב מהרפובליקה הדמוקרטית של קונגו לפני יומיים  עם שובו של האדם לישראל, הוא פנה לקבלת טיפול רפואי בעקבות חום שפיתח והיה מלווה בתסמינים של כאב ראש ושלשולים. במשרד הבריאות ביקשו להדגיש כי בשלב זה מדובר בחשד בלבד, וכי הבדיקות הנדרשות מתבצעות כעת ותוצאותיהן צפויות להתקבל בימים הקרובים. עוד נמסר כי האדם שחשוד בנשיאת הנגיף מטופל בתנאי בידוד  במשרד הבריאות מבקשים להבהיר כי הנגיף לא מועבר באוויר וכי הדבקה בו מתבצעת רק דרך מגע ישיר עם אדם חולה בעל תסמינים או עם דם, נוזלי גוף והפרשות של אדם כזה. עם זאת, מנוהלת חקירה אפידימיולוגית לצורך איתור ""מגעים רלוונטיים"", כשעם השלמתה יבוצעו פניות יזומות לאנשים שיימצאו ""רלוונטיים בהתאם להערכת הסיכון"". מי שלא יקבל פנייה ממשרד הבריאות - אינו נדרש לנקוט שום פעולה  @nov_reuveny",808,450,43,https://www.instagram.com/p/DZ152ArDsNk/
18598443943026971,2026-06-21,12:24,Carousel,FEED,"אמן בינלאומי וחתן פרס ישראל 👇  האמן הבין-לאומי וחתן פרס ישראל יעקב אגם הלך לעולמו היום והוא בן 98 במותו. טרם נמסרו פרטים על מועד הלווייתו. אגם זכה להכרה ברחבי העולם כאחד ממייסדי זרם האמנות הקינטית  הוא הציג תערוכות רבות ברחבי בעולם, בהן תערוכות רטרוספקטיבה במוזיאון לאמנות מודרנית בפריז, במוזיאון סטדליק באמסטרדם ובמוזיאון גוגנהיים בניו יורק. שנות ה-70 הציב עבודות בארמון האליזה בפריז ב-1972 בהזמנת ראש הממשלה דאז פומפידו ומזרקה מוזיקלית ברובע לה דפאנס בפריז. בשנת 2009, הציג את עבודת המראות ""מעבר למציאות"" בפריז ובבזל  בשנת 2017 נפתח מוזיאון לאמנות על שמו בראשון לציון. לאגם הוענקו שני תארי דוקטור לשם כבוד - מאוניברסיטת תל אביב ומהמכללה למנהל. בשנת 1985 הוענק לו פרס מוזיאון ישראל. ביום העצמאות השנה הוענק לו פרס ישראל בתחום האמנות  הוא הניח שלושה ילדים, מנישואיו לאשתו המנוחה כלילה. אחיו, חנניה גיבשטיין, כיהן כראש עיריית ראשון לציון בשנים 1983-1969  @_dorit_mizrahi 📸: פלאש 90",880,5186,87,https://www.instagram.com/p/DZ18JgLD7Sq/
18394230505089892,2026-06-21,13:46,Reel,REELS,"⁨	״תכננו לטייל ולהביא עוד ילדים, ועכשיו אני קוברת אותך״: רעייתו של אלכסנדר פילין ז״ל, דריה (דאשה), איבדה את קולה בימים שעברו מאז שהתבשרה על נפילתו של בעלה. את ההספד שכתבה קרא בהלוויה חברו הקרוב של אלכסנדר, מתן, כשהיא לצידו⁩",223,7715,390,https://www.instagram.com/reel/DZ2FaZDAeBX/
17944271493219212,2026-06-21,15:16,Photo,FEED,"⁨	הלכו על כל הקופה 🛒  יותר מ-250 אלף צופים ב״קופה ראשית: הסרט״ בארבעה ימים בלבד. נתון שיא לפתיחה בקולנוע הישראלי בשנים האחרונות. הסרט, שיצא לאקרנים ביום הקולנוע הישראלי שנערך ביום רביעי האחרון, בהשתתפות כל כוכבי הסדרה האהובה של כאן 11, רושם פתיחה יוצאת דופן ומצטרף לרשימת הסרטים המצליחים ביותר שנראו בשנים האחרונות.  הפתיחה הגדולה בכל הזמנים עדיין שייכת ל״לשחרר את שולי סאן״, עם 210 אלף צופים בשלושת הימים הראשונים להקרנתו. משה אדרי, מפיץ הסרט מטעם ״סרטי יונייטד קינג״: ״למעלה מרבע מיליון צופים בארבעה ימים בלבד הוא הישג יוצא דופן. בתקופה מורכבת כל כך, מרגש לראות את הקהל הישראלי בוחר להגיע לבתי הקולנוע. לשמוע צחוק מתגלגל באולמות מלאים זו תחושת סיפוק אדירה עבור כל מי שהיה שותף לעשיית הסרט, ותזכורת לכוחו של הקולנוע להעניק לקהל רגעים של שמחה והפוגה״  ‪@dorit_mizrahi_‬  📸: יונייטד קינג⁩",787,7352,118,https://www.instagram.com/p/DZ2PxufGiHt/
17910497376423062,2026-06-21,15:59,Reel,REELS,"⁨	""ידוע שהאויב מתחשב בחגי ישראל"": עמוס הראל מסביר איך כמחצית מהלוחמים שהיו אמורים להיות מוצבים בעוטף - היו בכלל בבתים בבוקר 7 באוקטובר   @moavvardi",147,817,66,https://www.instagram.com/reel/DZ2Us1Tgltl/
17984738255840176,2026-06-21,17:47,Photo,FEED,⁨	טרגדיה בוושינגטון: שלושה ישראלים נהרגו בהתרסקות מטוס קל. השלושה המריאו במטוס שהיה שייך לבית ספר לטיסה במחוז מונגומרי שבפרברי העיר. זהותם טרם הותרה לפרסום  @veredpelman @nathanguttman  📸: אילוסטרציה - התמונה נוצרה באמצעות AI⁩,226,1087,33,https://www.instagram.com/p/DZ2hHr1Ebn2/
18115078003845902,2026-06-21,18:27,Reel,REELS,"מצמרר: סא""ל אור יול, שנפצע קשה בלבנון לפני כחודשיים, ספד לחיילו ליאב כבביה ז""ל: ""הצלת את חיי, היית כמו אח קטן שלי""",114,12873,418,https://www.instagram.com/reel/DZ2lovMjWAD/
17926668378348120,2026-06-21,19:05,Reel,REELS,⁨	במחאה על מעצר של הורים מהחסידות שחשודים בהזנחת בנם: מאות חסיד גור חוצים במעברי החצייה בערד שוב ושוב - כדי לגרום לעומסי תנועה בעיר  (דניאל גרובייס)⁩ 📸: קובי ישראל,163,2571,949,https://www.instagram.com/reel/DZ2p_ROkckJ/
18108835661489576,2026-06-21,19:43,Reel,REELS,"אחות קטנה שלא יכיר: עינב, אימו של סמ""ר נוה חבשוש ז""ל, נמצאת בהיריון - ""אולי זו מתנה שהשארת לי""",94,6184,295,https://www.instagram.com/reel/DZ2uRdGio84/
17967141387093113,2026-06-21,20:28,Reel,REELS,"⁨	""נחזור ממשימתנו אחרי קרבות - כמנצחים"": סא""ל דור גדליה בן שמחון ז""ל, מג""ד גדוד 52 שנפל בסוף השבוע, תועד מחזק את לוחמיו רגע לפני הכניסה ללבנון 🥀  @itayblumental @carmelamenashe",176,7125,295,https://www.instagram.com/reel/DZ2zcs2gBgB/
18072096650690383,2026-06-21,21:00,Reel,REELS,⁨	ביום שבו חמישה לוחמים הובאו למנוחות: בביתר עילית חוגגים את שחרורו של עריק חרדי מהכלא הצבאי   @daniel.grovais,110,3236,1177,https://www.instagram.com/reel/DZ23DY7krST/
18111052081730954,2026-06-21,21:11,Photo,FEED,"⁨	המחבל זכי יוסף מחמוד אבו מוצטפא, מפקד הנוחבה של חטיבת חאן יונס בג'יהאד האסלאמי הפלסטיני, חוסל בדרום רצועת עזה. אבו מוצטפא השתתף בטבח בקיבוץ ניר עוז ב-7 באוקטובר - וגם לקח חלק בחטיפתו של יגיל יעקב  @carmelamenashe @itayblumental  📸: דובר צה""ל⁩",244,944,19,https://www.instagram.com/p/DZ24dIEkYUt/
18097102217591592,2026-06-22,09:09,Photo,FEED,"⁨	קולומביה: מועמד הימין ניצח בבחירות לנשיאות👇  מהפך פוליטי נרשם בקולומביה, כשמועמד הימין הפופוליסטי אבלרדו דה לה אספרייה (Abelardo de la Espriella), המכונה ""אל טיגרה"" (הנמר), ניצח בבחירות לנשיאות במדינה. סוכנות הידיעות רויטרס דיווחה כי אספרייה טען שנשיא ארצות הברית דונלד טראמפ התקשר לברך אותו על הזכיה.  מתוצאות רשמיות של ספירת יותר מ-99% מקולות המצביעים עולה כי דה לה אספרייה גרף 49.67% מהקולות והשיג יתרון בלתי ניתן לסגירה על פני יריבו, סנאטור השמאל איוואן ספדה, שקיבל 48.69%. המועמד המפסיד, האשים בין היתר את ישראל בהטיית הבחירות  בחירתו מסמנת את סיום שלטון השמאל הסוציאליסטי של הנשיא המכהן גוסטבו פטרו ומעבר למדיניות ימין נוקשה בסגנון נאיב בוקלה מאל סלבדור וחאבייר מיליי מארגנטינה. עבור ישראל מדובר בבשורה דרמטית, לאחר שדה לה אספרייה הבטיח לחדש באופן מיידי את היחסים הדיפלומטיים איתה, שנותקו על ידי קודמו, ולהדק מחדש את הברית האסטרטגית עם ארצות הברית  ‪@yoav.zehavi‬  📸: AP⁩",879,2731,64,https://www.instagram.com/p/DZ4KkkGjk5L/
17880792948606899,2026-06-22,09:59,Photo,FEED,"⁨	חולדות התגלו בעגלת שירות שהכילה בקבוקי מים וכוסות, בטיסת ""ארקיע"" שנחתה בארץ מיוון ללא נוסעים👇  אף נוסע לא היה במגע עם החולדות או עם מוצרים פגומים. לפי גורמים בחברת ""ארקיע"", מדובר באירוע באחריות חברת תמ""מ - תעשיית מזון ומטוסים. החברה דיווחה על האירוע והוא נמצא בבדיקה  מחברת ""ארקיע"" נמסר: ""האירוע התגלה בעגלת ציוד שהגיעה ממחסן הציוד היבש של חברת תמ״מ, ולא במזון שיועד להגשה לנוסעים. מיד עם גילוי הממצא, העגלה הוצאה משימוש והנושא טופל באופן מיידי.  נדגיש כי בשום שלב לא היה מגע בין הממצא לבין המזון שסופק לנוסעים או לאנשי הצוות, והמזון שהועמס לטיסה לא נפגע ולא הושפע מהאירוע.  חברת תמ״מ הינה ספקית הקייטרינג האחראית על הכנת המזון, אחסונו ושינועו, ומספקת שירותי קייטרינג לכלל חברות התעופה הישראליות וכן לחברות תעופה זרות רבות הפועלות בנתב״ג. האחריות על המחסנים, הציוד, התנאים התברואתיים ובקרת האיכות במתקניה חלה עליה באופן מלא.  ארקיע רואה את האירוע בחומרה רבה, דורשת מחברת תמ״מ לבצע בדיקה מקיפה ויסודית של נסיבות המקרה, ומצפה לקבל הסברים מלאים לצד צעדים מתקנים שיבטיחו כי אירוע מסוג זה לא יישנה בעתיד""  ‪@ofirhalperin‬  📸: תמונת אילוסטרציה⁩",1040,664,28,https://www.instagram.com/p/DZ4QSNVFiD6/
18095087501214557,2026-06-22,13:22,Photo,FEED,"כתב אישום יוגש נגד גור לוי בן ה-25 שחשוד בצילום שתי נשים בתא מדידה בקניון TLV, ובתיעוד אישה שקיימה עימו יחסי מין👇  לוי, נגדו הוגשה הצהרת תובע, חשוד בביצוע עבירות מין ופגיעה בפרטיות. הוגשה בקשה להאריך את מעצרו עד תום ההליכים לצורך הגשת כתב אישום. נגד לוי הוגשה גם תלונה בגין אונס, אשר עדיין נמצאת בחקירה  @hadasgrinberg  📸: דוברות המשטרה",336,624,9,https://www.instagram.com/p/DZ4ngrglgPk/
17972570586108035,2026-06-22,16:31,Photo,FEED,"⁨	⁨	⁨	⁨	ראש עיר באיטליה קיבל מכתב איומים עם קליע שדרש לסלק את כל הישראלים בעיר: ""זו האזהרה האחרונה לפני שנתחיל לירות""👇  הקהילה הישראלית בעיר שבמחוז פיימונטה, הכוללת רופאים, אנשי הייטק ונוודים דיגיטליים, הגיעה לאיטליה לאחר 7 באוקטובר במסגרת פרויקט רחב היקף בשם ""הביתה"", שהוביל היזם הוגו לוצאטי  על פי דיווח בעיתון האיטלקי ""ראי"" מסוף השבוע, המכתב כלל דרישה לסלק את חברי הקהילה מהעיר, ובו נכתב לראש העיר: ""אל תשתף פעולה, אל תקלוט עוד ישראלים שמגיעים לאיטליה. זו האזהרה האחרונה והיחידה""  ‪‪‪@yoav.zehavi‬‪@itamarvish‬sh‬sh‬sh‬  📸: עיתון RAI / AP⁩⁩⁩",544,1237,79,https://www.instagram.com/p/DZ49JWOGD6w/
18078524495267085,2026-06-22,17:31,Photo,FEED,"מהבמה בעזה אל התקיפה בצפון הרצועה: סבאעי זהיר עבד אלחמיד אבו חסנה, מחבל הנוח'בה שלקח חלק בהחזקתו של עומר שם טוב - שאולץ לנשק אותו על הבמה ב""טקס"" שחרורו מהשבי - חוסל בתקיפה משותפת של צה""ל ושב""כ. לפי הודעת צה""ל, אבו חסנה פשט לישראל ב-7 באוקטובר, לקח חלק בהחזקתו של שם טוב בשבי ופעל לאחרונה לקידום פיגועים נגד כוחות צה""ל  @itayblumental  צילום: דובר צה""ל",351,1369,55,https://www.instagram.com/p/DZ5ECCgDG8e/
18084989426542808,2026-06-22,18:29,Reel,REELS,"דאלאס הפכה לרגע לבואנוס איירס, ואז הגיע הצעיר שמאחורי אחד השירים המזוהים עם אוהדי ארגנטינה. בזמן שמיליונים שרים את הלהיט שלו ביציעים וברחובות, הוא עדיין מתקשה לעכל: ""זה הפתיע אותי"".  הערב ב- 20:00 בכאן 11, ארגנטינה תפגוש את אוסטריה בהמשך המסע להגנה על התואר העולמי @itsik_z   @",277,2703,15,https://www.instagram.com/reel/DZ5KjDGII-H/
18154742683478247,2026-06-22,20:37,Reel,REELS,"⁨	נתניהו קבע שהפריימריז בליכוד לא יבוטלו - והוא צפוי לקבל בין שמונה לעשרה שריונים. ח""כ טלי גוטליב לא מתרגשת: ""לבד אני שווה חמישה מנדטים""  @maya_rachlin #כאןבשש⁩",160,1856,765,https://www.instagram.com/reel/DZ5ZRQ2nwz8/
17882975442600175,2026-06-22,22:14,Photo,FEED,"⁨	⁨	קנדה: אזרח יהודי ושוטר נהרגו באירוע ירי בשכונת קוט דה-נז' במונטריאול, בה מתגוררים יהודים רבים. מפרטי החקירה הראשונית עולה כי היורה פתח באש מגג מלון סמוך לבית חב""ד, וגרם למותו של שוטר לפני שהוא עצמו נורה למוות. נסיבות מותו של האזרח היהודי נבדקות בידי הרשויות המקומיות. בין היתר, נבחנת האפשרות שהוא נהרג מחילופי האש שהתנהלו בזירה.   מוישי בלך, תושב מונטריאול ומתנדב זק""א, סיפר: ""ההלם בקהילה היהודית גדול מאוד. המנוח היה מוכר ואהוב, אדם שהתפלל איתנו בבית הכנסת""   ‪@yechez.korn‪ @nathanguttman",494,416,12,https://www.instagram.com/p/DZ5kZPnkQpY/
17877286059611310,2026-06-22,23:44,Carousel,FEED,"ראש שב”כ דוד זיני הזהיר מפני תרחיש של חדירת מחבלים לאילת דרך הים. החששות התגברו לאחר שכלי שיט בלתי מאויש ניסה לחדור לעיר מירדן לפני כשבועיים >>>  @itayblumental  📸: דור פזואלו, חן לאופולד - פלאש90",196,1225,41,https://www.instagram.com/p/DZ5ur7UArbG/
18344210467172690,2026-06-23,10:20,Photo,FEED,"נקבע מותו של מיכאל מזרחי, שנפצע אמש באורח קשה באירוע הירי במונטריאול. מזרחי נורה בשוגג על ידי שוטרים, שזיהו אותו בטעות כמחבל. באירוע, שהתרחש בשכונת קוט דה-נז' בעיר - אזור בעל אוכלוסייה יהודית גדולה וסמוך לבית חב""ד - נהרג גם שוטר מקומי  @nathanguttman",250,2469,103,https://www.instagram.com/p/DZ63fpYjCpO/
18097146548218884,2026-06-23,11:26,Photo,FEED,"האיום של בן גביר 👇  השר לביטחון לאומי איתמר בן גביר הודיע למפכ""ל המשטרה דני לוי כי הוא שוקל לעשות שימוש בסמכותו לפטר או להרחיק לצמיתות שוטרים שפעלו באלימות בהפגנות החרדים בשבוע שעבר  זו הפעם הראשונה שבן גביר מבקש להרחיק שוטרים בגלל טענות לאלימות בהפגנות - דבר שלא התרחש בהפגנות נגד הממשלה, או לחלופין בעקבות פעולות לא חוקיות כמו ביצוע חיפוש בעירום על מפגינים שלא כדין  במכתבו למפכ""ל בעניין ההפגנה שהתרחשה ביום רביעי האחרון ציין השר: ""בתיעודים הקשים נראים שוטרים משליכים רימוני הלם לכאורה בניגוד לנהלים בכינון ישיר אל עבר המפגינים וגוררים מפגינים על הכביש תוך קריעת מכנסיהם והותרתם בתחתונים בלבד, וכן שוטר נראה בועט בראשו של מפגין"".   @roi_yanovsky  📸: פלאש 90, AP",663,1119,517,https://www.instagram.com/p/DZ6_DLun-_-/
17906649930262221,2026-06-23,12:18,Carousel,FEED,לא רק סרטונים מצחיקים: הצעיר שגנב מאות אלפי שקלים באמצעות AI  @roi_yanovsky בתמונה נעשה שימוש ב-AI 🌟,100,1636,34,https://www.instagram.com/p/DZ7FB7zgBTU/
17933857824296662,2026-06-23,15:43,Photo,FEED,"כמעט 40 שנה אחרי שנפל בשבי, שמו של רון ארד עשוי לעלות שוב בשיחות מדיניות  לפי דיווח של שליח ערוץ ""אל-ג'דיד"" הלבנוני בוושינגטון, במסגרת המו""מ בין ישראל ללבנון בחסות ארה""ב צפויה להידון גם אפשרות לעסקה להשבת שרידיו, בתמורה לשחרור עצורים לבנונים. עם זאת, יכולתה של לבנון הרשמית לספק מידע חדש בפרשה מוטלת בספק ללא סיוע מצד חיזבאללה וגורמים נוספים. גורמים בישראל הכחישו את הדיווח.   @liranaharoni_ @roikais",400,521,9,https://www.instagram.com/p/DZ7caijjEjF/
18599714944020995,2026-06-23,16:33,Photo,FEED,"העדות שמטרידה את קהילת המודיעין האמריקנית 👇  טייס מטוס קרב F15 האמריקני שמטוסו הופל באיראן סיפק עדות חריגה בתחקיר שנערך לו לאחר חילוצו. לפי דיווח ב-CNN, הטייס אמר בתחקיר כי ""ראיתי גל כטב""מים שעף במבנה של מדוזה. זה היה שיט אמיתי של חייזרים"". מקור נוסף הוסיף כי הטייס תיאר ""שדה מוקשים של כטב""מים” באוויר.   הטייס שמטוסו הופל בתחילת חודש אפריל במהלך המלחמה האחרונה נגד איראן, חולץ במבצע מורכב. עד כה לא היה ברור מה גרם לנפילת המטוס. לפי הדיווחים בארצות הברית, המקורות העריכו שהעדות הזו תוביל למסקנות חדשות לגבי נסיבות הפלת המטוס האמריקני.   צילום: U.S. Air Force",559,6421,168,https://www.instagram.com/p/DZ7iJoDgFqt/
18595551793030962,2026-06-23,19:18,Carousel,FEED,"ראו הוזהרתם: מחר בין 16:00 ל-20:00 צפויים פקקי ענק ברחבי הארץ. לפי המארגנים, יותר מ-2,000 נהגים ייצאו מ-19 מוקדים בנסיעה איטית ומכוונת לכיוון כלא 10, במחאה על מעצר עריקים  @daniel.grovais  📸: פלאש 90",199,2666,646,https://www.instagram.com/p/DZ71CWpjBkk/
18095803397596660,2026-06-23,21:12,Reel,REELS,"""אנחנו לא אנרכיסטים"": שימי בלוי, ממארגני המחאה נגד הגיוס, רומז שהשיירות המתוכננות למחר עשויות להיות רק ההתחלה - ואולי להגיע גם לנתב""ג בשבוע הבא  @maya_rachlin",158,2042,935,https://www.instagram.com/reel/DZ8CDXOD-me/
18155188948472963,2026-06-23,23:09,Photo,FEED,"בתום משחק דרמטי - יש אלופה!  מכבי תל אביב זכתה באליפות ה-58 בתולדותיה אחרי משחק צמוד מול הפועל תל אביב, וניצחון כולל של 3:1 בסדרת גמר הפלייאוף. המשחק התקיים בהיכל יד אליהו לעיני 9,000 צופים. הפועל תל אביב עדיין ללא אליפות מאז 1969.  צילומים: ספי מגריזו, באדיבות מכבי תל אביב",274,496,2,https://www.instagram.com/p/DZ8PhyrDVr_/
17984850155843115,2026-06-24,09:21,Carousel,FEED,"⁨	⁨	אלה הכבישים להימנע מהם בין 16-20 👇  הפגנת החרדים נגד מעצר עריקים מתוכננת להתקיים היום החל מ-16:00 וצפויה להימשך עד השעה 20:00 בערב. המוחים צפויים לצאת מ-19 מוקדים ברחבי הארץ בשיירות רכובות, ולעשות את דרכם לעבר כלא 10 שממוקם סמוך למחנה בית ליד. תגללו כדי לראות מה מפת החסימות ורשימת הכבישים שמומלץ להימנע מהם  אורלי אלקלעי 📸: פלאש 90⁩⁩",338,1583,198,https://www.instagram.com/p/DZ9VjHqHKcy/
18104684354472341,2026-06-24,12:52,Carousel,FEED,"⁨	האינטרסים של קטר נחשפים 👇  קטר, אחת המתווכות הבולטות במו״מ בין ארה״ב ואיראן מתגלה במסמך סודי שנחשף בכאן חדשות כמי שמממנת תחומים צבאיים וכלכליים באיראן, ואף טרור איראני  @eliorlevy @roikais  📸: AP⁩",198,1998,690,https://www.instagram.com/p/DZ9ttf1jAaQ/
18431515738125742,2026-06-24,13:51,Photo,FEED,"אירוע חריג בעזה: שני מחבלי חמאס זוהו סמוך למעבר כרם שלום בצד העזתי, כוחות צה""ל הוקפצו למקום, כולל צוות טקילה. אחד המחבלים נעצר, הסריקות אחר המחבל השני נמשכות  מדובר צה""ל נמסר: ""כוחות צה""ל קפצו לאזור מעבר כרם שלום בעקבות חשד להימצאות מחבל חמאס בצד העזתי של המעבר . חשוד אחד שאינו חמוש נעצר והועבר להמשך תחקור על ידי כוחות הביטחון. הפרטים וזהות החשוד בבדיקה. נדגיש כי לא הייתה חדירה לשטח מדינת ישראל, צה""ל היה בקשר עם ⁠גורמי ההגנה ביישובים הרלוונטים במהלך האירוע""  @itayblumental  📸: חיים גולדברג, פלאש 90",503,2131,39,https://www.instagram.com/p/DZ90b6PFrXw/
17980793010042466,2026-06-24,18:02,Reel,REELS,"⁨	בזמן הכאוס בכבישים עקב שיירות המחאה של החרדים נגד גיוס לצה""ל: עימותים אלימים התפתחו בין תושבים בעיר ערד  ‪@daniel.grovais‬  📸: שימוש לפי סעיף 27 א' לחוק זכויות יוצרים⁩",169,990,249,https://www.instagram.com/reel/DZ-RHgRjRsA/
17975522229103758,2026-06-24,19:33,Reel,REELS,"⁨	מחאת החרדים נגד הגיוס ומעצר העריקים: מפגינים חרדים שיצאו מחיפה עצרו את התנועה והחלו לרקוד על הכביש, מפגינים חרדים התפללו תפילת מנחה סמוך למחלף גנות ובכביש 1 מפגינים חסמו ותקפו מילולית חיילים שנסעו ברכב   ‪@daniel.grovais‬  📸: שימוש לפי סעיף 27 א' לחוק זכויות יוצרים⁩",268,1768,769,https://www.instagram.com/reel/DZ-bkizFXPf/
18070625537357281,2026-06-24,19:53,Photo,FEED,"אישה בת 29 בהיריון, פונתה לבית החולים במצב בינוני, ""עם חבלה בבטן"" לאחר שהתנגשה בחלקו האחורי של רכב שהשתתף במחאת החרדים ונסע לאט באופן מכוון. לאמבולנס לקח 25 דקות להגיע אל האישה. מצבה הוגדר תחילה קשה ולאחר מכן שונה לבינוני  @ofirhalperin  📸: שימוש לפי סעיף 27 א' בחוק זכויות יוצרים",280,1185,123,https://www.instagram.com/p/DZ-d44nDsbd/
18301919998304368,2026-06-24,20:49,Carousel,FEED,"⁨	⁨	סקר כאן חדשות: הליכוד מתחזקת ואיזנקוט מרחיב את הפער👇  בסקר כאן חדשות שפורסם במהדורת כאן החדשות, מפלגת הליכוד מתחזקת במנדט ומגיעה ל-24 מנדטים. מפלגת ישר! בראשות גדי איזנקוט עולה ל-22 מנדטים, בעוד מפלגת ביחד בראשות נפתלי בנט צונחת ל-16 מנדטים  עוד עולה מנתוני הסקר, כי מפלגות הדמוקרטים ועוצמה יהודית מקבלות 9 מנדטים כל אחת. מפלגת ש""ס זוכה ל-8 מנדטים, ויהדות התורה מקבלת 7 מנדטים. מפלגת חד""ש-תע""ל משיגה 6 מנדטים, הציונות הדתית עומדת על 5 מנדטים, ומפלגת רע""ם סוגרת את הרשימה עם 4 מנדטים. מפלגות המילואימניקים, כחול לבן ובל""ד נמצאות מתחת לאחוז החסימה  בתרחיש שבו בנט ולפיד מתפצלים, בנט מקבל 14 מנדטים ולפיד צונח ל-4 מנדטים. במקרה שבני גנץ יתאחד עם יועז הנדל ודדי שמחי, המפלגה המאוחדת תשיג 7 מנדטים, אך הדבר עדיין לא יביא להכרעה עבור אף אחד מהגושים. על פי תוצאות הסקר הנוכחי, גוש הקואליציה עולה ל-53 מנדטים, מנדט אחד יותר משבוע שעבר  כמו כן, בסקר נבדק גם מה הציבור חושב על הדיל שנרקם בין נתניהו למפלגות החרדיות, לפיו הצדדים יגיעו להסכמה על תאריך מוסכם לבחירות ובתמורה יוחקקו חוקים לטובת המפלגות החרדיות. 52% מהנשאלים מתנגדים לדיל הזה, 23% תומכים ו-25% לא יודעים  המשתתפים נשאלו גם מי צריך להוביל את גוש האופוזיציה בבחירות הקרובות: 40% סבורים שאיזנקוט הוא המועמד המתאים, 16% חושבים שבנט מתאים, 27% חושבים שאף אחד מהם, ו-17% השיבו לא יודע  הסקר נערך ב-24.06.2026 על ידי מכון קנטאר. מספר האנשים שהוזמנו להשתתף בסקר עמד על 2,748, ומתוכם השיבו בפועל 553 גברים ונשים בגילאי 18 ומעלה. הסקר נערך בדגימה אינטרנטית וכלל גם את המגזר הערבי. טעות הדגימה היא 4.2%+  *תיקון: מפלגת ח״דש-תע״ל בראשות אחמד טיבי ויוסף ג'בארין  ‪‪@shahar.glick.news‬‬  📸: פלאש 90⁩⁩",1542,1034,153,https://www.instagram.com/p/DZ-kUBNFvVX/
18224749231318070,2026-06-24,22:22,Photo,FEED,"⁨	הותר לפרסום: ראד אבו אלקיעאן, עובד קבלן של משרד הביטחון, נהרג מקריסת מבנה בעזה. אבו אלקיעאן, תושב רהט, עבד בחברה שמבצעת עבודות הנדסיות כחלק מפעילות צה""ל וכוחות הביטחון ברצועה  @itayblumental  📷: פלאש90⁩",204,646,31,https://www.instagram.com/p/DZ-u4DSCsB8/
18331572457255220,2026-06-24,23:53,Photo,FEED,"⁨	אבסורד: הסרטון בו נראים אחים רפואיים מאוסטרליה מאיימים ברצח על מטופלים ישראלים - לא ישמש נגדם במשפט 👇  התיעוד של צמד האחים אחמד נדיר ושרה אבו-לבדה מאיימים לפגוע במטופלים ישראלים ״לא קביל״ במשפט שיתנהל נגדם בקיץ הקרוב - כך הודיע השופט באוסטרליה. הוא ציין כי הקלטת השיחה, שנעשתה עם יוצר התוכן הישראלי מקס וייפר, מפרה חוק מקומי האוסר על הקלטת שיחות פרטיות.  השניים, אחים מבית החולים בנקסטאון בסידני, נאשמים בהתנהגות מאיימת ופוגענית אחרי שאמרו כי יסרבו לטפל בחולים ישראלים ואף ירצחו אותם. בסרטון, שעורר סערה ציבורית במדינה, נראים האחים בעת משמרת כשהם לבושים במדי מערכת הבריאות של ניו סאות' ויילס. ""אין לך מושג כמה ישראלים הגיעו לבית החולים הזה, ואני שלחתי אותם לגיהינום"", ציין האח במהלך השיחה.  ""בסוף אתה תיהרג ותלך לגיהינום"", הוסיף ופנה לווייפר בשיחת הווידאו. כשנשאלו מה יעשו אם מטופלים ישראלים יגיעו לבית החולים שלהם, השיבה האחות: ""לא אטפל בהם, אהרוג אותם""  @itamar.margalit  📷: Max Veifer⁩",890,5663,296,https://www.instagram.com/p/DZ-5T3pirxC/
18157057510467671,2026-06-25,08:19,Reel,REELS,"בניינים קרסו אחד אחרי השני: שתי רעידות אדמה חזקות בעוצמות 7.2 ו-7.5 בסולם ריכטר פקדו את ונצואלה. חשש לאלפי הרוגים ואף לעשרות אלפים, הנזק מוערך במיליארדים. טראמפ: מוכנים לסייע  @itamar.margalit (דב גיל-הר) 📸: שימוש לפי סעיף 27א׳ לחוק זכויות יוצרים",246,973,60,https://www.instagram.com/reel/DZ_zOkFk4-6/
18131584885592070,2026-06-25,09:01,Photo,FEED,"⁨	⁨	הותר לפרסום 💔  רס""ר במילואים באסל סויד, בן 32 מפקיעין, נהג בגדוד 75, נפל במהלך פעילות מבצעית בדרום לבנון. באירוע בו נפל ,נפצע לוחם צה""ל באורח בינוני. הלוחם פונה לקבלת טיפול רפואי בבית חולים ומשפחתו עודכנה  יהי זכרו ברוך 🕯  @itayblumental",241,1557,151,https://www.instagram.com/p/DZ_4BUTjFyp/
18443436520137413,2026-06-25,12:09,Reel,REELS,"את זה חוקרי המשטרה לא רואים בכל יום: גבר הצית את הרכב של האקס של בת זוגו כנקמה לאחר עימות, והשאיר בטעות את הטלפון שלו בזירה  אורלי אלקלעי",137,784,27,https://www.instagram.com/reel/DaANjI1AK-m/
18138917335549239,2026-06-25,12:56,Photo,FEED,"״חסימה תיענה בחסימה״ 👇  ארגון ""אימהות בחזית"" הודיע כי החברות יחסמו מעתה אזורים חרדיים בתגובה לחסימות בהפגנות נגד מעצרי העריקים. בהודעה שפרסם הארגון נאמר כי התגובה מגיעה בעקבות ""המשך שיתוק הכבישים והאדישות המשטרתית""  בהודעת הארגון, בו חברות אימהות לחיילים, נכתב: ""על כל חסימת ציר מרכזי נגיב בחסימה מקביל. בכניסה לבני ברק ולערים חרדיות נוספות, לא נאפשר את המשך השיבוש המופקר של חיי האזרחים""  📸 פלאש 90 @daniel.grovais",415,6759,958,https://www.instagram.com/p/DaAS7HLF3g-/
18086575076327203,2026-06-25,16:26,Photo,FEED,"האיראנים מחריפים את הטון 👇  מפקד כוח קודס של משמרות המהפכה באיראן, הגנרל אסמאעיל קאאני, אמר כי ""אם ישראל לא תיסוג מכל לבנון היום, היא תיאלץ לצאת משם מחר כשהיא מובסת"".  דבריו של קאאני מגיעים ברקע דיווחים ממקורות זרים כי צה""ל נסוג מאזורים בלבנון. עם זאת, גורם ביטחוני בכיר הכחיש את הדיווח ואמר כי צה""ל טרם נסוג מאף אזור ברצועת הביטחון הישראלית בלבנון. הוא הוסיף כי ""צה""ל לא קיבל הנחיות בנושא מהדרג המדיני"".  @shmvnmygn  📸: AP",423,513,110,https://www.instagram.com/p/DaArCJnDGsf/
18211289887337168,2026-06-25,16:52,Carousel,FEED,"אירופה נמסה: גל חום שורר ביבשת והטמפרטורות שוברות שיאי חום היסטוריים👇  במקומות רבים באירופה הטמפרטורה שנמדדה הייתה מעל 40 מעלות צלזיוס. כאשר בצרפת נמדדו 44.6 מעלות צלזיוס בעיר בורדו, ומגדל האייפל שבפריז נסגר למבקרים. כמו כן, עשרות אנשים בצרפת טבעו למוות כאשר ניסו להתקרר במקורות מים. בגרמניה הושבתו הרכבות ובבריטניה נסגרו בתי הספר עקב תנאי החום הקיצוניים. לפי התחזית, צפויה הקלה בעומס החום במהלך סוף השבוע  (דב גיל-הר) 📸: AP Photo/Francisco Seco, AP Photo/Kin Cheung, REUTERS/Gonzalo Fuentes",491,1553,52,https://www.instagram.com/p/DaAt-V5DpY1/
18092656031374898,2026-06-25,19:47,Reel,REELS,"⁨	חגיגות המוניות של תלמידי תיכון ברחובות ביירות, לאחר שבחינות הבקלוריה (המקבילות לבגרות) לשנת 2026 בוטלו. במקומן, ייחשבו ציוני האיפאדה (המקבילים לציוני המגן). שרת החינוך, רימא כראמי, הכריזה מוקדם יותר על החלטת הממשלה - החלטה נגדה נאבקה במשך זמן רב. כראמי התעקשה על קיום הבחינות כסדרן חרף המלחמה בלבנון, בטענה כי הציונים הכרחיים לצורך קבלת התלמידים לאוניברסיטאות.   ‪@omershahar10‬⁩",381,1654,36,https://www.instagram.com/reel/DaBB5HZj8ql/
18092728229035491,2026-06-25,20:17,Photo,FEED,"תקרית חריגה באוויר 👇  במהלך טיסה של נשיא המדינה במסוק צה""ל, ביצע המסוק נחיתת חירום בבסיס חיל האוויר במרכז הארץ בעקבות פגיעת ציפורים. מדובר צה""ל נמסר כי אין נפגעים ולא נגרם נזק.  @itayblumental  📸: פלאש 90, איל מרגולין",217,762,71,https://www.instagram.com/p/DaBFbvYDPir/
18092865269365343,2026-06-25,20:59,Carousel,FEED,"⁨	⁨	⁨	ה""גל הכחול"" שוטף את דרום אמריקה - ומביא איתו מהפך שישפיע גם עלינו: הכירו את אבלארדו דה לה אספריילה, הנשיא החדש של קולומביה  ‪‪@shalev.segal‬‬⁩⁩ 📸: AP⁩",156,7508,109,https://www.instagram.com/p/DaBKOz6AeS-/
18039478691803521,2026-06-25,21:42,Carousel,FEED,"⁨	בזמן שבארה""ב זועמים על תמחור חריג של 80 דולר עבור GTA 6, המכירה המוקדמת שנפתחה אתמול חשפה: בישראל ישלמו את המחיר הגבוה ביותר עבור המשחק שהעולם מחכה לו יותר מ-13 שנה.   הגרסה הרגילה תעלה בארץ 319 שקל והמהדורה המיוחדת 399 שקל, פער של 34% מהמחיר האמריקני. ביפן, בדרום קוריאה ובהודו, לשם השוואה, המשחק יעלה כ-60 דולר בלבד. המשחק צפוי לצאת ב-19 בנובמבר לפלייסטיישן 5 ול-Xbox Series X/S  @sapiravrahami  📸: Rockstar Games⁩",418,3233,148,https://www.instagram.com/p/DaBPK1BEbp1/
18086914103157782,2026-06-26,08:37,Reel,REELS,⁨	כנגד כל הסיכויים: אישה חולצה בחיים מההריסות בוונצואלה אחרי רעידת האדמה הקטלנית   (דב גיל-הר) 📸: מתוך חשבון ה-X ‪Surajit,121,2341,46,https://www.instagram.com/reel/DaCaD4BEqd5/
18005167802931321,2026-06-26,09:55,Reel,REELS,"⁨	⁨	מרגש: ארגון למורשת יהדות סוריה משפץ קברים בבית הקברות היהודי העתיק בדמשק. בין הקברים ששופצו - של הרב נסים נדבו, הרב הראשי של דמשק שליווה את המרגל הישראלי אלי כהן ברגעיו האחרונים, לפני שנתלה בכיכר העיר   ‪@roikais‬ (דב גיל-הר) 📸: Syrian Mosaic Foundation⁩⁩",259,1996,57,https://www.instagram.com/reel/DaCi9SpCpjl/
18029042120654120,2026-06-26,12:04,Reel,REELS,"⁨	""את יודעת כמה משפחות שכולות יש? שכל אחד יהיה ראש ממשלה?"": הפרלמנט של אוריה מגיע לשוק מחנה יהודה בירושלים  #הפרלמנטשלאוריה מתוך #כאןבשש @uriyaelk @maya_rachlin",160,226,69,https://www.instagram.com/reel/DaCxvG1ilhZ/
18111740449913960,2026-06-26,13:22,Carousel,FEED,"מכעיס, אבל חוקי: חסימת כביש בישראל - כשלעצמה - היא לא עבירה פלילית. איפה עובר הגבול בין מחאה לגיטימית להפרת הסדר הציבורי? הפרשנות של תמר אלמוג >>>   📸: חיים גולדברג, יונתן זינדל, דוד כהן, גילי יערי - פלאש90",206,959,177,https://www.instagram.com/p/DaC6rXnAlu9/
18106857988797348,2026-06-26,14:30,Reel,REELS,"⁨	⁨	""הכלי המושלם לפשע השקט"": הסורונים משתלטים במהירות הרחובות - והשוטרים מתקשים לעמוד בקצב | הכתבה המלאה - מחר בחדשות השבת   ‪@daniel.elazar‬⁩",142,3688,86,https://www.instagram.com/reel/DaDCgQsDOLz/
18596717044034282,2026-06-26,14:50,Photo,FEED,"⁨	⁨	״הציתו מרפסת בית - בזמן שהמשפחה שהתה בתוכו״ 👇  כתב אישום הוגש נגד שישה נערים יהודים - בהם חמישה קטינים - בגין מעשי טרור, הצתות, חבלה והתפרעות אלימה בכפר הפלסטיני דיר דבואן. מכתב האישום עולה כי הנערים הגיעו לסביבת הכפר בשיירת רכבים, כשהם רעולי פנים ומצוידים בחומרים דליקים, מצתים, גז מדמיע וסכין.   בין השאר, הנערים הציתו אש בכניסה למסגד, וגרמו לפציעתו של אחד המתפללים בעין. בנוסף, הם הציתו מרפסת בית בזמן שבני המשפחה שהו בתוכו, ובכך סיכנו את חייהם. הנערים גם הציתו צמחייה וכלי רכב ויידו אבנים לעבר מכוניות ובתים  ‪@haimgoldich‬  📸: אילוסטרציה - למצולמים אין קשר לנאמר | Chaim Goldberg/Flash90⁩⁩",598,1310,370,https://www.instagram.com/p/DaDE04Vkdi6/
18056448905742902,2026-06-26,16:51,Reel,REELS,"⁨	⁨	עם דגלי חמאס מונפים ונשקים שלופים: הלווייתו של מפקד בחמאס שחוסל בעזה הפכה היום למפגן כוח מאיים - כולל הקריאות המטרידות ""7 באוקטובר עוד יחזור""  ‪@anastasia.stu‬⁩",164,2617,973,https://www.instagram.com/reel/DaDSjnXEj-7/
18131302567614265,2026-06-26,20:08,Photo,FEED,"⁨	⁨	⁨	אחרי ארבעה ימים של משא ומתן: ישראל ולבנון יחתמו הערב על הסכם מסגרת לתחילת הנסיגה מלבנון 👇  ישראל, לבנון וארצות הברית צפויות לחתום הערב על הסכם מסגרת בנוגע לתחילת נסיגת כוחות צה""ל מדרום לבנון. ההסכם גם מעגן את המשך הישארות כוחות צה""ל בדרום לבנון כל עוד חיזבאללה לא מפורק מנשקו.   התקדמות משמעותית נרשמה בשעות האחרונות בשיחות בין לבנון לישראל, כאשר לפי מקורות ישנן הסכמות בין הצדדים גם על התחלת פיילוט בשני אזורים מהם ייסוגו כוחות צה""ל - ובמקומם ייכנסו כוחות צבא לבנון.  הצדדים סיכמו גם על אופן הטיפול במנהרות, על התמודדות עם התעצמות חיזבאללה ועל קיום מו""מ בנוגע לקו הגבול היבשתי בין המדינות - כך לפי גורם המעורה בנושא. הוויכוח בין הצדדים בשעות האחרונות נגע למיקום האזורים הראשוניים לכניסת צבא לבנון במקום כוחות צה""ל - האם זה יהיה מצפון לליטני או מדרום לו.  לפי אותם גורמים, הכוחות ייסגו בתוך רצועת הביטחון, ולא ממנה. הכוחות שנשארים באזור הרצועה בלבנון ייפרסו מחדש במסגרת הפיילוט, וייסגו כדי לאפשר כניסה של צבא לבנון  ‪‪@gilicohen10‬‪@nathanguttman‪@roysharon11‪@itamar.margalit‬rgalit גיא מעיין 📷: פלאש90⁩⁩⁩",1012,490,74,https://www.instagram.com/p/DaDpLZfih_g/
18093496646340489,2026-06-26,21:38,Reel,REELS,"⁨	נתניהו מתייחס לראשונה להסכם עם לבנון: ""זו מכה גדולה לאיראן"" 👇  בהודעה מוקלטת בירך ראש הממשלה נתניהו על ההסכם עם לבנון אך הבהיר כי ישראל נשארת ברצועת הביטחון ""כל עוד חיזבאללה לא פורק מנשקו. אנחנו שומרים כל הזמן על אזור הביטחון המקורי מחוץ לטווח הנ""ט"", הוסיף, ""לא מאפשרים לחיזבאללה להיכנס לשם וגם לא לאוכלוסייה"".  ""נאפשר לצבא לבנון להתחיל להתארגן לתפוס שטח"", הסביר רה""מ. ""יהיו שני אזורי פיילוט, שניהם בהמלצת צה""ל. זו גם מכה גדולה לאיראן. אנחנו אומרים להם - אין לכם שום תפקיד בלבנון. לא לכם, לא לחיזבאללה ולא לשום ארגון טרור""  @gilicohen10  📷: דוברות ראש הממשלה (⁠צולם לפני כניסת השבת)⁩",585,1120,423,https://www.instagram.com/reel/DaDzX-2CSUg/
18115749712846675,2026-06-26,23:14,Reel,REELS,"⁨	⁨	⁨	⁨	*תיעוד קשה לצפייה*  הפציעה - והכשלים: מילואימניק נפצע קשה ממטח פצמ""רים בלבנון - מצלמת הגוף שלו תיעדה הכול.  האירוע התרחש בחודש מרץ האחרון, כשלצדו נפצעו שני לוחמים נוספים קל. הוא הציף טענות קשות מצד לוחמים ואנשי מילואים על כשלים חמורים במעטפת הרפואית של הכוח.  ממידע שהגיע עולה כי הגדוד נכנס למשימה כאשר המענה הרפואי שסופק לו לא היה מלא. לטענת גורמים בגדוד, במשך תקופה ארוכה הועלו בפני גורמי הפיקוד והלוגיסטיקה פערים הנוגעים למחסור בציוד רפואי חיוני והיעדר תהליך מסודר להכנת הצוות הרפואי למשימות מבצעיות.  עוד נטען כי חלק מהציוד הרפואי הועבר רק סמוך לכניסה לפעילות, וגם אז לא כלל את כל האמצעים הנדרשים. בין היתר, נטען כי לרופא שפעל בגזרה לא הייתה פלזמה – אמצעי מציל חיים המשמש לטיפול ראשוני בנפגעי איבוד דם משמעותי. באותה עת הוא היה הרופא היחיד שנתן מענה רפואי לכלל הכוחות שפעלו בגזרה.  לוחם המילואים שנפצע מספר כי רק לאחרונה, לאחר שצפה בתיעוד ממצלמת הגוף שנשא במהלך הפעילות, הבין את עוצמת האירוע שעבר. הוא מאמין שהטיפול שקיבל בשטח הציל את חייו, אך מציין כי לרופא לא היו כל האמצעים שנדרשו. עוד הוא מספר כי לפני הכניסה לפעילות התבקש לסייע בהבאת ציוד רפואי, אך הדבר לא התאפשר, וכי חלק מהציוד החסר הגיע רק בשעות הערב, כאשר כבר היה מורדם ומונשם בבית החולים.  מאז פציעתו הוא נמצא בהליך שיקום ממושך. הוא אינו עובד מתחילת המלחמה, ועסקו קרס בעקבות שירות המילואים והפציעה. לדבריו, צפויה לו עוד דרך ארוכה עד להחלמה.  לטענת לוחמים בגדוד, האירוע ממחיש כי מדובר בכשל מערכתי ולא בתקלה נקודתית. לדבריהם, גדוד הנשלח למשימה קרבית חייב לקבל מראש מעטפת רפואית מלאה. הם מזהירים כי באירוע שבו מספר הנפגעים היה גדול יותר או הפציעות היו קשות יותר, הפערים הללו עלולים היו לגבות מחיר כבד בהרבה.  כעת הם מבקשים מצה”ל לבדוק לעומק את הטענות ואת אופן היערכות מערך הרפואה ליחידות המילואים כדי למנוע הישנות של מקרים דומים בעתיד  ‪@carmelamenashe‬⁩",1723,16767,551,https://www.instagram.com/reel/DaD-YNIlcnu/
18116662355508443,2026-06-27,08:31,Reel,REELS,"⁨	⁨	לבד במערכה: בזמן שהמשטרה לא מסייעת וחברות הביטוח מסרבות לבטח – בעלי עסקים רבים ברחבי הארץ מוצאים את עצמם פשוט חסרי אונים מול טרור הפרוטקשן.   יריב בן עמי, חקלאי תושב הצפון, החליט שהוא לא מוכן לפחד ולהתקפל - והקים את ארגון ""עד כאן"" במטרה לתת גב לכל מי שנאבק בסחיטה ובאיומים  #גליקותמר @ifatglick @almogtamar",310,1697,136,https://www.instagram.com/reel/DaE-JFOlXED/
17881474323459278,2026-06-27,12:21,Reel,REELS,"""הייתי עושה פעם בשבוע מיטת שיזוף"": ירדן ויזל שיתפה במחיר הבריאותי ששילמה בעקבות החשיפה לשמש  @maylaurencefaye.bismuth",117,7582,201,https://www.instagram.com/reel/DaFYhECiddh/
18427323568130116,2026-06-27,14:01,Carousel,FEED,⁨	אתרי הדופמין שהפכו לפופולריים במיוחד בקוריאה מסתמנים כדרך חדשה להתמודד עם הדחף לקנות - ואולי גם לחסוך  @maylaurencefaye.bismuth  📸: שימוש לפי סעיף 27 א׳ בחוק זכויות יוצרים⁩,174,1150,23,https://www.instagram.com/p/DaFj-WsApnT/
17975912808058067,2026-06-27,20:31,Photo,FEED,"אסון בנהר הירדן 👇  נערה בת 13 מהצפון אותרה ללא רוח חיים לאחר שנסחפה בנהר הירדן במקטע הסמוך ללהבות הבשן. נערה נוספת בת 15 שנסחפה גם כן בנהר טרם נמצאה, וכוחות משטרה גדולים סורקים את האזור תוך שמסוק הוזעק לעזרה. גם יחידת להבה של כיבוי והצלה וצוותי חילוץ של מתנדבים פועלים במקום. מפרטים ראשונים עולה כי חברותיהן של שתי הנערות דיווחו לנציבות כיבוי והצלה על היסחפותן בזרם.  @wassermanmichal  📸: כבאות והצלה",400,2283,50,https://www.instagram.com/p/DaGQp6sCZ0g/
18141320014537297,2026-06-27,20:56,Reel,REELS,"צה""ל ושב""כ: חיסלנו את וליד הניה, אחיינו של איסמעיל הניה וסגן מפקד פלוגת נוח'בה בחמאס. המחבל פיקד על פשיטה לשטח ישראל ב-7 באוקטובר והכווין חטיפת אזרחים, ולאחרונה פעל לגיוס מחבלים חדשים לשורות ארגון הטרור.  גיא מעיין, @itayblumental",230,2299,125,https://www.instagram.com/reel/DaGTb2gDQ43/
18168760663428652,2026-06-27,21:41,Photo,FEED,"אמירה דרמטית של נתניהו לקראת הבחירות: בתגובה לשאלה במסגרת מסיבת עיתונאים אמר רה""מ כי בכוונתו להקים ממשלה לאומית רחבה. ""רק כך אנחנו יכולים להגיע להסכמות בתוכנו. זה אומר די לחרמות, אני לא מחרים אף אחד"".  @gilicohen10  📸: פלאש 90",226,1228,613,https://www.instagram.com/p/DaGYpd3DqoS/
17887368171590525,2026-06-27,22:19,Photo,FEED,"סוף עצוב לחיפושים  חלא עזאם ואימאן ח'יר, בנות 13 מהצפון, אותרו ללא רוח חיים לאחר שנסחפו בנהר הירדן במקטע הסמוך ללהבות הבשן. כוחות משטרה גדולים סורקו את האזור תוך שמסוק הוזעק לעזרה. גם יחידת להבה של כיבוי והצלה וצוותי חילוץ של מתנדבים פעלו במקום.  ‪@rubih‬  📸: כבאות והצלה⁩",272,1178,46,https://www.instagram.com/p/DaGc9ufDurb/
18167263354440215,2026-06-28,08:53,Reel,REELS,"עיר האורות ו... הברקים? במהלך סופה שהכתה הלילה בפריז, תועד ברק פוגע במגדל אייפל. למרבה המזל, המגדל היה סגור מראש למבקרים בעקבות גל החום.  (דב גיל-הר)",149,4501,76,https://www.instagram.com/reel/DaHle9CiKAK/
17999826239955686,2026-06-28,11:22,Carousel,FEED,"בזמן שהשיח הציבורי מתמקד בגידול של החברה החרדית, דו""ח חדש של עמותת 'יוצאים לשינוי' מראה שהמציאות מורכבת יותר ממה שנדמה  @daniel.grovais  📸: פלאש 90, טל גל",154,2332,223,https://www.instagram.com/p/DaH2mdsju8l/
17952662991178253,2026-06-28,12:33,Photo,FEED,"הותר לפרסום 💔  סרן דוד חזות, מאשקלון, מפקד מחלקה בגדוד 12, חטיבת גולני, נפל בקרב בדרום לבנון, בן 21 בנופלו.  פרטי התקרית: כוח מסיירת גולני נכנס באזור השעה 2 וחצי לפנות בוקר לסרוק מבנה בכפר דיר סיריאן, בתוך רצועת הביטחון שנשלטת בידי צה""ל, כ- 5 ק""מ מהגבול - מול רכס רמים.   מתחקיר ראשוני עולה שמחבל המתין לכוח בחדר המדרגות, וירה לעברם מטווח קצר. כתוצאה מהירי, קצין נהרג, לוחם נוסף נפצע קל.   המחבל הצליח לברוח, המרדף אחריו נמשך",425,2314,173,https://www.instagram.com/p/DaH-uyhjUS6/
18370350688230778,2026-06-28,13:26,Photo,FEED,"⁨	ברקע המשבר ביחסים עם טורקיה, הממשלה אישרה פה אחד את ההכרה של ישראל ברצח העם הארמני.   שואת הארמנים הייתה רצח עם מכוון שביצעה האימפריה העות'מאנית באוכלוסייה הארמנית שבשטחה בין השנים 1915 ל-1923. רצח העם כלל טבח המוני, גירושים וצעדות מוות. לפי ההערכות, בין מיליון למיליון וחצי ארמנים נרצחו בתקופה זו.  בטורקיה מסרבים להשתמש במונח ""רצח עם"" בהקשר זה, ובישראל לא הכירו עד כה בשואת הארמנים. רק כעת, יותר מ-100 שנה אחרי רצח העם, ישראל מכירה בו. שר החוץ גדעון סער, שיזם את ההצעה, אמר בנושא: ""לעולם לא מאוחר מדי לעשות את הדבר הנכון""  @gilicohen10 @omershahar10  צילום: רויטרס, רונן זבולון - רויטרס⁩",591,4862,197,https://www.instagram.com/p/DaIEu8uETDm/
17954965767238526,2026-06-28,14:06,Reel,REELS,"⁨	פיצוץ אדיר בלב חולון: תיעוד הרצח של מוסתפא אבו לסאן, בן 38 מיפו, הבוקר בחולון   @hadasgrinberg",96,894,62,https://www.instagram.com/reel/DaIJT0iHy9z/
18112646692785100,2026-06-28,14:29,Reel,REELS,"⁨	⁨	⁨	סן פרנסיסקו: סקוט וינר, סנאטור יהודי מקליפורניה שקידם חקיקה למען טרנסג'נדרים, גורש בצעקות ובקללות ממצעד למען טרנסים כי ""תמך ברצח העם בעזה"".  במהלך הקמפיין שלו, וינר ספג ביקורת לאחר שנמנע מלהגדיר את המלחמה בעזה כ״רצח עם״. בהמשך הוא נכנע ואמר שאכן מדובר ברצח עם   ‪‪@yechez.korn‬‬⁩⁩",286,2459,327,https://www.instagram.com/reel/DaIL7rwleRT/
18160124653409694,2026-06-28,15:51,Reel,REELS,"בפראדה הכריזו על שגריר חדש: הראפר הפלסטיני סנט לבנט, שנולד בירושלים כמרוואן עבד אלחמיד, וגדל גם בעזה ובירדן. לבנט הצטלם לעמוד הרשמי של מותג העל כשהוא עונד שרשרת בצורת ""מפת פלסטין"" - שמציגה למעשה את כל שטחה של ישראל  📸: מתוך עמוד האינסטגרם של Prada",247,1804,727,https://www.instagram.com/reel/DaIVXClEgAR/
18145105444521726,2026-06-28,17:06,Reel,REELS,"⁨	השר בצלאל סמוטריץ': ""בזכותי כל החטופים כאן""   📸: מתוך הפודקאסט של נדב פרי ב-All in⁩ @all_in_podcastim",103,433,421,https://www.instagram.com/reel/DaId8KDk5sM/
18023541848839176,2026-06-28,17:33,Reel,REELS,"⁨	תיעוד מצמרר: סרן דוד חזות ז""ל, שנפל בדרום לבנון, עם חבריו הלוחמים בקורס הקצינים - ""נחזור הביתה בשלום""   @itayblumental",120,7298,174,https://www.instagram.com/reel/DaIg8BTk3z4/
18119322541813236,2026-06-28,18:54,Reel,REELS,"⁨	גלית, אימו של סרן דוד חזות ז""ל, ספדה לו: ""אבא יקבל אותך בזרועות פתוחות""   @asaf_pozailov",90,4061,283,https://www.instagram.com/reel/DaIqOPHETSH/
18089863937377025,2026-06-28,19:01,Reel,REELS,⁨	⁨	⁨	מסתכלים לשסע בעיניים: ביום שישי האחרון קבוצה של מפגינים חילונים ודתיים יצאו לחסימת נגד בתגובה לחסימות החרדים. אלה הקולות ממפגש השבטים של החברה הישראלית בקו הגבול שבין גבעת שמואל לבני ברק  #הרגעשלהשבוע | (שלו סגל)⁩,219,4124,485,https://www.instagram.com/reel/DaIrC8VAHtp/
18167922157432355,2026-06-28,20:01,Reel,REELS,"⁨	רון, בת הזוג של סרן דוד חזות ז""ל, נפרדה ממנו בדמעות: ""הלוואי שהיית באמת בעלי והאבא של הילדים שלי""   @asaf_pozailov",116,2909,112,https://www.instagram.com/reel/DaIx7t9j9oG/
17920861455389280,2026-06-28,20:30,Reel,REELS,⁨	אתם מוכנים? הפודקאסט החדש של קרן נויבך בדרך אליכם   ‪@kereneubach‬⁩,69,504,17,https://www.instagram.com/reel/DaI1R_mlNVm/
17880123558610402,2026-06-28,21:03,Photo,FEED,"⁨	״חמאס מגייס מחבלים ומאמן נוח׳בות״ 👇  בכירים באגף המודיעין ובפיקוד הדרום התריעו בפני הרמטכ״ל זמיר כי הזרוע הצבאית של חמאס נערכת מחדש למלחמה.   לפי הבכירים, בחמאס מייצרים מאות מטענים וטילי נ״ט מדי חודש, במקביל לגיוס מחבלים בני 18 עד 22. בנוסף, ארגון הטרור מנסה להבריח רחפנים ואמצעי תקשורת מסיני - ומשקם תשתיות תת קרקעיות ברחבי הרצועה. כמו כן, בחמאס החלו לאמן לאחרונה מחבלי נוח׳בה.   הבכירים הזהירו את הרמטכ״ל: ״חמאס חזק בשטח, אף אחד לא מאיים עליו״   @itayblumental  📸: Adel Hana/AP⁩",482,1846,241,https://www.instagram.com/p/DaI4_y-iOvs/
17918640213183558,2026-06-29,09:34,Photo,FEED,"עשרות חיילים עם תסמיני מעיים, ובצה""ל בודקים אם המזון שסופק בבסיס בדרום הוא מקור התחלואה: כ-60 חיילים דיווחו על תסמינים, ושני חיילים ואזרח אובחנו עם סלמונלה.  בעקבות הדיווח נערכה ביקורת ביחידה, המטבח עבר חיטוי ועובדיו תודרכו מחדש. בצה""ל מסרו כי המפקדים מוודאים שטיפת ידיים לפני הכניסה לחדר האוכל וכי השירותים מחוטאים בתדירות גבוהה  @menashecarmela  צילום אילוסטרציה: דובר צה""ל",375,1304,126,https://www.instagram.com/p/DaKPBSsFo6z/
18121675561684773,2026-06-29,10:49,Reel,REELS,"""בניינים של 12 קומות פשוט נשכבו על הרצפה"": משלחת החילוץ הישראלית, המונה 16 מחלצים ואנשי מקצוע של חברת מגן, עמותת Ready for Rescue וארגון SmartAID, הגיעה להציל חיים באזור האסון בוונצואלה  @yechez.korn  📸: מאיה ברק",212,2826,155,https://www.instagram.com/reel/DaKXjzqE7dp/
17916024423407859,2026-06-29,12:45,Photo,FEED,"שלוש שנים אחרי ההמלצה החריגה לפרקליטות, הרכב השופטים במשפט נתניהו שב היום לעמדה שהציבה סימן שאלה על אישום השוחד בתיק 4000 (וואלה-בזק).  השופטת רבקה פרידמן-פלדמן אמרה כי גם לאחר שמיעת עדותו של ראש הממשלה, עמדת ההרכב מיוני 2023 נותרה בעינה. אז המליצו השופטים לתביעה לשקול נסיגה מאישום השוחד ולהותיר את עבירת הפרת האמונים. אין מדובר בהכרעת דין, והמשפט נמשך.  @veredpelman @almogtamar  צילום: ראובן קסטרו/פול",404,790,92,https://www.instagram.com/p/DaKkz0PFoVQ/
18116687794669607,2026-06-29,13:48,Reel,REELS,"""אבל להתחיל עם נעמה לזימי""  ח""כ יצחק פינדרוס, שקרא לירות ברגלי חוסמי כבישים, נשאל בוועדת החינוך אם האמירה תקפה גם ליו""ר מפלגתו יצחק גולדקנופף, שהשתתף בחסימת כביש. תשובתו: ""אבל להתחיל עם נעמה לזימי""  לזימי התפרצה בתגובה: ""חבר כנסת אמר שצריך לירות לי ברגליים ואתם לא עוצרים את הדיון? התרת הדם וההסתה פה נמאסה. אתם ירדתם מהפסים. אני בן אדם כאן ומותר לי להיאבק""  @dikla_aharon  צילום: ערוץ כנסת",390,664,273,https://www.instagram.com/reel/DaKr_gOjahY/
18002653799955342,2026-06-29,16:20,Carousel,FEED,"⁨	""לשים 10 לוחמים על המסלול עם הפרוטזות והצלקות, ולהפוך אותם לדבר הכי מגניב שיש"": פרויקט ""מורפוזה"" הייחודי הפגיש בין סטודנטים לעיצוב משנקר ל-10 לוחמים שנפצעו קשה במלחמה, שהחליטו לעלות לדגמן בלי להסתיר דבר.  הכתבה המלאה - בסטורי ‪@vicoatuan‬⁩ @liavalamo @ben_shnaper @shenkar.fashion",282,1852,20,https://www.instagram.com/p/DaK9efjAIve/
18055066652780230,2026-06-29,16:48,Reel,REELS,"⁨	״אין לך זכות להיות פה״: משפחות שורדי שבי וקורבנות הטבח התפרצו לנאום של סמוטריץ' בטקס שנערך בקיבוץ עין השלושה. שר האוצר השיב לדבריו של אייל אשל, אביה של רוני אשל ז״ל, ואמר לו שהוא אוהב ומעריך אותו. אייל אשל בתגובה: ״אם היית אוהב אותי היית מגן על רוני שנשרפה בחמ״ל. אתה לא מגן עלי ואין לך זכות להיות פה״  ‪@asaf_pozailov‬⁩",322,1731,151,https://www.instagram.com/reel/DaLApiTAKL9/
18163954387459157,2026-06-29,18:16,Photo,FEED,"רק בת תשע 💔  בתאונת דרכים קטלנית בראש העין, ילדה כבת תשע, תושבת העיר שרכבה על קורקינט, נדרסה למוות על ידי מיניבוס. על פי גורמי הרפואה, רוכבת הקורקינט פונתה מהמקום במצב אנוש לבית החולים בילינסון, שם נאלצו הרופאים לקבוע את מותה  נהג המיניבוס, תושב כפר קאסם בשנות ה-30 לחייו, עוכב לחקירה בחשד למעורבות בתאונה  @hadasgrinberg  📸: פלאש 90",333,1760,94,https://www.instagram.com/p/DaLKvXTCUFt/
18595021975038546,2026-06-29,19:13,Reel,REELS,"⁨	""החיוך שלו מושתל בתוכה"": הכבד של סרן שחר גמלא שנפל בבופור הושתל בבל בת ה-7 - והציל את חייה  ‪@amirgera69‬⁩",108,8012,145,https://www.instagram.com/reel/DaLROrPDja_/
17944040343238929,2026-06-29,20:24,Reel,REELS,"⁨	⁨	״כדורגל זה מחלה, זה בדם״: בגיל 96 אווה שוורץ עדיין צופה בכל משחק של נבחרת ברזיל, גם אם השעה מאוחרת וגם אם הם כבר לא טובים כמו הנבחרות הקודמות שעודדה במשך השנים. עכשיו היא כבר עושה זאת עם הנכדה שלה, קרן פיקר. וכן, אתם יכולים להיות בטוחים שהיא צופה גם עכשיו  ‪‪@eliorlevy‬‬⁩⁩",277,3682,62,https://www.instagram.com/reel/DaLZSmMgb0U/
18212319454341558,2026-06-30,10:08,Photo,FEED,"מוכנים להסכם עם טראמפ?  אחד העיתונים הגדולים והנחשבים באיראן - ""המשהרי"" פרסם על שערו תמונה של הנשיא טראמפ ועליה צלב כוונת. לצידה נכתב - ""הנקמה ודאית"". העיתון, היוצא לאור על ידי עיריית טהרן נחשב לקול מוביל של הפלג השמרני בשלטון האיראני.   אתמול כתב הנשיא האמריקאי ברשת החברתית שלו כי ""איראן רוצה לדבר"". אולם אמש הכחיש משרד החוץ האיראני כי צפויות להתקיים שיחות בין הצדדים.  באיראן נשמעים בימים האחרונים קולות המתנגדים להסכם עם ארצות הברית. בעיתון ""כיהאן"" הנחשב לשופר המשטר פורסמו הצהרות לפיהן סעיפי ההסכם הן ""הפרת דעותיו המפורשות של המנהיג העליון"". לפי הערכות, הקולות השונים מאיראן מייצגים פילוג בשורות המשטר, ומחלוקת בין הפלג הפרגמטי אותו מוביל יו""ר הפרלמנט קאליבאף, לבין משמרות המהפכה וסביבתו של המנהיג העליון מוג'תבא ח'מינאי.",726,456,40,https://www.instagram.com/p/DaM3qGjmxOX/
17891530341559164,2026-06-30,10:43,Photo,FEED,"ההשתלחות בבני ברק: ""הרמטכ""ל ארור""  ראש הממשלה בנימין נתניהו גינה הבוקר את המתקפה על הרמטכ""ל בעצרת חרדית נגד הגיוס: ""גם כשיש חילוקי דעות בתוכנו, אין שום מקום לדברי הסתה חמורים נגד צה""ל ומפקדיו"".   אמש, במהלך עצרת בבני ברק קרא הרב אריה יזדי, המוכר בציבור החרדי ספרדי - ""הרמטכ""ל ארור, יימח שמו. הוא שלח חייל לכלא כי הוא שם פתק משיח. בצבא מחנכים לעבירות החמורות ביותר בתורה, במדינה הטמאה הזאת"".  ארבעה חברי כנסת מש""ס השתתפו באירוע ולא התייחסו לדברים. הבוקר פרסמה המפלגה גינוי: ""האמירות הקיצוניות שנשמעו אמש בעצרת המחאה לכבודה של תורה אינן משקפות את דעתם של רבותינו מועצת חכמי התורה, ובניגוד לדרכה של תנועת ש""ס"".  לפני שמסר נתניהו את הודעת הגינוי הבוקר, תקף אותו יו""ר האופוזיציה לפיד על שתיקתו: ""החרדים מסיתים נגד הלוחמים שלנו, מתירים את דמו של הרמטכ""ל, ונתניהו והשרים שותקים כמו דגים. אף מילת גינוי, אף צו מעצר על הסתה לאלימות. הממשלה הזו היא ערימה של פחדנים"".  צילום: פלאש 90",872,606,263,https://www.instagram.com/p/DaM7rA5gKtG/
18135891937576444,2026-06-30,14:02,Reel,REELS,"יידוי חפצים, שפיכת מים ואלימות בזמן סיקור: כתב כאן חדשות דניאל גרובייס וכתב חדשות 13 יואלי ברים הותקפו אמש במהלך עצרת החרדים בבני ברק. השניים מצאו מחסה בבית החולים מעייני הישועה ונזקקו לחילוץ מהמקום  צילום: מאיר פ.",214,496,76,https://www.instagram.com/reel/DaNSadRmXrk/
18091828400347625,2026-06-30,14:56,Photo,FEED,"⁨	""זה המפקד שנתן את ההוראה לקשור אותי ולהתעלל בי""  שורד השבי רום ברסלבסקי זיהה את טלאל עבד אלעאל, מחבל הג'יהאד האסלאמי שחוסל שלשום בתקיפת צה""ל ושב""כ בדרום רצועת עזה, כמפקד החוליה שהחזיקה בו בשבי במשך שנה.  ברסלבסקי כתב בחשבון האינסטגרם שלו כי אלעאל, שכינה אותו ""אבו יוסוף"", היה ""האדם שבהוראתו ובידיים שלו עצמו התעללו בי וכמעט הרגו אותי כמה פעמים"". לפי הודעת צה""ל ושב""כ, אלעאל פיקד על חוליה שפשטה לישראל ב-7 באוקטובר ולקח חלק בהחזקת חטופים בדרום הרצועה  ‪@itayblumental‬ @rom_braslavski  📸: Yonatan Sindel/Flash90, דובר צה""ל⁩",524,609,28,https://www.instagram.com/p/DaNYsM0lXjf/
18029276510662304,2026-06-30,15:15,Reel,REELS,"⁨	""חיסלתם את הבן אדם שעשה לי הכי הרבה רע"": צפו ברגע שבו שורד השבי רום ברסלבסקי התבשר שמחבל הג'יהאד האיסלאמי שהחזיק והתעלל בו בשבי - חוסל   ‪@itayblumental‬  📸: האינסטגרם של רום ברסלבסקי⁩",186,3629,74,https://www.instagram.com/reel/DaNauM1Dm_C/
18071674067353015,2026-06-30,16:46,Reel,REELS,"פיצוץ עז החריד את קריית חיים: גבר נהרג לאחר שרכב שבו ישב התפוצץ ועלה באש בחיפה. לוחמי האש חילצו אותו מהרכב הבוער, ומד""א קבע את מותו בזירה. במשטרה חושדים שמדובר באירוע פלילי, חבלנים אוספים ממצאים וזהות הקורבן טרם נקבעה  @wassermanmichal @rubih  צילום: תומר נגלי",260,855,34,https://www.instagram.com/reel/DaNlMUlAYpC/
18091269707525852,2026-06-30,18:24,Photo,FEED,"30 עד 200 דולר לכל משימה 👇  אלי לוון, חרדי אמריקני כבן 20, חשוד כי צילם עבור מפעילים איראנים את התחנה המרכזית בירושלים, את קניון הדר ואתרים נוספים, בהם מתקנים רגישים. לפי המשטרה ושב""כ, החקירה נוהלה בימ""ר ירושלים בעקבות אינדיקציות מגופי ביטחון בין-לאומיים. היום הוגשה נגדו הצהרת תובע לקראת הגשת כתב אישום  @haimgoldich @veredpelman  האילוסטרציה נוצרה באמצעות AI ✨",362,971,92,https://www.instagram.com/p/DaNwfNpFTqy/
18097119185213648,2026-06-30,19:40,Photo,FEED,"""המלך"" עוזב את הלייקרס, ועשוי לחבור לסטף קרי: לפי ESPN, לברון ג'יימס הודיע לקבוצה כי בכוונתו להמשיך בעונה הבאה במקום אחר, אחרי שמונה עונות ואליפות אחת בלוס אנג'לס. גולדן סטייט ווריורס צפויה לנסות להחתימו כשחקן חופשי  @yoavborowitz  📸: AP",237,510,3,https://www.instagram.com/p/DaN5NFLDOPc/
17959613615964809,2026-06-30,23:18,Photo,FEED,"⁨ יממה לפני טקס הפתיחה של המכביה בטדי, ביטלה הנהלת המכביה את הכרטיסים שהעניקה למשרתי המילואים👇  בהודעה שנשלחה הערב למילואימניקים ולבני משפחותיהם, נכתב כי “בשל אילוצי הפקה, אנו נאלצים לצמצם את מספר המוזמנים לטקס הפתיחה.” על כן מתבקשים משרתי המילואים ובני משפחותיהם להימנע לחלוטין מהגעה למתחם בירושלים, שכן לא תתאפשר כניסה.  כפיצוי, מציעה הנהלת המכביה כרטיסים לאירוע בפסטיבל “אקספו מכביה סיטי” בתל אביב.  ‪‪@uriyaelk‬‬⁩ 📸: פלאש 90⁩",429,950,64,https://www.instagram.com/p/DaOR9xtiZfF/
18012571322876966,2026-07-01,09:27,Photo,FEED,"לראשונה, ללא טריבונות וללא כיסאות מסומנים: טקס הזיכרון שמארגנות משפחות 7 באוקטובר ייערך השנה בפארק הירקון במתכונת פתוחה לקהל הרחב, במטרה לאפשר לרבבות להיות חלק ממנו בערב 7 באוקטובר. ההכרזה מגיעה ערב ציון היום ה-1,000 לטבח, שיחול מחר.  יונתן שמריז, שאחיו אלון נחטף מכפר עזה ונורה למוות בשוגג מאש צה""ל לאחר שנמלט מהשבי, אמר: ""מתכננים שהטקס יהיה אירוע הזיכרון הגדול בתולדות המדינה"". עמרי שפרוני, שארבעה מבני משפחתו נרצחו בקיבוץ בארי, הוסיף: ""אנחנו המשפחות לא יכולים לשכוח ולא יכולים לטשטש"". הטקס ייערך זו השנה השלישית וימומן גם הפעם באמצעות גיוס המונים.  @yaeli_cie  צילום: טקס הזיכרון של משפחות 7 באוקטובר ב-2025, תנועת ""קומו""",624,1430,34,https://www.instagram.com/p/DaPXwfTjkzd/
17964787949944262,2026-07-01,09:59,Photo,FEED,"⁨	טרגדיה קשה בנתניה: הרב עמוס גואטה נרצח בארבע דקירות סכין בתוך הישיבה שלו בעיר👇  מחקירה ראשונית עלה כי החשוד בדקירה הוא אדם המוכר למשטרה, שנהג להגיע לישיבתו של הרב ולהיות חלק מחצרו  החשוד הגיע למקום ודרש להתפלל עם הרב. בעקבות כך התפתח ביניהם ויכוח שבמהלכו רץ החשוד אל הרב, דקר אותו ארבע פעמים ונמלט מהמקום. המשטרה עצרה את החשוד ברצח  מהרב הראשי לישראל ונשיא מועצת הרבנות הראשית נמסר: ""רבי עמוס זצוק""ל היה דמות מופת ייחודית בעיר נתניה, שימש כמגדלור וכתל תלפיות עבור המוני תושבי העיר""  @wassermanmichal  📸: שימוש לפי סעיף 27א' בחוק זכויות יוצרים⁩",545,652,42,https://www.instagram.com/p/DaPbbEtDulf/
18106974326007801,2026-07-01,11:35,Photo,FEED,"⁨	ניסיון פיגוע בלוד: מת מפצעיו תושב העיר שניסה לדקור לוחם יס""מ👇  תושב לוד שחשוד כי ניסה לדקור לוחם יס""מ בעיר מת מפצעיו לאחר שנוטרל על ידי הלוחם. על פי המשטרה, כוח בניידת הבחין בחשוד שאחז בסכין וקרא לו לעצור. לאחר מכן, החשוד החל לרוץ לעבר כוח יס""מ שפעל במקום, ועל פי החשד ניסה לדקור את אחד הלוחמים, שירה לעברו ונטרל אותו  בהודעת המשטרה הוגדר האירוע כניסיון פיגוע. עוד נמסר כי החשוד זוהה על ידי השוטרים במקום מהיכרות קודמת  @yaeli_cie  📸: יוסי אלוני, פלאש 90⁩",457,1097,95,https://www.instagram.com/p/DaPmdgdDoj8/
18124362001679932,2026-07-01,14:13,Reel,REELS,"⁨	⁨	שירה סעדון הגיעה לתוכנית ""אתה חייב לקרוא את זה"" בכאן 11 - פרופ' אבי חפץ צפה בתוכנית עם הבת שלו וזיהה אצל שירה גוש בבלוטת התריס  ‪@yaeli_cie‬⁩",145,4458,111,https://www.instagram.com/reel/DaP4ccWk6XN/
18088315193453396,2026-07-01,17:12,Photo,FEED,"⁨	⁨	""יש כאן אנשים דתיים, את לא יכולה להסתובב ככה"" 👇🏼  הבלוגרית דניאל סיני שיתפה כי גורשה בידי מאבטח מסניף שופרסל בחדרה בגלל לבושה. סיני כתבה בחשבון האינסטגרם שלה: ""סיימתי אימון ונכנסתי לסופר מתחת לבית לקנות חלב וביצים. סופר רגיל, שופרסל דיל בגבעת אולגה שבחדרה - שכונה חילונית. כחמש דקות אחרי שנכנסתי לסופר, השומר רץ אליי כאילו ראה מחבל. עמדתי שם, ליד המון אנשים, והוא אמר לי מול כולם: 'גברת, את לא יכולה להיכנס לסופר בלי חולצה, את צריכה לצאת'. עדיין המומה מהסיטואציה, עניתי לו בכבוד ובסבלנות מפאת גילו. הסברתי לו שזו חולצת ספורט לגיטימית ושכך אני בוחרת להתלבש. הוא השיב לי: 'יש כאן גם אנשים דתיים ואת לא יכולה להסתובב ככה. הפעם אעשה כאילו לא ראיתי, אל תיכנסי ככה לפה יותר'.   ""מעבר להשפלה הפומבית, זו הטרדה לכל דבר ועניין. מי נתן למאבטח להעיר לנשים על הלבוש שלהן? זו מדיניות רשמית של שופרסל? ואם כן, למה היא לא מפורסמת בכניסה לסניף? ומעבר לזה, מאבטח, שאמור להיות עירני לאיומים אמיתיים, בוחר להשקיע את תשומת לבו וזמנו בפיקוח על לבוש של אישה שנכנסה לקנות חלב. זה לא רק פוגעני, זה גם מסוכן. 2026, עיר חילונית, סופר שכונתי רגיל. אף אחד לא צריך להרגיש מושפל כי נכנס עם חליפת ספורט. שופרסל, מגיע לי ולכל אישה אחרת הסבר ברור""  ‪@yaeli_cie‬⁩ @danielsinay_",1147,1969,776,https://www.instagram.com/p/DaQM9n4EarP/
18117009658874360,2026-07-01,18:31,Photo,FEED,"⁨	במחאה על מעצר עריקים: חסידי ויז'ניץ מרכז הקימו ""בית מדרש"" מחוץ למשרד המשפטים, שם נמצא משרדה של היועצת המשפטית לממשלה   @daniel.grovais",136,189,76,https://www.instagram.com/p/DaQWCZgERfq/
18070993817705418,2026-07-01,18:56,Reel,REELS,"⁨	הקואליציה הצביעה נגד הצעת חוק של ח""כ מירב כהן להגדלת קצבאות הזקנה: ""הציבור יבוא איתכם חשבון""   @yaeli_cie  📸: באדיבות ערוץ הכנסת⁩",131,1175,162,https://www.instagram.com/reel/DaQY2FsCpT-/
18208757584343771,2026-07-01,19:40,Photo,FEED,"שני חבריו חולצו מוקדם יותר בשלום 👇  נער נסחף בחוף לא מוכרז בפלמחים ואותר במצב אנוש.  צוותי הצלה ביצעו בשעה אחרונה סריקות אחר נער כבן 15 שנסחף במים בחוף לא מוכרז סמוך לפלמחים. לאחר כשעה אותר הנער והוא פונה במצב אנוש לבית החולים וולפסון בחולון לאחר פעולות החייאה. שני נערים נוספים נסחפו גם כן, אך חולצו ולא נזקקו לטיפול רפואי  📸: תיעוד מבצעי מד""א",344,606,8,https://www.instagram.com/p/DaQd8P9icwp/
17900452350466764,2026-07-01,20:12,Reel,REELS,"⁨	⁨	שני אלמונים טיפסו לקצה בניין האמפייר סטייט בניו יורק והניפו שלט שעליו נכתב: ""כשכוח האהבה ינצח את אהבת הכוח - יהיה שלום בעולם"". כעבור דקות ארוכות בשחקים, האלמוני כרע ברך והציע נישואים לאלמונית ❤️  (איתמר מרגלית, ישי בר-יוסף)⁩⁩",229,918,13,https://www.instagram.com/reel/DaQhlrnkW1e/
18115776403897044,2026-07-01,21:10,Photo,FEED,"⁨	⁨	⁨	טרגדיה: נקבע מותו של הנער בן ה-15 שטבע בחוף לא מוכרז סמוך לפלמחים. הנער נסחף אל לב הים לצד שני חברים, שהצליחו להגיע ליבשה בעזרת עובר אורח. צוללנים שסרקו את האזור מצאו את הנער כשהוא מחוסר הכרה, ללא דופק ונשימה. מותו נקבע בתום מאמצי החייאה בבית החולים וולפסון בחולון. יהי זכרו ברוך   ‪‪@yaeli_cie‬‬  📸: דוברות מבצעית מד""א⁩⁩⁩",328,472,13,https://www.instagram.com/p/DaQoTSZEcha/
17956158846158985,2026-07-01,21:29,Photo,FEED,"⁨	""הבנות ישבו למטה במשך ארבע שעות - כדי 'לכבד' לוחמים חרדים"" 👇🏼  הורי לוחמות תותחנים טענו כי במהלך ביקורו של נתניהו בדרום לבנון, בנותיהם התבקשו להתפנות מהמבנה - ""כדי לכבד"" את חיילי חטיבת החשמונאים החרדית. לפי אחת האימהות, הלוחמות והלוחמים ניקו את הבית ועבדו על מיגונו במיוחד לקראת הביקור, אך לפני שראש הממשלה הגיע החיילות התבקשו לצאת ממנו עד לסיום הביקור.   אימה של לוחמת סיפרה: ""ביבי הגיע לפגוש את הלוחמים מחטיבת החשמונאים, ונאמר ללוחמות שהובטח להם שהם לא יראו בנות. בהוראת המפקדים, הן ישבו במשך ארבע שעות בקומה התחתונה של המבנה - רק הבנות של הסוללה - ולא הורשו לעלות למעלה, כדי שהלוחמים החרדים לא ייתקלו בהן בטעות. בסגל טענו שההוראה ניתנה 'כדי לכבד את החשמונאים'"".   @roysharon11  📸: צילום: חיים צח, לע""מ⁩",707,1478,501,https://www.instagram.com/p/DaQqaUCEfRo/
18088314809567640,2026-07-01,22:11,Reel,REELS,"⁨	""מה התפקיד של נשים בחיים האלה אם לא לנקות בשביל בנים?"": ח""כ מירב מיכאלי הגיבה לפרסום של כאן חדשות על כך שלוחמות הורחקו ממבנה בזמן ביקור נתניהו בלבנון - ""כדי לא לפגוע בכבוד החרדים""   @roysharon11  🎥: באדיבות ערוץ הכנסת, 📸: חיים צח, לע""מ⁩",238,3609,627,https://www.instagram.com/reel/DaQvMIhgNRg/
18573356863067546,2026-07-01,22:46,Reel,REELS,"⁨	גבי בן ה-81, עובד תחנת דלק, נדרס למוות בידי לקוח לא מרוצה: ""אבא שלי קם בבוקר לעבודה ולא חזר""   התחקיר של יפעת גליק⁩",117,9287,545,https://www.instagram.com/reel/DaQzHDPAmS5/
18095653382597581,2026-07-02,08:27,Carousel,FEED,טקס החינה של שורד השבי אלי-ה כהן ובת זוגו זיו עבוד ששרדה את הטבח במסיבת הנובה   @dorit_mizrahi_   צילום: אור גפן תקשורת,119,7083,48,https://www.instagram.com/p/DaR1xrlDvV7/
18116665192879779,2026-07-02,09:08,Photo,FEED,"⁨	⁨	⁨	אזרחים ישראלים נמלטו מהמשטרה בגלל עבירת תנועה לתוך כפר פלסטיני - וביקשו חילוץ אחרי שנזרקו עליהם אבנים👇  רכב עם כמה אזרחים ישראלים, שהיו בדרכם לקברי צדיקים, ביצע עבירת תנועה כשעקף קו הפרדה רצוף. הישראלים נמלטו מניידת משטרה לתוך הכפר הפלסטיני מוחמאס שבבנימין, שם הם הותקפו ונזרקו עליהם אבנים. ניידת המשטרה שדלקה אחרי הרכב איתרה אותו בפאתי הכפר, כשהוא נטוש. אחרי זמן קצר התקבל דיווח על ישראלים שמותקפים בכפר וזקוקים לחילוץ - וכוחות הביטחון הוקפצו למקום. שעות לאחר מכן כלל הנעדרים יצרו קשר עם המשטרה  @haimgoldich  📸: הרכב של האזרחים הישראלים שהותקף וננטש⁩⁩⁩",560,669,92,https://www.instagram.com/p/DaR6YfxDrRU/
18106549895078559,2026-07-02,10:45,Carousel,FEED,"⁨	⁨	""1,000 ימים שהלב שותת דם"": יותר מ-70 מוקדי זיכרון ומחאה נפתחו ברחבי הארץ לציון 1,000 ימים לטבח 7 באוקטובר👇  בשעה 10:00 התקיימה דקת זיכרון אזרחית לזכר הנרצחים והנופלים בטבח 7 באוקטובר. מחאות והפגנות התקיימו במוקדים רבים ברחבי הארץ, גם מול בתי שרים ובית ראש הממשלה. משפחות שכולות של נרצחי מסיבת הנובה קיימו טקס בחניון רעים. בשעה 19:00 תצא לדרכה ""צעדת 1,000 הימים"" מתחנת הרכבת סבידור מרכז בתל אביב, וכשעה לאחר מכן תחל העצרת המרכזית בכיכר החטופים בתל אביב  יורם, ממובילי ""מועצת אוקטובר"" ואביו של רון יהודאי שנרצח במסיבת הנובה, שיתף בריאיון לרן בנימיני בתוכנית ''הבוקר הזה'' בתחושותיו ביום ה-1,000 מאז הטבח: ""בעיקר אלף ימים בלי רון, אלף ימים שהלב שותת. אלף ימים במשפחות השכול, אלף ימים של התעמרות בעם. אלף ימים שאתה לא יודע מה קרה ואיך זה קרה!''  ‪@yaeli_cie‬  📸: אבשלום ששוני, חיים גולדברג, יונתן זינדל / פלאש 90 , מועצת אוקטוברSee less⁩⁩",838,709,47,https://www.instagram.com/p/DaSFgURDnq2/
18109037380942572,2026-07-02,11:15,Photo,FEED,"אזרח זר מטג'יקיסטן יואשם בריגול עבור איראן: ""צילם את נמל חיפה""👇  הצהרת תובע הוגשה לבית המשפט המחוזי בתל אביב נגד בהרוז סובירגון, אזרח זר מטג'יקיסטן, בחשד לביצוע משימות ביטחוניות עבור גורמי מודיעין איראניים. סובירגון, המחזיק גם בדרכון רוסי, נעצר ביוני 2026  מהחקירה עלה כי החל מחודש ינואר 2026 ניהל סובירגון קשר עם סוכן חוץ איראני. עיקר פעילותו הביטחונית התנהלה במהלך מלחמת ""שאגת הארי"", כשביקש לסייע לאיראן להשיג הישגים מבצעיים ולקדם את מטרותיה בזירה הבינלאומית נגד מדינת ישראל. עוד עלה מהחקירה כי הפנייה אל סובירגון החלה בהצעת עבודה תמימה לכאורה, אך במהרה הוא הבין כי מדובר בפנייה מצד סוכן איראני, ועל אף זאת בחר להמשיך עמו את הקשר  המשימות שביצע כללו, בין היתר: תיעוד והעברה של מיקומי נפילות טילים, העברת נקודות ציון (נ""צ) של מגדלי עזריאלי, צילום נמל חיפה וניסיון לצלם מתקן ביטחוני רגיש בצפון הארץ. לצד כל אלה, סייע באופן אקטיבי בניסיונות לגייס סוכנים נוספים לטובת משימות עבור הגורמים האיראניים. בכוונת פרקליטות מחוז תל אביב להגיש נגדו בימים הקרובים כתב אישום חמור, לצד בקשה למעצר עד תום ההליכים  @hadasgrinberg  📸(תמונת אילוסטרציה): מרים אלסטר, פלאש 90",1054,2372,142,https://www.instagram.com/p/DaSI7r-Do6X/
18126967672648746,2026-07-02,12:30,Photo,FEED,"ילד בן 7 נהרג מפגיעת אוטובוס במודיעין עילית👇  אליעזר הס, דוד כהן ועידו אשרף חובשי איחוד הצלה מסרו: ""מדובר בזירה קשה - ילד, הולך רגל, שנפגע מאוטובוס. למרבה הצער נקבע מותו בזירה. צוותי חוסן של איחוד הצלה פעלו במקום עקב אופי האירוע""  @haimgoldich  📸 (תמונת אילוסטרציה)",265,338,23,https://www.instagram.com/p/DaSRjgODvX9/
17875430919617308,2026-07-02,13:40,Carousel,FEED,"אגף השיקום הזהיר: ""המערך הלאומי של שיקום פצועי המלחמה עלול לקרוס""👇  1,000 ימים ל-7 באוקטובר ולפרוץ מלחמת ""חרבות ברזל"": אגף השיקום במשרד הביטחון פרסם כי מספר פצועי ופצועות המלחמה שפנו לטיפול, הגיע לכ-26 אלף. 65% מבין הפונים לאגף מתמודדים עם מצוקה נפשית או פוסט טראומה  לפי אגף השיקום, מספר פצועי צה""ל ומערכת הביטחון מכל המלחמות, צפוי להגיע ליותר מ-90 אלף פצועים כבר בשנת 2026, זינוק חד של יותר מ-40% תוך שלוש שנים  משרד הביטחון התריע כי לאור היקפי הפצועים יש ליישם את מסקנות ועדת המומחים הציבורית, בראשות פרופ' שלמה מור יוסף, באופן מיידי: ""המערך הלאומי של שיקום פצועי המלחמה עלול לקרוס""  לפי הערכות אגף השיקום, עד לשנת 2028 יגיע מספר כלל הפצועים המטופלים באגף השיקום לכ-100 אלף, מהם כ-50 אלף מתמודדים עם פגיעות נפשיות  @yaeli_cie @itayblumental  📸: אדי ישראל, פלאש 90",766,1345,40,https://www.instagram.com/p/DaSZjWnDj56/
18107606399054350,2026-07-02,14:25,Photo,FEED,"הפעיל לחץ על הקורבנות לבטל את התלונה 👇  כתב אישום הוגש נגד מוחמד כבוב, בן 43 מיפו ששימש כמנהל בית הספר ""אלמוסתקבל"" בעיר. הוא מואשם במעשים מגונים והטרדה מינית שביצע בין 2020 ל-2025 בשני מורים שלימדו תחתיו ובארבעה מתלמידי בית הספר.   לפי האישום, הוא נהג לגעת בגופם בניגוד לרצונם ולהפנות אליהם אמירות בעלות אופי מיני בוטה והטריד אותם מינית.  רמזי, אחיו של הנאשם כבוב, מואשם גם הוא כי הפעיל לחצים על משפחות המתלוננים לחתום על תצהירי שקר, מה שהיה מביא לביטול התלונות. את עריכת התצהירים מימן כבוב בעצמו, תוך שהוא מנחה להסתיר את מעורבתו  בעניין.  (שלי טפיירו) 📸: דוברות המשטרה",569,466,68,https://www.instagram.com/p/DaSeqJFjTXV/
17974838088052833,2026-07-02,14:37,Photo,FEED,"משה גלינסקי, בן 7, נהרג מפגיעת אוטובוס במודיעין עילית👇  צוותי מד""א שהגיעו לזירה ברחוב רבי עקיבא בעיר קבעו את מותו. המשטרה פתחה בחקירה. ידידיה חכמון ומשה קופרמן, חובשים במד""א שהגיעו לזירה, סיפרו: ""ראינו את הילד כשהוא מחוסר הכרה, ללא דופק וללא נשימה, עם חבלות קשות מאוד בגופו לאחר שנפגע מאוטובוס. ביצענו בדיקות רפואיות, אך לצערנו הרב פציעותיו היו קשות מאוד ולא נותר לנו אלא לקבוע את מותו""  Haim Goldich  📸: באדיבות המשפחה",419,1508,269,https://www.instagram.com/p/DaSgHrOjlrp/
17957421327159909,2026-07-02,15:23,Reel,REELS,"""אמא ואבא לא בחיים"" 💔  שיר מתיאס ששרדה את טבח ה 7.10 ושכלה את שני הוריה.  מפרסמת לראשונה את ההקלטה שבה אחיה הקטן מבשר על מות הוריהם: ""במשך 1000 ימים המשפחה העדיפה להשאיר את ההקלטה הזאת לעצמם... החלטנו לפרסם אותה, כדי לדרוש אמת, צדק. ותיקון חייב להתחיל מלקיחת אחריות - כל מי שהיה עם יד על ההגה חייב ללכת הביתה"", שיתפה שיר ברשת החברתית X.  @yaeli_cie",348,4198,142,https://www.instagram.com/reel/DaSlVHjD_PR/
17944173990248682,2026-07-02,16:54,Photo,FEED,"⁨	החלטה דרמטית 👇  בג""ץ הורה לקיים בחירות חוזרות לתפקיד מבקר המדינה.   ההחלטה התקבלה פה אחד בהרכב של חמישה שופטים. לפי פסק הדין, תיעוד ההצבעה על ידי מספר חברי כנסת מהקואליציה פגעה בחשאיות ההצבעה, דבר ""המחייב את ביטול ההצבעה ואת קיומה מחדש.""   המשנה לנשיא העליון, השופט נועם סולברג, שכתב את חוות הדעת העיקרית, ציין שהחוק קובע מפורשות שההצבעה בכנסת לתפקיד מבקר מהמדינה צריכה להיות חשאית. מטרת החשאיות היא ""להבטיח את אפשרותם של כלל חברי הכנסת להצביע לפי רצונם הכן וצו מצפונם, בעודם חופשיים מלחצים חיצוניים (סיעתיים ואחרים)"". על כן, פסק, אי אפשר לקבל פרשנות שחשאיות היא משהו שחבר כנסת יכול לוותר עליו, כי זה משפיע על ח""כים אחרים ויכול להפעיל עליהם לחץ.   מבקר המדינה היוצא מתניהו אנגלמן אמור לסיים את תפקידו בעוד כמה ימים. כתוצאה מכך - לראשונה בתולדות המדינה - ישראל תהיה בלי מבקר מדינה למשך תקופה. ""חוק יסוד - מבקר המדינה"" מדבר על תקופת כהונה קצובה למבקר ולא מתייחס לאפשרות הארכה, ולכן גם בג""ץ לא יכול להאריך את כהונת אנגלמן. לוועדה בכנסת יש אפשרות למנות לתפקיד זמני אם המבקר בנבצרות, אך לא אם אין מבקר.  בקואליציה תקפו את הפסיקה. השר לביטחון לאומי איתמר בן גביר כתב: ""אלו שבחרו את עצמם, בניגוד לחוק, פוסלים את בחירתה החוקית של כנסת ישראל. בג""ץ רומס את הכנסת, בהתנהלות אנטי דמוקרטית פרועה שכבר הפכה לשגרה. המשימה החשובה ביותר שלי בקדנציה הבאה, תהיה רפורמה משפטית מקיפה"".  📸: פלאש 90 (חיים גולדברג), לפי סעיף 27א ‪@almogtamar‬⁩",1322,1308,177,https://www.instagram.com/p/DaSvzOcm3Cr/
18113811770488501,2026-07-02,18:17,Reel,REELS,"⁨	שרד שמונה ימים מתחת להריסות בוונצואלה - וחולץ בחיים 👇  כוחות החילוץ בוונצואלה הצילו היום את הרנאן אלברטו גיל פלורס, מאבטח בן 43 ואב לשני ילדים, שהיה לכוד במשך שמונה ימים במרתף של מרכז קניות שהתמוטט בעקבות שתי רעידות האדמה שפקדו את המדינה לפני יותר משבוע. המאבטח נמצא בביתן האבטחה שלו, שהחזיק מעמד והגן עליו מהרעידות ההרסניות.   צוותי החילוץ הבין-לאומיים עבדו מסביב לשעון בתנאי סיכון גבוהים, גשמים עזים ורעידות משנה. הם הצליחו ליצור קשר עם המאבטח בסוף השבוע והעבירו לו מים ומזון נוזלי. ""כשמצאנו אותו הוא ביקש שלא נגיד לאשתו שהוא חי, למקרה שלא ישרוד"", סיפר אחד המחלצים מקוסטה ריקה. אשתו תיארה את חילוצו כ""קרן אור בחושך"".   הרעידות גרמו למותם של לפחות 2,200 בני אדם, כשרבים עדיין נעדרים  @ramelibrandts  📷: AP⁩",709,1792,15,https://www.instagram.com/reel/DaS5LjzCfi3/
18063029099495296,2026-07-02,22:46,Carousel,FEED,"הטבח שלא נשכח לעולם: המשפחות השכולות ושורדי השבי התכנסו בכיכר הזיכרון כדי לחלוק יחד את כאב, געגוע - וגם זעם  @hadasgrinberg  📸: פלאש 90",135,1510,52,https://www.instagram.com/p/DaTYEvpjUVv/
18049909814565656,2026-07-03,10:29,Reel,REELS,"""בכל משבר אתם באים אליי, אבל בגלל הפוליטיקה אני פשיסט וחשוך"": משפחה אחת בקיסריה, עם פערים פוליטיים עמוקים, וארוחת שישי אחת שמתפוצצת. הפודקסט החדש של קרן נויבך יוצא לדרך.  🎧 ""עד הקצה"" | כל יום | פרק הבכורה ביום ראשון הקרוב",221,333,31,https://www.instagram.com/reel/DaUoW63EvmI/
18075881414488130,2026-07-03,11:33,Reel,REELS,"דרמה מטורפת בבגדד: כוחות מיוחדים פשטו על בתי פוליטיקאים ובכירים, ובאחד מהם נמצאו מיליוני דולרים שהוחבאו מתחת לבלטות. כך נחשפה אחת מפרשות השחיתות הגדולות בתולדות עיראק  @eliorlevy @roikais #בשכונה_שלנו",200,484,19,https://www.instagram.com/reel/DaUvrgGj5Cd/
17884014768602665,2026-07-03,12:55,Photo,FEED,"חוסל המחבל שהחזיק בשבי את יותם, סאמר ואלון ז""ל 👇   צה""ל ושב""כ חיסלו בצפון רצועת עזה את מוחמד נעים ג'נדיה, ראש הביטחון הצבאי של גדוד שג'אעייה בחמאס. לפי צה""ל, ג'נדיה שימש ראש חוליית נוח'בה שפשטה לקיבוץ נחל עוז ולקחה חלק בחטיפת סרן דניאל פרץ ז""ל ב-7 באוקטובר, והיה אחראי על החזקתם של יותם חיים, סאמר אל-טלאלקה ואלון שמריז ז""ל במנהרה תת-קרקעית בשג'אעייה.  אחיו של אלון, יונתן ועידו שמריז, מסרו בתגובה: ""שום חיסול לא יוכל למחוק את הכאב ואת החלל שנפער בחיים שלנו. יחד עם זאת, בלי המחבל המתועב הזה העולם הוא מקום טיפה יותר טוב. היום הזה לא עוסק רק בסגירת מעגל מבצעית, אלא בעיקר בזיכרון של אלון"". במערכת הביטחון מדגישים כי המצוד אחר המעורבים בטבח נמשך.  @itayblumental @carmelamenashe @yaeli_cie  📸: דובר צה""ל",702,1225,19,https://www.instagram.com/p/DaU5IhRjK5C/
17884469340440053,2026-07-03,14:00,Photo,FEED,"36 רימונים, לבנות חבלה וקלאצ'ניקוב בבית משפחה בירושלים: בחיפוש משותף של מחוז ירושלים ומצ""ח אותר אמל""ח רב, בחדר המשחקים, בחדרי הילדים ובארון הבגדים של ההורים. בעל הבית, גבר בשנות ה-50 לחייו, נעצר.  לפי נציג המשטרה, חלק מלבנות החבלה נמצאו כשהן מוכנות להפעלה, והחזקתן בבית סיכנה את דיירי הבניין. לפי החשד, הקלאצ'ניקוב נתפס בארון הבגדים של האב.  בדיון התברר כי צו החיפוש הוצא על שם בנו של החשוד, שלפי ההגנה שירת בסיירת צנחנים במלחמה ונמצא כעת בחו""ל. האב טוען שלא ידע על הרימונים והמטענים, וסנגורו אמר: ""לגלגל את הטראומה של הילד על האבא זה עוול"". מעצר האב הוארך עד יום שני.  @haimgoldich @veredpelman  📸: דוברות המשטרה",613,4952,112,https://www.instagram.com/p/DaVArtcjAh2/
18123533650737838,2026-07-03,15:02,Reel,REELS,"תיעוד מאלימות בשוק התקווה: פעילי מפלגת ""הדמוקרטים"", בהם סגנית ראש עיריית תל אביב חן אריאלי, הותקפו הבוקר במהלך פעילות הסברה בדרום העיר.  עוברים ושבים התגודדו סביב הדוכן, קיללו והטיחו נאצות בפעילים, וחלקם תקפו אותם פיזית. כוחות משטרה מתחנת תל אביב דרום שהוזעקו לזירה עצרו שני חשודים במעורבות בתקיפה, והם הועברו לחקירה.  @ittaishick @ofirhalperin  צילום: לפי סעיף 27א'",366,1338,618,https://www.instagram.com/reel/DaVHrOOgKc_/
17970602823083596,2026-07-03,17:18,Photo,FEED,"⁨	⁨	בנוכחות נציגים מארגוני טרור וממדינות רבות: ארונו של חמינאי הוצג בטהראן👇  נציגי מדינות וארגוני טרור, בהם חמאס, חיזבאללה והח'ותים בתימן, חלפו על פני ארונו של המנהיג העליון של איראן לשעבר, שחוסל על ידי ישראל וארה""ב בפתיחת מבצע שאגת הארי. ארון הקבורה של חמינאי, הוצג בבירה טהראן, לקראת מסע ההלוויה שצפוי להתחיל מחר  על פני ארונו חלפו הבוקר נציגי מדינות שונות, בהן ארמניה, קטר, מצרים ופקיסטן. כמו גם ארגוני טרור שפועלים בחסות משמרות המהפכה, בהם גדודי חיזבאללה העיראקיים והחות'ים בתימן. גם לבנון הרשמית שלחה נציג למעמד: שר ההגנה הלבנוני מישל מנסא הגיע לטהראן כנציג לבנוני רשמי, במקביל להגעת משלחות של חיזבאללה ואמ""ל  מסע ההלוויה יחלוף על פני כמה ערים באיראן ועיראק עד סיומו ב-9 ביולי, אז ייטמן חמינאי בעיר משהד שבצפון-מזרח המדינה. בטקס יישתתפו נציגי מדינות ובהם ראש ממשלת פקיסטן שהבאז שריף, ראש ממשלת ארמניה ניקול פישיניאן, ונציגים רשמיים מרוסיה, סין והודו  ‪@omershahar10‬  📸: AP Photo/Vahid Salemi⁩⁩",899,667,109,https://www.instagram.com/p/DaVXPhUDiOK/
18157982461476240,2026-07-03,17:28,Photo,FEED,"⁨	ח""כ יולי אדלשטיין עוזב את הליכוד: ""אני יוצא לדרך פוליטית חדשה""👇  ח""כ אדלשטיין הודיע על פרישתו מרשימת הליכוד בריאיון שהעניק לחדשות 12. בקטע מהריאיון אמר יו""ר ועדת החוץ והביטחון לשעבר: ""לא אתמודד בפריימריז בליכוד, אני יוצא לדרך פוליטית חדשה"". על פי הערכות, מסתמן כי אדלשטיין חותר לחבור לגלעד ארדן ואיילת שקד להקמת מפלגה חדשה  פרישתו של אדלשטיין מגיעה לאחר שהכנסת העבירה בקריאה ראשונה את ""חוק יסוד: לימוד תורה"" מוקדם יותר השבוע. אדלשטיין הודח מתפקידו כיו""ר ועדת חוץ וביטחון בשל התנגדותו לחוק פטור מגיוס לחרדים. הוא הוחלף ביו""ר הוועדה הנוכחי ח""כ בועז ביסמוט, ובהמשך הודח גם מחברות בוועדה  ‪@shahar.glick.news‬  📸: יונתן זינדל, פלאש 90⁩",633,793,157,https://www.instagram.com/p/DaVYeVpDng4/
18097198151598719,2026-07-03,19:38,Reel,REELS,"⁨	⁨	מיכאל קבסה, ראש מועצת חצור הגלילית: ""התחושה היא שהליכוד הפקיר את חצור. על המפות של חיזבאללה אנחנו מופיעים אבל על המפות של המדינה לא""  ‪@ifatglick‪@almogtamar‬ar⁩",165,1204,98,https://www.instagram.com/reel/DaVnUUyDKiw/
18108173218791482,2026-07-04,09:35,Photo,FEED,"⁨	⁨	⁨	חתונת השנה? טיילור סוויפט נשואה רשמית 💍  טיילור סוויפט וכוכב הפוטבול טראוויס קלסי נישאו הלילה בהיכל מדיסון סקוור גארדן האייקוני בניו יורק. הבשורה הפכה לרשמית כאשר על מסכי הענק מחוץ לאולם הופיע הכיתוב ""JUST&T MARRIED!"", והיא אושרה גם על ידי היח""צנית הוותיקה של סוויפט, שאף חשפה שמי שניהל את טקס החתונה הוא לא אחר מאשר השחקן והקומיקאי אדם סנדלר.   הפרטים על חתונת הענק, שנפרסה על פני מספר ימים, החלו לדלוף במהלך השבוע דרך מסמכים משטרתיים ואישורים עירוניים שהגיעו לידי ה""ניו יורק טיימס"" וסוכנות הידיעות AP.  ה-Rehearsal Dinner - ארוחה מקדימה של שתי המשפחות והחברים הקרובים של הזוג - נערכה ביום חמישי בערב בנוכחות של כ-100 מוזמנים. בין הכוכבים שתועדו בכניסה היו סלינה גומז, ג'ק אנטונוף, בראדלי קופר ולינה דנהאם.  טקס הנישואין התקיים אמש בשעה 17:00, והמסיבה נמשכה על פי הדיווחים ואישורי העירייה עד 04:00 לפנות בוקר. בין האורחים הרבים ניתן למנות גם את אד שירן, ג׳יג׳י חדיד, ג'סיקה צ'סטיין, דקוטה ג'ונסון, יו גרנט, קארלי קלוס, מגישי הטלוויזיה ג'ורג' סטפנופולוס וגרהאם נורטון, ומספר רב של כוכבי NFL וספורט. האורחים נדרשו לחתום על הסכמי סודיות קשוחים והכניסה עם טלפונים ניידים נאסרה לחלוטין.  בחוץ, האבטחה הייתה חסרת תקדים: צלפים הוצבו על גגות המדיסון סקוור גארדן, מסוקי משטרה חגו באוויר ורחובות שלמים נסגרו לתנועה. רכבי האורחים נכנסו ישירות לתוך אוהלי ענק לבנים שהסתירו אותם מעיני הפפראצי והמעריצים.  הבחירה במדיסון סקוור גארדן - אולם המזוהה בעיקר עם משחקי הניקס והריינג'רס והופעות ענק - הפתיעה מעריצים רבים כשדווחה לראשונה בחודש שעבר, אך התבררה כמהלך אסטרטגי להתמודדות עם אתגרי אבטחה מורכבים.   במקביל לאירוע, חשף הצוות של סוויפט כי בני הזוג תרמו סכום של 26 מיליון דולר ליותר מתריסר ארגוני צדקה ברחבי ארצות הברית. בני הזוג התארסו באוגוסט האחרון, אז פרסמו פוסט משותף באינסטגרם עם הכיתוב המשעשע: ""המורה לאנגלית והמורה להתעמלות שלכם מתחתנים"".  מערכת היחסים בין השניים החלה ביולי 2023, לאחר שקלסי סיפר בפודקאסט שלו כי ניסה ללא הצלחה להעביר לסוויפט את מספר הטלפון שלו במהלך הופעה שלה במיזורי. מאז הפך הקשר לאחד המדוברים בעולם: סוויפט הפכה לאורחת קבועה במשחקיו של קלסי, כולל בזכיית קבוצתו בסופרבול ב-2024, והוא ליווה אותה בסיבובי ההופעות העולמיים שלה ובטקסי הפרסים.  באלבומה האחרון, The Life of a Showgirl, נכללו מספר רמזים ושירים שנכתבו בהשראת בן זוגה - ומהיום, בעלה  ‪‪@amitharari8‬‬  📷: AP⁩⁩⁩",2188,1463,11,https://www.instagram.com/p/DaXHJCSnFi6/
18000168596959379,2026-07-04,12:40,Reel,REELS,"⁨	בזמירות אבל וקריאות נאמנות: תומכי המשטר באיראן התכנסו בהלווייתו של המנהיג העליון לשעבר חמינאי, שנערכת ארבעה חודשים לאחר חיסולו. מוג'תבא, אם תהיתם, עדיין לא נראה באזור  @omershahar10 @anastasia.stu",198,548,209,https://www.instagram.com/reel/DaXcLmLDpr1/
17975934399107118,2026-07-04,15:15,Reel,REELS,"⁨	""החוק הזה פועל נגד התורה - ורק מקדם פטור מצבא ועבודה"": אביה בן ה-15, שאביו משרת במילואים, הגיע עד לכנסת כדי להסביר מה הבעיה עם חוק יסוד לימוד תורה  @ifatglick @almogtamar #גליקותמר⁩",183,30983,1040,https://www.instagram.com/reel/DaXt-rqAL47/
18000040871956318,2026-07-04,15:57,Photo,FEED,"דיווח משמרות המהפכו אסרו על מוג'תבא להגיע להלוויית אביו - מחשש שיחוסל 👇  הניו יורק טיימס מדווח כי גורמי ביטחון באיראן מנעו מהמנהיג העליון, מוג'בתא חמינאי, להשתתף בהלוויית אביו עלי חמינאי מחשש כבד שישראל תתנקש בחייו או תחשוף את מקום מחבואו. זאת, אחרי שאשתו ובנו נהרגו בהפצצה אמריקנית-ישראלית ביומה הראשון של מלחמת ""שאגת הארי"".  על פי הדיווח, מסע ההלוויה וההכנות אליו חשפו שברים עמוקים וחסרי תקדים בצמרת המשטר בטהראן. חמינאי הבן מונה ליורשו של אביו בחודש מרץ האחרון, אך לא נראה מאז בציבור. בחוגים הפוליטיים במדינה מעורר הדבר שאלות לגבי יכולתו לנהל את המדינה ""בשלט רחוק"".  @itamarvish 📸: AP",587,799,70,https://www.instagram.com/p/DaXy3hjjlnu/
18094848101208914,2026-07-04,18:19,Reel,REELS,"⁨	אלון הוזמן על ידי הצי האמריקאי והופיע על סיפון נושאת המטוסים ""USS Nimitz"" לצד האמן ג'ון אונדרסיק. השניים ביצעו את השיר ""Superman"" באירוע שנערך בנוכחות בכירי ממשל וצבא אמריקאים, בהם מפקד הצי ושגרירת ארה""ב באו""ם.  ‪@ofirhalperin‬⁩",230,4273,87,https://www.instagram.com/reel/DaYDDEZFbDV/
17947863498215842,2026-07-04,20:13,Photo,FEED,"""נתניהו יודע מי הבוס"" 👇  נשיא ארה""ב דונלד טראמפ חשף בשיחה עם אקסיוס כי ראש הממשלה נתניהו ביקש להיפגש עמו בבית הלבן בשבועיים הקרובים - שאכן תתקיים כנראה בשבוע הבא. כמו כן אמר טראמפ: ""נתניהו ואני מסתדרים מצוין. הוא יודע מי הבוס"".  בראיון התייחס טראמפ גם להלווייתו של עלי ח'אמנאי, טען כי האיראנים ""מתחננים לעסקה"", והוסיף בעקיצה אופיינית: ""ירייה אחת והיינו יכולים לחסל שם את כולם, אבל אז לא היה לנו עם מי לנהל משא ומתן"".  @ramelibrandts  📸: AP",439,790,183,https://www.instagram.com/p/DaYQI1_j4I8/
18174763576422235,2026-07-04,20:38,Reel,REELS,"⁨	⁨	⁨	""הם יתלשו - ואנחנו נדביק"": לילה עם הפעילים של ‪‪‪@hozrot.latmuna‬‬‬, שהחליטו לצאת למאבק בתופעה של השחתת תמונות נשים בירושלים  בימוי וצילום: שלו סגל  עריכת וידאו: ניצן גרינוולד נתן⁩⁩⁩",188,5630,448,https://www.instagram.com/reel/DaYSv1hj_Nh/
17889446799394287,2026-07-05,08:20,Reel,REELS,⁨	הנשיא טראמפ התגאה בנאומו לכבוד יום העצמאות ה-250 של ארה״ב: ״מחקנו את איראן ואת הצבא האיראני״   @ramelibrandts,111,352,74,https://www.instagram.com/reel/DaZjOHjCv9a/
18144116731481646,2026-07-05,09:01,Reel,REELS,⁨	⁨	מנחה הלוויה של חמינאי מאיים: ״נרצח את טראמפ״   ‪@ramelibrandts‬⁩,68,1190,374,https://www.instagram.com/reel/DaZn6spgcMh/
17891374320578762,2026-07-05,09:57,Reel,REELS,"⁨	הסיפורים שמגיעים עד הקצה, והשיחות שלא מפחדות לגעת במקומות הכי רגישים.   🎧 ""עד הקצה"" עם קרן נויבך, עכשיו בכאן הסכתים ובכל אפליקציות הפודקאסטים",143,126,2,https://www.instagram.com/reel/DaZuXNIDsIg/
18130486696528582,2026-07-05,10:13,Reel,REELS,"⁨	דלת הכניסה למערכת חדשות 12 בתל אביב נופצה בידי רעול פנים. מחברת החדשות נמסר: ״אנחנו מזועזעים, אבל לא מופתעים מהאלימות, ששוב חוצה גבול מסוכן - ולא בפעם הראשונה. ממשלת ישראל ושר התקשורת צריכים לחדול מהשתלחויות מסיתות וחסרות רסן בתקשורת החופשית, שמובילים גם למעשים חמורים. לא נירתע גם לנוכח החקיקה, ההסתה והאלימות״⁩",314,1472,626,https://www.instagram.com/reel/DaZwPlZjPdS/
18111867821292755,2026-07-05,12:01,Carousel,FEED,"⁨	חוסר המשילות עולה 8,000 ש״ח בשנה לכל משק בית בישראל: מחקר של השומר החדש ומכון ריפמן מצא כי הציבור הישראלי משלם כ-23 מיליארד שקלים מדי שנה - בגלל הפשיעה והפרוטקשן >>>   @rubih @asaf_pozailov  📸: יוסי אלוני, יהושוע יוסף, אורן בן חקון, אבשלום ששוני - פלאש90⁩",257,3098,316,https://www.instagram.com/p/DaZ8mAuAg6l/
18106897454104056,2026-07-05,14:59,Photo,FEED,"⁨	התנגשות חזיתית בין הממשלה לבג""ץ 👇  הממשלה הודיעה כי לא תציית לפסיקת בג""ץ בעניין מועצת הרשות השנייה. ""לא נכיר בכל החלטה, אישור, מינוי או פעולה שתבצע המועצה, כל עוד אינה עומדת בתנאי הסף המפורשים שנקבעו בחוק"", נכתב בהודעה מטעמם של שר המשפטים יריב לוין ושר התקשורת שלמה קרעי.   לטענת שני השרים, ""הממשלה קבעה כי שלטון החוק מחייב את כל רשויות השלטון ובכלל זה את בית המשפט. פסיקה הסותרת באופן חזיתי את לשונו הברורה של החוק אינה יכולה להקנות סמכות שלא קיימת בחוק, ולכן הממשלה לא תכיר בפעולות שייעשו מכוחה"".  מהשר לוין נמסר: ""שלטון החוק פירושו שהחוק מחייב את כולם, גם את בית המשפט. במדינה דמוקרטית הכנסת מחוקקת את החוק, ובית המשפט מחויב ליישם אותו. כאשר פסיקה עומדת בניגוד חזיתי ללשון החוק, אין זו ביקורת שיפוטית אלא פגיעה בעקרון הפרדת הרשויות.  לממשלה חובה לעמוד על כך שהחוק, ורק החוק, יהיה המקור לסמכות השלטונית. נמשיך לפעול בכל הכלים החוקיים כדי להשיב את שלטון החוק על כנו"".   קרעי תקף גם הוא: ""שופטי בג""ץ אינם הכנסת, ושכרון כח לא נותן סמכות למחוק מהחוק תנאי סף מפורש, גם אם אינו נוח להם. שלטון החוק אינו שלטון השופטים. היום הממשלה קבעה באופן ברור: כשבג""ץ רומס את החוק, המדינה לא תיתן לכך יד.  שני שלישים הם דרישה חוקית ולא המלצה, ומועצה שאינה עומדת בתנאי הסף שקבע המחוקק לא מתקיימת והחלטותיה שוות כקליפת השום. כך יהיה כאן גם בעתיד, בכל ניסיון של בית המשפט לרמוס את חוקי הכנסת"".   @almogtamar  📸: פלאש 90, יונתן זינדל⁩",1314,1256,430,https://www.instagram.com/p/DaaRA85l2au/
17983022159855758,2026-07-05,16:12,Reel,REELS,"״עם כל הכבוד לערך התורה, התיקון שהכי צריך לעשות פה זה לתת ערך עליון למי שיצא לקרב״: איציק סעידיאן בדיון בכנסת על חוק יסוד לימוד תורה שעבר בקריאה ראשונה בשבוע שעבר  @dikla_aharon  📸: ערוץ הכנסת",192,791,53,https://www.instagram.com/reel/DaaZRJ3EmnT/
17941420368057787,2026-07-05,17:07,Photo,FEED,"החשש מזיוף הבחירות יביא לצעד חסר תקדים בתולדות המדינה? 👇  מ""מ מנכ""ל ועדת הבחירות המרכזית, עו""ד דין ליבנה, התייחס לחשש מפני גורמים שינסו לערער על תוצאות הבחירות, והבהיר כי הכוונה אינה למפלגה מסוימת: ""מדינת ישראל היא מדינה מוקפת אויבים. המטרה שלהם היא לפורר את הדמוקרטיה והמדינה הישראלית מבחוץ ומבפנים"".  ליבנה אמר כי הכלי המרכזי של ועדת הבחירות להתמודדות עם החשש הוא שקיפות. ""אנחנו בוחנים לשדר את מבצע ספירת הקולות בכנסת בשידור חי באינטרנט"", הוא ציין.  ""כל אדם שירצה לראות - יוכל לראות. אני גם אשדר את כספת המעטפות. יש בין 600 ל-700 אלף מעטפות כפולות, כל מי שירצה לראות איך מטפלים בהן יוכל להיכנס לאתר בשידור חי"".  לדבריו, ""זה קצת משעמם, אבל כל מי שיש לו תיאוריות קונספירציה כאלה ואחרות יוכל לראות שאין בהן שום ממש"". כשנשאל אם אפשר לגנוב את הבחירות בישראל, השיב: ""לא. בכלל לא"".  עם זאת, הוא הזהיר כי גם אם לא ניתן לזייף את הבחירות, ניתן לנסות לגרום לציבור לחשוב שהן זויפו. ""יש היום אמצעים טכנולוגיים מתקדמים שמאוד מאוד מקלים לגרום לאדם לחשוב שמה שקרה לא קרה, אלא ההפך"", אמר.   ""אם מישהו אמר לכם שסגרו קלפי, אל תאמינו למה שקיבלתם בוואטסאפ או בטלפון"", אמר. ""תסתכלו באתר שלנו, אנחנו נגיד לכם את האמת. אם מישהו אמר לכם שמועמד פלוני התפטר או הודיע שהוא לא מתמודד יותר או תומך באחר - אל תאמינו, תיכנסו אלינו"".  מ""מ מנכ""ל ועדת הבחירות התייחס גם לאתגרים סביב ""פייק ניוז"" ברקע התפתחות הבינה המלאכותית. הוא ציין כי הוועדה פועלת לקדם הצעת חוק שתחייב סימון של תוכן שנוצר או שונה באמצעות AI.   @dikla_aharon התמונה נוצרה באמצעות AI ✨",1419,769,63,https://www.instagram.com/p/Daafko1CZJt/
17873491557534218,2026-07-05,19:07,Reel,REELS,"יש לנו חברים נוספים, שמעת על הודו?״: נתניהו מגיב בריאיון לרשת Fox News האמריקנית לשמועות על הקרע ביחסיו עם טראמפ, וגם לביקורת שמתח סגן הנשיא ואנס בהצהרה שלו לתקשורת בחודש שעבר. ״טראמפ ואני מסכימים על 99% מהנושאים״, אמר נתניהו, והוסיף כי ״יש גם מחלוקות, כמו בכל חברות״. בתגובה לדבריו של ואנס שצוטטו בריאיון, נתניהו השיב: ״מערכת היחסים ביני ובין ואנס מוצלחת מאוד, אבל אנחנו לא חייבים להסכים. טראמפ הוא החבר הטוב ביותר שלנו, אבל יש לנו גם עוד חברים בעולם, כמו המדינה הקטנה, הודו״  @ishay_bar_yosef  📸: מתוך הריאיון של נתניהו ב-Fox News",532,853,172,https://www.instagram.com/reel/DaatQySExpb/
18006481169942123,2026-07-05,20:37,Carousel,FEED,"ראש בראש: לראשונה איזנקוט נצמד לנתניהו, אך אף גוש לא מגיע ל-61 מנדטים | החליקו הצידה לתוצאות הסקר המלאות  @shahar.glick.news 📸: פלאש 90 (חיים גולדברג ואבשלום ששוני)",164,4757,1029,https://www.instagram.com/p/Daa3mnhCZzS/
17944955649247423,2026-07-05,21:54,Reel,REELS,"⁨	אחרי שנחטפו יחד לעזה, שורדי השבי סשה טרופנוב וספיר כהן סוף סוף עמדו מתחת לחופה כפי שתכננו, ונישאו זה לזו ❤️ @yaeli_cie",120,9256,235,https://www.instagram.com/reel/DabAXTVDhm8/
18106862390514985,2026-07-05,22:56,Photo,FEED,"⁨	כ-70 פעילי קבוצת ""חלוצי הבשן"" 👇  עשרות פעילי קבוצת ""חלוצי הבשן"" ניסו לחדור הערב לשטח סוריה דרך החרמון. בעקבות מידע מקדים של אוגדה 210 הניסיון הפעם כשל והם נבלמו על ידי הכוחות  באופן חריג, בכירים בצה""ל הפנו בתגובה אצבע מאשימה לעבר גורמי האכיפה: משטרה, פרקליטות, ובתי המשפט. זאת, בטענה שגופים אלה אינם ממצים ענישה אפקטיבית ומרתיעה נגד העבריינים  מדובר צה""ל נמסר: ""עשרות אזרחים ישראלים ניסו לחצות את הגבול לשטח סוריה. כוח צה""ל קפץ לנקודה ופעל למנוע את חציית האזרחים ועיכב אותם. האזרחים שעוכבו, הועברו להמשך טיפול משטרת ישראל. צה""ל מגנה בתוקף את ניסיון חצייתם ומדגיש כי מדובר באירוע חמור המהווה עבירה פלילית שמסכנת את כוחות צה""ל והאזרחים""  @rubih  📸: חלוצי הבשן⁩",660,1367,330,https://www.instagram.com/p/DabHgjBlBsE/
18012420488872573,2026-07-06,08:27,Reel,REELS,⁨	פועלים השתמשו בדירות נרצחים בכפר עזה כשירותים  @yaeli_cie,59,4228,336,https://www.instagram.com/reel/DacI5dqkjLY/
18181918174406514,2026-07-06,09:57,Photo,FEED,"⁨	נהג חולץ בחיים מרכבו לאחר שנפל ממצוק בגובה עשרה מטרים במחצבות נטף בבנימין👇  רשף עזרא עמק מפקד האירוע: ""מדובר בנהג אשר תוך כדי עבודתו במחצבה התהפך עם רכבו ונפל מגובה של עשרה מטרים על גג הרכב""  הוא המשיך: ""ביצענו הערכת מצב מהירה אשר בסיומה התחלנו את פעולות החילוץ של הנהג, תוך שאנו מסירים את דלתות הרכב ומייצרים מרחב להוצאת הנהג. עם סיום פעולות החילוץ פונה הנהג באמצעות מסוק לבית החולים""  ‪@HGoldich‬  📸: דוברות כבאות והצלה לישראל",430,463,3,https://www.instagram.com/p/DacTJudDh7j/
17989739010006189,2026-07-06,12:20,Carousel,FEED,"כרטיס אדום, פנייה מהבית הלבן והחלטה חריגה של פיפ""א 👇  פיפ""א הקפיאה את עונש ההרחקה של חלוץ נבחרת ארה""ב פולארין באלוגון, והוא יוכל לשחק מול בלגיה בשמינית הגמר. לפי הדיווחים בסוכנויות AP ורויטרס, הבית הלבן פנה לנשיא פיפ""א ג'אני אינפנטינו כדי לבחון מחדש את הכרטיס האדום שקיבל.  טראמפ בירך על ההחלטה וכתב כי פיפ""א עשתה את ""המעשה הנכון"" ותיקנה ""עוול גדול"". בהתאחדות הבלגית הביעו ""תדהמה"", טענו שההחלטה סותרת את התקנות והודיעו כי הם בוחנים את האפשרויות העומדות בפניהם.  @ramelibrandts @ishay_bar_yosef  📸: REUTERS/Leah Millis, AP Photo/Jeff Chiu",537,693,18,https://www.instagram.com/p/DacjkVBjAQB/
18171217081426292,2026-07-06,15:36,Reel,REELS,"⁨	״סכנה לעצמו, לחיי כלבו ולשאר״: תושב שכונת ארמון הנציב, בשנות ה-20 לחייו, תיעד את עצמו כשהוא מרכיב את כלבו על גבי אופנוע באופן העלול לסכן את את שלומם של הרוכב ושל הכלב. לאחר שהסרטון הופץ ברשתות החברתיות, אותר החשוד וזומן לחקירה במשטרה בחשד לנהיגה בקלות ראש.  @haimgoldich  שימוש לפי סעיף 27א׳ לחוק זכויות יוצרים⁩",313,651,48,https://www.instagram.com/reel/Dac6APmAUNh/
17901088722466885,2026-07-06,16:55,Reel,REELS,"""הידיים שלכם מגואלות בדם של הבת שלי"". כך הטיח יעקב מלכה במשטרה בדיון בכנסת על רצח בתו ליה בתחילת החודש שעבר. לדבריו, אמה הזהירה את מפקד התחנה: ""בסוף יהיה אסון"", אך נענתה: ""אנחנו מטפלים"".  מלכה תיאר פניות של המשפחה למשטרה בעקבות הודעות מאיימות שלטענתם שלח בן זוגה לשעבר של ליה, החשוד ברציחתה, לליה ולבני משפחתה. ""מתוך שלוש שעות שהייתי עם החוקרת, היא תמצתה אולי שלושה משפטים ושלחה אותי הביתה"", אמר. ""אנחנו מורתעים במקום שהעבריינים יהיו מורתעים"".  בן דודה של ליה, תום ניסני, אמר בדיון: ""כולם ידעו מה הולך לקרות, והתגובה שקיבלה המשפחה הייתה שהם מגזימים"". נציגת המשטרה הודיעה כי תיערך בדיקה פנימית של אופן הטיפול בתיקים שהוגשו בתחנה.  @yaeli_cie  📸: ערוץ כנסת",654,1829,164,https://www.instagram.com/reel/DadC-plDRUq/
17873599110534450,2026-07-06,18:45,Reel,REELS,"""זה מאוד לא הוגן!""  הנשיא טראמפ סיפק היום הצצה נדירה למעורבותו במונדיאל, כשהודה כי בתחילה לא הבין את משמעות הכרטיס האדום שספג כוכב הנבחרת פולארין באלוגון. ""לא ידעתי מה זה אומר, לא חשבתי שזה משמעותי"", הודה הנשיא, שגילה להפתעתו כי המשמעות היא הרחקה גם מהמשחק הבא.  טראמפ לא נשאר אדיש להחלטה, וביקר בחריפות את הענישה: ""זה לא הוגן להעניש שחקן על משחק שעוד לא שוחק"", הצהיר. בעקבות כך אישר הנשיא כי פנה באופן אישי לפיפ""א בבקשה לבחון את ההחלטה מחדש - וזו אישרה את הקפאת הרחקתו של באלוגון  @itamar.margalit  📸: רויטרס",509,1865,83,https://www.instagram.com/reel/DadPiPRgYCO/
18030119306648401,2026-07-06,20:24,Reel,REELS,רחפן זול הופך כל תנועה בחזית למטרה בתוך דקות. מאוקראינה ועד לבנון: כך רחפני הסיב האופטי משנים את המשוואה - ומציבים אתגר שלצבאות החזקים בעולם עדיין אין מענה אליו #רקשתדעו,169,1258,25,https://www.instagram.com/reel/Dada7z6jDYE/
18607618978023526,2026-07-06,23:23,Reel,REELS,"לצפות בזיקוקים מלמעלה: כך נראו מופעי הזיקוקים בלוס אנג'לס בארה""ב בחגיגות העצמאות בסופש האחרון, כפי שצולמו מתחנת החלל הבינלאומית  Itay Blumental  📸: סוכנות נאסא",159,1184,13,https://www.instagram.com/reel/DadvXqCAoOK/
18016254227899445,2026-07-07,09:49,Carousel,FEED,"⁨	⁨	⁨	״לא עוזב בלי האופנוע״ 👇  עשרה ישראלים נכנסו לקלקיליה בניסיון לאתר אופנוע שנגנב מאחד מהם - וחולצו על ידי לוחמי מג""ב. החילוץ התבצע לאחר שאחד מחברי הקבוצה התקשר למשטרה ודיווח על התקהלות מאיימת סביב ארבעת רכביהם. על פי המשטרה - נמנע לינץ'.  מהמשטרה נמסר כי מבירור ראשוני עלה הישראלים נכנסו לשטחי העיר קלקיליה, המוגדרת כשטח A, בניגוד לחוק.  בשיח טלפוני שנערך מול אחד האזרחים שנכנסו לקלקיליה, סירב הישראלי לצאת, ואמר לקצינים בשיחה כי ""אינו מוכן לעזוב את העיר בלי האופנוע שנגנב"". הישראלי מוכר לכוחות הביטחון, ורק בשבת האחרונה חולץ בידי כוחות המנהל האזרחי לאחר שנכנס לקלקיליה.  עוד נכתב בהודעת המשטרה כי לוחמי מג""ב וכוחות צה""ל השתמשו באמצעים לפיזור הפרות סדר ויצירת חוצץ בין המתקהלים לבין האזרחים. כלל האזרחים חולצו מהעיר והועברו להמשך טיפול ובירור על ידי כוחות הביטחון. בהמשך הפעילות אותר האופנוע הגנוב על ידי הלוחמים והושב לבעליו החוקיים.  ""במערכת הביטחון שבים ומדגישים כי הכניסה לשטחי A לאזרחי ישראל אסורה על פי החוק ומסכנת את ביטחונם"", הודגש בהודעות מטעם המשטרה וצה""ל.  ‪‪‪@haimgoldich‬‬‪@hadasgrinberg‬ בתמונה: האופנוע לאחר שאותר, כוחות צה""ל נכנסים לקלקיליה (דוברות המשטרה)⁩⁩⁩",1079,9242,642,https://www.instagram.com/p/Dae3EtVjOyn/
17949057444198718,2026-07-07,11:35,Carousel,FEED,"⁨אחרי שטראמפ התקשר לנשיא פיפ""א כדי לבטל את האדום - בלגיה הדיחה את ארה""ב מהמונדיאל, וברשת לא מרחמים על הנשיא  דב גיל-הר, @shalev.segal  📸: לפי סעיף 27א'⁩",152,1122,32,https://www.instagram.com/p/DafDK59iGxu/
17916756387201712,2026-07-07,13:18,Reel,REELS,"⁨	הלוחם והלום הקרב יוסי סהרדי זעק מדם ליבו ופנה לח""כים בדיון על חוק יסוד לימוד התורה: ""הפרצופים של החברים שמתפוצצים לנו בידיים באים אלינו בלילה. לפני שאתם מדברים על חרדים - קחו אחריות על מי שנלחם!""  ‪@dikla_aharon‬  📸: ערוץ כנסת⁩",229,5916,279,https://www.instagram.com/reel/DafO9IDDQCx/
18099183848175323,2026-07-07,14:51,Reel,REELS,"טראמפ הגיע לטורקיה לפסגה מדינית עם ארדואן על רקע המתיחות באזור. במהלך קבלת הפנים, ארדואן הוביל את טראמפ באופן אישי כשהוא מחזיק לו את הזרוע - הנשיא האמריקני נראה, בלשון המעטה, קצת פחות נלהב מהסיטואציה  @itamar.margalit",217,1445,372,https://www.instagram.com/reel/DafZNU-i6m6/
18089400140568494,2026-07-07,15:18,Photo,FEED,"אזיק אלקטרוני בדרך לארמון האליזה? בית המשפט לערעורים בצרפת הותיר על כנה את הרשעתה של מנהיגת הימין הקיצוני מרין לה פן בשימוש לרעה בכספי האיחוד האירופי, וגזר עליה שלוש שנות מאסר, מהן שנה עם צמיד אלקטרוני.   עם זאת, תקופת הפסילה שלה מקיום תפקיד ציבורי קוצרה ל-15 חודשים בפועל, כך שבאופן עקרוני היא עדיין תוכל להתמודד על נשיאות צרפת ב-2027. לה פן אמרה לפני הפסיקה שלא תרוץ לנשיאות אם תחויב בצמיד אלקטרוני, ולכן כעת לא ברור אם תגיש מועמדות  @ramelibrandts (דב גיל-הר) 📸: REUTERS/Abdul Saboor",486,1123,81,https://www.instagram.com/p/DafcrnHDLjU/
17941423947056062,2026-07-07,17:38,Reel,REELS,"""הילדים שלי רוצים את אבא שלהם"": אחרי 450 ימי מילואים במחנה שורה, שלמה כבר לא חי עם אשתו וארבעת ילדיו  @alon__sharvit",116,31521,878,https://www.instagram.com/reel/Dafst6nD749/
18051411161772738,2026-07-07,21:57,Reel,REELS,⁨	⁨	בגן צ'ארלס קלור שבתל אביב חגגו את הניצחון של ארגנטינה על מצרים במונדיאל  @yoavborowitz,90,32791,687,https://www.instagram.com/reel/DagKTVgGeTB/
18537058423077769,2026-07-08,08:34,Carousel,FEED,"דוד זיני ראש השב""כ: ""הסכמתי לתפקיד כי אני כשיר מאחרים ביכולת להיות נאמן לדרג הנבחר""👇  זיני אמר כי הוא כשיר להיות נאמן לדרג הנבחר ""לא משנה איזה דעה"". ראש השב""כ דוד זיני אמר את הדברים באירוע, שהקלטות מתוכו פורסמו לראשונה בערוץ i24  בדברים שנשא תיאר זיני את שיחתו עם ראש הממשלה בנימין נתניהו כאשר הוצע לו תפקיד ראש הארגון: ""מיד אמרתי לו שיש לו אנשים טובים ממני בתוך השירות, למה לא ייקח אותם?"" על המעבר מצה""ל לשב""כ אמר זיני כי ""שנים רבות התנגדתי לאנשים שבאים בלי לעבור 'דרך השוחות'. על פניו, הייתי אמור להגיד לו 'אני לא כשיר', אבל אמרתי לו 'כן'""  לצד זאת, ראש השב""כ ביקר את התנהלות הממשלה במהלך המלחמה ואמר כי ""הדרג הנבחר לא באמת בעל יכולות לנהל את המסגרות שעליהן הוא מופקד, אנשים התבלבלו מה תפקידם"". בהתייחס לדרג המדיני-ביטחוני מתח זיני ביקורת חריפה: ""אני מסתכל על המלחמה, אני יושב בקבינט, אני מסתכל על איך משרדים תורמים למאמץ המלחמה, ואני אומר לכם - זה נס. עבד כי ימלוך. זו רעה חולה שצריך לטפל בה""  זיני הוסיף וטען כי עניינים משפטיים משפיעים על קבלת ההחלטות במדינה. ""תראו כמה עורכי דין יש לנו. יוצרים מפלצות שפוגעות בזכויות האדם, בזכויות הפרט, בצמיחה, בכלכלה, בשגשוג, בביטחון הלאומי, בכל כיוון שאתם רוצים. משתמשים פעמים רבות בזכויות האדם, בזכויות הפרט - קשקוש בלבוש"", דברי זיני  ""עם כל הכבוד והחשיבות לעורכי דין והמשפטנים, הם כלי עזר"", אמר זיני והקהל מחה כפיים. כשביקש להימנע מכך, הדגיש ראש השב""כ: ""מדינה בלי מערכת משפטית חזקה היא מדינה חרבה. לא שאין לי ביקורת, אבל זה לא הנושא""  בהמשך לכך, זיני הוסיף כי מתוקף תפקידו יש לו תפיסות עולם אותן הוא פועל לקדם. ""יש לי מנוע פנימי, יש לי אג'נדה, אני רוצה לקדם אותה, זו האחריות שלי. זה תפקידי, אני צריך להיות הקטר. ומצד שני, אני חייב להיות בצניעות כלפי נבחרי הציבור, ואני גם יכול להיות בשנייה אחת הקרון האחרון ברכבת - 'תגידו רק לאן הולכים'""  זאב אלקין, שר במשרד האוצר, התייחס להקלטות של זיני, ואמר כי ""במדינה דמוקרטית הדרג הנבחר הוא המחליט. הדרג המבצע, בכיר ככל שיהיה, ברגע שהתקבלה החלטה, גם אם זה מנוגד לאג'נדה שלו, שיתפטר""  @itayblumental  📸: חיים גולדברג, פלאש 90",1906,1277,417,https://www.instagram.com/p/DahTPljjg8E/
18479159542098325,2026-07-08,09:20,Reel,REELS,"⁨	תיעוד ממפרץ אילת: מדוזה קובייתית נדירה אותרה במימי ים סוף👇  המדוזה הקובייתית הנדירה ""Alatina grandis"" תועדה לאחרונה במימי מפרץ אילת. מדובר במין נדיר באזור, המופיע לעיתים רחוקות בלבד, בדרך כלל בעקבות שינויים בזרמים וברוחות. ברשות הטבע וגנים הדגישו כי מדובר באירוע נקודתי של פרטים בודדים בלבד  אף שצריבתה של המדוזה עלולה להיות כואבת, אין מדובר במין הקטלני המוכר מאוסטרליה, ואין סיבה להימנע מרחצה - אלא רק לגלות ערנות. זיהוי המדוזה בוצע על ידי הד""ר צפריר קופליק והפרופ' תמר גי""א-חיים, בהתבסס על בדיקות DNA ועל מאפייניה המורפולוגיים הייחודיים, ובהם המבנה הריבועי של פעמון המדוזה וזרועותיה  ""חשוב להבהיר - לא מדובר בנחיל מדוזות, אלא בפרטים בודדים בלבד"", אמר הד""ר אסף זבולוני, אקולוג מפרץ אילת ברשות הטבע והגנים. ""הסיכוי להיתקל במדוזה כזו בים נמוך מאוד, ואין כל סיבה לפאניקה או להימנע מרחצה. לצד ההנאה מהים, חשוב פשוט לגלות מודעות ולהכיר את סביבת הטבע""  המדוזות הקובייתיות מוכרות בעולם בשל מינים מסוימים הנחשבים למסוכנים במיוחד, ובהם ""צרעת הים"" האוסטרלית (Chironex fleckeri). עם זאת, המין שתועד באילת שונה. צריבתו עלולה להיות כואבת ואף מסוכנת, אך אינה משתווה לעוצמת הארס של המינים הקטלניים מאוסטרליה  ברשות הטבע והגנים הסבירו כי בעלי חיים ימיים עשויים לשנות את תחום תפוצתם מסיבות שונות, ובהן שינויים אקלימיים וכן שינויים במשטר הזרמים והרוחות. הופעת המדוזה במפרץ אילת משתלבת בתופעה זו, אך בשלב זה מדובר באירוע נקודתי בלבד.  אחד מפרטי המדוזה שנמצא נאסף והועבר למעבדות המחקר לצורך בדיקות והגדרה מדעית מדויקת. הממצאים צפויים לתרום להבנת תפוצתו של המין ולהרחבת הידע המדעי על עולם הטבע הייחודי של מפרץ אילת  ‪@wassermanmichal‬  📸: רשות הטבע והגנים⁩",1538,2290,36,https://www.instagram.com/reel/DahYlQ0ga9e/
18080939720264945,2026-07-08,09:41,Reel,REELS,"למרות הפסקת האש: ארצות הברית תקפה יותר מ-80 מטרות באיראן - שהגיבה בתקיפת בסיסים אמריקניים בבחריין👇  תקיפות ארצות הברית נגד מטרות איראניות הלילה היו נרחבות פי 4-5 מתקיפות אחרות שבוצעו לאחר שנחתם מזכר ההבנות בין שתי המדינות - כך דווח בעיתון ה""וול סטריט ג'ורנל"" מפי בכיר אמריקני. יחד עם זאת, הובהר כי בארצות הברית עדיין מחשיבים את הפסקת האש בתוקף  בתגובה, צבא איראן טען כי תקף את מרכזי ההתכנסות של הכוחות האמריקניים בבסיס שיח' עיסא בבחריין, והזהיר כי ""כל הבסיסים באזור הם מטרות לגיטימיות""  עוד הוסיף הבכיר האמריקני כי מאז הפסקת האש, איראן חילצה או תיקנה מאות טילים ומשגרים שניזוקו או נקברו בתקיפות האמריקניות, וכעת לאיראנים יש גישה ליותר ממחצית מהטילים והמשגרים שהיו ברשותם לפני המלחמה  בארצות הברית הופתעו מתקיפותיה של איראן על ספינות מסחריות בעיצומם של המו""מ המתנהל והלווייתו של המנהיג העליון לשעבר ח'אמנאי, כך הוסיפו גורמים אמריקנים שצוטטו בדיווח. ממשל טראמפ ניסה להקים ערוץ אחורי חשאי בין צבא ארצות הברית למשמרות המהפכה, אך האחרונים גילו איטיות בהיענות למהלך, כך לפי הגורמים, שהוסיפו כי ספינות מלחמה אמריקניות מוכנות לחדש את המצור על נמלים איראניים אם טראמפ יבחר להטיל אותו מחדש  צבא איראן טען כי תקף לפנות בוקר את מרכזי ההתכנסות של הכוחות האמריקניים בבסיס שיח' עיסא בבחריין, והזהיר כי ""כל הבסיסים האמריקניים באזור הם מטרות לגיטימיות"". על פי הודעת הצבא האיראני, ההתקפה היא בתגובה ל""הפרות חוזרות ונשנות של הפסקת האש על ידי ארצות הברית""  @itamar.margalit  @shmvnmygn  📸(תקיפה אמריקנית בבנדר עבאס שבאיראן): רשתות חברתיות",1418,852,29,https://www.instagram.com/reel/Daha5SGjVuX/
17895660549515210,2026-07-08,09:59,Carousel,FEED,"⁨	⁨	⁨	""פה זאת מדינה יהודית, פה מדברים אך ורק בעברית, ערבית זה רק בבית"": עובדים ערבים הונחו שלא לשוחח ביניהם בערבית בסניף של ""קסטרו"" בעפולה👇  מנהלת סניף ""קסטרו"" בעפולה דרשה מעובדי הסניף הערבים שלא לדבר בערבית בחנות. היא שלחה את הדרישה בקבוצת הווטסאפ של הסניף, ודרשה מעובדי הסניף לאשר שקראו את את הדרישה. שלוש עובדות ערביות לא הסכימו לאשר את הבקשה של המנהלת  אחותה של אחת העובדות סיפרה: ""אחרי שהבנות הושפלו ועברו חוויה קשה מול המנהלת, לא פעם ולא פעמיים, הן יצאו מהמשמרת"". לעובדות הוצע לעבור לסניף אחר של החנות, אך הן סירבו ופוטרו  מ""קסטרו"" נמסר: ""קסטרו מעסיקה אלפי עובדים מכל גווני החברה הישראלית ורואה בשוויון ובכבוד האדם ערכים בלתי מתפשרים. קסטרו דוחה כל טענה לגזענות. הטענות הנוגעות להתנהלות בסניף נבדקו ברצינות, ובכל התנהלות שאינה תואמת את ערכי החברה, אנו מטפלים באופן מיידי ובהתאם""  ‪‪‪@singereran‬‬‬  📸: יונתן זינדל, פלאש 90⁩⁩⁩",831,26380,4218,https://www.instagram.com/p/DahdC-1DnNP/
18058560980754782,2026-07-08,10:55,Reel,REELS,"⁨	פסגת נאט""ו באנקרה: נשיא צרפת מקרון הגיע עם רעייתו לארמון של נשיא טורקיה ארדואן, והתקבל בקבלת פנים רשמית. מקרון ביקש לנשק את כף ידה של אשת הנשיא הטורקי, אבל הנשיקה נמנעה ונראה שהדבר עורר מבוכה קלה  @itamar.margalit  📸: שימוש לפי סעיף 27 א' בחוק זכויות יוצרים⁩",260,866,160,https://www.instagram.com/reel/Dahjbiik__R/
17973267414095980,2026-07-08,11:55,Photo,FEED,"⁨	טראמפ: ""עבורי מזכר ההבנות נגמר, זה בזבוז זמן להמשיך לדבר עם איראן""👇  נשיא ארצות הברית, דונלד טראמפ, התייחס בפסגת נאט""ו בטורקיה לתקיפה באיראן ואמר: ""עבורי מזכר ההבנות נגמר. אני לא רוצה להתעסק איתם עוד, ובעיניי זה בזבוז זמן להמשיך לדבר איתם""  טראמפ הוסיף: ""תקפנו הלילה את האנשים המאוד חולים האלה. הכינו בהם קשות, פי 20 מבעבר. הם נבלות ואני שונא אותם, אף אחד לא אוהב אותם"". לדבריו, ""יכול להיות שאנחנו מכלים את זמננו איתם. אני לא חושב שהם יודעים מה הם עושים, כי אחרת היו מגיעים לעסקה מזמן. צריך לעקור אותם מן השורש, כמו סרטן""  הלילה תקף צבא ארצות הברית באיראן, בתגובה למתקפות האיראניות נגד שלוש ספינות מסחריות שעשו את דרכן במצר הורמוז. לפי פיקוד המרכז, הותקפו יותר מ-80 מטרות, ובהן מערכות הגנה אווירית, מתקני פיקוד ושליטה, מכ""מי חוף, טילים נגד ספינות ויותר מ-60 סירות קטנות של משמרות המהפכה, ""במטרה לפגוע ביכולתה של איראן לפגוע בכלי שיט העוברים במסדרון הבין-לאומי""  בתגובה לתקיפה האמריקנית, צבא איראן טען שתקף את הבסיס האמריקני ""שיח' עיסא"" בבחריין, והזהיר כי ""כל הבסיסים האמריקניים באזור הם מטרות לגיטימיות"". על פי הצבא האיראני, ההתקפה היא בתגובה ל""הפרות חוזרות ונשנות של הפסקת האש על ידי ארצות הברית""  @itamar.margalit  📸: FILIP SINGER/Pool via REUTERS⁩",1152,693,54,https://www.instagram.com/p/DahqQCnjk7P/
18108635428978438,2026-07-08,12:32,Reel,REELS,"⁨	זריקות ההרזיה משנות חיים, אבל גם מציתות ויכוח על תרבות הרזון, נגישות לטיפול והשוק השחור שמסביבן. מה קורה כשהמאבק במשקל כבר לא מתחיל רק בצלחת, אלא במוח?  🎧 ""עד הקצה"" עם @kereneubach | כל יום | כאן הסכתים ובכל אפליקציות הפודקאסטים⁩",231,2217,72,https://www.instagram.com/reel/DahugmaCmIA/
17902386342460663,2026-07-08,13:05,Carousel,FEED,"סרן במילואים מלאכי מונדני בן ה-26 נפצע באורח קשה בדרום לבנון, הגיע לבית החולים עם רסיס צמוד לאבי העורקים - ועבר ניתוח שהציל את חייו👇  מונדני הגיע לבית החולים רמב""ם בסכנת חיים, והרופאים החליטו לבצע ניתוח מורכב להוצאת הרסיס. ""הרסיס ישב ממש צמוד לאבי העורקים, במגע איתו"", הסביר פרופ' גיל בולוטין, מנהל מחלקת כירורגית לב, ""כל תזוזה יכלה לחורר את אבי העורקים ולהוביל לתוצאה עגומה. העובדה שזהו מצב מאוד נדיר ולכן לא היו הרבה נתונים בספרות, הובילה לדיון בין הרופאים לגבי ההחלטה להשאיר את הרסיס צמוד לאבי העורקים, או לא לקחת סיכון, לנתח ולהוציא אותו. החלטנו על האפשרות השניה, כאשר מהלך הניתוח עבר ללא קושי. לשמחתנו, המטופל שלנו התייצב והועבר להמשך טיפול במרכז""  @wassermanmichal  📸: באדיבות המשפחה / הקריה הרפואית רמב""ם",711,4887,139,https://www.instagram.com/p/DahyR-zjmAo/
18135375373585636,2026-07-08,13:24,Photo,FEED,"סוכל ניסיון הברחה לרצועת עזה של אלפי סיגריות שהוחבאו בתוך מאות אננסים👇  ההברחה אותרה ע""י מערך הבידוק הביטחוני של אנשי רשות המעברים היבשתיים במשרד הביטחון. המשאית בה נתפס ניסיון ההברחה נשאה משלוח שנרכש על ידי חברה ישראלית, שאושר לה להכניס סיוע לרצועה במסגרת מנגנון הכנסת הסיוע על ידי הסקטור הפרטי  המשלוח נועד להגיע למעבר כרם שלום במסגרת הסיוע ההומניטרי. כלל התכולה שעל המשאית הוחרמה והועברה להמשך טיפול בידי המכס ויתר הגורמים המוסמכים  בתגובה לאירוע, מתאם פעולות הממשלה בשטחים, אלוף יורם הלוי, הורה על הקפאה מיידית של האישור להכנסת סיוע הומניטרי שניתן לחברה הישראלית  @itayblumental  📸: רשות המעברים היבשתיים של משרד הביטחון",624,865,43,https://www.instagram.com/p/Dah0d76Dr9y/
18140612953552719,2026-07-08,17:54,Photo,FEED,"פאניקה במכון היופי: 12 נשים נפגעו היום משאיפת גז רעיל במזרח ירושלים, לאחר שגנרטור שחובר בצורה פיראטית פלט פחמן חד-חמצני לתוך המבנה. לפי כבאות והצלה, צינור הפליטה של הגנרטור התנתק, והגזים הצטברו במקום והתערבבו עם חומרים ששימשו לצביעת שיער.  הנשים פונו לבתי החולים, חלקן במצב בינוני עד קשה, כשהן סובלות מערפול הכרה. צוותי הכיבוי פינו את המקום, ביצעו ניטור ואוורור של המבנה, והבהירו כי לא נשקפת סכנה לציבור באזור או לדירות הסמוכות  @veredpelman @haimgoldich  📸: כבאות והצלה לישראל",477,484,10,https://www.instagram.com/p/DaiTagDDEG6/
18479994427096550,2026-07-08,19:32,Photo,FEED,"שם חדש לבן ראש הממשלה: לפי דיווח של ""הארץ"" ואורי משגב, מסמכים מרשות המסים מעידים כי יאיר נתניהו החליף בשנה וחצי האחרונות את שמו ליונתן הון, באותו מספר תעודת זהות.   בכך הוא הצטרף לאחיו אבנר, ששינה לפני כחמש שנים את שמו ל""אבי סגל"" ורכש בשם החדש דירה באנגליה. גם אביהם, ראש הממשלה בנימין נתניהו, השתמש בעבר בשם ""בן ניתאי"" בזמן שהותו בארצות הברית  📸: Avshalom Sassoni/Flash90",372,1475,333,https://www.instagram.com/p/DaiepfNDDg7/
18141142534544018,2026-07-08,20:06,Photo,FEED,"78 שנים אחרי שנפל בשיירה לירושלים הנצורה, המעגל נסגר: צה""ל הודיע כי אותר מקום קבורתו של טוראי יעקב זריהן ז""ל, שנפל בקרב באזור שער הגיא במבצע ""הראל"" ב-1948. בתום חקירה שנמשכה כ-15 שנים, נקבע כי זריהן נטמן בקבר אחים בקריית ענבים לצד שבעה חללים נוספים.  אחותו איבון כהן קיבלה את הבשורה המרגשת ואמרה: ""עבורי מציאת מקום קבורתו הינו עולם ומלואו, אני אתקשר לבנים שלי שיוכלו להגיד קדיש לראשונה על קברו"". קצינת משאבי האנוש הראשית וראש חטיבת הנפגעים, תא""ל עדנה איליה: ""זוהי זכות עבורנו להמשיך ולפעול מתוך מחויבות מוסרית עמוקה""  @itayblumental @carmela_menashe  📸: דובר צה""ל",563,2021,73,https://www.instagram.com/p/Daiif1QjBSg/
18014169182874605,2026-07-08,23:22,Reel,REELS,"⁨	⁨	עימות אלים מול כלא 10, צה""ל: המוחים ניסו לפרוץ לבסיס👇  מפגינים חרדים הגיעו לכלא 10 הצבאי ולפי הדיווחים ניסו לפרוץ אליו. בתיעוד נראו המוחים כשהם אוזקים ילדים זה לזה בשלשלאות ונושאים שלטים שמטרתם לחזק את העריקים המוחזקים בכלא. צוות האבטחה של הבסיס השתלט עליהם, ובצה""ל מעידים שהמפגינים החרדים ניסו לפרוץ לבסיס, ולכן נאלצו להשתלט עליהם באמצעות הפעלת כוח.   המפגינים הם חברי הקבוצה הקיצונית ""אנשי חיל"" - קבוצה פנימית בתוך פלג ""העדה החרדית"" שמטרתה לבצע הפגנות מיוחדות ומאורגנות. אנשי הקבוצה היו אחראים בין היתר לפריצה לביתו של המשנה לנשיא בית המשפט העליון, השופט נעם סולברג  ‪@daniel.grovais‬  📷: DOOVIDEL⁩⁩",605,3289,659,https://www.instagram.com/reel/Dai45LFCSvB/
18080106521264870,2026-07-09,08:50,Photo,FEED,"""לפחות באופן זמני""👇  ארה""ב תקפה 90 מטרות צבאיות באיראן, בסבב תקיפות נוסף שכלל מערכות הגנה אווירית, אמצעי מעקב ואתרי אחסון של טילים וכטב""מים. בכיר אמריקני אמר ל-CNN כי ""הפסקת האש עם איראן הופסקה, לפחות באופן זמני"". בהצהרה שמסר לתקשורת, אמר הנשיא טראמפ כי תגובת כוחות פיקוד המרכז האמריקני הגיעה ""כנקמה על תקיפת הספינות"" והוסיף: ""אם זה יקרה שוב, התגובה תהיה חריפה בהרבה""  בטהרן איימו מנגד ואמרו כי ""התגובה תהיה חזקה, והאמריקנים יתחרטו על התקיפות"". במקביל לאיומים, הופעלו אזעקות בבחריין ובכווית, וכלי תקשורת פרו-איראניים דיווחו על פיצוצים בבסיס הצי החמישי האמריקני בבחריין  @itay.blumentaL @nathanguttman 📸: AP, צילום מסך ברשתות החברתיות",633,1191,24,https://www.instagram.com/p/Daj582WEYI3/
17861775564648953,2026-07-09,11:25,Photo,FEED,"⁨	""נועה קירל בולמת את נבחרת ספרד"" 👇  השיר החדש של נועה קירל מעורר זעם בתקשורת הספרדית וברשתות החברתיות. בסרטון חדש ששחררה הזמרת לכבוד המונדיאל, היא מצולמת כשהיא לבושה במדי ארגנטינה, עוצרת בשער פנדלים של שחקן הלבוש במדי נבחרת ספרד.   על רקע המתיחות הדיפלומטית הקיימת בין המדינות, בעקבות עמדתה הפרו-פלסטינית המובהקת של ממשלת ספרד, הקליפ התפרש במדינה כמתקפה פוליטית מכוונת. כלי תקשורת ועיתונאים ספרדים תקפו בחריפות את קירל ואת בן זוגה, השוער דניאל פרץ: ""תעמולה שמטרתה להלבין ברבריות""  הביקורת ברשתות לא איחרה לבוא, והיא הופנתה לא רק כלפי קירל, אלא גם כלפי בן זוגה, השוער דניאל פרץ. העיתונאית הספרדייה ליילה חאמד, המוכרת בעמדותיה הפרו-פלסטיניות, צייצה בחשבון ה-X שלה:  ""הזמרת הישראלית נועה קירל שחררה סרטון שבו היא מתמודדת מול נבחרת ספרד ועוצרת את כל הפנדלים שלהם. כדאי לזכור שבן הזוג שלה הוא דניאל פרץ: השוער הגרוע ביותר של באיירן מינכן במאה הנוכחית, מחמם ספסל בהמבורג, ועכשיו שוער בצ'מפיונשיפ. מביך"".  באתר החדשות הספרדי ""פובליקו"" המזוהה עם עמדות שמאל, נכתב מאמר חריף במיוחד תחת הכותרת: ""ציונות ואירועים מגוחכים הולכים יד ביד"". במאמר נטען כי הקליפ מהווה ""תעמולה של מדינה כושלת"" ומטרתו ""להלבין את הברבריות"". עוד נכתב כי התנועות והכוריאוגרפיה של קירל בקליפ הן ""מטאפורה לרצח קטינים בעזה ולכיבוש בלתי חוקי""  נכון לרגע זה, מטעמה של נועה קירל או מנציגיו של דניאל פרץ לא נמסרה תגובה רשמית למתקפות  ‪@amitharari8‬  📸: צילום מסך מתוך ערוץ היוטיוב של נועה קירל⁩",1349,1576,158,https://www.instagram.com/p/DakLqzXkbSv/
18096827897595694,2026-07-09,12:23,Photo,FEED,"⁨	אגדת הפופ של שנות השמונים ונציגת בריטניה לאירוויזיון 🕯  הזמרת הוולשית בוני טיילר, הידועה בלהיט הגדול ""Total Eclipse of the Heart"", הלכה לעולמה בגיל 75. מותה מגיע לאחר מספר חודשים של סיבוכים רפואיים; בחודש מאי האחרון אושפזה טיילר בפורטוגל ועברה ניתוח מעיים דחוף, בעקבותיו הוכנסה לתרדמת יזומה. אף על פי שלפני כחודש נמסר מטעם נציגיה כי התעוררה מהתרדמת, מצבה הוסיף להיות קשה מאוד והיא נותרה ביחידה לטיפול נמרץ עד ליום מותה  טיילר, שהקריירה העשירה שלה התפרסה על פני חמישה עשורים, ידועה בלהיטי הענק שלה:   * Total Eclipse of the Heart  * Holding Out for a Hero  * It's a Heartache  היא אף ייצגה את בריטניה בתחרות הזמר של האירוויזיון בראשית העשור הקודם  ‪@amitharari8‪@alon_fruchter‬ 📸: AP⁩",685,1881,52,https://www.instagram.com/p/DakSV8JDmfB/
18099546851231983,2026-07-09,15:11,Photo,FEED,"טראמפ ומוג'תבא עולים מדרגה?👇  ארה""ב תקפה באזור אתר הגרעין בבושהר ובתגובה איראן תקפו את בסיס חיל האוויר האמריקני בירדן.  במקביל נשמעו אזעקות בנמל התעופה בעיראק.   שגרירות ארה""ב בירדן פרסמה אזהרה לאזרחיה: ""לתפוס מחסה ולהישמע להוראות""  @shmvnmygn  📸: AP",250,818,21,https://www.instagram.com/p/DakljhMjCKA/
18114193633898653,2026-07-09,18:07,Photo,FEED,"העסקה הכי גדולה בספורט הישראלי  ענאן חלאילי, שחקן נבחרת ישראל, חתם היום באינטר מילאנו. לפי הדיווחים, האיטלקים ישלמו 25 מיליון אירו לקבוצתו - אוניון סן-ז'ילואז הבלגית, ובכך יהפוך ענאן חלאילי לשחקן הישראלי היקר בכל הזמנים. מקורבים לחלאילי מסרו לכאן חדשות: ""יש עסקה. זה אושר גדול. הוא רק יצטרך להגיע למילאנו, לעבור בדיקות רפואיות ולחתום"".   המעבר היוקרתי של חלאילי, בן 21, מגיע אחרי שתי עונות מוצלחות, במהלכן שיחק ב-99 משחקים וכבש שמונה שערים. בנוסף, הוא זכה עם קבוצתו באליפות בלגיה ובגביע הבלגי, ואף כבש בליגת האלופות.   חלאילי, שגדל במכבי חיפה, פרץ לתודעה במהלך טורניר גביע העולם לנבחרות עד גיל 20 (המונדיאליטו) בשנת 2023, שם הגיע עם נבחרת ישראל עד לשלב חצי הגמר, כשבדרך הוא כובש פעמיים - מול נבחרות אוזבקיסטן וברזיל.   צילום: AP Yoav Borowitz",742,1584,94,https://www.instagram.com/p/Dak5sdcm1pp/
18126427690642325,2026-07-09,19:47,Reel,REELS,⁨	איתן חזר עם מצלמות לתעד: איך אנשים מגיבים להתקף פוסט טראומטי ברחוב ‪@maya_rachlin‪@eitan_alayev‬ev⁩ @eliorlevy #חדשותהלילה,124,12533,83,https://www.instagram.com/reel/DalFEBvE6oB/
18105298364122301,2026-07-09,21:07,Photo,FEED,"מלחמה עם איראן בפעם השלישית? 👇  בישראל רוצים לקבל אישור מנשיא ארצות הברית דונלד טראמפ לתקוף באיראן - כך פורסם בכאן חדשות. אולם, כרגע מדובר בעימות בין האמריקנים לאיראנים בלבד, וללא מעורבות ישראלית. בישראל גם מעריכים כי חילופי האשת יימשכו באורך הימים הקרובים.  גם בעיתון ""ניו יורק פוסט"" דווח הערב מפי מקורות ישראלים כי ישראל מוכנה להצטרף למתקפות עתידיות של ארצות הברית באיראן אם תתבקש.   ""הוכחנו שאנחנו עומדים לצד ארצות הברית,"" אמר אחד מהמקורות לעיתון, ""אני לא בטוח שזה יהיה באינטרס שלהם, אבל אנחנו מבינים שאנחנו צריכים למתוח את השרירים. אנחנו מוכנים לעשות זאת שוב, אם יש צורך"".   עם זאת, המקור אמר שישראל ""לא רוצה לחזור לימים שבהם שאנשים נאלצו להיכנס למקלטים"". ""באותו הזמן"", הוסיף, ""אנחנו לא רוצים להתעלם ממה שקורה באיראן. אז זה יהיה מחיר שנצטרך לשלם ואנחנו נעמוד במצב הזה"".  @gilicohen10  📸: פלאש 90, OLIVIER FITOUSSI/POOL",822,3444,408,https://www.instagram.com/p/DalOPQxDQyR/
18174965914414062,2026-07-10,09:00,Photo,FEED,"⁨	דיווח בוול סטריט ג'ורנל: ישראל העבירה מידע מודיעיני לארצות הברית על כך שבאיראן שוקלים להתנקש בחייו של הנשיא טראמפ. למרות הדיווח, גורם אמריקני הבהיר שבארצות הברית עדיין מחויבים להמשך השיחות עם האיראנים   @itamar.margalit  📸: AP/Charles Krupa⁩",243,947,32,https://www.instagram.com/p/Damf3nmEbxB/
18116889106890945,2026-07-10,09:35,Carousel,FEED,"⁨	חברת ""צ'יפסי"" המצרית החליטה להפסיק לייצר אריזות צ'יפס עם תמונתו של מסי עליהן. הצעד הגיע בעקבות זעם במדינה על מסי ועל ארגנטינה, שהדיחה את מצרים מהמונדיאל. המצרים טוענים שהמשחק היה מוטה לטובת הארגנטינאים, והחלו להעלות לרשת תיעודים שלהם זורקים לפח את אריזות הצ'יפס עם תמונתו של כוכב הכדורגל. בנוסף, ידוענים מצרים קראו להחרים את מסי   @roikais",341,2920,335,https://www.instagram.com/p/Damj1C5giZx/
18008871308931497,2026-07-10,11:03,Reel,REELS,"⁨	""חמאס, חמאס, יהודים לגז"": אוהדי נבחרת מרוקו בהולנד בקריאות אנטישמיות והומופוביות, אחרי ההפסד אמש לצרפת במונדיאל  @itamar.margalit @omershahar10",145,1806,480,https://www.instagram.com/reel/Damt1x7CkWS/
17860186860658678,2026-07-10,14:36,Reel,REELS,"⁨	⁨	⁨	שנה בדיוק אחרי שאיבד את שתי רגליו בעזה, הלוחם אלקנה לוי חגג במסיבת הודיה בחוות אביחי בבנימין לצד הזמר רביד פלוטניק. חבריו למחלקה הצטרפו לביצוע המרגש ❤️  ‪‪@haimgoldich‬‬  📸: באדיבות איגוד החוות⁩⁩⁩",202,8641,50,https://www.instagram.com/reel/DanGSkIiVFP/
17862281013648932,2026-07-10,18:25,Reel,REELS,"⁨	דורון מירן: ""את 'בחייאת עיוני לא בוגד' כתבו לי בחמש דקות"" | הסיפור של החאפלות הישראליות - מחר ב-20:00  ‪@maylaurencefaye.bismuth‬⁩",132,1601,22,https://www.instagram.com/reel/DangbmdkWFW/
18127164178728073,2026-07-10,19:50,Reel,REELS,"⁨	⁨	מיכה כץ, מפורום ""יהלומי קרב"", שזעק בכנסת על חקיקת ""חוק יסוד לימוד תורה"": ""איך אין חוק ללוחמים הגיבורים שאתם מדברים עליהם כל היום?""  ‪@ifatglick‪@almogtamar‬ar⁩",163,4115,176,https://www.instagram.com/reel/DanqL10gq8r/
18105419443923712,2026-07-10,20:11,Photo,FEED,"שב""כ מאשר: זיני שוחח עם ברדוגו על החקירה נגד חדשות 12👇  שב""כ מסר תגובה לפרסומים שלפיהם ראש הארגון דוד זיני הסכים לפתוח בחקירה נגד חדשות 12, בחשד שהיה בידיהם מידע מוקדם לגבי תקיפה באיראן, ומסר כי ההחלטה לפתוח בחקירה התקבלה עוד טרם פגישה שקיים על פי דיווחים עם מקורב לראש הממשלה בנימין נתניהו  ""ההחלטה בעניין הצורך בחקירת דלף התקבלה ע""י ראש שב""כ הרבה לפני מועד קיום הפגישה המדוברת"", מסרו בשב""כ, והוסיפו כי זיני ""מקיים מעת לעת פגישות עם עיתונאים מכלי תקשורת שונים ומגוונים""  פרשן ומגיש ערוץ 14 יעקב ברדוגו טען בתוכניתו ברדיו ""גלי ישראל"" ב-22 ביוני כי נפגש עם זיני בלשכתו, וביקש ממנו לחקור הדלפה לחדשות 12 על פתיחת מבצע ""שאגת הארי"". ברדוגו אמר כי היה עם זיני ועוזרו ""בשיחה ארוכה"". בערוץ i24NEWS פורסם כי בפגישה נכח איש שב""כ נוסף שהוא קרוב משפחה מדרגה ראשונה של עיתונאי ידוע בערוץ 14  ""מבלי לאשר נכונות פרסום כזה או אחר, יובהר כי חקירות דלף סוד נפתחות בהתאם לסמכות והחלטה של ראש שב""כ, רק לאחר תהליך מסודר של גורמי המקצוע והייעוץ המשפטי בשירות ומתוקף אחריות שב""כ בחוק למניעת דלף סוד מליבת מערכת הביטחון. כל ניסיון לייחס החלטות מקצועיות של ראש השב""כ לטובת מימוש ייעוד השירות, לשיח המתקיים עם גורם כזה או אחר, משולל כל יסוד"", נמסר משב""כ  @roysharon11  📸: אריה לייב אברמס, דור פזואלו / פלאש 90",1184,464,110,https://www.instagram.com/p/DanstO3Dpv-/
18123063898743937,2026-07-10,23:03,Reel,REELS,"⁨ רגע קטן של תודה, בלב ההרס הגדול: הצלם והמשפיען הוונצואלי ניקולס דונוסו פגש את אנשי זק""א שהגיעו מישראל לסייע באזורי האסון. הוא לחץ את ידיהם, הודה להם על עבודתם, ואז שלף מצלמה וצילם להם פורטרטים בין ההריסות: ""תודה רבה על העבודה שלכם""  📸: ‪@firmadonoso‬⁩",253,5105,55,https://www.instagram.com/reel/DaoAQnkiX1e/
17935842918320330,2026-07-11,09:28,Photo,FEED,"⁨	⁨	טראמפ ""חושף"" את התוכנית למקרה שאיראן תנסה להתנקש בו: ""תושמד לחלוטין תוך שנה"" 👇  אחרי הדיווחים על כוונות איראניות להתנקש בחייו, נשיא ארצות הברית דונלד טראמפ כותב: ""1,000 טילים מוכנים לשיגור ומכוונים לעבר איראן – ואלפים נוספים יבואו בעקבותיהם באופן מיידי – במקרה שממשלת איראן תממש את איומה, שהושמע במוקדים רבים ברחבי העולם, להתנקש או לנסות להתנקש בנשיא המכהן של ארצות הברית של אמריקה – במקרה זה, אני! ניתנו כבר פקודות, וצבא ארה""ב מוכן, נחוש ומסוגל – למשך תקופה של שנה, הניתנת להארכה – להחריב ולהשמיד לחלוטין את כל חלקי איראן""  ‪@nathanguttman‬  📷: AP⁩⁩",554,1657,55,https://www.instagram.com/p/DapHzpgHENe/
18089062214385211,2026-07-11,12:08,Reel,REELS,"⁨	⁨	⁨	⁨	⁨	⁨	הקרב על השבת בירושלים 👇  שבוע לאחר העימותים שעוררו סערה, עשרות חרדים הגיעו גם השבת להפגין מול קפה “בסמטה” בירושלים. המשטרה חסמה את דרכי הגישה לבית הקפה בניסיון למנוע חיכוך בין הצדדים, אך מספר מפגינים הצליחו להסתנן אל קרבת בית הקפה.  במקום התפתח עימות מילולי: המפגינים קראו ״שאבעס״, בעוד מאות חילונים שהגיעו לתמוך בבית בית הקפה השיבו בקריאות ״תתגייסו״ ו-״יאללה הביתה״. כוחות המשטרה חצצו בין הצדדים ופעלו לשמירה על הסדר  ‪‪‪‪‪@shalev.segal‬‬‬‬‬⁩⁩⁩⁩⁩",459,8396,1354,https://www.instagram.com/reel/DapaEkXiWuR/
18119497723839473,2026-07-11,14:07,Photo,FEED,"⁨	למרות שטרם נראה בציבור, מוג'תבא חמינאי הודה בהודעה כתובה לבני העם האיראני על השתתפותם בהלוויית אביו, והוסיף: ""עכשיו, כשאנו נפרדים בעיניים דומעות ולבבות שבורים מגופך, אנו נשבעים לנקום את דמך הטהור ועל כל השהידים שנפלו בשתי המלחמות הללו בידי הרוצחים הפושעים וחסרי הבושה הללו. הנקמה הזו היא דרישת האומה שלנו, והיא חייבת להתבצע בקרוב. הפושעים הללו יקחו איתם אל הקבר את השאיפה למות מוות רגוע במיטתם""  @omershahar10  📷: AP⁩",419,661,99,https://www.instagram.com/p/Dapny57CtPf/
18121831870836825,2026-07-11,14:47,Photo,FEED,"⁨	נכנסו ליריחו ""בשביל חגיגות יום הולדת ומפגש עם חברים שהכירו בטיול בסיני"" 👇  חיילת בשירות סדיר ושתי אזרחיות ישראל יהודיות חולצו הלילה (בין שישי לשבת) מיריחו בשני אירועים שונים על ידי כוחות המנהל האזרחי.   הדיווח אודות החיילת הגיע בשעות הלילה, לאחר שהיא נצפתה בלבוש אזרחי במרחב העיר ""תוך סכנה לשלומה"". עם קבלת הדיווח פעלו קציני התיאום והקישור הצבאי כדי לאתרה ולהביאה לידי כוחות הביטחון. תחקיר ראשוני העלה כי היא נכנסה למקום יחד עם חבר ערבי ישראלי בשביל חגיגות יום הולדת בלב העיר.   לפנות בוקר התקבל דיווח נוסף אודות שתי ישראליות שמשוחחות ביניהן בעברית באחת השכונות בעיר. במערכת הביטחון פעלו כדי לאתרן, לחלצן ולהעבירן לידי הכוחות. השתיים סיפרו לכוח כי הן נכנסו לעיר במטרה לפגוש חברים שהכירו בטיול בסיני.   שני המקרים הועברו לטיפול המשטרה ומצ""ח. במערכת הביטחון מדגישים: ""הכניסה לשטחי A מסכנת חיים ואסורה על פי חוק""  @itayblumental @haimgoldich  📷: המנהל האזרחי⁩",858,834,128,https://www.instagram.com/p/DapsXlgiqhW/
18001236476959561,2026-07-11,16:12,Reel,REELS,⁨	⁨	עושה הסבה מקצועית? הזמר אליאב זוהר מספר על הסיבה שפתח פיצרייה 🍕  #גליקותמר @ifatglick @almogtamar,101,1228,63,https://www.instagram.com/reel/Dap1_11FFC9/
18121889305761367,2026-07-11,16:49,Photo,FEED,"טרגדיה בדרום אפריקה: ג'יידן אדאמס, קשר הנבחרת ומאמלודי סאנדאונס, נמצא מת בגיל 25 זמן קצר לאחר שחזר מהמונדיאל. לפי דיווחים לא רשמיים, ייתכן ששם קץ לחייו, אך בשלב זה אין לכך אישור רשמי.  ‪@yoavborowitz‬  📸: AP⁩",208,3181,41,https://www.instagram.com/p/Dap6T97jXkJ/
17953004496194670,2026-07-11,19:03,Carousel,FEED,"גיא ששון זכה בטורניר הזוגות של ווימבלדון בכיסאות גלגלים! 🎾  הטניסאי הישראלי גיא ששון עושה זאת שוב בענק: ששון ושותפו ההולנדי נילס וינק זכו בתואר הזוגות בכיסאות גלגלים  בטורניר ווימבלדון 2026, והשלימו זכייה שנייה ברציפות בטורניר היוקרתי. גאווה ישראלית אדירה על הדשא בלונדון!  @yoavborowitz  📸: פרנק מולטר",302,4050,35,https://www.instagram.com/p/DaqJqxmDc1P/
17935514820090150,2026-07-11,23:49,Reel,REELS,"⁨	⁨	גוש נתניהו מתערער? המנהיג הרוחני של ש""ס, הרב יצחק יוסף, עקץ את נתניהו וקבע: ""אין שום סיכוי שהוא יחזור בתשובה"". מנגד, על איזנקוט הוא אומר שדווקא יש סיכוי. האם זה רמז ראשון לכך שש""ס לא פוסלת ישיבה בממשלה בראשותו?  ‪‪@daniel.grovais‬‬⁩⁩",237,517,145,https://www.instagram.com/reel/DaqqYEGDVPf/
17934861516302965,2026-07-12,09:29,Carousel,FEED,"מהעימות על הספינות למתקפה אזורית: בתוך שעות הכריזה איראן על סגירת מצר הורמוז, ארה""ב תקפה וטהרן הגיבה בשיגורים. ברקע, המאמצים להציל את ההבנות בין הצדדים נראים קרובים לקריסה  (רועי קייס, רם ברנדס, שמעון מיג'אן, נתן גוטמן, כרמלה מנשה) 📸: רויטרס",241,756,19,https://www.instagram.com/p/Dars0LflXBl/
18020909516854758,2026-07-12,09:46,Photo,FEED,"ישראל איבדה את אחד הקולות התקיפים והנאמנים ביותר שלה בוושינגטון: לשכתו של הסנאטור הרפובליקני לינדזי גרהאם הודיעה כי הלך לעולמו בגיל 71, לאחר מחלה קצרה ופתאומית  גרהאם, שכיהן בסנאט מאז 2003, היה מבעלי בריתו הקרובים של הנשיא טראמפ ומזוהה עם תמיכה עקבית בישראל ועם קו ניצי במיוחד מול איראן. רק בימים האחרונים ביקר באוקראינה ונפגש עם הנשיא זלנסקי  @ramelibrandts  צילום: AP",369,965,101,https://www.instagram.com/p/Daruq8DFcGS/
18104007668039731,2026-07-12,10:29,Photo,FEED,"קטטה בדירת Airbnb בלב ירושלים הסתיימה ברצח של בן 19: בניהו רזי מגבעת זאב נרצח אמש בשכונת נחלאות, ולאחר מצוד נעצרו שישה חשודים בפרשה.  חמישה מהעצורים הם נערים ונערות בני 16 עד 18. צעירה נוספת נעצרה בחשד שסייעה למעורבים, אך לפי החשד לא הייתה מעורבת ברצח עצמו.  @veredpelman @haimgoldich",284,3141,183,https://www.instagram.com/p/Darzqm9jD52/
17889798924397435,2026-07-12,11:01,Reel,REELS,"20 שנה אחרי מלחמת לבנון השנייה, תושבי הצפון עדיין חיים בין אזעקות, פינויים ותחושת הפקרה. קרן נויבך וכתב הצפון רובי המרשלג @rubih חוזרים לגבול, לארכיון של 2006 ולשאלה אם למדינה יש חזון לעתיד הצפון.  🎧 ""עד הקצה"" עם @kereneubach, הסכת האקטואליה החדש מבית כאן חדשות, זמין באתר וביישומון כאן ובכל יישומוני ההסכתים",308,489,22,https://www.instagram.com/reel/Dar3NgpDASX/
18123960265667816,2026-07-12,12:04,Photo,FEED,"""לנצח הוא יישא על מצחו את תווית הרוצח"": בית המשפט המחוזי בתל אביב גזר 25 שנות מאסר על עמית אלמוג, שהורשע ברצח בת זוגו מאיה וישניאק בשנת 2020.  במסגרת הסדר הטיעון הודה אלמוג ברצח שלא בנסיבות מחמירות, ואמר לשופטים כי הוא חוזר בו מכפירתו ומקבל את ההסדר. נוסף על המאסר, הוא חויב לפצות את משפחתה ב-258 אלף שקלים.  משפחת וישניאק מסרה כי ניסיונותיו של אלמוג לצאת זכאי בשל נסיבות נפשיות לא צלחו: ""לנצח הוא יישא על מצחו את תווית הרוצח"".  @yaeli_cie  📸: באדיבות המשפחה",458,878,34,https://www.instagram.com/p/Dar-glPjPcl/
18083962793653980,2026-07-12,13:00,Carousel,FEED,"יוליה בת ה-33 יצאה לצלילה חופשית באילת, כשלפתע הרגישה מכה חזקה בצוואר ומשיכה עזה פנימה. קרס דיג משולש שהשליך דייג מהחוף ננעץ בצווארה, בזמן שהוא היה בטוח שתפס דג גדול.  ""תעצור, זו אני"", צעקה יוליה מהמים. בן זוגה חתך את החוט, והשניים מיהרו לבית החולים יוספטל בעיר. בבדיקת CT התברר שהקרס נעצר כחמישה מילימטרים בלבד מכלי דם מרכזיים.  הקרס חולץ בניתוח בהרדמה מלאה, ויוליה שוחררה לביתה במצב טוב. ""הצוות הציל אותי והפך חוויה טראומטית לנס רפואי"", סיפרה.  @kettydor @itsik_z  📸: מרכז רפואי יוספטל",487,5047,212,https://www.instagram.com/p/DasE6X1jKKm/
18080769956450742,2026-07-12,15:58,Reel,REELS,"⁨	⁨	אחרי שצוות CNN טען שהותקף על ידי פורעים יהודים - תיעוד מתוך האירוע התפרסם ברשתות. לפי הודעת המשטרה, כוחות צה""ל קפצו לנקודה ועיכבו ארבעה חשודים במעורבות באירוע. שוטרי תחנת בנימין עצרו את החשודים, גבו עדויות מאנשי התקשורת ומצאו בחיפוש שנערך ברכב אלות, גז פלפל וסכין  צילום: jasper nathaniel / X  ‪@haimgoldich‬⁩",313,2681,908,https://www.instagram.com/reel/DasZOcsAqSz/
18448163527188595,2026-07-12,16:28,Photo,FEED,"הושחתה אנדרטה לזכר חללי צד""ל 👇  אנדרטה לזכר חללי צד""ל הושחתה ודגל לבנון שהוצב בה נעקר.  מתיעוד מצלמות האבטחה עולה כי שני חיילי צה""ל המשרתים בקרבת מקום הגיעו לאתר בימים האחרונים ושברו את דגל לבנון.  המקום נבנה על ידי משרד הביטחון ונחנך בשנת 2021 סמוך ל""מעבר הגדר הטובה"". האנדרטה נועדה להמחיש את הקשר בין ישראל ללבנונים שסייעו לביטחונה לאורך השנים, ושימשה אתר זיכרון עבור אנשי צד""ל המתגוררים בארץ.  האירוע מצטרף להשחתת סמלי דת נוצריים בידי חיילי צה""ל במהלך פעילות הכוחות בלבנון בחודשים האחרונים. תלונה הועברה לגורמים בפיקוד הצפון.  @rubih",536,2835,163,https://www.instagram.com/p/DascrKaFNVX/
17895238893518034,2026-07-12,17:01,Reel,REELS,"""כולם אשמים פה"": הם יודעים מה הם רוצים שיקרה במדינה, אבל עדיין לא החליטו למי יצביעו.  ""6 מנדטים"", פרויקט מיוחד, החל מהערב במהדורת כאן חדשות  @israel.rosner",155,1421,132,https://www.instagram.com/reel/DasgcbGEcYM/
18082220210279963,2026-07-12,17:32,Reel,REELS,הבחירות לא יוקדמו: הקואליציה הודיעה - תאריך הבחירות הרשמי והסופי יהיה 27 באוקטובר 2026  @shahar.glick.news,106,677,60,https://www.instagram.com/reel/DaskArcioDS/
17896632054543927,2026-07-12,19:40,Reel,REELS,"⁨	⁨	""חוויה בלתי נשכחת, גיליתי אותם מחדש"": גלית, המתמודדת עם שיתוק מוחין, הצטרפה לטיול אחרי צבא של ארבעת בניה  #כאןבשלוש ‪‪@yonatan_ohayon‬‬⁩⁩ @elyakir",150,27384,1469,https://www.instagram.com/reel/DasyrDWAYv5/
18087327728402819,2026-07-12,20:55,Carousel,FEED,המומנטום של איזנקוט נמשך - ובאיזה תרחיש התיקו בין הגושים עשוי להישבר? דפדפו כדי לצפות בכל הנתונים מסקר כאן חדשות  @shahar.glick.news  📸: פלאש 90,144,3451,493,https://www.instagram.com/p/Das7RPujnri/
17997650777972387,2026-07-12,21:45,Carousel,FEED,משלחת המומחים של פיקוד העורף ממשיכה לפעול מסביב לשעון בלב אזור האסון בוונצואלה. הנה התמונות מהפעילות החשובה של הצוותים שלנו בשטח  @itayblumental  ‏📸: דובר צה״ל,159,1636,35,https://www.instagram.com/p/DatA-9QAvVY/
18208353676352124,2026-07-12,22:58,Photo,FEED,"⁨	הישג חסר תקדים לכדורסל הנשים בישראל: נבחרת העתודה של ישראל זכתה במדליית הכסף אחרי הפסד בגמר לצרפת 66:79 באליפות שנערכה בליטא.  שר התרבות והספורט מיקי זוהר בירך אותן: ""מדליית כסף באליפות אירופה! נבחרת העתודה של כדורסל הנשים בישראל סיימה את אליפות אירופה בהישג מרשים ומכובד, ברכות לשחקניות, למאמנים ולכל הצוות!""  @yoavborowitz  📷: מתוך רשת X, לפי סעיף 27א'⁩",357,2349,46,https://www.instagram.com/p/DatJXeMDgxD/
18058738220581534,2026-07-12,23:30,Reel,REELS,"⁨	*תמונות קשות לצפייה*  קרס דיג ננעץ בצווארה של יוליה בזמן שצללה: ""הרופא אמר - 'בחרת' את המיקום הכי מסוכן שאפשר"" 👇  יוליה בת ה-33 יצאה לצלילה חופשית באילת, כשלפתע ננעץ בצווארה קרס דיג שהשליך דייג מהחוף. היא צעקה לעברו ""תעצור, זו אני"" - ומיהרה עם בן זוגה לבית החולים בעיר. בבדיקת ה-CT התברר גודל הנס: הקרס נעצר כחמישה מילימטרים בלבד מכלי דם מרכזיים  @ranbinyamini @mazalm_mualem #בנימיניומועלם⁩",393,1432,26,https://www.instagram.com/reel/DatM79kjulx/
18184034302403725,2026-07-13,11:09,Photo,FEED,"בשורה במשחקים האולימפיים בלוס אנג'לס 2028: לראשונה אי פעם, ישתתפו יותר ספורטאיות מספורטאים - 5,655 לעומת 5,543  @yoavborowitz  📸: AP",132,3331,50,https://www.instagram.com/p/DaudAj5jHWr/
17926163517367608,2026-07-13,14:10,Photo,FEED,"תחקיר ה""ניו יורק טיימס"": ראש המוסד לשעבר דדי ברנע נפגש ב-2024 בחשאי עם מחמוד אחמדינג'אד בבודפשט, כחלק ממבצע ישראלי שנועד לגייס את נשיא איראן לשעבר ולקדמו כמנהיג אפשרי ביום שאחרי חמינאי.  על פי הפרסום, המפגשים נערכו בחסות כנסים אקדמיים, וישראל העבירה לאחמדינג'אד כסף למימון מגורים ונסיעות. מקורביו סיפרו כי הוא האמין שיוכל לחולל מהפך שלטוני, להביא להכרה בישראל ואף להצטרף להסכמי אברהם.  בסוף פברואר ניסתה ישראל, לפי הדיווח, לחלץ אותו ממעצר בית בטהראן, אך המבצע השתבש. אחמדינג'אד חזר בו מהתוכנית, עזב את דירת המסתור, ובהמשך נחשף הקשר בינו לבין ישראל בידי מנגנוני המודיעין האיראניים.  @ramelibrandts  צילום: Chaim Goldberg/Flash90, AP Photo/Ebrahim Noroozi",653,1107,45,https://www.instagram.com/p/DauxukjjJC4/
18090579740150812,2026-07-13,16:33,Photo,FEED,"כעת זה רשמי: המעבר הגדול של ענאן חלאילי לאינטר נפל ברגע האחרון 👇  נשיא המועדון, בפה מארוטה, אישר כי כדורגלן הנבחרת לא יצטרף לקבוצה לאחר שלא עבר את הבדיקות הרפואיות.  מוקדם יותר היום דווח באיטליה כי אינטר החליטה לוותר על העסקה, בזמן שתוצאות בדיקות האקו-לב שעבר חלאילי עדיין לא פורסמו. בן ה-21 היה אמור לעבור לאלופת איטליה אחרי שתי עונות מוצלחות באוניון סן-ז'ילואז הבלגית  @yoavborowitz  צילום: AP Photo/Geert Vanden Wijngaert",424,631,38,https://www.instagram.com/p/DavCH6ejBFT/
17907797946268722,2026-07-13,17:07,Photo,FEED,"סכום שיא השווה ליותר ממיליארד שקלים 👇  ממשלת בריטניה הכריזה היום על ההשקעה הכספית גדולה בתולדותיה להגנה על הקהילות היהודיות ולמאבק באנטישמיות - בעלות של כ-250 מיליון לירות שטרלינג (כמיליארד ש""ח)   ההשקעה נועדה להגביר את השיטור בקהילות היהודיות לאחר גל המתקפות האנטישמיות במדינה, והמימון יוביל לעלייה ניכרת בנוכחות משטרתית, בסיורים, בהגנה ובביטחון מחוץ לבתי כנסת ולבתי ספר בקהילה היהודית. התקציב החדש צפוי לספק עוד כ-500 שוטרים ברחבי אנגליה ובוויילס להגברת הנוכחות המשטרתית בשכונות היהודיות, ולהרחיב את היכולות הלאומיות של בריטניה להתמודד עם איומי טרור  שרת האוצר הבריטית, רייצ'ל ריבס, אמרה: ""אין מקום בארצנו לרעל האנטישמיות, ואנחנו עומדים לצד הקהילות היהודיות שלנו. הכסף הזה יוביל ליותר שוטרים ברחובות ולהגנה חזקה יותר באזורים של הקהילה, כדי להבטיח שחבריה זוכים להגנה שהם זקוקים לה כדי לחיות את חייהם בשלום""   @gilicohen10 📸: AP",828,1224,53,https://www.instagram.com/p/DavGAA6Dj3_/
18106409771326609,2026-07-13,19:56,Reel,REELS,"""הרצח שלהם הוא לא שטויות"": שיר מתיאס, שהוריה שחר ושלומי נרצחו בטבח 7 באוקטובר בחולית, מגיבה לשר מיקי זוהר, שכינה בריאיון הבוקר את הוויכוח אם זהו האירוע הקשה בתולדות המדינה ""התעסקות בשטויות""  #כאןבשש @kerenuzan1",210,3389,281,https://www.instagram.com/reel/DavZNbwjSV5/
18330949936285533,2026-07-13,21:55,Photo,FEED,"⁨	עבר סופית בקריאה שניה ושלישית👇  הכנסת אישרה הערב את הצעת חוק יסוד: לימוד תורה בקריאה שנייה ושלישית. 63 חברי כנסת הצביעו בעד החוק, ו-52 התנגדו לו. ראש הממשלה בנימין נתניהו לא השתתף בהצבעה  חברי הכנסת דן אילוז ויולי אדלשטיין, שהודיעו בימים האחרונים על עזיבת מפלגת הליכוד, הצביעו נגד החוק. ראשי מפלגות באופוזיציה, יחד עם חילי טרופר ויועז הנדל, פרסמו הודעה משותפת ובה קראו להצביע נגד החוק. ""קוראים לחברי הכנסת של הקואליציה לנהוג באחריות ולא להצביע בעד פגיעה קשה בצה""ל בזמן מלחמה ובניגוד לאזהרתו הדרמטית של הרמטכ""ל"", כתבו, והוסיפו: ""רשימת הקלון של תומכי חוק ההשתמטות תהיה לנצח לנגד עיניהם של אזרחי ישראל המשרתים והעובדים""  @shahar.glick.news  📸: פלאש 90⁩",651,1192,468,https://www.instagram.com/p/Davm-P5jgOK/
18118584577850365,2026-07-14,08:46,Photo,FEED,"⁨	רימונים, ירי והצתות בהרצליה, עפולה, נתניה, גבעתיים, רמת גן וקריית אונו 👇  בימים האחרונים הושלכו רימונים והוצתו שריפות בסניפי רשת ג׳פניקה, שנמצאת בבעלותו של ברק אברומוב, הבעלים של קבוצת בית״ר ירושלים.   הבוקר נמצאו סימני ירי בסניף הרצליה, ומוקדם יותר היום הושלך רימון לעבר סניף בעפולה. במהלך הלילה פרצה שריפה בסניף בנתניה, כשעל פי החשד הושלך לעברו אמצעי לחימה שנגנב מצה״ל. בליל שבת היה ניסיון הצתה של סניף בגבעתיים שלא צלח, ובראשון בלילה הושלכו מטען חבלה לסניף ברמת גן ורימון רסס לסניף בקריית אונו. בכל האירועים לא היו נפגעים.   על פי החשד, הרקע למתקפה על רשת המזון הוא סכסוך בין ארגון הפשע מוסלי למשפחת ג׳רושי. המשטרה פתחה בחקירה   @hadasgrinberg  📸: Yossi Aloni/Flash90⁩",673,711,48,https://www.instagram.com/p/DawxV2QCPjU/
18035547338819049,2026-07-14,09:03,Reel,REELS,"סתיו פינתה גופות ב-7 באוקטובר. המלחמה שלה התחילה אחר כך  סתיו סילבי סוויסה, נהגת משאית במילואים בפיקוד העורף, נשלחה למשימה שאיש לא הכין אותה אליה. במשך ימים היא פינתה קורבנות מזירות הטבח בדרום, וחזרה הביתה אחרת.  🎧 ""עד הקצה"" עם @kereneubach, הסכת האקטואליה החדש מבית כאן חדשות, זמין באתר וביישומון כאן ובכל יישומוני ההסכתים",323,237,3,https://www.instagram.com/reel/DawzT_RESpr/
17936223585090207,2026-07-14,09:45,Photo,FEED,"⁨	⁨	כוכב המונדיאל הנורווגי ארלינג האלנד חזר הביתה עם מזכרת ייחודית: פוחלץ של דביבון שאוחז בבקבוק ויסקי. האלנד רכש את הדביבון בחנות מקומית בטקסס, ומאז הוא מעלה תמונות שלו לרשתות החברתיות - שכבר זכו לעשרות מיליוני צפיות.   הגולשים לא נשארו אדישים, ופוחלצי הדביבון אזלו מהמדפים בחנות בטקסס. בחנות פועלים לייצור פוחלצים נוספים  (דב גיל-הר) 📸: מתוך רשת X⁩⁩",351,1828,30,https://www.instagram.com/p/Daw0HAICagc/
18101582708137507,2026-07-14,10:01,Photo,FEED,"⁨	שר הביטחון ישראל כ״ץ הגיש בקשה לנשיא המדינה למחיקת הרישום הפלילי של אלאור אזריה.   השר כ״ץ נימק: ״אין זה סביר כי בחלוף עשור, לוחם מצטיין שהורשע בגין עבירה שבוצעה בשירותו המבצעי, ימשיך לשלם מחיר כבד. הדבר מהווה מסר שלילי לבנינו ובנותינו״.   השר אף ציין בבקשתו את טבח 7 באוקטובר: ״מאז האירוע חלפו שנים רבות, שבמהלכן ידעה מדינת ישראל את מתקפת הטרור הרצחנית, שהמחישה את אופייה האכזרי של אידיאולוגיית הטרור הפלסטיני. במקביל, שוחררו בשנים האחרונות מאות מחבלים מבתי הכלא בישראל במסגרת עסקת השבת החטופים״   @itayblumental  📸: אבי דישי, פלאש90⁩",537,1776,349,https://www.instagram.com/p/Daw54gZCaJK/
18430910227132801,2026-07-14,12:35,Photo,FEED,"⁨	טרגדיה בשווייץ: עלאם פארס, בן 32 מהכפר חורפיש, נהרג במהלך טיול בהרי האלפים. מהקהילה הדרוזית בישראל נמסר: ""קיבלנו את הבשורה הקשה בצער עמוק ובכאב גדול. כל חייו עוד היו לפניו""   @itamarvish",188,1432,82,https://www.instagram.com/p/DaxLpqaERUZ/
17985108846010829,2026-07-14,13:36,Photo,FEED,"⁨	משרד התחבורה יצא בהנחיה חריגה לבקרה האווירית בישראל: ""אין לאשר למתדלקים אמריקניים לנחות בנתב""ג"".   מוקדם יותר היום, בארצות הברית הודיעו על הקפאת פינוי המתדלקים מנתב""ג בעקבות ההסלמה מול איראן - צעד שיכול להביא לביטול של 50 אלף כרטיסי טיסה בחודש יולי  @itayblumental  צילום: יונתן זינדל, יוסי אלוני - פלאש90⁩",308,903,115,https://www.instagram.com/p/DaxSkwNkZzW/
18105208697104035,2026-07-14,14:14,Reel,REELS,"⁨	""בחורה מופרעת, אובססיבית ונרקסיסטית. הכתובת הייתה על הקיר"": אימו של בניהו רזי ז""ל, שנרצח בירושלים, מספרת על התלונות על בת הזוג לשעבר שחשודה במעורבות ברצח   ‪@haimgoldich‬⁩",173,8676,599,https://www.instagram.com/reel/DaxW5MeiXHo/
17872613703685760,2026-07-14,16:15,Photo,FEED,"בית המשפט המחוזי בירושלים דחה את ערעורו של טל רוזנבליט, שפרץ לבית בת זוגו לשעבר, גנב את הנייד שלה והפיץ תמונות אינטימיות שלה בקבוצות וואטסאפ. 20 חודשי מאסר נגזרו על רוזנבליט, שערער על גזר הדין בטענה שמדובר בעונש חמור ביחס לפסיקה.   בזמן שהוא המתין להחלטת בית המשפט, רוזנבליט - עבריין מין מורשע - המשיך להגיע ללימודים באוניברסיטה העברית בירושלים. סטודנטיות מחו על נוכחותו בקמפוס, ובאוניברסיטה החליטו שהוא לא יגיע עוד ללימודים - אך יתאפשר לו להשלים את התואר מרחוק.  עם דחיית ערעורו, עונשו של רוזנבליט יישאר כמתוכנן. השופטת חיה זנבדרג אמרה במהלך הדיון: ""המעשים הם מאוד מאוד קשים. מי שעושה את זה מצוי במצב נפשי קשה, אבל לא יכולה להיות הקלה בעונש""  @veredpelman",656,2683,66,https://www.instagram.com/p/Daxk08rEcKa/
18104901362018942,2026-07-14,17:49,Reel,REELS,"חוק הקפאת מעצר העריקים עבר בכנסת ונכנס לספר החוקים: טרם ההצבעה על החוק התבקשו הח״כים החרדים לחשוף אם הוא ישפיע על קרובי משפחותיהם. ש""ס ויהדות התורה הודיעו כי חבריהן נמצאים בניגוד עניינים, אך סירבו לפרט מעבר להצהרות כלליות: ״יש לנו ילדים ונכדים בגיל גיוס - ואנו גאים בהם״  @shahar.glick.news  📸: ערוץ הכנסת",305,2578,433,https://www.instagram.com/reel/DaxviP0DzvH/
17879462418674287,2026-07-14,20:26,Reel,REELS,למרות הדיווחים כי נמצא במעצר בית בשל קשריו עם ישראל: אחמדינג'אד תועד בטקס לזכרו של עלי חמינאי בטהרן @yechez.korn,112,471,8,https://www.instagram.com/reel/DayBi4Tk5Wp/
18092511152375313,2026-07-14,21:11,Reel,REELS,"""הליכוד בדם שלנו"": אחרי עשרות שנים של מח""ל בקלפי, בבחירות הקרובות מוטי משוכנע שיצביע לאיזנקוט... או שלא?",104,2694,323,https://www.instagram.com/reel/DayGmCAglm3/
18017856014908822,2026-07-14,21:30,Photo,FEED,"סלמונלה בטחינה👇  משרד הבריאות מזהיר את הציבור מצריכת מוצרי הטחינה של המותג ""אלגימל"" (הגמל), אחרי שנמצא חיידק סלמונלה במוצר.  במהלך פיקוח שגרתי נמצא החיידק במוצרי הטחינה  ועלה כי הוכנסו לישראל ללא האישורים המתאימים ויוצרו בתנאים שאינם ידועים.  פרטי המוצרים שמשרד הבריאות הנחה לא לצרוך:  - טחינה לבנה משומשום מובחר ביותר, משקל: 1 ק""ג�תאריך ייצור: 03/2026, עדיף להשתמש לפני: 03/2027  - טחינה לבנה משומשום מובחר ביותר, משקל: 500 גרם�תאריך ייצור: 04/2026, עדיף להשתמש לפני: 04/2027  לפרטים נוספים ניתן לפנות למוקד קול הבריאות *5400  📸: לפי סעיף 27 א' @nov_reuveny",558,575,21,https://www.instagram.com/p/DayI2dUHN0o/
17925969174380231,2026-07-14,22:12,Reel,REELS,⁨	לא לקחת ללב: אוהדים שרופים? אתם בסיכון להתקפי לב בתקופת המונדיאל  ‪@nov_reuveny‬⁩,83,731,23,https://www.instagram.com/reel/DayNlKfGbHa/
17900463963497600,2026-07-15,09:44,Photo,FEED,"⁨	נקבע מותו של מיכאל כץ, בן 82, שנפצע באורח אנוש מפגיעת טיל איראני בבניין מגוריו בחיפה ב-5 באפריל 2026, במהלך מבצע ""שאגת הארי""  ״מיכאל, שחולץ מן ההריסות ופונה לבית החולים, נאבק על חייו במשך למעלה משלושה חודשים, והבוקר נפטר מפצעיו. כץ עבד עשרות שנים ברפאל, תרם מפועלו לביטחון המדינה ואף זכה בפרס רפאל על הישגיו. הוא הותיר אחריו את רעייתו נינה, את בניו איתמר ויואב, ושישה נכדים"", מסרה עיריית חיפה  באותה פגיעה קטלנית נהרגו ארבעה מבני משפחת גרשוביץ, שכניו של מיכאל לבניין  ‪@wassermanmichal‬",488,564,27,https://www.instagram.com/p/Dazc7HMjmGS/
17902689621467767,2026-07-15,10:54,Photo,FEED,"חייל בשירות סדיר נידון לחמש שנות מאסר בגין קשר עם סוכן איראני👇  בית הדין הצבאי גזר חמש שנות מאסר על חייל צה""ל בשירות סדיר שהורשע בגין קשר עם גורמים איראנים ובמסירת ידיעה העלולה להיות לתועלת האויב  במהלך שנת 2025 הנאשם קיבל החייל לחשבון הטלגרם שלו הודעות מגורמים שונים, אשר חלקם זוהו עם איראן, הכוללות הצעות עבודה שונות. אחת הפניות, הייתה הודעה מסוכן איראני ששאל את הנאשם אם ירצה להרוויח כסף עבור משימות צילום  בהמשך, שלח הנאשם למפעילו האיראני שני סרטונים בהם נראים יירוטים של טילים, אותם צילם במהלך מבצע ""עם כלביא"" בשטח אזרחי, הוא אף קיבל תשלום תמורת אחד מהם.בנוסף, שלח הנאשם לסוכן החוץ האיראני מספר סרטונים משטחים אזרחיים, בהם סרטון שאיתר החשוד ברשת ובו תיעוד פגיעת טילים איראניים בישראל  הקשר נחשף כשהנאשם חש לחץ ממעשיו, ועדכן גורם ביחידתו כי הוא היה מצוי בקשר עם סוכן חוץ. למחרת, נעצר החייל על ידי שב""כ  במסגרת הטיעונים לעונש, התביעה הצבאית ביקשה לגזור על הנאשם עונש של שבע שנות מאסר בפועל, לצד רכיבי ענישה נוספים, תוך שהדגישה את היבטי החומרה והסיכון הגלומים במעשיו של הנאשם, ואת הצורך בהרתעתו של הנאשם ובהרתעת הרבים. לצד חמש שנות המאסר שנגזרו על הנאשם בפועל, נגזרו עליו גם מאסר נוסף בתנאי, קנס של 1,000 ש""ח והורדה לדרגת טוראי  @itayblumental  📸 (תמונת אילוסטרציה): אייל מרגולין, פלאש 90",1190,792,53,https://www.instagram.com/p/Dazk13cFKNq/
17885156820603102,2026-07-15,13:28,Reel,REELS,"""בת 16 זורמת"": זוהר מלר, מ""מתחת לרדאר"", חשף קבוצת טלגרם עם יותר מ-4,000 חברים ש""מדרגת"" תמונות של נשים - בהן קטינות  ‪‪@maya_rachlin‬‬⁩⁩",135,901,112,https://www.instagram.com/reel/Daz2bIQlSWC/
18104173595111589,2026-07-15,14:36,Reel,REELS,"⁨	⁨	⁨	עידו קוף הטמרין בספארי ברמת גן הוכיח שהוא לגמרי היורש של פול התמנון 🐙 אחרי שבחר בספרד לנצח בחצי גמר המונדיאל הראשון - וצדק! לקראת חצי הגמר השני הלילה בין ארגנטינה ואנגליה, עידו החליט: הפעם זה של ארגנטינה ומסי 🇦🇷  קופי הטמרין החלילי, כמו ששמם מעיד, משמיעים ציוצים ושריקות דמויי נגינת חליל. בטבע הם נמצאים במקום אחד בלבד בעולם - בצפון-מערב קולומביה, שם הם מבלים כמעט כל חייהם על ענפי עצים בליקוט צוף פרחים, חרקים וקצת ביצים. הם חיים במבנה משפחתי ייחודי, שבו זוג טמרינים מתרבה - וקבוצה שלמה של ""דודים ודודות"" מסייעים בניהול המשפחה.   בספארי חיה משפחה אחת: ההורים תמר ועידו, ושלושת ילדיהם תאודור, תור ותרזה. המין נמצא בסכנת הכחדה חמורה, בעיקר בגלל היעלמות בתי הגידול כתוצאה מכריתת יערות. הספארי וארגוני שמירת טבע אחרים משקיעים מאמצים גדולים כדי לשמר בתי גידול טבעיים ואת בעלי החיים שחיים בהם, וביניהם גם הטמרינים.  מה דעתכם, האם התחזית של עידו תתממש הלילה?  @safari_israel  📸: דוברות הספארי⁩⁩⁩",895,1722,28,https://www.instagram.com/reel/Daz-SObjLZO/
17855496030694910,2026-07-15,15:17,Photo,FEED,"⁨	⁨	צה""ל חיסל את חסאם שאפעי, מחבל חמאס שפשט על קיבוץ נירים ב-7 באוקטובר ולקח חלק בחטיפתם של אל""ם אסף חממי ז""ל, סמ""ר תומר אחימס ז""ל וסמל קיריל ברודסקי ז""ל, שנפלו בקרב בקיבוץ.  חיסולו של המחבל מהווה סגירת מעגל חשובה, והתאפשר בזכות איסוף מידע מודיעיני והכוונת התקיפה על ידי מרכז האש של אוגדת עזה. תחת האוגדה לחמו אל""ם חממי כמפקד החטיבה הדרומית וסמ""ר אחימס וסמל ברודסקי כלוחמים בחפ""ק שלו  @itayblumental @carmelamenashe  📷: פלאש90, אתר צה""ל⁩⁩",438,2053,33,https://www.instagram.com/p/Da0DAACCnFm/
17961421377151996,2026-07-15,16:37,Photo,FEED,"⁨	בג""ץ הוציא צו לפיו חוק הקפאת מעצר עריקים לא ייכנס לתוקף, דרעי תקף: ""הם מדרדרים את המדינה למלחמת אחים"" 👇  הצעת החוק להקפאת מעצרי עריקים חרדים עברה מוקדם יותר היום בקריאה שנייה ושלישית בכנסת, כאשר 58 חברי כנסת הצביעו בעדה. על פי הצעת החוק, מעצרם של תלמידי ישיבות שתורתם אומנותם היה אמור להיות מוקפא עד 30 בנובמבר, לאחר הבחירות לכנסת.   כעת הוציא בג""ץ צו על תנאי שעוצר את חוק הקפאת מעצר תלמידי הישיבות העריקים. הצו צפוי להישאר בתוקף עד שתתקבל החלטה אחרת בנושא. על פי נימוקי השופטים, החוק שמקודם בימים אלה סותר את הפסיקה שמדברת על שוויון בנטל, וכן את עמדות גורמי המקצוע לפיהן פעולות שכאלה מעודדות השתמטות משירות צבאי.  בכיר באגודת ישראל מתח ביקורת על יו""ר ש""ס אריה דרעי בעקבות הצו של בג""ץ: ""3 חודשים שהוא מפמפם את החוק בזמן שהוא יודע שאין לו שום סיכוי לעבור בג""ץ - ובזמן הזה יש אין סוף הסתה נגד הציבור החרדי, העיקר שלדרעי יש קמפיין. הכול זה על הכתפיים שלו"".   דרעי תקף בחריפות את הצו: ""המהירות שבה בג""ץ הוציא צו נגד חוק שעבר ברוב בכנסת, ללא כל סמכות, היא ביטוי נוסף לשיכרון הכוח של האקטיביזם השיפוטי. בג""ץ מחליט לדרוס את הדמוקרטיה, להעמיק את הכאוס, ולדרדר את המדינה למלחמת אחים בחוסר אחריות. רוב הציבור בישראל איבד את אמונו בשופטי בג״ץ, אשר הפכו לזרוע פוליטית של מפלגות השמאל""  ‪@daniel.grovais‪@almogtamar‬ar 📷: פלאש90⁩",1218,1229,497,https://www.instagram.com/p/Da0MLKgisKw/
17929663509122029,2026-07-15,17:09,Reel,REELS,"⁨	הוא יפה, ארסי וטורף כמעט כל מה שנקרה בדרכו. כך הפך המצוד אחר הזהרון, ""האויב מס' 1 של הים התיכון"", לסעודה בניצוחו של אייל שני  @ifatglick",138,4882,90,https://www.instagram.com/reel/Da0PrL5k9p3/
17987553284838158,2026-07-15,17:46,Reel,REELS,"⁨	יד האלוהים, מלחמת פוקלנד ונקמה על הדשא: רגע לפני הקרב הגדול הערב, למה ארגנטינה ואנגליה אף פעם לא נפגשות רק למשחק כדורגל?  @yoav.zehavi, שליח כאן חדשות למונדיאל",161,1784,30,https://www.instagram.com/reel/Da0T_ubEZOp/
17961030704966054,2026-07-15,19:34,Photo,FEED,"⁨	חקירת רצח בניהו רזי: שוטרת תנועה נחקרה בחשד לשיבוש מהלכי משפט והפרת אמונים.   לפי הודעת המשטרה, השוטרת היא קרובת משפחתה של אחת מהחשודות בפרשה, והיא נפגשה עם שתיים מהחשודות זמן קצר אחרי הרצח ועודכנה על ידן באירוע. היא חשודה כי ביצעה פעולות ""שהיה בהן כדי לשבש את החקירה בטרם נעצרו חשודים, ולמרות זאת לא דיווחה על כך לגורמי האכיפה כנדרש"".   בתום חקירתה שוחררה השוטרת בתנאים מגבילים, בהם מעצר בית למשך שלושה ימים, הרחקה למשך שמונה ימים ואיסור יצירת קשר עם המעורבים בפרשה.  ביום ראשון נעצרו שישה חשודים במעורבות ברצח רזי, בן 19 מגבעת זאב, שנרצח בשכונת נחלאות בירושלים. העצורים הם חמישה חשודים כבני 18-16, בהן נערות ובגירה שלפי החשד סייעה למעורבים, אך לא הייתה מעורבת ברצח עצמו. נציג המשטרה אמר בדיון הארכת המעצר של החשודה המרכזית כי הרצח תוכנן מראש כנקמה על ידי החשודות, שהיו נתונות לאלימות קשה מצד הנרצח והפצוע.   הבוקר נודע כי אחת מהצעירות החשודות במעורבות ברצח היא שילת חוטה, בת 19 מבאר שבע. בפרשה עצורה גם לינור ששון שהשתחררה לאחרונה מהכלא לאחר ריצוי עונשה בפרשת הונאה וסחיטה באיומים  @veredpelman",998,922,46,https://www.instagram.com/p/Da0gYRnCkty/
17922827715166645,2026-07-15,20:58,Photo,FEED,"⁨	⁨	הממשלה תוכל להתעלם מעמדת היועמ""ש ולהביא ייצוג עצמאי 👇  החוק להגבלת סמכויות היועץ המשפטי לממשלה עבר היום בקריאה שנייה ושלישית בכנסת ברוב של 65 קולות. החוק קובע כי עמדת היועמ""ש לא תהיה מחייבת, והממשלה תוכל להביא במקומו ייצוג עצמאי כשתרצה. בנוסף, הממשלה תוכל לאסור על היועמ""ש להציג את עמדתו.   חברי כנסת מהאופוזיציה יצאו נגד החוק. ח""כ קארין אלהרר מיש עתיד כתבה: ""זהו חוק שכל מהותו היא הרס האיזונים והבלמים והענקת כוח בלתי מוגבל לממשלה. במקום להתמודד עם כישלונותיהם ועם ההחלטות הבלתי חוקיות של הממשלה, הם מחוקקים חוק שנועד להכשיר אותן. המלחמה העיקשת שניהלנו בוועדה לא הסתיימה - כשהממשלה הרעה הזאת תוחלף, החוק הזה יהיה בין הראשונים שנפעל לבטל""  ‪@shahar.glick.news‬  📸: יונתן זינדל, פלאש90⁩⁩",690,542,170,https://www.instagram.com/p/Da0qAQfkTnX/
17979971336874502,2026-07-15,21:11,Photo,FEED,"⁨	משאירים את המשבר מאחור: שר החוץ גדעון סער הודיע על חידוש היחסים הדיפלומטיים בין ישראל לקולומביה לאחר שנותקו לפני יותר משנתיים.   סער נפגש עם שר החוץ המיועד של קולומביה, עומאר בולה אסקובר, והשניים סיכמו על השבת היחסים לאחר השבעת הנשיא הנבחר אבלרדו דה לה אספרייה בעוד מספר שבועות.   היחסים מתחדשים לאחר שהנשיא הקודם גוסטבו פטרו ניתק את היחסים במאי 2024. השגריר הישראלי הוחזר לארץ חודש לאחר מכן ושגרירת קולומביה עזבה את הארץ בחודש יוני לפני שנתיים.   סער ואסקובר סיכמו על החזרת היחסים הדיפלומטיים והכלכליים בין המדינות באופן מלא ומינוי שגרירים באופן מיידי והדדי. כמו כן, סיכמו השרים על ביטול הדדי של הצורך בוויזות בין המדינות.   שר החוץ המיועד של קולומביה אמר שממשלתו מתכוונת לפתוח שגרירות בירושלים. במקביל, משרד החוץ נערך לבחירת שגריר ישראל בבוגוטה והוא צפוי להיבחר כבר בשבוע הבא  @ramelibrandts  📷: שמוליק עלמני⁩",813,3736,90,https://www.instagram.com/p/Da0rhqjnF75/
18118427680881554,2026-07-15,21:36,Reel,REELS,"לפיד מבטיח: אם ניבחר, החרדים לא יקבלו שקל אחד מהמדינה - וכל הכסף שחולק יוחזר   (טלי מורנו)",90,938,276,https://www.instagram.com/reel/Da0uRHBFekZ/
18407559172156232,2026-07-16,00:03,Photo,FEED,"מסי רחוק ניצחון אחד מגביע עולם נוסף: ארגנטינה גברה על אנגליה בתום דרמה ענקית, שמרה בחיים את החלום להגן על הכתר ותפגוש את ספרד בגמר המונדיאל.  הגמר הגדול ייערך ביום ראשון ב-22:00, ויועבר בשידור חי בכאן 11  @yoavborowitz  📸: REUTERS/Carlos Barria",244,2403,38,https://www.instagram.com/p/Da0_KLiDGis/
18070567031401531,2026-07-16,08:02,Reel,REELS,⁨	⁨	⁨	⁨	⁨	⁨	כבר מספר שנים שסעודיה נפתחת למערב - אבל לזה לא ציפינו: איך קרה שקרוז ייעודי לתיירים מהקהילה הגאה מתוכנן לצאת דווקא מהמדינה השמרנית?  ‪@anastasia.stu‬⁩,162,1778,76,https://www.instagram.com/reel/Da114MhjjwH/
18108884032978298,2026-07-16,09:24,Photo,FEED,"ברוב של 52 תומכים מול 43 מתנגדים👇  החוק להפרדה מגדרית בתארים מתקדמים אושרה הלילה בכנסת בקריאה שנייה ושלישית, ברוב של 52 תומכים מול 43 מתנגדים. על פי החוק, מוסדות אקדמיים יוכלו בכפוף לאישור המועצה להשכלה גבוהה לפתוח מסלולי לימוד נפרדים לנשים ולגברים גם בתארים מתקדמים.  יוזמת החוק ח""כית לימור סון הר מלך אמרה לאחר החוק אושר: ""עשינו צעד משמעותי בדרך לתיקון עוול שנמשך שנים. בג""ץ כפה על הציבור תפיסת עולם פרוגרסיבית רדיקלית, ושלל מאלפי נשים וגברים את האפשרות להתקדם לתארים מתקדמים מבלי לוותר על אמונתם ועל אורח חייהם. האקדמיה צריכה להיות פתוחה לכולם, גם למי שמבקשים לשמור על אורח חייהם""   במהלך ההצבעה הניפו חברות כנסת מהאופוזיציה שלטים שעליהם נכתב: ""הפרדה היא הדרה"". חברת הכנסת עדי עזוז מסרה בתגובה: ""הממשלה המיזוגנית ביותר בתולדות ישראל פוגעת במודע בזכויות נשים באופן חסר תקדים"".  @veredpelman 📸:פאלש 90",802,731,321,https://www.instagram.com/p/Da1_Ur6HAww/
17905237875286846,2026-07-16,12:28,Photo,FEED,"טרגדיה בכביש 6💔  ארבל אורי הופמן בת ה-3 ממושב תקומה מתה מפצעיה שלושה ימים לאחר שנפצעה אנושות בתאונת דרכים בכביש 6 בסוף השבוע האחרון.   אמה של ארבל, הילה, שיתפה את הבשורה הכואבת וספדה לה: “האור שלנו כבה. שמש שלנו. בבקשה תשלחי לנו נחמה וכוח מלמעלה. אוהבים אותך עד אחרי הנצח”.   הלווייתה של ארבל תתקיים היום (חמישי) בשעה 17:00 בבית העלמין בתקומה.   @itsik_z",354,1536,105,https://www.instagram.com/p/Da2UZXanE56/
17878275426615770,2026-07-16,13:07,Reel,REELS,⁨	העיניים של המדינה: מצאנו את האנשים הכי טובים באמצע הדרך #סיפור_דרך⁩  (ישראל רוזנר),84,4637,98,https://www.instagram.com/reel/Da2Y5VTlJ8C/
18446679007136374,2026-07-16,13:26,Reel,REELS,"⁨	⁨	דרעי על הרמטכ""ל, שמתנגד לחוק ביטול מעצרי העריקים: ""מנסה לעזור לגוש השמאל""  ‪‪@daniel.grovais‬‬⁩⁩ 📸: באדיבות כיכר השבת",121,709,951,https://www.instagram.com/reel/Da2bFyGDciI/
17982289184861959,2026-07-16,14:00,Reel,REELS,"⁨	זן חדש של קוף התגלה באפריקה. ""ליקוולי"" (או בשמו המדעי ""קולומבוס קונגואנסיס"") נחשב ביישן במיוחד 🐒  ‪@yechez.korn‬⁩ 📸: ברנרד בוננגה, קרן לוקורו לחקר בעלי חיים",158,1122,37,https://www.instagram.com/reel/Da2e-PajoRl/
18444006772138245,2026-07-16,14:51,Reel,REELS,"⁨	בפעם השנייה בתוך שבועיים: פקחי מס הכנסה הגיעו לבני ברק, הותקפו על ידי עשרות חרדים ונזקקו לחילוץ משטרתי מהמקום ‪@daniel.grovais‬  📸: קובי ישראל⁩",145,954,285,https://www.instagram.com/reel/Da2kwrfiujT/
18101023757591043,2026-07-16,15:12,Reel,REELS,"⁨	בני משפחת צורי, שליחי הסוכנות היהודית, שרדו את הפיגוע הרצחני באוסטרליה - וחזרו לארץ לגור בעוטף עזה  ‪@Itsik_zuarets‬⁩",119,885,8,https://www.instagram.com/reel/Da2nKQLlV2W/
18088465535441363,2026-07-16,17:18,Photo,FEED,"ועדת השרים לענייני שב""כ אישרה: נתניהו יקבל אבטחה למשך כל החיים, רעייתו שרה תאובטח עד סוף ימי חייו👇  ועדת השרים לענייני שב""כ אישרה כי בנימין נתניהו, ראש הממשלה, יאובטח עד סוף ימי חייו. רעייתו של ראש הממשלה, שרה נתניהו, תאובטח עד לסוף ימיו של בנימין נתניהו. ילדיהם, יאיר ואבנר נתניהו יאובטחו למשך חמש שנים נוספות  במרץ 2025 פורסם בוועדת הכספים כי הציבור משלם עבור האבטחה של משפחת נתניהו כ-12 מיליון שקלים בשנה. ועלות האבטחה של יאיר נתניהו השוהה בחו""ל, נאמדת בסכום של כ-4 עד 6 מיליוני שקלים בשנה  @shahar.glick.news  📸: אוליבייה פיטוסי, פלאש 90",541,2323,609,https://www.instagram.com/p/Da21koZjqDp/
17936186109296725,2026-07-16,18:30,Reel,REELS,שישה מנדטים חדשים: ארבעה שנתונים - בני 18 עד 22 - יצביעו בבחירות הקרובות בפעם הראשונה  (ישראל רוזנר),100,1665,92,https://www.instagram.com/reel/Da291qNGGSv/
18139000582493596,2026-07-16,20:01,Photo,FEED,"חייו של תינוק בן חצי שנה ניצלו בניתוח חירום - לאחר שהוא בלע סיכת ביטחון עם קמע משפחתי, שהיו תלויים מעל מיטתו. הקמע, שעובר במשפחתו מדור לדור, נועד להגן מפני עין הרע. סיכת הביטחון השתחררה, הקמע נפל - והתינוק הקטן בלע אותו בשלמותו. לאחר שהתגלה כי סיכת הביטחון נבלעה כשהיא פתוחה, הוחלט להעביר את התינוק לניתוח חירום בבית החולים בהדסה.   אימו של התינוק סיפרה: ""פתאום שמעתי קול של חנק, ואז בכי. בעלי הפך אותו בניסיון לעזור לו, ובתוך רגעים הוא התחיל להקיא דם. זה היה רגע מפחיד מאוד, לא ידענו מה לעשות"". ניתוח החירום בהדסה עבר בהצלחה, והתינוק הקטן ניצל. אימו מבקשת להעביר מסר להורים: ""אל תשאירו שום דבר מעל מיטת התינוק. אנחנו עשינו את זה מתוך כוונה טובה, מתוך אמונה שזה שומר עליו. בחיים לא חשבתי שזה עלול לסכן את החיים שלו""  @haimgoldich 📸: דוברות הדסה",744,1106,40,https://www.instagram.com/p/Da3IPPiEbL5/
18127785703640411,2026-07-16,20:48,Reel,REELS,"⁨	""הוא עזב את הבית וניתק קשר"": אם לבן יחיד, שסירבה לחתום על הסכמה לכך שישרת בתפקיד קרבי, גילתה לתדהמתה שהוא עקף את המערכת והתגייס לשריון כ""חייל בודד""  #כאןבשש ‪@kerenuzan1‪@menashecarmela‬la⁩",191,2544,191,https://www.instagram.com/reel/Da3NmC1ghJg/
18216856894329145,2026-07-16,21:35,Reel,REELS,⁨	במונדיאל הקודם הוא עדיין לא נולד: דין בן השלוש הצליח לחזות בדיוק מרשים את התוצאות של חצאי גמר המונדיאל  #כאןבשש ‪@kerenuzan1‬⁩,128,4508,49,https://www.instagram.com/reel/Da3S_c1grKU/
18051432548716829,2026-07-17,09:14,Carousel,FEED,"הבליץ נגמר 👇  הכנסת ה-25 בראשותו של בנימין נתניהו התפזרה אחרי שהשלימה את כהונתה במלואה, לראשונה מזה שנים. רגע לפני היציאה לבחירות, הקואליציה התרכזה במרתון חקיקה מרוכז. אלה כמה מהחוקים העיקריים שהועברו השבוע, ונגעו להמשך הפטור מגיוס לחרדים, הארכת השירות לציבור המשרת, והרפורמות במשפט ובתקשורת שעליהן עמלה הממשלה בארבע השנים האחרונות  📸: פלאש 90 (כל התמונות מהשבוע האחרון בכנסת)",376,6768,935,https://www.instagram.com/p/Da4jBkLjFHB/
18105632152848433,2026-07-17,11:09,Photo,FEED,"האישה פונתה לבית החולים במצב קל 👇  אישה בהיריון נדקרה הבוקר בדירתה שבבת ים ונפצעה באורח קל. בן זוגה, שהתגורר איתה באותה הדירה, נעצר בחשד למעשה. הדיווח על המקרה התקבל אצל המשטרה בשעות הבוקר, ושוטרים שהגיעו לדירה ברחוב דרך בן גוריון מצאו את האישה, בת 44, כשהיא מדממת. היא פונתה לבית החולים לקבלת טיפול רפואי  מתחקור ראשוני שביצעו השוטרים בשטח עולה כי האירוע התרחש בעקבות ויכוח שפרץ בין השניים. בן הזוג דקר את האישה מספר פעמים באמצעות סכין ונמלט מהזירה. לאחר חיפושים החשוד אותר בחולון ונעצר. הבוקר יובא לבית המשפט לדיון בהארכת מעצרו  @anna.pines  📸: דוברות המשטרה",560,667,37,https://www.instagram.com/p/Da4wMMxnQEL/
17957237592168992,2026-07-17,14:24,Photo,FEED,"מכחישה כל מעורבות ברצח 👇  אגם צרפי, בת 19 מירושלים, היא בת זוגו לשעבר של בניהו רזי והחשודה המרכזית במעורבות ברצח שלו בדירת Airbnb בירושלים. כך הותר לפרסום היום. על פי החשד, צרפי וחברתה שילת חוטה ביקשו לשים סוף לאלימות שנקטו נגדיהן בני זוגן, ותכננו את הרצח של שניהם  הן התקשרו לגורם פלילי והראו לו את סימני החבלות. לאחר מכן עזבו את הדירה והגיעו לביתה של לינור ששון בנווה יעקב, משם יצאו השלוש בלוויית קטינים לזירת הרצח, ובמהלך הנסיעה באוטו אמרו הקטינים כי יביאו למותו של בניהו רזי  בהגיעם לדירה אגם ולינור נשארו ברכב, ושילת עלתה עם הקטינים שביצעו את המעשה והציגה לצרפי וללינור את הרצח. בית משפט השלום בירושלים האריך ביום חמישי את מעצרה של צרפי ב-7 ימים נוספים. השופט אריאל ארליך קבע כי יש חיזוק לחשדות נגדה. עורך דינה של צרפי עומרי שטרן, שמייצג אותה מטעם הסנגוריה הציבורית, אמר כי היא מכחישה כל מעורבות במעשה  @veredpelman  📸: צילומי מסך מהרשתות החברתיות",852,882,154,https://www.instagram.com/p/Da5GeUrjUEI/
17923646667379383,2026-07-17,17:12,Carousel,FEED,"⁨	⁨	“העובדים חוו לינץ’ בבני ברק” 👇  מנהל רשות המיסים שי אהרונוביץ הודיע לראש עיריית בני ברק כי יופסק הטיפול בפיצויים לנפגעי המלחמה בעירו - עד לגינוי פומבי של תקיפת פקחי הרשות על ידי תושבים.  במכתב ששלח לראש העיר סיפר כי העובדים הותקפו באלימות אחרי שהגיעו לבית עסק בעיר לשם ביצוע עבודתם. ""העובדים חוו לינץ' על ידי מאות אנשים, וחולצו בסיעתא דשמיא ועל ידי שוטרי משטרת ישראל"", כתב. לדבריו, זו הפעם השנייה בתקופה האחרונה שבה אירוע כזה התרחש, אחרי שגם בשבוע שעבר הותקפו עובדי הרשות וחולצו על ידי המשטרה.  ""לתדהמתי, עיריית בני ברק לא מצאה לנכון לגנות את האלימות בשני המקרים האמורים"", הוסיף, ""ואין לי אלא להסיק כי עובדי רשות המיסים אינם רצויים בעירך. לאור זאת - הוריתי לאנשי קרן הפיצויים לחדול מיידית מטיפול בנזקי המלחמה שאירעו לרכוש של תושבי העיר באירועי מלחמות 'עם כלביא' ו'שאגת הארי' עד להוצאת הודעת גינוי חד משמעית""  ‪@daniel.grovais‬  📷: קובי ישראל⁩⁩",847,4458,287,https://www.instagram.com/p/Da5ZrhWCpLH/
17896177110482612,2026-07-17,22:48,Reel,REELS,"⁨	⁨	""הרגשה של נטישה"": כרם ונפתלי בני ה-18 רק רצו לחגוג את סיום התיכון בחופשה במונטנגרו יחד עם חבריהם - אבל הותקפו באלימות קשה אחרי שסיפרו שהם ישראלים, כאשר השוטרים מהם ביקשו עזרה התעלמו מהם  #גליקותמר ‪@ifatglick‪@almogtamar‬ar⁩",228,11411,746,https://www.instagram.com/reel/Da6AJc4jLZg/
18109479080291682,2026-07-18,10:18,Reel,REELS,״משהו בי לא נותן לי למות״: מינה היא האישה היחידה בעולם שחלתה בסרטן אלים 7 פעמים - והחלימה   @kettydor,101,3706,90,https://www.instagram.com/reel/Da7PE6xCvn1/
18072261227705024,2026-07-18,14:05,Reel,REELS,"⁨	חני נחמיאס עונה לביקורת על כך שהתראיינה בערוץ 14: ״אני לא אדיר את צופי הערוץ הזה, לא תסתמו לי את הפה״  #גליקותמר ‪@almogtamar‬‪@ifatglick‬ck⁩",143,2251,328,https://www.instagram.com/reel/Da7pDf_AslI/
18105973766027348,2026-07-18,15:01,Reel,REELS,⁨	הטרנד החדש שכובש את חטיבות הביניים: בני נוער משקיעים עשרות אלפי דולרים בבורסה  (יותם ווקס)⁩,93,13349,579,https://www.instagram.com/reel/Da7vawgkdNo/
18115439446909805,2026-07-18,15:13,Reel,REELS,"⁨	⁨	האם נתניהו ייעצר כשיגיע לעצרת האו״ם בניו יורק? ראש העיר ממדאני: ״הוא פושע מלחמה, אני בודק את האפשרויות עם המחלקה המשפטית שלנו״   ‪‪@itamar.margalit‬‬  📸: הניו יורק טיימס⁩⁩",175,2079,1160,https://www.instagram.com/reel/Da7w2VxiWww/
17977570758052066,2026-07-18,17:03,Reel,REELS,"⁨	שרפה פרצה בחוות גלעד שבשומרון - התושבים פונו👇  לפי דוברות כבאות והצלה לישראל, בשטח פועלים 27 צוותי כיבוי וחילוץ, בסיוע מסוק חוזי וארבעה מטוסי כיבוי. כמו כן, ישנם כוחות הפועלים קרקעית בחוות גלעד. עד כה נשרפו 13 בתים, מוסך ומחסן עצים  @haimgoldich  📸: כבאות והצלה לישראל⁩",271,1989,322,https://www.instagram.com/reel/Da79dDoklyO/
17994085292996108,2026-07-18,20:34,Carousel,FEED,"⁨	ארה""ב שולחת עשרות מטוסי קרב למזרח התיכון👇  ארה""ב החלה לשלוח עשרות מטוסי קרב נוספים למזרח התיכון בצל המתיחות הגוברת בין ארצות הברית לאיראן. כך פורסם לראשונה ב""מהדורת השבת"" בכאן חדשות  טייסת ממטוסי קרב מסוג F-16 נחתה ביממה האחרונה בירדן ומטוסי קרב נוספים צפויים להגיע בימים הקרובים לבסיסים נוספים במזרח התיכון. גורם אמריקני אמר לכאן חדשות כי מדובר בתגבור של טייסות F-35 ו-F-16, שפריסתן צפויה להסתיים בימים הקרובים לאחר שיושלמו ההכנות הלוגיסטיות  במקביל, הממשל האמריקני עדכן את ישראל על כוונתו לשנות את ""הפריסה האזורית"" ולשלוח עוד מטוסי תדלוק לישראל. זאת בהמשך לדיווח אמש על כוונת הנשיא דונלד טראמפ לשלוח עוד מטוסי תדלוק. מדובר בעשרות מטוסים, שאמורים לתמוך בתקיפות באיראן כשחלקם הגיעו לבסיס עובדה בדרום ביממה האחרונה מקטר ואחרים צפויים להגיע לבסיסים של חיל האוויר בדרום  במסגרת התיאום הביטחוני בין ישראל לארצות הברית, ובעקבות לחץ מצד שרת התחבורה מירי רגב, ייעשו ניסיונות לצמצם הגעה של מטוסי תדלוק לנמל התעופה בן גוריון, מחשש לביטולי טיסות. למרות זאת, גורמי ביטחון ישראלים מבהירים במקרה של הסלמה מול איראן: ""צורכי הביטחון יגברו על שיקולים אחרים״  @itayblumental  📸: AP Photo/Geert Vanden Wijngaert⁩",1096,981,53,https://www.instagram.com/p/Da8VlxNCblF/
18015571403714425,2026-07-19,09:01,Reel,REELS,"למה כדורגל גורם לנו לבכות? ⚽  יהונתן כהן, שישדר הערב את גמר המונדיאל, מספר איך הפך לאוהד כדורגל, ומה הוא מצא ביציע של הפועל ירושלים שגרם לו להרגיש שייך ובטוח.  🎧 ""עד הקצה"" עם @kereneubach, הסכת האקטואליה החדש מבית כאן חדשות, זמין באתר וביישומון כאן ובכל יישומוני ההסכתים  עיצוב AI: @talfraz",290,2261,74,https://www.instagram.com/reel/Da9rAqjjx6S/
18121745509824329,2026-07-19,09:45,Carousel,FEED,"שחקן השדה המבוגר ביותר שזוכה במונדיאל והישג שלא נראה מאז פלה: ההיסטוריה שמסי וארגנטינה יכולים לכתוב הערב  @shalevsegal_  📸: AP, רויטרס",134,5231,147,https://www.instagram.com/p/Da9wHE6ggpl/
18058648421589274,2026-07-19,10:14,Photo,FEED,"""אחרי 21 שנה חוזרים הביתה"": אלפים צפויים להשתתף בצעדה לעבר רצועת עזה, בקריאה ליישובה מחדש, ובהם שרים וחברי כנסת.  לקראת הצעדה, שבה צפויים להשתתף בין היתר בן גביר, סמוטריץ' ורוטמן, צה""ל הכריז על אזורים בנגב המערבי כשטח צבאי סגור מחשש לניסיונות להיכנס לרצועה  @itayblumental  📸: Tsafrir Abayov/Flash90",299,1130,180,https://www.instagram.com/p/Da9zh3flVmx/
18019772240698688,2026-07-19,14:11,Reel,REELS,"ב-2022 חגגו כאן מיליונים את הזכייה במונדיאל: הערב, מול ספרד, בירת ארגנטינה שוב מחזיקה נשימה ומחכה לראות אם הטירוף חוזר לרחובות  @yoav.zehavi, שליח כאן חדשות לבואנוס איירס 📸: רויטרס",180,1949,27,https://www.instagram.com/reel/Da-OKoIikTz/
18110270647767707,2026-07-19,15:21,Photo,FEED,"יירוטים בשמי אילת 👇  צה״ל זיהה שיגורים מאיראן לעיר עקבה שבירדן, ייתכנו זליגות לשטח ישראל. במקביל, תושבי אילת מדווחים על רוחות פיצוצים ועל סימני עשן ויירוטים בשמים   @itsik_z",173,529,6,https://www.instagram.com/p/Da-WYetCgYz/
18058780550756095,2026-07-19,16:15,Photo,FEED,"הסרטון שהוצג לשופט מול גרסת החשודה: שילת חוטה, אחת החשודות במעורבות ברצח בניהו רזי, טענה בבית המשפט כי בן זוגה, חברו של בניהו, הצמיד לה סכין לצוואר וגרם לה כוויה מסיגריה. לפי החשד, חוטה וחברתה ביקשו לנקום בבני זוגן לאחר שנקטו נגדן אלימות.  מנגד, המשטרה טענה כי חוטה ביצעה פעולות אקטיביות בזירה ו""לקחה חלק פעיל באירוע לכל דבר ועניין"". לשופט הוצג סרטון שלטענת החוקרים קושר אותה למעשים, ומעצרה הוארך בארבעה ימים.  @veredpelman  צילום: מתוך הרשתות",443,2783,147,https://www.instagram.com/p/Da-czkIFT-q/
18102106406586305,2026-07-19,17:13,Reel,REELS,"איך אומרים מסי בקופיפית? אחרי שחזה במדויק את הניצחונות של ספרד וארגנטינה על יריבותיהן בחצאי הגמר, עידו קוף הטמרין מהספארי ברמת גן שם את כל הבוטנים על ניצחון לארגנטינה. עכשיו נצטרך לחכות כמה שעות לגמר כדי לראות אם פעם נוספת - הקוף צדק",233,1333,33,https://www.instagram.com/reel/Da-i2KrCaPf/
17909009532260061,2026-07-19,17:43,Reel,REELS,"16 שנה אחרי הזכייה האחרונה: ספרד שוב מרגישה קרובה לגביע העולם. ברחובות מדריד כבר בטוחים - גם מסי וארגנטינה לא יעצרו את החלום על גביע נוסף  דב גיל-הר, שליח כאן חדשות למדריד",171,225,9,https://www.instagram.com/reel/Da-mySrFDqJ/
18114803680909691,2026-07-19,19:30,Reel,REELS,"״התיישבות בעזה כבר בכנסת הקרובה״: בשעה זו מתקיימת ״צעדת האלפים״ בעוטף עזה, לאחר שהושגה הסכמה בין צה״ל למארגנים. שרים וחברי כנסת, ביניהם סמוטריץ׳ וקרעי, הגיעו להשתתף בצעדה. כשנשאל על אפשרות להתיישבות בעזה כבר בכנסת הקרובה ענה סמוטריץ׳: ״תראו כמה אנשים רוצים שנחזור לשבת בעזה, שהיא חלק מארץ ישראל. אני עובד על זה קשה, בעזרת השם״  @itsik_z",336,876,595,https://www.instagram.com/reel/Da-zEJ4jOh2/
17863204674645231,2026-07-19,20:46,Carousel,FEED,"סקר כאן חדשות: טרופר והנדל עוברים לראשונה את אחוז החסימה  מפלגת ""הליכוד"" בראשות ראש הממשלה בנימין נתניהו ומפלגת ""ישר"" בראשות גדי איזנקוט יורדות שתיהן בשני מנדטים השבוע, כך לפי סקר כאן חדשות שפורסם הערב במהדורת כאן חדשות. איזנקוט עדיין מוביל על נתניהו עם 22 מנדט לעומת 21 לליכוד. מפלגת ""ביחד"" בראשות נפתלי בנט נשארת עם 15 מנדטים. גללו למפות המנדטים והגושים המלאות >>>  (שחר גליק, יערה שפירא) 📸: פלאש 90",401,1533,148,https://www.instagram.com/p/Da-724wjAqQ/
18089941094319964,2026-07-19,22:23,Photo,FEED,"⁨	חניכים בצופים התעללו בנער עם צרכים מיוחדים: ""השתינו לו בפה""👇  חניך בצופים בעל צרכים מיוחדים ספג השפלות והתעללות מילולית ופיזית במסגרת ""טקס זובור"" במהלך מחנה הקיץ, כך פורסם במהדורת כאן חדשות  חניכים אחרים במחנה התעללו בנער בעל הצרכים המיוחדים ואף הטילו את מימהם בפיו. כמה ימים לפני כן, במחנה קיץ אחר, כיבו חניכים סיגריות על חניך אחר, שוב כחלק מטקס זובור  מתנועת הצופים נמסר: ""תנועת הצופים מוציאה בשבועות אלה עשרות אלפי חניכים וחניכות לפעילות קיץ. התנועה רואה את האירוע החריג שהתרחש בחומרה רבה ולא תקבל התנהגויות אלימות שחורגות מערכי התנועה. הנושא נמצא בטיפול מעמיק ואנו נוקטים בכל האמצעים העומדים לרשותנו""  עוד נמסר כי בני הנוער שלקחו חלק באירוע הורחקו מיידית מהמחנה והושעו מפעילותם בתנועה. מהתנועה נמסר כי ""בנוסף, עצרנו פעילות למען שיח מקיף וחידוד התנהגות מקובלת וערכים אותה מובילה התנועה""  ‪@liran_kogahinoff‬  📸: תמונת אילוסטרציה⁩",834,1797,212,https://www.instagram.com/p/Da_G8RBjgwJ/
17957593875177516,2026-07-19,22:51,Reel,REELS,⁨	אחרי הפציעה הגיעה אהבה: סרן מתן לוי שנפצע באורח אנוש בעזה התחתן  (איתמר מאירי)⁩,81,9369,184,https://www.instagram.com/reel/Da_KCmUgFmJ/
18102168203133083,2026-07-20,01:02,Photo,FEED,"16 שנה אחרי, ספרד חזרה לפסגת העולם: אלופת אירופה ניצחה 0:1 את ארגנטינה ומסי בהארכה וזכתה במונדיאל בפעם השנייה בתולדותיה. פראן טורס כבש את שער הניצחון בדקה ה-106, מול ארגנטינה שנותרה בעשרה שחקנים  @yoavborowitz  📸: Reuters/Kai Pfaffenbach",237,1300,160,https://www.instagram.com/p/Da_ZFtnlYHR/
18100392734239624,2026-07-20,09:10,Photo,FEED,"⁨	עובדי רשות המסים בעבר ובהווה נעצרו הבוקר בחשד שקיבלו שוחד במסגרת תפקידם, ובתמורה פעלו לאישור החזרי מס כוזבים בהיקף של כ-80 מיליון ש”ח  בהמשך היום צפויים חלק מהחשודים להיות מובאים לבית משפט השלום ברמלה לדיון בבקשת המשטרה להאריך את מעצרם ‪@hadas.grinberg‬ צילום: יוסי זמיר, פלאש 90⁩",282,564,57,https://www.instagram.com/p/DbAQ7DGCnbd/
18102164228180392,2026-07-20,11:38,Carousel,FEED,"⁨	בית המשפט התיר לפרסם את חדרו הפרטי של אלון סויסה, בן 46 ותושב נשר, החשוד בעבירות מין כלפי ילדות ברשת - במטרה להגיע לקורבנות נוספות שעל פי החשד לא זיהו את פניו, אך עשויות לזהות את החדר  במשטרת מחוז צפון מתנהלת חקירה נגד סויסה, שעל פי החשד הגיע לקטינות שהיו חברות בקבוצת ווטסאפ שעסקה במשחק סקוושי. מעצרו של החשוד הוארך בשבוע נוסף  צילום: דוברות המשטרה⁩",352,1997,92,https://www.instagram.com/p/DbAh8tYAotk/
18132741094612515,2026-07-20,14:39,Photo,FEED,"ראש הממשלה תקף את דבריו של הרב לנדו, ממנהיגי הציבור הליטאי, נגד לוחמי צה”ל מהציונות הדתית, ואמר כי הוא “דוחה בתוקף את הדברים המזעזעים”. לדבריו, “לוחמי צה”ל, דתיים, חילונים וחרדים, מסכנים את חייהם כדי להגן על מדינת ישראל, והם ראויים להערכה עמוקה”  בתגובה לדברי נתניהו, במפלגת דגל התורה הגנו על הרב לנדו ומסרו כי “דברי גדולי התורה הם קודש הקודשים של עם ישראל”, והוסיפו כי “מי שאינו חי את עולם התורה ואינו מבין את עומק דבריהם, מוטב שלא ימהר לפרשם, ובוודאי שלא לתוקפם”  הסערה החלה לאחר שפורסם אמש תיעוד שבו נשמע הרב לנדו אומר בשיחה סגורה כי “יש רשעים... וחובשי כיפות סרוגות שלא פחות מהם, אם המדינה שולחת חיילים, לשם כבוד המדינה, והורגים אנשים, גם זה מותר? רצח ממש, אז הם מסיתים לרצח, כך הם עושים”  לאחר פרסום הדברים, טענו תלמידיו של הרב לנדו כי דבריו הוצאו מהקשרם. לדבריהם, הרב לא התייחס לחיילי צה”ל באופן פרטני, אלא קיים דיון עקרוני על יציאה למלחמות שאינן קיומיות, שלשיטתו אינן מוצדקות  צילום: אוליבר פיטוסי, פלאש 90",913,557,146,https://www.instagram.com/p/DbA2f5WCGMc/
18385594990207696,2026-07-20,16:34,Reel,REELS,"⁨	⁨	המנטליסט שימי אטיאס הגיע לאולפן שלנו ביום שישי, כתב את הנבואה שלו לתוצאת גמר המונדיאל והכניס למעטפה סגורה. האם הוא צדק?   #גליקותמר ‪@ifatglick‪@almogtamar‬ar⁩",163,2468,158,https://www.instagram.com/reel/DbBDsoxkv6r/
18111013618766921,2026-07-20,17:43,Photo,FEED,"⁨	שלושה עדיין לכודים 👇  שישה בני אדם נפגעו היום באירוע קריסת מרפסת בירושלים, אחד מהם במצב קשה.  שלושה מהפצועים באירוע חולצו, שלושה נפגעים נוספים עדיין לכודים.    ‪@haimgoldich‬‪@veredpelman‬an⁩ 📸: דוברות איחוד והצלה",215,251,3,https://www.instagram.com/p/DbBLoC1joW1/
17896585887550260,2026-07-20,18:33,Photo,FEED,"⁨	⁨	טרגדיה: גבר בן 80 נהרג מקריסת מרפסת בירושלים 💔  מדובר במרפסת של בית פרטי, שקרסה על מאפייה שנמצאת תחתיו. הקשיש נלכד תחת ההריסות, ולאחר חיפושים ממושכים, הוא חולץ ללא רוח חיים. לצידו נלכדו מספר אנשים שחולצו במצב קל  ‪‪‪@veredpelman‪@haimgoldich‬ch‬ch‬ch  צילום: הערשי פרלמוטר⁩⁩",278,260,15,https://www.instagram.com/p/DbBRWFlEfGp/
18106988609080946,2026-07-20,18:54,Reel,REELS,"⁨	תיעוד קשה: קריסת המרפסת בירושלים - שגרמה למותו של בן 80 שנלכד תחת ההריסות  ‪@haimgoldich‬ 📸: מגן דוד אדום, צוות שערי חסד⁩",123,694,37,https://www.instagram.com/reel/DbBTroJjFKB/
18062140301749216,2026-07-20,19:16,Photo,FEED,"המחבל שפיקד על חטיפתה של ענבר הימן ז""ל  במהלך סוף השבוע, צה""ל חיסל את טאהר אחמד סאלם עבד אלואחד, מחבל מארגון הטרור גא""פ שפשט למסיבת הנובה בטבח ה-7 באוקטובר ופיקד על חטיפתה של ענבר הימן ז""ל. בתקיפה נוספת בהכוונת שב""כ במרכז הרצועה, צה""ל חיסל את צאלח צבחי צאלח קטראוי, מחבל מאותו ארגון. במהלך המלחמה, המחבל ניסה לקדם מתווי טרור נגד כוחות צה""ל במרחב מרכזי חלוקת הסיוע בדרום רצועת עזה. בתקופה האחרונה, מסרו בדובר צה""ל, המחבלים ניסו לקדם מתווי טרור בטווח הזמן המיידי נגד כוחות צה""ל ואזרחי מדינת ישראל  @itayblumental  📸: מטה המשפחות, דובר צה""ל",537,1886,31,https://www.instagram.com/p/DbBWQtVjzPr/
18139741978567654,2026-07-20,21:18,Carousel,FEED,"⁨	התנחלויות בסוריה ולבנון הן רק עניין של זמן? 👇  לפני שבועיים, פעילי ימין זוהו בטעות כמחבלים סורים המתקרבים לגדר, ורק ברגע האחרון התגלתה זהותם, החיסול בוטל ונמנע אסון. זה רק מקרה אחד מיני רבים מחדירות גבול וניסיונות הקמת היאחזויות של פעילים יהודיים בסוריה ובלבנון. בשבועות האחרונים - זו הפכה לתופעה המתרחשת בתדירות כמעט יומיומית >>>  ‪@rubih‪@itayblumental‬al⁩ 📸: דוברות ״חלוצי הבשן״ ו״עורי צפון״",396,1698,512,https://www.instagram.com/p/DbBkPxxiWs6/
18107568986098608,2026-07-20,22:24,Photo,FEED,"⁨	ליאו מסי התייחס לראשונה להפסד של ארגנטינה בגמר המונדיאל: ""הכאב הוא עצום,  וייקח זמן עד שהפצע הזה יגליד. אבל אני גם אאחז בכל הזיכרונות הטובים ובתמיכה של מדינה שלמה. העבודה הקשה של הנבחרת שלנו החזירה אותנו, שוב, להיות בין הטובות בעולם""  @itamar.margalit  📸: AP Photo/Pamela Smith⁩",280,1420,33,https://www.instagram.com/p/DbBr2XJEccv/
18362458333240713,2026-07-21,08:58,Reel,REELS,"⁨	⁨	⁨	⁨	עידן בן דוד, תושב תל אביב ומילואימניק, הותקף על ידי עשרות חרדים שהפגינו ליד ביתה של היועמ""שית - בזמן שטייל עם הכלב שלו ליד ביתו  עידן סיפר על התקיפה בתוכנית ""קלמן וליברמן"" בכאן רשת ב: ""הם חסמו את הרחוב. התחלתי לפלס את דרכי ושמעתי צעקות 'כלב כלב'. הרגשתי פתאום בעיטות. לא הייתה ביני לבינם אינטרקציה. מישהו בעט לי בכלב, ולפני שהצלחתי להבין מה קורה חטפתי מכות מעשרות חרדים. שוטרים חצצו ביני לבינם. זה קרה פשוט כי עברתי שם עם הכלב""  ‪‪‪‪@daniel.grovais‬‬‬‬⁩⁩⁩⁩",464,5760,1220,https://www.instagram.com/reel/DbC0Y-rDJxV/
18096090179227493,2026-07-21,11:37,Photo,FEED,"בארי לויט בן ה-80 הוא ההרוג בקריסת המרפסת בשכונת רחביה שבירושלים אתמול👇   מרפסת של בית פרטי קרסה על מאפייה ברחוב קק""ל בירושלים. חמישה בני אדם נוספים נפצעו קל. לפי מד""א, לויט היה לכוד מתחת להריסות במשך דקות ארוכות כשהוא מחוסר הכרה, ומת מפצעיו זמן לאחר שחולץ  שעות לפני הקריסה, שכנים זיהו שיש שקיעה במרפסת שקרסה. למקום הוזמן איש מקצוע שהמליץ להתקין פיגומים ולהתחיל בעבודות כדי לייצב את המרפסת. אולם, מספר שעות לאחר מכן, ולפני שהעובדה בוצעה - המרפסת קרסה  @veredpelman @haimgoldich",478,436,32,https://www.instagram.com/p/DbDGhedjo4m/
18105360788124349,2026-07-21,13:36,Reel,REELS,⁨	⁨	הבורקס שכבש את ניו יורק: האמריקנים מעדיפים תרד-ארטישוק או גבינה?  ‪@nathanguttman‬⁩,87,3569,61,https://www.instagram.com/reel/DbDUIe-kow0/
18120743386830669,2026-07-21,15:36,Photo,FEED,"״שמח על חיסולו, אבל הגיע הזמן לסגור חשבון גם איתנו״ 👇  צה״ל הודיע מוקדם יותר היום על חיסולו של  המחבל אדהם אבראהים שעבאן נסמאן, ראש מחלקת המבצעים של חטיבת העיר עזה בארגון הטרור חמאס. בין השאר, היה אחראי נסמאן על הכוונת הפשיטה על ישראל בשבעה באוקטובר, ופיקוד עליה מתוך העיר עזה, ובהמשך החזיק בחטופים רבים בשבי, ביניהם רומי גונן, אמילי דמארי, זיו וגלי ברמן, איתן מור, מתן אנגרסט ועמרי מירן.   אשתו של מירן, לישי, צייצה בחשבון ה-X שלה מסר שביקש עמרי להעביר:   ״שמחה גדולה עם פרסום הידיעה על חיסולו של אחת המפלצות הגדולות ביותר שהחזיקו בי בשבי בעזה. תודה לכל העוסקים במלאכה לילות כימים כדי לסגור את החשבון.  אבל חשוב לי להעביר היום מסר: מקבלי ההחלטות שלנו לא יכולים לעסוק רק בסגירת החשבונות מול החמאס, הגיע הזמן לסגור חשבון גם איתנו. הדרך לשם עוברת בלקיחת אחריות מלאה - גם על מה שקרה לנו ולא פחות חשוב: השיקום שלנו ושל משפחותינו״  @itsik_z @itayblumental  📸: פלאש 90, דו״צ",868,3642,92,https://www.instagram.com/p/DbDh5JwCZf0/
18135089314595356,2026-07-21,17:05,Reel,REELS,"״״תומכי פלסטין ואיראן הם אלופי העולם״: כלי תקשורת איראניים פרסמו תיעוד של כטב״מ שאיראן שיגרה לבסיסים האמריקניים במדינות המפרץ, שעליו תמונתו של כוכב נבחרת ספרד לאמין ימאל מניף את הדגל הפלסטיני  @roikais @omershahar10",215,944,80,https://www.instagram.com/reel/DbDrviyC9rJ/
18093706469367080,2026-07-21,18:10,Reel,REELS,"⁨	הגיעה למחות נגד קק""ל, וסיימה על הרצפה בעימות עם שוטרים: ראש מועצת ירוחם נילי אהרון הגיעה עם מגפון למשרדי מועצת עומר, בזמן פגישה של ראש המועצה עם יו""ר קק""ל. לפי מועצת ירוחם, היא פונתה לאחר האירוע לבית החולים סורוקה  המשטרה מסרה כי הוזעקה בעקבות דיווח על הפרת סדר, וכי אהרון סירבה להתלוות לשוטרים והוזהרה שתיעצר. בהמשך, לפי המשטרה, היא התנצלה וראש מועצת עומר חזר בו מבקשתו להגיש תלונה  @itsik_z",394,1481,254,https://www.instagram.com/reel/DbDzeFkj1v7/
17893433325592545,2026-07-21,20:38,Photo,FEED,"⁨	""אל תחצו קווים אדומים, אל תהפכו יריבים - לאויבים"" 👇  נשיא המדינה הרצוג בהצהרה לקראת מערכת הבחירות: ""ראש שב""כ ויו""ר ועדת הבחירות הציגו לי איומים שונים על טוהר הבחירות, מבית - ומבחוץ. אני קורא לכל רשויות החוק לעמוד בנחרצות וביעילות כנגד איומים אלו. בעידן הרשתות החברתיות הסכנות גדולות. על כולנו להיות זהירים ואחראיים בתוכן שאנחנו צורכים ומפיצים"".   ""אין זה סוד שאנו נמצאים בתקופת מחלוקת"", הוסיף. ""בימים האחרונים ראינו תופעות של אלימות מסוכנת שמרימה את ראשה. אני קורא לנבחרי הציבור, לפעילים ולמתמודדים מכלל המפלגות - אל תחצו קווים אדומים, אל תהפכו יריבים לאויבים. בחירות אינן מלחמת אזרחים"".  ""ערב תשעה באב, נזכור ונזכיר את הלקח ההיסטורי: שנאת חינם החריבה את ביתנו. אסור לנו לחזור על טעויות העבר. יש לנו אחריות היסטורית כלפי הדורות שקדמו לנו ועבור הדורות הבאים"", חתם הנשיא את דבריו  📷: פלאש90⁩",791,1163,152,https://www.instagram.com/p/DbEEd60joPp/
17855946198696138,2026-07-21,22:10,Photo,FEED,"⁨	בצרפת מנסים להחזיר את הגלגל לאחור?   בתי הפרלמנט בצרפת אישרו הצעת חוק שאוסרת על בני פחות מ-15 במדינה להשתמש ברשתות החברתיות ולהחזיק בחשבונות וירטואליים. בכך הפכה צרפת למדינה הראשונה באיחוד האירופי שמאשרת איסור שכזה.   נשיא צרפת מקרון ציין כי החוק ייכנס לתוקף כבר בתחילת שנת הלימודים הקרובה, והוסיף כי חובה לנקוט בצעדים על מנת להגן על הילדים ברשת.  מה דעתכם?  @itamar.margalit  📷: AP, GEMINI⁩",393,657,29,https://www.instagram.com/p/DbEO-l_CpOW/
17963079903130978,2026-07-22,08:22,Reel,REELS,"⁨	לוחמי מג""ב איתרו חמור כפות בתא מטען של רכב במעבר המנהרות בירושלים. הנהג החשוד, בן 28 מתושב ביתר עילית, טען שהחמור ""לא חש בטוב"", וכי הוא התכוון להעביר אותו לחווה. החמור הועבר לעמותת צער בעלי חיים   ‪@veredpelman‪@haimgoldich‬ch 📸: דוברות המשטרה⁩",246,2742,659,https://www.instagram.com/reel/DbFVBQhiYa8/
18086306264383850,2026-07-22,08:59,Reel,REELS,"⁨	""צריך אותנו עכשיו"": עוד ועוד נערות דתיות עושות הכול כדי להתגייס לקרבי   ‪@nofarji‬⁩",85,3885,113,https://www.instagram.com/reel/DbFZPk2EqAV/
18100934153605277,2026-07-22,10:00,Reel,REELS,"⁨	""אם לא יהיה פה משהו טוב יותר ממה שהיה קודם, אז למוות שלו באמת אין שום משמעות""  ליאת אצילי, ששרדה את השבי ואיבדה את בעלה אביב ב-7 באוקטובר, מנסה לבנות מחדש את חייה, וגם את ניר עוז  🎧 ""עד הקצה"" עם ‪@kereneubach‬, הסכת האקטואליה החדש מבית כאן חדשות, זמין באתר וביישומון כאן ובכל יישומוני ההסכתים⁩",295,1308,36,https://www.instagram.com/reel/DbFgQWkiV05/
18109340333051146,2026-07-22,12:02,Photo,FEED,"חברת מאנדיי הישראלית הודיעה כי כ-20% מעובדיה - בהם מאות ישראלים - יפוטרו בעקבות המעבר לעבודה מבוססת AI. בסך הכול, כ-620 עובדים ייפרדו מהחברה, מתוכם כ-350 עובדים ישראלים   @ittaishick 📸: monday.com",196,648,42,https://www.instagram.com/p/DbFuLxBkdOO/
17943369219053522,2026-07-22,12:30,Carousel,FEED,"בזמן ש”האודיסאה” ממלאת את בתי הקולנוע, חזרנו אל הסרטים שבנו את המיתוס של כריסטופר נולאן. “אינסומניה” נשארה בחוץ, “אופנהיימר” בפנים, ורק יצירה אחת הגיעה לפסגה. זה הדירוג שלנו, ואנחנו כבר יודעים שלא כולם יסכימו איתו. ספרו לנו מה הייתם משנים  @alon_fruchter  📸: אולפני האחים וורנר, סרטי ליונסגייט, סרטי יוניברסל, Business Wire, Matt Sayles/Invision/AP",348,2686,94,https://www.instagram.com/p/DbFxb73ghUW/
18092333051624679,2026-07-22,13:56,Reel,REELS,המנטליסט אביב דורה הצליח להדהים אפילו את איילה עם ניבוי מדויק של גמר המונדיאל   (אילה חסון),91,515,42,https://www.instagram.com/reel/DbF7LydCNL2/
17897320368551402,2026-07-22,16:24,Photo,FEED,"""ממליצים להישאר ערניים"" 👇  שגרירות ארצות הברית בישראל הזהירה אזרחים אמריקנים במדינה מאלימות של קבוצות פשע יריבות - ""בדגש על תל אביב, יפו והרצליה"".   ""אנו עוקבים אחר דיווחים על אלימות גוברת המקושרת לארגוני פשע ישראלים"", נכתב בהודעת השגרירות לאזרחים האמריקנים, שהתבקשו להיזהר במיוחד באזורים מסחריים בערים המצוינות בשעות הערב והלילה.  בנוסף הומלץ לאזרחים האמריקנים להימנע מהגעה לאזורים עם פעילות משטרתית מוגברת ולעקוב אחר ההנחיות מהרשויות המקומיות.  בשבועות האחרונים חלה הסלמה בסכסוך בין משפחות הפשע מוסלי וג'רושי. במסגרת ההסלמה נרשם גל של אירועי אלימות, בהם גם האירועים ברשת המסעדות ג'פניקה, שבבעלותו של בעלי בית""ר ירושלים ברק אברמוב  (ישי בר יוסף) 📷: פלאש90",656,596,92,https://www.instagram.com/p/DbGMQpgijUs/
17934905172336849,2026-07-22,17:37,Photo,FEED,"העיתונאי וחתן פרס ישראל לתקשורת חיים יבין הלך לעולמו והוא בן 93 במותו. יבין, ממקימי הטלוויזיה הישראלית ומגיש ""מבט לחדשות"" המיתולוגית, הניח אישה ושלושה ילדים.  יבין נולד בגרמניה ב-1932 בשם היינץ קלוגר. כשהיה בן שנה עלה עם משפחתו לישראל. הוא גדל בקריית בנימין, שלימים אוחדה עם קריית אתא. ב-1956, כשהיה סטודנט לספרות באוניברסיטה העברית, החל לעבוד כמגיש חדשות ותוכנית בידור בקול ישראל. ב-1962 פתח את שידורי תחנת הגל הקל, לימים רשת ב, ערך והפיק משדרים שונים.  במקביל, היה יבין היה בצוות ההקמה של הטלוויזיה הישראלית וב-1968 הגיש את מהדורת ""מבט"" הראשונה שעסקה בין השאר בחטיפת מטוס ""אל על"" לאלג'יר. הוא היה למגיש המרכזי של מבט במשך כמעט ארבעה עשורים. לאורך השנים הגיש יבין תוכניות נוספות בערוץ הראשון, ערך את מהדורת החדשות ותוכנית התחקירים ""מבט שני"", שימש מנהל מחלקת החדשות בטלוויזיה, מנהל הטלוויזיה הישראלית ועוד.  אחד המשדרים המזוהים ביותר עם יבין היה משדרת הבחירות לכנסת ב-1977, אז טבע את המונח ""מהפך"". ""אנחנו מנסים בפעם הראשונה בהיסטוריה את המדגם"", סיפר בראיון לדן מרגלית ב-2015. ""כולם ידעו שהמערך יקבל מכה, אבל לא כזאת. חנוך סמית' אמר לי 'שמע, בגין הולך להיות ראש הממשלה'. אני חיוור כמו סיד. אני זורק את הטקסטים לפח ואז אמרתי ""אי אפשר לומר על בגין שהוא תופס את השלטון 'מהפכה', אז שלפתי את המילה מהפך"".  בשנת 1997 הוענק ליבין פרס ישראל בתחום התקשורת והוא עזב לתקופה קצרה את הערוץ הראשון ועבר לערוץ 2. בספטמבר 1998 חזר יבין אל ""מבט"" והגיש אותה עד 2008. בשנת 2005 ביים יבין את הסדרה התיעודית ""ארץ המתנחלים"" בערוץ 2, שעסקה בנעשה אותה עת ביהודה ושומרון. הסדרה גררה ביקורת כלפי יבין שלפיה הכפיש את שמם של המתנחלים. יבין טען מנגד שאינו חייב לשמור על איזון בתוכנית תיעודית, אולם זכיינית ערוץ 2 ""טלעד"" נכנעה לביקורת והוסיפה דיון באולפן בתום כל פרק.  בשנת 2016, יבין עורר סערה כשהתבטא בריאיון ל""ידיעות אחרונות"" בעניין הטרדות מיניות. ""פעם הייתה אווירה הרבה יותר חופשית. אם היית אומר משהו, או טופח או מחבק או אפילו מנשק – זה היה דבר חצי לגיטימי"", אמר אז. ""היום כולנו מואשמים בהטרדה. אבל אהבתי יותר את התגובות של הנשים אז. אם היית צובט מישהי בתחת היא הייתה מורידה לך סטירה"". בעקבות הריאיון טענו כמה נשים שעבדו בעבר עם יבין כי הטריד אותן מינית. יבין הכחיש את הטענות.  דורית אסרף מזרחי 📸: יוסי זמיר",2080,1890,90,https://www.instagram.com/p/DbGUkjHDhfP/
17892773727572226,2026-07-22,18:21,Photo,FEED,"⁨	באופן חריג: המשטרה מבקשת את עזרת הציבור באיתור אביאור ששון, בן 17 מירושלים, שחשוד במעורבות ברצח בניהו רזי בשכונת נחלאות בעיר. החשוד הוא בנה של לינור ששון, שעצורה בחשד למעורבות בפרשה ושיבוש החקירה.  על פי המשטרה, החשוד נצפה נמלט מזירת הרצח כשהוא לבוש בחולצה לבנה ומכנסיים שחורים. גובהו 1.70 מטר, עיניו כהות ושיערו קצר ושחור.  ""משטרת ישראל מבהירה כי כל סיוע לחשוד מהווה עבירה של 'סיוע לאחר מעשה', שהעונש בגינה הוא עד שלוש שנות מאסר"", נמסר מהמשטרה. ""כל היודע פרטים על מקום הימצאו או כל פרט אחר שעשוי לאפשר למשטרה לאתר את החשוד מתבקש לדווח למוקד 100 של המשטרה""  @veredpelman @haimgoldich  📷: משטרת ישראל⁩",602,2146,141,https://www.instagram.com/p/DbGZjyOij1c/
18144451579527312,2026-07-22,19:41,Reel,REELS,"⁨	""אנחנו הרבה יותר מאוחדים ממה שנדמה"" 👇  ערב ט' באב, פרסם רה""מ נתניהו הצהרה: ""אני יודע שבתקופת הבחירות יהיו ויכוחים שיקשו עלינו לראות את זה, אבל אנחנו הרבה יותר מאוחדים משנדמה. אני מתכוון להעמיק את האחדות בתוכנו, לכן אפעל להקים ממשלה לאומית רחבה""  @shapirayaara @gilicohen10  📷: רועי אברהם, ניר שרף / לע""מ⁩",306,739,1306,https://www.instagram.com/reel/DbGir4hDw-z/
18086872358634832,2026-07-22,22:04,Reel,REELS,⁨	חזרנו למי שטוענים שפגשו חייזרים בישראל כדי לברר מדוע הם מצאו - ולמה מאז הם לא שבים?   אלון שרביט,98,8270,501,https://www.instagram.com/reel/DbGzDiqAcEe/
18085675811534424,2026-07-23,10:04,Reel,REELS,"⁨	⁨	⁨	דני ביקש מחבורת נערים לרדת מהאוטובוס לאחר שהתפרעו, ובתגובה הם דקרו אותו 7 פעמים  ‪‪@ifatglick‬‬⁩⁩",103,8645,558,https://www.instagram.com/reel/DbIFdIDj1td/
18421477459177458,2026-07-23,12:57,Photo,FEED,"ישראלי בן 51 נפצע באורח קשה מדקירה ביהודה ושומרון, שני מחבלים נוטרלו👇  קודם לכן, שרפה פרצה בחוות ""דרך אברהם"" שסמוכה לאלון מורה שבשומרון, וצוותי כיבוי הוזעקו למקום. ישראלים הגיעו לעזור בכיבוי השרפה, והדקירה התרחשה לאחר עימותים שפרצו בין ישראלים לפלסטינים. מצה""ל נמסר כי נסיבות השרפה שהוצתה במרחב בבדיקה  @haimgoldich  📸: נדב גולדשטיין/TPS",337,621,19,https://www.instagram.com/p/DbIZUb6IOGh/
18038653016811116,2026-07-23,13:40,Photo,FEED,"שרפה פרצה סמוך לחוות ""דרך אברהם"" שליד היישוב אלון מורה שבשומרון, לאחר מכן ישראלי בן 51 שהגיע לעזור בכיבוי השרפה נדקר על ידי שני פלסטינים ונפצע באורח קשה👇  שני המחבלים נוטרלו על ידי אזרח ישראלי ששהה במקום. בצה""ל בודקים את נסיבות השריפה שפרצה במרחב. עוד נמסר מצה""ל כי מסוק הוקפץ לפנות את הפצוע, וכי צה""ל הטיל כתר על הכפר בית פוריק  @haimgoldich  📸: נדב גולדשטיין/TPS",364,554,53,https://www.instagram.com/p/DbIeP1YHb3e/
18124745767739423,2026-07-23,14:56,Carousel,FEED,"חיו בהזנחה, בלי מים ואוכל 💔  22 בעלי חיים מסוגים שונים חולצו מבית בקריית אתא. כלבים, חתולים, אוגרים, ארנבנים, ברווזונים ותוכי הוחזקו בבית בתנאי הזנחה קשים, ללא מים זמינים, עם מזון עבש ובכלובים מזוהמים וצפופים. חלק מבעלי החיים נאלצו לאכול זבל כדי לשרוד. פקחי משרד החקלאות ווטרינרים, שהגיעו לדירה בעקבות דיווח של אזרחים מודאגים,  דיווחו על ריח שתן קשה, הפרשות על הרצפה ופסולת ברחבי הבית.   בעלי החיים הועברו למתקן מוגן של משרד החקלאות, שם הם מקבלים טיפול רפואי ושיקום. בהמשך יימצאו להם בתים מאמצים   @wassermanmichal 📸: משרד החקלאות וביטחון המזון",544,3072,280,https://www.instagram.com/p/DbIm9egkVra/
18179676694412212,2026-07-23,15:14,Photo,FEED,"חשש מירי איראני: רמת גן, אילת וכרמיאל החליטו לפתוח את המקלטים הציבוריים👇  בעיריית רמת גן הבהירו כי ""בשלב זה אין כל שינוי בהנחיות, ופתיחת המקלטים מתבצעת כמשנה בטיחות וזהירות"", נכתב בהודעת העירייה. כמו כן, המליצה לוועדי הבתים ""לנקוט משנה זהירות גם בתחום אחריותם ולהכין את המקלטים המשותפים לעת הצורך. גורמי העירייה, בהובלת ראש העיר, עומדים בקשר רציף עם פיקוד העורף""  הודעה מטעם עיריית אילת נמסר: ""על רקע המצב הביטחוני ולמרות שאין כל שינוי במדיניות ההתגוננות של פיקוד העורף, הנחה השבוע, ראש העירייה, אלי לנקרי לפתוח את המקלטים הציבוריים""  בהודעת עיריית כרמיאל נכתב: ""כחלק מהיערכות העירייה ובהנחיית ראש העיר, משה קונינסקי, כלל המקלטים הציבוריים ברחבי העיר נפתחו כבר לפני כיומיים, והעירייה ממשיכה לעקוב באופן שוטף אחר ההתפתחויות ולעמוד בקשר רציף עם כלל גורמי הביטחון והחירום"". בהודעה העירייה ציינה כי מדובר ב""רענון הנחיות שגרתי בלבד - ולא בעקבות אירוע חריג או מידע נקודתי""  בתוך כך, ארצות הברית השלימה לפנות בוקר סבב תקיפות נוסף באיראן, זה הלילה ה-12 ברציפות מאז חידוש הלחימה. בתוך כך, שר החוץ של ארצות הברית מרקו רוביו אמר לעיתונאים היום כי ""על אף שאיראן פונה לארצות הברית באופן ישיר ועקיף מדי יום ומבקשת לקיים שיחות, המשטר בטהראן מוכיח שוב ושוב כי אינו רציני ואינו נכון לעמוד בהסכמים שחתם עליהם""  שר החוץ האמריקני הבהיר כי טראמפ לא רואה טעם בלהשיב לפניותיה של טהראן כל עוד אינה מוכנה לעסקה מחייבת, וכי ""בכל לילה המחיר שאיראן תשלם ילך ויעלה""  @anna.pines @itsik_z @wassermanmichal  📸: AP Photo/Tsafrir Abayov",1403,906,58,https://www.instagram.com/p/DbIo-zOgEZf/
18135028267591592,2026-07-23,15:25,Reel,REELS,"המשאית התרוממה באוויר: מנוף התהפך במהלך עבודות ופגע בבית פרטי בקיסריה👇  מדוברות כבאות והצלה לישראל נמסר כי במהלך עבודות שנעשו בסמוך לבית פרטי בקיסריה, קרסה רגל הייצוב של המנוף וכתוצאה מכך התהפך המנוף על צידו. עקב כך הוא נשען על מרפסת בית פרטי וגרם נזק למבנה. לא היו נפגעים באירוע  @wassermanmichal  📸: כבאות והצלה לישראל",320,740,24,https://www.instagram.com/reel/DbIqKydjYAF/
18343579144217730,2026-07-23,16:01,Photo,FEED,"איתמר כהן, בן 51, הבעלים של ""חוות איתמר"", הוא הגבר שנפצע קשה בפיגוע הדקירה. אשתו שקמה מעדכנת: ""ראיתי עכשיו את איתמר, ברוך השם הוא בסדר ובהכרה. הוא כאוב מאוד ובעיקר עצוב. אנחנו מבקשים שבזמן התפילות על קרעי הגוף, תקרעו את השמיים על איחוי הקרעים בעם ישראל"".  מצבו של איתמר התייצב בבית החולים, וכעת, כאמור, הוא נמצא בהכרה  @haimgoldich",331,2016,91,https://www.instagram.com/p/DbIubG_kYwt/
18359158684209064,2026-07-23,16:16,Photo,FEED,"שלושה חודשים עברו מאז שנרצח: משפחתו של ימנו זלקה הגיעה לבית הנשיא ופגשה את הנשיא הרצוג ורעייתו👇  הנשיא הרצוג אמר: ""חברה מתפוררת בגלל שנאה ואלימות. ימנו, בן של עם ישראל, נרצח על ידי חבורת פושעים כשניסה להשלים את מלאכתו בערב יום העצמאות. אנו מביעים סולידריות וכאב עמוק, וקוראים לחברה הישראלית כולה להוקיע את האלימות הנוראה הזו ולא להתפשר""  @yaeli_cie  📸: אלכסנדר קולומויסקי",371,4210,64,https://www.instagram.com/p/DbIwFPRDo2L/
17951205075227218,2026-07-23,16:44,Photo,FEED,"המשטרה עורכת חיפושים נרחבים אחר יובל כוגן בן ה-4, שנעדר באזור חוף חופית באשקלון. השוטרים מחפשים בים, באוויר וביבשה, בתקווה למצוא את יובל הקטן, שנראה לאחרונה הבוקר בחוף  @itsik_z 📸: דוברות המשטרה",194,590,43,https://www.instagram.com/p/DbIzWPUERSk/
18140381422515150,2026-07-23,17:01,Reel,REELS,⁨	⁨	בגלל מהפכת הבינה המלאכותית: גל פיטורים בהייטק הישראלי   ‪‪@ittaishick‬‬⁩⁩,77,3769,263,https://www.instagram.com/reel/DbI1MHUiUOg/
18005267489950028,2026-07-23,18:01,Reel,REELS,"⁨	⁨	חיים יבין ז""ל הפך ל""מר טלוויזיה"" ממש במקרה: ""לבשתי את הז'קט מהחתונה למהדורה הראשונה""  ‪‪@hermanit‬‬⁩⁩",105,397,4,https://www.instagram.com/reel/DbI8EMLFDrg/
18161195062463670,2026-07-23,18:38,Photo,FEED,"⁨	⁨	רצח 24 אנשים - ומת בשיבה טובה 👇  המחבל היפני קוזו אוקומוטו, שעומד מאחורי הטבח בנמל התעופה בלוד ב-1972, מת בגיל 78. אוקומוטו ושני מחבלים נוספים מהארגון ""הצבא האדום היפני"", רצחו 24 אנשים בפיגוע ופצעו 71 נוספים. אחד הנרצחים בפיגוע היה פרופ' אהרן קציר, מדען ואחיו של הנשיא אפרים קציר.   אוקומוטו נידון לשלושה מאסרי עולם, אך שוחרר בעסקת גי'בריל אחרי 13 שנות מאסר בלבד בכלא הישראלי. במהלך משפטו, משפחתו התנצלה על מעשיו - ואף ביקשה מראש הממשלה גולדה מאיר שיוטל עליו עונש מוות. עם שחרורו הוא גורש ליפן, שם עמד לדין וגורש מהמדינה. הוא קיבל מקלט מדיני בלבנון, שם התגורר לאורך השנים. בריאיון לעיתון יפני ב-2003, הוא הבהיר כי אינו מתחרט על הפיגוע הרצחני: ""לא הייתה לי ברירה, יריתי למען המאבק""  ‪‪@yuvalynbar‬‬ 📸: Max Nash, Hassan Ammar/AP⁩⁩",732,2225,108,https://www.instagram.com/p/DbJAW1JkQPG/
18110035445082006,2026-07-23,19:30,Carousel,FEED,סערה אופנתית בטורקיה: מושל מחוז רכב על אופניו עם טייץ צמוד - ארדואן לא אהב את זה >>>   📸: Haberlercom @roikais @omershahar10,124,1827,76,https://www.instagram.com/p/DbJGR5MAcXp/
18085750628178585,2026-07-23,19:50,Photo,FEED,"מילואימניק השתתף בקמפיין הבחירות של סמוטריץ' בסרטון, שלטענתו, צולם בעזה. במהלך הסרטון איש המילואים הכריז: ""אנחנו מכינים כאן את השטח להתיישבות. בשביל המילואימניקים, בשביל הביטחון, בשביל הניצחון. כן סמוטריץ'!"".   דובר צה""ל מסר בתגובה: ""התנהגות החייל עומדת בניגוד מוחלט לפקודות צה""ל. האירוע מצוי בטיפול ומשרת המילואים יישפט בהקדם""  @roysharon11",341,672,148,https://www.instagram.com/p/DbJIjogEQHe/
17858607972677767,2026-07-23,23:40,Photo,FEED,"מתיחות שיא במזרח התיכון 👇  גורמים בישראל אומרים כי אם נשיא ארצות הברית דונלד טראמפ יאפשר לישראל לתקוף באיראן, היא מוכנה לעשות כן - כך פורסם הערב (חמישי) במהדורת כאן חדשות.   לדברי הגורמים, בישראל מעוניינים ב""אור ירוק"" לתקיפת מטרות שנותרו בבנק המטרות של חיל האוויר וטרם הותקפו, כמו מטרות אנרגיה. תקיפות כאלה צפויות להביא לירי מאיראן לעבר שטח הארץ  בישראל מחכים להחלטתו של טראמפ בנוגע להרחבה משמעותית של הפעולות הצבאיות באיראן וכן בנוגע לאפשרות של מעורבות ישראלית בהן. במדינות המפרץ מתנגדים לאפשרות של מעורבות ישראל.  טראמפ טרם קיבל החלטה, וייתכן שיבצע בסופו של דבר מהלך מדורג - ראשית יסלים את התקיפות האמריקניות, ואז ישקול אם לאפשר לישראל לתקוף גם כן  @gilicohen10 @roysharon11  📸פלאש 90, AP",690,1247,109,https://www.instagram.com/p/DbJi6JYDLB6/
18111348508754168,2026-07-24,10:09,Photo,FEED,"פיגוע שלישי ביממה אחת בשומרון 👇  פיגוע ירי התרחש באזור חוות גלעד שבשומרון כאשר פלסטיני ירה לעבר מטיילים ישראלים - אדם נרצח, 2 פצועים קשה ובינוני  לפי מידע ראשוני, מספר ישראלים טיילו סמוך לכפר תל בחטיבת שומרון, וליד המסגד בכפר נתקלו בפלסטינים שתקפו אותם. איש הביטחון של היישוב חוות גלעד קפץ למרחב - ופלסטיני חטף לו את הנשק וירה לעבר מהטיילים  משרד הבריאות של הרשות הפלסטינית דיווח כי 4 פלסטינים נהרגו באירוע, ועוד 4 נפצעו, בהם 3 במצב קשה  בתום הערכת מצב ובעקבות רצף האירועים בימים האחרונים בשומרון, צה""ל החליט להקפיץ גדוד נוסף לתגבור הכוחות ביהודה ושומרון  מצה""ל נמסר כי כוחות נמצאים במרחב, ורבים עושים את דרכם לנקודה - וכי הוטל כתר על הכפר תל ועל העיר שכם במספר כניסות  @haimgoldich  📸: מד""א",691,1255,185,https://www.instagram.com/p/DbKq5H8DDYJ/
18081025952675986,2026-07-24,10:27,Carousel,FEED,"לאחר מאבק במחלה קשה: הלכה לעולמה זהבה שאול, אימו של החלל סמ""ר אורון שאול  זהבה שאול, אימו של החלל סמ""ר אורון שאול, הלכה לעולמה. גופתו של אורון נחטפה בעזה בשנת 2014 במהלך מבצע צוק איתן - והושבה לארץ לפני כשנה במבצע של צה""ל והשב""כ.  זהבה ובני משפחתה ניהלו לאורך השנים מאבק עיקש למען החזרת גופת בנם שהוחזקה על ידי חמאס, זאת בעוד הוא היה נחשב לחלל שמקום קבורתו לא נודע.   אביו של אורון, הרצל, נפטר ממחלה קשה ולא זכה להיות במעמד של השבת בנו לארץ. זהבה שאול התמודדה בשנים האחרונות עם מחלת הסרטן. הלוויתה תתקיים ביום ראשון בבית העלמין בפוריה.  מועצה אזורית עמק הירדן ספדו לזהבה, תושבת הישוב פוריה עלית: ""זהבה הייתה אישה יקרה ואצילית, שנלחמה מעל 10 שנים להשבת בנה אורון לקבר ישראל. המועצה מחבקת בשעה זו את המשפחה ומרכינה ראש לזכרה"".  ""זהבה תיקבר בבית הקברות בפוריה עילית, לצד בעלה הרצל ז""ל ולצד קברו של אורון, שרק בימים האחרונים ציינו את יום השנה הראשון לנפילתו בבית הקברות שביישוב. ראש המועצה עידן גרינבאום ליווה את המשפחה לאורך כל השנים ומביע את תנחומיו ומחבק את הבנים אופק ואבירם. יהי זכרה של זהבה ברוך"".   @rubih 📸: פלאש 90",1019,1227,48,https://www.instagram.com/p/DbKs9pVDnMG/
18128327266633723,2026-07-24,10:58,Reel,REELS,"⁨	⁨	⁨	אימו של יובל קוגן זועקת לעזרת הציבור:  ""יש כאן שב""כ ומשטרה אבל זה לא מספיק, צריכה את כולם על הרגליים"" המשטרה ביקשה כי כל היודע דבר על מקום הימצאו או ברשותו מידע שעשוי לסייע באיתורו, מתבקש להתקשר מיד למוקד 100 של משטרת ישראל או לתחנת משטרת אשקלון. בטלפון: 08-6771440  ‪‪‪@itsik_z‬‬‬⁩⁩⁩",290,6387,350,https://www.instagram.com/reel/DbKwcVTgmh6/
18106497398044489,2026-07-24,11:08,Photo,FEED,"⁨	⁨	הותיר אחריו אישה ושתי בנות💔  בניהו מלט, חבר כיתת הכוננות ואחראי החקלאות בחוות גלעד, נרצח בפיגוע הירי סמוך ליישוב.  בניהו מלט, בן 32, אב לשתי בנות, קפץ לסייע לקבוצת המטיילים שהותקפה סמוך לחוות גלעד ונרצח מירי מחבלים. בניהו הותיר אחריו את רעייתו אסתר ושתי בנות, בנות 12 ו 13.  ‪‪@haimgoldich‬‬  📸: באדיבות המשפחה⁩⁩",316,1932,212,https://www.instagram.com/p/DbKxoBmj_Du/
18056961596530366,2026-07-24,12:46,Reel,REELS,"⁨	אזהרת צפייה ⚠️   רגע חטיפת הנשק בפיגוע בשומרון : רבש""ץ חוות גלעד בניהו מלט ז""ל קפץ למרחב - ופלסטיני חטף לו את הנשק וירה על המטיילים. צה""ל הודיע כי המחבל חוסל במקום.  ‪@haimgoldich‬⁩",183,2632,662,https://www.instagram.com/reel/DbK82OmiiUp/
18186021547394193,2026-07-24,15:19,Carousel,FEED,"⁨	⁨	הטרוריסט היפני קוזו אוקמוטו מת אתמול בגיל 78 - והשאיר אחריו סיפור חיים מזעזע ובלתי נתפס, עם לא מעט סימני שאלה  ‪‪@shalevsegal_‬‬⁩⁩ 📸: AP",140,11442,264,https://www.instagram.com/p/DbLOaYKgrqi/
18104025512161288,2026-07-24,15:55,Photo,FEED,"⁨	⁨	הותר לפרסום כי רב סרן יובל עזרא, בן 27 מהרצליה, מפקד סוללה בגדוד 411 בחטיבה 282 של התותחנים, נפל בפיגוע בכפר תל בשומרון. יהי זכרו ברוך 🥀  ‪@itayblumental‬⁩",159,2137,185,https://www.instagram.com/p/DbLSgkAHHJu/
18175637353424474,2026-07-24,15:57,Reel,REELS,"⁨	⁨	⁨	אותר בחיים, בריא ושלם⁩: הילד יובל קוגן בן ה-4 נמצא היום (שישי) לאחר שנעדר מאתמול במהלך טיול עם הוריו בחוף באשקלון. חיפושיו נמשכו כיממה, ובהם היה מעורב גם שירות הביטחון הכללי. נועם שימחי, שמצא את יובל, סיפר: ""הייתי עם סוס בדרך לחוף ניצנים, פתאום אני קולט את הילד מתחת לעץ""  ‪‪@itsik_z‬‬⁩⁩",293,8735,498,https://www.instagram.com/reel/DbLSqFtik-0/
18159069052465440,2026-07-24,16:11,Reel,REELS,"""עם ישראל חי"": קריאות השמחה בחוף בו חיפשו את יובל כוגן בן הארבע שנעדר מאז אתמול",79,3258,107,https://www.instagram.com/reel/DbLUUmkExLK/
17983267760862538,2026-07-24,16:27,Reel,REELS,"⁨	מחכה לו עם ארטיק: אחרי יותר מיממה של חרדה וחוסר אונים, אמא של יובל קוגן בן ה-4 בשיחה ראשונה עם בנה אחרי שאותר  ‪@itsik_z‬⁩",124,1702,36,https://www.instagram.com/reel/DbLWDm1jGlD/
18106488581134625,2026-07-24,16:42,Reel,REELS,"⁨	⁨	⁨	⁨	""יש ניסים בעולם"": נועם שמחי שאיתר את יובל כוגן בן הארבע מספר כיצד מצא אותו - ""בכלל טעיתי בדרכים עם הסוס""  ‪@itsik_z‬⁩",125,10324,261,https://www.instagram.com/reel/DbLX3Z8FOPu/
18473266009128953,2026-07-24,16:47,Reel,REELS,מרגש: אמא של יובל בן ה-4 מתאחדת עם בנה אחרי יממה שבה היה נעדר,61,2406,64,https://www.instagram.com/reel/DbLYX_iD1We/
18083102381449557,2026-07-24,20:44,Photo,FEED,"⁨	⁨	⁨	""מי שניסה לרדוף את ישראל כדי להציל את עצמו, הודח בבושת פנים"": התובע הראשי בבית הדין הפלילי הבין לאומי בהאג הודח מתפקידו 👇  בהצבעה שנערכה היום באו""ם, אישרו המדינות החברות בבית הדין את ההחלטה להדיח את תובע בית הדין כרים חאן, בעקבות ההליך המשמעתי שהתנהל בעניינו. חאן נחשד בהטרדה מינית של עובדת במשרדו. העובדת סיפרה על שורה של הטרדות מיניות שחוותה מצד חאן במהלך נסיעות עבודה משותפות ברחבי העולם.  בנובמבר 2024 הוציא בית הדין צווי מעצר נגד ראש הממשלה בנימין נתניהו ונגד שר הביטחון דאז יואב גלנט, בסמיכות לחשיפת הפרשה. ישראל טענה כי הוצאת צווי המעצר היא חלק מניסיונו של חאן להסיט ממנו את הביקורת, כשהבין את עומק הסתבכותו.  שגריר ישראל לאו""ם דני דנון בירך על ההדחה: ""כרים חאן חשב שאם יפתח במסע ציד פוליטי נגד ישראל ויוציא צווי מעצר, העולם יתעלם מההאשמות הקשות בעבירות המין המיוחסות לו. הוא טעה. הוא ניסה להשתמש בישראל כמגן אנושי לשערורייה האישית שלו. ההתקפות נגד ישראל שנועדו להסיט את האש מהתנהלותו הנלוזה לא עזרו לו, ולא יעזרו לזוהראן ממדאני""  @nathanguttman  📷: AP⁩⁩⁩",968,2337,140,https://www.instagram.com/p/DbLzlxfCsyR/
18471600232109334,2026-07-24,23:46,Reel,REELS,"⁨	⁨	""אני מרגיש שאני לא מצליח להגן על הילדים שלי"": דוד הדבוראי סובל מטרור חקלאי שהולך ומחמיר במשך חודשים ארוכים - ולא מצליח לקבל סיוע מהמדינה  #גליקותמר ‪@ifatglick‪@almogtamar‬ar⁩",179,1117,64,https://www.instagram.com/reel/DbMIVV4CWfe/
18101947103521969,2026-07-25,11:44,Reel,REELS,"טראמפ אירח את ארוחת הערב השנתית של כתבי הבית הלבן, ודיבר במשך כשעה בנאום רווי בדיחות גסות  צילום: AP",100,2230,113,https://www.instagram.com/reel/DbNacgfjpr2/
17918687271411349,2026-07-25,15:34,Reel,REELS,רץ ברשת: אדם בתחפושת של ספיידרמן עזר לאיש בכיסא גלגלים לחצות כביש סואן   (איתמר מרגלית),87,2783,21,https://www.instagram.com/reel/DbN01pVlEAC/
18090691397163067,2026-07-25,17:43,Photo,FEED,"⁨	בישראל נערכו למתקפה אמריקנית עוצמתית באיראן - אך טראמפ החליט לתת עוד צ'אנס למשא ומתן👇  בישראל נערכו למתקפה עוצמתית של ארצות הברית באיראן בלילה שבין שישי לשבת, צעד שיכול היה להוביל להתרחבות המערכה ברחבי המזרח התיכון ולהצטרפות ישראלית לתקיפות באיראן במידה שאיראן הייתה משגרת טילים לעבר ישראל  גורם ישראלי אמר הערב לכאן חדשות כי נראה שנשיא ארצות הברית דונלד טראמפ החליט לדחות את הדד ליין מתוך רצון לתת הזדמנות נוספת לאיראנים לחזור לשולחן המשא ומתן  ‪@itayblumental 📸: רויטרס⁩",474,1522,144,https://www.instagram.com/p/DbODrnckdcl/
18100788428223838,2026-07-25,20:42,Reel,REELS,"⁨	""איפה היית חמודי?"": השיחה של יובל קוגן בן ה-4 עם השוטרים לאחר שמצאו אותו  ‪@asaf_pozailov",91,5396,196,https://www.instagram.com/reel/DbOYINSj17C/
18095671313458246,2026-07-25,20:52,Reel,REELS,"⁨	""מצאנו את הילד, אני פה עם הסוס"": השיחה של נתנאל ביטון למשטרה אחרי שהוא ונועם שמחי מצאו את יובל קוגן בן ה-4  @itsik_z",118,3918,22,https://www.instagram.com/reel/DbOZQrBCAZU/
17977169220077194,2026-07-25,22:54,Photo,FEED,"רחפן נפל סמוך לביתו של בן גביר, ""הנסיבות בבדיקה"", מסרה לשכת השר  (אורלי אלקלעי) 📸: חיים גולדברג, פלאש 90",104,485,72,https://www.instagram.com/p/DbOnQ9sFjLD/
18111153289958744,2026-07-26,08:39,Photo,FEED,"בשל חשש ממחסור במיירטים: טראמפ החליט לדחות את הרחבת הלחימה באיראן👇  נשיא ארצות הברית, דונלד טראמפ, זנח לפי שעה את התוכנית למתקפה רחבת היקף נגד איראן אחרי שיועציו הבכירים הביעו הסתייגויות והזהירו ממחסור במיירטים - כך דווח ב""ניו יורק טיימס""  לפי הדיווח, המתבסס על מקורות בממשל, בהתייעצויות שקיים הנשיא ביום שישי הבהיר ראש המטות המשולבים, גנרל דן קיין, כי למרות שפעולה נרחבת היא אפשרית, היא תדלל באופן מסוכן את מלאי טילי היירוט למערכות הפטריוט, אשר כבר נוצלו כמעט כולם במהלך המערכה הקודמת  עוד דווח כי במעגל הקרוב של טראמפ הייתה התנגדות רחבה לחזרה ללחימה עצימה, וכי אחד הבכירים הביע ספק בכך שמתקפה עזה יותר תחזיר את איראן לשולחן המשא ומתן, תוך שהוא ציין שההתקפות רק גורמות לאיראנים להקשיח את עמדותיהם  טראמפ, אשר נטה בשבוע שעבר לעבר אישור מתקפה רחבה, החליט אחרי ההתייעצות ביום שישי להמתין בינתיים, בעיקר בשל החשש שהמחסור בטילי יירוט לא יאפשר להגן כראוי על הבסיסים האמריקנים במדינות המפרץ ובירדן, אשר כבר ספגו אבדות מהתקפות האיראנים בשבועיים האחרונים  במהדורת כאן חדשות פורסם אתמול כי ארצות הברית ממשיכה בפריסה המחודשת שלה באזור, והעבירה לישראל עשרות מטוסי תדלוק, מטוסי קרב, מיירטי הגנה אווירית וחימושים  כ-90 מטוסי תדלוק אמריקניים הגיעו לישראל בשבועיים האחרונים וחונים כעת בנמל התעופה בן גוריון, בנמל התעופה רמון ובבסיס עובדה. הפריסה מזכירה את ימי המערכה המשותפת שביצעו ארצות הברית וישראל בימי מבצע ""שאגת הארי"". נראה שהאמריקנים נערכים לתקיפה משמעותית באיראן שיכולה לצאת לפועל בהחלטה אמריקנית בכל רגע  @nathanguttman  📸: AP Photo/Julia Demaree Nikhinson",1449,476,48,https://www.instagram.com/p/DbPqNeFl1u9/
18129447742642248,2026-07-26,10:06,Reel,REELS,"הרוגה וכ-15 פצועים באירוע הדריסה במצעד הגאווה בברלין אמש, המשטרה מנהלת מצוד אחר החשוד  (דב גיל-הר)",98,2882,430,https://www.instagram.com/reel/DbP0CEsCIpl/
18336777322255649,2026-07-26,13:16,Reel,REELS,"⁨	בזמן כהונת הממשלה הנוכחית נרצחו בלוד 61 בני אדם, מתוך תשעה נרצחים - הוגש רק כתב אישום אחד  @nofarji",101,1930,310,https://www.instagram.com/reel/DbQJz_QFAFv/
17957358297172466,2026-07-26,13:45,Photo,FEED,"""מתנצלים שלא נוכל לעשות צדק"" 👇  בית המשפט העליון דחה את העתירה של הוריו של החטוף אלון לולו שמריז להכיר בו כחלל צה""ל. בפסק הדין נכתב כי ""פעולותיו ההרואיות לא היו בשירות צבאי"", ולכן אין בכך עילה להתערב בהחלטה.  השופטים ציינו כי דחיית העתירה משקפת הכרעה משפטית בלבד - ו""אין בה לגרוע מההערכה להתנהלותו של אלון שגילה אומץ לב יוצא דופן"".  עוד נכתב בפסק הדין, כי ""החלטת המשיבים לא נמצאה כחורגת מהוראות הדין, ובשל כך אין בידינו להיעתר לסעדים המבוקשים בה"". ""אנו מצטרפים להוקרתו, ומבקשים להביע את תנחומינו לעותרים ולבני משפחתו"", הוסיפו.  אלון, בוגר יחידת יהל""ם, הוביל את חבריו יותם חיים וסאמר טלאלקה במסע הישרדות בלב שג'אעיה. משפחתו יצאה למאבק להכיר בו כחלל צה""ל.  @almogtamar  📸: פלאש 90, חיים גולדברג",692,599,98,https://www.instagram.com/p/DbQNKaRGrLr/
18021905504693121,2026-07-26,15:59,Reel,REELS,"""איחדת את כל העם"": יובל כוגן בן הארבע נפגש עם נתנאל ביטון ונועם שמחי שמצאו אותו. הכתבה המלאה - במהדורת כאן חדשות ב-20:00",120,2380,88,https://www.instagram.com/reel/DbQciGQFZsq/
18098050256369575,2026-07-26,16:24,Reel,REELS,"⁨	⁨	חוטף קריאות בוז וממשיך - נתן לוי, לוחם MMA ישראלי ופטריוט גדול  ‪‪@uriyaelk‬‬⁩⁩",83,1478,16,https://www.instagram.com/reel/DbQfYXdjeDf/
18120839141499076,2026-07-26,17:21,Reel,REELS,"⁨	""היו לי תחושות אשמה קשות מאוד, ניצלתי מחיים שמתנפצים לרסיסים"": יובל בן ה-4 והוריו מסכמים את החוויה המטלטלת שעברו בסוף השבוע  ‪@almogtamar‪@ifatglick‬ck⁩",154,8770,234,https://www.instagram.com/reel/DbQlzIGDqlm/
18332874022283923,2026-07-26,18:47,Reel,REELS,"אימו של רס""ן יובל עזרא, שנפל בפיגוע בשומרון ביום שישי, בהספד קורע לב לבנה: ""יושבת וכותבת לך, ולעולם כבר לא אקבל תשובה""",118,3751,337,https://www.instagram.com/reel/DbQvvwagLBK/
18086696240181508,2026-07-26,20:42,Carousel,FEED,"⁨ סקר כאן חדשות: גוש נתניהו מתחזק ל-52 מנדטים, גוש איזנקוט עם 58 מנדטים - ומה עמדת הציבור על תקיפה באיראן וגרעין לסעודיה?  ‪@shahar.glick.news‬  📸: פלאש 90 (מרים אלסטר, יונתן זינדל)⁩",182,810,225,https://www.instagram.com/p/DbQ86iWEado/
18111297020058713,2026-07-27,08:00,Carousel,FEED,"כמענה לסנקציות: המיזם החדש שיאגד כ-100 אלף משפחות חרדיות 👇  בתגובה לסנקציות הכלכליות שהוטלו לאחרונה על הציבור החרדי, מיזם צרכני רחב היקף צפוי לצאת לדרך בתחילת חודש אלול. המיזם, בהובלת ""ועד הישיבות"" ובגיבוי של גדולי הרבנים ומנהיגי הציבור החרדי, נועד לרכז את כוח הקנייה העצום של כ-100 אלף משפחות חרדיות כדי להשיג הנחות קבועות ולבלום את יוקר המחיה במגזר.   במסגרת המיזם יחולק לכל אברך כרטיס נטען בשם ""מלכי רבנן"". לכרטיס יוזרמו כספים ממקורות תרומה וממקורות נוספים, והוא ישמש את המשפחות לקבלת הנחות והטבות ברשתות המזון והצרכנות הגדולות, וכן להשתתפות בהגרלות.  יוזמי המיזם מסבירים כי הכוונה היא ליצור מסגרת שתפעל ""כמעט כמו חברת אשראי"". לדבריהם, הכוח המאורגן של 100 אלף משפחות יאפשר להם להכתיב תנאים מול הרשתות: ""אנחנו מביאים 100 אלף משפחות שילכו איתם באש ובמים בתמורה למחירים זולים"", מסר גורם שמעורב במהלך.  מעבר להשגת ההנחות, ב""ועד הישיבות"" מתכננים להקים מנגנון פיקוח שיבצע מעקב שוטף אחר מחירי המוצרים. המטרה היא להפעיל לחץ ישיר על רשתות השיווק במקרה של העלאות מחירים ולדרוש את הורדתם, תוך שימוש בכוח הצרכני המאוגד ככלי הרתעה.  ""ועד הישיבות"" נמצא במגעים מתקדמים עם רשתות המזון והצרכנות הגדולות בישראל כדי לסגור את פרטי ההסכמים לפני ההשקה הרשמית בעוד שבועות בודדים. המהלך מסמן עליית מדרגה בניסיון של ההנהגה החרדית לייצר ""רשת ביטחון כלכלית"" עצמאית עבור משפחות האברכים ובני התורה  @daniel.grovais  📷: פלאש90",1299,862,263,https://www.instagram.com/p/DbSKgahj4xw/
18111007486982408,2026-07-27,09:31,Photo,FEED,"על עבדול בלוט, שדרס למוות אישה במצעד הגאווה בברלין ופצע 29 אנשים נוספים, נגזר עונש מאסר של שנה ועשרה חודשים - אך הוא הוקפא👇  עבדול בלוט, בן ה-21 שביצע את הפיגוע הדריסה במצעד הגאווה בברלין ממניע איסלאמיסטי, הוא בעל עבר פלילי ארוך עוד מנעוריו - כך עולה מהודעה שפרסמו משרד התובע הציבורי של ברלין ובית המשפט האזורי העליון בעיר  במאי 2026, בית המשפט גזר עליו עונש מאסר של שנה ועשרה חודשים בגין מספר עבירות, כולל ""הכנת מעשה אלימות חמור המסכן את המדינה"", אבל ביצוע העונש הוקפא מסיבה לא ברורה  הקפאת עונש המאסר עוררה ביקורת קשה בקרב גורמים פוליטיים. ראש עיריית ברלין, קאי וגנר אמר: ""הוא נידון לפי חוק פלילי לנוער, ואז למרבה הצער בית המשפט גזר עליו עונש על תנאי. איני רוצה להגיב על כך - זוהי עצמאותה של מערכת המשפט - אבל נותרתי ללא מילים""  שר הפנים דוברינדט התייחס להקפאת העונש: ""אנו יודעים שהוא ביצע עבירות רבות, שגילה אהדה לטרור, שהייתה גם הרשעה שהוקפאה, ושהתובע הציבורי ערער על כך. ואכן, עולה כעת השאלה כיצד ניתן להקפיא עונש של מי שזוהה כאיום פוטנציאלי""  (דב גיל-הר) 📸: AP Photo/Markus Schreiber",989,791,27,https://www.instagram.com/p/DbSU7lolxR0/
18113618890905710,2026-07-27,10:29,Reel,REELS,"⁨	⁨	⁨	שרפה במחסנים של מפעלי ""שטראוס"" ו""תפוגן"" בשדרות: תושבי האזור התבקשו להישאר בבתיהם ולסגור חלונות בשל חשש לדליפת חומרים מסוכנים  ‪‪@itsik_z‬‬  📸: דוברות כיבוי והצלה לישראל⁩⁩⁩",177,305,11,https://www.instagram.com/reel/DbSbh58iT_B/
18100997108238255,2026-07-27,13:04,Reel,REELS,⁨	⁨	שנתיים אחרי: במג'דל שמס מתמודדים עם האובדן של 12 הילדים שנרצחו מפגיעת טיל במגרש הכדורגל ביישוב  ‪@riadalee‬⁩,112,3475,177,https://www.instagram.com/reel/DbStNeSkznq/
17878189989511512,2026-07-27,13:56,Reel,REELS,"⁨	""רצינו להתפרע"": בר אלמליח (הפשוטע) סיפר על יצירת הסדרה שלו - ""הפשוטע""  ‪@davidovitchsharon‬⁩",94,1985,17,https://www.instagram.com/reel/DbSzJspDnuX/
18106471769278969,2026-07-27,14:35,Reel,REELS,"⁨	ח""כ אורי מקלב מדגל התורה תקף את הציונות הדתית: ""הם אמרו שאפשר גם ללמוד תורה וגם לשרת - זה לא יסולח להם. זה נזק גדול שאיתו אנחנו מתמודדים""  ‪@daniel.grovais‬  📸 סטילס: Arie Leib Abrams/Flash90⁩",194,666,324,https://www.instagram.com/reel/DbS3p6rEUeM/
18136724101559127,2026-07-27,15:39,Reel,REELS,⁨	⁨	הודיה ואור בוזגלו עומדים להפוך להורים - בצל יוקר המחיה  ‪‪@lielkyzer‬‬⁩⁩,76,726,41,https://www.instagram.com/reel/DbS-7tClMVA/
17921008749184201,2026-07-27,16:10,Carousel,FEED,"המשטרה מבקשת את סיוע הציבור באיתור אמא שחשודה בחטיפת שני ילדיה👇  עלייה ג'וי הירשברג בת ה-20 מירושלים חשודה בחטיפת שני ילדיה - טאלה רייזל בת השלוש ונתן יעקב וורונה בן השנה. לפי המשטרה האם והילדים נכנסו לארץ באוגוסט 2025 ומאז נעלמו עקבותיהם. לפי החשדף ייתכן שהאם וילדיה נמצאים באזור ירושלים  המשטרה ביקשה את עזרת הציבור באיתורם: ""מי שיודע דבר או שיש בידו מידע על מקום הימצאם - נא ליצור קשר בטלפון עם מוקד 100 של משטרת ישראל או היחידה החוקרת בטלפון: 02-5391550""  @veredpelman  📸: דוברות המשטרה",490,836,174,https://www.instagram.com/p/DbTCmFbFwlw/
18348336622170078,2026-07-27,16:40,Reel,REELS,"⁨	אלדר דיין, בן 23 מדימונה, נעדר כבר יותר משבוע. הוא נראה בפעם האחרונה ביום שישי 17 ביולי, כשישב עם חבריו בפארק הירקון. אימו שילת סיפרה כי קטטה התפתחה במקום בין חבורתו של אלדר לצעירים נוספים, שביקשו להצטרף לבילוי וסורבו. ההודעה האחרונה ששלח לבת זוגו (""שהפכה לבת הזוג לשעבר מאז"") הייתה: ""יש פה בלגן"", ומאז נעלמו עקבותיו   ‪@almogtamar‪@ifatglick‬ck #גליקותמר⁩",358,4045,292,https://www.instagram.com/reel/DbTF7G-nMwy/
18137909737605353,2026-07-27,19:02,Photo,FEED,"המשטרה עצרה חברים של אלדר דיין בן ה-23, שנעדר כבר עשרה ימים. דיין נצפה לאחרונה בפארק הירקון, שם בילה עם חבריו. לפי עדויות, חבריו נקלעו בפארק לקטטה עם צעירים נוספים, שביקשו להצטרף לבילוי וסורבו. כעת, עשרה ימים אחרי שנעלמו עקבותיו, חבריו נעצרו בחשד למעורבות בהיעדרותו  (אנה פינס)",277,528,22,https://www.instagram.com/p/DbTWUXjEVpi/
17937599772320609,2026-07-27,19:22,Reel,REELS,"עמיר בניון: ""אני מרגיש אווירה של מלחמת אחים רק כשאני פותח את הטלוויזיה, לא בסביבה הקרובה שלי""  (איילה חסון)",107,1404,101,https://www.instagram.com/reel/DbTYhugireB/
18103241624177733,2026-07-27,20:01,Reel,REELS,"⁨	התגעגעתם? נייג'ל האדמו""ר מתכנן קאמבק  (מאיה ראכלין) #כאןבשש⁩",62,5086,146,https://www.instagram.com/reel/DbTc-KaDyJX/
18072148349441412,2026-07-27,20:36,Photo,FEED,"⁨	תמונה שוברת לב: רס""ן שחר נתנאל בוזגלו ז""ל, רס""ן אומרי חי בן משה ז""ל ורס""ן יובל עזרא ז""ל בטקס סיום קורס מלט״ק. שלושת החברים לקורס נפלו בשנה האחרונה: שחר ואומרי-חי ז""ל נפלו בעזה בספטמבר, ויובל ז""ל נפל ביום שישי האחרון בפיגוע בשומרון. יהי זכרם ברוך 💔  ‪@roysharon11‬⁩",266,4026,85,https://www.instagram.com/p/DbThB36kX6W/
17879497209615724,2026-07-27,21:44,Photo,FEED,"חגגו את מות הרב שהוביל שילוב בצה״ל 👇  מזעזע: חרדים חילקו היום כיבוד בכוללים ובישיבות לצד השלט: ""לרגל מותו של אחד ממובילי השמד שבדורנו, יעקב פרבר שם רשעים ירקב"". הרב יעקב פרבר ז""ל, שנפטר הלילה מסיבוך רפואי, היה ממובילי שילוב החרדים בצה""ל, והקים את המסלול החרדי-טכנולוגי ""מעלות צור""  @daniel.grovais  צילום: Doovidl",313,1384,356,https://www.instagram.com/p/DbToz3clPsi/
18411487615156361,2026-07-28,08:18,Reel,REELS,"⁨	פעמיים תוך כשלושה שבועות: דלת הכניסה של מערכת חדשות 12 בתל אביב נופצה פעם נוספת על ידי אלמונים, בפעם השנייה החודש - כך דיווחו הבוקר בערוץ. ""אנחנו מזועזעים אבל לא מופתעים מהאלימות ששוב חוצה גבול מסוכן ולא בפעם הראשונה"", אמרו בערוץ לאחר האירוע. ""זה מגיע לאחר שכבר כמה פעמים רוססו כתובות גרפיטי המסיתות לאלימות נגד עיתונאינו"".  עוד הוסיפו בחברת החדשות ואמרו כי ""ממשלת ישראל ושר התקשורת צריכים לחדול מהשתלחויות מסיתות וחסרות רסן בתקשורת החופשית, שמובילות גם למעשים חמורים. אנו לא נירתע גם לנוכח החקיקה, ההסתה והאלימות"". לפני כשלושה שבועות ניפץ רעול פנים את דלת הכניסה של מערכת עיתון ""הארץ"" בתל אביב. העיתון פרסם תיעוד שלו משליך לבנים לעבר דלת הזכוכית.  בחודש יוני, רוססו כתובות נאצה בשכונת ביצרון בתל אביב, ובהן איומים נגד העיתונאים גיא פלג, רביב דרוקר ואמנון אברמוביץ' ונגד ערוצי התקשורת 11, 12 ו-13  ‪@anna.pines‬⁩",814,424,163,https://www.instagram.com/reel/DbUxWzrDeB6/
18051801221557110,2026-07-28,09:54,Photo,FEED,"״עד שלא תבקשו סליחה על פרשת שדה תימן״ 👇  נמצא מכתב איומים שהונח מחוץ לדלת הכניסה המנופצת של מערכת חדשות 12, שבו נכתב: ""עד שלא תבקשו סליחה בפרשת שדה תימן אני לא עוצר, בפעם הבאה הלבנה תהיה מכוונת לאחד או אחת מהראשים שלכם. התייחסו למכתב בכובד ראש ובמלוא הרצינות חבל כי בסוף מישהו ימות״  @anna.pines  📸: חדשות 12",308,861,128,https://www.instagram.com/p/DbU8T1fju1m/
18090423428104880,2026-07-28,11:09,Photo,FEED,"⁨	״פשע אנטישמי וטראומה רוחנית״ 👇  לפחות 12 ספרי תורה נגנבו מבית הכנסת הגדול של לוולואה-פרה, פרוור של העיר פריז, בירת צרפת. לפי דיווח של עיתון 'לה פריזיאן', הדבר נעשה ככל הנראה בפריצה מתוכננת היטב, בלילה שבין יום ראשון לשני. פיליפ כהן,  נשיא האגודת התרבות והדת היהודית של לוולואה, אמר כי כל הקהילה במקום מרוסקת מאותו פשע. ראש העיר אנייס פוטייה-דומה כינה את הדבר כהתקפה אנטישמית  מי שגילה על דבר הגניבה הוא הרב שלום ללוש, שהגיע לבית הכנסת מוקדם בבוקר כדי להכין אותו לחגיגית בר מצווה. בהצהרה מצולמת שנשא הוא אמר: ״הקהילה נשדדה. ברור שזוהי עבירה פלילית, אך זוהי גם עבירה אנטישמית שכוונה נגד התורה. זוהי, כמובן, טראומה רוחנית לכל הקהילה היהודית של צרפת ולעולם כולו.  זה היה צוות של מקצוענים שעקף את מערכות האבטחה והצליח לחדור לבניין. ספרי התורה היו המטרה היחידה. לא נגרם נזק לרכוש. לא התרחשה גניבה נוספת מלבד חפצי התורה, שהם בעלי ערך שלא יסולא בפז״  משטרת פריז מחזיקה בסרטי מצלמות אבטחה בהם נראים שודדי הגווילים מכניסים את 12 ספרי התורה לרכבם מעט אחרי 02:00 אחר חצות, בלילה שבין ראשון לשני, ומסתלקים. אחד מהם עם מסיכה לפניו, השני גלוי פנים  דב גיל-הר, @ishay_bar_yosef @yechez.korn",1076,375,7,https://www.instagram.com/p/DbVE5baD-QJ/
17892711426597347,2026-07-28,12:20,Photo,FEED,"קצינת שב""ס שניהלה רומן עם אחיו של החשוד המרכזי חשודה בסיוע במילוטו 👇  קצינת שב""ס נעצרה הבוקר בחשד להפרת אמונים ולשיבוש חקירת רצח בניהו רזי - כך על פי הודעת המשטרה. הקצינה, שלכאורה ניהלה רומן עם אחיו של החשוד המרכזי אביאור ששון, נעצרה בפעילות משותפת של חוקרי היחידה ללוחמה בפשיעה וחוקרי שירות בתי הסוהר וחשודה שסייעה במילוטו של ששון מחיפושי המשטרה  החקירה הסמויה החלה בעקבות מידע מודיעיני שהתקבל על ידי שירות בתי הסוהר, ממנו עלה החשד כי הקצינה (34, הוד השרון), שמשרתת במתקן כליאה במרכז הארץ בו מרצה עונש מאסר אחיו של החשוד, מקיימת עמו קשר אישי ולפי החשד פעלה לצדו לשיבוש החקירה וסיוע לחשוד המרכזי  החשודה הועברה לחקירה שבסיומה יוחלט אם להביאה בפני בית משפט. רפ""ק רותם הילה זקן, ראש לשכת חקירות במרחב ציון, מסרה: ""המצוד אחר החשוד ברצח ממשיך להתנהל סביב השעון והחוקרים פועלים לילות כימים כדי להשיג כל בדל מידע שעלול להסגיר את מיקומו ולהביא למעצרו. אמרנו כבר בתחילת החקירה, נגיע לכל אדם שידו נגעה באירוע ולכל מי שמסייע לשיבוש החקירה או לבריחתו של החשוד, במטרה להגיע לחקר האמת ולמיצוי הדין עם כל המעורבים""  משירות בתי הסוהר נמסר כי ""מערך המודיעין הוכיח שוב את עליונותו בחשיפת העבירות החמורות המתבצעות בתוך כותלי בתי הסוהר, הארגון בהובלת נציב בתי הסוהר פועל באפס סובלנות כלפי עבירות מעין אלו ואחרות לרבות קידום מערך בדיקות הפוליגרף""  @veredpelman  אורלי אלקלעי  📸: דוברות המשטרה",1272,1715,77,https://www.instagram.com/p/DbVNCQCmHwC/
17861710080661641,2026-07-28,13:24,Photo,FEED,"⁨	התפתחות דרמטית בפרשת היעלמותו של אלדר דיין: במשטרה מעריכים בסבירות גבוהה שאלדר בחיים. נבדקת האפשרות שהוא נמלט אחרי תאונת פגע וברח, שבגינה נעצר חברו.   שילת, אימו של אלדר, אמרה בנושא: ""התקשרו אליי ממש עכשיו וסיפרו לי שמצאו חולצה שלו בשטח, בשדרות רוקח בפתח תקווה. במשטרה אמרו לאבא שלו ש-98% שאלדר בחיים. הוא ביקש הוכחה, ואמרו לו שלא יכולים להראות לו""  @itsik_z",360,1272,43,https://www.instagram.com/p/DbVUX-sEerT/
18154371826500760,2026-07-28,14:24,Reel,REELS,"⁨	תקף באלימות - בגלל מוזיקה בערבית 👇  שמעון טובול, סגן ראש העיר באר שבע, הואשם בתקיפת עובדי תחנת דלק בכפר עזה. במהלך האירוע, שהתרחש בספטמבר 2024, טובול הגיע לתחנת הדלק במסגרת שירות מילואים. כששמע שאחד מעובדי תחנת הדלק שמע מוזיקה בערבית ברכבו, הוא דרש ממנו לכבות אותה, צעק עליו, היכה אותו בפניו - והניף את נשקו   @itsik_z",320,976,175,https://www.instagram.com/reel/DbVbNHwgnTv/
18112899803293982,2026-07-28,14:35,Reel,REELS,"⁨	בתום מרדף ממושך: המשטרה עצרה את אביאור ששון, חשוד מרכזי ברצח בניהו רזי ז""ל   @veredpelman  צילום: דוברות המשטרה⁩",114,2434,195,https://www.instagram.com/reel/DbVcgfdEU0o/
18177498409422266,2026-07-28,16:10,Carousel,FEED,"⁨	1.9 מיליון ש״ח בשנת 2025 👇  ממשלוחי וולט ועד לעבודות שרברבות - פירוט ההוצאות של מעונות ראש הממשלה בשנת 2025 ובמחצית הראשונה של 2026 פורסם היום לציבור, במענה לבקשת חופש מידע של התנועה לחופש המידע. אילו הוצאות בלטו, וכמה כסף נשאר מושחר בלי פירוט לאיזו מטרה?  מלשכת ראש הממשלה נמסר בתגובה:  הנתונים שפורסמו במסגרת המענה מלמדים כי כלל הוצאות המעונות בתקופת כהונתו של ראש הממשלה נתניהו נמוכות באופן משמעותי ביחס לתקופות כהונתם של ראשי ממשלה קודמים. כך למשל, בשנת כהונתו של ראש הממשלה לשעבר נפתלי בנט הסתכמו ההוצאות השוטפות ב־1,370,362 ₪ (ללא הוצאות כוח אדם ואבטחה), בעוד שבתקופה המקבילה אצל ראש הממשלה נתניהו הסתכמו ההוצאות ב־465,319 ₪ בלבד (ללא הוצאות כוח אדם ואבטחה) – פחות משליש מההוצאה בתקופת כהונתו של בנט.  ‪@shapirayaara‬  📸: פלאש 90, כל התמונות המצורפות לסכומים הן אילוסטרציות⁩",782,3758,995,https://www.instagram.com/p/DbVnW35DYKk/
17944017915256187,2026-07-28,17:01,Reel,REELS,"⁨	⁨	אימו של בניהו רזי ז""ל התבשרה בשידור חי על המעצר של אביאור ששון, החשוד המרכזי ברצח בנה, שהצליח להימלט מהמשטרה עד כה  הריאיון המלא - ב-#כאןבשש  ‪@lielkyzer",157,4204,182,https://www.instagram.com/reel/DbVtIsUlXOi/
17931368649123949,2026-07-28,18:01,Reel,REELS,"⁨	עשרות מטרים מעל הקרקע, עם סיפור חיים שקשה להישאר אדישים אליו: בועז ישתתף בשחזור המופע ההיסטורי מעל גיא בן הינום, כמעט 40 שנה אחרי שפיליפ פטי הימם את ירושלים  urilevy11kan",172,1358,12,https://www.instagram.com/reel/DbVz_QJjdOa/
18068044433474879,2026-07-28,19:15,Reel,REELS,"⁨	ח""כ חנוך מילביצקי נאם בקעמפ חרדי ואמר: ""העמדה שאני מייצג בליכוד היא העמדה השלטת. הרוב המוחלט של מצביעי המפלגה מעריכים ומוקירים את עולם התורה, ומכירים בעובדה שצריך לשמור עליו. אנחנו לא חלק מהרדיפה שמתנהלת נגד עולם התורה, שמונעת משנאת החרדים ומשנאת היהדות""   ‪@shapirayaara‬⁩",275,735,256,https://www.instagram.com/reel/DbV8fA6jF44/
18375447595232723,2026-07-28,23:01,Reel,REELS,"סיפורו של רג'פ טאיפ ארדואן, נשיא טורקיה שרואה בישראל אויב ומצהיר כי ""ירושלים היא העיר שלנו"". האם ישראל ניצבת מול אויב מסוג שלא הכירה?  מתוך ""אויבים"", כאן 11",156,1271,326,https://www.instagram.com/reel/DbWWZebjm9o/
18021477851885736,2026-07-29,09:08,Reel,REELS,"נתניהו לא חושש מממדאני, שרמז שידאג למעצרו כשיגיע לעצרת האו""ם בניו יורק  (איתמר מרגלית) צילום: פוקס ניוז",103,9076,424,https://www.instagram.com/reel/DbXb2vrDoy1/
18111704110982675,2026-07-29,10:03,Reel,REELS,"⁨	החייל ירין קניאס, שמתנדב כזמר בלהקת גדולים במדים, כובש את הרשת - ואת לבבות הגולשים   #חדשותהלילה ‪@davidovitchsharon‬⁩",120,30972,795,https://www.instagram.com/reel/DbXiFnQiK6y/
18141332704492098,2026-07-29,10:51,Reel,REELS,"⁨	למה דווקא בעידן שבו יש לנו אין סוף אפשרויות, נהיה קשה יותר למצוא אהבה? ד""ר שירי רזניק מסבירה בפרק מיוחד לט""ו באב איך האפליקציות, הסושיאל והחיים דרך המסך שינו את הדרך שבה אנחנו בוחרים, מתחייבים ויוצרים קשר.  🎧 ""עד הקצה"" עם ‪‪@kereneubach‬‬, הסכת האקטואליה החדש מבית כאן חדשות, זמין באתר וביישומון כאן ובכל יישומוני ההסכתים⁩⁩",325,236,3,https://www.instagram.com/reel/DbXnqF6jb9N/
18610720204005324,2026-07-29,11:23,Photo,FEED,"⁨	בית המשפט גזר 21 שנות מאסר על ברכאת אבו עסא, שאנס אישה לעיני בנה. האירוע הקשה התרחש לפני כשלוש שנים, כשאבו עסא פרץ לדירתה של אישה בגדרה, בה היא ישנה עם שלושת ילדיה. אבו עסא כפת את ידיה ורגליה, כיסה את עיניה בדבק ואיים לרצוח אותה - כל זאת לעיני ילדיה הקטנים. לאחר מכן הוא גרר אותה לממ״ד ואנס אותה, כשבנה עד לסיטואציה ובוכה. אחרי שאבו עסא עזב את המקום, בנה בן ה-4 סייע לה להשתחרר.   אבו עסא הורשע בפריצה לביתה, באונס ובהתעללות בקטין, וצפוי, כאמור, לרצות 21 שנות מאסר על מעשיו  @hadasgrinberg  📸: פלאש90⁩",503,1648,537,https://www.instagram.com/p/DbXrPM8CXb2/
18100338845588557,2026-07-29,13:19,Reel,REELS,"⁨	כמעט 70% פחות זמן במסיבות בתוך שני עשורים: מה גורם לדור ה-Z להישאר בבית, ולמה ממשלות כבר מחפשות פתרונות?  ‪@michalresh2023‬  #סיפור_עולמי⁩",140,1503,46,https://www.instagram.com/reel/DbX4YCiiVNp/
18132087172552099,2026-07-29,14:11,Photo,FEED,"⁨	החייל התנדב בעצמו לספק מידע מסווג, בידיעה שמדובר באיראנים👇  כתב אישום הוגש נגד חייל ששירת במילואים ביחידה מסווגת, בגין מגע עם סוכן איראני ומסירת ידיעה לתועלת האויב. על דבר הפרשה פורסם לראשונה היום בכאן חדשות  מהחקירה במלמ""ב שבמשרד הביטחון ושב""כ עלה כי הנאשם, בן 28 מרמת גן, עמד בקשר עם גורם שהזדהה בפניו כגורם מודיעין איראני. הנאשם אף התבקש בשלב מסוים לסייע בגיוס חייל לטובת קשר עם אותם גורמים  הגורמים האיראנים שפנו לחייל הציגו את עצמם ככאלה. הם אמרו לו שאפשר יהיה להתחיל מגרפיטי, אך הוא אמר ""יש לי לתת יותר מגרפיטי"". הוא חשף בפניהם את תפקידו ושיוכו ליחידה מאוד מסווגת, ונידב להם מידע מסווג המצביע על יכולות מיוחדות וייחודיות של צה""ל. בין הצדדים החל מו""מ על תשלום, אך ימים לאחר מכן החשוד נעצר  כתב אישום בפרשה הוגש לבית המשפט המחוזי בתל אביב, ובכיר המעורב הוסיף כי זו ""אחת מהפרשות המזעזעות""  (שלי טפיירו) ‪@hadasgrinberg‬  📸: אילוסטרציה, פלאש 90⁩",849,788,88,https://www.instagram.com/p/DbX-hyZAAlW/
18104234492139880,2026-07-29,14:46,Reel,REELS,"⁨	⁨	⁨	ח""כ מנסור עבאס, יו""ר רע""ם: ""אנחנו לא מתווכחים על האם יהיה שירות לאומי (לאזרחים ערבים), אלא על איזה שירות. צריך לחזק את המעמד במדינת ישראל, אי אפשר להשיג שוויון בלי לעשות דבר""  ‪‪@shapirayaara‬‬⁩⁩ 📷: הכנס השנתי של רדיו א-שמס בנצרת",235,3331,923,https://www.instagram.com/reel/DbYChmFiWDr/
18107490329021956,2026-07-29,17:43,Reel,REELS,"⁨	""אחותה השוטרת אמרה לו לא להטריד אותם"": אמו של בניהו רזי ז""ל על הפנייה של בנה למשפחת החשודה לפניו מותו  #גליקותמר @almogtamar @ifatglick",137,4850,126,https://www.instagram.com/reel/DbYWvkFk7GJ/
18366283258209255,2026-07-29,18:40,Photo,FEED,"⁨	רואה ואינו נראה?  למרות שאיש לא פגש בו מאז הפך למנהיג העליון של איראן, מקור מדיני ישראלי בכיר מעיד: אנחנו יודעים בוודאות שמוג'תבא חמינאי חי  @nathanguttman  📷: AP⁩",165,852,53,https://www.instagram.com/p/DbYdVYXCiE0/
18105374057113327,2026-07-29,21:01,Reel,REELS,"⁨	ללא חולצה בתחנת הדלק: זה התיעוד האחרון של אלדר דיין, רגע לפני שנעלם.  במשטרה מעריכים כי דיין ירד למחתרת אחרי שנהג ברכב ללא רישיון נהיגה, פגע בחברו והביא לפציעתו באורח קל.  גורם במשטרה אמר כי החוקרים קרובים למציאתו של הנעדר אלדר דיין: ""אנחנו סוגרים עליו, ייתכן שנגיע אליו ממש בקרוב""⁩",284,501,11,https://www.instagram.com/reel/DbYtdo8kRk8/
18124222381706398,2026-07-29,22:54,Reel,REELS,"⁨	⁨	⁨	""החלטתי שאני אגשים את כל מה שאלמוג לא הספיק. הוא חי דרכי"" 💔  כמעט שנתיים חלפו מאז איבד יגאל את בנו אלמוג, שהיה בין ששת החטופים שנרצחו בעזה. עד היום הנורא הוא פעל בלי הפסקה כדי להשיב את בנו, והיום משימת חייו היא ההנצחה - אבל גם את החלום הזה הוא מנסה להגשים לבד, כמעט בלי עזרה.  להתנדבות ותרומות למרכז הלימודי לזכרו של אלמוג חפשו ""אין טוב מלהיות טוב"", או היכנסו לקישור בסטורי 🔗  ‪‪@orenaharoni‬‬⁩⁩",401,5208,160,https://www.instagram.com/reel/DbY6WtrlTZv/
18013810778919976,2026-07-30,09:21,Reel,REELS,"⁨	⁨	⁨	⁨	⁨	⁨	⁨	""זה יכול לקרות לכל אחד - ארבעה ילדים כבר נהרגו מאז מה שקרה ליותם"" 💔  לפני שנתיים איבדה שירון אלטר את היקר מכל – בנה היחיד יותם שהיה רק בן עשר - כאשר סוללת הליתיום בקלנועית שלה התלקחה בפתאומיות בזמן נסיעה.   שירון עצמה נפצעה קשה מאוד והיום היא מזהירה מהסכנה: ""קנו אך ורק סוללות חדשות ומקוריות והימנעו מסוללות מחודשות, משופצות או מוזלות. הטעינו את הסוללות מחוץ לבית, אך במקום מקורה. נתקו את הסוללה כשהיא טעונה - טעינת יתר עלולה לגרום להתלקחות""  #גליקותמר ‪‪‪‪‪‪@ifatglick‪@almogtamar‬ar‬ar‬ar‬ar‬ar‬ar⁩⁩⁩⁩⁩⁩",519,5131,201,https://www.instagram.com/reel/DbaCGIKDOZZ/
18128765350638696,2026-07-30,11:16,Photo,FEED,"⁨	שורד השבי אביתר דוד במסר ראשון מאז שחזר מהשבי: ""אני מתמודד עם פוסט-טראומה. החלום שלי הוא להשתקם, להתחתן, להקים משפחה בישראל ולחזור באמת לחיים. אם תוכלו לעזור, בתרומה או בשיתוף, אהיה אסיר תודה. ושוב, תודה שנלחמתם עלי""👇  דוד פרסם פוסט בחשבון שלו ברשת האינסטגרם בו כתב: ""האמת? אני לא יודע למה דווקא עכשיו הרגשתי שאני צריך לשתף.אולי כי אחרי יותר משנתיים בשבי, הייתי בטוח שאחרי מה שעברתי שום דבר כבר לא יהיה גדול עליי. נסעתי לרקוד בנובה, ובתוך רגע אחד החיים שלי התהפכו. נחטפתי, הוכנסתי למנהרה חשוכה, וכל מה שחשבתי עליו היה לשרוד עוד יום. ועוד יום. עד שאחזור הביתה""  ""ברגעים שבהם כמעט נשברתי, מה שהחזיק אותי היו המחשבות על ההורים שלי, על המשפחה, על החברים, ועל התקווה שאף אחד לא יוותר עליי. כשחזרתי הביתה קיבלתי יותר אהבה ממה שאפשר לדמיין. אנשים שלא הכרתי סיפרו שהתפללו שאחזור. אחרי כל מה שראיתי שם, עם ישראל הזכיר לי שיש בעולם גם טוב. אבל לאט לאט הבנתי שגם כשחוזרים הביתה, לא הכול חוזר יחד איתך""  ""אני מתמודד עם פוסט־טראומה ועם פלאשבקים. יש רגעים שבהם אני נמצא במקום בטוח, מוקף באנשים שאני אוהב, אבל הראש עדיין חוזר לשם. הבנתי שלשרוד את השבי זה דבר אחד. להשתקם באמת, זה כבר קרב אחר""  ""אני לא כותב כדי שירחמו עליי. אני כותב כי אני רוצה לנצח גם את הקרב הזה. החלום שלי הוא להשתקם, להתחתן, להקים משפחה בישראל ולחזור באמת לחיים. אבל מסע השיקום ארוך, והחברים והמשפחה פתחו למעני גיוס המונים כדי שאוכל להתמקד בהחלמה. אם תוכלו לעזור, בתרומה או בשיתוף, אהיה אסיר תודה. ושוב, תודה שנלחמתם עליי""  בשביל לתרום לשיקום של אביתר, חפשו בגוגל ״להושיט יד לאביתר דוד״  ‪@yaeli_cie‬  📸 (התמונה בפוסט זה היא התמונה שפורסמה בפוסט של אביתר דוד): שימוש לפי סעיף 27 א' בחוק לזכויות יוצרים⁩",1560,1685,25,https://www.instagram.com/p/DbaPWpkDXuZ/
17947599309035996,2026-07-30,12:37,Photo,FEED,"""צעקות הכאב התחלפו פתאום במבט אפאטי"" 👇  חופשה משפחתית בצימר בצפון הסתיימה בחדר המיון, לאחר שילדה בת 8 מבית שמש נשאבה בעוצמה אל פתח השאיבה של הג'קוזי. מכסה הפתח נשלף במים, עוצמת הוואקום מנעה מבני המשפחה לנתק אותה וכפתורי הכיבוי לא פעלו. רק לאחר שהאב ניתק את כבל החשמל הופסקה השאיבה, והילדה פונתה להדסה עין כרם עם דימום תת-עורי נרחב וקשיי נשימה.  בבית החולים נערכו לה בדיקות מקיפות מחשש לפגיעה בשרירים, בעצמות ובאיברים פנימיים. ""לאור הממצא החריג על פני העור, היה חשש שמהוואקום שנוצר נגרמה פגיעה גם בעצמות, בשרירים או אפילו בריאות"", סיפרה ד""ר נורית פיינשטיין מהמחלקה לרפואה דחופה בבית החולים. לאחר טיפול, שיכוך כאבים וייעוץ של כירורג פלסטי, היא שוחררה לביתה למעקב. הוריה הזהירו: ""זה קריטי להכיר את מערכת השאיבה ולבדוק מראש אם יש חלקים שנשלפים""  @veredpelman  צילום גב הילדה עם הפגיעה הנרחבת: דוברות בית החולים הדסה",811,3195,133,https://www.instagram.com/p/DbaYkZAjPSp/
17941378800268836,2026-07-30,14:35,Reel,REELS,"מרד בגבעתי: חיילים מחטיבת גבעתי המוצבים בבסיס שדה תימן פתחו היום במרד ועזבו את הבסיס, לאחר שמפקד הגדוד הורה להם להרוס את פינת הזיכרון של הגדוד. חייל מהבסיס מסר לכאן חדשות: ״מסיבה לא ברורה רס״ר המשמעת ניפץ את השלטים של הנופלים שי ארבס ועדי ליאון ועוד הרבה נופלים, אלה שלטים שאנחנו לוקחים איתנו לכל פעילות. זה היה ממש כואב והחלטנו ללכת״  מצה""ל נמסר: ""החיילים התבקשו להסיר שלטים הקשורים במסורת 'צעירות ותיקות' בגדוד, האירוע מתוחקר""  @roysharon11 @carmela_menashe @itayblumental @itsik_z",483,3935,242,https://www.instagram.com/reel/DbamCeMEbxP/
17984707320039884,2026-07-30,15:50,Reel,REELS,⁨	מישהו הזיז את הקוטג' של רותי ברודו? מחר ב-20:00 בחדשות שישי  ‪@yuval_agassi‬⁩,79,643,6,https://www.instagram.com/reel/DbauklaCv4z/
18104171186158303,2026-07-30,19:14,Photo,FEED,"⁨	⁨	חשוד בשלוש תקריות שונות 👇  תושב רמת גן בשנות ה-40 לחייו נעצר בחשד שניפץ את דלת הכניסה למערכת חדשות 12 בתל אביב וכתב מכתב מאיים כלפי עובדי החברה.   דלת הכניסה למערכת החדשות נופצה בלילה שבין שני לשלישי, והאירוע זוהה במהלך סיור שגרתי של ניידת משטרה. בנוסף, נמצא מכתב איומים שהונח מחוץ לדלת הכניסה, שבו נכתב: ""עד שלא תבקשו סליחה בפרשת שדה תימן אני לא עוצר - מישהו ימות. בפעם הבאה הלבנה תהיה מכוונת לאחד מהראשים שלכם"".  ביום שלישי פורסם בכאן חדשות כי במשטרה סבורים שמי שעומד מאחורי המעשה אחראי גם לשתי תקריות נוספת של ניפוץ שמשות במערכות חדשות 12 ו""הארץ"".   בניתוח התיעודים מהזירות השונות הצליבו החוקרים את מבנה גוף וגובה החשוד, שהיו זהים. בשניים מהאירועים הוא נעל נעלי ""ניו באלאנס"" כחולות זהות, ובשניים מהאירועים עטה כפפות לבנות זהות, וכן כיסוי פנים וכובע זהים.  בנוסף, תנועות הגוף שתועדו בבריחה מעלות כי מדובר באותו אדם, וכן העובדה שהשלכת הלבנים בוצעה ביד שמאל. כל הסימנים האלה, אמרו אז במשטרה, מעידים כי חשוד אחד עומד מאחורי כל התקריות  ‪@hadasgrinberg‬ @anna.pines  📷: לפי סעיף 27א', דוברות המשטרה⁩⁩",1002,425,80,https://www.instagram.com/p/DbbGDbAnP2Q/
18327803212278130,2026-07-30,19:43,Reel,REELS,"⁨	⁨	⁨	⁨	⁨	״מצב חירום ביטחוני והומניטרי״: אלפי מהגרים נכנסו היום אל תוך העיר סאוטה, מובלעת ספרדית המוקפת בטריטוריה מרוקנית בצפון אפריקה. בסרטונים שתיעדו את גלי המהגרים שחדרו פנימה, המהגרים הצליחו לעבור רגלית מסביב לגדרות שמקיפות את המובלעת, דרך הים, ונכנסו לתוכה ללא אישור רשמי.  במובלעת קראו לסיוע של הצבא הספרדי כדי להתמודד עם כניסת המהגרים ההמונית. וזאת לאחר שמוקדם יותר השבוע כבר חצו את הגבול 1,500 מהגרים מרוקנים נוספים. אף על פי שהקהילה הבין-לאומית מכירה בסאוטה כטריטוריה של ספרד, מרוקו תובעת להחיל את הריבונות שלה על שטח זה. ייתכן והפריצה ההמונית של המהגרים היום ובשבוע האחרון קשורה גם לכך (איתמר מרגלית)⁩⁩⁩",613,2968,370,https://www.instagram.com/reel/DbbJTDkEY_J/
18028121222846472,2026-07-30,20:30,Photo,FEED,"⁨	אירופה מאיימת להשאיר את המונדיאל בלי הנבחרות שלה 👇  55 ההתאחדויות החברות באופ""א, ובהן ישראל, הודיעו כי לא ישתתפו בתחרויות פיפ""א כל עוד התוכנית להכניס משקיעים פרטיים לעסקי המונדיאל נותרת על הפרק. המהלך, שגובש בסיוע בנק ג'יי.פי מורגן, כולל מכירת נתח מהישות המסחרית שתנהל את זכויות המונדיאל ותחרויות נוספות, בין היתר למיליארדר ג'וש קושנר, אחיו של חתנו של נשיא ארה""ב דונלד טראמפ. באופ""א הבהירו: ""המונדיאל אינו למכירה"".  התוכנית מבטיחה להזרים מיליארדים לכדורגל העולמי, אך כוללת גם יותר טורנירים ועלייה במחירי הכרטיסים. באירופה דורשים מפיפ""א לבטל אותה לחלוטין, ומזהירים כי עד אז הנבחרות האירופיות יישארו בחוץ.  @yoavborowitz @ramelibrandts  📸: Tony Gutierrez/AP ;Dylan Martinez, Carlos Barria/Reuters⁩",697,830,8,https://www.instagram.com/p/DbbOv4iDIqw/
18191066419385417,2026-07-30,21:12,Reel,REELS,"⁨	⁨	⚠️ אזהרת תוכן קשה לצפיה ⚠️   פרשיית המלקות שמזעזעת את לוב: סרטון המתעד אנשי כוחות ביטחון בלוב, מבצעים עונש מלקות באישה בגין עבירת ניאוף (שיכולה להתייחס לבגידה אך גם לקיום יחסים מחוץ לגבולות הנישואין), מעורר הדים ברשתות החברתיות בעולם הערבי. לאחר שהתיעוד פורסם וזכה לחשיפה המשטרה המקומית פרסמה הודעה בה היא מגנה את המקרה ומבהירה כי לא כך צריך להיות מיושם העונש, אך כוונתה היא בעיקר לבעיית הפומביות, ביצוע העונש ברחוב וצילומו. החוק בלוב מאפשר עונשי מלקות על עבירות רבות ושונות, וביניהן גם הניאוף, שהעונש עליה הוא מאה הצלפות בשוט  התיעוד והדיווח המלא מתוך התוכנית ״בשכונה שלנו״ בכאן חדשות, כל יום חמישי ב-17:00⁩⁩",613,2118,395,https://www.instagram.com/reel/DbbTgvpFG5Y/
17922199770402540,2026-07-30,23:14,Reel,REELS,⁨	מורמים על כתפיים: העצורים שהתפרעו בביתו של שופט בית המשפט העליון נועם סולברג בחודש שעבר התקבלו בתשואות בטקס המוני בירושלים  @daniel.grovais  📷: DOOVIDE⁩,154,1262,696,https://www.instagram.com/reel/Dbbhc0cgd1U/
18093331700576022,2026-07-30,23:43,Photo,FEED,"ישראלי בשנות ה-30 לחייו נדקר בפסטיבל ""אוזורה"" בהונגריה 👇  צוות האבטחה של פסטיבל המוזיקה ""אוזורה"" ההונגרי הזעיק את המשטרה מוקדם יותר השבוע אחרי שגבר ישראלי בשנות ה-30 לחייו נדקר בשטח הפסטיבל.   שני גברים נעצרו בחשד לתקיפה בנסיבות מחמירות. ""המשטרה תמשיך לבצע בדיקות ותעבוד בשיתוף פעולה הדוק עם המארגנים כדי להבטיח את שלומם של באי הפסטיבל"", מסרה המשטרה המקומית.  מוקדם יותר השבוע נעצרו בלגי, ישראלי ופורטוגלי בשטח הפסטיבל לאחר שנתפסו בעת מכירת סמים. בנוסף למעצר, נפתחו נגדם הליכים בגין סחר בסמים לכאורה  (דב גיל-הר) 📷: FACEBOOK - Ozora Festival official",550,1071,39,https://www.instagram.com/p/Dbbkz-1DiV-/
18060943679758874,2026-07-31,03:02,Photo,FEED,"""צעד בדרך לשלום""  נשיא ארצות הברית הכריז כי ""מועצת השלום לעזה הגיעה להסכם היסטורי לפירוק מוחלט מנשק של חמאס ושאר הקבוצות החמושות ברצועה"". הוא הוסיף בפוסט שעלה ברשת החברתית שלו TRUTH: ""זה צעד מונומנטלי קדימה לשלום ולביטחון"".   גורמים בממשל האמריקאי הצהירו שהושגה הסכמה של חמאס ויתר ארגוני הטרור בעזה לעסקה. הגורמים הבהירו כי ""אנחנו משוכנעים שישראל תעמוד בהסכם. אם היא לא תעשה זאת טראמפ יהיה מאוד מאוכזב. אנחנו מאמינים שישראל תמשיך להיות פרטנר טוב ושתעמוד בדרישות ההסכם"".  נשיא ארצות הברית ציין כי אחרי שיושלם פירוק חמאס מנשקו ישראל תסיג את כוחותיה מעזה, ובמקומם יכנס כוח הייצוב הבין-לאומי. גורמים במועצת השלום מסרו לאחר הצהרת טראמפ כי ""התוכנית קובעת שתהליך הנסיגה יהיה הדרגתי, אי אפשר לצפות שישראל תיסוג אם יש עדיין איום חמאס בעזה"".  במועצת השלום אמרו עוד כי ישראל תצטרך לעמוד בדרישות לסיוע הומניטרי ולהפסקת הפעולות הצבאיות כפי שנקבע בשלב הראשון. עוד נאמר כי ""שום נשק לא יימסר לישראל או לגורם לא פלסטיני, 'ועדת הטכנוקרטים' שאמורה לקבל את השליטה בעזה תהיה הגורם היחיד שישמור על הנשק"". לפי הערכות שנמסרו לכלי תקשורת ערבים, מסגרת הזמנים ליישום ההסכם היא כחודשיים.",1059,577,121,https://www.instagram.com/p/Dbb7mH7jH47/
17969339000933874,2026-07-31,12:12,Reel,REELS,"הפריצה ההמונית שלא עוצרת 👇  כלי התקשורת בסאוטה, המבולעת הספרדית בצפון אפריקה מדווחים שזרם המהגרים ממרוקו לא עצר גם בשעות הלילה. לפי הערכות מספר האנשים שחדרו לשטח ספרד עומד על כ-50 אלף בני אדם, וייתכן אף יותר. סאוטה היא מובלעת קטנה לחופי הים התיכון ששוכנת בשטח אפריקה, גובלת במרוקו מכל הכיוונים ונמצאת בשליטת ספרד.  בתיעוד שהפך לוויראלי ומשך אלפי תגובות, נראית משאית עמוסה באנשים ש""פורקת"" אותם בשטח מרוקו סמוך לגבול, בחסות שוטר מרוקני שצופה מקרוב על האירוע. בתיעודים נוספים נראים מאות אנשים פורצים למובלעת דרך הים, חלק מהם בחליפות צלילה ואף מצוידים באופניים.   ״זרם העוברים לא נפסק"", נכתב בעיתון המרכזי במובלעת הספרדית. ""אנשים ממשיכים להגיע ממרוקו וממשיכים ללחוץ על שובר הגלים. ילדים קטנים  מסתובבים בעיר, ומבוגרים בחליפות צלילה. זה לחץ עצום ומצב קיצוני, והוא לא מראה סימני האטה"". לפי העיתון, כמות אנשי הביטחון באזור הגבול תוגברה, אולם זרם החוצים לא עצר.   באיטליה האשימו את הממשלה במדריד בתמיכה בפריצה ההמונית, וקראו להוציא את ספרד מאמנת שנגן המאפשרת מעבר חופשי בין מדינות באירופה.  היום צפוי ראש ממשלת ספרד להגיע למובלעת בעקבות המשבר.  @דוב גיל-הר",1048,2400,196,https://www.instagram.com/reel/Dbc6cdoEXgP/
18195416794327645,2026-07-31,13:16,Reel,REELS,"הפיצוץ הענק בלבנון ש""צבע"" את ההר 👇  12 שעות אחרי הפיצוץ שביצע צה""ל במתחם התת קרקעי של חיזבאללה באזור הבופור, ההר נצבע לבן בעקבות האבק הרב שהתפזר כתוצאה מהפיצוץ. ענני אבק עדיין מתאבכים מעל דרום לבנון, מטולה וישובים סמוכים. בפיצוץ נעשה שימוש בכ-700 ק""ג של חומר נפץ, ותושבי האזור קיבלו התרעה מראש. לפי צה""ל, במתחם התת קרקעי ששכן כשישה ק""מ מהגבול עם ישראל, פעלה מפקדת ""כוח באדר"" של חיזבאללה ושוגרו ממנו כטב""ים וטילים לעבר יישובי הצפון. עוד נמסר כי המתחם נחפר על ידי חיזבאללה במשך כשני עשורים.  @rubih",496,2240,48,https://www.instagram.com/reel/DbdBzshjhFb/
17927391867144313,2026-07-31,13:52,Reel,REELS,"העונשים אחרי המרד בגבעתי 👇  14 לוחמים שהשתתפו במרד בגדוד ""צבר"" ויצאו מבסיסם ללא נשק, נשפטו ל-30 ימי מאסר והודחו מלחימה. מדובר צה""ל נמסר כי הלוחמים נשפטו על ידי מפקד חטיבת גבעתי אל""מ נתנאל שמכה. לפי ההודעה, מדובר בלוחמים ש""הובילו את האירוע"". עוד נמסר כי כ-80 לוחמים נוספים שיצאו מהבסיס ושבו אליו ""יעברו יחד עם מפקדיהם תהליך פיקודי וחינוכי לחיזוק המשמעת"".  המרד החריג התרחש אתמול לאחר שלוחמים ותיקים בגדוד נטשו את בסיס שדה תימן, במחאה נגד מפקדים שהסירו שלטים שתלו החיילים בגדוד. בתיעודים שפורסמו ברשת נראו הלוחמים קוראים קריאות נגד המפקדים, ואחרים אמרו כי התחושות הן ש""יורקים לנו בפנים"".  @roysharon11",599,621,58,https://www.instagram.com/reel/DbdF5IclJcJ/
18086422766188557,2026-07-31,18:45,Photo,FEED,"⁨	⁨	⁨	⁨	עבד כרופא בשיפא ופשט לישראל ב-7 באוקטובר: צה״ל ושב""כ חיסלו סגן ראש חוליה בחמאס שהחזיק בשורדת השבי רומי גונן וברב""ט נועה מרציאנו ז""ל לאחר הירצחה.  המחבל, ששימש במקביל לתפקידו בחמאס כרופא בבית החולים שיפא, פשט לשטח מדינת ישראל במהלך טבח 7 באוקטובר. בתחילת המלחמה החזיק ברומי גונן - גם בבית החולים שיפא, וברב""ט נועה מרציאנו ז""ל לאחר הירצחה, עד הבאתה לישראל  ‪‪@itayblumental‪@carmelamenashe‪@itsik_z‬ik_z‬ik_z  📷: דובר צה""ל, לפי סעיף 27א'⁩⁩⁩⁩",447,2545,29,https://www.instagram.com/p/Dbdngh2HOWp/
18021292646890883,2026-07-31,19:36,Carousel,FEED,"⁨	⁨	שורדת השבי רומי גונן מגיבה לחיסול המחבל שהחזיק בה: ""תסתכלו עליו. זה הראשון שהרס לי את התמימות, לכלך לי את הנשמה. אחרי ארבעה ימים בעזה הוא לא יכל להתאפק ונכנס אחריי למקלחת. המחבל הזה היום בגיהנום ואני כאן חיה. המוות שלו לא ימחק כלום, אבל הצדק נעשה. עד האחרון שבהם!"".  המחבל שחוסל שימש במקביל לתפקידו בחמאס כרופא בבית החולים שיפא, ופשט לשטח מדינת ישראל במהלך טבח 7 באוקטובר. בנוסף לרומי הוא החזיק בתצפיתנית החטופה רב""ט נועה מרציאנו ז""ל לאחר הירצחה  ‪@yaeli_cie‬  📷: מתוך האינסטגרם⁩⁩",484,9591,77,https://www.instagram.com/p/DbdtYHonBeC/
18142581079480105,2026-08-01,08:01,Reel,REELS,"⁨	זה סיפור שיש בו אגו, זעם והרבה הרבה כסף: מה ומי עומדים מאחורי שלטי החוצות נגד צביקה נווה?  הכתבה המלאה של ‪@daniel.elazar‬ - הערב בחדשות השבת⁩",144,600,33,https://www.instagram.com/reel/DbfCjPnje0s/
18111082882976121,2026-08-01,08:32,Photo,FEED,"איראן מאיימת בתגובה: ""נתקוף תשתיות קריטיות - גם בישראל""👇  ארה""ב וישראל מתכננות סדרת הפצצות עוצמתית במיוחד נגד יעדי תשתית אנרגיה באיראן, כולל תחנות כוח ובתי זיקוק - כך דווח ברשת CBS ובוושינגטון פוסט. על פי הדיווח, התקיפות עשויות להתבצע כבר במהלך סוף השבוע.  עוד דווח כי התוכנית עלתה לדיון בישיבת הקבינט אתמול של נשיא ארה""ב טראמפ ב""קמפ דייוויד"". טראמפ עדיין לא נתן את האישור הסופי. כמו כן, שמקורות אמריקנים אמרו שישראל מיודעת על כך ומתאמת את המהלכים עם וושינגטון, אולם מקור ישראלי אמר שבירושלים לא יודעים על החלטה שהתקבלה.  לפי דיווח נוסף בוול סטריט ג'ורנל, טראמפ הורה על מתקפה חדשה נגד איראן, שמטרתה להביא לכניעתה של טהראן. גם להם מסרו גורמים רשמיים בארצות הברית כי המתקפה עשויה להתחיל כבר בסוף השבוע הקרוב ולהימשך מספר ימים.  סוכנות הידיעות האיראנית ""תסנים"" פרסמה איום בשם ""גורם ביטחוני בכיר"", שאמר: ""תוכנית התגובה של איראן כוללת תשתיות קריטיות של ישראל ותשתיות אנרגיה של ארצות הברית באזור"".  📸: AP, פלאש 90 (יונתן זינדל) @moavvardi @ramelibrandts",947,1497,139,https://www.instagram.com/p/DbfGKnRjZN_/
17970476195929599,2026-08-01,11:01,Reel,REELS,"⁨	4 שנים חלפו מאז נהרג כליל קמחי כתוצאה מבולען בבריכה, אך הצימר בו קרה האסון ממשיך לפעול - ובעליו עדיין לא נענשו. כעת פונה אימו ומבקשת: ""רוצים משפט צדק, בלי עסקאות טיעון הזויות""  #גליקותמר ‪@ifatglick‪@almogtamar‬ar⁩",216,3565,202,https://www.instagram.com/reel/DbfXLXqDU4W/
17991580085829560,2026-08-01,14:13,Reel,REELS,"⁨	⁨	עשרות חרדים הפגינו בירושלים שבת חמישית ברציפות מול קפה ""בסימטה"" בשל בחירת בעליו להפעילו בשבת. עימותים נרשמו במקום בין שוטרים לבין מפגינים חרדים שניסו לפרוץ את המחסומים שהציבה המשטרה.  טרם התגלעו העימותים במקום, בעל העסק, יואל בן דוד, אמר לכתבתנו כי השבת - בניגוד לשבתות קודמות - המשטרה נערכה למספר קטן יותר של מפגינים, ולכן למקום הגיע כוח שיטור מצומצם יותר.  רק לאחר שההפגנה יצאה משליטה, כוחות משטרה נוספים נשלחו למקום ופיזרו את המפגינים בכוח.  ‪‪@veredpelman‬‬⁩⁩",467,4011,956,https://www.instagram.com/reel/DbftKc8CqJU/
17959593804159224,2026-08-01,15:39,Carousel,FEED,"במקום שבו נפל - באוגנדה הקימו אנדרטה לזכר יוני נתניהו 👇  רמטכ”ל צבא אוגנדה, גנרל מהוזי קיינרוגבה, חשף אנדרטה לזכר סא”ל יוני נתניהו בטרמינל הישן באנטבה - המקום שבו נפל במהלך המבצע לשחרור נוסעי טיסת אייר פראנס ב-1976.  קיינרוגבה הדגיש כי האנדרטה מסמלת את הידידות המתמשכת ואת השותפות הביטחונית בין אוגנדה לישראל.  @ramelibrandts",325,5420,84,https://www.instagram.com/p/Dbf2_pYglrU/
18115811270316190,2026-08-01,16:38,Reel,REELS,"⁨	""זו השליחות שלי"": דודי מזרחי קיבל דוח על עבירה שלטענתו לא ביצע. הוא לא הסכים לשלם את 200 השקלים - והגיע עם הערעור עד לבית המשפט העליון  #חדשותהלילה ‪@davidovitchsharon‬⁩",171,3840,125,https://www.instagram.com/reel/Dbf9uItCihU/
17950603620215371,2026-08-01,19:08,Reel,REELS,"⁨	""בתור יהודים, למדנו  שצריך ללכת בזמן"": איריס וחגי מאירי אגמון-שניר, בני זוג פטריוטים שהקדישו את חייהם לחינוך ומעורבות חברתית, עזבו את הארץ לאיטליה  ‪@moavvardi‬⁩",163,1530,1184,https://www.instagram.com/reel/DbgO7EWlWIx/
18112934086942866,2026-08-01,20:42,Reel,REELS,"⁨	דובר צה""ל אישר: חייל בן 19 נעצר בחשד לכך שירה בילד פלסטיני בכפר אל-מוע'ייר שבבנימין, ופצע אותו. החייל החשוד, תושב בנימין, היה בחופשה בזמן האירוע   @roysharon11 @veredpelman @carmela_menashe @liranaharoni_",206,1378,423,https://www.instagram.com/reel/DbgZp7QmmV8/
17868057405635390,2026-08-01,21:14,Carousel,FEED,"התרגיל החדש של חמאס: בארגון הטרור החלו לחלק לפעילים ברצועת עזה ""נשק אישי"" - שיישאר בידיהם גם אחרי פירוק חמאס מנשקו >>>   @eliorlevy  📸: AP/Abdel Kareem Hana",156,506,49,https://www.instagram.com/p/DbgdW3Vjnrx/
18093192488575518,2026-08-01,21:38,Photo,FEED,"אדולפה, אישה טרנסג'נדרית בת 55 מגרמניה, עמדה לדין בעקבות קעקועים של צלב קרס. היא נולדה בשם אנדריאה, והחליפה את שמה לאדולפה, על שמו של אדולף היטלר. ההערצה לפיהרר לא מסתיימת רק בשמה, והיא מתהדרת בשפם ובתספורת שמזכירים את אלו של המנהיג הנאצי. אדולפה דרשה מאנשי בית המשפט לפנות אליה בלשון נקבה, וכשצלצל הטלפון שלה בהפסקה מהדיון, היא ענתה: ""הייל היטלר""   (דב גיל-הר)",361,3543,240,https://www.instagram.com/p/DbggD7rEQss/
18099838505223355,2026-08-01,23:30,Reel,REELS,"העיתונאי המיתולוגי אורן נהרי, שחלה בניוון שרירים: ""עצוב על השנים שהייתי יכול להיות עם ורד, הילדים והנכדים""  (איתמר מאירי)",121,5880,283,https://www.instagram.com/reel/Dbgs4bYFPAb/
17909165346272776,2026-08-02,08:23,Photo,FEED,"⁨	בוקר של דז׳ה וו 👇  בתום יממה מתוחה, נשיא ארצות הברית דונלד טראמפ ביטל תקיפה עוצמתית באיראן לבקשתה ולבקשת מדינות נוספות, תחת ההבטחה שמצר הורמוז ייפתח ושאיום הגרעין יוסר.   טראמפ הודיע אודות ביטול המתקפה המתוכננת ברשת החברתית Truth שבבעלותו, שם כתב כי “התבקשנו על ידי איראן ומדינות נוספות במזרח התיכון לעצור כל מתקפה, במסגרת הבנות לעסקה שתכלול פתיחה מוחלטת של מצר הורמוז, וסוף לאיום הגרעין האיראני”.  נשיא ארצות הברית הסביר כי הוא הסכים לבקשה לטובת “העולם כולו, ולטובת הישרדותה ושגשוגה של איראן”.עוד הוסיף טראמפ כי ישראל גם היא חלק בהתחייבות שלא לתקוף באיראן.   מוקדם יותר, דווח ב”אקסיוס” כי יורש העצר הסעודי, מוחמד בן סלמאן, הביע בפני נשיא ארצות הברית את חששו מהתוכנית לתקוף באופן נרחב את איראן - כך לפי שני גורמים אמריקנים ומקור נוסף המעורה בפרטי השיחה שנערכה בין השניים בשבת.  “הסעודים הביעו דאגה וביקשו הבהרות לגבי תוכנית הפעולה”, אמר גורם אמריקני ל”אקסיוס”. המקור הנוסף מסר כי בן סלמאן דחק בטראמפ “להרגיע את הרוחות ולהימנע מיציאה לתקיפה”.  כחצי שעה לפני הודעת טראמפ, שר החוץ האמריקני, מרקו רוביו, אמר בריאיון ל”פוקס ניוז” כי איראן “רצתה להגיע למצב שבו תהיה לה כמות גדולה של טילים וכטב”מים אשר באמצעותם תוכל למנוע פגיעה במאגר הגרעיני שלה”.  לדבריו, ""הסיבה היחידה שהם מוכנים לעסקה על פירוק הנשק והמצר היא שארה""ב מטפלת בהם כעת מנקודת עוצמה ולא מנקודת חולשה כפי שהיה בעבר"".  @nathanguttman  📸: AP",1297,736,98,https://www.instagram.com/p/DbhptBoiozd/
18371224063235363,2026-08-02,09:30,Reel,REELS,"⁨	⁨	למה חרדים לא רוצים לחיות במדינה עם רוב חרדי? המשפיענית והפעילה החרדית ציפי לביא מספרת מה היא שומעת מכל חרדי שהיא שואלת, ומסבירה למה ההתנהלות בבני ברק מעוררת חשש דווקא בחברה החרדית עצמה.  🎧 ""עד הקצה"" עם ‪‪‪@kereneubach‬‬‬, הסכת האקטואליה החדש מבית כאן חדשות, זמין באתר וביישומון כאן ובכל יישומוני ההסכתים⁩⁩⁩",310,1299,76,https://www.instagram.com/reel/DbhxkelCtsq/
18122442661744332,2026-08-02,10:53,Photo,FEED,"⁨	""למה תקפו? אני לא יודע"": האלימות נגד נהגי אוטובוס נמשכת 👇  נהג אוטבוס הותקף הלילה בקו 2 בירושלים. הנהג החל משמרת ועצר בצומת אשכול -רמות ברמזור אדום, כשמספר צעירים החלו להכות בדפנות האוטובוס. הנהג פתח את החלון ואז ספק חבטות קשות אשר הובילו לאבדן הכרה, לנפילת ארבע שיניים וחבלות בפניו.  לאחר ששבה הכרתו של הנהג שמע את הצעירים ממשיכים לאיים ולקלל אותו. הנהג נחלץ מהצומת ויצר קשר עם המשטרה. הוא פונה לטיפול רפואי.   מ' הנהג המותקף סיפר: ""רק התחלתי משמרת. אני שומע מכות עזות בצד הרכב. רק פתחתי את החלון ואני חוטף מכות אדירות. לא הייתי בהכרה אולי 2 דקות. כשהתאוששתי אני מרגיש דם בפה. מסביב - קללות וצעקות ופרצופים מלאי שנאה. על מה? אני לא יודע. בסה""כ התחלתי משמרת.""  ""נבהלתי ועברתי את הצומת, אבל עדיין לא הייתי כנראה בהכרה מלאה והרגשתי שאני מאבד שליטה. במזל הצלחתי להחנות האוטובוס. לא רוצה לחשוב מה יכול היה לקרות עם היו נוסעים על האוטובוס"".   המשטרה פתחה בחקירת המקרה.  ‪@veredpelman‬ 📸: כוח לעובדים⁩",897,958,111,https://www.instagram.com/p/Dbh7B8Fj5kG/
17899698747543039,2026-08-02,14:58,Carousel,FEED,"29 פריצות, שעתיים - ונער אחד בן 16 👇  זה כל מה שנדרש, במסע הפריצות השיטתי בקריית מלאכי, כדי לשתק שכונה שלמה - ולהימלט עם השלל אל מעבר לקו הירוק. צפו בתיעודים שמספרים את הסיפור כולו מההתחלה >>>  @itsik_z",202,1779,153,https://www.instagram.com/p/DbiXIlvDG77/
18137264374589544,2026-08-02,17:16,Reel,REELS,⁨	שני מסוקי כיבוי התנגשו אחד בשני בזמן כיבוי שרפה מערבית לאתונה. שירות הכבאות היווני מסר כי מתנהלים חיפושים אחר צוותי האוויר  ‪@ramelibrandts‬  📸: שימוש לפי סעיף 27 א' לחוק זכויות יוצרים⁩,187,478,8,https://www.instagram.com/reel/Dbim3U1At0j/
18111200818959414,2026-08-02,20:24,Carousel,FEED,"ראש בראש לראשונה מזה מספר שבועות 👇  מי עלו, מי צללו, ומי - למרות שינויים ושיריונים שנועדו להשיג קולות חדשים - נשארו על אותו מספר מבלי לזוז בכלל? סקר כאן חדשות בהובלת דודי חסיד ומכון קנטאר עם כל העדכונים >>>  @shahar.glick.news @shapirayaara  📸: פלאש 90",252,1115,268,https://www.instagram.com/p/Dbi8b1ZljbD/
18415323988145335,2026-08-02,22:56,Reel,REELS,⁨	מה עומד מאחורי ההיעלמות המסתורית של הקוטג'?  ‪@yuval_agassi‬⁩,63,3383,135,https://www.instagram.com/reel/DbjNxJwDID5/
18405492793086057,2026-08-02,23:19,Photo,FEED,"ברקע הביקורת הגוברת: אריאנה גרנדה תיקח פסק זמן מהחיים הציבוריים לאחר סיום סיבוב ההופעות  הזמרת אריאנה גרנדה צפויה לקחת הפסקה מהחיים הציבוריים לאחר שסיבוב ההופעות הנוכחי שלה, Eternal Sunshine Tour, יגיע לסיומו בלונדון ב-1 בספטמבר. הצעד מגיע ברקע העיסוק התקשורתי והציבורי הגובר במצבה הבריאותי ובמראה החיצוני שלה  דובר מטעמה של גרנדה אישר את הידיעה בבלעדיות למגזין PEOPLE: ""אריאנה תיקח צעד אחורה מחשיפה ציבורית לאחר שתשלים את סיבוב ההופעות. היא מצפה לסיים את הסיבוב בטון חיובי, בבריאות ובשמחה, ולאחר מכן לקחת הפסקה מוצדקת מאוד מעבודות ומהופעות פומביות""  הדובר הוסיף כי סיבוב ההופעות היה ""חוויה יפהפייה עבורה. היא אוהבת את המעריצים שלה ואהבה כל רגע בטור הזה.  במקביל להודעה על ההפסקה, אושר כי גרנדה לא תשתתף כמתוכנן בהפקת המחזמר Sunday in the Park with George בלונדון, שבה הייתה אמורה לככב בקיץ הבא לצד ג'ונתן ביילי, שותפה לסרט Wicked  הדיון הציבורי סביב מראה החיצוני של גרנדה הגיע לשיא חדש בימים האחרונים, לאחר שחרור הווידאו קליפ לסינגל ""Petal"" מתוך אלבומה החדש בעל אותו השם, שיצא ב-31 ביולי. הזמרת, שזכתה בעבר בפרסי גרמי, הגיבה בעבר מספר פעמים לביקורת ולשיח סביב גופה, וכעת נראה שהחליטה להתרחק מאור הזרקורים לתקופה הקרובה  @amitharari8  📸: מתוך הקליפ של אריאנה גרנדה לשיר ""petal""",1177,1832,107,https://www.instagram.com/p/DbjQfi5ABmf/
17925846366390295,2026-08-03,08:33,Carousel,FEED,"⁨	בריאיון בערוץ 14 - שר הביטחון הדיח אלוף בצה""ל 👇  שר הביטחון ישראל כ""ץ עורר סערה כאשר הודיע בריאיון טלוויזיוני על הדחתו של אלוף פיקוד המרכז אבי בלוט. גורמים בצה""ל תקפו בחריפות את שר הביטחון בשיחה עם כאן חדשות, ואמרו כי האלוף בלוט יישאר בתפקידו: ""מדובר בהחלטה הזויה, שר שחושב שצה""ל הוא סניף של הליכוד"".  בהודעה שיצאה מטעם דובר צה""ל לאחר דבריו של כ""ץ בריאיון בערוץ 14, נכתב כי המהלך לא תואם עם הרמטכ""ל, וכי אין כוונה להזיזו מתפקידו. ""האלוף בלוט מפקד על פיקוד המרכז במציאות מורכבת, במקצועיות, באומץ ובהקרבה והוא זוכה לאמון מלא. אין בכוונת הרמטכ״ל להחליף מפקדים בתפקידי מפתח בתקופה רגישה זו"".  מלשכת שר הביטחון נמסר כי המהלך הגיע בעקבות המלצתו של הרמטכ""ל אייל זמיר. ""כבר בסוף חודש אפריל המליץ הרמטכ”ל לשר כ""ץ למנות את אלוף דדו בר כליפא למפקד פיקוד המרכז, ואף ביקש ממנו לראיין אותו לתפקיד. שר הביטחון התרשם כי הוא המועמד המתאים ביותר לפקד על פיקוד המרכז, והחליט כעת להודיע על קבלת המלצת הרמטכ""ל ועל המינוי הצפוי בסבב המינויים הבא"".  המהלך של כ""ץ עורר סערה במערכת הפוליטית, כשראשי האופוזיציה תקפו בחריפות את המהלך.  @carmela_menashe @itayblumental  📸: פלאש 90, חיים גולדברג ויונתן זינדל⁩",1082,1065,189,https://www.instagram.com/p/DbkP1i_DRnT/
17882183085614980,2026-08-03,09:42,Photo,FEED,"הם הצטלמו במדי בית החולים, האח הרפואי התפאר כי שלח ישראלים לגיהינום, והאחות אמרה שאם יגיע אליה מטופל ישראלי היא ""תהרוג אותו"". כעת מגיעה התפנית המשפטית: לפי רשת ABC האוסטרלית, בית המשפט לערעורים בניו סאות' ויילס הפך את החלטת הערכאה הקודמת וקבע כי הסרטון הלא-ערוך, שבו קיימו שיחה עם הבלוגר הישראלי מקס וייפר, יוכל לשמש כראיה במשפטם של שני עובדי בית החולים לשעבר מסידני, שצפוי להתחיל בסוף החודש.  עורכי דינם טענו כי הסרטון הושג שלא כדין ותוך הפרת חוקי הפרטיות, אך ערעור התביעה התקבל. במהלך הדיון טענה התביעה כי ללא התיעוד, חבר המושבעים לא יוכל להתרשם כראוי מהקשר השיחה, מהטון, מהמחוות ומהבעותיהם של השניים. שניהם כפרו באישומים של שימוש באמצעי תקשורת לצורך איומים והטרדה, ולאחות מיוחס גם איום באלימות נגד קבוצה  @ramelibrandts  📸: צילום מסך, רשתות חברתיות",751,12101,341,https://www.instagram.com/p/DbkXzXujPhr/
18103758158154980,2026-08-03,10:53,Photo,FEED,"⁨	אחרי הריאיון שעורר סערה בערוץ 14, כ""ץ מגיב 👇  ""הניסיון להציג את דבריי כאילו קראתי להדחת אלוף פיקוד המרכז בשידור הוא שקר מוחלט, כחלק מקמפיין פוליטי שמכוון נגד הממשלה.  ב-24 באפריל פורסם בחדשות 12 כי הרמטכ”ל המליץ למנות את ראש אכ”א, האלוף דדו בר כליפא, למפקד פיקוד המרכז.  ב-28 ביולי פורסם בחדשות 14 כי קיבלתי את המלצת הרמטכ”ל, ולאחר שקיימתי עם האלוף בר כליפא ריאיון והתרשמתי כי הוא המועמד המתאים ביותר, החלטתי לקדם את מינויו בהתאם לנהלים.  בריאיון אתמול, כאשר אחד המשתתפים קרא “להדיח את האלוף”, השבתי באופן מיידי וברור: “לא”. הדברים מצולמים ומתועדים.  כלומר, עוד חודשים לפני הריאיון כבר התקבלה המלצת הרמטכ”ל, אושרה על ידי, והליך המינוי כבר היה בעיצומו. לכן, הניסיון להציג את הדברים כאילו התקבלה החלטה בעקבות הריאיון אינו עומד במבחן העובדות.""  זו אינה סערה אמיתית אלא ניסיון תקשורתי להסיט את הדיון מהשאלה האמיתית: מה יקרה אם יאיר גולן, שכבר איים להדיח את האלוף דוד זיני, יהיה שר הביטחון בממשלה בראשות איזנקוט. במקרה כזה, יש חשש שיחזרו למנות את אנשי הקונספציה הישנה, דבר שעלול לפגוע בהתיישבות ובביטחון ישראל.  אצלי זה לא קרה, ולא יקרה.""  @itayblumental  📸: פלאש 90, יונתן זינדל⁩",1077,424,233,https://www.instagram.com/p/Dbkf5_amEw3/
18371818969236522,2026-08-03,14:16,Reel,REELS,⁨	⁨	כולם מדברים על החדירה של המהגרים לסאוטה - אבל מה אומרים האנשים שבשטח?  ‪‪@itamarvish‬‬ ‪@roikais‬is⁩,104,1652,92,https://www.instagram.com/reel/Dbk3DNPjy-X/
18183747538404311,2026-08-03,18:41,Photo,FEED,"⁨	פשט על ישראל ב-7 באוקטובר, לקח חלק בהחזקתו של רום ברסלבסקי בשבי והשתתף בטקסי מסירת חטופים: צה""ל חיסל את המחבל מחמוד פטאיר, מפקד נוח'בה בג'יהאד האיסלאמי.  המחבל תועד במדי ארגון הטרור כשהוא לוקח חלק בטקס מסירתם של חטופים רבים, ביניהם הנערים עמית שני בן ה-16 ואופיר אנגל בן ה-17 (בתמונה). גם בעת האחרונה ניסה המחבל לקדם מתווי טרור נגד כוחות צה""ל ואזרחי מדינת ישראל  @itsik_z @itayblumental @carmelamenashe  📷: דובר צה""ל⁩",419,1876,37,https://www.instagram.com/p/DblVYCunFdY/
18615672499060013,2026-08-03,19:15,Reel,REELS,"⁨	""צה""ל הרג עוד אחד שהרס לי את הנפש""  שורד השבי ופעיל ההסברה רום ברסלבסקי הגיב לחיסול מחבל בג'יהאד האסלאמי שהחזיק בו בעזה. ""הייתי חלש ועשיתם כל מה שרציתם לעשות, אבל עכשיו אתם מתים אחד אחרי השני"", אמר ברסלבסקי בסרטון שפרסם בחשבון האינסטגרם שלו. ⁨ מוקדם יותר הודיע דובר צה""ל על חיסולו של מחמוד פטאיר מפקד  בג'יהאד. לפי ההודעה, פטאיר בשתתף בפשיטה מעזה ב-7 באוקטובר, וכן בעסקאות החזרת חטופים  @yaeli_cie @itsik_z @rom_braslavski",424,1911,90,https://www.instagram.com/reel/DblZQFHAs-G/
18110667443079415,2026-08-03,21:35,Photo,FEED,"טראמפ מציג: ""הצ'אנס האחרון""👇  נשיא ארצות הברית, דונלד טראמפ, הצהיר בבית הלבן כי ""השיחות עם איראן נמשכות, וזו ההזדמנות האחרונה שלה לחתום על הסכם טוב"". טראמפ התייחס להיערכות למתקפה גדולה בסוף השבוע שלבסוף לא יצאה לפועל, ואמר ""התכוונו להכות בהם בעוצמה רבה מאוד, חזק יותר מכל התקפה מאז מלחמת העולם השנייה. ואז הם התקשרו וגם סעודיה, איחוד האמירויות וקטר וביקשו שלא נתקוף"".  הוא הוסיף כי ""אני רוצה לתת לאיראן כל הזדמנות לפני שנחסל אותם. אני מאוד גאה בכך שאני נותן להם הזדמנות. הם הבינו ממדליפים כמה שההתקפה תהיה חמורה"". הנשיא ציין כי בשלב הראשון של השיחות יידרשו האיראנים לפתוח את מיצר הורמוז באופן מיידי, ובשלב השני יתקיימו שיחות על פירוק איראן מגרעין שלדבריו - ""עלולות לקחת זמן"".  צילום: AP",686,509,95,https://www.instagram.com/p/DblpYwwj3CW/
17940892059074997,2026-08-03,22:50,Reel,REELS,"⁨	⁨	דן מאמסטרדם הגיע למצעד הגאווה בעיר עם דגל ישראל - אבל פרו-פלסטינים שהתאגדו במקום תקפו אותו וחטפו ממנו את הדגל: ""רצתי ולקחתי אותו בחזרה, זה היה חזק ממני""  #גליקותמר ‪@ifatglick‪@almogtamar‬ar⁩",195,7609,161,https://www.instagram.com/reel/Dblx05wnQnV/
17901283137490561,2026-08-04,09:26,Reel,REELS,"""למה לקחתם תינוק כבן ערובה?"" 👇  פירס מורגן התעמת בשידור עם ר'אזי חמד, מבכירי חמאס, והאשים את הארגון במעשי 7 באוקטובר. חמד מצדו הכחיש כי חמאס תכנן לטבוח ולחטוף אזרחים @omershahar10  צילום: Piers Morgan Uncensored / X",215,4919,404,https://www.instagram.com/reel/Dbm6qdaDFOv/
18092749868382068,2026-08-04,10:00,Reel,REELS,"למה כל מערכת בחירות בישראל מרגישה כמו תרחיש אימים? על קמפיין הפחד שמלווה את הדרך לקלפי, על החרדה שהוא מייצר - ועל השאלה איך אפשר לא לתת לו לנהל אותנו.  🎧 ""עד הקצה"" עם קרן נויבך, הסכת האקטואליה החדש מבית כאן חדשות, זמין באתר וביישומון כאן ובכל יישומוני ההסכתים",259,557,45,https://www.instagram.com/reel/Dbm-k2ZkTlu/
18062413016769492,2026-08-04,12:04,Photo,FEED,"⁨	המרד בגבעתי: ארבעת החיילים הנותרים נידונו למאסר והודחו מלחימה. שלושה מהחיילים שהיו ממובילי המרד נידונו למאסר של 30 יום, והרביעי נשפט בעודו בחופשת שחרור ונידון ל-20 ימי מאסר.  המרד בגדוד צבר התרחש בחמישי שעבר, לאחר שמפקד הגדוד הורה לחייליו להרוס את עמדת הסמלים הפלוגתיים ‪@menashecarmela‪@itayblumental‬",304,473,35,https://www.instagram.com/p/DbnMwH9DqT9/
18084271532215982,2026-08-04,13:07,Reel,REELS,"הרצח בנחלאות: הוארך מעצרם של 4 הקטינים החשודים במעורבות ברצח בניהו רזי ובהם אביאור ששון, בשלושה ימים. משפחת רזי התפרצה לעבר סבתו של החשוד: ""עכבר שברח, רוצח שפל"" @veredpelman",173,6470,309,https://www.instagram.com/reel/DbnT6Ybjxq2/
18027998462671971,2026-08-04,13:59,Photo,FEED,"המשטרה חושדת שמדובר בלקוח 👇  עורך דין נרצח היום בירי לראשו ברחוב בראשון לציון. המשטרה פתחה בחקירת האירוע וסורקת אחר חשודים, ההערכה היא כי מדובר ברקע פלילי  @hadasgrinberg  📸: דוברות מד״א",186,614,26,https://www.instagram.com/p/DbnZ8BOmnP2/
17981375688025343,2026-08-04,16:07,Reel,REELS,"⁨	⁨	שיתוף פעולה משפחתי: מצלמות האבטחה חושפות כיצד אלירן וסיוון בוחבוט השתמשו על פי החשד בילדיהם כדי לגנוב מחנויות ברחבי אילת ולצאת עם בגדים, משקפיים, בשמים ונעליים בשווי של כמאה אלף ש״ח ‪‪@itsik_z‬‬⁩⁩",200,3816,981,https://www.instagram.com/reel/DbnojKIEudJ/
18112558873984669,2026-08-04,18:29,Reel,REELS,"מול 10,000 צופים: שורד השבי עומר ונקרט הדליק לפיד בטקס המכביה בטורונטו, כשברקע הופיעה לצידו יובל רפאל  @dorit_mizrahi_",118,2824,41,https://www.instagram.com/reel/Dbn4zOknJIF/
17920994037408720,2026-08-04,21:34,Reel,REELS,⁨	המשטרה נאלצה להגן עליו בדרכו החוצה: פעיל חרדי שהשתתף בכנס לגיוס צה״ל הותקף בירושלים לאחר סיומו ‪@daniel.grovais‬  📸: שימוש לפי סעיף 27א׳ לחוק זכויות יוצרים⁩,158,540,107,https://www.instagram.com/reel/DboOAXzCgPx/
18211596310350677,2026-08-04,23:31,Reel,REELS,"⁨	אחרי שאיבד את אשתו, ענר מצא דרך להפיג את הבדידות של המבוגרים והקשישים בשכונה ❤️‍🩹🥺  #גליקותמר @ifatglick @almogtamar",118,5847,225,https://www.instagram.com/reel/DbobVuUDftF/
18117067585912343,2026-08-05,08:29,Photo,FEED,"לילי בן עמי, שייסדה את פורום מיכל סלה על שם אחותה - הצטרפה לישראל ביתנו👇  בעקבות רצח אחותה מיכל סלה ב-2019 ייסדה בן עמי את פורום מיכל סלה, ארגון שמטרתו היא מניעת אלימות כלפי נשים. מבן עמי נמסר: ""מדינת ישראל זקוקה למנהיגות שמחוברת לשטח, מקבלת החלטות ומכריעה את החזיתות הרבות שעומדות מולה. בחרתי להצטרף לישראל ביתנו משום שאביגדור ליברמן הוא מנהיג חזק, בעל ניסיון רב, אומץ, חשיבה מחוץ לקונספציה ויכולת ביצוע מוכחת. יחד נחזק את המדינה שלנו ונוביל אותה למה שהיא צריכה להיות - ראשונה בביטחון, בחדשנות וחזקה גם בחינוך וערבות הדדית""  📸: ניר קידר",537,819,33,https://www.instagram.com/p/DbpZBcPDkdw/
18106263704163818,2026-08-05,11:39,Photo,FEED,"תחקיר צה""ל על הפיגוע בכפר תל בו נהרגו רס""ן יובל עזרא ובניהו מלט לפני כשבועיים👇  לפי התחקיר, בלילה שלפני התקרית התקבלה באוגדת יהודה ושומרון אינדקציה על כוונת מתנחלים לקיים טיול בשומרון, אולם בצבא לא הצליחו להבין מה מסלול הטיול ובאיזה שעה הוא מתוכנן. בצה""ל אומרים שניסו לפנות למארגני הטיול אולם היה חוסר שיתוף פעולה  הטיול החל בשעה 5:30 ויצא מהתנחלות הר ברכה לכיוון הכפר תל. עשרות המטיילים, עברו בשטח B, גם בתוך הכפר הפלסטיני, המשיכו לצעוד בשטח A ועברו לשטח B סמוך לחוות גלעד. במשך כמעט שעתיים לא היו אירועים חריגים, ובאוגדת יו""ש לא הכירו את הטיול. בשעה 7:27 תצפתנית זיהתה טור של מטיילים והקפיצה למקום פלוגה ומחלקה ממוצב הסלע הסמוך בשומרון  זמן קצר לאחר מכן, החל עימות בין יהודים לפלסטינים סמוך לכפר תל שכלל זריקות אבנים. כוח כוננות בפיקוד מפקד מחלקה מגדוד 411 קפץ למקום כדי להפריד בין הצדדים. הכוח התפצל כדי לטפל בפצוע שנפגע באבן שפגע בראשו. מפקד המחלקה, נשאר לבדו עם המטיילים, תוך כדי העימות עם הפלסטינים. כעבור דקות, הגיע למקום חפ""ק מפקד הסוללה רס""ן יובל עזרא ושלושה לוחמים מהצוות שלו. בדרך לזירת האירוע הוא הקפיץ את רבש""צ חוות גלעד דביר וחבר כיתת הכוננות בניהו מלט  במהלך העימות הפיזי בין קבוצת הישראלים ולפלסטינים, החל עימות גם בין אנשי הביטחון לפלסטינים שעמדו בקו הראשון. הנשק של הרבש""צ דביר נחטף על ידי שני מחבלים. המחבל פארוק רמדאן ביצע ירי מטווח קרוב – אירוע ירי שנמשך דקה ו-40 שניות. ירי מהנשק שנחטף, וירי של בניהו מלט, של רס""ן יובל עזרא, המ""מ ועוד שני חיילים. ארבעה מחבלים נהרגו, שניים נפצעו  בצה""ל קובעים כי רס""ן יובל עזרא ביצע ירי של שני כדורים לפני שנהרג. הוא והמחבל פארוק ירו אחד על השני מטווח אפס. יובל ספג פגיעה בראשו ונהרג, והמחבל נפצע אנושות והמשיך ללכת, עד שנפל. בניהו מלט נהרג מירי של המחבלים, ובצה""ל לא יודעים לשלול אפשרות שנפגע גם מירי כוחותינו, מאחר ולא היתה נתיחה שלאחר המוות. הרבש""צ דביר שנשקו נחטף, ניסה לבצע ירי באמצעות אקדחו, הוא נפגע מירי בראש ובכתף  בזמן שכוחות הרפואה פינו לאחור את רס""ן יובל עזרא ז""ל והרבש""צ דביר, אף גורם צה""לי לא טיפל בבניהו מלט ששכב במצב אנוש ליד גופות המחבלים. הוא טופל בהמשך על ידי חובש אזרחי. בתחקיר נקבע באופן חד משמעי כי הכוח הצבאי והחובש הצבאי היו חייבים לטפל בבניהו מלט. רק לאחר דקות ארוכות הכוח הצבאי הגיע לפנות אותו. כמו כן, המשטרה בוחנת התנהלות פלילית נגד מארגני הטיול  @itayblumental  📸: באדיבות המשפחה",2163,946,209,https://www.instagram.com/p/Dbpus7BliYh/
18124839841689986,2026-08-05,12:04,Photo,FEED,"אחרי שהושעה מכיתת הכוננות: ""הצל"" נחקר במח""ש👇  פעיל הימין יואב אליאסי, ""הצל"", נחקר הבוקר (רביעי) במחלקה לחקירות שוטרים. אליאסי העלה לרשתות החברתיות תמונה ממח""ש, עם הכיתוב ""בוקר טוב""  המפכ""ל דני לוי החליט בשבוע שעבר להשעות את אליאסי מתפקידו כמפקד כיתת כוננות במחוז תל אביב. ההחלטה התקבלה בעקבות תחקיר ""הארץ"", לפיו אליאסי הפעיל את קשריו במשטרה במטרה לקבל הקלות משוטרים בנוגע למועדון בבעלות בן משפחתו ברחוב רוטשילד בתל אביב, בו היה מעורב עסקית גם כן  ההחלטה התקבלה בעקבות ההבנה שבמחלקה לחקירות שוטרים פתחו בבדיקה בנושא. בין השאר עלה בתחקיר כי הזמר השתמש בקשריו למנוע את אכיפת סגירתו של המועדון ג'ון דו אחרי אירועי אלימות שאירעו בו  בתחקיר הובאו ציטוטים מהקלטות של אליאסי, שבהם התרברב בקשריו. בין השאר אמר לאחד השותפים במאי בשנה שעברה: ""אני עושה להם חינוך שם במשטרה שאי אפשר לגעת במועדון הזה"". הוא הוסיף: ""כל מה שקשור למשטרה ולמועדון אתה מתקשר אליי באותו רגע, לא משנה באיזה שעה""  עוה""ד אריאל עטרי, עורך דינו של ""הצל"" מסר בתגובה: ""יואב אליאסי הגיע למסור עדות במח""ש הבוקר. הוא מתכוון להשיב לכל שאלה שיישאל ולשתף פעולה עם חוקרי מח""ש. אליאסי מתכוון להסביר שמעולם לא ניצל קשרים במשטרה לטובת המועדון של אחיו וכי לא עמד דבר מאחורי דברי ההתפארות שהשמיע, בשיחה פרטית, עם מי שהיה חבר קרוב מאד שלו, בזמנו""  @Anna.pines 📸: אוליבייה פיטוסי, פלאש 90",1230,577,83,https://www.instagram.com/p/Dbpxl_uFsby/
18054601829787564,2026-08-05,14:29,Reel,REELS,"⁨	⁨	⁨	⁨	⁨	⁨	⁨	תיעוד קשה: כדורגלן נהרג ממכת ברק במהלך משחק גביע מקומי בדרום תאילנד👇  בזמן משחק בין שתי קבוצות עם שחקנים מתאילנד ומלזיה, מכת ברק פגעה במגרש, וגרמה למותו של השחקן ספוואן אווה. מלבדו, נפצעו תשעה אנשים בתקרית, מרביתם תאילנדים, והם נזקקו לטיפול רפואי בבית חולים  📸: רשתות חברתיות⁩⁩⁩⁩⁩⁩⁩",296,782,17,https://www.instagram.com/reel/DbqCJuhCtcy/
18488546890101063,2026-08-05,15:04,Photo,FEED,"נחשפה זהותו של החשוד ברצח עורך הדין ארבל פלדמן בראשון לציון: אחמד אלרג'וב, בן 23 מרמלה. הוא הסגיר את עצמו אתמול, הודה במעשה ואף הבטיח למסור את האקדח, אך מאז שותק בחקירתו ומסרב להוביל את המשטרה אל הנשק. מעצרו הוארך ב-12 ימים.  לפי הפרסום ב""בחצי היום"" בכאן רשת ב', במשטרה חושדים שהאקדח שימש את אלרג'וב בעבירות נוספות ועלול להפליל אותו. לפני הרצח הוא נפגש עם פלדמן, שהיה עורך דינו, במשך כמה דקות. סנגורו יבקש לשלוח אותו לבדיקת כשירות  @hadasgrinberg צילום: לפי סעיף 27א'",467,744,112,https://www.instagram.com/p/DbqGLZjDDpU/
17916650418220830,2026-08-05,15:16,Photo,FEED,"⁨	האסון בקפריסין: יעקב ישראל ידיד הלוי, בן 35, טבע למוות בלימסול שבקפריסין בזמן חופשה עם אשתו וארבעת ילדיו👇  יעקב התגורר בפסגת זאב ושירת במילואים. רבקה ידיד, אחותו של יעקב אמרה: ""קובי היה אדם עם לב ענק שיודע להעניק לאחר מכל הלב. בעל ואבא למופת לילדים קטנים שעשה נחת וכבוד להורים. איש אמת שיחסר להרבה""  ‪@itamarvish‬⁩",316,1844,177,https://www.instagram.com/p/DbqHjBEFg_j/
18608420452020808,2026-08-05,20:26,Reel,REELS,"⁨	""הפרצוף שלהם אמר הכול"" 👇  השחקנית סוול אריאל אור, שהמונולוג שלה מארה""ב מהדהד ברשת, תיארה לכאן חדשות את הרגע הקר בחדר האודישנים: ""סיפרתי שחברים שלי נרצחו בנובה, והפרצוף שלהם אמר הכול. הם פשוט לא הגיבו לשום דבר שאמרתי"". לדבריה, לא עברו 30 שניות עד שהמלהקים אמרו לה: ""תודה, אנחנו לא רוצים לבזבז לך את הזמן. זה פשוט לא התפקיד"".  בכנס ICC של המועצה הישראלית-אמריקנית הסבירה אור כיצד השתנו סדרי העדיפויות שלה מאז 7 באוקטובר: ""לא אכפת לי מהאוסקר, לא אכפת לי מהוליווד. אכפת לי מייצוג אמיתי של מי שאנחנו"". לדבריה, הגיע הזמן להשקיע מחדש בסיפור היהודי ולשנות את הדרך שבה העולם רואה נשים ישראליות.  הריאיון המלא, הלילה ב-22:30 ב""חדשות הלילה"". ‪@davidovitchsharon‬⁩",654,3377,74,https://www.instagram.com/reel/Dbqq8Kcldl3/
18227663338321348,2026-08-05,21:03,Carousel,FEED,"חשיפת כאן חדשות: רונן מנליס ורונן אביאני, המקורבים ליו""ר ""ישר!"" גדי איזנקוט, פעלו בחשאי לקידום מפלגת ""הציבור החרדי"". השניים, כך נודע, ליוו את הקמת המערך האסטרטגי של המפלגה.  במקביל, ענבר גיטי, המועמדת של איזנקוט, נמצאת בקשר עם אנשי המפלגה ועם תורמיה.   @shahar.glick.news  📸: Avshalom Sassoni/Flash90",300,1008,103,https://www.instagram.com/p/DbqvPQriLyf/
17966250906131850,2026-08-05,22:03,Carousel,FEED,⁨	אוריין גורן רשם השבוע פרק משמעותי בתולדות הכדורגל הישראלי - ובדרך גם סיפק תזכורת כואבת למצבם של ישראלים בעולם  ‪@shalevsegal_‬  📸: האינסטגרם של אוריין גורן⁩,158,5976,109,https://www.instagram.com/p/Dbq2IJLlRn8/
18103558808225614,2026-08-05,22:25,Reel,REELS,"קטטה פרצה בין מאבטחים לאוהדי הפועל פתח תקווה בכדורגל במהלך המשחק הערב, כאשר אחד המאבטחים תועד מכה במוט ברזל את אחד האוהדים. לפחות אוהד אחד פונה לבית החולים - מאבטח אחד נעצר, שני עוכב לחקירה  ‪‪@yoavborowitz‪@hadasgrinberg‬rg‬rg⁩⁩",229,3077,417,https://www.instagram.com/reel/Dbq4j0gEisI/
18473043040129317,2026-08-05,23:01,Photo,FEED,"⁨	⁨	⁨	שנה לאחר שאשתו נרצחה בצורה זהה: זיאד בשארה בן ה-57 נורה למוות ברכבו בטייבה.   הרקע לאירוע הוא ככל הנראה סכסוך דמים מתמשך. סוזאן אישתו, שהייתה בת 42, נרצחה בחודש אפריל בשנה שעברה מירי לעבר רכבה בטירה. היא התמודדה בבחירות המקומיות האחרונות על מיקום במועצת העיר, והייתה פעילה חברתית ידועה וחברה בתנועת ""נשים עושות שלום"".  מחמוד בשארה, בנו של זיאד, נאשם ברצח בכר נוסיראת בן ה-19 מחוץ לביתו בטייבה בחודש יוני האחרון. לפני שבוע בדיוק הגישה פרקליטות המדינה כתב אישום נגדו, המייחס לו רצח בנסיבות מחמירות וכן ניסיון לרצוח את קרוב משפחתו, לאחר שעל פי הנטען ירה לעבר השניים מטווח קצר  ‪‪@hadasgrinberg‬‬⁩ ותאמר זיד אלכילאני⁩",619,552,47,https://www.instagram.com/p/Dbq8v9LHGSB/
17929678836373988,2026-08-06,06:03,Photo,FEED,"הותר לפרסום: רס""ן (במיל') הראל בירנשטוק ז""ל, בן 34 מנוקדים, ורס""ם (במיל') תמיר וקנין ז""ל, בן 33 מאילת, נפלו בקרב בדרום לבנון. בירנשטוק היה מפקד פלוגה בגדוד 2855, וקנין היה לוחם בגדוד.  התקרית התרחשה אתמול בסביבות השעה 12:00, במהלך פעילות של צוות הקרב החטיבתי 55 במרחב מג'דל זון שבדרום לבנון, לטיהור המרחב ולהשמדת תשתיות טרור. בעת כניסת הכוח למבנה אירע פיצוץ.  ארבעה לוחמי מילואים נוספים נפצעו קשה, פונו לקבלת טיפול רפואי ומשפחותיהם עודכנו. לאחר האירוע תקף חיל האוויר מטרות במרחב, בהכוונת פיקוד הצפון וחטיבת האש של אוגדה 91.  יהי זכרם ברוך 💔  (כרמלה מנשה) @itay.blumental 📷: דובר צה""ל",583,3405,348,https://www.instagram.com/p/DbrtGxKjIoR/
18403641724085042,2026-08-06,10:44,Photo,FEED,"יואב, אחיו של רס""ם במיל' תמיר וקנין שנפל בדרום לבנון: ""תמיר היה לב גדול, כולם אהבו אותו, הוא הצחיק את כולם שם בפלוגה, החברים שלו מהמילואים תמיד אומרים שהוא היה הלב של הפלוגה. תמיד היו סביבו אנשים, הוא היה האור של המשפחה, מאז 7 באוקטובר הוא עשה המון ימי מילואים, לא חשב בכלל להפסיק עשות מילואים""  @itsik_z  📸: דובר צה""ל",318,1323,77,https://www.instagram.com/p/DbsNMQGFjJR/
17937928008089497,2026-08-06,11:03,Photo,FEED,"⁨	הוריה של אדווה וינבלום עובדיה בת ה-13 שהתאבדה בעקבות חרם - תובעים את משרד החינוך: "" מערכת שהייתה אמורה לשמור עליה לא עשתה דבר""👇  הוריה של אדווה וינבלום עובדיה הגישו תביעה בסך של כ-16 מיליון שקלים לבית המשפט המחוזי בתל אביב נגד משרד החינוך, עיריית עכו, בית הספר שבו למדה ורשת אורט. בנוסף תבעו את חברת עמידר, שלפי האם לא טיפלה בבקשתה להתקין סורגים בדירתה בקומה השישית, ממנה קפצה אדוה למותה  בכתב התביעה שהוגש, נכתב בין היתר: ""עניינה של תובענה זו הוא אחריותם, יחד ולחוד, של הנתבעים, לאסון הכבד שארע כתוצאה ישירה מרשלנותם וממחדליהם של הנתבעים, כשאלו כשלו במשימותיהם ובמילוי חובותיהם""  עוד תואר כי: ""אדווה, נערה רגישה בת 13 ועל הרצף האוטיסטי, במשך שנים סבלה לא רק מבריונות וחרמות על ידי 'חבריה' לספסל הלימודים, אלא אף נוכחה שוב ושוב כיצד דווקא מערכת שהייתה אמורה לשמור עליה מכל משמר אינה עושה דבר למיגור התופעה, ואף מוקיעה מקרבה דווקא את הקרבן""  ""אדווה, שאחרי שנים של סבל נפשי בל יתואר, לא ראתה עוד כל מוצא, וכמי שבעצמה, כאמור בשלל איבחונים וחוות דעת, לא הייתה מודעת להשלכות ולתוצאות מעשייה, פשוט 'נדחפה' על ידי הנתבעים במחדליהם וברשלנות רבתי לאורך השנים אל הנורא מכל, ואולי כשהיא מייחלת להימלט מהסבל שלא יכלה לו עוד - שמה קץ לחייה בקפיצה מחלון הקומה השישית בדירתה והותירה את משפחתה השכולה ביגונם. נדמה כי נוכח הטרגדיה והאסון הבלתי נתפס, שמערכת החינוך מתעלמת כליל מחובתה הקדושה לשמור על ילדינו"", נכתב בכתב התביעה  (שלי טפיירו) 📸: באדיבות המשפחה⁩",1342,5287,424,https://www.instagram.com/p/DbsPbsbltiE/
17988353424046521,2026-08-06,11:22,Photo,FEED,"במהלך החיפושים אחר הנעדר אלדר דיין - אותרה גופה באזור המרכז👇  מהמשטרה נמסר כי הגופה נמצאה במצב ריקבון מתקדם, והיא הועברה למכון הלאומי לרפואה משפטית לצורך זיהוי ובירור נסיבות המוות  בעקבות הודעת המשטרה, משפחתו של דיין טענו כי לא עדכנו אותם בדבר ההתפתחות האפשרית, ומתחו ביקורת חריפה: ""משטרת ישראל התנהלה בחוצפה וחוסר אנושיות מהיום שאלדר נעדר. [הם] התנהגו באטימות והתעלמות מוחלטת מקיומה של המשפחה"". אימו של דיין הגיעה למקום בו נמצאה הגופה והתעמתה עם השוטרים במקום  ""המשטרה בחרה שלא לעדכן את ההורים בדבר מציאת הגופה בפארק הירקון, וזאת למרות שאימו של אלדר כיתתה רגליה באיזור תחנת הדלק וחיפשה ללא לאות ולא עצרה ועמדה על כך שייתכן ואלדר נמצא באיזור הזה אך לא ברור מה מצבו. כולנו תקווה שלא מדובר באלדר, אנחנו לא יודעים האם מדובר בו או לא, נמתין לתוצאות""  מוקדם יותר השבוע נמצאו שתי קסדות שעל פי המידע שברשות החוקרים בתיק שימשו את דיין ואת חבריו ביום היעלמותו. דיין נעדר יותר משבועיים, מאז 18 ביולי, ובמשטרה עדיין מעריכים שהוא ירד למחתרת אחרי שנהג ברכב ללא רישיון נהיגה ופגע בחברו, וכי הוא נמצא במנוסה כדי להתחמק מחקירה  עוד השבוע הוארך מעצרם של עומרי פרץ ומקסים ברברמן, חבריו של דיין, בארבעה ימים נוספים. גורם במשטרה סיפר לכאן חדשות: ""מקסים שותק בחקירה ולא משתף פעולה, עומרי מדבר מעט וכבר נתפס משקר בחקירתו""  ב-18 ביולי נסעו דיין, פרץ וברברמן מדימונה למרכז. הם הגיעו לפארק בהוד השרון, שם התפתחה קטטה בין דיין לבין שני חבריו. פרץ וברברמן עזבו את המקום ברכב של אמו של ברברמן, והשאירו את דיין מאחור. כעבור זמן מה הם שבו למקום שבו השאירו את דיין. כל השלושה היו תחת השפעת סמים לאורך כל האירוע  דיין הציג את חבריו לחבורה של חמישה גברים שפגש בפארק, וקטטה התפתחה בין שתי החבורות. בשלב מסוים נכנס פרץ לרכב של אמו של ברברמן וניסה לדרוס את אחד הגברים שהתקוטטו איתם, שנפצע באורח קל מאוד. השמשה הקדמית של הרכב ניזוקה מכיוון שהנפגע הכה בה לאחר ניסיון הדריסה  ההשתתפות של דיין עצמו בקטטה הייתה מוגבלת יחסית, ואחד מחמשת הגברים שהתעמתו עם השלושה העיד במשטרה שפרץ וברברמן איימו לרצוח אותו. כרגע חשודים השניים בשיבוש, תקיפה הגורמת חבלה, איומים וקשירת קשר לביצוע פשע. בשבוע הקרוב צפויים במחוז מרכז ובפרקליטות להתקדם איתם לקראת הגשת הצהרת תובע על הקטטה  @hadasgrinberg @itsik_z",2048,540,5,https://www.instagram.com/p/DbsRj3oli72/
18114844292296687,2026-08-06,13:03,Reel,REELS,"⁨	⁨	אליה, אלמנתו של סר""ן במילואים הראל בירנשטוק שנפל בלבנון: ""אני צריכה שתשלח לי כוחות""  ‪@yoavborowitz‬⁩",105,4450,223,https://www.instagram.com/reel/DbsdI2Pl2xZ/
18016919828712404,2026-08-06,13:34,Reel,REELS,בתוך בור באתר בנייה: 11 שוהים בלתי חוקיים - תושבי הרשות הפלסטינית - אותרו בקריית אתא. השב״חים לנו בתוך בור שנחפר במהלך הבנייה באתר בו הם עובדים  (מיכל וסרמן)  📸: משטרת ישראל,173,1328,221,https://www.instagram.com/reel/DbsgnvRiRh8/
18161369950471074,2026-08-06,13:44,Reel,REELS,"⁨	יונת, אמא של רס""ן הראל בירנשטוק שנפל בלבנון: ""אנחנו נקום ונתחזק, אבל עוד מעט. אני רוצה עוד קצת לבכות""  @yoavborowitz",118,2552,131,https://www.instagram.com/reel/DbshvT7iSZR/
17996042168800559,2026-08-06,16:46,Reel,REELS,"⁨	הצליחו לצאת בשלום: ישראלים שעשו את דרכם לעפולה התבלבלו בדרך ונכנסו לג'נין. עשרות פלסטינים  רדפו אחריהם וזרקו אבנים על רכבם, אך הם לא נפגעו והצליחו להגיע למעבר גלבוע   @itayblumental",183,1218,311,https://www.instagram.com/reel/Dbs2otRkVPF/
17957721579193722,2026-08-06,17:29,Reel,REELS,"⁨	⁨	מצמרר: רס""ן במיל' הראל בירנשטוק ז""ל נפרד מלוחמיו מפלוגה את, גדוד 28, חטיבה 55 - בהם רס""ם במיל' תמיר וקנין ז""ל - ביציאה מח'אן יונס ב-2024. השניים נפלו אתמול בלבנון 💔  ‪@roysharon11‬  📸: צביקי גולדברג⁩⁩",204,6344,311,https://www.instagram.com/reel/Dbs7kJsnQmn/
18190089301382290,2026-08-06,18:00,Photo,FEED,"⁨	סערה בצלחת חומוס: מוכר סירב לתת שירות ללקוח במסעדה בברלין כי ביקש 'חומוס' - ולא 'הומוס'. עכשיו הוא תובע 👇  סועד במסעדה בברלין טוען שלא קיבל שירות לאחר שביקש להזמין ""חומוס"" בהגייה עברית (עם ח'). לדבריו, העובד ענה לו ש'במקום שהוא פלסטיני אומרים הומוס' (בהגיית האות ח' כ-H), והצביע לעבר הדלת.   הלקוח, יליד ישראל, הגיש תביעה על פי חוק איסור האפליה. לפי גרסתו, המוכר הגיב במחוות ובמימיקה שלילית להזמנה ולהגייה, וכששאל אם הסיבה היא מוצאו הישראלי - הצביע העובד על הדלת.   האירוע התרחש בפברואר האחרון. הלקוח פנה תחילה במכתב תלונה למסעדה, ולאחר שלא קיבל מענה, דרש עורך דינו התנצלות – גם היא נותרה ללא תגובה. כעת הוא תובע פיצויים בבית המשפט  @ramelibrandts  📷: נוצר באמצעות AI⁩",670,2274,83,https://www.instagram.com/p/Dbs_IZoDE8q/
17950004421208524,2026-08-06,18:04,Photo,FEED,"⁨	המשטרה הודיעה כי גופתו של אלדר דיין ז""ל, שנעדר בשלושת השבועות האחרונים, נמצאה בשטח פתוח סמוך לכביש 40. מעצרם של שניים מחבריו - שחשודים ברצח - הוארך   @hadasgrinberg",166,758,88,https://www.instagram.com/p/Dbs_mGvke-O/
17963879951960293,2026-08-06,18:52,Photo,FEED,"⁨	⁨	""הגיע הזמן להשיב לימין את מה שאבד לו, אקים בית ימני אמיתי ומאחד"": גלעד ארדן עזב את הליכוד - והכריז על הקמת מפלגת ימין חדשה בראשותו יחד עם יולי אדלשטיין 👇  ""זה אחד הימים הקשים בחיי"", אמר ארדן. ""אני נפרד מהבית הפוליטי שבו גדלתי יותר מ-30 שנה. לצערי אני כבר לא יכול לקרוא לו בית"", הוסיף, ""נבחרי הליכוד לא מייצגים את אנשי הליכוד שאני כל כך אוהב"".   ""יש רגעים בהם אדם צריך לבחור בין עתידו האישי לעתידה של מדינתו. אני לא עוזב את הערכים עליהם גדלתי - אלא יוצא להבטיח אותם. הגיע הזמן להשיב לימין את מה שאבד לו בשנים האחרונות"".   ארדן הדגיש: ""אני מתנגד בתוקף לשמאל, אבל מעולם לא שנאתי את מי ששונה ממני. היריב הפוליטי הוא לא האויב שלי. אלחם על הקמת ממשלה רחבה, ואני מתחייב שלא נשב בשום ממשלה צרה. נקים בית פוליטי חדש שייתן קול למאות אלפי ישראלים שאין להם למי להצביע. בית של ימין אמיתי ומאחד""  ‪@anna.pines‬  📷: פלאש90⁩⁩",813,765,151,https://www.instagram.com/p/DbtFHkzHKWO/
17901176292507600,2026-08-06,19:41,Reel,REELS,"""לא רוצה להגיד 'קדיש' על הבן שלי החמוד"": אביו של רס""ם במיל' תמיר וקנין נפרד מבנו, שמובא למנוחות עולמים",102,10397,898,https://www.instagram.com/reel/DbtKoPCjSDa/
18101660951161571,2026-08-06,20:16,Photo,FEED,"⁨	גורם בכיר בחקירת מותו של אלדר דיין ז""ל: ""מצב הגופה זאת הפתעה גמורה. מעולם לא נתקלנו בגופה במצב כזה לאחר זמן יחסית קצר"". הגורם הוסיף כי נוכח מצבה של הגופה, ייתכן שלא ניתן יהיה לקבוע באופן פורנזי את סיבת המוות המדויקת.   שני החשודים ברצח מסרבים לדבר במהלך החקירה ולשפוך אור על מותו הטרגי   (שלי טפיירו)",302,6616,554,https://www.instagram.com/p/DbtOvBbEaHP/
18009908537940644,2026-08-06,20:47,Reel,REELS,"שמעון, אביו של רס""ם במיל' תמיר וקנין ז""ל, נפרד ממנו בדמעות: ""הרגשתי שמשהו רע קורה, בכיתי מגעגועים באוטו לבד""",108,2659,256,https://www.instagram.com/reel/DbtSMPoDSWp/
17917535049424388,2026-08-06,22:00,Carousel,FEED,"⁨	⁨	הסופר המצרי שריף אל-עספורי פרסם לאחרונה ספר בשם ״מבול הטיפשים״ - שלא התקבל בברכה במדינתו. למרות זאת, הוא לא מתחרט ולא מתנצל: “הפתרון לבעיה הפלסטינית לא תבוא דרך אלימות״  ‪@roikais‬ #בשכונהשלנו 📸: Yousef Masoud/AP⁩⁩",218,1648,33,https://www.instagram.com/p/Dbtaj5tgl5m/
18119806712309630,2026-08-06,22:52,Reel,REELS,מסוג הדברים שקורים באנטומיה של גריי: רעידת האדמה העוצמתית שהכתה במחוז קוממוטו שבדרום יפן בסוף חודש יולי תפסה רופאים באחד מבית החולים באזור במהלך ניתוח. סרטון ממצלמות האבטחה של בית החולים שהתפרסם היום מראה את הצוות הרפואי נאבק לשמור על המטופל ועל כלי הניתוח - שמיטלטלים בכל רחבי החדר   @ishay_bar_yosef,301,2144,32,https://www.instagram.com/reel/DbtgfSSANhH/
18100941422187326,2026-08-07,08:48,Photo,FEED,"⁨	״יכול למות בכל רגע״ 👇   בדיווח שהתפרסם בכלי התקשורת האופוזיציוני IranWire, שני מקורות המקורבים לממשלו של הנשיא פזשכיאן אומרים כי ישנן שמועות לפיהן המנהיג העליון מוג'תבא חמינאי במצב קשה (extremely critical condition) ועשוי למות בכל רגע. שמועות אלה נפוצות בחלונות ובדרגים הגבוהים של המשטר האיראני  מקור המקורב לקבינט של פזשכיאן אומר כי אף חבר קבינט לא פגש את מוג'תבא עד עתה: ""לא נופתע אם נשמע על מותו בקרוב""  חשוב לציין כי IranWire איננו כלי תקשורת ממסדי הקשור למשטר האיראני, ובכלי התקשורת הממסדיים לא הופיעו ידיעות דומות שיוכלו לעזור לאשש את הידיעה  ‪@itamar.margalit‬  📸: AP⁩",577,1530,204,https://www.instagram.com/p/DbukxIfDtGA/
17885228637453019,2026-08-07,10:35,Photo,FEED,"התחמשו בסכינים, אלה, תער, פטיש שניצלים ויצאו לרצוח 👇  פרקליטות המדינה הגישה הבוקר לבית המשפט המחוזי בירושלים שני כתבי אישום נגד שבעה נאשמים בפרשת רצח בניהו רזי ז״ל, שנרצח לפני כשלושה שבועות, ובפציעת חברו. שישה מהנאשמים, ארבעה קטינים, כבני 15-17, אגם צרפי ושילת חוטה מואשמים ברצח בכוונה ובחבלה בכוונה מחמירה. בנוסף, ארבעת הקטינים מואשמים גם בהחזקת סכין שלא כדין ובשיבוש מהלכי משפט. לינור ששון מואשמת בסיוע לאחר מעשה ובשיבוש מהלכי משפט  על פי כתבי האישום, בין אגם צרפי לבין בניהו רזי ז״ל התקיים קשר זוגי. מספר ימים לפני האירוע שכרו אגם ושילת דירת Airbnb בירושלים והזמינו אליה את המנוח ואת חברו לבלות עמן במהלך סוף השבוע. במהלך שהותם בדירה התפתחה מריבה, ולמחרת עזבו השתיים את המקום לאחר שטענו כי המנוח נהג כלפיהן באלימות. בהמשך הגיעו השתיים לביתה של לינור ששון, שם סיפרו לה ולארבעת הקטינים על שאירע. בעקבות הדברים החליטו המעורבים לתקוף את המנוח ואת חברו, ואמרו כי בכוונתם ״לגמור אותו״. לשם כך הצטיידו ארבעת הקטינים בסכינים, באלה מתקפלת מברזל, בדוקרן, בתערי גילוח ובפטיש שניצלים מברזל, ויצאו לאתר את המנוח ואת חברו  בהמשך נסעו המעורבים אל האזור שבו שהו המנוח וחברו. על פי כתבי האישום, בהכוונת אגם ושילת פגשו הארבעה את המנוח ואת חברו, שכנעו אותם לעלות אל הדירה, ושם התפתח עימות. לאחר חילופי דברים, הותקף המנוח באמצעות האלה, הסכינים וכלי התקיפה הנוספים, נדקר בחזהו ובידו והתמוטט. חברו, שניסה לסייע לו, הותקף אף הוא, הוכה באמצעות פטיש השניצלים ונדקר בידו. כתוצאה מהדקירה בחזהו, שחדרה לליבו, מת המנוח מפצעיו. לאחר האירוע נמלטו המעורבים מהמקום. על פי כתב האישום, לינור ששון סייעה לחלק מהמעורבים להימלט  @veredpelman",1506,2505,142,https://www.instagram.com/p/Dbuw_-ljpxC/
18087338258184026,2026-08-07,15:33,Photo,FEED,"כוחות משטרה, מג""ב וצה""ל עצרו ארבעה תושבי השומרון בחשד לארגון קרבות כלבים ולהתעללות בבעלי חיים. מהמקום חולצו שבעה כלבים פצועים, שהועברו לטיפול וטרינרי. מעצרם של החשודים הוארך  @veredpelman 📸: דוברות המשטרה",204,2474,119,https://www.instagram.com/p/DbvTJNajnvV/
17990484461834761,2026-08-07,17:24,Reel,REELS,"בסך 16 מיליון שקלים: אימה של אדווה בת ה-13, שהתאבדה אחרי שעברה חרם, תובעת את משרד החינוך, בית הספר ועיריית עכו   (שלי טפיירו)",125,3123,248,https://www.instagram.com/reel/DbvfuuFE3Df/
18124907458715989,2026-08-07,18:47,Reel,REELS,"פעיל הימין מרדכי דוד ניסה לצלם סרטון עם גדי איזנקוט - שהשיב לו: ""תשרת בצבא ותחזור אליי""",87,5411,741,https://www.instagram.com/reel/DbvpRT9j2pj/
17938356984340789,2026-08-07,20:50,Reel,REELS,"⁨	ניסים, אביה של שני לוק ז""ל שנרצחה בנובה, ראה את מירי רגב בשוק - וסיפר על המפגש הטעון: ""אנשי ליכוד בכירים אמרו לי שאני אשם בטבח 7 באוקטובר""  #גליקותמר ‪@ifatglick‪@almogtamara‬ra⁩",180,4123,431,https://www.instagram.com/reel/Dbv3RyHDtor/
18047015222803886,2026-08-08,10:47,Reel,REELS,"⁨	80 שנים להמצאת הביקיני: סיון פניני, מרצה וחוקרת אופנה, סיפרה איך שני משולשים וחוט שינו את העולם  (סמדר ברנדיס)⁩",113,1469,29,https://www.instagram.com/reel/DbxXDbEHEj3/
18109447169112049,2026-08-08,12:39,Photo,FEED,"עשרות מפגינים חרדים הגיעו להפגין מול בית הקפה ""בסמטה"" שנמצא במרכז העיר ירושלים. מאות אנשים הגיעו לתמוך בבית הקפה. לדברי אדיר שוורץ, מתנועת ""התעוררות"", ויואל בן דוד, הבעלים של בית הקפה: ""המשטרה עושה עבודה מצויינת באבטחה ובחציצה בין הצדדים"", ולכן ההפגנות מרוחקות יחסית מבית הקפה  @yoavborowitz  📸: אורן בן חקון, פלאש 90",317,1091,133,https://www.instagram.com/p/Dbxj8lQll1D/
17902912014542649,2026-08-08,14:30,Carousel,FEED,"⁨	המשחקים שלכם עלולים להשתנות 🎮  אחרי 36 שנים בבורסה, ענקית הגיימינג EA נרכשה ב-55 מיליארד דולר בידי קרן ההשקעות הסעודית, חברת אפיניטי של ג'ארד קושנר וסילבר לייק. למה השחקנים חוששים מקיצוצים, מתשלומים נוספים ומצנזורה - ומה עלול להשתנות ב-EA FC וב""הסימס""?  @sapiravrahami  📸: Paul Saniya/AP, Evan Vucci/AP, Murat Cetinmuhurdar/Reuters, צילום מסך מתוך FC 26, EA⁩",360,1176,46,https://www.instagram.com/p/DbxwpMCD3Jw/
18199607809373927,2026-08-08,15:22,Photo,FEED,"⁨	חורחה מסי, אביו של הכדורגלן ליונל מסי, מת בגיל 68 אחרי התמודדות עם מחלה💔  📸: רשתות חברתיות⁩",93,1364,36,https://www.instagram.com/p/Dbx2lXGFqNj/
18349590781168277,2026-08-08,17:13,Reel,REELS,"תרחיש העלטה בהונגריה? מפלסו של נהר הדנובה - השני בגודלו באירופה - הגיע לשפל חדש. ספינות נאציות שהוטבעו בו נחשפו, וייצור החשמל בתחנות הכוח שלאורכו נמצא בסכנה  (דב גיל-הר)",169,1848,17,https://www.instagram.com/reel/DbyDSxkEf78/
17906577222467265,2026-08-08,17:50,Reel,REELS,"⁨	תלמיד הגיע למחנה הריכוז מאוטהאוזן שבאוסטריה כשהוא לובש חולצה עם דגל פלסטין עליה, יהודייה-אמריקאית שנכחה במקום לא נשארה חייבת  @yechez.korn",140,1987,197,https://www.instagram.com/reel/DbyHg8egqZC/
18111337291811293,2026-08-08,20:00,Reel,REELS,"⁨	אורן נהרי, שחלה בניוון שרירים, הגיש הבוקר את תוכניתו האחרונה ונפרד מהמאזינים ❤️‍🩹  (איתמר מאירי)⁩",99,13483,397,https://www.instagram.com/reel/DbyWbp8joUa/
17905133991310478,2026-08-08,21:16,Reel,REELS,"בשבועות האחרונים עשרות חרדים מנסים לחסום את צומת מירון במחאה על אוטובוסים ציבוריים שנוסעים לפני צאת השבת. השבוע, תושבים חילונים הפגינו והתעמתו איתם   @rubih 📸: אסף",163,1090,281,https://www.instagram.com/reel/DbyfIj_HRY-/
17948129865039351,2026-08-08,22:06,Reel,REELS,"⁨	תיעוד לא שגרתי מרוסיה: שתי נוסעות שפספסו את העלייה למטוס לא ויתרו - וניסו לרדוף אחריו במסלול ההמראה. הניסיון לא צלח, ואיש צוות ליווה אותן החוצה   (דב גיל-הר)⁩ @yechez.korn",173,1109,35,https://www.instagram.com/reel/DbykyhKFFCh/
18138642784605271,2026-08-08,22:46,Reel,REELS,"⁨	חברת פרלמנט מהאופוזיציה בקוסובו השליכה ביצים על ממלא מקום ראש הממשלה. ר""מ הודיע כי יידרש עוד זמן עד להצעת מועמד ליו""ר הפרלמנט, והיא בתגובה שלפה ביצים מהתיק וזרקה לעברו   @yechez.korn  📸: REUTERS / KOSOVO PARLIAMENT⁩",217,756,24,https://www.instagram.com/reel/DbypbHBFR3j/
18011604833938677,2026-08-08,23:18,Reel,REELS,"⁨	⁨	⁨	ישראלי ואמריקאי נקלעו לקטטה בשדה תעופה בפיליפינים. עדי ראייה טוענים כי האמריקאי קנט סקוט לי צעק לעבר הישראלי נעם שמעון רוזנברג אמירות אנטישמיות: ""יהודי רוצח ילדים"", ""היטלר צדק"", ""חבל שהיטלר לא סיים"". בתגובה, רוזנברג בעט בלי, והם החלו להתקוטט   @yechez.korn  📸: Tempo⁩⁩⁩",275,2153,225,https://www.instagram.com/reel/DbytGizD3jf/
18427413973180602,2026-08-09,09:26,Photo,FEED,"⁨	משרד החוץ באזהרה לישראלים ביוון: התרחקו מהפגנות והצניעו סממנים יהודיים וישראליים👇  בהודעה של משרד החוץ, נכתב כי צפויות להתקיים היום הפגנות ועצרות מחאה בעשרות מוקדים ברחבי יוון, לרבות באתונה, סלוניקי, באיים ובמוקדי תיירות שונים, על רקע המלחמה בעזה  לאור היקפן הצפוי של המחאות והאפשרות להתקהלויות נרחבות ולהפרות סדר, משרד החוץ המליץ לאזרחים ישראלים השוהים ביוון ""לגלות ערנות מוגברת, להתרחק ממוקדי הפגנות והתקהלויות ולהימנע מכל חיכוך או עימות עם מפגינים"". כמו כן, נכתב כי ""מומלץ להצניע סממנים ישראליים ויהודיים ולהימנע מפרסום ברשתות החברתיות של מיקום השהייה בזמן אמת""  @gilicohen10  📸 (אילוסטרציה): AP⁩",601,422,41,https://www.instagram.com/p/Dbzyoggjt0k/
18120694906897188,2026-08-09,11:12,Photo,FEED,"כדורגלן נבחרת ישראל ענאן חלאילי בדרך לעבור לקריסטל פאלאס, לאחר שסיכם את תנאיו👇  לפני כחודש חלאילי אמור היה לעבור לאינטר מילאנו, אלופת איטליה, אך המעבר לא קרה בגלל בדיקות רפואיות לא מספיק טובות ביחס לסטנדרט האיטלקי. קריסטל פאלאס סיימה בעונה שעברה במקום ה-15 בפרמייר ליג  @yoavborowitz  📸: AP",290,648,9,https://www.instagram.com/p/Dbz-0ILlp4x/
18432534133131133,2026-08-09,12:25,Photo,FEED,"⁨	""במטרה להרתיע ולאיים על אופן הסיקור"": כתב אישום יוגש נגד החשוד בניפוץ הדלתות של חדשות 12 והארץ👇  הצהרת תובע הוגשה נגד תושב רמת גן בשנות ה-40 לחייו עקב מעורבות בחמישה אירועים של גרימת נזק לרכוש וסחיטה באיומים כלפי מספר מערכות תקשורת ומשרד המשפטים  במהלך חודש יולי השנה, התקבלו דיווחים שונים על נזקים שבוצעו כלפי הכניסה לבניינים בהם ממוקמים משרדים של כלי תקשורת: חדשות 12, מערכת עיתון הארץ, ישראל היום וכן, כלפי בניין משרד המשפטים  עפ""י החשד, הנזקים לדלתות הכניסה, בוצעו באמצעות לבנים וכוונו כלפי מערכות התקשורת, במטרה להרתיע ולאיים על אופן הסיקור התקשורתי של המערכות. בנוסף לנזקים שנגרמו לדלתות הביניינים, הגדיל החשוד להניח, מכתב איומים כלפי אנשי תקשורת ואישי ציבור בכניסה לחדשות 12  ‪@anna.pines‬  📸(דלת הכניסה המנופצת בבניין חדשות 12 בתל אביב) צילום: חדשות 12⁩",763,336,42,https://www.instagram.com/p/Db0HMjKltOH/
18328478140278348,2026-08-09,12:48,Photo,FEED,"⁨	בת 18 הגיעה לניתוח אף  וסיימה בטיפול נמרץ בגלל שהוכנס לאף שלה טמפון עם חומצה במקום עם חומר הרדמה: ""הוא שרף לה את כל המערכת מלמעלה עד למיתרי הקול""👇  בת ה-18 הגיעה לניתוח אף אסתטי במרכז הרפואי TLV MEDICAL, ובשלב ההכנה לניתוח הוכנס לאף שלה טמפון שהיה ספוג בחומצה במקום בחומר הרדמה. הצוות הרפואי הבין את הטעות תוך זמן קצר, היא הורדמה והונשמה והועברה באמבולנס לבית החולים איכילוב - שם היא מאושפזת במחלקת טיפול נמרץ   אמה של הצעירה סיפרה בשיחה עם כאן חדשות: ""הוא שרף לה את כל המערכת מלמעלה עד למיתרי הקול - הכל כוויות. זו רשלנות רפואית קשה מאוד. כרגע הילדה בטיפול נמרץ, מקבלת מורפיום ואנטיביוטיקה""  בבית החולים איכילוב הצליחו לייצב את מצבה של הצעירה. כעת היא כבר לא מורדמת אך עדיין מאושפזת בבית החולים. עם זאת הצוותים טרם העריכו את מידת הנזק שנגרמה לה בשל הטעות  ד""ר מיכאן בירן, המנהל הרפואי של TLV MEDICAL הסביר בשיחה עם כאן חדשות: ""מדובר במקרה מצער. הוכנס טמפון שהכיל חומצה במקום החומר המרדים. טעות אנוש של אחות מוסמכת וותיקה. הטעות התגלתה אחרי פחות מדקה והטמפון הוצא. אם לא היו עולים על זה מהר - זה היה נגמר אחרת. לאחר בירור, לשמחתי - בדקו את הקיבה ואת האיברים הפוטנציאליים שיכלו להינזק - ואין נזק. זו אכן טעות מצערת שנמצאת בבירור""  ‪@nov_reuveny‬  📸(אילוסטרציה): התמונה נוצרה באמצעות AI⁩",1187,2119,250,https://www.instagram.com/p/Db0J0-kFlf0/
17911403385445031,2026-08-09,14:51,Photo,FEED,"לראשונה: נתניהו מסרב באופן רשמי למתווה מועצת השלום  ראש הממשלה בנימין נתניהו הכריז בישיבת הממשלה כי ""ישראל שוללת את מסמך 15 הנקודות"" - המתווה שהציגה מועצת השלום בעזה. ראש הממשלה הוסיף - ""צה""ל לא יבצע נסיגה עד פירוק אמיתי של חמאס מנשקו. זה אומר כל הנשק. פירוק אמיתי, לא פיקטיבי.""  נתניהו התייחס לביקורת לפיה עד כה לא נמסרה התייחסות רשמית של ישראל למתווה של מועצת השלום. ""שמעתי שאומרים 'לא אמרתם'. אמרנו, אבל הנה אני אומר עוד פעם: ישראל שוללת את המסמך"". על השיח מול הממשל בוושינגטון לגבי עזה אמר ראש הממשלה ""יש להם רעיונות, חלק מהם מקובלים עלינו וחלק לא מקובלים עלינו"".   בשבוע שעבר נפגש ניקולאי מלאדנוב, מנכ""ל ""מועצת השלום"", עם נתניהו וביקש ממנו לעצור את התקיפות והחיסולים ברצועה למשך שבועיים. זאת, כדי לאפשר מו""מ על פרטי ההסכם עם חמאס ויישום מתווה מועצת השלום. מאז נמנע צה""ל מהמשך התקיפות בעזה. במקביל, חברים בממשלה תקפו בחריפות את המתווה ואמרו שישראל לא תסכים לו.  צילום: AP",875,473,59,https://www.instagram.com/p/Db0X5LdFQCS/
18097229267118605,2026-08-09,15:31,Photo,FEED,"סוף סוף זה קורה 👇  רשת הביוטי הבינלאומית ספורה תפתח סניפים בישראל - כבר בתוך שבועיים. לפי הודעת הרשת, ייפתחו 6 חנויות עצמאיות בקניונים ברחבי הארץ, ועוד 6 ""קורנרים"" - פינת המותג בתוך חנות קיימת. הנציגויות הראשונות ייפתחו כבר ב-20 באוגוסט.  הסניפים הראשונים ייפתחו בקניון עזריאלי בתל אביב, בקניון מלחה ובקניון איילון. ה""קורנרים"" ייפתחו בסניפי ""גלאם 42"", הזכיין שמביא את המותג לישראל.   יש להבהיר כי בסניפים בארץ לא יימכרו המותגים הבולטים של הרשת, והחנויות ישווקו את ""ספורה קולקשן"", כלומר מותג הבית של ספורה. המותגים המובילים, אלו שהופכים את ספורה לפופולארית - כמו Fenty, רייר ביוטי Huda ועוד - כל אלו עוד לא יהיו כאן.  עם זאת, גורמים שעומדים מאחורי המהלך מסבירים שמדובר בפיילוט בשוק הישראלי. אם המהלך יצליח - השאיפה היא שבתוך שנתיים ניתן יהיה לראות פעילות רחבה יותר שתתקרב לפורמט המלא של הרשת.  @ofirhalperin",806,1806,51,https://www.instagram.com/p/Db0ce4eFSVW/
17941063842072160,2026-08-09,16:39,Photo,FEED,"החיפושים בנהר הירדן הסתיימו בבשורה הקשה: בן 12 שהתהפך עם סירה סמוך לאגמון החולה ונעלם במים אותר ללא רוח חיים בתום סריקות נרחבות.  כוחות כיבוי והצלה, משטרה, מסוק ומתנדבי יחידת חילוץ גולן השתתפו בחיפושים. רק לפני כשבועיים נהרגו חלא עזאם ואימאן ח'יר, בנות 13 מהצפון, לאחר שנסחפו במקטע אחר של הנהר.  @rubih  📸: כבאות והצלה לישראל",325,989,24,https://www.instagram.com/p/Db0kR50jGyx/
18126695836813358,2026-08-09,17:33,Photo,FEED,"במשך חודשים הן חשבו שהן מנהלות קשר עם גבר, עד שנחשפה הזהות שמאחורי הטלפון 👇  צעירה בשנות ה-20 לחייה נעצרה בדירתה בפתח תקווה בחשד שהתחזתה לגבר וניהלה לאורך השנים קשרים רומנטיים ומיניים עם נשים, בעיקר בטלפון וברשת. ""חודשים היינו בקשר רומנטי ואישי, עד שגיליתי שזאת אישה"", סיפרה אחת המתלוננות למשטרה.   בשלב זה ידוע למשטרה על חמש נשים שנפגעו לכאורה מדפוס דומה. מחר היא תבקש להאריך את מעצר החשודה, ולהתיר את פרסום שמה בניסיון לאתר נפגעות נוספות.  @anna.pines  האילוסטרציה נוצרה באמצעות AI ✨",485,1186,110,https://www.instagram.com/p/Db0qZnWjHnR/
18083325308267751,2026-08-09,19:23,Photo,FEED,"אסון במערת קשת בגליל המערבי: תלמיד ישיבה בן 16 נפל מגובה של כ-35 מטרים, ככל הנראה במהלך גלישת סנפלינג. פרמדיקים של מד""א ירדו לחלץ אותו באמצעות סנפלינג ואיתרו אותו מחוסר הכרה. הם ביצעו בו פעולות החייאה, אך לבסוף נאלצו לקבוע את מותו.  צילום: הדס פרוש, פלאש 90  @אורלי אלקלעי",272,2131,119,https://www.instagram.com/p/Db02_xQlaF6/
18149224405519171,2026-08-09,20:33,Carousel,FEED,"גוש נתניהו מתחזק, האיחודים לא עוברים: סקר כאן חדשות 👇  ""הליכוד"" התחזקה ל-24 מנדטים ועקפה את ""ישר"" שנשארה על 23, בעוד ""ביחד"" של בנט מתייצבת ב-13 מנדטים. מפלגת איחוד טרופר-הנדל ומפלגת איחוד ארדן-אדלשטיין מתחת לאחוז החסימה, הדמוקרטים וגולן חזרו ל-10 מנדטים וישראל ביתנו עם 10 מנדטים גם היא לאחר שהתחזקה במנדט אחד  הסקר המלא של כאן חדשות ומכון קנטאר בראשות דודו חסיד באתר כאן חדשות  @shahar.glick.news @shapirayaara  📸: פלאש 90",423,869,240,https://www.instagram.com/p/Db0_C1rEdAN/
18105914816150553,2026-08-09,21:36,Reel,REELS,"⁨	""בזבזתי מיליונים במסעדות"" 💸  ראובן לקח 2,016 שקלים שנועדו לחשבון החשמל, קנה בהם טופסי לוטו וזכה ב-12.5 מיליון. אחרי וילה, מרצדס ושנה בלי לעבוד, הוא איבד הכול וחזר לעבוד בצבע  ‪@ifatglick‪@almogtamar‬ar⁩",204,2382,163,https://www.instagram.com/reel/Db1GKfKDDyb/
17896256451577500,2026-08-10,09:43,Carousel,FEED,"הזמר אופק אדנק חשף בעמוד האינסטגרם שלו כי הוא החשוד בתקיפת בת זוגו👇  בפוסט שפרסם בחשבון האינסטגרם שלו כתב אדנק: ""חשוב לי שתשמעו את הדברים ישירות ממני, בלי תיווכים ובלי כותרות שקריות. הימים האחרונים היו מורכבים עבורי. חוויתי פרידה מזוגיות שהייתה מלאה באהבה עוצמתית. כחלק מוויכוח פרטי עם בת זוגתי לשעבר, נפגעתי ברגלי. מתוך הכאב והסערה של אותו הרגע הוויכוח הפך לטעון וסוער"", כתב הזמר  לדבריו אופק אדנק הוא לא פעל באלימות כלפי זוגתו. ""חשוב לי לומר בצורה הברורה והחד משמעית, מעולם לא הייתי ולא אהיה אלים. לא כלפיה, לא כלפי אף אישה ולא כלפי אף אדם. כבוד לאדם ולנשים הוא ערך עליון בחיי. בית המשפט עיין בכל הפרטים, הבין את התמונה המלאה והורה על שחרורי""  בת הזוג של אדנק התייחסה אתמול למקרה, ואמרה: ""עברתי לילה מטלטל, נפשית אני פשוט מרוסקת"". לאחר דיון בהארכת מעצרו הוא שוחרר למעצר בית  אדנק נעצר לאחר ריב קולני בינו לבין בת זוגו, שהתלוננה על כך שפגע בה ושבר את חלונות רכבה במהלך הוויכוח. מנגד, הזמר טען כי לא תקף אותה פיזית ושהיא דרסה אותו בזמן שנכחו במגרש החנייה  על כך טענה בפוסט בחשבון האינסטגרם שלה: ""לא דרסתי אף אחד, זו האשמה חסרת בסיס לחלוטין. הסיפור כל כך פשוט וזה מטורף שהוא הגיע לממדים כאלה""  @amitharari8  📸: רשתות חברתיות",1123,415,41,https://www.instagram.com/p/Db2Za-IFhkC/
18113637784889015,2026-08-10,09:59,Reel,REELS,⁨	העצה החשאית למדינה באזור: תלכו להסכם עם ישראל - לקראת מלחמה  ‪@roikais‬⁩,74,2669,382,https://www.instagram.com/reel/Db2bNGDFdMc/
18374601145239221,2026-08-10,11:09,Reel,REELS,"האב סימן את היעד, הבן יצא להגשים אותו. בפרק עם יואב קרקובסקי: הצוואה הפוליטית של טומי לפיד, הדרך של יאיר לראשות הממשלה והסיפור שמאחורי האמירה ""יאיר לפיד הוא טרגדיה"".  🎧 ""עד הקצה"" עם קרן נויבך, הסכת האקטואליה מבית כאן חדשות, זמין באתר וביישומון כאן ובכל יישומוני ההסכתים",269,641,84,https://www.instagram.com/reel/Db2jNF_AFRZ/
18151711717496532,2026-08-10,11:29,Photo,FEED,"ה""אלמנה השחורה"" מאיראן👇  בית המשפט באיראן הודיע כי גזר עשרה עונשי מוות על כולסום אכברי, שהורשעה בביצוע שורת מעשי רצח לאורך 20 שנה  אכברי, בת ה-56, שידועה בכינוי ""האלמנה השחורה"", עומדת מאחורי שורת רציחות שמסעירה את איראן. היא נישאה לאדם בן 82 במסגרת נישואים זמניים, המוכרים גם כ""נישואי הנאה"", המותרים לפי ההלכה השיעית, תמורת מוהר בסך 5 מיליארד ריאל  חודשים בודדים לאחר שהחלו לחיות יחדיו, בעלה הטרי של כולסום הבין שהיא רוצה לרצוח אותו. כמה ימים לפני מותו, סיפר לילדיו מנישואים קודמים, שכולסום הכריחה אותו ליטול תרופות ללחץ דם ולמחלות לב, ואמר כי הוא מרגיש שהוא עומד להתעלף בכל פעם שהוא שותה את המשקאות שהכינה עבורו. כמה ימים לאחר מכן הוא מת, וילדיו פנו לתובע המקומי  במעצרה לפני כשנה, התוודתה כולסום כי רצחה את בעלה, והודתה ברצח של 11 בני אדם נוספים - כולם גברים בני יותר מ-75, להם נישאה בנישואים זמניים, ולאחר כחודשיים-שלושה של חיים משותפים, רצחה אותם. השיטה הייתה דומה: הכריחה אותם לבלוע תרופות או המיסה אותן במשקאות שהגישה להם.  דוברות הרשות השופטת במחוז מאזנדראן הודיעה הבוקר כי נגזרו עשרה עונשי מוות שונים על הרוצחת הסדרתית כולסום אכברי, שהורשעה על ידי הרשויות באיראן בביצוע שורת מעשי רצח לאורך 20 שנה. הסיבה לריבוי עונשי המוות היא כי החוק האיראני מאפשר למשפחה של כל קורבן רצח להגיע להסדר עם הנאשם, ולבטל את גזר הדין תמורת כופר נפש, בהתאם להלכה האיסלאמית  התקשורת באיראן דיווחה כי אחת ממשפחות הקורבנות הגיעה להסכם עם הרוצחת, ואילו אחרות גם כן הביעו את רצונן לקבלת כופר נפש, בקשה שבית המשפט במדינה ידון בה, לאחר שכלל נכסיה הוקפאו  @omershahar10  📸: התקשורת האיראנית",1467,1399,98,https://www.instagram.com/p/Db2lhiVFjxt/
18280002643292491,2026-08-10,12:08,Photo,FEED,"אחרי שנעצר בחשד לתקיפה של בת זוגו: עיריית דימונה ביטלה את הופעתו של הזמר אופק אדנק👇  ראש עיריית דימונה בני ביטון אמר: ""עד שלא תוכח חפותו הנחיתי לבטל את ההופעה.אם הוא יצא זכאי נשמח להזמין אותו מחדש להופעה בעירייה. אני מצטער בפני כל הילדים שנפגעו מביטול ההופעה, אבל הנושא המגדרי מאוד חשוב לי""  @itsik_z  📸: עמוד האינסטגרם של אופק אדנק",332,3063,109,https://www.instagram.com/p/Db2qD9FFoN9/
18161393275484494,2026-08-10,12:52,Photo,FEED,"""פחות רגשות בבקשה, הם גורמים למוח שלי להתפוצץ"": וויל שאקין, חייל בודד ששירת בגולני וסבל מפוסט טראומה, שם קץ לחייו👇  שאקין, גדל בניו יורק והחליט לעלות לארץ לאחר 7 באוקטובר. הוא התגייס לגדוד 13 במסגרת מסלול מח""ל ובמהלך המלחמה שירת בעזה ואיבד חברים שלחמו לצידו, דבר שהשפיע מאוד על מצבו הנפשי. וויל גר במהלך השירות בבית של בנג'י, מרכז דיור לחיילים בודדים, וכשסיים את השירות בצוות המרכז הבינו שאינם יכולים לקחת אחריות על מצבו נפשי הקשה ויצרו קשר עם הוריו  וויל חזר עם מלווה צמוד עד לטיסה לניו יורק מחשש שיפגע בעצמו, אך הליווי הצמוד שקיבל מצה""ל ומשרד הביטחון בארץ הסתיים כאשר הגיע לארה""ב  בשיחת וואטסאפ שניהל עם חברו לאחרונה ניכרו סימני המאבק שלו עם הפוסט טראומה: ""חבר שלי מהמחלקה נהרג, אני רועד מטראומות מהמילואים, הייתי חייב לטוס הביתה. פשוט איבדתי את זה. פחות רגשות בבקשה, הם גורמים למוח שלי להתפוצץ"". וויל שם קץ לחייו בניו יורק  חיים מייזליש, מתנדב מעמותת ""ניווט"" שתומכת בחיילים בודדים מתמודדי נפש בניו יורק, והכיר אישית את שאקין, סיפר: ""הוא לא הוכר כפוסט טראומטי בזמן שירותו ולא קיבל ליווי או תמיכה מהמערכת בזמן אמת, ולכן הוא לא נשאר בארץ"". הוא הוסיף כי ""בשביל שיכירו בו כהלום קרב, במשרד הביטחון דרשו שיחזור לישראל ויהיה פה בזמן הוועדות, מה שהיה מחייב אותו להיות רחוק מהמשפחה וממערכת התמיכה שלו – וזה פשוט לא היה אפשרי""  הוריו של וויל  ביקשו להביא את בנם לקבורה בישראל: ""הם אומרים שהוא נפצע בצבא - ולכן צריך להיקבר בהר הרצל כמו הגיבור שהיה"", הסביר מייזלש. אבל הבקשה של המשפחה כרוכה בשלב זה במאבק משפטי וציבורי מול משרד הביטחון, שכן וויל לא הוגדר כהלום קרב, מה שלא מאפשר על פי חוק להביא אותו לקבורה בהר הרצל. מטעם המשפחה נמסר כי שוחחו עם גורמים במשרד הביטחון ש""התנערו מאחריות"", אך טרם נמסרה תגובה רשמית ממשרד הביטחון  @itamarvish",1627,5624,329,https://www.instagram.com/p/Db2vCSnlgUa/
18112046053968119,2026-08-10,13:46,Photo,FEED,"אף אחד לא מתעסק עם גמדון בית חופשי 🧦  כבל חשמל תת-ימי בשווי 430 מיליון ליש""ט, שמחבר בין בריטניה לאירלנד, תוכנן לעבור באזור ""קברו"" של דובי, הדמות מספרי וסרטי ""הארי פוטר"", בחוף במחוז פמברוקשייר שבוויילס. מאות פניות של מעריצי הסדרה גרמו למתכנני הפרויקט לשנות את המסלול.  ודובי לא היה המכשול היחיד: במהלך הבדיקות התברר שהתוואי נמצא בסמוך גם לשרידים מתקופת הברונזה. שינוי המסלול נעשה עוד בשלב התכנון, אתר ההנצחה נשאר במקומו, ודובי נשאר גמדון חופשי ✨  @itamar.margalit  📸: BBC, Alamy/Warner Bros",489,3113,18,https://www.instagram.com/p/Db21NVrlgM8/
17963762114960365,2026-08-10,14:34,Reel,REELS,"⁨סגן אלוף ח' מיחידת יהל""ם על חילוץ ששת החטופים שנרצחו: ""אחד הרגעים הקשים שהיו לי""  @chen_beyar",94,875,22,https://www.instagram.com/reel/Db26npJE_zz/
18170489170434907,2026-08-10,15:40,Photo,FEED,"איאן מוניר אבו עמאר, בן 5 מלקייה, טבע בשבוע שעבר בבריכה ציבורית - והיום נקבע מותו. משפחתו בחרה לתרום את איבריו, וכך ניצלו חייהם של שבעה חולים  @itsik_z",151,1945,143,https://www.instagram.com/p/Db3CUAdjlBI/
17965763856136409,2026-08-10,15:40,Photo,FEED,"רב""ט רועי זיו ניר, בן 20, נמצא ללא רוח חיים בבסיס בדרום הארץ. מצ""ח פתחה בחקירה  @itayblumental @carmela_menashe",111,2887,105,https://www.instagram.com/p/Db3COdxFgEv/
17867060628639623,2026-08-10,16:21,Reel,REELS,"שארל שרתוני, העיתונאי שיצא נגד חיזבאללה ונאלץ להימלט מלבנון: ""לא מוכנים להיות קורבנים של מדיניות חיזבאללה""  Roi Kais",116,495,4,https://www.instagram.com/reel/Db3G3GoDwPj/
17896697595373659,2026-08-10,16:26,Reel,REELS,"⁨	קולומביה: רעידת אדמה בעוצמה 7.4 בסולם ריכטר הורגשה במדינה, כך זה נראה באולפן הרדיו של תחנת Blu Radio  ‪@ramelibrandts‬ts⁩",123,502,4,https://www.instagram.com/reel/Db3Hgj3nFQx/
17976872681905206,2026-08-10,17:15,Reel,REELS,לפחות 20 הרוגים: רעידת אדמה קטלנית בקולומביה   @ramelibrandts,61,523,35,https://www.instagram.com/reel/Db3NIwADQlI/
17890939848669265,2026-08-10,19:34,Photo,FEED,"היסטוריה בבוגוטה: קולומביה הפכה למדינה השנייה בעולם, אחרי ארצות הברית, שמכירה בריבונות ישראל ברמת הגולן. בהודעת הממשלה הקולומביאנית נכתב כי ""שמירת השליטה והריבונות של ישראל על רמת הגולן היא מרכיב חיוני בהגנתה הלאומית"".  שר החוץ גדעון סער, שסיכם את המהלך בפגישתו עם הנשיא החדש אבלרדו דה לה אספרייה, בירך: ""גבולות בני הגנה הכרחיים לישראל כדי להבטיח את קיום העם היהודי במולדתו ההיסטורית"". ההכרה היא חלק מתפנית רחבה ביחסי המדינות, הכוללת פתיחת שגרירות בירושלים, משיכת התערבותה של קולומביה בתביעה נגד ישראל בהאג, חידוש היחסים הדיפלומטיים, ביטול הוויזות והעמקת שיתוף הפעולה המסחרי.  @ramelibrandts  📸: REUTERS/Luisa Gonzalez",618,3522,49,https://www.instagram.com/p/Db3dDT8Fk91/
18133047937621050,2026-08-10,19:51,Photo,FEED,"הכריש נכנס לפוליטיקה: אורן דוברונסקי, מכוכבי התוכנית ""הכרישים"" ויזם הפועל בעמק הסיליקון, שוריין ברשימת הליכוד לבחירות. זהו השריון הראשון שעליו הודיע נתניהו. לפי הודעת הליכוד, לאחר הבחירות דוברונסקי מיועד להוביל את תחום הבינה המלאכותית במשק, בחינוך, ברפואה ובכלכלה  @shahar.glick.news",283,950,202,https://www.instagram.com/p/Db3e9QylpsN/
18138689500580184,2026-08-10,20:19,Reel,REELS,"""כזאת רמה של חוסר גבולות וחוסר כבוד"": בעט שחבר הקדיש לזכרו, אלמונים קשקשו על קברו של חלל צה""ל ניר הופמן ושברו את דגלי היחידה שהונחו עליו. אחותו סיפרה על ההלם ועל אחיה, שנהרג בגיל 20  @ifatglick #גליקותמר",203,3499,94,https://www.instagram.com/reel/Db3iImEAElG/
18117651796916207,2026-08-10,20:45,Photo,FEED,"""אנחנו צריכים לאסוף כסף כדי לשתות קפה בבוקר"" 👇  חיילי מילואים שמשרתים בשומרון נאלצים לממן על חשבונם מוצרי חלב - בעקבות החלטה של הרבנות הצבאית לעצור את אספקתם.   עצירת האספקה הגיעה לאחר שהרבנות הצבאית לא הסתפקה במשגיחי כשרות גדודיים, כמקובל, ודרשה להביא גם משגיחי כשרות פלוגתיים - על חשבון ימי המילואים של הגדוד. שתי פלוגות לא הסכימו לכך, והרבנות, בתגובה, עצרה את אספקת מוצרי החלב ללוחמים.   אחד המפקדים סיפר: ""מעולם לא היה דבר כזה. אנחנו מגיעים בכל פעם שקוראים לנו, כמעט חצי פלוגה הם שומרי שבת בכל מקרה. פתאום הרב החליט שחייבים משגיח כשרות גם במוצב הפלוגתי, ואנחנו צריכים לאסוף כסף כדי לשתות קפה בבוקר"".  מדובר צה""ל נמסר בתגובה: ""בגדוד ישנו מחסור במשגיחי כשרות לפיכך לא ניתן היה לספק להם מוצרים התלויים בהשגחה על פי הפקודות. סוגיה זו נמצאת בבדיקה וטיפול על ידי המפקדים. לחיילים ניתן תחליף מזון מיידי דרך החטיבה וכלל הפערים טופלו""  (רועי שרון) 📸: Michael Giladi/Flash90 - אילוסטרציה, למצולמים אין קשר לנאמר",905,1794,203,https://www.instagram.com/p/Db3lIQ8Eay2/
17885331774456509,2026-08-10,21:36,Reel,REELS,גאווה ישראלית: הכדורגלן מנור סולומון מוצג במדי קבוצת ווסטהאם יונייטד הבריטית   @lianwildau  📸: West Ham United,110,1233,12,https://www.instagram.com/reel/Db3q9ARjBd-/
18091071176123097,2026-08-11,08:43,Photo,FEED,"דרמה לילית בליכוד 👇  ראש הממשלה בנימין נתניהו יעניק שיריונים ברשימת הליכוד לשר החוץ גדעון סער, שר הביטחון ישראל כ""ץ ושר הבריאות חיים כץ - כך הודיעה הלילה המפלגה  בהודעת הליכוד נכתב כי בית הדין של התנועה קבע בשבוע שעבר כי יש לשריין את שר הביטחון, שממילא היה צפוי להגיע לצמרת הרשימה, על מנת לאפשר לו לעסוק בצרכי הביטחון ולא לעסוק בפוליטיקה בעת הזו. סער ישובץ במסגרת הסכם האיחוד עם מפלגתו עם תנועת הליכוד, וכץ בשל תפקידו כיו""ר מרכז המפלגה  השרה לאיכות הסביבה עידית סילמן התייחסה הבוקר בתוכנית ""הבוקר הזה"" בכאן חדשות ברשת ב' לשריונים של נתניהו, ואמרה: ""גדעון סער זה לפי הסכם שצריך לכבד, וישראל כ""ץ מכהן כשר ביטחון, ואני ממילא חושבת שהיה מגיע למקום גבוה. לגבי חיים כץ, אני לא נכנסת לאחרים ולמה הם מקבלים"" @shapirayaara @shahar.glick.news  📸: פלאש 90",744,406,147,https://www.instagram.com/p/Db43ZVPDoSF/
18112813780882098,2026-08-11,09:26,Reel,REELS,"⁨	""האידיוט הזה נפל על גולנצ'יק"": עימות מצולם בין יוסף חדאד ובין המשפיען האמריקני דניס פייטוזה, הידוע כ-Def Noodles, התפתח לעימות פיזי במגרש החניה. בתיעוד ניתן לראות את פייטוזה תוקף את חדאד, שמגיב ומכה בו בחזרה. חדאד העלה בעצמו את תיעוד האירוע לרשתות החברתיות שלו וכתב: ""ניאו-נא3י תקף אותי אחרי עימות מצולם בארה״ב. אבל האידיוט הזה נפל על גולנצ'יק""  ‪@ramelibrandts‬  📸: שימוש לפי סעיף 27א' לחוק זכויות יוצרים⁩",408,9740,767,https://www.instagram.com/reel/Db48OAMgH31/
18112594381753152,2026-08-11,10:39,Reel,REELS,"⁨	לגדול עם הורה פוסט-טראומטי: אריאל כץ מספרת על הפחד לשתף במה שקורה בבית, ועל הילדות שבה נאלצה לקחת אחריות על אחותה  🎧 ""עד הקצה"" עם קרן נויבך, הסכת האקטואליה מבית כאן חדשות, זמין באתר וביישומון כאן ובכל יישומוני ההסכתים⁩⁩",221,1087,44,https://www.instagram.com/reel/Db5EihGCgvN/
17917547580224898,2026-08-11,12:50,Photo,FEED,"הסוף של הרודן מתקרב? 👇  בית משפט הפלילי בסוריה גזר היום על נשיא סוריה המודח בשאר אל-אסד עונש מוות. אסד הודח מתפקידו בסוף שנת 2024 ומאז שוהה ברוסיה  בנוסף, בית משפט גזר על עאטף נג'יב, תת-אלוף לשעבר בצבא סוריה ובן דודו של הנשיא המודח, אשר כיהן כראש מנהל הביטחון הפוליטי במחוז דרעא עונש מוות. בפסק הדין נכתב כי עאטף נג'יב אחראי על פשעים נגד האנושות ופשעי מלחמה. נג'יב גם מואשם בעינויי עצורים והכחיש את כל ההאשמות המיוחסות אליו  גם על אחיו של בשאר אל-אסד הוטל עונש מוות, ונטען בבית המשפט כי הוחלט לרדוף אחר בשאר אל-אסד ואחיו ברמה הבינלאומית  @shmvnmygn  📸:AP",554,1577,40,https://www.instagram.com/p/Db5TmOmj1HQ/
18125141638761120,2026-08-11,14:57,Photo,FEED,"""ההפצצה האמריקנית - התגשמות חלומותיי"" 👇  ראש המוסד לשעבר יוסי כהן אמר היום בוועידת הגליל בצפת כי כוחות ישראליים ""טיילו"" פעמים רבות באתר הגרעין בפורדו, על מנת ללמוד את האתר  כהן דיבר גם על מצב התקדמותו של האורניום המועשר באיראן, וטען כי 60% ""זה עדיין רחוק מפצצה"". הוא שיבח את התקיפות האמריקניות באתר הגרעין בפורדו, וטען כי הן ""התגשמות כל חלומותיו"". על פי נשיא ארצות הברית דונלד טראמפ, התקיפה האחרונה שהתרחשה ביוני אשתקד, הצליחה להשמיד את אתר הגרעין באיראן  @rubih  📸:AP",468,1269,54,https://www.instagram.com/p/Db5iIp7mtEf/
17885308788459334,2026-08-11,16:30,Reel,REELS,"⁨	שלושה שבועות לפני 1 בספטמבר, ויש הורים שעדיין לא יודעים לאן ישלחו את הילדים - בגלל מצוקת כוח האדם במעונות   ‪@liran_kogahinoff‬⁩",130,488,102,https://www.instagram.com/reel/Db5ssTCAMN6/
17885426514614264,2026-08-11,17:19,Photo,FEED,"המרוויחה הגדולה מהמלחמה?  לפי דיווח שפורסם ב""וול סטריט ג'ורנל"", מדינות המפרץ קיבלו את שליטתה של איראן במיצר הורמוז כעובדה מוגמרת.  לפי הפרסום בעיתון, במפרץ מעדיפים להשלים עם הסמכויות של טהרן על נתיב השיט, כל עוד לא תפרוץ מלחמה שתסכן את תשתיות האנרגיה שלהן.  הדיווח מגיע לאחר שהנשיא טראמפ אמר כי הוא מעדיף ""להוריד פרופיל"" - ולהמשיך רק בלחץ הכלכלי על איראן ללא מבצע צבאי נוסף. ההכרה בשליטה האיראנית מגיעה גם לאחר שבמפרץ ניסו למצוא חלופות להמשיך לייצא נפט חרף המלחמה, אך ללא הצלחה. זאת בעקבות המשך המתקפות של איראן ושלוחותיה על נתיבי השיט ומתקני הפקת הנפט.",553,532,27,https://www.instagram.com/p/Db5yXfolfeD/
18482470516100270,2026-08-11,17:42,Reel,REELS,⁨	⁨	לאן נעלם ארטיום קירפיצ'ונוק?  ‪‪@itamarvish‬‬⁩⁩,51,1119,122,https://www.instagram.com/reel/Db51BFIDgIt/
18129615676660049,2026-08-11,19:00,Reel,REELS,"⁨	בתום שבועות של חיפושים, ולאחר שהמשטרה העריכה כי הוא בחיים - אלדר דיין ז""ל הובא למנוחות. דודתו הגר ספדה לו: ""לא היית עבריין, היית הילד שלנו""  @asaf_pozailov",157,7676,391,https://www.instagram.com/reel/Db598PHHwGr/
18130230538644438,2026-08-11,19:10,Reel,REELS,"""אומייגאד, אני מפורסמת"" 🥇 אחרי שליה שלו זכתה בשתי מדליות זהב באליפות אירופה בג'ו ג'יטסו, הסרטון שלה שרה את התקווה צבר אלפי לייקים. רק אז היא גילתה שהוא פורסם בעמוד פרו-פלסטיני, והתגובות העוינות החלו לזרום  @ifatglick #גליקותמר",226,3442,83,https://www.instagram.com/reel/Db5_DhaEqxb/
17902769403508099,2026-08-11,20:28,Reel,REELS,עשרה שריונים מתוך 23 מקומות ריאליים זה דמוקרטי? כך הסבירה השרה מירי רגב את המהלך של ראש הממשלה  @maya_rachlin,109,2001,582,https://www.instagram.com/reel/Db6ICCSjzsa/
18088133192388166,2026-08-11,22:57,Photo,FEED,"⁨	הכדורגלן כריסטיאנו רונאלדו ובת זוגו ג׳ורג׳ינה רודריגז נישאו היום בטקס אזרחי בפורטוגל. החתונה נערכה בדיוק שנה אחרי שרודריגז הכריזה על אירוסיהם בחשבון האינסטגרם שלה, עם טבעת יהלום עצומה שעוררה סערה ברשת   @amitharari8  📸: Armando Franca/AP⁩",240,1035,24,https://www.instagram.com/p/Db6ZCvfiFYa/
